{"type":"FeatureCollection","features":[{"type":"Feature","properties":{"Cell_ID":1,"Area_ha":1.0,"LC":"9:0.251860,13:0.430352,17:0.070374,18:0.156078","XMIN":719194.86160847,"YMIN":8518889.517664917,"XMAX":719294.86160847,"YMAX":8518989.517664917},"geometry":{"type":"Polygon","coordinates":[[[-72.97492993865482,-13.389527775059753],[-72.97493749632622,-13.388624098933997],[-72.97586053189129,-13.388631496139551],[-72.97585297765902,-13.389535172782534],[-72.97492993865482,-13.389527775059753]]]}},{"type":"Feature","properties":{"Cell_ID":2,"Area_ha":1.0,"LC":"16:0.096159,18:0.403276","XMIN":719294.86160847,"YMIN":8518889.517664917,"XMAX":719394.86160847,"YMAX":8518989.517664917},"geometry":{"type":"Polygon","coordinates":[[[-72.97400690020783,-13.38952037396967],[-72.97401446131829,-13.388616698361377],[-72.97493749632622,-13.388624098933997],[-72.97492993865482,-13.389527775059753],[-72.97400690020783,-13.38952037396967]]]}},{"type":"Feature","properties":{"Cell_ID":3,"Area_ha":1.0,"LC":"13:0.001160,16:0.751131,18:0.247709","XMIN":719294.86160847,"YMIN":8518789.517664917,"XMAX":719394.86160847,"YMAX":8518889.517664917},"geometry":{"type":"Polygon","coordinates":[[[-72.97399933853994,-13.390424049509265],[-72.97400690020783,-13.38952037396967],[-72.97492993865482,-13.389527775059753],[-72.97492238042628,-13.390431451116816],[-72.97399933853994,-13.390424049509265]]]}},{"type":"Feature","properties":{"Cell_ID":4,"Area_ha":1.0,"LC":"5:0.144795,13:0.123804,16:0.670053","XMIN":719394.86160847,"YMIN":8518789.517664917,"XMAX":719494.86160847,"YMAX":8518889.517664917},"geometry":{"type":"Polygon","coordinates":[[[-72.97307629721102,-13.390416644534188],[-72.97308386231823,-13.38951296951229],[-72.97400690020783,-13.38952037396967],[-72.97399933853994,-13.390424049509265],[-72.97307629721102,-13.390416644534188]]]}},{"type":"Feature","properties":{"Cell_ID":5,"Area_ha":1.0,"LC":"5:0.097144,13:0.370909,16:0.531947","XMIN":719394.86160847,"YMIN":8518689.517664917,"XMAX":719494.86160847,"YMAX":8518789.517664917},"geometry":{"type":"Polygon","coordinates":[[[-72.9730687315461,-13.391320319487372],[-72.97307629721102,-13.390416644534188],[-72.97399933853994,-13.390424049509265],[-72.97399177631462,-13.39132772498016],[-72.9730687315461,-13.391320319487372]]]}},{"type":"Feature","properties":{"Cell_ID":6,"Area_ha":1.0,"LC":"7:0.171688,13:0.095587,16:0.732726","XMIN":719394.86160847,"YMIN":8518589.517664917,"XMAX":719494.86160847,"YMAX":8518689.517664917},"geometry":{"type":"Polygon","coordinates":[[[-72.97306116532351,-13.392223994371848],[-72.9730687315461,-13.391320319487372],[-72.97399177631462,-13.39132772498016],[-72.97398421353185,-13.392231400382343],[-72.97306116532351,-13.392223994371848]]]}},{"type":"Feature","properties":{"Cell_ID":7,"Area_ha":1.0,"LC":"5:0.190352,13:0.135654,16:0.208724","XMIN":719494.86160847,"YMIN":8518789.517664917,"XMAX":719594.86160847,"YMAX":8518889.517664917},"geometry":{"type":"Polygon","coordinates":[[[-72.97215325643978,-13.390409236191587],[-72.97216082498633,-13.389505561687631],[-72.97308386231823,-13.38951296951229],[-72.97307629721102,-13.390416644534188],[-72.97215325643978,-13.390409236191587]]]}},{"type":"Feature","properties":{"Cell_ID":8,"Area_ha":1.0,"LC":"5:0.578495,13:0.041939,16:0.379566","XMIN":719494.86160847,"YMIN":8518689.517664917,"XMAX":719594.86160847,"YMAX":8518789.517664917},"geometry":{"type":"Polygon","coordinates":[[[-72.97214568733531,-13.391312910626834],[-72.97215325643978,-13.390409236191587],[-72.97307629721102,-13.390416644534188],[-72.9730687315461,-13.391320319487372],[-72.97214568733531,-13.391312910626834]]]}},{"type":"Feature","properties":{"Cell_ID":9,"Area_ha":1.0,"LC":"5:0.072122,13:0.235809,16:0.692069","XMIN":719494.86160847,"YMIN":8518589.517664917,"XMAX":719594.86160847,"YMAX":8518689.517664917},"geometry":{"type":"Polygon","coordinates":[[[-72.97213811767288,-13.392216584993363],[-72.97214568733531,-13.391312910626834],[-72.9730687315461,-13.391320319487372],[-72.97306116532351,-13.392223994371848],[-72.97213811767288,-13.392216584993363]]]}},{"type":"Feature","properties":{"Cell_ID":10,"Area_ha":1.0,"LC":"5:0.153643,9:0.125748,13:0.000969,16:0.719639","XMIN":719494.86160847,"YMIN":8518489.517664917,"XMAX":719594.86160847,"YMAX":8518589.517664917},"geometry":{"type":"Polygon","coordinates":[[[-72.9721305474525,-13.393120259291171],[-72.97213811767288,-13.392216584993363],[-72.97306116532351,-13.392223994371848],[-72.97305359854322,-13.393127669187605],[-72.9721305474525,-13.393120259291171]]]}},{"type":"Feature","properties":{"Cell_ID":11,"Area_ha":1.0,"LC":"5:0.914061,9:0.085939","XMIN":719494.86160847,"YMIN":8518389.517664917,"XMAX":719594.86160847,"YMAX":8518489.517664917},"geometry":{"type":"Polygon","coordinates":[[[-72.97212297667414,-13.394023933520257],[-72.9721305474525,-13.393120259291171],[-72.97305359854322,-13.393127669187605],[-72.9730460312052,-13.394031343934643],[-72.97212297667414,-13.394023933520257]]]}},{"type":"Feature","properties":{"Cell_ID":12,"Area_ha":1.0,"LC":"5:0.379083,9:0.315153,13:0.305765","XMIN":719494.86160847,"YMIN":8518289.517664917,"XMAX":719594.86160847,"YMAX":8518389.517664917},"geometry":{"type":"Polygon","coordinates":[[[-72.97211540533782,-13.39492760768061],[-72.97212297667414,-13.394023933520257],[-72.9730460312052,-13.394031343934643],[-72.97303846330945,-13.394935018612951],[-72.97211540533782,-13.39492760768061]]]}},{"type":"Feature","properties":{"Cell_ID":13,"Area_ha":1.0,"LC":"6:0.284970,9:0.245939,13:0.469091","XMIN":719494.86160847,"YMIN":8518189.517664917,"XMAX":719594.86160847,"YMAX":8518289.517664917},"geometry":{"type":"Polygon","coordinates":[[[-72.9721078334435,-13.395831281772235],[-72.97211540533782,-13.39492760768061],[-72.97303846330945,-13.394935018612951],[-72.97303089485598,-13.395838693222537],[-72.9721078334435,-13.395831281772235]]]}},{"type":"Feature","properties":{"Cell_ID":14,"Area_ha":1.0,"LC":"5:0.503826,13:0.496174","XMIN":719594.86160847,"YMIN":8518689.517664917,"XMAX":719694.86160847,"YMAX":8518789.517664917},"geometry":{"type":"Polygon","coordinates":[[[-72.97122264368245,-13.391305498398545],[-72.97123021622649,-13.390401824481478],[-72.97215325643978,-13.390409236191587],[-72.97214568733531,-13.391312910626834],[-72.97122264368245,-13.391305498398545]]]}},{"type":"Feature","properties":{"Cell_ID":15,"Area_ha":1.0,"LC":"5:0.460052,13:0.493230,16:0.046718","XMIN":719594.86160847,"YMIN":8518589.517664917,"XMAX":719694.86160847,"YMAX":8518689.517664917},"geometry":{"type":"Polygon","coordinates":[[[-72.97121507058021,-13.392209172246895],[-72.97122264368245,-13.391305498398545],[-72.97214568733531,-13.391312910626834],[-72.97213811767288,-13.392216584993363],[-72.97121507058021,-13.392209172246895]]]}},{"type":"Feature","properties":{"Cell_ID":16,"Area_ha":1.0,"LC":"5:0.173627,13:0.706961,16:0.119412","XMIN":719594.86160847,"YMIN":8518489.517664917,"XMAX":719694.86160847,"YMAX":8518589.517664917},"geometry":{"type":"Polygon","coordinates":[[[-72.97120749691976,-13.393112846026519],[-72.97121507058021,-13.392209172246895],[-72.97213811767288,-13.392216584993363],[-72.9721305474525,-13.393120259291171],[-72.97120749691976,-13.393112846026519]]]}},{"type":"Feature","properties":{"Cell_ID":17,"Area_ha":1.0,"LC":"5:0.387274,13:0.497886,16:0.114839","XMIN":719594.86160847,"YMIN":8518389.517664917,"XMAX":719694.86160847,"YMAX":8518489.517664917},"geometry":{"type":"Polygon","coordinates":[[[-72.97119992270109,-13.394016519737415],[-72.97120749691976,-13.393112846026519],[-72.9721305474525,-13.393120259291171],[-72.97212297667414,-13.394023933520257],[-72.97119992270109,-13.394016519737415]]]}},{"type":"Feature","properties":{"Cell_ID":18,"Area_ha":1.0,"LC":"5:0.110565,13:0.889435","XMIN":719594.86160847,"YMIN":8518289.517664917,"XMAX":719694.86160847,"YMAX":8518389.517664917},"geometry":{"type":"Polygon","coordinates":[[[-72.97119234792417,-13.39492019337958],[-72.97119992270109,-13.394016519737415],[-72.97212297667414,-13.394023933520257],[-72.97211540533782,-13.39492760768061],[-72.97119234792417,-13.39492019337958]]]}},{"type":"Feature","properties":{"Cell_ID":19,"Area_ha":1.0,"LC":"5:0.348482,13:0.651518","XMIN":719594.86160847,"YMIN":8518189.517664917,"XMAX":719694.86160847,"YMAX":8518289.517664917},"geometry":{"type":"Polygon","coordinates":[[[-72.97118477258903,-13.395823866953007],[-72.97119234792417,-13.39492019337958],[-72.97211540533782,-13.39492760768061],[-72.9721078334435,-13.395831281772235],[-72.97118477258903,-13.395823866953007]]]}},{"type":"Feature","properties":{"Cell_ID":20,"Area_ha":1.0,"LC":"5:0.612726,13:0.387274","XMIN":719594.86160847,"YMIN":8518089.517664917,"XMAX":719694.86160847,"YMAX":8518189.517664917},"geometry":{"type":"Polygon","coordinates":[[[-72.97117719669563,-13.396727540457693],[-72.97118477258903,-13.395823866953007],[-72.9721078334435,-13.395831281772235],[-72.97210026099118,-13.39673495579512],[-72.97117719669563,-13.396727540457693]]]}},{"type":"Feature","properties":{"Cell_ID":21,"Area_ha":1.0,"LC":"5:0.968657,13:0.031343","XMIN":719594.86160847,"YMIN":8517989.517664917,"XMAX":719694.86160847,"YMAX":8518089.517664917},"geometry":{"type":"Polygon","coordinates":[[[-72.97116962024397,-13.397631213893632],[-72.97117719669563,-13.396727540457693],[-72.97210026099118,-13.39673495579512],[-72.97209268798086,-13.397638629749263],[-72.97116962024397,-13.397631213893632]]]}},{"type":"Feature","properties":{"Cell_ID":22,"Area_ha":1.0,"LC":"5:0.628604,9:0.000779,13:0.370617","XMIN":719694.86160847,"YMIN":8518689.517664917,"XMAX":719794.86160847,"YMAX":8518789.517664917},"geometry":{"type":"Polygon","coordinates":[[[-72.9702996005878,-13.39129808280252],[-72.9703071765714,-13.390394409403864],[-72.97123021622649,-13.390401824481478],[-72.97122264368245,-13.391305498398545],[-72.9702996005878,-13.39129808280252]]]}},{"type":"Feature","properties":{"Cell_ID":23,"Area_ha":1.0,"LC":"5:0.953282,13:0.046718","XMIN":719694.86160847,"YMIN":8518589.517664917,"XMAX":719794.86160847,"YMAX":8518689.517664917},"geometry":{"type":"Polygon","coordinates":[[[-72.97029202404575,-13.392201756132453],[-72.9702996005878,-13.39129808280252],[-72.97122264368245,-13.391305498398545],[-72.97121507058021,-13.392209172246895],[-72.97029202404575,-13.392201756132453]]]}},{"type":"Feature","properties":{"Cell_ID":24,"Area_ha":1.0,"LC":"5:0.299274,13:0.148435,16:0.552291","XMIN":719694.86160847,"YMIN":8518489.517664917,"XMAX":719794.86160847,"YMAX":8518589.517664917},"geometry":{"type":"Polygon","coordinates":[[[-72.97028444694523,-13.39310542939366],[-72.97029202404575,-13.392201756132453],[-72.97121507058021,-13.392209172246895],[-72.97120749691976,-13.393112846026519],[-72.97028444694523,-13.39310542939366]]]}},{"type":"Feature","properties":{"Cell_ID":25,"Area_ha":1.0,"LC":"5:0.032900,13:0.281330,16:0.685770","XMIN":719694.86160847,"YMIN":8518389.517664917,"XMAX":719794.86160847,"YMAX":8518489.517664917},"geometry":{"type":"Polygon","coordinates":[[[-72.97027686928624,-13.394009102586132],[-72.97028444694523,-13.39310542939366],[-72.97120749691976,-13.393112846026519],[-72.97119992270109,-13.394016519737415],[-72.97027686928624,-13.394009102586132]]]}},{"type":"Feature","properties":{"Cell_ID":26,"Area_ha":1.0,"LC":"5:0.182474,13:0.817526","XMIN":719694.86160847,"YMIN":8518289.517664917,"XMAX":719794.86160847,"YMAX":8518389.517664917},"geometry":{"type":"Polygon","coordinates":[[[-72.97026929106876,-13.394912775709868],[-72.97027686928624,-13.394009102586132],[-72.97119992270109,-13.394016519737415],[-72.97119234792417,-13.39492019337958],[-72.97026929106876,-13.394912775709868]]]}},{"type":"Feature","properties":{"Cell_ID":27,"Area_ha":1.0,"LC":"5:0.692069,13:0.307931","XMIN":719694.86160847,"YMIN":8518189.517664917,"XMAX":719794.86160847,"YMAX":8518289.517664917},"geometry":{"type":"Polygon","coordinates":[[[-72.97026171229281,-13.395816448764865],[-72.97026929106876,-13.394912775709868],[-72.97119234792417,-13.39492019337958],[-72.97118477258903,-13.395823866953007],[-72.97026171229281,-13.395816448764865]]]}},{"type":"Feature","properties":{"Cell_ID":28,"Area_ha":1.0,"LC":"5:1.000000","XMIN":719694.86160847,"YMIN":8518089.517664917,"XMAX":719794.86160847,"YMAX":8518189.517664917},"geometry":{"type":"Polygon","coordinates":[[[-72.97025413295833,-13.396720121751121],[-72.97026171229281,-13.395816448764865],[-72.97118477258903,-13.395823866953007],[-72.97117719669563,-13.396727540457693],[-72.97025413295833,-13.396720121751121]]]}},{"type":"Feature","properties":{"Cell_ID":29,"Area_ha":1.0,"LC":"5:0.998840,6:0.000191,9:0.000969","XMIN":719694.86160847,"YMIN":8517989.517664917,"XMAX":719794.86160847,"YMAX":8518089.517664917},"geometry":{"type":"Polygon","coordinates":[[[-72.97024655306534,-13.39762379466862],[-72.97025413295833,-13.396720121751121],[-72.97117719669563,-13.396727540457693],[-72.97116962024397,-13.397631213893632],[-72.97024655306534,-13.39762379466862]]]}},{"type":"Feature","properties":{"Cell_ID":30,"Area_ha":1.0,"LC":"5:0.644800,6:0.172726,13:0.182474","XMIN":719694.86160847,"YMIN":8517889.517664917,"XMAX":719794.86160847,"YMAX":8517989.517664917},"geometry":{"type":"Polygon","coordinates":[[[-72.97023897261383,-13.398527467517372],[-72.97024655306534,-13.39762379466862],[-72.97116962024397,-13.397631213893632],[-72.97116204323403,-13.398534887260825],[-72.97023897261383,-13.398527467517372]]]}},{"type":"Feature","properties":{"Cell_ID":31,"Area_ha":1.0,"LC":"5:0.152313,6:0.167496,13:0.680191","XMIN":719694.86160847,"YMIN":8517789.517664917,"XMAX":719794.86160847,"YMAX":8517889.517664917},"geometry":{"type":"Polygon","coordinates":[[[-72.97023139160379,-13.399431140297361],[-72.97023897261383,-13.398527467517372],[-72.97116204323403,-13.398534887260825],[-72.97115446566583,-13.399438560559263],[-72.97023139160379,-13.399431140297361]]]}},{"type":"Feature","properties":{"Cell_ID":32,"Area_ha":1.0,"LC":"5:0.015566,9:0.240609,13:0.541887,16:0.201939","XMIN":719794.86160847,"YMIN":8518689.517664917,"XMAX":719894.86160847,"YMAX":8518789.517664917},"geometry":{"type":"Polygon","coordinates":[[[-72.9693765580516,-13.39129066383877],[-72.96938413747473,-13.390386990958758],[-72.9703071765714,-13.390394409403864],[-72.9702996005878,-13.39129808280252],[-72.9693765580516,-13.39129066383877]]]}},{"type":"Feature","properties":{"Cell_ID":33,"Area_ha":1.0,"LC":"5:0.635153,13:0.364847","XMIN":719794.86160847,"YMIN":8518589.517664917,"XMAX":719894.86160847,"YMAX":8518689.517664917},"geometry":{"type":"Polygon","coordinates":[[[-72.96936897806975,-13.39219433665005],[-72.9693765580516,-13.39129066383877],[-72.9702996005878,-13.39129808280252],[-72.97029202404575,-13.392201756132453],[-72.96936897806975,-13.39219433665005]]]}},{"type":"Feature","properties":{"Cell_ID":34,"Area_ha":1.0,"LC":"5:0.824795,13:0.097144,16:0.078061","XMIN":719794.86160847,"YMIN":8518489.517664917,"XMAX":719894.86160847,"YMAX":8518589.517664917},"geometry":{"type":"Polygon","coordinates":[[[-72.96936139752918,-13.393098009392604],[-72.96936897806975,-13.39219433665005],[-72.97029202404575,-13.392201756132453],[-72.97028444694523,-13.39310542939366],[-72.96936139752918,-13.393098009392604]]]}},{"type":"Feature","properties":{"Cell_ID":35,"Area_ha":1.0,"LC":"5:0.668312,13:0.331688","XMIN":719794.86160847,"YMIN":8518389.517664917,"XMAX":719894.86160847,"YMAX":8518489.517664917},"geometry":{"type":"Polygon","coordinates":[[[-72.96935381642989,-13.394001682066417],[-72.96936139752918,-13.393098009392604],[-72.97028444694523,-13.39310542939366],[-72.97027686928624,-13.394009102586132],[-72.96935381642989,-13.394001682066417]]]}},{"type":"Feature","properties":{"Cell_ID":36,"Area_ha":1.0,"LC":"5:0.341022,9:0.295947,13:0.363031","XMIN":719794.86160847,"YMIN":8518289.517664917,"XMAX":719894.86160847,"YMAX":8518389.517664917},"geometry":{"type":"Polygon","coordinates":[[[-72.96934623477185,-13.39490535467149],[-72.96935381642989,-13.394001682066417],[-72.97027686928624,-13.394009102586132],[-72.97026929106876,-13.394912775709868],[-72.96934623477185,-13.39490535467149]]]}},{"type":"Feature","properties":{"Cell_ID":37,"Area_ha":1.0,"LC":"5:0.046718,9:0.148121,13:0.805161","XMIN":719794.86160847,"YMIN":8518189.517664917,"XMAX":719894.86160847,"YMAX":8518289.517664917},"geometry":{"type":"Polygon","coordinates":[[[-72.96933865255508,-13.395809027207822],[-72.96934623477185,-13.39490535467149],[-72.97026929106876,-13.394912775709868],[-72.97026171229281,-13.395816448764865],[-72.96933865255508,-13.395809027207822]]]}},{"type":"Feature","properties":{"Cell_ID":38,"Area_ha":1.0,"LC":"5:0.523031,9:0.348482,13:0.128487","XMIN":719794.86160847,"YMIN":8518089.517664917,"XMAX":719894.86160847,"YMAX":8518189.517664917},"geometry":{"type":"Polygon","coordinates":[[[-72.96933106977954,-13.396712699675406],[-72.96933865255508,-13.395809027207822],[-72.97026171229281,-13.395816448764865],[-72.97025413295833,-13.396720121751121],[-72.96933106977954,-13.396712699675406]]]}},{"type":"Feature","properties":{"Cell_ID":39,"Area_ha":1.0,"LC":"5:0.479412,6:0.007687,9:0.512900","XMIN":719794.86160847,"YMIN":8517989.517664917,"XMAX":719894.86160847,"YMAX":8518089.517664917},"geometry":{"type":"Polygon","coordinates":[[[-72.96932348644523,-13.397616372074232],[-72.96933106977954,-13.396712699675406],[-72.97025413295833,-13.396720121751121],[-72.97024655306534,-13.39762379466862],[-72.96932348644523,-13.397616372074232]]]}},{"type":"Feature","properties":{"Cell_ID":40,"Area_ha":1.0,"LC":"5:0.660604,6:0.195153,9:0.144244","XMIN":719794.86160847,"YMIN":8517889.517664917,"XMAX":719894.86160847,"YMAX":8517989.517664917},"geometry":{"type":"Polygon","coordinates":[[[-72.96931590255215,-13.398520044404306],[-72.96932348644523,-13.397616372074232],[-72.97024655306534,-13.39762379466862],[-72.97023897261383,-13.398527467517372],[-72.96931590255215,-13.398520044404306]]]}},{"type":"Feature","properties":{"Cell_ID":41,"Area_ha":1.0,"LC":"5:0.603496,6:0.070374,13:0.326130","XMIN":719794.86160847,"YMIN":8517789.517664917,"XMAX":719894.86160847,"YMAX":8517889.517664917},"geometry":{"type":"Polygon","coordinates":[[[-72.96930831810029,-13.399423716665616],[-72.96931590255215,-13.398520044404306],[-72.97023897261383,-13.398527467517372],[-72.97023139160379,-13.399431140297361],[-72.96930831810029,-13.399423716665616]]]}},{"type":"Feature","properties":{"Cell_ID":42,"Area_ha":1.0,"LC":"5:0.127709,13:0.872291","XMIN":719794.86160847,"YMIN":8517689.517664917,"XMAX":719894.86160847,"YMAX":8517789.517664917},"geometry":{"type":"Polygon","coordinates":[[[-72.96930073308963,-13.40032738885816],[-72.96930831810029,-13.399423716665616],[-72.97023139160379,-13.399431140297361],[-72.9702238100352,-13.400334813008591],[-72.96930073308963,-13.40032738885816]]]}},{"type":"Feature","properties":{"Cell_ID":43,"Area_ha":1.0,"LC":"13:1.000000","XMIN":719794.86160847,"YMIN":8517589.517664917,"XMAX":719894.86160847,"YMAX":8517689.517664917},"geometry":{"type":"Polygon","coordinates":[[[-72.96929314752013,-13.401231060981933],[-72.96930073308963,-13.40032738885816],[-72.9702238100352,-13.400334813008591],[-72.97021622790805,-13.401238485651051],[-72.96929314752013,-13.401231060981933]]]}},{"type":"Feature","properties":{"Cell_ID":44,"Area_ha":1.0,"LC":"5:0.034612,13:0.965388","XMIN":719794.86160847,"YMIN":8517489.517664917,"XMAX":719894.86160847,"YMAX":8517589.517664917},"geometry":{"type":"Polygon","coordinates":[[[-72.96928556139184,-13.402134733036933],[-72.96929314752013,-13.401231060981933],[-72.97021622790805,-13.401238485651051],[-72.97020864522234,-13.402142158224741],[-72.96928556139184,-13.402134733036933]]]}},{"type":"Feature","properties":{"Cell_ID":45,"Area_ha":1.0,"LC":"5:0.734044,13:0.265956","XMIN":719794.86160847,"YMIN":8517389.517664917,"XMAX":719894.86160847,"YMAX":8517489.517664917},"geometry":{"type":"Polygon","coordinates":[[[-72.96927797470472,-13.403038405023151],[-72.96928556139184,-13.402134733036933],[-72.97020864522234,-13.402142158224741],[-72.97020106197806,-13.40304583072966],[-72.96927797470472,-13.403038405023151]]]}},{"type":"Feature","properties":{"Cell_ID":46,"Area_ha":1.0,"LC":"5:0.870734,13:0.129266","XMIN":719794.86160847,"YMIN":8517289.517664917,"XMAX":719894.86160847,"YMAX":8517389.517664917},"geometry":{"type":"Polygon","coordinates":[[[-72.96927038745878,-13.40394207694059],[-72.96927797470472,-13.403038405023151],[-72.97020106197806,-13.40304583072966],[-72.9701934781752,-13.403949503165798],[-72.96927038745878,-13.40394207694059]]]}},{"type":"Feature","properties":{"Cell_ID":47,"Area_ha":1.0,"LC":"5:0.836191,6:0.085748,7:0.078061","XMIN":719794.86160847,"YMIN":8517189.517664917,"XMAX":719894.86160847,"YMAX":8517289.517664917},"geometry":{"type":"Polygon","coordinates":[[[-72.96926279965396,-13.40484574878924],[-72.96927038745878,-13.40394207694059],[-72.9701934781752,-13.403949503165798],[-72.97018589381373,-13.404853175533152],[-72.96926279965396,-13.40484574878924]]]}},{"type":"Feature","properties":{"Cell_ID":48,"Area_ha":1.0,"LC":"5:0.929626,6:0.070374","XMIN":719794.86160847,"YMIN":8517089.517664917,"XMAX":719894.86160847,"YMAX":8517189.517664917},"geometry":{"type":"Polygon","coordinates":[[[-72.9692552112903,-13.405749420569094],[-72.96926279965396,-13.40484574878924],[-72.97018589381373,-13.404853175533152],[-72.97017830889367,-13.40575684783171],[-72.9692552112903,-13.405749420569094]]]}},{"type":"Feature","properties":{"Cell_ID":49,"Area_ha":1.0,"LC":"5:0.523708,13:0.476292","XMIN":719794.86160847,"YMIN":8516989.517664917,"XMAX":719894.86160847,"YMAX":8517089.517664917},"geometry":{"type":"Polygon","coordinates":[[[-72.96924762236777,-13.406653092280157],[-72.9692552112903,-13.405749420569094],[-72.97017830889367,-13.40575684783171],[-72.970170723415,-13.406660520061484],[-72.96924762236777,-13.406653092280157]]]}},{"type":"Feature","properties":{"Cell_ID":50,"Area_ha":1.0,"LC":"5:0.015756,9:0.250426,13:0.173627,16:0.560191","XMIN":719894.86160847,"YMIN":8518689.517664917,"XMAX":719994.86160847,"YMAX":8518789.517664917},"geometry":{"type":"Polygon","coordinates":[[[-72.96845351607409,-13.3912832415073],[-72.96846109893677,-13.390379569146175],[-72.96938413747473,-13.390386990958758],[-72.9693765580516,-13.39129066383877],[-72.96845351607409,-13.3912832415073]]]}},{"type":"Feature","properties":{"Cell_ID":51,"Area_ha":1.0,"LC":"5:0.659825,13:0.307274,16:0.032900","XMIN":719894.86160847,"YMIN":8518589.517664917,"XMAX":719994.86160847,"YMAX":8518689.517664917},"geometry":{"type":"Polygon","coordinates":[[[-72.96844593265247,-13.392186913799694],[-72.96845351607409,-13.3912832415073],[-72.9693765580516,-13.39129066383877],[-72.96936897806975,-13.39219433665005],[-72.96844593265247,-13.392186913799694]]]}},{"type":"Feature","properties":{"Cell_ID":52,"Area_ha":1.0,"LC":"5:0.968466,13:0.031343,16:0.000191","XMIN":719894.86160847,"YMIN":8518489.517664917,"XMAX":719994.86160847,"YMAX":8518589.517664917},"geometry":{"type":"Polygon","coordinates":[[[-72.96843834867187,-13.393090586023353],[-72.96844593265247,-13.392186913799694],[-72.96936897806975,-13.39219433665005],[-72.96936139752918,-13.393098009392604],[-72.96843834867187,-13.393090586023353]]]}},{"type":"Feature","properties":{"Cell_ID":53,"Area_ha":1.0,"LC":"5:0.763640,9:0.007878,13:0.223635,16:0.004847","XMIN":719894.86160847,"YMIN":8518389.517664917,"XMAX":719994.86160847,"YMAX":8518489.517664917},"geometry":{"type":"Polygon","coordinates":[[[-72.96843076413228,-13.393994258178276],[-72.96843834867187,-13.393090586023353],[-72.96936139752918,-13.393098009392604],[-72.96935381642989,-13.394001682066417],[-72.96843076413228,-13.393994258178276]]]}},{"type":"Feature","properties":{"Cell_ID":54,"Area_ha":1.0,"LC":"5:0.187465,9:0.395391,13:0.416365,16:0.000779","XMIN":719894.86160847,"YMIN":8518289.517664917,"XMAX":719994.86160847,"YMAX":8518389.517664917},"geometry":{"type":"Polygon","coordinates":[[[-72.96842317903369,-13.394897930264452],[-72.96843076413228,-13.393994258178276],[-72.96935381642989,-13.394001682066417],[-72.96934623477185,-13.39490535467149],[-72.96842317903369,-13.394897930264452]]]}},{"type":"Feature","properties":{"Cell_ID":55,"Area_ha":1.0,"LC":"5:0.048069,9:0.912900,13:0.039031","XMIN":719894.86160847,"YMIN":8518189.517664917,"XMAX":719994.86160847,"YMAX":8518289.517664917},"geometry":{"type":"Polygon","coordinates":[[[-72.96841559337612,-13.395801602281882],[-72.96842317903369,-13.394897930264452],[-72.96934623477185,-13.39490535467149],[-72.96933865255508,-13.395809027207822],[-72.96841559337612,-13.395801602281882]]]}},{"type":"Feature","properties":{"Cell_ID":56,"Area_ha":1.0,"LC":"5:0.651565,9:0.348435","XMIN":719894.86160847,"YMIN":8518089.517664917,"XMAX":719994.86160847,"YMAX":8518189.517664917},"geometry":{"type":"Polygon","coordinates":[[[-72.96840800715952,-13.39670527423056],[-72.96841559337612,-13.395801602281882],[-72.96933865255508,-13.395809027207822],[-72.96933106977954,-13.396712699675406],[-72.96840800715952,-13.39670527423056]]]}},{"type":"Feature","properties":{"Cell_ID":57,"Area_ha":1.0,"LC":"5:0.701696,9:0.298304","XMIN":719894.86160847,"YMIN":8517989.517664917,"XMAX":719994.86160847,"YMAX":8518089.517664917},"geometry":{"type":"Polygon","coordinates":[[[-72.96840042038392,-13.397608946110479],[-72.96840800715952,-13.39670527423056],[-72.96933106977954,-13.396712699675406],[-72.96932348644523,-13.397616372074232],[-72.96840042038392,-13.397608946110479]]]}},{"type":"Feature","properties":{"Cell_ID":58,"Area_ha":1.0,"LC":"5:1.000000","XMIN":719894.86160847,"YMIN":8517889.517664917,"XMAX":719994.86160847,"YMAX":8517989.517664917},"geometry":{"type":"Polygon","coordinates":[[[-72.96839283304928,-13.398512617921641],[-72.96840042038392,-13.397608946110479],[-72.96932348644523,-13.397616372074232],[-72.96931590255215,-13.398520044404306],[-72.96839283304928,-13.398512617921641]]]}},{"type":"Feature","properties":{"Cell_ID":59,"Area_ha":1.0,"LC":"5:0.761769,13:0.238231","XMIN":719894.86160847,"YMIN":8517789.517664917,"XMAX":719994.86160847,"YMAX":8517889.517664917},"geometry":{"type":"Polygon","coordinates":[[[-72.96838524515559,-13.399416289664032],[-72.96839283304928,-13.398512617921641],[-72.96931590255215,-13.398520044404306],[-72.96930831810029,-13.399423716665616],[-72.96838524515559,-13.399416289664032]]]}},{"type":"Feature","properties":{"Cell_ID":60,"Area_ha":1.0,"LC":"5:0.052726,13:0.947274","XMIN":719894.86160847,"YMIN":8517689.517664917,"XMAX":719994.86160847,"YMAX":8517789.517664917},"geometry":{"type":"Polygon","coordinates":[[[-72.96837765670286,-13.400319961337658],[-72.96838524515559,-13.399416289664032],[-72.96930831810029,-13.399423716665616],[-72.96930073308963,-13.40032738885816],[-72.96837765670286,-13.400319961337658]]]}},{"type":"Feature","properties":{"Cell_ID":61,"Area_ha":1.0,"LC":"5:0.380604,13:0.619396","XMIN":719894.86160847,"YMIN":8517589.517664917,"XMAX":719994.86160847,"YMAX":8517689.517664917},"geometry":{"type":"Polygon","coordinates":[[[-72.96837006769105,-13.401223632942509],[-72.96837765670286,-13.400319961337658],[-72.96930073308963,-13.40032738885816],[-72.96929314752013,-13.401231060981933],[-72.96837006769105,-13.401223632942509]]]}},{"type":"Feature","properties":{"Cell_ID":62,"Area_ha":1.0,"LC":"5:0.897504,13:0.102496","XMIN":719894.86160847,"YMIN":8517489.517664917,"XMAX":719994.86160847,"YMAX":8517589.517664917},"geometry":{"type":"Polygon","coordinates":[[[-72.96836247812018,-13.402127304478583],[-72.96837006769105,-13.401223632942509],[-72.96929314752013,-13.401231060981933],[-72.96928556139184,-13.402134733036933],[-72.96836247812018,-13.402127304478583]]]}},{"type":"Feature","properties":{"Cell_ID":63,"Area_ha":1.0,"LC":"5:0.753282,13:0.246718","XMIN":719894.86160847,"YMIN":8517389.517664917,"XMAX":719994.86160847,"YMAX":8517489.517664917},"geometry":{"type":"Polygon","coordinates":[[[-72.96835488799023,-13.40303097594587],[-72.96836247812018,-13.402127304478583],[-72.96928556139184,-13.402134733036933],[-72.96927797470472,-13.403038405023151],[-72.96835488799023,-13.40303097594587]]]}},{"type":"Feature","properties":{"Cell_ID":64,"Area_ha":1.0,"LC":"5:0.968657,13:0.031343","XMIN":719894.86160847,"YMIN":8517289.517664917,"XMAX":719994.86160847,"YMAX":8517389.517664917},"geometry":{"type":"Polygon","coordinates":[[[-72.9683472973012,-13.403934647344373],[-72.96835488799023,-13.40303097594587],[-72.96927797470472,-13.403038405023151],[-72.96927038745878,-13.40394207694059],[-72.9683472973012,-13.403934647344373]]]}},{"type":"Feature","properties":{"Cell_ID":65,"Area_ha":1.0,"LC":"5:0.916122,9:0.083878","XMIN":719894.86160847,"YMIN":8517189.517664917,"XMAX":719994.86160847,"YMAX":8517289.517664917},"geometry":{"type":"Polygon","coordinates":[[[-72.96833970605306,-13.404838318674082],[-72.9683472973012,-13.403934647344373],[-72.96927038745878,-13.40394207694059],[-72.96926279965396,-13.40484574878924],[-72.96833970605306,-13.404838318674082]]]}},{"type":"Feature","properties":{"Cell_ID":66,"Area_ha":1.0,"LC":"5:1.000000","XMIN":719894.86160847,"YMIN":8517089.517664917,"XMAX":719994.86160847,"YMAX":8517189.517664917},"geometry":{"type":"Polygon","coordinates":[[[-72.9683321142458,-13.405741989934995],[-72.96833970605306,-13.404838318674082],[-72.96926279965396,-13.40484574878924],[-72.9692552112903,-13.405749420569094],[-72.9683321142458,-13.405741989934995]]]}},{"type":"Feature","properties":{"Cell_ID":67,"Area_ha":1.0,"LC":"5:1.000000","XMIN":719894.86160847,"YMIN":8516989.517664917,"XMAX":719994.86160847,"YMAX":8517089.517664917},"geometry":{"type":"Polygon","coordinates":[[[-72.96832452187942,-13.40664566112711],[-72.9683321142458,-13.405741989934995],[-72.9692552112903,-13.405749420569094],[-72.96924762236777,-13.406653092280157],[-72.96832452187942,-13.40664566112711]]]}},{"type":"Feature","properties":{"Cell_ID":68,"Area_ha":1.0,"LC":"5:0.787343,13:0.212657","XMIN":719894.86160847,"YMIN":8516889.517664917,"XMAX":719994.86160847,"YMAX":8516989.517664917},"geometry":{"type":"Polygon","coordinates":[[[-72.96831692895391,-13.40754933225042],[-72.96832452187942,-13.40664566112711],[-72.96924762236777,-13.406653092280157],[-72.96924003288636,-13.407556763922418],[-72.96831692895391,-13.40754933225042]]]}},{"type":"Feature","properties":{"Cell_ID":69,"Area_ha":1.0,"LC":"5:0.218113,9:0.424604,13:0.357283","XMIN":719894.86160847,"YMIN":8516789.517664917,"XMAX":719994.86160847,"YMAX":8516889.517664917},"geometry":{"type":"Polygon","coordinates":[[[-72.96830933546927,-13.40845300330492],[-72.96831692895391,-13.40754933225042],[-72.96924003288636,-13.407556763922418],[-72.96923244284606,-13.408460435495872],[-72.96830933546927,-13.40845300330492]]]}},{"type":"Feature","properties":{"Cell_ID":70,"Area_ha":1.0,"LC":"9:0.416365,13:0.583635","XMIN":719894.86160847,"YMIN":8516689.517664917,"XMAX":719994.86160847,"YMAX":8516789.517664917},"geometry":{"type":"Polygon","coordinates":[[[-72.96830174142548,-13.409356674290606],[-72.96830933546927,-13.40845300330492],[-72.96923244284606,-13.408460435495872],[-72.96922485224688,-13.409364107000517],[-72.96830174142548,-13.409356674290606]]]}},{"type":"Feature","properties":{"Cell_ID":71,"Area_ha":1.0,"LC":"9:0.094596,16:0.344795,17:0.151272","XMIN":719994.86160847,"YMIN":8518789.517664917,"XMAX":720094.86160847,"YMAX":8518889.517664917},"geometry":{"type":"Polygon","coordinates":[[[-72.96753806095778,-13.390372143966115],[-72.96754564670076,-13.389468472055375],[-72.96846868124051,-13.38947589671632],[-72.96846109893677,-13.390379569146175],[-72.96753806095778,-13.390372143966115]]]}},{"type":"Feature","properties":{"Cell_ID":72,"Area_ha":1.0,"LC":"5:0.191513,9:0.341526,13:0.001160,16:0.465801","XMIN":719994.86160847,"YMIN":8518689.517664917,"XMAX":720094.86160847,"YMAX":8518789.517664917},"geometry":{"type":"Polygon","coordinates":[[[-72.96753047465558,-13.391275815808122],[-72.96753806095778,-13.390372143966115],[-72.96846109893677,-13.390379569146175],[-72.96845351607409,-13.3912832415073],[-72.96753047465558,-13.391275815808122]]]}},{"type":"Feature","properties":{"Cell_ID":73,"Area_ha":1.0,"LC":"5:0.966909,13:0.001748,16:0.031343","XMIN":719994.86160847,"YMIN":8518589.517664917,"XMAX":720094.86160847,"YMAX":8518689.517664917},"geometry":{"type":"Polygon","coordinates":[[[-72.96752288779416,-13.392179487581394],[-72.96753047465558,-13.391275815808122],[-72.96845351607409,-13.3912832415073],[-72.96844593265247,-13.392186913799694],[-72.96752288779416,-13.392179487581394]]]}},{"type":"Feature","properties":{"Cell_ID":74,"Area_ha":1.0,"LC":"5:0.940366,13:0.004069,16:0.055566","XMIN":719994.86160847,"YMIN":8518489.517664917,"XMAX":720094.86160847,"YMAX":8518589.517664917},"geometry":{"type":"Polygon","coordinates":[[[-72.96751530037353,-13.39308315928593],[-72.96752288779416,-13.392179487581394],[-72.96844593265247,-13.392186913799694],[-72.96843834867187,-13.393090586023353],[-72.96751530037353,-13.39308315928593]]]}},{"type":"Feature","properties":{"Cell_ID":75,"Area_ha":1.0,"LC":"5:0.464434,9:0.007878,13:0.132535,16:0.395153","XMIN":719994.86160847,"YMIN":8518389.517664917,"XMAX":720094.86160847,"YMAX":8518489.517664917},"geometry":{"type":"Polygon","coordinates":[[[-72.96750771239365,-13.39398683092172],[-72.96751530037353,-13.39308315928593],[-72.96843834867187,-13.393090586023353],[-72.96843076413228,-13.393994258178276],[-72.96750771239365,-13.39398683092172]]]}},{"type":"Feature","properties":{"Cell_ID":76,"Area_ha":1.0,"LC":"5:0.275809,9:0.547635,13:0.113091,16:0.063465","XMIN":719994.86160847,"YMIN":8518289.517664917,"XMAX":720094.86160847,"YMAX":8518389.517664917},"geometry":{"type":"Polygon","coordinates":[[[-72.96750012385455,-13.394890502488765],[-72.96750771239365,-13.39398683092172],[-72.96843076413228,-13.393994258178276],[-72.96842317903369,-13.394897930264452],[-72.96750012385455,-13.394890502488765]]]}},{"type":"Feature","properties":{"Cell_ID":77,"Area_ha":1.0,"LC":"5:0.231322,9:0.768678","XMIN":719994.86160847,"YMIN":8518189.517664917,"XMAX":720094.86160847,"YMAX":8518289.517664917},"geometry":{"type":"Polygon","coordinates":[[[-72.96749253475618,-13.395794173987058],[-72.96750012385455,-13.394890502488765],[-72.96842317903369,-13.394897930264452],[-72.96841559337612,-13.395801602281882],[-72.96749253475618,-13.395794173987058]]]}},{"type":"Feature","properties":{"Cell_ID":78,"Area_ha":1.0,"LC":"5:0.798443,9:0.201557","XMIN":719994.86160847,"YMIN":8518089.517664917,"XMAX":720094.86160847,"YMAX":8518189.517664917},"geometry":{"type":"Polygon","coordinates":[[[-72.96748494509853,-13.396697845416597],[-72.96749253475618,-13.395794173987058],[-72.96841559337612,-13.395801602281882],[-72.96840800715952,-13.39670527423056],[-72.96748494509853,-13.396697845416597]]]}},{"type":"Feature","properties":{"Cell_ID":79,"Area_ha":1.0,"LC":"5:0.536953,9:0.463047","XMIN":719994.86160847,"YMIN":8517989.517664917,"XMAX":720094.86160847,"YMAX":8518089.517664917},"geometry":{"type":"Polygon","coordinates":[[[-72.96747735488162,-13.39760151677737],[-72.96748494509853,-13.396697845416597],[-72.96840800715952,-13.39670527423056],[-72.96840042038392,-13.397608946110479],[-72.96747735488162,-13.39760151677737]]]}},{"type":"Feature","properties":{"Cell_ID":80,"Area_ha":1.0,"LC":"5:0.829765,9:0.170235","XMIN":719994.86160847,"YMIN":8517889.517664917,"XMAX":720094.86160847,"YMAX":8517989.517664917},"geometry":{"type":"Polygon","coordinates":[[[-72.96746976410542,-13.398505188069382],[-72.96747735488162,-13.39760151677737],[-72.96840042038392,-13.397608946110479],[-72.96839283304928,-13.398512617921641],[-72.96746976410542,-13.398505188069382]]]}},{"type":"Feature","properties":{"Cell_ID":81,"Area_ha":1.0,"LC":"5:1.000000","XMIN":719994.86160847,"YMIN":8517789.517664917,"XMAX":720094.86160847,"YMAX":8517889.517664917},"geometry":{"type":"Polygon","coordinates":[[[-72.96746217276994,-13.399408859292626],[-72.96746976410542,-13.398505188069382],[-72.96839283304928,-13.398512617921641],[-72.96838524515559,-13.399416289664032],[-72.96746217276994,-13.399408859292626]]]}},{"type":"Feature","properties":{"Cell_ID":82,"Area_ha":1.0,"LC":"5:0.944244,13:0.055756","XMIN":719994.86160847,"YMIN":8517689.517664917,"XMAX":720094.86160847,"YMAX":8517789.517664917},"geometry":{"type":"Polygon","coordinates":[[[-72.96745458087513,-13.400312530447094],[-72.96746217276994,-13.399408859292626],[-72.96838524515559,-13.399416289664032],[-72.96837765670286,-13.400319961337658],[-72.96745458087513,-13.400312530447094]]]}},{"type":"Feature","properties":{"Cell_ID":83,"Area_ha":1.0,"LC":"5:0.607878,13:0.392122","XMIN":719994.86160847,"YMIN":8517589.517664917,"XMAX":720094.86160847,"YMAX":8517689.517664917},"geometry":{"type":"Polygon","coordinates":[[[-72.96744698842103,-13.401216201532781],[-72.96745458087513,-13.400312530447094],[-72.96837765670286,-13.400319961337658],[-72.96837006769105,-13.401223632942509],[-72.96744698842103,-13.401216201532781]]]}},{"type":"Feature","properties":{"Cell_ID":84,"Area_ha":1.0,"LC":"5:0.967878,13:0.032122","XMIN":719994.86160847,"YMIN":8517489.517664917,"XMAX":720094.86160847,"YMAX":8517589.517664917},"geometry":{"type":"Polygon","coordinates":[[[-72.9674393954076,-13.40211987254969],[-72.96744698842103,-13.401216201532781],[-72.96837006769105,-13.401223632942509],[-72.96836247812018,-13.402127304478583],[-72.9674393954076,-13.40211987254969]]]}},{"type":"Feature","properties":{"Cell_ID":85,"Area_ha":1.0,"LC":"5:0.256174,13:0.743826","XMIN":719994.86160847,"YMIN":8517389.517664917,"XMAX":720094.86160847,"YMAX":8517489.517664917},"geometry":{"type":"Polygon","coordinates":[[[-72.96743180183483,-13.403023543497813],[-72.9674393954076,-13.40211987254969],[-72.96836247812018,-13.402127304478583],[-72.96835488799023,-13.40303097594587],[-72.96743180183483,-13.403023543497813]]]}},{"type":"Feature","properties":{"Cell_ID":86,"Area_ha":1.0,"LC":"5:0.490909,13:0.509091","XMIN":719994.86160847,"YMIN":8517289.517664917,"XMAX":720094.86160847,"YMAX":8517389.517664917},"geometry":{"type":"Polygon","coordinates":[[[-72.9674242077027,-13.403927214377147],[-72.96743180183483,-13.403023543497813],[-72.96835488799023,-13.40303097594587],[-72.9683472973012,-13.403934647344373],[-72.9674242077027,-13.403927214377147]]]}},{"type":"Feature","properties":{"Cell_ID":87,"Area_ha":1.0,"LC":"5:0.489039,9:0.396122,13:0.114839","XMIN":719994.86160847,"YMIN":8517189.517664917,"XMAX":720094.86160847,"YMAX":8517289.517664917},"geometry":{"type":"Polygon","coordinates":[[[-72.96741661301124,-13.404830885187684],[-72.9674242077027,-13.403927214377147],[-72.9683472973012,-13.403934647344373],[-72.96833970605306,-13.404838318674082],[-72.96741661301124,-13.404830885187684]]]}},{"type":"Feature","properties":{"Cell_ID":88,"Area_ha":1.0,"LC":"5:1.000000","XMIN":719994.86160847,"YMIN":8517089.517664917,"XMAX":720094.86160847,"YMAX":8517189.517664917},"geometry":{"type":"Polygon","coordinates":[[[-72.9674090177604,-13.405734555929417],[-72.96741661301124,-13.404830885187684],[-72.96833970605306,-13.404838318674082],[-72.9683321142458,-13.405741989934995],[-72.9674090177604,-13.405734555929417]]]}},{"type":"Feature","properties":{"Cell_ID":89,"Area_ha":1.0,"LC":"5:1.000000","XMIN":719994.86160847,"YMIN":8516989.517664917,"XMAX":720094.86160847,"YMAX":8517089.517664917},"geometry":{"type":"Polygon","coordinates":[[[-72.9674014219502,-13.406638226602352],[-72.9674090177604,-13.405734555929417],[-72.9683321142458,-13.405741989934995],[-72.96832452187942,-13.40664566112711],[-72.9674014219502,-13.406638226602352]]]}},{"type":"Feature","properties":{"Cell_ID":90,"Area_ha":1.0,"LC":"5:0.904244,9:0.095756","XMIN":719994.86160847,"YMIN":8516889.517664917,"XMAX":720094.86160847,"YMAX":8516989.517664917},"geometry":{"type":"Polygon","coordinates":[[[-72.96739382558061,-13.407541897206476],[-72.9674014219502,-13.406638226602352],[-72.96832452187942,-13.40664566112711],[-72.96831692895391,-13.40754933225042],[-72.96739382558061,-13.407541897206476]]]}},{"type":"Feature","properties":{"Cell_ID":91,"Area_ha":1.0,"LC":"5:0.347343,9:0.311152,13:0.341505","XMIN":719994.86160847,"YMIN":8516789.517664917,"XMAX":720094.86160847,"YMAX":8516889.517664917},"geometry":{"type":"Polygon","coordinates":[[[-72.96738622865162,-13.408445567741786],[-72.96739382558061,-13.407541897206476],[-72.96831692895391,-13.40754933225042],[-72.96830933546927,-13.40845300330492],[-72.96738622865162,-13.408445567741786]]]}},{"type":"Feature","properties":{"Cell_ID":92,"Area_ha":1.0,"LC":"5:0.122908,9:0.281939,13:0.595153","XMIN":719994.86160847,"YMIN":8516689.517664917,"XMAX":720094.86160847,"YMAX":8516789.517664917},"geometry":{"type":"Polygon","coordinates":[[[-72.96737863116323,-13.409349238208284],[-72.96738622865162,-13.408445567741786],[-72.96830933546927,-13.40845300330492],[-72.96830174142548,-13.409356674290606],[-72.96737863116323,-13.409349238208284]]]}},{"type":"Feature","properties":{"Cell_ID":93,"Area_ha":1.0,"LC":"5:0.284847,9:0.040000,13:0.675153","XMIN":719994.86160847,"YMIN":8516589.517664917,"XMAX":720094.86160847,"YMAX":8516689.517664917},"geometry":{"type":"Polygon","coordinates":[[[-72.96737103311543,-13.410252908605957],[-72.96737863116323,-13.409349238208284],[-72.96830174142548,-13.409356674290606],[-72.96829414682252,-13.410260345207478],[-72.96737103311543,-13.410252908605957]]]}},{"type":"Feature","properties":{"Cell_ID":94,"Area_ha":1.0,"LC":"16:0.480361,17:0.197395","XMIN":720094.86160847,"YMIN":8518789.517664917,"XMAX":720194.86160847,"YMAX":8518889.517664917},"geometry":{"type":"Polygon","coordinates":[[[-72.96661502353797,-13.39036471541859],[-72.96662261272022,-13.389461044027202],[-72.96754564670076,-13.389468472055375],[-72.96753806095778,-13.390372143966115],[-72.96661502353797,-13.39036471541859]]]}},{"type":"Feature","properties":{"Cell_ID":95,"Area_ha":1.0,"LC":"13:0.190352,16:0.809648","XMIN":720094.86160847,"YMIN":8518689.517664917,"XMAX":720194.86160847,"YMAX":8518789.517664917},"geometry":{"type":"Polygon","coordinates":[[[-72.96660743379626,-13.391268386741245],[-72.96661502353797,-13.39036471541859],[-72.96753806095778,-13.390372143966115],[-72.96753047465558,-13.391275815808122],[-72.96660743379626,-13.391268386741245]]]}},{"type":"Feature","properties":{"Cell_ID":96,"Area_ha":1.0,"LC":"5:0.255756,13:0.711343,16:0.032900","XMIN":720094.86160847,"YMIN":8518589.517664917,"XMAX":720194.86160847,"YMAX":8518689.517664917},"geometry":{"type":"Polygon","coordinates":[[[-72.96659984349508,-13.392172057995161],[-72.96660743379626,-13.391268386741245],[-72.96753047465558,-13.391275815808122],[-72.96752288779416,-13.392179487581394],[-72.96659984349508,-13.392172057995161]]]}},{"type":"Feature","properties":{"Cell_ID":97,"Area_ha":1.0,"LC":"5:0.208848,13:0.791152","XMIN":720094.86160847,"YMIN":8518489.517664917,"XMAX":720194.86160847,"YMAX":8518589.517664917},"geometry":{"type":"Polygon","coordinates":[[[-72.96659225263443,-13.393075729180335],[-72.96659984349508,-13.392172057995161],[-72.96752288779416,-13.392179487581394],[-72.96751530037353,-13.39308315928593],[-72.96659225263443,-13.393075729180335]]]}},{"type":"Feature","properties":{"Cell_ID":98,"Area_ha":1.0,"LC":"5:0.455566,13:0.544434","XMIN":720094.86160847,"YMIN":8518389.517664917,"XMAX":720194.86160847,"YMAX":8518489.517664917},"geometry":{"type":"Polygon","coordinates":[[[-72.96658466121427,-13.393979400296761],[-72.96659225263443,-13.393075729180335],[-72.96751530037353,-13.39308315928593],[-72.96750771239365,-13.39398683092172],[-72.96658466121427,-13.393979400296761]]]}},{"type":"Feature","properties":{"Cell_ID":99,"Area_ha":1.0,"LC":"5:0.647709,9:0.007687,13:0.344604","XMIN":720094.86160847,"YMIN":8518289.517664917,"XMAX":720194.86160847,"YMAX":8518389.517664917},"geometry":{"type":"Polygon","coordinates":[[[-72.96657706923463,-13.394883071344436],[-72.96658466121427,-13.393979400296761],[-72.96750771239365,-13.39398683092172],[-72.96750012385455,-13.394890502488765],[-72.96657706923463,-13.394883071344436]]]}},{"type":"Feature","properties":{"Cell_ID":100,"Area_ha":1.0,"LC":"5:0.320000,9:0.454008,13:0.225992","XMIN":720094.86160847,"YMIN":8518189.517664917,"XMAX":720194.86160847,"YMAX":8518289.517664917},"geometry":{"type":"Polygon","coordinates":[[[-72.96656947669548,-13.395786742323358],[-72.96657706923463,-13.394883071344436],[-72.96750012385455,-13.394890502488765],[-72.96749253475618,-13.395794173987058],[-72.96656947669548,-13.395786742323358]]]}},{"type":"Feature","properties":{"Cell_ID":101,"Area_ha":1.0,"LC":"5:0.157870,9:0.474252,13:0.367878","XMIN":720094.86160847,"YMIN":8518089.517664917,"XMAX":720194.86160847,"YMAX":8518189.517664917},"geometry":{"type":"Polygon","coordinates":[[[-72.96656188359681,-13.396690413233518],[-72.96656947669548,-13.395786742323358],[-72.96749253475618,-13.395794173987058],[-72.96748494509853,-13.396697845416597],[-72.96656188359681,-13.396690413233518]]]}},{"type":"Feature","properties":{"Cell_ID":102,"Area_ha":1.0,"LC":"5:0.246130,9:0.689626,13:0.064244","XMIN":720094.86160847,"YMIN":8517989.517664917,"XMAX":720194.86160847,"YMAX":8518089.517664917},"geometry":{"type":"Polygon","coordinates":[[[-72.9665542899386,-13.39759408407491],[-72.96656188359681,-13.396690413233518],[-72.96748494509853,-13.396697845416597],[-72.96747735488162,-13.39760151677737],[-72.9665542899386,-13.39759408407491]]]}},{"type":"Feature","properties":{"Cell_ID":103,"Area_ha":1.0,"LC":"5:0.318061,9:0.378304,13:0.303635","XMIN":720094.86160847,"YMIN":8517889.517664917,"XMAX":720194.86160847,"YMAX":8517989.517664917},"geometry":{"type":"Polygon","coordinates":[[[-72.96654669572088,-13.39849775484754],[-72.9665542899386,-13.39759408407491],[-72.96747735488162,-13.39760151677737],[-72.96746976410542,-13.398505188069382],[-72.96654669572088,-13.39849775484754]]]}},{"type":"Feature","properties":{"Cell_ID":104,"Area_ha":1.0,"LC":"5:0.783635,13:0.216365","XMIN":720094.86160847,"YMIN":8517789.517664917,"XMAX":720194.86160847,"YMAX":8517889.517664917},"geometry":{"type":"Polygon","coordinates":[[[-72.96653910094359,-13.399401425551394],[-72.96654669572088,-13.39849775484754],[-72.96746976410542,-13.398505188069382],[-72.96746217276994,-13.399408859292626],[-72.96653910094359,-13.399401425551394]]]}},{"type":"Feature","properties":{"Cell_ID":105,"Area_ha":1.0,"LC":"5:1.000000","XMIN":720094.86160847,"YMIN":8517689.517664917,"XMAX":720194.86160847,"YMAX":8517789.517664917},"geometry":{"type":"Polygon","coordinates":[[[-72.96653150560675,-13.400305096186473],[-72.96653910094359,-13.399401425551394],[-72.96746217276994,-13.399408859292626],[-72.96745458087513,-13.400312530447094],[-72.96653150560675,-13.400305096186473]]]}},{"type":"Feature","properties":{"Cell_ID":106,"Area_ha":1.0,"LC":"5:1.000000","XMIN":720094.86160847,"YMIN":8517589.517664917,"XMAX":720194.86160847,"YMAX":8517689.517664917},"geometry":{"type":"Polygon","coordinates":[[[-72.96652390971033,-13.40120876675277],[-72.96653150560675,-13.400305096186473],[-72.96745458087513,-13.400312530447094],[-72.96744698842103,-13.401216201532781],[-72.96652390971033,-13.40120876675277]]]}},{"type":"Feature","properties":{"Cell_ID":107,"Area_ha":1.0,"LC":"5:1.000000","XMIN":720094.86160847,"YMIN":8517489.517664917,"XMAX":720194.86160847,"YMAX":8517589.517664917},"geometry":{"type":"Polygon","coordinates":[[[-72.96651631325433,-13.402112437250283],[-72.96652390971033,-13.40120876675277],[-72.96744698842103,-13.401216201532781],[-72.9674393954076,-13.40211987254969],[-72.96651631325433,-13.402112437250283]]]}},{"type":"Feature","properties":{"Cell_ID":108,"Area_ha":1.0,"LC":"5:0.601578,13:0.398422","XMIN":720094.86160847,"YMIN":8517389.517664917,"XMAX":720194.86160847,"YMAX":8517489.517664917},"geometry":{"type":"Polygon","coordinates":[[[-72.96650871623876,-13.403016107678999],[-72.96651631325433,-13.402112437250283],[-72.9674393954076,-13.40211987254969],[-72.96743180183483,-13.403023543497813],[-72.96650871623876,-13.403016107678999]]]}},{"type":"Feature","properties":{"Cell_ID":109,"Area_ha":1.0,"LC":"13:1.000000","XMIN":720094.86160847,"YMIN":8517289.517664917,"XMAX":720194.86160847,"YMAX":8517389.517664917},"geometry":{"type":"Polygon","coordinates":[[[-72.96650111866359,-13.403919778038928],[-72.96650871623876,-13.403016107678999],[-72.96743180183483,-13.403023543497813],[-72.9674242077027,-13.403927214377147],[-72.96650111866359,-13.403919778038928]]]}},{"type":"Feature","properties":{"Cell_ID":110,"Area_ha":1.0,"LC":"5:0.421505,13:0.578495","XMIN":720094.86160847,"YMIN":8517189.517664917,"XMAX":720194.86160847,"YMAX":8517289.517664917},"geometry":{"type":"Polygon","coordinates":[[[-72.9664935205288,-13.404823448330056],[-72.96650111866359,-13.403919778038928],[-72.9674242077027,-13.403927214377147],[-72.96741661301124,-13.404830885187684],[-72.9664935205288,-13.404823448330056]]]}},{"type":"Feature","properties":{"Cell_ID":111,"Area_ha":1.0,"LC":"5:0.774008,13:0.225992","XMIN":720094.86160847,"YMIN":8517089.517664917,"XMAX":720194.86160847,"YMAX":8517189.517664917},"geometry":{"type":"Polygon","coordinates":[[[-72.96648592183439,-13.40572711855238],[-72.9664935205288,-13.404823448330056],[-72.96741661301124,-13.404830885187684],[-72.9674090177604,-13.405734555929417],[-72.96648592183439,-13.40572711855238]]]}},{"type":"Feature","properties":{"Cell_ID":112,"Area_ha":1.0,"LC":"5:1.000000","XMIN":720094.86160847,"YMIN":8516989.517664917,"XMAX":720194.86160847,"YMAX":8517089.517664917},"geometry":{"type":"Polygon","coordinates":[[[-72.96647832258037,-13.406630788705893],[-72.96648592183439,-13.40572711855238],[-72.9674090177604,-13.405734555929417],[-72.9674014219502,-13.406638226602352],[-72.96647832258037,-13.406630788705893]]]}},{"type":"Feature","properties":{"Cell_ID":113,"Area_ha":1.0,"LC":"5:0.789992,9:0.210008","XMIN":720094.86160847,"YMIN":8516889.517664917,"XMAX":720194.86160847,"YMAX":8516989.517664917},"geometry":{"type":"Polygon","coordinates":[[[-72.9664707227667,-13.407534458790598],[-72.96647832258037,-13.406630788705893],[-72.9674014219502,-13.406638226602352],[-72.96739382558061,-13.407541897206476],[-72.9664707227667,-13.407534458790598]]]}},{"type":"Feature","properties":{"Cell_ID":114,"Area_ha":1.0,"LC":"5:0.967100,9:0.032900","XMIN":720094.86160847,"YMIN":8516789.517664917,"XMAX":720194.86160847,"YMAX":8516889.517664917},"geometry":{"type":"Polygon","coordinates":[[[-72.96646312239339,-13.408438128806484],[-72.9664707227667,-13.407534458790598],[-72.96739382558061,-13.407541897206476],[-72.96738622865162,-13.408445567741786],[-72.96646312239339,-13.408438128806484]]]}},{"type":"Feature","properties":{"Cell_ID":115,"Area_ha":1.0,"LC":"5:0.921939,9:0.078061","XMIN":720094.86160847,"YMIN":8516689.517664917,"XMAX":720194.86160847,"YMAX":8516789.517664917},"geometry":{"type":"Polygon","coordinates":[[[-72.9664555214604,-13.409341798753552],[-72.96646312239339,-13.408438128806484],[-72.96738622865162,-13.408445567741786],[-72.96737863116323,-13.409349238208284],[-72.9664555214604,-13.409341798753552]]]}},{"type":"Feature","properties":{"Cell_ID":116,"Area_ha":1.0,"LC":"3:0.264795,5:0.735205","XMIN":720094.86160847,"YMIN":8516589.517664917,"XMAX":720194.86160847,"YMAX":8516689.517664917},"geometry":{"type":"Polygon","coordinates":[[[-72.96644791996776,-13.410245468631794],[-72.9664555214604,-13.409341798753552],[-72.96737863116323,-13.409349238208284],[-72.96737103311543,-13.410252908605957],[-72.96644791996776,-13.410245468631794]]]}},{"type":"Feature","properties":{"Cell_ID":117,"Area_ha":1.0,"LC":"3:0.257144,5:0.183465,9:0.559391","XMIN":720094.86160847,"YMIN":8516489.517664917,"XMAX":720194.86160847,"YMAX":8516589.517664917},"geometry":{"type":"Polygon","coordinates":[[[-72.96644031791544,-13.411149138441205],[-72.96644791996776,-13.410245468631794],[-72.96737103311543,-13.410252908605957],[-72.9673634345082,-13.411156578934804],[-72.96644031791544,-13.411149138441205]]]}},{"type":"Feature","properties":{"Cell_ID":118,"Area_ha":1.0,"LC":"16:0.639391,17:0.117272","XMIN":720194.86160847,"YMIN":8518789.517664917,"XMAX":720294.86160847,"YMAX":8518889.517664917},"geometry":{"type":"Polygon","coordinates":[[[-72.96569198667761,-13.390357283503612],[-72.96569957929913,-13.389453612631808],[-72.96662261272022,-13.389461044027202],[-72.96661502353797,-13.39036471541859],[-72.96569198667761,-13.390357283503612]]]}},{"type":"Feature","properties":{"Cell_ID":119,"Area_ha":1.0,"LC":"13:0.095756,16:0.904244","XMIN":720194.86160847,"YMIN":8518689.517664917,"XMAX":720294.86160847,"YMAX":8518789.517664917},"geometry":{"type":"Polygon","coordinates":[[[-72.9656843934964,-13.391260954306677],[-72.96569198667761,-13.390357283503612],[-72.96661502353797,-13.39036471541859],[-72.96660743379626,-13.391268386741245],[-72.9656843934964,-13.391260954306677]]]}},{"type":"Feature","properties":{"Cell_ID":120,"Area_ha":1.0,"LC":"5:0.340535,13:0.521160,16:0.138304","XMIN":720194.86160847,"YMIN":8518589.517664917,"XMAX":720294.86160847,"YMAX":8518689.517664917},"geometry":{"type":"Polygon","coordinates":[[[-72.96567679975547,-13.392164625041001],[-72.9656843934964,-13.391260954306677],[-72.96660743379626,-13.391268386741245],[-72.96659984349508,-13.392172057995161],[-72.96567679975547,-13.392164625041001]]]}},{"type":"Feature","properties":{"Cell_ID":121,"Area_ha":1.0,"LC":"5:0.473473,13:0.526527","XMIN":720194.86160847,"YMIN":8518489.517664917,"XMAX":720294.86160847,"YMAX":8518589.517664917},"geometry":{"type":"Polygon","coordinates":[[[-72.9656692054548,-13.39306829570658],[-72.96567679975547,-13.392164625041001],[-72.96659984349508,-13.392172057995161],[-72.96659225263443,-13.393075729180335],[-72.9656692054548,-13.39306829570658]]]}},{"type":"Feature","properties":{"Cell_ID":122,"Area_ha":1.0,"LC":"5:0.244656,13:0.755344","XMIN":720194.86160847,"YMIN":8518389.517664917,"XMAX":720294.86160847,"YMAX":8518489.517664917},"geometry":{"type":"Polygon","coordinates":[[[-72.9656616105944,-13.393971966303404],[-72.9656692054548,-13.39306829570658],[-72.96659225263443,-13.393075729180335],[-72.96658466121427,-13.393979400296761],[-72.9656616105944,-13.393971966303404]]]}},{"type":"Feature","properties":{"Cell_ID":123,"Area_ha":1.0,"LC":"5:0.269213,9:0.055756,13:0.675030","XMIN":720194.86160847,"YMIN":8518289.517664917,"XMAX":720294.86160847,"YMAX":8518389.517664917},"geometry":{"type":"Polygon","coordinates":[[[-72.96565401517422,-13.394875636831475],[-72.9656616105944,-13.393971966303404],[-72.96658466121427,-13.393979400296761],[-72.96657706923463,-13.394883071344436],[-72.96565401517422,-13.394875636831475]]]}},{"type":"Feature","properties":{"Cell_ID":124,"Area_ha":1.0,"LC":"5:0.032122,9:0.591931,13:0.375947","XMIN":720194.86160847,"YMIN":8518189.517664917,"XMAX":720294.86160847,"YMAX":8518289.517664917},"geometry":{"type":"Polygon","coordinates":[[[-72.96564641919431,-13.39577930729079],[-72.96565401517422,-13.394875636831475],[-72.96657706923463,-13.394883071344436],[-72.96656947669548,-13.395786742323358],[-72.96564641919431,-13.39577930729079]]]}},{"type":"Feature","properties":{"Cell_ID":125,"Area_ha":1.0,"LC":"5:0.049039,9:0.283031,13:0.667931","XMIN":720194.86160847,"YMIN":8518089.517664917,"XMAX":720294.86160847,"YMAX":8518189.517664917},"geometry":{"type":"Polygon","coordinates":[[[-72.96563882265461,-13.396682977681339],[-72.96564641919431,-13.39577930729079],[-72.96656947669548,-13.395786742323358],[-72.96656188359681,-13.396690413233518],[-72.96563882265461,-13.396682977681339]]]}},{"type":"Feature","properties":{"Cell_ID":126,"Area_ha":1.0,"LC":"5:0.258665,9:0.437092,13:0.304244","XMIN":720194.86160847,"YMIN":8517989.517664917,"XMAX":720294.86160847,"YMAX":8518089.517664917},"geometry":{"type":"Polygon","coordinates":[[[-72.96563122555513,-13.397586648003118],[-72.96563882265461,-13.396682977681339],[-72.96656188359681,-13.396690413233518],[-72.9665542899386,-13.39759408407491],[-72.96563122555513,-13.397586648003118]]]}},{"type":"Feature","properties":{"Cell_ID":127,"Area_ha":1.0,"LC":"5:0.779443,9:0.220557","XMIN":720194.86160847,"YMIN":8517889.517664917,"XMAX":720294.86160847,"YMAX":8517989.517664917},"geometry":{"type":"Polygon","coordinates":[[[-72.96562362789587,-13.398490318256128],[-72.96563122555513,-13.397586648003118],[-72.9665542899386,-13.39759408407491],[-72.96654669572088,-13.39849775484754],[-72.96562362789587,-13.398490318256128]]]}},{"type":"Feature","properties":{"Cell_ID":128,"Area_ha":1.0,"LC":"5:1.000000","XMIN":720194.86160847,"YMIN":8517789.517664917,"XMAX":720294.86160847,"YMAX":8517889.517664917},"geometry":{"type":"Polygon","coordinates":[[[-72.9656160296768,-13.39939398844036],[-72.96562362789587,-13.398490318256128],[-72.96654669572088,-13.39849775484754],[-72.96653910094359,-13.399401425551394],[-72.9656160296768,-13.39939398844036]]]}},{"type":"Feature","properties":{"Cell_ID":129,"Area_ha":1.0,"LC":"5:1.000000","XMIN":720194.86160847,"YMIN":8517689.517664917,"XMAX":720294.86160847,"YMAX":8517789.517664917},"geometry":{"type":"Polygon","coordinates":[[[-72.96560843089792,-13.400297658555813],[-72.9656160296768,-13.39939398844036],[-72.96653910094359,-13.399401425551394],[-72.96653150560675,-13.400305096186473],[-72.96560843089792,-13.400297658555813]]]}},{"type":"Feature","properties":{"Cell_ID":130,"Area_ha":1.0,"LC":"5:1.000000","XMIN":720194.86160847,"YMIN":8517589.517664917,"XMAX":720294.86160847,"YMAX":8517689.517664917},"geometry":{"type":"Polygon","coordinates":[[[-72.96560083155921,-13.401201328602479],[-72.96560843089792,-13.400297658555813],[-72.96653150560675,-13.400305096186473],[-72.96652390971033,-13.40120876675277],[-72.96560083155921,-13.401201328602479]]]}},{"type":"Feature","properties":{"Cell_ID":131,"Area_ha":1.0,"LC":"5:1.000000","XMIN":720194.86160847,"YMIN":8517489.517664917,"XMAX":720294.86160847,"YMAX":8517589.517664917},"geometry":{"type":"Polygon","coordinates":[[[-72.96559323166068,-13.402104998580356],[-72.96560083155921,-13.401201328602479],[-72.96652390971033,-13.40120876675277],[-72.96651631325433,-13.402112437250283],[-72.96559323166068,-13.402104998580356]]]}},{"type":"Feature","properties":{"Cell_ID":132,"Area_ha":1.0,"LC":"5:0.953282,13:0.046718","XMIN":720194.86160847,"YMIN":8517389.517664917,"XMAX":720294.86160847,"YMAX":8517489.517664917},"geometry":{"type":"Polygon","coordinates":[[[-72.9655856312023,-13.403008668489438],[-72.96559323166068,-13.402104998580356],[-72.96651631325433,-13.402112437250283],[-72.96650871623876,-13.403016107678999],[-72.9655856312023,-13.403008668489438]]]}},{"type":"Feature","properties":{"Cell_ID":133,"Area_ha":1.0,"LC":"5:0.629091,13:0.370909","XMIN":720194.86160847,"YMIN":8517289.517664917,"XMAX":720294.86160847,"YMAX":8517389.517664917},"geometry":{"type":"Polygon","coordinates":[[[-72.96557803018408,-13.403912338329725],[-72.9655856312023,-13.403008668489438],[-72.96650871623876,-13.403016107678999],[-72.96650111866359,-13.403919778038928],[-72.96557803018408,-13.403912338329725]]]}},{"type":"Feature","properties":{"Cell_ID":134,"Area_ha":1.0,"LC":"5:0.105992,13:0.894008","XMIN":720194.86160847,"YMIN":8517189.517664917,"XMAX":720294.86160847,"YMAX":8517289.517664917},"geometry":{"type":"Polygon","coordinates":[[[-72.96557042860599,-13.404816008101207],[-72.96557803018408,-13.403912338329725],[-72.96650111866359,-13.403919778038928],[-72.9664935205288,-13.404823448330056],[-72.96557042860599,-13.404816008101207]]]}},{"type":"Feature","properties":{"Cell_ID":135,"Area_ha":1.0,"LC":"5:0.356292,13:0.643708","XMIN":720194.86160847,"YMIN":8517089.517664917,"XMAX":720294.86160847,"YMAX":8517189.517664917},"geometry":{"type":"Polygon","coordinates":[[[-72.96556282646803,-13.405719677803878],[-72.96557042860599,-13.404816008101207],[-72.9664935205288,-13.404823448330056],[-72.96648592183439,-13.40572711855238],[-72.96556282646803,-13.405719677803878]]]}},{"type":"Feature","properties":{"Cell_ID":136,"Area_ha":1.0,"LC":"5:0.999221,13:0.000779","XMIN":720194.86160847,"YMIN":8516989.517664917,"XMAX":720294.86160847,"YMAX":8517089.517664917},"geometry":{"type":"Polygon","coordinates":[[[-72.96555522377017,-13.406623347437742],[-72.96556282646803,-13.405719677803878],[-72.96648592183439,-13.40572711855238],[-72.96647832258037,-13.406630788705893],[-72.96555522377017,-13.406623347437742]]]}},{"type":"Feature","properties":{"Cell_ID":137,"Area_ha":1.0,"LC":"5:0.738495,9:0.261505","XMIN":720194.86160847,"YMIN":8516889.517664917,"XMAX":720294.86160847,"YMAX":8516989.517664917},"geometry":{"type":"Polygon","coordinates":[[[-72.96554762051244,-13.40752701700279],[-72.96555522377017,-13.406623347437742],[-72.96647832258037,-13.406630788705893],[-72.9664707227667,-13.407534458790598],[-72.96554762051244,-13.40752701700279]]]}},{"type":"Feature","properties":{"Cell_ID":138,"Area_ha":1.0,"LC":"5:0.512709,9:0.487291","XMIN":720194.86160847,"YMIN":8516789.517664917,"XMAX":720294.86160847,"YMAX":8516889.517664917},"geometry":{"type":"Polygon","coordinates":[[[-72.9655400166948,-13.408430686499019],[-72.96554762051244,-13.40752701700279],[-72.9664707227667,-13.407534458790598],[-72.96646312239339,-13.408438128806484],[-72.9655400166948,-13.408430686499019]]]}},{"type":"Feature","properties":{"Cell_ID":139,"Area_ha":1.0,"LC":"5:0.370909,9:0.629091","XMIN":720194.86160847,"YMIN":8516689.517664917,"XMAX":720294.86160847,"YMAX":8516789.517664917},"geometry":{"type":"Polygon","coordinates":[[[-72.96553241231726,-13.40933435592642],[-72.9655400166948,-13.408430686499019],[-72.96646312239339,-13.408438128806484],[-72.9664555214604,-13.409341798753552],[-72.96553241231726,-13.40933435592642]]]}},{"type":"Feature","properties":{"Cell_ID":140,"Area_ha":1.0,"LC":"3:0.190352,5:0.744625,9:0.065022","XMIN":720194.86160847,"YMIN":8516589.517664917,"XMAX":720294.86160847,"YMAX":8516689.517664917},"geometry":{"type":"Polygon","coordinates":[[[-72.9655248073798,-13.410238025284997],[-72.96553241231726,-13.40933435592642],[-72.9664555214604,-13.409341798753552],[-72.96644791996776,-13.410245468631794],[-72.9655248073798,-13.410238025284997]]]}},{"type":"Feature","properties":{"Cell_ID":141,"Area_ha":1.0,"LC":"3:0.127709,5:0.579634,9:0.292657","XMIN":720194.86160847,"YMIN":8516489.517664917,"XMAX":720294.86160847,"YMAX":8516589.517664917},"geometry":{"type":"Polygon","coordinates":[[[-72.96551720188239,-13.411141694574736],[-72.9655248073798,-13.410238025284997],[-72.96644791996776,-13.410245468631794],[-72.96644031791544,-13.411149138441205],[-72.96551720188239,-13.411141694574736]]]}},{"type":"Feature","properties":{"Cell_ID":142,"Area_ha":1.0,"LC":"5:0.436969,9:0.563031","XMIN":720194.86160847,"YMIN":8516389.517664917,"XMAX":720294.86160847,"YMAX":8516489.517664917},"geometry":{"type":"Polygon","coordinates":[[[-72.96550959582504,-13.412045363795642],[-72.96551720188239,-13.411141694574736],[-72.96644031791544,-13.411149138441205],[-72.96643271530344,-13.412052808181786],[-72.96550959582504,-13.412045363795642]]]}},{"type":"Feature","properties":{"Cell_ID":143,"Area_ha":1.0,"LC":"5:0.689817,6:0.015566,9:0.294617","XMIN":720194.86160847,"YMIN":8516289.517664917,"XMAX":720294.86160847,"YMAX":8516389.517664917},"geometry":{"type":"Polygon","coordinates":[[[-72.96550198920775,-13.412949032947704],[-72.96550959582504,-13.412045363795642],[-72.96643271530344,-13.412052808181786],[-72.96642511213173,-13.412956477853525],[-72.96550198920775,-13.412949032947704]]]}},{"type":"Feature","properties":{"Cell_ID":144,"Area_ha":1.0,"LC":"16:0.825383,17:0.123462","XMIN":720294.86160847,"YMIN":8518789.517664917,"XMAX":720394.86160847,"YMAX":8518889.517664917},"geometry":{"type":"Polygon","coordinates":[[[-72.96476895037699,-13.390349848221192],[-72.96477654643772,-13.389446177869209],[-72.96569957929913,-13.389453612631808],[-72.96569198667761,-13.390357283503612],[-72.96476895037699,-13.390349848221192]]]}},{"type":"Feature","properties":{"Cell_ID":145,"Area_ha":1.0,"LC":"13:0.185765,16:0.814235","XMIN":720294.86160847,"YMIN":8518689.517664917,"XMAX":720394.86160847,"YMAX":8518789.517664917},"geometry":{"type":"Polygon","coordinates":[[[-72.96476135375627,-13.391253518504431],[-72.96476895037699,-13.390349848221192],[-72.96569198667761,-13.390357283503612],[-72.9656843934964,-13.391260954306677],[-72.96476135375627,-13.391253518504431]]]}},{"type":"Feature","properties":{"Cell_ID":146,"Area_ha":1.0,"LC":"13:0.586770,16:0.413230","XMIN":720294.86160847,"YMIN":8518589.517664917,"XMAX":720394.86160847,"YMAX":8518689.517664917},"geometry":{"type":"Polygon","coordinates":[[[-72.96475375657559,-13.392157188718926],[-72.96476135375627,-13.391253518504431],[-72.9656843934964,-13.391260954306677],[-72.96567679975547,-13.392164625041001],[-72.96475375657559,-13.392157188718926]]]}},{"type":"Feature","properties":{"Cell_ID":147,"Area_ha":1.0,"LC":"5:0.124779,13:0.598252,16:0.276969","XMIN":720294.86160847,"YMIN":8518489.517664917,"XMAX":720394.86160847,"YMAX":8518589.517664917},"geometry":{"type":"Polygon","coordinates":[[[-72.96474615883493,-13.39306085886467],[-72.96475375657559,-13.392157188718926],[-72.96567679975547,-13.392164625041001],[-72.9656692054548,-13.39306829570658],[-72.96474615883493,-13.39306085886467]]]}},{"type":"Feature","properties":{"Cell_ID":148,"Area_ha":1.0,"LC":"5:0.603413,13:0.055566,16:0.341022","XMIN":720294.86160847,"YMIN":8518389.517664917,"XMAX":720394.86160847,"YMAX":8518489.517664917},"geometry":{"type":"Polygon","coordinates":[[[-72.96473856053426,-13.393964528941662],[-72.96474615883493,-13.39306085886467],[-72.9656692054548,-13.39306829570658],[-72.9656616105944,-13.393971966303404],[-72.96473856053426,-13.393964528941662]]]}},{"type":"Feature","properties":{"Cell_ID":149,"Area_ha":1.0,"LC":"5:0.324847,13:0.675153","XMIN":720294.86160847,"YMIN":8518289.517664917,"XMAX":720394.86160847,"YMAX":8518389.517664917},"geometry":{"type":"Polygon","coordinates":[[[-72.9647309616736,-13.394868198949895],[-72.96473856053426,-13.393964528941662],[-72.9656616105944,-13.393971966303404],[-72.96565401517422,-13.394875636831475],[-72.9647309616736,-13.394868198949895]]]}},{"type":"Feature","properties":{"Cell_ID":150,"Area_ha":1.0,"LC":"5:0.580604,9:0.117092,13:0.302305","XMIN":720294.86160847,"YMIN":8518189.517664917,"XMAX":720394.86160847,"YMAX":8518289.517664917},"geometry":{"type":"Polygon","coordinates":[[[-72.96472336225291,-13.395771868889364],[-72.9647309616736,-13.394868198949895],[-72.96565401517422,-13.394875636831475],[-72.96564641919431,-13.39577930729079],[-72.96472336225291,-13.395771868889364]]]}},{"type":"Feature","properties":{"Cell_ID":151,"Area_ha":1.0,"LC":"5:0.795809,9:0.055756,13:0.148435","XMIN":720294.86160847,"YMIN":8518089.517664917,"XMAX":720394.86160847,"YMAX":8518189.517664917},"geometry":{"type":"Polygon","coordinates":[[[-72.9647157622722,-13.396675538760066],[-72.96472336225291,-13.395771868889364],[-72.96564641919431,-13.39577930729079],[-72.96563882265461,-13.396682977681339],[-72.9647157622722,-13.396675538760066]]]}},{"type":"Feature","properties":{"Cell_ID":152,"Area_ha":1.0,"LC":"5:0.375756,9:0.624244","XMIN":720294.86160847,"YMIN":8517989.517664917,"XMAX":720394.86160847,"YMAX":8518089.517664917},"geometry":{"type":"Polygon","coordinates":[[[-72.96470816173145,-13.397579208561995],[-72.9647157622722,-13.396675538760066],[-72.96563882265461,-13.396682977681339],[-72.96563122555513,-13.397586648003118],[-72.96470816173145,-13.397579208561995]]]}},{"type":"Feature","properties":{"Cell_ID":153,"Area_ha":1.0,"LC":"5:1.000000","XMIN":720294.86160847,"YMIN":8517889.517664917,"XMAX":720394.86160847,"YMAX":8517989.517664917},"geometry":{"type":"Polygon","coordinates":[[[-72.96470056063067,-13.398482878295153],[-72.96470816173145,-13.397579208561995],[-72.96563122555513,-13.397586648003118],[-72.96562362789587,-13.398490318256128],[-72.96470056063067,-13.398482878295153]]]}},{"type":"Feature","properties":{"Cell_ID":154,"Area_ha":1.0,"LC":"5:1.000000","XMIN":720294.86160847,"YMIN":8517789.517664917,"XMAX":720394.86160847,"YMAX":8517889.517664917},"geometry":{"type":"Polygon","coordinates":[[[-72.96469295896982,-13.399386547959528],[-72.96470056063067,-13.398482878295153],[-72.96562362789587,-13.398490318256128],[-72.9656160296768,-13.39939398844036],[-72.96469295896982,-13.399386547959528]]]}},{"type":"Feature","properties":{"Cell_ID":155,"Area_ha":1.0,"LC":"5:1.000000","XMIN":720294.86160847,"YMIN":8517689.517664917,"XMAX":720394.86160847,"YMAX":8517789.517664917},"geometry":{"type":"Polygon","coordinates":[[[-72.96468535674892,-13.400290217555117],[-72.96469295896982,-13.399386547959528],[-72.9656160296768,-13.39939398844036],[-72.96560843089792,-13.400297658555813],[-72.96468535674892,-13.400290217555117]]]}},{"type":"Feature","properties":{"Cell_ID":156,"Area_ha":1.0,"LC":"5:0.997870,9:0.002130","XMIN":720294.86160847,"YMIN":8517589.517664917,"XMAX":720394.86160847,"YMAX":8517689.517664917},"geometry":{"type":"Polygon","coordinates":[[[-72.96467775396793,-13.401193887081918],[-72.96468535674892,-13.400290217555117],[-72.96560843089792,-13.400297658555813],[-72.96560083155921,-13.401201328602479],[-72.96467775396793,-13.401193887081918]]]}},{"type":"Feature","properties":{"Cell_ID":157,"Area_ha":1.0,"LC":"5:0.998252,9:0.001748","XMIN":720294.86160847,"YMIN":8517489.517664917,"XMAX":720394.86160847,"YMAX":8517589.517664917},"geometry":{"type":"Polygon","coordinates":[[[-72.96467015062686,-13.402097556539925],[-72.96467775396793,-13.401193887081918],[-72.96560083155921,-13.401201328602479],[-72.96559323166068,-13.402104998580356],[-72.96467015062686,-13.402097556539925]]]}},{"type":"Feature","properties":{"Cell_ID":158,"Area_ha":1.0,"LC":"5:1.000000","XMIN":720294.86160847,"YMIN":8517389.517664917,"XMAX":720394.86160847,"YMAX":8517489.517664917},"geometry":{"type":"Polygon","coordinates":[[[-72.96466254672569,-13.403001225929133],[-72.96467015062686,-13.402097556539925],[-72.96559323166068,-13.402104998580356],[-72.9655856312023,-13.403008668489438],[-72.96466254672569,-13.403001225929133]]]}},{"type":"Feature","properties":{"Cell_ID":159,"Area_ha":1.0,"LC":"5:0.693266,13:0.306734","XMIN":720294.86160847,"YMIN":8517289.517664917,"XMAX":720394.86160847,"YMAX":8517389.517664917},"geometry":{"type":"Polygon","coordinates":[[[-72.96465494226442,-13.403904895249543],[-72.96466254672569,-13.403001225929133],[-72.9655856312023,-13.403008668489438],[-72.96557803018408,-13.403912338329725],[-72.96465494226442,-13.403904895249543]]]}},{"type":"Feature","properties":{"Cell_ID":160,"Area_ha":1.0,"LC":"5:0.142496,13:0.857504","XMIN":720294.86160847,"YMIN":8517189.517664917,"XMAX":720394.86160847,"YMAX":8517289.517664917},"geometry":{"type":"Polygon","coordinates":[[[-72.96464733724302,-13.404808564501147],[-72.96465494226442,-13.403904895249543],[-72.96557803018408,-13.403912338329725],[-72.96557042860599,-13.404816008101207],[-72.96464733724302,-13.404808564501147]]]}},{"type":"Feature","properties":{"Cell_ID":161,"Area_ha":1.0,"LC":"5:0.007878,13:0.992122","XMIN":720294.86160847,"YMIN":8517089.517664917,"XMAX":720394.86160847,"YMAX":8517189.517664917},"geometry":{"type":"Polygon","coordinates":[[[-72.96463973166152,-13.405712233683934],[-72.96464733724302,-13.404808564501147],[-72.96557042860599,-13.404816008101207],[-72.96556282646803,-13.405719677803878],[-72.96463973166152,-13.405712233683934]]]}},{"type":"Feature","properties":{"Cell_ID":162,"Area_ha":1.0,"LC":"5:0.499566,13:0.500434","XMIN":720294.86160847,"YMIN":8516989.517664917,"XMAX":720394.86160847,"YMAX":8517089.517664917},"geometry":{"type":"Polygon","coordinates":[[[-72.96463212551987,-13.406615902797911],[-72.96463973166152,-13.405712233683934],[-72.96556282646803,-13.405719677803878],[-72.96555522377017,-13.406623347437742],[-72.96463212551987,-13.406615902797911]]]}},{"type":"Feature","properties":{"Cell_ID":163,"Area_ha":1.0,"LC":"5:0.966130,13:0.033870","XMIN":720294.86160847,"YMIN":8516889.517664917,"XMAX":720394.86160847,"YMAX":8516989.517664917},"geometry":{"type":"Polygon","coordinates":[[[-72.96462451881807,-13.407519571843068],[-72.96463212551987,-13.406615902797911],[-72.96555522377017,-13.406623347437742],[-72.96554762051244,-13.40752701700279],[-72.96462451881807,-13.407519571843068]]]}},{"type":"Feature","properties":{"Cell_ID":164,"Area_ha":1.0,"LC":"5:0.879639,9:0.120361","XMIN":720294.86160847,"YMIN":8516789.517664917,"XMAX":720394.86160847,"YMAX":8516889.517664917},"geometry":{"type":"Polygon","coordinates":[[[-72.96461691155613,-13.408423240819399],[-72.96462451881807,-13.407519571843068],[-72.96554762051244,-13.40752701700279],[-72.9655400166948,-13.408430686499019],[-72.96461691155613,-13.408423240819399]]]}},{"type":"Feature","properties":{"Cell_ID":165,"Area_ha":1.0,"LC":"5:0.242908,9:0.757092","XMIN":720294.86160847,"YMIN":8516689.517664917,"XMAX":720394.86160847,"YMAX":8516789.517664917},"geometry":{"type":"Polygon","coordinates":[[[-72.96460930373401,-13.409326909726902],[-72.96461691155613,-13.408423240819399],[-72.9655400166948,-13.408430686499019],[-72.96553241231726,-13.40933435592642],[-72.96460930373401,-13.409326909726902]]]}},{"type":"Feature","properties":{"Cell_ID":166,"Area_ha":1.0,"LC":"3:0.064795,5:0.692657,9:0.242548","XMIN":720294.86160847,"YMIN":8516589.517664917,"XMAX":720394.86160847,"YMAX":8516689.517664917},"geometry":{"type":"Polygon","coordinates":[[[-72.96460169535173,-13.410230578565573],[-72.96460930373401,-13.409326909726902],[-72.96553241231726,-13.40933435592642],[-72.9655248073798,-13.410238025284997],[-72.96460169535173,-13.410230578565573]]]}},{"type":"Feature","properties":{"Cell_ID":167,"Area_ha":1.0,"LC":"3:0.732726,5:0.267274","XMIN":720294.86160847,"YMIN":8516489.517664917,"XMAX":720394.86160847,"YMAX":8516589.517664917},"geometry":{"type":"Polygon","coordinates":[[[-72.96459408640926,-13.411134247335408],[-72.96460169535173,-13.410230578565573],[-72.9655248073798,-13.410238025284997],[-72.96551720188239,-13.411141694574736],[-72.96459408640926,-13.411134247335408]]]}},{"type":"Feature","properties":{"Cell_ID":168,"Area_ha":1.0,"LC":"3:0.612174,5:0.203222,6:0.184604","XMIN":720294.86160847,"YMIN":8516389.517664917,"XMAX":720394.86160847,"YMAX":8516489.517664917},"geometry":{"type":"Polygon","coordinates":[[[-72.96458647690659,-13.412037916036402],[-72.96459408640926,-13.411134247335408],[-72.96551720188239,-13.411141694574736],[-72.96550959582504,-13.412045363795642],[-72.96458647690659,-13.412037916036402]]]}},{"type":"Feature","properties":{"Cell_ID":169,"Area_ha":1.0,"LC":"5:0.495756,6:0.504244","XMIN":720294.86160847,"YMIN":8516289.517664917,"XMAX":720394.86160847,"YMAX":8516389.517664917},"geometry":{"type":"Polygon","coordinates":[[[-72.96457886684372,-13.412941584668552],[-72.96458647690659,-13.412037916036402],[-72.96550959582504,-13.412045363795642],[-72.96550198920775,-13.412949032947704],[-72.96457886684372,-13.412941584668552]]]}},{"type":"Feature","properties":{"Cell_ID":170,"Area_ha":1.0,"LC":"3:0.025765,5:0.942114,6:0.032122","XMIN":720294.86160847,"YMIN":8516189.517664917,"XMAX":720394.86160847,"YMAX":8516289.517664917},"geometry":{"type":"Polygon","coordinates":[[[-72.96457125622062,-13.413845253231846],[-72.96457886684372,-13.412941584668552],[-72.96550198920775,-13.412949032947704],[-72.96549438203049,-13.413852702030917],[-72.96457125622062,-13.413845253231846]]]}},{"type":"Feature","properties":{"Cell_ID":171,"Area_ha":1.0,"LC":"3:0.097144,5:0.902856","XMIN":720294.86160847,"YMIN":8516089.517664917,"XMAX":720394.86160847,"YMAX":8516189.517664917},"geometry":{"type":"Polygon","coordinates":[[[-72.96456364503732,-13.414748921726295],[-72.96457125622062,-13.413845253231846],[-72.96549438203049,-13.413852702030917],[-72.96548677429327,-13.414756371045284],[-72.96456364503732,-13.414748921726295]]]}},{"type":"Feature","properties":{"Cell_ID":172,"Area_ha":1.0,"LC":"5:0.953282,6:0.046718","XMIN":720294.86160847,"YMIN":8515989.517664917,"XMAX":720394.86160847,"YMAX":8516089.517664917},"geometry":{"type":"Polygon","coordinates":[[[-72.96455603329377,-13.41565259015188],[-72.96456364503732,-13.414748921726295],[-72.96548677429327,-13.414756371045284],[-72.96547916599606,-13.415660039990797],[-72.96455603329377,-13.41565259015188]]]}},{"type":"Feature","properties":{"Cell_ID":173,"Area_ha":1.0,"LC":"5:0.621213,6:0.195153,9:0.183635","XMIN":720294.86160847,"YMIN":8515889.517664917,"XMAX":720394.86160847,"YMAX":8515989.517664917},"geometry":{"type":"Polygon","coordinates":[[[-72.96454842098997,-13.416556258508603],[-72.96455603329377,-13.41565259015188],[-72.96547916599606,-13.415660039990797],[-72.96547155713886,-13.416563708867443],[-72.96454842098997,-13.416556258508603]]]}},{"type":"Feature","properties":{"Cell_ID":174,"Area_ha":1.0,"LC":"5:0.190961,6:0.031343,9:0.496365,13:0.281330","XMIN":720294.86160847,"YMIN":8515789.517664917,"XMAX":720394.86160847,"YMAX":8515889.517664917},"geometry":{"type":"Polygon","coordinates":[[[-72.96454080812593,-13.417459926796456],[-72.96454842098997,-13.416556258508603],[-72.96547155713886,-13.416563708867443],[-72.96546394772164,-13.417467377675234],[-72.96454080812593,-13.417459926796456]]]}},{"type":"Feature","properties":{"Cell_ID":175,"Area_ha":1.0,"LC":"9:0.322717,13:0.001160,16:0.676122","XMIN":720394.86160847,"YMIN":8518789.517664917,"XMAX":720494.86160847,"YMAX":8518889.517664917},"geometry":{"type":"Polygon","coordinates":[[[-72.96384591463632,-13.39034240957133],[-72.96385351413629,-13.389438739739406],[-72.96477654643772,-13.389446177869209],[-72.96476895037699,-13.390349848221192],[-72.96384591463632,-13.39034240957133]]]}},{"type":"Feature","properties":{"Cell_ID":176,"Area_ha":1.0,"LC":"5:0.215756,13:0.385383,16:0.398861","XMIN":720394.86160847,"YMIN":8518689.517664917,"XMAX":720494.86160847,"YMAX":8518789.517664917},"geometry":{"type":"Polygon","coordinates":[[[-72.96383831457614,-13.391246079334513],[-72.96384591463632,-13.39034240957133],[-72.96476895037699,-13.390349848221192],[-72.96476135375627,-13.391253518504431],[-72.96383831457614,-13.391246079334513]]]}},{"type":"Feature","properties":{"Cell_ID":177,"Area_ha":1.0,"LC":"5:0.487878,9:0.002130,13:0.502305,16:0.007687","XMIN":720394.86160847,"YMIN":8518589.517664917,"XMAX":720494.86160847,"YMAX":8518689.517664917},"geometry":{"type":"Polygon","coordinates":[[[-72.9638307139557,-13.392149749028944],[-72.96383831457614,-13.391246079334513],[-72.96476135375627,-13.391253518504431],[-72.96475375657559,-13.392157188718926],[-72.9638307139557,-13.392149749028944]]]}},{"type":"Feature","properties":{"Cell_ID":178,"Area_ha":1.0,"LC":"5:0.508312,9:0.000779,13:0.032122,16:0.458787","XMIN":720394.86160847,"YMIN":8518489.517664917,"XMAX":720494.86160847,"YMAX":8518589.517664917},"geometry":{"type":"Polygon","coordinates":[[[-72.96382311277506,-13.393053418654622],[-72.9638307139557,-13.392149749028944],[-72.96475375657559,-13.392157188718926],[-72.96474615883493,-13.39306085886467],[-72.96382311277506,-13.393053418654622]]]}},{"type":"Feature","properties":{"Cell_ID":179,"Area_ha":1.0,"LC":"5:0.171374,16:0.828626","XMIN":720394.86160847,"YMIN":8518389.517664917,"XMAX":720494.86160847,"YMAX":8518489.517664917},"geometry":{"type":"Polygon","coordinates":[[[-72.96381551103414,-13.393957088211542],[-72.96382311277506,-13.393053418654622],[-72.96474615883493,-13.39306085886467],[-72.96473856053426,-13.393964528941662],[-72.96381551103414,-13.393957088211542]]]}},{"type":"Feature","properties":{"Cell_ID":180,"Area_ha":1.0,"LC":"5:0.443031,16:0.556969","XMIN":720394.86160847,"YMIN":8518289.517664917,"XMAX":720494.86160847,"YMAX":8518389.517664917},"geometry":{"type":"Polygon","coordinates":[[[-72.96380790873297,-13.3948607576997],[-72.96381551103414,-13.393957088211542],[-72.96473856053426,-13.393964528941662],[-72.9647309616736,-13.394868198949895],[-72.96380790873297,-13.3948607576997]]]}},{"type":"Feature","properties":{"Cell_ID":181,"Area_ha":1.0,"LC":"5:0.890909,16:0.109091","XMIN":720394.86160847,"YMIN":8518189.517664917,"XMAX":720494.86160847,"YMAX":8518289.517664917},"geometry":{"type":"Polygon","coordinates":[[[-72.96380030587154,-13.39576442711909],[-72.96380790873297,-13.3948607576997],[-72.9647309616736,-13.394868198949895],[-72.96472336225291,-13.395771868889364],[-72.96380030587154,-13.39576442711909]]]}},{"type":"Feature","properties":{"Cell_ID":182,"Area_ha":1.0,"LC":"5:0.743465,6:0.127878,9:0.127878,16:0.000779","XMIN":720394.86160847,"YMIN":8518089.517664917,"XMAX":720494.86160847,"YMAX":8518189.517664917},"geometry":{"type":"Polygon","coordinates":[[[-72.96379270244982,-13.396668096469712],[-72.96380030587154,-13.39576442711909],[-72.96472336225291,-13.395771868889364],[-72.9647157622722,-13.396675538760066],[-72.96379270244982,-13.396668096469712]]]}},{"type":"Feature","properties":{"Cell_ID":183,"Area_ha":1.0,"LC":"5:0.361939,6:0.287878,9:0.350183","XMIN":720394.86160847,"YMIN":8517989.517664917,"XMAX":720494.86160847,"YMAX":8518089.517664917},"geometry":{"type":"Polygon","coordinates":[[[-72.96378509846782,-13.397571765751554],[-72.96379270244982,-13.396668096469712],[-72.9647157622722,-13.396675538760066],[-72.96470816173145,-13.397579208561995],[-72.96378509846782,-13.397571765751554]]]}},{"type":"Feature","properties":{"Cell_ID":184,"Area_ha":1.0,"LC":"5:0.600000,6:0.400000","XMIN":720394.86160847,"YMIN":8517889.517664917,"XMAX":720494.86160847,"YMAX":8517989.517664917},"geometry":{"type":"Polygon","coordinates":[[[-72.96377749392552,-13.39847543496462],[-72.96378509846782,-13.397571765751554],[-72.96470816173145,-13.397579208561995],[-72.96470056063067,-13.398482878295153],[-72.96377749392552,-13.39847543496462]]]}},{"type":"Feature","properties":{"Cell_ID":185,"Area_ha":1.0,"LC":"5:0.527878,6:0.472122","XMIN":720394.86160847,"YMIN":8517789.517664917,"XMAX":720494.86160847,"YMAX":8517889.517664917},"geometry":{"type":"Polygon","coordinates":[[[-72.96376988882291,-13.399379104108903],[-72.96377749392552,-13.39847543496462],[-72.96470056063067,-13.398482878295153],[-72.96469295896982,-13.399386547959528],[-72.96376988882291,-13.399379104108903]]]}},{"type":"Feature","properties":{"Cell_ID":186,"Area_ha":1.0,"LC":"5:0.704244,6:0.295756","XMIN":720394.86160847,"YMIN":8517689.517664917,"XMAX":720494.86160847,"YMAX":8517789.517664917},"geometry":{"type":"Polygon","coordinates":[[[-72.96376228315998,-13.400282773184394],[-72.96376988882291,-13.399379104108903],[-72.96469295896982,-13.399386547959528],[-72.96468535674892,-13.400290217555117],[-72.96376228315998,-13.400282773184394]]]}},{"type":"Feature","properties":{"Cell_ID":187,"Area_ha":1.0,"LC":"5:0.314252,6:0.096365,9:0.589383","XMIN":720394.86160847,"YMIN":8517589.517664917,"XMAX":720494.86160847,"YMAX":8517689.517664917},"geometry":{"type":"Polygon","coordinates":[[[-72.96375467693673,-13.401186442191095],[-72.96376228315998,-13.400282773184394],[-72.96468535674892,-13.400290217555117],[-72.96467775396793,-13.401193887081918],[-72.96375467693673,-13.401186442191095]]]}},{"type":"Feature","properties":{"Cell_ID":188,"Area_ha":1.0,"LC":"5:0.593261,9:0.406739","XMIN":720394.86160847,"YMIN":8517489.517664917,"XMAX":720494.86160847,"YMAX":8517589.517664917},"geometry":{"type":"Polygon","coordinates":[[[-72.96374707015312,-13.402090111128997],[-72.96375467693673,-13.401186442191095],[-72.96467775396793,-13.401193887081918],[-72.96467015062686,-13.402097556539925],[-72.96374707015312,-13.402090111128997]]]}},{"type":"Feature","properties":{"Cell_ID":189,"Area_ha":1.0,"LC":"5:1.000000","XMIN":720394.86160847,"YMIN":8517389.517664917,"XMAX":720494.86160847,"YMAX":8517489.517664917},"geometry":{"type":"Polygon","coordinates":[[[-72.96373946280919,-13.402993779998098],[-72.96374707015312,-13.402090111128997],[-72.96467015062686,-13.402097556539925],[-72.96466254672569,-13.403001225929133],[-72.96373946280919,-13.402993779998098]]]}},{"type":"Feature","properties":{"Cell_ID":190,"Area_ha":1.0,"LC":"5:0.360609,13:0.639391","XMIN":720394.86160847,"YMIN":8517289.517664917,"XMAX":720494.86160847,"YMAX":8517389.517664917},"geometry":{"type":"Polygon","coordinates":[[[-72.96373185490488,-13.403897448798395],[-72.96373946280919,-13.402993779998098],[-72.96466254672569,-13.403001225929133],[-72.96465494226442,-13.403904895249543],[-72.96373185490488,-13.403897448798395]]]}},{"type":"Feature","properties":{"Cell_ID":191,"Area_ha":1.0,"LC":"13:1.000000","XMIN":720394.86160847,"YMIN":8517189.517664917,"XMAX":720494.86160847,"YMAX":8517289.517664917},"geometry":{"type":"Polygon","coordinates":[[[-72.9637242464402,-13.404801117529882],[-72.96373185490488,-13.403897448798395],[-72.96465494226442,-13.403904895249543],[-72.96464733724302,-13.404808564501147],[-72.9637242464402,-13.404801117529882]]]}},{"type":"Feature","properties":{"Cell_ID":192,"Area_ha":1.0,"LC":"9:0.010008,13:0.989992","XMIN":720394.86160847,"YMIN":8517089.517664917,"XMAX":720494.86160847,"YMAX":8517189.517664917},"geometry":{"type":"Polygon","coordinates":[[[-72.96371663741516,-13.405704786192553],[-72.9637242464402,-13.404801117529882],[-72.96464733724302,-13.404808564501147],[-72.96463973166152,-13.405712233683934],[-72.96371663741516,-13.405704786192553]]]}},{"type":"Feature","properties":{"Cell_ID":193,"Area_ha":1.0,"LC":"9:0.090596,13:0.909404","XMIN":720394.86160847,"YMIN":8516989.517664917,"XMAX":720494.86160847,"YMAX":8517089.517664917},"geometry":{"type":"Polygon","coordinates":[[[-72.96370902782971,-13.406608454786403],[-72.96371663741516,-13.405704786192553],[-72.96463973166152,-13.405712233683934],[-72.96463212551987,-13.406615902797911],[-72.96370902782971,-13.406608454786403]]]}},{"type":"Feature","properties":{"Cell_ID":194,"Area_ha":1.0,"LC":"5:0.340535,9:0.480000,13:0.179465","XMIN":720394.86160847,"YMIN":8516889.517664917,"XMAX":720494.86160847,"YMAX":8516989.517664917},"geometry":{"type":"Polygon","coordinates":[[[-72.96370141768386,-13.407512123311434],[-72.96370902782971,-13.406608454786403],[-72.96463212551987,-13.406615902797911],[-72.96462451881807,-13.407519571843068],[-72.96370141768386,-13.407512123311434]]]}},{"type":"Feature","properties":{"Cell_ID":195,"Area_ha":1.0,"LC":"5:0.717473,9:0.278840,13:0.003687","XMIN":720394.86160847,"YMIN":8516789.517664917,"XMAX":720494.86160847,"YMAX":8516889.517664917},"geometry":{"type":"Polygon","coordinates":[[[-72.96369380697763,-13.408415791767636],[-72.96370141768386,-13.407512123311434],[-72.96462451881807,-13.407519571843068],[-72.96461691155613,-13.408423240819399],[-72.96369380697763,-13.408415791767636]]]}},{"type":"Feature","properties":{"Cell_ID":196,"Area_ha":1.0,"LC":"5:0.841939,9:0.158061","XMIN":720394.86160847,"YMIN":8516689.517664917,"XMAX":720494.86160847,"YMAX":8516789.517664917},"geometry":{"type":"Polygon","coordinates":[[[-72.96368619571095,-13.409319460155006],[-72.96369380697763,-13.408415791767636],[-72.96461691155613,-13.408423240819399],[-72.96460930373401,-13.409326909726902],[-72.96368619571095,-13.409319460155006]]]}},{"type":"Feature","properties":{"Cell_ID":197,"Area_ha":1.0,"LC":"3:0.238231,5:0.540243,9:0.221526","XMIN":720394.86160847,"YMIN":8516589.517664917,"XMAX":720494.86160847,"YMAX":8516689.517664917},"geometry":{"type":"Polygon","coordinates":[[[-72.96367858388386,-13.410223128473538],[-72.96368619571095,-13.409319460155006],[-72.96460930373401,-13.409326909726902],[-72.96460169535173,-13.410230578565573],[-72.96367858388386,-13.410223128473538]]]}},{"type":"Feature","properties":{"Cell_ID":198,"Area_ha":1.0,"LC":"3:0.998252,5:0.001748","XMIN":720394.86160847,"YMIN":8516489.517664917,"XMAX":720494.86160847,"YMAX":8516589.517664917},"geometry":{"type":"Polygon","coordinates":[[[-72.96367097149633,-13.41112679672323],[-72.96367858388386,-13.410223128473538],[-72.96460169535173,-13.410230578565573],[-72.96459408640926,-13.411134247335408],[-72.96367097149633,-13.41112679672323]]]}},{"type":"Feature","properties":{"Cell_ID":199,"Area_ha":1.0,"LC":"3:0.718670,5:0.162300,6:0.119031","XMIN":720394.86160847,"YMIN":8516389.517664917,"XMAX":720494.86160847,"YMAX":8516489.517664917},"geometry":{"type":"Polygon","coordinates":[[[-72.96366335854836,-13.412030464904081],[-72.96367097149633,-13.41112679672323],[-72.96459408640926,-13.411134247335408],[-72.96458647690659,-13.412037916036402],[-72.96366335854836,-13.412030464904081]]]}},{"type":"Feature","properties":{"Cell_ID":200,"Area_ha":1.0,"LC":"3:0.057886,5:0.326357,9:0.615756","XMIN":720394.86160847,"YMIN":8516289.517664917,"XMAX":720494.86160847,"YMAX":8516389.517664917},"geometry":{"type":"Polygon","coordinates":[[[-72.96365574503992,-13.412934133016078],[-72.96366335854836,-13.412030464904081],[-72.96458647690659,-13.412037916036402],[-72.96457886684372,-13.412941584668552],[-72.96365574503992,-13.412934133016078]]]}},{"type":"Feature","properties":{"Cell_ID":201,"Area_ha":1.0,"LC":"3:0.746352,5:0.189404,9:0.064244","XMIN":720394.86160847,"YMIN":8516189.517664917,"XMAX":720494.86160847,"YMAX":8516289.517664917},"geometry":{"type":"Polygon","coordinates":[[[-72.963648130971,-13.413837801059223],[-72.96365574503992,-13.412934133016078],[-72.96457886684372,-13.412941584668552],[-72.96457125622062,-13.413845253231846],[-72.963648130971,-13.413837801059223]]]}},{"type":"Feature","properties":{"Cell_ID":202,"Area_ha":1.0,"LC":"3:0.484678,5:0.507444,6:0.007878","XMIN":720394.86160847,"YMIN":8516089.517664917,"XMAX":720494.86160847,"YMAX":8516189.517664917},"geometry":{"type":"Polygon","coordinates":[[[-72.96364051634161,-13.41474146903351],[-72.963648130971,-13.413837801059223],[-72.96457125622062,-13.413845253231846],[-72.96456364503732,-13.414748921726295],[-72.96364051634161,-13.41474146903351]]]}},{"type":"Feature","properties":{"Cell_ID":203,"Area_ha":1.0,"LC":"3:0.003687,5:0.659396,6:0.336917","XMIN":720394.86160847,"YMIN":8515989.517664917,"XMAX":720494.86160847,"YMAX":8516089.517664917},"geometry":{"type":"Polygon","coordinates":[[[-72.96363290115173,-13.415645136938936],[-72.96364051634161,-13.41474146903351],[-72.96456364503732,-13.414748921726295],[-72.96455603329377,-13.41565259015188],[-72.96363290115173,-13.415645136938936]]]}},{"type":"Feature","properties":{"Cell_ID":204,"Area_ha":1.0,"LC":"3:0.000191,5:0.781696,6:0.218113","XMIN":720394.86160847,"YMIN":8515889.517664917,"XMAX":720494.86160847,"YMAX":8515989.517664917},"geometry":{"type":"Polygon","coordinates":[[[-72.96362528540136,-13.416548804775495],[-72.96363290115173,-13.415645136938936],[-72.96455603329377,-13.41565259015188],[-72.96454842098997,-13.416556258508603],[-72.96362528540136,-13.416548804775495]]]}},{"type":"Feature","properties":{"Cell_ID":205,"Area_ha":1.0,"LC":"3:0.000779,5:0.279830,9:0.280969,13:0.438422","XMIN":720394.86160847,"YMIN":8515789.517664917,"XMAX":720494.86160847,"YMAX":8515889.517664917},"geometry":{"type":"Polygon","coordinates":[[[-72.96361766909047,-13.417452472543179],[-72.96362528540136,-13.416548804775495],[-72.96454842098997,-13.416556258508603],[-72.96454080812593,-13.417459926796456],[-72.96361766909047,-13.417452472543179]]]}},{"type":"Feature","properties":{"Cell_ID":206,"Area_ha":1.0,"LC":"13:1.000000","XMIN":720394.86160847,"YMIN":8515689.517664917,"XMAX":720494.86160847,"YMAX":8515789.517664917},"geometry":{"type":"Polygon","coordinates":[[[-72.96361005221907,-13.418356140241992],[-72.96361766909047,-13.417452472543179],[-72.96454080812593,-13.417459926796456],[-72.96453319470162,-13.418363595015439],[-72.96361005221907,-13.418356140241992]]]}},{"type":"Feature","properties":{"Cell_ID":207,"Area_ha":1.0,"LC":"13:1.000000","XMIN":720394.86160847,"YMIN":8515589.517664917,"XMAX":720494.86160847,"YMAX":8515689.517664917},"geometry":{"type":"Polygon","coordinates":[[[-72.96360243478713,-13.419259807871924],[-72.96361005221907,-13.418356140241992],[-72.96453319470162,-13.418363595015439],[-72.96452558071702,-13.41926726316555],[-72.96360243478713,-13.419259807871924]]]}},{"type":"Feature","properties":{"Cell_ID":208,"Area_ha":1.0,"LC":"9:0.010596,13:0.989404","XMIN":720394.86160847,"YMIN":8515489.517664917,"XMAX":720494.86160847,"YMAX":8515589.517664917},"geometry":{"type":"Polygon","coordinates":[[[-72.96359481679467,-13.420163475432972],[-72.96360243478713,-13.419259807871924],[-72.96452558071702,-13.41926726316555],[-72.96451796617215,-13.420170931246775],[-72.96359481679467,-13.420163475432972]]]}},{"type":"Feature","properties":{"Cell_ID":209,"Area_ha":1.0,"LC":"6:0.277092,7:0.031322,9:0.070374,13:0.621213","XMIN":720394.86160847,"YMIN":8515389.517664917,"XMAX":720494.86160847,"YMAX":8515489.517664917},"geometry":{"type":"Polygon","coordinates":[[[-72.96358719824164,-13.421067142925132],[-72.96359481679467,-13.420163475432972],[-72.96451796617215,-13.420170931246775],[-72.96451035106699,-13.421074599259116],[-72.96358719824164,-13.421067142925132]]]}},{"type":"Feature","properties":{"Cell_ID":210,"Area_ha":1.0,"LC":"9:0.039391,16:0.561939,17:0.251851","XMIN":720494.86160847,"YMIN":8518889.517664917,"XMAX":720594.86160847,"YMAX":8518989.517664917},"geometry":{"type":"Polygon","coordinates":[[[-72.96293048239507,-13.389431298242412],[-72.9629380847738,-13.388527628862036],[-72.96386111307605,-13.38853506983874],[-72.96385351413629,-13.389438739739406],[-72.96293048239507,-13.389431298242412]]]}},{"type":"Feature","properties":{"Cell_ID":211,"Area_ha":1.0,"LC":"9:0.398670,13:0.238422,16:0.362908","XMIN":720494.86160847,"YMIN":8518789.517664917,"XMAX":720594.86160847,"YMAX":8518889.517664917},"geometry":{"type":"Polygon","coordinates":[[[-72.96292287945587,-13.390334967554049],[-72.96293048239507,-13.389431298242412],[-72.96385351413629,-13.389438739739406],[-72.96384591463632,-13.39034240957133],[-72.96292287945587,-13.390334967554049]]]}},{"type":"Feature","properties":{"Cell_ID":212,"Area_ha":1.0,"LC":"13:0.960969,16:0.039031","XMIN":720494.86160847,"YMIN":8518689.517664917,"XMAX":720594.86160847,"YMAX":8518789.517664917},"geometry":{"type":"Polygon","coordinates":[[[-72.9629152759562,-13.391238636796933],[-72.96292287945587,-13.390334967554049],[-72.96384591463632,-13.39034240957133],[-72.96383831457614,-13.391246079334513],[-72.9629152759562,-13.391238636796933]]]}},{"type":"Feature","properties":{"Cell_ID":213,"Area_ha":1.0,"LC":"9:0.261696,13:0.738304","XMIN":720494.86160847,"YMIN":8518589.517664917,"XMAX":720594.86160847,"YMAX":8518689.517664917},"geometry":{"type":"Polygon","coordinates":[[[-72.96290767189606,-13.392142305971065],[-72.9629152759562,-13.391238636796933],[-72.96383831457614,-13.391246079334513],[-72.9638307139557,-13.392149749028944],[-72.96290767189606,-13.392142305971065]]]}},{"type":"Feature","properties":{"Cell_ID":214,"Area_ha":1.0,"LC":"5:0.252657,9:0.137335,13:0.610008","XMIN":720494.86160847,"YMIN":8518489.517664917,"XMAX":720594.86160847,"YMAX":8518589.517664917},"geometry":{"type":"Polygon","coordinates":[[[-72.96290006727541,-13.39304597507644],[-72.96290767189606,-13.392142305971065],[-72.9638307139557,-13.392149749028944],[-72.96382311277506,-13.393053418654622],[-72.96290006727541,-13.39304597507644]]]}},{"type":"Feature","properties":{"Cell_ID":215,"Area_ha":1.0,"LC":"5:0.300557,13:0.421022,16:0.278422","XMIN":720494.86160847,"YMIN":8518389.517664917,"XMAX":720594.86160847,"YMAX":8518489.517664917},"geometry":{"type":"Polygon","coordinates":[[[-72.96289246209427,-13.393949644113054],[-72.96290006727541,-13.39304597507644],[-72.96382311277506,-13.393053418654622],[-72.96381551103414,-13.393957088211542],[-72.96289246209427,-13.393949644113054]]]}},{"type":"Feature","properties":{"Cell_ID":216,"Area_ha":1.0,"LC":"9:0.123099,13:0.087878,16:0.789022","XMIN":720494.86160847,"YMIN":8518289.517664917,"XMAX":720594.86160847,"YMAX":8518389.517664917},"geometry":{"type":"Polygon","coordinates":[[[-72.96288485635263,-13.394853313080901],[-72.96289246209427,-13.393949644113054],[-72.96381551103414,-13.393957088211542],[-72.96380790873297,-13.3948607576997],[-72.96288485635263,-13.394853313080901]]]}},{"type":"Feature","properties":{"Cell_ID":217,"Area_ha":1.0,"LC":"5:0.007878,9:0.105574,13:0.115030,16:0.771518","XMIN":720494.86160847,"YMIN":8518189.517664917,"XMAX":720594.86160847,"YMAX":8518289.517664917},"geometry":{"type":"Polygon","coordinates":[[[-72.96287725005044,-13.395756981979979],[-72.96288485635263,-13.394853313080901],[-72.96380790873297,-13.3948607576997],[-72.96380030587154,-13.39576442711909],[-72.96287725005044,-13.395756981979979]]]}},{"type":"Feature","properties":{"Cell_ID":218,"Area_ha":1.0,"LC":"5:0.531688,9:0.434839,13:0.002130,16:0.031343","XMIN":720494.86160847,"YMIN":8518089.517664917,"XMAX":720594.86160847,"YMAX":8518189.517664917},"geometry":{"type":"Polygon","coordinates":[[[-72.96286964318773,-13.396660650810285],[-72.96287725005044,-13.395756981979979],[-72.96380030587154,-13.39576442711909],[-72.96379270244982,-13.396668096469712],[-72.96286964318773,-13.396660650810285]]]}},{"type":"Feature","properties":{"Cell_ID":219,"Area_ha":1.0,"LC":"5:0.683031,9:0.312122,13:0.004847","XMIN":720494.86160847,"YMIN":8517989.517664917,"XMAX":720594.86160847,"YMAX":8518089.517664917},"geometry":{"type":"Polygon","coordinates":[[[-72.96286203576449,-13.397564319571805],[-72.96286964318773,-13.396660650810285],[-72.96379270244982,-13.396668096469712],[-72.96378509846782,-13.397571765751554],[-72.96286203576449,-13.397564319571805]]]}},{"type":"Feature","properties":{"Cell_ID":220,"Area_ha":1.0,"LC":"5:0.923222,9:0.073091,13:0.003687","XMIN":720494.86160847,"YMIN":8517889.517664917,"XMAX":720594.86160847,"YMAX":8517989.517664917},"geometry":{"type":"Polygon","coordinates":[[[-72.96285442778068,-13.398467988264544],[-72.96286203576449,-13.397564319571805],[-72.96378509846782,-13.397571765751554],[-72.96377749392552,-13.39847543496462],[-72.96285442778068,-13.398467988264544]]]}},{"type":"Feature","properties":{"Cell_ID":221,"Area_ha":1.0,"LC":"5:1.000000","XMIN":720494.86160847,"YMIN":8517789.517664917,"XMAX":720594.86160847,"YMAX":8517889.517664917},"geometry":{"type":"Polygon","coordinates":[[[-72.96284681923632,-13.3993716568885],[-72.96285442778068,-13.398467988264544],[-72.96377749392552,-13.39847543496462],[-72.96376988882291,-13.399379104108903],[-72.96284681923632,-13.3993716568885]]]}},{"type":"Feature","properties":{"Cell_ID":222,"Area_ha":1.0,"LC":"5:1.000000","XMIN":720494.86160847,"YMIN":8517689.517664917,"XMAX":720594.86160847,"YMAX":8517789.517664917},"geometry":{"type":"Polygon","coordinates":[[[-72.96283921013138,-13.400275325443658],[-72.96284681923632,-13.3993716568885],[-72.96376988882291,-13.399379104108903],[-72.96376228315998,-13.400282773184394],[-72.96283921013138,-13.400275325443658]]]}},{"type":"Feature","properties":{"Cell_ID":223,"Area_ha":1.0,"LC":"5:1.000000","XMIN":720494.86160847,"YMIN":8517589.517664917,"XMAX":720594.86160847,"YMAX":8517689.517664917},"geometry":{"type":"Polygon","coordinates":[[[-72.96283160046586,-13.40117899393002],[-72.96283921013138,-13.400275325443658],[-72.96376228315998,-13.400282773184394],[-72.96375467693673,-13.401186442191095],[-72.96283160046586,-13.40117899393002]]]}},{"type":"Feature","properties":{"Cell_ID":224,"Area_ha":1.0,"LC":"5:1.000000","XMIN":720494.86160847,"YMIN":8517489.517664917,"XMAX":720594.86160847,"YMAX":8517589.517664917},"geometry":{"type":"Polygon","coordinates":[[[-72.96282399023974,-13.402082662347585],[-72.96283160046586,-13.40117899393002],[-72.96375467693673,-13.401186442191095],[-72.96374707015312,-13.402090111128997],[-72.96282399023974,-13.402082662347585]]]}},{"type":"Feature","properties":{"Cell_ID":225,"Area_ha":1.0,"LC":"5:1.000000","XMIN":720494.86160847,"YMIN":8517389.517664917,"XMAX":720594.86160847,"YMAX":8517489.517664917},"geometry":{"type":"Polygon","coordinates":[[[-72.96281637945303,-13.402986330696345],[-72.96282399023974,-13.402082662347585],[-72.96374707015312,-13.402090111128997],[-72.96373946280919,-13.402993779998098],[-72.96281637945303,-13.402986330696345]]]}},{"type":"Feature","properties":{"Cell_ID":226,"Area_ha":1.0,"LC":"5:0.360609,9:0.003099,13:0.636292","XMIN":720494.86160847,"YMIN":8517289.517664917,"XMAX":720594.86160847,"YMAX":8517389.517664917},"geometry":{"type":"Polygon","coordinates":[[[-72.96280876810572,-13.40388999897629],[-72.96281637945303,-13.402986330696345],[-72.96373946280919,-13.402993779998098],[-72.96373185490488,-13.403897448798395],[-72.96280876810572,-13.40388999897629]]]}},{"type":"Feature","properties":{"Cell_ID":227,"Area_ha":1.0,"LC":"9:0.267322,13:0.732678","XMIN":720494.86160847,"YMIN":8517189.517664917,"XMAX":720594.86160847,"YMAX":8517289.517664917},"geometry":{"type":"Polygon","coordinates":[[[-72.96280115619776,-13.404793667187429],[-72.96280876810572,-13.40388999897629],[-72.96373185490488,-13.403897448798395],[-72.9637242464402,-13.404801117529882],[-72.96280115619776,-13.404793667187429]]]}},{"type":"Feature","properties":{"Cell_ID":228,"Area_ha":1.0,"LC":"9:0.542114,13:0.457886","XMIN":720494.86160847,"YMIN":8517089.517664917,"XMAX":720594.86160847,"YMAX":8517189.517664917},"geometry":{"type":"Polygon","coordinates":[[[-72.96279354372918,-13.405697335329739],[-72.96280115619776,-13.404793667187429],[-72.9637242464402,-13.404801117529882],[-72.96371663741516,-13.405704786192553],[-72.96279354372918,-13.405697335329739]]]}},{"type":"Feature","properties":{"Cell_ID":229,"Area_ha":1.0,"LC":"9:0.109404,13:0.890596","XMIN":720494.86160847,"YMIN":8516989.517664917,"XMAX":720594.86160847,"YMAX":8517089.517664917},"geometry":{"type":"Polygon","coordinates":[[[-72.96278593069995,-13.406601003403235],[-72.96279354372918,-13.405697335329739],[-72.96371663741516,-13.405704786192553],[-72.96370902782971,-13.406608454786403],[-72.96278593069995,-13.406601003403235]]]}},{"type":"Feature","properties":{"Cell_ID":230,"Area_ha":1.0,"LC":"13:1.000000","XMIN":720494.86160847,"YMIN":8516889.517664917,"XMAX":720594.86160847,"YMAX":8516989.517664917},"geometry":{"type":"Polygon","coordinates":[[[-72.96277831711008,-13.407504671407903],[-72.96278593069995,-13.406601003403235],[-72.96370902782971,-13.406608454786403],[-72.96370141768386,-13.407512123311434],[-72.96277831711008,-13.407504671407903]]]}},{"type":"Feature","properties":{"Cell_ID":231,"Area_ha":1.0,"LC":"5:0.198422,13:0.801578","XMIN":720494.86160847,"YMIN":8516789.517664917,"XMAX":720594.86160847,"YMAX":8516889.517664917},"geometry":{"type":"Polygon","coordinates":[[[-72.96277070295953,-13.408408339343737],[-72.96277831711008,-13.407504671407903],[-72.96370141768386,-13.407512123311434],[-72.96369380697763,-13.408415791767636],[-72.96277070295953,-13.408408339343737]]]}},{"type":"Feature","properties":{"Cell_ID":232,"Area_ha":1.0,"LC":"5:1.000000","XMIN":720494.86160847,"YMIN":8516689.517664917,"XMAX":720594.86160847,"YMAX":8516789.517664917},"geometry":{"type":"Polygon","coordinates":[[[-72.96276308824834,-13.409312007210739],[-72.96277070295953,-13.408408339343737],[-72.96369380697763,-13.408415791767636],[-72.96368619571095,-13.409319460155006],[-72.96276308824834,-13.409312007210739]]]}},{"type":"Feature","properties":{"Cell_ID":233,"Area_ha":1.0,"LC":"5:1.000000","XMIN":720494.86160847,"YMIN":8516589.517664917,"XMAX":720594.86160847,"YMAX":8516689.517664917},"geometry":{"type":"Polygon","coordinates":[[[-72.96275547297644,-13.4102156750089],[-72.96276308824834,-13.409312007210739],[-72.96368619571095,-13.409319460155006],[-72.96367858388386,-13.410223128473538],[-72.96275547297644,-13.4102156750089]]]}},{"type":"Feature","properties":{"Cell_ID":234,"Area_ha":1.0,"LC":"3:0.292657,5:0.707343","XMIN":720494.86160847,"YMIN":8516489.517664917,"XMAX":720594.86160847,"YMAX":8516589.517664917},"geometry":{"type":"Polygon","coordinates":[[[-72.96274785714385,-13.411119342738212],[-72.96275547297644,-13.4102156750089],[-72.96367858388386,-13.410223128473538],[-72.96367097149633,-13.41112679672323],[-72.96274785714385,-13.411119342738212]]]}},{"type":"Feature","properties":{"Cell_ID":235,"Area_ha":1.0,"LC":"3:0.159412,5:0.840588","XMIN":720494.86160847,"YMIN":8516389.517664917,"XMAX":720594.86160847,"YMAX":8516489.517664917},"geometry":{"type":"Polygon","coordinates":[[[-72.96274024075056,-13.412023010398682],[-72.96274785714385,-13.411119342738212],[-72.96367097149633,-13.41112679672323],[-72.96366335854836,-13.412030464904081],[-72.96274024075056,-13.412023010398682]]]}},{"type":"Feature","properties":{"Cell_ID":236,"Area_ha":1.0,"LC":"3:0.746352,5:0.253648","XMIN":720494.86160847,"YMIN":8516289.517664917,"XMAX":720594.86160847,"YMAX":8516389.517664917},"geometry":{"type":"Polygon","coordinates":[[[-72.96273262379655,-13.412926677990294],[-72.96274024075056,-13.412023010398682],[-72.96366335854836,-13.412030464904081],[-72.96365574503992,-13.412934133016078],[-72.96273262379655,-13.412926677990294]]]}},{"type":"Feature","properties":{"Cell_ID":237,"Area_ha":1.0,"LC":"3:1.000000","XMIN":720494.86160847,"YMIN":8516189.517664917,"XMAX":720594.86160847,"YMAX":8516289.517664917},"geometry":{"type":"Polygon","coordinates":[[[-72.96272500628184,-13.41383034551305],[-72.96273262379655,-13.412926677990294],[-72.96365574503992,-13.412934133016078],[-72.963648130971,-13.413837801059223],[-72.96272500628184,-13.41383034551305]]]}},{"type":"Feature","properties":{"Cell_ID":238,"Area_ha":1.0,"LC":"3:1.000000","XMIN":720494.86160847,"YMIN":8516089.517664917,"XMAX":720594.86160847,"YMAX":8516189.517664917},"geometry":{"type":"Polygon","coordinates":[[[-72.96271738820639,-13.414734012966944],[-72.96272500628184,-13.41383034551305],[-72.963648130971,-13.413837801059223],[-72.96364051634161,-13.41474146903351],[-72.96271738820639,-13.414734012966944]]]}},{"type":"Feature","properties":{"Cell_ID":239,"Area_ha":1.0,"LC":"3:0.689457,6:0.310543","XMIN":720494.86160847,"YMIN":8515989.517664917,"XMAX":720594.86160847,"YMAX":8516089.517664917},"geometry":{"type":"Polygon","coordinates":[[[-72.9627097695702,-13.415637680351974],[-72.96271738820639,-13.414734012966944],[-72.96364051634161,-13.41474146903351],[-72.96363290115173,-13.415645136938936],[-72.9627097695702,-13.415637680351974]]]}},{"type":"Feature","properties":{"Cell_ID":240,"Area_ha":1.0,"LC":"3:0.375566,5:0.245939,6:0.329457,9:0.049039","XMIN":720494.86160847,"YMIN":8515889.517664917,"XMAX":720594.86160847,"YMAX":8515989.517664917},"geometry":{"type":"Polygon","coordinates":[[[-72.96270215037325,-13.416541347668131],[-72.9627097695702,-13.415637680351974],[-72.96363290115173,-13.415645136938936],[-72.96362528540136,-13.416548804775495],[-72.96270215037325,-13.416541347668131]]]}},{"type":"Feature","properties":{"Cell_ID":241,"Area_ha":1.0,"LC":"3:0.095587,5:0.032122,9:0.672900,13:0.199391","XMIN":720494.86160847,"YMIN":8515789.517664917,"XMAX":720594.86160847,"YMAX":8515889.517664917},"geometry":{"type":"Polygon","coordinates":[[[-72.96269453061554,-13.417445014915414],[-72.96270215037325,-13.416541347668131],[-72.96362528540136,-13.416548804775495],[-72.96361766909047,-13.417452472543179],[-72.96269453061554,-13.417445014915414]]]}},{"type":"Feature","properties":{"Cell_ID":242,"Area_ha":1.0,"LC":"13:1.000000","XMIN":720494.86160847,"YMIN":8515689.517664917,"XMAX":720594.86160847,"YMAX":8515789.517664917},"geometry":{"type":"Polygon","coordinates":[[[-72.96268691029705,-13.41834868209382],[-72.96269453061554,-13.417445014915414],[-72.96361766909047,-13.417452472543179],[-72.96361005221907,-13.418356140241992],[-72.96268691029705,-13.41834868209382]]]}},{"type":"Feature","properties":{"Cell_ID":243,"Area_ha":1.0,"LC":"9:0.009039,13:0.990961","XMIN":720494.86160847,"YMIN":8515589.517664917,"XMAX":720594.86160847,"YMAX":8515689.517664917},"geometry":{"type":"Polygon","coordinates":[[[-72.96267928941778,-13.41925234920334],[-72.96268691029705,-13.41834868209382],[-72.96361005221907,-13.418356140241992],[-72.96360243478713,-13.419259807871924],[-72.96267928941778,-13.41925234920334]]]}},{"type":"Feature","properties":{"Cell_ID":244,"Area_ha":1.0,"LC":"9:0.784413,13:0.215587","XMIN":720494.86160847,"YMIN":8515489.517664917,"XMAX":720594.86160847,"YMAX":8515589.517664917},"geometry":{"type":"Polygon","coordinates":[[[-72.96267166797772,-13.420156016243975],[-72.96267928941778,-13.41925234920334],[-72.96360243478713,-13.419259807871924],[-72.96359481679467,-13.420163475432972],[-72.96267166797772,-13.420156016243975]]]}},{"type":"Feature","properties":{"Cell_ID":245,"Area_ha":1.0,"LC":"9:0.208487,13:0.791513","XMIN":720494.86160847,"YMIN":8515389.517664917,"XMAX":720594.86160847,"YMAX":8515489.517664917},"geometry":{"type":"Polygon","coordinates":[[[-72.96266404597687,-13.421059683215715],[-72.96267166797772,-13.420156016243975],[-72.96359481679467,-13.420163475432972],[-72.96358719824164,-13.421067142925132],[-72.96266404597687,-13.421059683215715]]]}},{"type":"Feature","properties":{"Cell_ID":246,"Area_ha":1.0,"LC":"13:1.000000","XMIN":720494.86160847,"YMIN":8515289.517664917,"XMAX":720594.86160847,"YMAX":8515389.517664917},"geometry":{"type":"Polygon","coordinates":[[[-72.9626564234152,-13.421963350118558],[-72.96266404597687,-13.421059683215715],[-72.96358719824164,-13.421067142925132],[-72.96357957912808,-13.421970810348396],[-72.9626564234152,-13.421963350118558]]]}},{"type":"Feature","properties":{"Cell_ID":247,"Area_ha":1.0,"LC":"9:0.023444,16:0.945213,17:0.031343","XMIN":720594.86160847,"YMIN":8518889.517664917,"XMAX":720694.86160847,"YMAX":8518989.517664917},"geometry":{"type":"Polygon","coordinates":[[[-72.9620074512143,-13.38942385337824],[-72.96201505703198,-13.388520184518388],[-72.9629380847738,-13.388527628862036],[-72.96293048239507,-13.389431298242412],[-72.9620074512143,-13.38942385337824]]]}},{"type":"Feature","properties":{"Cell_ID":248,"Area_ha":1.0,"LC":"9:0.095587,13:0.039391,16:0.865022","XMIN":720594.86160847,"YMIN":8518789.517664917,"XMAX":720694.86160847,"YMAX":8518889.517664917},"geometry":{"type":"Polygon","coordinates":[[[-72.9619998448359,-13.390327522169347],[-72.9620074512143,-13.38942385337824],[-72.96293048239507,-13.389431298242412],[-72.96292287945587,-13.390334967554049],[-72.9619998448359,-13.390327522169347]]]}},{"type":"Feature","properties":{"Cell_ID":249,"Area_ha":1.0,"LC":"5:0.002130,13:0.997870","XMIN":720594.86160847,"YMIN":8518689.517664917,"XMAX":720694.86160847,"YMAX":8518789.517664917},"geometry":{"type":"Polygon","coordinates":[[[-72.96199223789677,-13.391231190891704],[-72.9619998448359,-13.390327522169347],[-72.96292287945587,-13.390334967554049],[-72.9629152759562,-13.391238636796933],[-72.96199223789677,-13.391231190891704]]]}},{"type":"Feature","properties":{"Cell_ID":250,"Area_ha":1.0,"LC":"5:0.002717,9:0.007687,13:0.989595","XMIN":720594.86160847,"YMIN":8518589.517664917,"XMAX":720694.86160847,"YMAX":8518689.517664917},"geometry":{"type":"Polygon","coordinates":[[[-72.9619846303969,-13.392134859545301],[-72.96199223789677,-13.391231190891704],[-72.9629152759562,-13.391238636796933],[-72.96290767189606,-13.392142305971065],[-72.9619846303969,-13.392134859545301]]]}},{"type":"Feature","properties":{"Cell_ID":251,"Area_ha":1.0,"LC":"5:0.222856,9:0.070374,13:0.706770","XMIN":720594.86160847,"YMIN":8518489.517664917,"XMAX":720694.86160847,"YMAX":8518589.517664917},"geometry":{"type":"Polygon","coordinates":[[[-72.9619770223363,-13.393038528130138],[-72.9619846303969,-13.392134859545301],[-72.96290767189606,-13.392142305971065],[-72.96290006727541,-13.39304597507644],[-72.9619770223363,-13.393038528130138]]]}},{"type":"Feature","properties":{"Cell_ID":252,"Area_ha":1.0,"LC":"5:0.187152,13:0.805161,16:0.007687","XMIN":720594.86160847,"YMIN":8518389.517664917,"XMAX":720694.86160847,"YMAX":8518489.517664917},"geometry":{"type":"Polygon","coordinates":[[[-72.96196941371493,-13.39394219664621],[-72.9619770223363,-13.393038528130138],[-72.96290006727541,-13.39304597507644],[-72.96289246209427,-13.393949644113054],[-72.96196941371493,-13.39394219664621]]]}},{"type":"Feature","properties":{"Cell_ID":253,"Area_ha":1.0,"LC":"5:0.164847,6:0.127878,9:0.180535,13:0.096365,16:0.430374","XMIN":720594.86160847,"YMIN":8518289.517664917,"XMAX":720694.86160847,"YMAX":8518389.517664917},"geometry":{"type":"Polygon","coordinates":[[[-72.96196180453279,-13.39484586509351],[-72.96196941371493,-13.39394219664621],[-72.96289246209427,-13.393949644113054],[-72.96288485635263,-13.394853313080901],[-72.96196180453279,-13.39484586509351]]]}},{"type":"Feature","properties":{"Cell_ID":254,"Area_ha":1.0,"LC":"5:0.041748,6:0.275221,9:0.390183,13:0.292848","XMIN":720594.86160847,"YMIN":8518189.517664917,"XMAX":720694.86160847,"YMAX":8518289.517664917},"geometry":{"type":"Polygon","coordinates":[[[-72.96195419478988,-13.395749533472037],[-72.96196180453279,-13.39484586509351],[-72.96288485635263,-13.394853313080901],[-72.96287725005044,-13.395756981979979],[-72.96195419478988,-13.395749533472037]]]}},{"type":"Feature","properties":{"Cell_ID":255,"Area_ha":1.0,"LC":"5:0.204069,6:0.000779,9:0.557283,13:0.237870","XMIN":720594.86160847,"YMIN":8518089.517664917,"XMAX":720694.86160847,"YMAX":8518189.517664917},"geometry":{"type":"Polygon","coordinates":[[[-72.9619465844862,-13.39665320178179],[-72.96195419478988,-13.395749533472037],[-72.96287725005044,-13.395756981979979],[-72.96286964318773,-13.396660650810285],[-72.9619465844862,-13.39665320178179]]]}},{"type":"Feature","properties":{"Cell_ID":256,"Area_ha":1.0,"LC":"5:0.204847,9:0.400000,13:0.395153","XMIN":720594.86160847,"YMIN":8517989.517664917,"XMAX":720694.86160847,"YMAX":8518089.517664917},"geometry":{"type":"Polygon","coordinates":[[[-72.9619389736217,-13.397556870022754],[-72.9619465844862,-13.39665320178179],[-72.96286964318773,-13.396660650810285],[-72.96286203576449,-13.397564319571805],[-72.9619389736217,-13.397556870022754]]]}},{"type":"Feature","properties":{"Cell_ID":257,"Area_ha":1.0,"LC":"5:0.067131,9:0.632313,13:0.300557","XMIN":720594.86160847,"YMIN":8517889.517664917,"XMAX":720694.86160847,"YMAX":8517989.517664917},"geometry":{"type":"Polygon","coordinates":[[[-72.96193136219641,-13.398460538194934],[-72.9619389736217,-13.397556870022754],[-72.96286203576449,-13.397564319571805],[-72.96285442778068,-13.398467988264544],[-72.96193136219641,-13.398460538194934]]]}},{"type":"Feature","properties":{"Cell_ID":258,"Area_ha":1.0,"LC":"5:0.965161,9:0.034839","XMIN":720594.86160847,"YMIN":8517789.517664917,"XMAX":720694.86160847,"YMAX":8517889.517664917},"geometry":{"type":"Polygon","coordinates":[[[-72.96192375021029,-13.399364206298323],[-72.96193136219641,-13.398460538194934],[-72.96285442778068,-13.398467988264544],[-72.96284681923632,-13.3993716568885],[-72.96192375021029,-13.399364206298323]]]}},{"type":"Feature","properties":{"Cell_ID":259,"Area_ha":1.0,"LC":"5:0.824244,13:0.175756","XMIN":720594.86160847,"YMIN":8517689.517664917,"XMAX":720694.86160847,"YMAX":8517789.517664917},"geometry":{"type":"Polygon","coordinates":[[[-72.96191613766337,-13.400267874332915],[-72.96192375021029,-13.399364206298323],[-72.96284681923632,-13.3993716568885],[-72.96283921013138,-13.400275325443658],[-72.96191613766337,-13.400267874332915]]]}},{"type":"Feature","properties":{"Cell_ID":260,"Area_ha":1.0,"LC":"5:0.268053,9:0.024795,13:0.707152","XMIN":720594.86160847,"YMIN":8517589.517664917,"XMAX":720694.86160847,"YMAX":8517689.517664917},"geometry":{"type":"Polygon","coordinates":[[[-72.9619085245556,-13.401171542298709],[-72.96191613766337,-13.400267874332915],[-72.96283921013138,-13.400275325443658],[-72.96283160046586,-13.40117899393002],[-72.9619085245556,-13.401171542298709]]]}},{"type":"Feature","properties":{"Cell_ID":261,"Area_ha":1.0,"LC":"5:0.405161,9:0.594839","XMIN":720594.86160847,"YMIN":8517489.517664917,"XMAX":720694.86160847,"YMAX":8517589.517664917},"geometry":{"type":"Polygon","coordinates":[[[-72.96190091088697,-13.402075210195695],[-72.9619085245556,-13.401171542298709],[-72.96283160046586,-13.40117899393002],[-72.96282399023974,-13.402082662347585],[-72.96190091088697,-13.402075210195695]]]}},{"type":"Feature","properties":{"Cell_ID":262,"Area_ha":1.0,"LC":"5:0.895756,9:0.104244","XMIN":720594.86160847,"YMIN":8517389.517664917,"XMAX":720694.86160847,"YMAX":8517489.517664917},"geometry":{"type":"Polygon","coordinates":[[[-72.9618932966575,-13.402978878023875],[-72.96190091088697,-13.402075210195695],[-72.96282399023974,-13.402082662347585],[-72.96281637945303,-13.402986330696345],[-72.9618932966575,-13.402978878023875]]]}},{"type":"Feature","properties":{"Cell_ID":263,"Area_ha":1.0,"LC":"5:0.867343,9:0.124779,13:0.007878","XMIN":720594.86160847,"YMIN":8517289.517664917,"XMAX":720694.86160847,"YMAX":8517389.517664917},"geometry":{"type":"Polygon","coordinates":[[[-72.96188568186716,-13.403882545783238],[-72.9618932966575,-13.402978878023875],[-72.96281637945303,-13.402986330696345],[-72.96280876810572,-13.40388999897629],[-72.96188568186716,-13.403882545783238]]]}},{"type":"Feature","properties":{"Cell_ID":264,"Area_ha":1.0,"LC":"5:0.138113,9:0.148435,13:0.713452","XMIN":720594.86160847,"YMIN":8517189.517664917,"XMAX":720694.86160847,"YMAX":8517289.517664917},"geometry":{"type":"Polygon","coordinates":[[[-72.96187806651595,-13.404786213473788],[-72.96188568186716,-13.403882545783238],[-72.96280876810572,-13.40388999897629],[-72.96280115619776,-13.404793667187429],[-72.96187806651595,-13.404786213473788]]]}},{"type":"Feature","properties":{"Cell_ID":265,"Area_ha":1.0,"LC":"13:1.000000","XMIN":720594.86160847,"YMIN":8517089.517664917,"XMAX":720694.86160847,"YMAX":8517189.517664917},"geometry":{"type":"Polygon","coordinates":[[[-72.96187045060384,-13.405689881095512],[-72.96187806651595,-13.404786213473788],[-72.96280115619776,-13.404793667187429],[-72.96279354372918,-13.405697335329739],[-72.96187045060384,-13.405689881095512]]]}},{"type":"Feature","properties":{"Cell_ID":266,"Area_ha":1.0,"LC":"13:1.000000","XMIN":720594.86160847,"YMIN":8516989.517664917,"XMAX":720694.86160847,"YMAX":8517089.517664917},"geometry":{"type":"Polygon","coordinates":[[[-72.96186283413084,-13.406593548648413],[-72.96187045060384,-13.405689881095512],[-72.96279354372918,-13.405697335329739],[-72.96278593069995,-13.406601003403235],[-72.96186283413084,-13.406593548648413]]]}},{"type":"Feature","properties":{"Cell_ID":267,"Area_ha":1.0,"LC":"13:1.000000","XMIN":720594.86160847,"YMIN":8516889.517664917,"XMAX":720694.86160847,"YMAX":8516989.517664917},"geometry":{"type":"Polygon","coordinates":[[[-72.96185521709694,-13.407497216132482],[-72.96186283413084,-13.406593548648413],[-72.96278593069995,-13.406601003403235],[-72.96277831711008,-13.407504671407903],[-72.96185521709694,-13.407497216132482]]]}},{"type":"Feature","properties":{"Cell_ID":268,"Area_ha":1.0,"LC":"5:0.192291,13:0.807709","XMIN":720594.86160847,"YMIN":8516789.517664917,"XMAX":720694.86160847,"YMAX":8516889.517664917},"geometry":{"type":"Polygon","coordinates":[[[-72.96184759950212,-13.408400883547717],[-72.96185521709694,-13.407497216132482],[-72.96277831711008,-13.407504671407903],[-72.96277070295953,-13.408408339343737],[-72.96184759950212,-13.408400883547717]]]}},{"type":"Feature","properties":{"Cell_ID":269,"Area_ha":1.0,"LC":"5:0.926130,13:0.073870","XMIN":720594.86160847,"YMIN":8516689.517664917,"XMAX":720694.86160847,"YMAX":8516789.517664917},"geometry":{"type":"Polygon","coordinates":[[[-72.96183998134637,-13.409304550894108],[-72.96184759950212,-13.408400883547717],[-72.96277070295953,-13.408408339343737],[-72.96276308824834,-13.409312007210739],[-72.96183998134637,-13.409304550894108]]]}},{"type":"Feature","properties":{"Cell_ID":270,"Area_ha":1.0,"LC":"3:0.000191,5:0.999809","XMIN":720594.86160847,"YMIN":8516589.517664917,"XMAX":720694.86160847,"YMAX":8516689.517664917},"geometry":{"type":"Polygon","coordinates":[[[-72.96183236262969,-13.410208218171661],[-72.96183998134637,-13.409304550894108],[-72.96276308824834,-13.409312007210739],[-72.96275547297644,-13.4102156750089],[-72.96183236262969,-13.410208218171661]]]}},{"type":"Feature","properties":{"Cell_ID":271,"Area_ha":1.0,"LC":"3:0.108482,5:0.891518","XMIN":720594.86160847,"YMIN":8516489.517664917,"XMAX":720694.86160847,"YMAX":8516589.517664917},"geometry":{"type":"Polygon","coordinates":[[[-72.96182474335207,-13.411111885380365],[-72.96183236262969,-13.410208218171661],[-72.96275547297644,-13.4102156750089],[-72.96274785714385,-13.411119342738212],[-72.96182474335207,-13.411111885380365]]]}},{"type":"Feature","properties":{"Cell_ID":272,"Area_ha":1.0,"LC":"3:0.779443,5:0.220557","XMIN":720594.86160847,"YMIN":8516389.517664917,"XMAX":720694.86160847,"YMAX":8516489.517664917},"geometry":{"type":"Polygon","coordinates":[[[-72.96181712351348,-13.412015552520216],[-72.96182474335207,-13.411111885380365],[-72.96274785714385,-13.411119342738212],[-72.96274024075056,-13.412023010398682],[-72.96181712351348,-13.412015552520216]]]}},{"type":"Feature","properties":{"Cell_ID":273,"Area_ha":1.0,"LC":"3:1.000000","XMIN":720594.86160847,"YMIN":8516289.517664917,"XMAX":720694.86160847,"YMAX":8516389.517664917},"geometry":{"type":"Polygon","coordinates":[[[-72.96180950311394,-13.41291921959121],[-72.96181712351348,-13.412015552520216],[-72.96274024075056,-13.412023010398682],[-72.96273262379655,-13.412926677990294],[-72.96180950311394,-13.41291921959121]]]}},{"type":"Feature","properties":{"Cell_ID":274,"Area_ha":1.0,"LC":"3:1.000000","XMIN":720594.86160847,"YMIN":8516189.517664917,"XMAX":720694.86160847,"YMAX":8516289.517664917},"geometry":{"type":"Polygon","coordinates":[[[-72.96180188215342,-13.413822886593339],[-72.96180950311394,-13.41291921959121],[-72.96273262379655,-13.412926677990294],[-72.96272500628184,-13.41383034551305],[-72.96180188215342,-13.413822886593339]]]}},{"type":"Feature","properties":{"Cell_ID":275,"Area_ha":1.0,"LC":"3:1.000000","XMIN":720594.86160847,"YMIN":8516089.517664917,"XMAX":720694.86160847,"YMAX":8516189.517664917},"geometry":{"type":"Polygon","coordinates":[[[-72.9617942606319,-13.414726553526606],[-72.96180188215342,-13.413822886593339],[-72.96272500628184,-13.41383034551305],[-72.96271738820639,-13.414734012966944],[-72.9617942606319,-13.414726553526606]]]}},{"type":"Feature","properties":{"Cell_ID":276,"Area_ha":1.0,"LC":"3:0.976556,6:0.023444","XMIN":720594.86160847,"YMIN":8515989.517664917,"XMAX":720694.86160847,"YMAX":8516089.517664917},"geometry":{"type":"Polygon","coordinates":[[[-72.9617866385494,-13.415630220391005],[-72.9617942606319,-13.414726553526606],[-72.96271738820639,-13.414734012966944],[-72.9627097695702,-13.415637680351974],[-72.9617866385494,-13.415630220391005]]]}},{"type":"Feature","properties":{"Cell_ID":277,"Area_ha":1.0,"LC":"3:0.147931,5:0.280000,6:0.413648,9:0.150352,13:0.008069","XMIN":720594.86160847,"YMIN":8515889.517664917,"XMAX":720694.86160847,"YMAX":8515989.517664917},"geometry":{"type":"Polygon","coordinates":[[[-72.96177901590589,-13.416533887186528],[-72.9617866385494,-13.415630220391005],[-72.9627097695702,-13.415637680351974],[-72.96270215037325,-13.416541347668131],[-72.96177901590589,-13.416533887186528]]]}},{"type":"Feature","properties":{"Cell_ID":278,"Area_ha":1.0,"LC":"9:0.844800,13:0.155200","XMIN":720594.86160847,"YMIN":8515789.517664917,"XMAX":720694.86160847,"YMAX":8515889.517664917},"geometry":{"type":"Polygon","coordinates":[[[-72.96177139270137,-13.417437553913171],[-72.96177901590589,-13.416533887186528],[-72.96270215037325,-13.416541347668131],[-72.96269453061554,-13.417445014915414],[-72.96177139270137,-13.417437553913171]]]}},{"type":"Feature","properties":{"Cell_ID":279,"Area_ha":1.0,"LC":"13:1.000000","XMIN":720594.86160847,"YMIN":8515689.517664917,"XMAX":720694.86160847,"YMAX":8515789.517664917},"geometry":{"type":"Polygon","coordinates":[[[-72.96176376893581,-13.418341220570936],[-72.96177139270137,-13.417437553913171],[-72.96269453061554,-13.417445014915414],[-72.96268691029705,-13.41834868209382],[-72.96176376893581,-13.418341220570936]]]}},{"type":"Feature","properties":{"Cell_ID":280,"Area_ha":1.0,"LC":"9:0.126718,13:0.873282","XMIN":720594.86160847,"YMIN":8515589.517664917,"XMAX":720694.86160847,"YMAX":8515689.517664917},"geometry":{"type":"Polygon","coordinates":[[[-72.96175614460923,-13.419244887159808],[-72.96176376893581,-13.418341220570936],[-72.96268691029705,-13.41834868209382],[-72.96267928941778,-13.41925234920334],[-72.96175614460923,-13.419244887159808]]]}},{"type":"Feature","properties":{"Cell_ID":281,"Area_ha":1.0,"LC":"9:0.198443,13:0.801557","XMIN":720594.86160847,"YMIN":8515489.517664917,"XMAX":720694.86160847,"YMAX":8515589.517664917},"geometry":{"type":"Polygon","coordinates":[[[-72.96174851972158,-13.420148553679791],[-72.96175614460923,-13.419244887159808],[-72.96267928941778,-13.41925234920334],[-72.96267166797772,-13.420156016243975],[-72.96174851972158,-13.420148553679791]]]}},{"type":"Feature","properties":{"Cell_ID":282,"Area_ha":1.0,"LC":"9:0.204656,13:0.795344","XMIN":720594.86160847,"YMIN":8515389.517664917,"XMAX":720694.86160847,"YMAX":8515489.517664917},"geometry":{"type":"Polygon","coordinates":[[[-72.96174089427289,-13.421052220130878],[-72.96174851972158,-13.420148553679791],[-72.96267166797772,-13.420156016243975],[-72.96266404597687,-13.421059683215715],[-72.96174089427289,-13.421052220130878]]]}},{"type":"Feature","properties":{"Cell_ID":283,"Area_ha":1.0,"LC":"9:0.032122,13:0.967878","XMIN":720594.86160847,"YMIN":8515289.517664917,"XMAX":720694.86160847,"YMAX":8515389.517664917},"geometry":{"type":"Polygon","coordinates":[[[-72.96173326826315,-13.421955886513064],[-72.96174089427289,-13.421052220130878],[-72.96266404597687,-13.421059683215715],[-72.9626564234152,-13.421963350118558],[-72.96173326826315,-13.421955886513064]]]}},{"type":"Feature","properties":{"Cell_ID":284,"Area_ha":1.0,"LC":"13:1.000000","XMIN":720594.86160847,"YMIN":8515189.517664917,"XMAX":720694.86160847,"YMAX":8515289.517664917},"geometry":{"type":"Polygon","coordinates":[[[-72.96172564169231,-13.422859552826344],[-72.96173326826315,-13.421955886513064],[-72.9626564234152,-13.421963350118558],[-72.9626488002927,-13.422867016952504],[-72.96172564169231,-13.422859552826344]]]}},{"type":"Feature","properties":{"Cell_ID":285,"Area_ha":1.0,"LC":"16:0.280361,17:0.361300","XMIN":720694.86160847,"YMIN":8518989.517664917,"XMAX":720794.86160847,"YMAX":8519089.517664917},"geometry":{"type":"Polygon","coordinates":[[[-72.96109202985089,-13.3885127368078],[-72.96109963854657,-13.387609068399955],[-72.96202266228897,-13.387616515589785],[-72.96201505703198,-13.388520184518388],[-72.96109202985089,-13.3885127368078]]]}},{"type":"Feature","properties":{"Cell_ID":286,"Area_ha":1.0,"LC":"16:1.000000","XMIN":720694.86160847,"YMIN":8518889.517664917,"XMAX":720794.86160847,"YMAX":8518989.517664917},"geometry":{"type":"Polygon","coordinates":[[[-72.96108442059425,-13.389416405146893],[-72.96109202985089,-13.3885127368078],[-72.96201505703198,-13.388520184518388],[-72.9620074512143,-13.38942385337824],[-72.96108442059425,-13.389416405146893]]]}},{"type":"Feature","properties":{"Cell_ID":287,"Area_ha":1.0,"LC":"13:0.120361,16:0.879639","XMIN":720694.86160847,"YMIN":8518789.517664917,"XMAX":720794.86160847,"YMAX":8518889.517664917},"geometry":{"type":"Polygon","coordinates":[[[-72.96107681077665,-13.390320073417238],[-72.96108442059425,-13.389416405146893],[-72.9620074512143,-13.38942385337824],[-72.9619998448359,-13.390327522169347],[-72.96107681077665,-13.390320073417238]]]}},{"type":"Feature","properties":{"Cell_ID":288,"Area_ha":1.0,"LC":"5:0.335756,13:0.664244","XMIN":720694.86160847,"YMIN":8518689.517664917,"XMAX":720794.86160847,"YMAX":8518789.517664917},"geometry":{"type":"Polygon","coordinates":[[[-72.96106920039807,-13.39122374161883],[-72.96107681077665,-13.390320073417238],[-72.9619998448359,-13.390327522169347],[-72.96199223789677,-13.391231190891704],[-72.96106920039807,-13.39122374161883]]]}},{"type":"Feature","properties":{"Cell_ID":289,"Area_ha":1.0,"LC":"5:0.305213,13:0.694787","XMIN":720694.86160847,"YMIN":8518589.517664917,"XMAX":720794.86160847,"YMAX":8518689.517664917},"geometry":{"type":"Polygon","coordinates":[[[-72.9610615894585,-13.392127409751655],[-72.96106920039807,-13.39122374161883],[-72.96199223789677,-13.391231190891704],[-72.9619846303969,-13.392134859545301],[-72.9610615894585,-13.392127409751655]]]}},{"type":"Feature","properties":{"Cell_ID":290,"Area_ha":1.0,"LC":"5:0.007687,9:0.008069,13:0.984244","XMIN":720694.86160847,"YMIN":8518489.517664917,"XMAX":720794.86160847,"YMAX":8518589.517664917},"geometry":{"type":"Polygon","coordinates":[[[-72.96105397795793,-13.393031077815722],[-72.9610615894585,-13.392127409751655],[-72.9619846303969,-13.392134859545301],[-72.9619770223363,-13.393038528130138],[-72.96105397795793,-13.393031077815722]]]}},{"type":"Feature","properties":{"Cell_ID":291,"Area_ha":1.0,"LC":"5:0.277092,9:0.380604,13:0.342305","XMIN":720694.86160847,"YMIN":8518389.517664917,"XMAX":720794.86160847,"YMAX":8518489.517664917},"geometry":{"type":"Polygon","coordinates":[[[-72.96104636589635,-13.393934745811015],[-72.96105397795793,-13.393031077815722],[-72.9619770223363,-13.393038528130138],[-72.96196941371493,-13.39394219664621],[-72.96104636589635,-13.393934745811015]]]}},{"type":"Feature","properties":{"Cell_ID":292,"Area_ha":1.0,"LC":"5:0.410909,9:0.556969,13:0.032122","XMIN":720694.86160847,"YMIN":8518289.517664917,"XMAX":720794.86160847,"YMAX":8518389.517664917},"geometry":{"type":"Polygon","coordinates":[[[-72.96103875327374,-13.394838413737537],[-72.96104636589635,-13.393934745811015],[-72.96196941371493,-13.39394219664621],[-72.96196180453279,-13.39484586509351],[-72.96103875327374,-13.394838413737537]]]}},{"type":"Feature","properties":{"Cell_ID":293,"Area_ha":1.0,"LC":"5:0.688260,6:0.124779,9:0.186961","XMIN":720694.86160847,"YMIN":8518189.517664917,"XMAX":720794.86160847,"YMAX":8518289.517664917},"geometry":{"type":"Polygon","coordinates":[[[-72.96103114009011,-13.395742081595278],[-72.96103875327374,-13.394838413737537],[-72.96196180453279,-13.39484586509351],[-72.96195419478988,-13.395749533472037],[-72.96103114009011,-13.395742081595278]]]}},{"type":"Feature","properties":{"Cell_ID":294,"Area_ha":1.0,"LC":"5:0.968657,6:0.031343","XMIN":720694.86160847,"YMIN":8518089.517664917,"XMAX":720794.86160847,"YMAX":8518189.517664917},"geometry":{"type":"Polygon","coordinates":[[[-72.96102352634544,-13.396645749384241],[-72.96103114009011,-13.395742081595278],[-72.96195419478988,-13.395749533472037],[-72.9619465844862,-13.39665320178179],[-72.96102352634544,-13.396645749384241]]]}},{"type":"Feature","properties":{"Cell_ID":295,"Area_ha":1.0,"LC":"5:1.000000","XMIN":720694.86160847,"YMIN":8517989.517664917,"XMAX":720794.86160847,"YMAX":8518089.517664917},"geometry":{"type":"Polygon","coordinates":[[[-72.96101591203973,-13.397549417104413],[-72.96102352634544,-13.396645749384241],[-72.9619465844862,-13.39665320178179],[-72.9619389736217,-13.397556870022754],[-72.96101591203973,-13.397549417104413]]]}},{"type":"Feature","properties":{"Cell_ID":296,"Area_ha":1.0,"LC":"5:0.953282,9:0.046718","XMIN":720694.86160847,"YMIN":8517889.517664917,"XMAX":720794.86160847,"YMAX":8517989.517664917},"geometry":{"type":"Polygon","coordinates":[[[-72.96100829717295,-13.398453084755797],[-72.96101591203973,-13.397549417104413],[-72.9619389736217,-13.397556870022754],[-72.96193136219641,-13.398460538194934],[-72.96100829717295,-13.398453084755797]]]}},{"type":"Feature","properties":{"Cell_ID":297,"Area_ha":1.0,"LC":"5:0.631740,9:0.368260","XMIN":720694.86160847,"YMIN":8517789.517664917,"XMAX":720794.86160847,"YMAX":8517889.517664917},"geometry":{"type":"Polygon","coordinates":[[[-72.9610006817451,-13.399356752338388],[-72.96100829717295,-13.398453084755797],[-72.96193136219641,-13.398460538194934],[-72.96192375021029,-13.399364206298323],[-72.9610006817451,-13.399356752338388]]]}},{"type":"Feature","properties":{"Cell_ID":298,"Area_ha":1.0,"LC":"5:0.727100,9:0.272900","XMIN":720694.86160847,"YMIN":8517689.517664917,"XMAX":720794.86160847,"YMAX":8517789.517664917},"geometry":{"type":"Polygon","coordinates":[[[-72.96099306575617,-13.400260419852174],[-72.9610006817451,-13.399356752338388],[-72.96192375021029,-13.399364206298323],[-72.96191613766337,-13.400267874332915],[-72.96099306575617,-13.400260419852174]]]}},{"type":"Feature","properties":{"Cell_ID":299,"Area_ha":1.0,"LC":"5:0.722130,9:0.160779,13:0.117092","XMIN":720694.86160847,"YMIN":8517589.517664917,"XMAX":720794.86160847,"YMAX":8517689.517664917},"geometry":{"type":"Polygon","coordinates":[[[-72.96098544920616,-13.401164087297161],[-72.96099306575617,-13.400260419852174],[-72.96191613766337,-13.400267874332915],[-72.9619085245556,-13.401171542298709],[-72.96098544920616,-13.401164087297161]]]}},{"type":"Feature","properties":{"Cell_ID":300,"Area_ha":1.0,"LC":"5:0.890596,9:0.109404","XMIN":720694.86160847,"YMIN":8517489.517664917,"XMAX":720794.86160847,"YMAX":8517589.517664917},"geometry":{"type":"Polygon","coordinates":[[[-72.96097783209505,-13.402067754673338],[-72.96098544920616,-13.401164087297161],[-72.9619085245556,-13.401171542298709],[-72.96190091088697,-13.402075210195695],[-72.96097783209505,-13.402067754673338]]]}},{"type":"Feature","properties":{"Cell_ID":301,"Area_ha":1.0,"LC":"5:0.998840,9:0.001160","XMIN":720694.86160847,"YMIN":8517389.517664917,"XMAX":720794.86160847,"YMAX":8517489.517664917},"geometry":{"type":"Polygon","coordinates":[[[-72.96097021442283,-13.402971421980704],[-72.96097783209505,-13.402067754673338],[-72.96190091088697,-13.402075210195695],[-72.9618932966575,-13.402978878023875],[-72.96097021442283,-13.402971421980704]]]}},{"type":"Feature","properties":{"Cell_ID":302,"Area_ha":1.0,"LC":"5:0.563640,9:0.340413,13:0.095947","XMIN":720694.86160847,"YMIN":8517289.517664917,"XMAX":720794.86160847,"YMAX":8517389.517664917},"geometry":{"type":"Polygon","coordinates":[[[-72.96096259618949,-13.40387508921925],[-72.96097021442283,-13.402971421980704],[-72.9618932966575,-13.402978878023875],[-72.96188568186716,-13.403882545783238],[-72.96096259618949,-13.40387508921925]]]}},{"type":"Feature","properties":{"Cell_ID":303,"Area_ha":1.0,"LC":"5:0.070374,9:0.224244,13:0.705383","XMIN":720694.86160847,"YMIN":8517189.517664917,"XMAX":720794.86160847,"YMAX":8517289.517664917},"geometry":{"type":"Polygon","coordinates":[[[-72.960954977395,-13.404778756388975],[-72.96096259618949,-13.40387508921925],[-72.96188568186716,-13.403882545783238],[-72.96187806651595,-13.404786213473788],[-72.960954977395,-13.404778756388975]]]}},{"type":"Feature","properties":{"Cell_ID":304,"Area_ha":1.0,"LC":"13:1.000000","XMIN":720694.86160847,"YMIN":8517089.517664917,"XMAX":720794.86160847,"YMAX":8517189.517664917},"geometry":{"type":"Polygon","coordinates":[[[-72.9609473580394,-13.405682423489873],[-72.960954977395,-13.404778756388975],[-72.96187806651595,-13.404786213473788],[-72.96187045060384,-13.405689881095512],[-72.9609473580394,-13.405682423489873]]]}},{"type":"Feature","properties":{"Cell_ID":305,"Area_ha":1.0,"LC":"9:0.130978,13:0.869022","XMIN":720694.86160847,"YMIN":8516989.517664917,"XMAX":720794.86160847,"YMAX":8517089.517664917},"geometry":{"type":"Polygon","coordinates":[[[-72.96093973812263,-13.406586090521944],[-72.9609473580394,-13.405682423489873],[-72.96187045060384,-13.405689881095512],[-72.96186283413084,-13.406593548648413],[-72.96093973812263,-13.406586090521944]]]}},{"type":"Feature","properties":{"Cell_ID":306,"Area_ha":1.0,"LC":"9:0.204847,13:0.795153","XMIN":720694.86160847,"YMIN":8516889.517664917,"XMAX":720794.86160847,"YMAX":8516989.517664917},"geometry":{"type":"Polygon","coordinates":[[[-72.96093211764472,-13.407489757485184],[-72.96093973812263,-13.406586090521944],[-72.96186283413084,-13.406593548648413],[-72.96185521709694,-13.407497216132482],[-72.96093211764472,-13.407489757485184]]]}},{"type":"Feature","properties":{"Cell_ID":307,"Area_ha":1.0,"LC":"5:0.135947,9:0.155809,13:0.708244","XMIN":720694.86160847,"YMIN":8516789.517664917,"XMAX":720794.86160847,"YMAX":8516889.517664917},"geometry":{"type":"Polygon","coordinates":[[[-72.96092449660563,-13.408393424379579],[-72.96093211764472,-13.407489757485184],[-72.96185521709694,-13.407497216132482],[-72.96184759950212,-13.408400883547717],[-72.96092449660563,-13.408393424379579]]]}},{"type":"Feature","properties":{"Cell_ID":308,"Area_ha":1.0,"LC":"3:0.007878,5:0.657504,13:0.334617","XMIN":720694.86160847,"YMIN":8516689.517664917,"XMAX":720794.86160847,"YMAX":8516789.517664917},"geometry":{"type":"Polygon","coordinates":[[[-72.96091687500537,-13.409297091205133],[-72.96092449660563,-13.408393424379579],[-72.96184759950212,-13.408400883547717],[-72.96183998134637,-13.409304550894108],[-72.96091687500537,-13.409297091205133]]]}},{"type":"Feature","properties":{"Cell_ID":309,"Area_ha":1.0,"LC":"3:0.369817,5:0.630183","XMIN":720694.86160847,"YMIN":8516589.517664917,"XMAX":720794.86160847,"YMAX":8516689.517664917},"geometry":{"type":"Polygon","coordinates":[[[-72.9609092528439,-13.410200757961839],[-72.96091687500537,-13.409297091205133],[-72.96183998134637,-13.409304550894108],[-72.96183236262969,-13.410208218171661],[-72.9609092528439,-13.410200757961839]]]}},{"type":"Feature","properties":{"Cell_ID":310,"Area_ha":1.0,"LC":"3:0.535756,5:0.464244","XMIN":720694.86160847,"YMIN":8516489.517664917,"XMAX":720794.86160847,"YMAX":8516589.517664917},"geometry":{"type":"Polygon","coordinates":[[[-72.96090163012124,-13.411104424649693],[-72.9609092528439,-13.410200757961839],[-72.96183236262969,-13.410208218171661],[-72.96182474335207,-13.411111885380365],[-72.96090163012124,-13.411104424649693]]]}},{"type":"Feature","properties":{"Cell_ID":311,"Area_ha":1.0,"LC":"3:0.661144,5:0.338856","XMIN":720694.86160847,"YMIN":8516389.517664917,"XMAX":720794.86160847,"YMAX":8516489.517664917},"geometry":{"type":"Polygon","coordinates":[[[-72.96089400683738,-13.412008091268692],[-72.96090163012124,-13.411104424649693],[-72.96182474335207,-13.411111885380365],[-72.96181712351348,-13.412015552520216],[-72.96089400683738,-13.412008091268692]]]}},{"type":"Feature","properties":{"Cell_ID":312,"Area_ha":1.0,"LC":"3:0.315153,5:0.684847","XMIN":720694.86160847,"YMIN":8516289.517664917,"XMAX":720794.86160847,"YMAX":8516389.517664917},"geometry":{"type":"Polygon","coordinates":[[[-72.96088638299229,-13.412911757818831],[-72.96089400683738,-13.412008091268692],[-72.96181712351348,-13.412015552520216],[-72.96180950311394,-13.41291921959121],[-72.96088638299229,-13.412911757818831]]]}},{"type":"Feature","properties":{"Cell_ID":313,"Area_ha":1.0,"LC":"3:0.395153,5:0.380052,6:0.224795","XMIN":720694.86160847,"YMIN":8516189.517664917,"XMAX":720794.86160847,"YMAX":8516289.517664917},"geometry":{"type":"Polygon","coordinates":[[[-72.96087875858598,-13.413815424300102],[-72.96088638299229,-13.412911757818831],[-72.96180950311394,-13.41291921959121],[-72.96180188215342,-13.413822886593339],[-72.96087875858598,-13.413815424300102]]]}},{"type":"Feature","properties":{"Cell_ID":314,"Area_ha":1.0,"LC":"3:0.347274,5:0.250008,6:0.379083,9:0.023635","XMIN":720694.86160847,"YMIN":8516089.517664917,"XMAX":720794.86160847,"YMAX":8516189.517664917},"geometry":{"type":"Polygon","coordinates":[[[-72.96087113361843,-13.414719090712508],[-72.96087875858598,-13.413815424300102],[-72.96180188215342,-13.413822886593339],[-72.9617942606319,-13.414726553526606],[-72.96087113361843,-13.414719090712508]]]}},{"type":"Feature","properties":{"Cell_ID":315,"Area_ha":1.0,"LC":"3:0.195153,5:0.201748,9:0.539465,13:0.063635","XMIN":720694.86160847,"YMIN":8515989.517664917,"XMAX":720794.86160847,"YMAX":8516089.517664917},"geometry":{"type":"Polygon","coordinates":[[[-72.96086350808962,-13.415622757056038],[-72.96087113361843,-13.414719090712508],[-72.9617942606319,-13.414726553526606],[-72.9617866385494,-13.415630220391005],[-72.96086350808962,-13.415622757056038]]]}},{"type":"Feature","properties":{"Cell_ID":316,"Area_ha":1.0,"LC":"3:0.148435,5:0.231152,9:0.000779,13:0.619634","XMIN":720694.86160847,"YMIN":8515889.517664917,"XMAX":720794.86160847,"YMAX":8515989.517664917},"geometry":{"type":"Polygon","coordinates":[[[-72.96085588199955,-13.41652642333069],[-72.96086350808962,-13.415622757056038],[-72.9617866385494,-13.415630220391005],[-72.96177901590589,-13.416533887186528],[-72.96085588199955,-13.41652642333069]]]}},{"type":"Feature","properties":{"Cell_ID":317,"Area_ha":1.0,"LC":"13:1.000000","XMIN":720694.86160847,"YMIN":8515789.517664917,"XMAX":720794.86160847,"YMAX":8515889.517664917},"geometry":{"type":"Polygon","coordinates":[[[-72.96084825534822,-13.41743008953646],[-72.96085588199955,-13.41652642333069],[-72.96177901590589,-13.416533887186528],[-72.96177139270137,-13.417437553913171],[-72.96084825534822,-13.41743008953646]]]}},{"type":"Feature","properties":{"Cell_ID":318,"Area_ha":1.0,"LC":"13:1.000000","XMIN":720694.86160847,"YMIN":8515689.517664917,"XMAX":720794.86160847,"YMAX":8515789.517664917},"geometry":{"type":"Polygon","coordinates":[[[-72.96084062813561,-13.418333755673343],[-72.96084825534822,-13.41743008953646],[-72.96177139270137,-13.417437553913171],[-72.96176376893581,-13.418341220570936],[-72.96084062813561,-13.418333755673343]]]}},{"type":"Feature","properties":{"Cell_ID":319,"Area_ha":1.0,"LC":"9:0.095756,13:0.904244","XMIN":720694.86160847,"YMIN":8515589.517664917,"XMAX":720794.86160847,"YMAX":8515689.517664917},"geometry":{"type":"Polygon","coordinates":[[[-72.9608330003617,-13.419237421741336],[-72.96084062813561,-13.418333755673343],[-72.96176376893581,-13.418341220570936],[-72.96175614460923,-13.419244887159808],[-72.9608330003617,-13.419237421741336]]]}},{"type":"Feature","properties":{"Cell_ID":320,"Area_ha":1.0,"LC":"9:0.621505,13:0.378495","XMIN":720694.86160847,"YMIN":8515489.517664917,"XMAX":720794.86160847,"YMAX":8515589.517664917},"geometry":{"type":"Polygon","coordinates":[[[-72.9608253720265,-13.420141087740435],[-72.9608330003617,-13.419237421741336],[-72.96175614460923,-13.419244887159808],[-72.96174851972158,-13.420148553679791],[-72.9608253720265,-13.420141087740435]]]}},{"type":"Feature","properties":{"Cell_ID":321,"Area_ha":1.0,"LC":"5:0.001939,9:0.436922,13:0.561139","XMIN":720694.86160847,"YMIN":8515389.517664917,"XMAX":720794.86160847,"YMAX":8515489.517664917},"geometry":{"type":"Polygon","coordinates":[[[-72.96081774313001,-13.42104475367063],[-72.9608253720265,-13.420141087740435],[-72.96174851972158,-13.420148553679791],[-72.96174089427289,-13.421052220130878],[-72.96081774313001,-13.42104475367063]]]}},{"type":"Feature","properties":{"Cell_ID":322,"Area_ha":1.0,"LC":"13:1.000000","XMIN":720694.86160847,"YMIN":8515289.517664917,"XMAX":720794.86160847,"YMAX":8515389.517664917},"geometry":{"type":"Polygon","coordinates":[[[-72.96081011367215,-13.421948419531924],[-72.96081774313001,-13.42104475367063],[-72.96174089427289,-13.421052220130878],[-72.96173326826315,-13.421955886513064],[-72.96081011367215,-13.421948419531924]]]}},{"type":"Feature","properties":{"Cell_ID":323,"Area_ha":1.0,"LC":"13:1.000000","XMIN":720694.86160847,"YMIN":8515189.517664917,"XMAX":720794.86160847,"YMAX":8515289.517664917},"geometry":{"type":"Polygon","coordinates":[[[-72.960802483653,-13.42285208532431],[-72.96081011367215,-13.421948419531924],[-72.96173326826315,-13.421955886513064],[-72.96172564169231,-13.422859552826344],[-72.960802483653,-13.42285208532431]]]}},{"type":"Feature","properties":{"Cell_ID":324,"Area_ha":1.0,"LC":"13:1.000000","XMIN":720694.86160847,"YMIN":8515089.517664917,"XMAX":720794.86160847,"YMAX":8515189.517664917},"geometry":{"type":"Polygon","coordinates":[[[-72.9607948530725,-13.423755751047784],[-72.960802483653,-13.42285208532431],[-72.96172564169231,-13.422859552826344],[-72.96171801456039,-13.423763219070722],[-72.9607948530725,-13.423755751047784]]]}},{"type":"Feature","properties":{"Cell_ID":325,"Area_ha":1.0,"LC":"13:0.000969,16:0.999031","XMIN":720794.86160847,"YMIN":8518889.517664917,"XMAX":720894.86160847,"YMAX":8518989.517664917},"geometry":{"type":"Polygon","coordinates":[[[-72.96016139053518,-13.389408953548385],[-72.96016900323075,-13.388505285730288],[-72.96109202985089,-13.3885127368078],[-72.96108442059425,-13.389416405146893],[-72.96016139053518,-13.389408953548385]]]}},{"type":"Feature","properties":{"Cell_ID":326,"Area_ha":1.0,"LC":"5:0.015947,13:0.223444,16:0.760609","XMIN":720794.86160847,"YMIN":8518789.517664917,"XMAX":720894.86160847,"YMAX":8518889.517664917},"geometry":{"type":"Polygon","coordinates":[[[-72.96015377727838,-13.390312621297735],[-72.96016139053518,-13.389408953548385],[-72.96108442059425,-13.389416405146893],[-72.96107681077665,-13.390320073417238],[-72.96015377727838,-13.390312621297735]]]}},{"type":"Feature","properties":{"Cell_ID":327,"Area_ha":1.0,"LC":"5:0.786352,13:0.213648","XMIN":720794.86160847,"YMIN":8518689.517664917,"XMAX":720894.86160847,"YMAX":8518789.517664917},"geometry":{"type":"Polygon","coordinates":[[[-72.96014616346035,-13.391216288978322],[-72.96015377727838,-13.390312621297735],[-72.96107681077665,-13.390320073417238],[-72.96106920039807,-13.39122374161883],[-72.96014616346035,-13.391216288978322]]]}},{"type":"Feature","properties":{"Cell_ID":328,"Area_ha":1.0,"LC":"5:0.797700,13:0.202300","XMIN":720794.86160847,"YMIN":8518589.517664917,"XMAX":720894.86160847,"YMAX":8518689.517664917},"geometry":{"type":"Polygon","coordinates":[[[-72.96013854908108,-13.392119956590147],[-72.96014616346035,-13.391216288978322],[-72.96106920039807,-13.39122374161883],[-72.9610615894585,-13.392127409751655],[-72.96013854908108,-13.392119956590147]]]}},{"type":"Feature","properties":{"Cell_ID":329,"Area_ha":1.0,"LC":"5:0.152673,9:0.007687,13:0.839639","XMIN":720794.86160847,"YMIN":8518489.517664917,"XMAX":720894.86160847,"YMAX":8518589.517664917},"geometry":{"type":"Polygon","coordinates":[[[-72.96013093414057,-13.393023624133201],[-72.96013854908108,-13.392119956590147],[-72.9610615894585,-13.392127409751655],[-72.96105397795793,-13.393031077815722],[-72.96013093414057,-13.393023624133201]]]}},{"type":"Feature","properties":{"Cell_ID":330,"Area_ha":1.0,"LC":"5:0.629091,9:0.370909","XMIN":720794.86160847,"YMIN":8518389.517664917,"XMAX":720894.86160847,"YMAX":8518489.517664917},"geometry":{"type":"Polygon","coordinates":[[[-72.96012331863878,-13.393927291607481],[-72.96013093414057,-13.393023624133201],[-72.96105397795793,-13.393031077815722],[-72.96104636589635,-13.393934745811015],[-72.96012331863878,-13.393927291607481]]]}},{"type":"Feature","properties":{"Cell_ID":331,"Area_ha":1.0,"LC":"5:0.564847,9:0.435153","XMIN":720794.86160847,"YMIN":8518289.517664917,"XMAX":720894.86160847,"YMAX":8518389.517664917},"geometry":{"type":"Polygon","coordinates":[[[-72.9601157025757,-13.394830959012985],[-72.96012331863878,-13.393927291607481],[-72.96104636589635,-13.393934745811015],[-72.96103875327374,-13.394838413737537],[-72.9601157025757,-13.394830959012985]]]}},{"type":"Feature","properties":{"Cell_ID":332,"Area_ha":1.0,"LC":"5:0.666352,9:0.333648","XMIN":720794.86160847,"YMIN":8518189.517664917,"XMAX":720894.86160847,"YMAX":8518289.517664917},"geometry":{"type":"Polygon","coordinates":[[[-72.96010808595138,-13.39573462634971],[-72.9601157025757,-13.394830959012985],[-72.96103875327374,-13.394838413737537],[-72.96103114009011,-13.395742081595278],[-72.96010808595138,-13.39573462634971]]]}},{"type":"Feature","properties":{"Cell_ID":333,"Area_ha":1.0,"LC":"5:1.000000","XMIN":720794.86160847,"YMIN":8518089.517664917,"XMAX":720894.86160847,"YMAX":8518189.517664917},"geometry":{"type":"Polygon","coordinates":[[[-72.96010046876575,-13.39663829361765],[-72.96010808595138,-13.39573462634971],[-72.96103114009011,-13.395742081595278],[-72.96102352634544,-13.396645749384241],[-72.96010046876575,-13.39663829361765]]]}},{"type":"Feature","properties":{"Cell_ID":334,"Area_ha":1.0,"LC":"5:1.000000","XMIN":720794.86160847,"YMIN":8517989.517664917,"XMAX":720894.86160847,"YMAX":8518089.517664917},"geometry":{"type":"Polygon","coordinates":[[[-72.96009285101881,-13.397541960816794],[-72.96010046876575,-13.39663829361765],[-72.96102352634544,-13.396645749384241],[-72.96101591203973,-13.397549417104413],[-72.96009285101881,-13.397541960816794]]]}},{"type":"Feature","properties":{"Cell_ID":335,"Area_ha":1.0,"LC":"5:0.776174,13:0.223826","XMIN":720794.86160847,"YMIN":8517889.517664917,"XMAX":720894.86160847,"YMAX":8517989.517664917},"geometry":{"type":"Polygon","coordinates":[[[-72.96008523271055,-13.398445627947149],[-72.96009285101881,-13.397541960816794],[-72.96101591203973,-13.397549417104413],[-72.96100829717295,-13.398453084755797],[-72.96008523271055,-13.398445627947149]]]}},{"type":"Feature","properties":{"Cell_ID":336,"Area_ha":1.0,"LC":"5:0.326130,9:0.124779,13:0.549091","XMIN":720794.86160847,"YMIN":8517789.517664917,"XMAX":720894.86160847,"YMAX":8517889.517664917},"geometry":{"type":"Polygon","coordinates":[[[-72.960077613841,-13.399349295008701],[-72.96008523271055,-13.398445627947149],[-72.96100829717295,-13.398453084755797],[-72.9610006817451,-13.399356752338388],[-72.960077613841,-13.399349295008701]]]}},{"type":"Feature","properties":{"Cell_ID":337,"Area_ha":1.0,"LC":"5:0.893818,9:0.031343,13:0.074839","XMIN":720794.86160847,"YMIN":8517689.517664917,"XMAX":720894.86160847,"YMAX":8517789.517664917},"geometry":{"type":"Polygon","coordinates":[[[-72.96006999441009,-13.400252962001451],[-72.960077613841,-13.399349295008701],[-72.9610006817451,-13.399356752338388],[-72.96099306575617,-13.400260419852174],[-72.96006999441009,-13.400252962001451]]]}},{"type":"Feature","properties":{"Cell_ID":338,"Area_ha":1.0,"LC":"5:0.921939,9:0.078061","XMIN":720794.86160847,"YMIN":8517589.517664917,"XMAX":720894.86160847,"YMAX":8517689.517664917},"geometry":{"type":"Polygon","coordinates":[[[-72.96006237441784,-13.401156628925392],[-72.96006999441009,-13.400252962001451],[-72.96099306575617,-13.400260419852174],[-72.96098544920616,-13.401164087297161],[-72.96006237441784,-13.401156628925392]]]}},{"type":"Feature","properties":{"Cell_ID":339,"Area_ha":1.0,"LC":"5:1.000000","XMIN":720794.86160847,"YMIN":8517489.517664917,"XMAX":720894.86160847,"YMAX":8517589.517664917},"geometry":{"type":"Polygon","coordinates":[[[-72.96005475386423,-13.402060295780524],[-72.96006237441784,-13.401156628925392],[-72.96098544920616,-13.401164087297161],[-72.96097783209505,-13.402067754673338],[-72.96005475386423,-13.402060295780524]]]}},{"type":"Feature","properties":{"Cell_ID":340,"Area_ha":1.0,"LC":"5:0.933648,9:0.066352","XMIN":720794.86160847,"YMIN":8517389.517664917,"XMAX":720894.86160847,"YMAX":8517489.517664917},"geometry":{"type":"Polygon","coordinates":[[[-72.96004713274928,-13.402963962566838],[-72.96005475386423,-13.402060295780524],[-72.96097783209505,-13.402067754673338],[-72.96097021442283,-13.402971421980704],[-72.96004713274928,-13.402963962566838]]]}},{"type":"Feature","properties":{"Cell_ID":341,"Area_ha":1.0,"LC":"5:0.146961,9:0.571709,13:0.281330","XMIN":720794.86160847,"YMIN":8517289.517664917,"XMAX":720894.86160847,"YMAX":8517389.517664917},"geometry":{"type":"Polygon","coordinates":[[[-72.96003951107295,-13.403867629284331],[-72.96004713274928,-13.402963962566838],[-72.96097021442283,-13.402971421980704],[-72.96096259618949,-13.40387508921925],[-72.96003951107295,-13.403867629284331]]]}},{"type":"Feature","properties":{"Cell_ID":342,"Area_ha":1.0,"LC":"13:1.000000","XMIN":720794.86160847,"YMIN":8517189.517664917,"XMAX":720894.86160847,"YMAX":8517289.517664917},"geometry":{"type":"Polygon","coordinates":[[[-72.96003188883522,-13.404771295933003],[-72.96003951107295,-13.403867629284331],[-72.96096259618949,-13.40387508921925],[-72.960954977395,-13.404778756388975],[-72.96003188883522,-13.404771295933003]]]}},{"type":"Feature","properties":{"Cell_ID":343,"Area_ha":1.0,"LC":"13:1.000000","XMIN":720794.86160847,"YMIN":8517089.517664917,"XMAX":720894.86160847,"YMAX":8517189.517664917},"geometry":{"type":"Polygon","coordinates":[[[-72.9600242660361,-13.405674962512837],[-72.96003188883522,-13.404771295933003],[-72.960954977395,-13.404778756388975],[-72.9609473580394,-13.405682423489873],[-72.9600242660361,-13.405674962512837]]]}},{"type":"Feature","properties":{"Cell_ID":344,"Area_ha":1.0,"LC":"9:0.124779,13:0.875221","XMIN":720794.86160847,"YMIN":8516989.517664917,"XMAX":720894.86160847,"YMAX":8517089.517664917},"geometry":{"type":"Polygon","coordinates":[[[-72.9600166426756,-13.406578629023842],[-72.9600242660361,-13.405674962512837],[-72.9609473580394,-13.405682423489873],[-72.96093973812263,-13.406586090521944],[-72.9600166426756,-13.406578629023842]]]}},{"type":"Feature","properties":{"Cell_ID":345,"Area_ha":1.0,"LC":"5:0.007878,9:0.196313,13:0.795809","XMIN":720794.86160847,"YMIN":8516889.517664917,"XMAX":720894.86160847,"YMAX":8516989.517664917},"geometry":{"type":"Polygon","coordinates":[[[-72.96000901875367,-13.40748229546601],[-72.9600166426756,-13.406578629023842],[-72.96093973812263,-13.406586090521944],[-72.96093211764472,-13.407489757485184],[-72.96000901875367,-13.40748229546601]]]}},{"type":"Feature","properties":{"Cell_ID":346,"Area_ha":1.0,"LC":"5:0.377695,9:0.445939,13:0.176365","XMIN":720794.86160847,"YMIN":8516789.517664917,"XMAX":720894.86160847,"YMAX":8516889.517664917},"geometry":{"type":"Polygon","coordinates":[[[-72.96000139427032,-13.408385961839334],[-72.96000901875367,-13.40748229546601],[-72.96093211764472,-13.407489757485184],[-72.96092449660563,-13.408393424379579],[-72.96000139427032,-13.408385961839334]]]}},{"type":"Feature","properties":{"Cell_ID":347,"Area_ha":1.0,"LC":"3:0.095756,5:0.760000,9:0.144244","XMIN":720794.86160847,"YMIN":8516689.517664917,"XMAX":720894.86160847,"YMAX":8516789.517664917},"geometry":{"type":"Polygon","coordinates":[[[-72.95999376922553,-13.409289628143812],[-72.96000139427032,-13.408385961839334],[-72.96092449660563,-13.408393424379579],[-72.96091687500537,-13.409297091205133],[-72.95999376922553,-13.409289628143812]]]}},{"type":"Feature","properties":{"Cell_ID":348,"Area_ha":1.0,"LC":"3:0.743635,5:0.256365","XMIN":720794.86160847,"YMIN":8516589.517664917,"XMAX":720894.86160847,"YMAX":8516689.517664917},"geometry":{"type":"Polygon","coordinates":[[[-72.9599861436193,-13.41019329437944],[-72.95999376922553,-13.409289628143812],[-72.96091687500537,-13.409297091205133],[-72.9609092528439,-13.410200757961839],[-72.9599861436193,-13.41019329437944]]]}},{"type":"Feature","properties":{"Cell_ID":349,"Area_ha":1.0,"LC":"3:0.856365,5:0.143635","XMIN":720794.86160847,"YMIN":8516489.517664917,"XMAX":720894.86160847,"YMAX":8516589.517664917},"geometry":{"type":"Polygon","coordinates":[[[-72.95997851745163,-13.41109696054621],[-72.9599861436193,-13.41019329437944],[-72.9609092528439,-13.410200757961839],[-72.96090163012124,-13.411104424649693],[-72.95997851745163,-13.41109696054621]]]}},{"type":"Feature","properties":{"Cell_ID":350,"Area_ha":1.0,"LC":"3:0.275221,5:0.724779","XMIN":720794.86160847,"YMIN":8516389.517664917,"XMAX":720894.86160847,"YMAX":8516489.517664917},"geometry":{"type":"Polygon","coordinates":[[[-72.95997089072249,-13.41200062664412],[-72.95997851745163,-13.41109696054621],[-72.96090163012124,-13.411104424649693],[-72.96089400683738,-13.412008091268692],[-72.95997089072249,-13.41200062664412]]]}},{"type":"Feature","properties":{"Cell_ID":351,"Area_ha":1.0,"LC":"3:0.292726,5:0.707274","XMIN":720794.86160847,"YMIN":8516289.517664917,"XMAX":720894.86160847,"YMAX":8516389.517664917},"geometry":{"type":"Polygon","coordinates":[[[-72.95996326343189,-13.412904292673167],[-72.95997089072249,-13.41200062664412],[-72.96089400683738,-13.412008091268692],[-72.96088638299229,-13.412911757818831],[-72.95996326343189,-13.412904292673167]]]}},{"type":"Feature","properties":{"Cell_ID":352,"Area_ha":1.0,"LC":"3:0.403687,5:0.372678,6:0.174596,9:0.049039","XMIN":720794.86160847,"YMIN":8516189.517664917,"XMAX":720894.86160847,"YMAX":8516289.517664917},"geometry":{"type":"Polygon","coordinates":[[[-72.95995563557977,-13.413807958633345],[-72.95996326343189,-13.412904292673167],[-72.96088638299229,-13.412911757818831],[-72.96087875858598,-13.413815424300102],[-72.95995563557977,-13.413807958633345]]]}},{"type":"Feature","properties":{"Cell_ID":353,"Area_ha":1.0,"LC":"3:0.144244,5:0.349383,6:0.472504,9:0.033870","XMIN":720794.86160847,"YMIN":8516089.517664917,"XMAX":720894.86160847,"YMAX":8516189.517664917},"geometry":{"type":"Polygon","coordinates":[[[-72.95994800716619,-13.414711624524651],[-72.95995563557977,-13.413807958633345],[-72.96087875858598,-13.413815424300102],[-72.96087113361843,-13.414719090712508],[-72.95994800716619,-13.414711624524651]]]}},{"type":"Feature","properties":{"Cell_ID":354,"Area_ha":1.0,"LC":"5:0.206739,6:0.032900,9:0.760361","XMIN":720794.86160847,"YMIN":8515989.517664917,"XMAX":720894.86160847,"YMAX":8516089.517664917},"geometry":{"type":"Polygon","coordinates":[[[-72.95994037819109,-13.41561529034708],[-72.95994800716619,-13.414711624524651],[-72.96087113361843,-13.414719090712508],[-72.96086350808962,-13.415622757056038],[-72.95994037819109,-13.41561529034708]]]}},{"type":"Feature","properties":{"Cell_ID":355,"Area_ha":1.0,"LC":"9:0.484678,13:0.515322","XMIN":720794.86160847,"YMIN":8515889.517664917,"XMAX":720894.86160847,"YMAX":8515989.517664917},"geometry":{"type":"Polygon","coordinates":[[[-72.95993274865448,-13.416518956100626],[-72.95994037819109,-13.41561529034708],[-72.96086350808962,-13.415622757056038],[-72.96085588199955,-13.41652642333069],[-72.95993274865448,-13.416518956100626]]]}},{"type":"Feature","properties":{"Cell_ID":356,"Area_ha":1.0,"LC":"9:0.000779,13:0.999221","XMIN":720794.86160847,"YMIN":8515789.517664917,"XMAX":720894.86160847,"YMAX":8515889.517664917},"geometry":{"type":"Polygon","coordinates":[[[-72.95992511855636,-13.417422621785287],[-72.95993274865448,-13.416518956100626],[-72.96085588199955,-13.41652642333069],[-72.96084825534822,-13.41743008953646],[-72.95992511855636,-13.417422621785287]]]}},{"type":"Feature","properties":{"Cell_ID":357,"Area_ha":1.0,"LC":"13:1.000000","XMIN":720794.86160847,"YMIN":8515689.517664917,"XMAX":720894.86160847,"YMAX":8515789.517664917},"geometry":{"type":"Polygon","coordinates":[[[-72.9599174878967,-13.418326287401056],[-72.95992511855636,-13.417422621785287],[-72.96084825534822,-13.41743008953646],[-72.96084062813561,-13.418333755673343],[-72.9599174878967,-13.418326287401056]]]}},{"type":"Feature","properties":{"Cell_ID":358,"Area_ha":1.0,"LC":"13:1.000000","XMIN":720794.86160847,"YMIN":8515589.517664917,"XMAX":720894.86160847,"YMAX":8515689.517664917},"geometry":{"type":"Polygon","coordinates":[[[-72.9599098566755,-13.419229952947932],[-72.9599174878967,-13.418326287401056],[-72.96084062813561,-13.418333755673343],[-72.9608330003617,-13.419237421741336],[-72.9599098566755,-13.419229952947932]]]}},{"type":"Feature","properties":{"Cell_ID":359,"Area_ha":1.0,"LC":"9:0.203099,13:0.796901","XMIN":720794.86160847,"YMIN":8515489.517664917,"XMAX":720894.86160847,"YMAX":8515589.517664917},"geometry":{"type":"Polygon","coordinates":[[[-72.95990222489273,-13.420133618425908],[-72.9599098566755,-13.419229952947932],[-72.9608330003617,-13.419237421741336],[-72.9608253720265,-13.420141087740435],[-72.95990222489273,-13.420133618425908]]]}},{"type":"Feature","properties":{"Cell_ID":360,"Area_ha":1.0,"LC":"5:0.213818,9:0.211756,13:0.574426","XMIN":720794.86160847,"YMIN":8515389.517664917,"XMAX":720894.86160847,"YMAX":8515489.517664917},"geometry":{"type":"Polygon","coordinates":[[[-72.95989459254841,-13.42103728383498],[-72.95990222489273,-13.420133618425908],[-72.9608253720265,-13.420141087740435],[-72.96081774313001,-13.42104475367063],[-72.95989459254841,-13.42103728383498]]]}},{"type":"Feature","properties":{"Cell_ID":361,"Area_ha":1.0,"LC":"5:0.354252,9:0.034839,13:0.610909","XMIN":720794.86160847,"YMIN":8515289.517664917,"XMAX":720894.86160847,"YMAX":8515389.517664917},"geometry":{"type":"Polygon","coordinates":[[[-72.95988695964252,-13.421940949175145],[-72.95989459254841,-13.42103728383498],[-72.96081774313001,-13.42104475367063],[-72.96081011367215,-13.421948419531924],[-72.95988695964252,-13.421940949175145]]]}},{"type":"Feature","properties":{"Cell_ID":362,"Area_ha":1.0,"LC":"5:0.394839,9:0.120969,13:0.484191","XMIN":720794.86160847,"YMIN":8515189.517664917,"XMAX":720894.86160847,"YMAX":8515289.517664917},"geometry":{"type":"Polygon","coordinates":[[[-72.95987932617504,-13.422844614446397],[-72.95988695964252,-13.421940949175145],[-72.96081011367215,-13.421948419531924],[-72.960802483653,-13.42285208532431],[-72.95987932617504,-13.422844614446397]]]}},{"type":"Feature","properties":{"Cell_ID":363,"Area_ha":1.0,"LC":"13:1.000000","XMIN":720794.86160847,"YMIN":8515089.517664917,"XMAX":720894.86160847,"YMAX":8515189.517664917},"geometry":{"type":"Polygon","coordinates":[[[-72.95987169214597,-13.423748279648734],[-72.95987932617504,-13.422844614446397],[-72.960802483653,-13.42285208532431],[-72.9607948530725,-13.423755751047784],[-72.95987169214597,-13.423748279648734]]]}},{"type":"Feature","properties":{"Cell_ID":364,"Area_ha":1.0,"LC":"13:0.322321,16:0.657341","XMIN":720894.86160847,"YMIN":8518889.517664917,"XMAX":720994.86160847,"YMAX":8518989.517664917},"geometry":{"type":"Polygon","coordinates":[[[-72.95923836103731,-13.389401498582728],[-72.9592459771718,-13.388497831285855],[-72.96016900323075,-13.388505285730288],[-72.96016139053518,-13.389408953548385],[-72.95923836103731,-13.389401498582728]]]}},{"type":"Feature","properties":{"Cell_ID":365,"Area_ha":1.0,"LC":"5:0.007687,13:0.110734,16:0.881578","XMIN":720894.86160847,"YMIN":8518789.517664917,"XMAX":720994.86160847,"YMAX":8518889.517664917},"geometry":{"type":"Polygon","coordinates":[[[-72.95923074434134,-13.390305165810842],[-72.95923836103731,-13.389401498582728],[-72.96016139053518,-13.389408953548385],[-72.96015377727838,-13.390312621297735],[-72.95923074434134,-13.390305165810842]]]}},{"type":"Feature","properties":{"Cell_ID":366,"Area_ha":1.0,"LC":"5:0.788795,13:0.211205","XMIN":720894.86160847,"YMIN":8518689.517664917,"XMAX":720994.86160847,"YMAX":8518789.517664917},"geometry":{"type":"Polygon","coordinates":[[[-72.95922312708389,-13.391208832970195],[-72.95923074434134,-13.390305165810842],[-72.96015377727838,-13.390312621297735],[-72.96014616346035,-13.391216288978322],[-72.95922312708389,-13.391208832970195]]]}},{"type":"Feature","properties":{"Cell_ID":367,"Area_ha":1.0,"LC":"5:0.404487,13:0.595513","XMIN":720894.86160847,"YMIN":8518589.517664917,"XMAX":720994.86160847,"YMAX":8518689.517664917},"geometry":{"type":"Polygon","coordinates":[[[-72.95921550926492,-13.392112500060774],[-72.95922312708389,-13.391208832970195],[-72.96014616346035,-13.391216288978322],[-72.96013854908108,-13.392119956590147],[-72.95921550926492,-13.392112500060774]]]}},{"type":"Feature","properties":{"Cell_ID":368,"Area_ha":1.0,"LC":"5:0.185574,13:0.814426","XMIN":720894.86160847,"YMIN":8518489.517664917,"XMAX":720994.86160847,"YMAX":8518589.517664917},"geometry":{"type":"Polygon","coordinates":[[[-72.95920789088446,-13.393016167082585],[-72.95921550926492,-13.392112500060774],[-72.96013854908108,-13.392119956590147],[-72.96013093414057,-13.393023624133201],[-72.95920789088446,-13.393016167082585]]]}},{"type":"Feature","properties":{"Cell_ID":369,"Area_ha":1.0,"LC":"5:0.935756,13:0.064244","XMIN":720894.86160847,"YMIN":8518389.517664917,"XMAX":720994.86160847,"YMAX":8518489.517664917},"geometry":{"type":"Polygon","coordinates":[[[-72.95920027194248,-13.393919834035621],[-72.95920789088446,-13.393016167082585],[-72.96013093414057,-13.393023624133201],[-72.96012331863878,-13.393927291607481],[-72.95920027194248,-13.393919834035621]]]}},{"type":"Feature","properties":{"Cell_ID":370,"Area_ha":1.0,"LC":"5:1.000000","XMIN":720894.86160847,"YMIN":8518289.517664917,"XMAX":720994.86160847,"YMAX":8518389.517664917},"geometry":{"type":"Polygon","coordinates":[[[-72.95919265243897,-13.394823500919873],[-72.95920027194248,-13.393919834035621],[-72.96012331863878,-13.393927291607481],[-72.9601157025757,-13.394830959012985],[-72.95919265243897,-13.394823500919873]]]}},{"type":"Feature","properties":{"Cell_ID":371,"Area_ha":1.0,"LC":"5:1.000000","XMIN":720894.86160847,"YMIN":8518189.517664917,"XMAX":720994.86160847,"YMAX":8518289.517664917},"geometry":{"type":"Polygon","coordinates":[[[-72.95918503237394,-13.395727167735341],[-72.95919265243897,-13.394823500919873],[-72.9601157025757,-13.394830959012985],[-72.96010808595138,-13.39573462634971],[-72.95918503237394,-13.395727167735341]]]}},{"type":"Feature","properties":{"Cell_ID":372,"Area_ha":1.0,"LC":"5:1.000000","XMIN":720894.86160847,"YMIN":8518089.517664917,"XMAX":720994.86160847,"YMAX":8518189.517664917},"geometry":{"type":"Polygon","coordinates":[[[-72.95917741174735,-13.39663083448202],[-72.95918503237394,-13.395727167735341],[-72.96010808595138,-13.39573462634971],[-72.96010046876575,-13.39663829361765],[-72.95917741174735,-13.39663083448202]]]}},{"type":"Feature","properties":{"Cell_ID":373,"Area_ha":1.0,"LC":"5:1.000000","XMIN":720894.86160847,"YMIN":8517989.517664917,"XMAX":720994.86160847,"YMAX":8518089.517664917},"geometry":{"type":"Polygon","coordinates":[[[-72.9591697905592,-13.3975345011599],[-72.95917741174735,-13.39663083448202],[-72.96010046876575,-13.39663829361765],[-72.96009285101881,-13.397541960816794],[-72.9591697905592,-13.3975345011599]]]}},{"type":"Feature","properties":{"Cell_ID":374,"Area_ha":1.0,"LC":"5:0.984434,13:0.015566","XMIN":720894.86160847,"YMIN":8517889.517664917,"XMAX":720994.86160847,"YMAX":8517989.517664917},"geometry":{"type":"Polygon","coordinates":[[[-72.95916216880948,-13.398438167768989],[-72.9591697905592,-13.3975345011599],[-72.96009285101881,-13.397541960816794],[-72.96008523271055,-13.398445627947149],[-72.95916216880948,-13.398438167768989]]]}},{"type":"Feature","properties":{"Cell_ID":375,"Area_ha":1.0,"LC":"5:0.388900,13:0.611100","XMIN":720894.86160847,"YMIN":8517789.517664917,"XMAX":720994.86160847,"YMAX":8517889.517664917},"geometry":{"type":"Polygon","coordinates":[[[-72.9591545464982,-13.399341834309272],[-72.95916216880948,-13.398438167768989],[-72.96008523271055,-13.398445627947149],[-72.960077613841,-13.399349295008701],[-72.9591545464982,-13.399341834309272]]]}},{"type":"Feature","properties":{"Cell_ID":376,"Area_ha":1.0,"LC":"5:0.303635,13:0.696365","XMIN":720894.86160847,"YMIN":8517689.517664917,"XMAX":720994.86160847,"YMAX":8517789.517664917},"geometry":{"type":"Polygon","coordinates":[[[-72.95914692362533,-13.400245500780747],[-72.9591545464982,-13.399341834309272],[-72.960077613841,-13.399349295008701],[-72.96006999441009,-13.400252962001451],[-72.95914692362533,-13.400245500780747]]]}},{"type":"Feature","properties":{"Cell_ID":377,"Area_ha":1.0,"LC":"5:0.800000,13:0.200000","XMIN":720894.86160847,"YMIN":8517589.517664917,"XMAX":720994.86160847,"YMAX":8517689.517664917},"geometry":{"type":"Polygon","coordinates":[[[-72.95913930019086,-13.401149167183409],[-72.95914692362533,-13.400245500780747],[-72.96006999441009,-13.400252962001451],[-72.96006237441784,-13.401156628925392],[-72.95913930019086,-13.401149167183409]]]}},{"type":"Feature","properties":{"Cell_ID":378,"Area_ha":1.0,"LC":"5:0.535205,9:0.424795,13:0.040000","XMIN":720894.86160847,"YMIN":8517489.517664917,"XMAX":720994.86160847,"YMAX":8517589.517664917},"geometry":{"type":"Polygon","coordinates":[[[-72.9591316761948,-13.402052833517262],[-72.95913930019086,-13.401149167183409],[-72.96006237441784,-13.401156628925392],[-72.96005475386423,-13.402060295780524],[-72.9591316761948,-13.402052833517262]]]}},{"type":"Feature","properties":{"Cell_ID":379,"Area_ha":1.0,"LC":"5:0.039031,9:0.544053,13:0.416917","XMIN":720894.86160847,"YMIN":8517389.517664917,"XMAX":720994.86160847,"YMAX":8517489.517664917},"geometry":{"type":"Polygon","coordinates":[[[-72.95912405163709,-13.402956499782288],[-72.9591316761948,-13.402052833517262],[-72.96005475386423,-13.402060295780524],[-72.96004713274928,-13.402963962566838],[-72.95912405163709,-13.402956499782288]]]}},{"type":"Feature","properties":{"Cell_ID":380,"Area_ha":1.0,"LC":"5:0.109404,9:0.455756,13:0.434839","XMIN":720894.86160847,"YMIN":8517289.517664917,"XMAX":720994.86160847,"YMAX":8517389.517664917},"geometry":{"type":"Polygon","coordinates":[[[-72.95911642651778,-13.403860165978491],[-72.95912405163709,-13.402956499782288],[-72.96004713274928,-13.402963962566838],[-72.96003951107295,-13.403867629284331],[-72.95911642651778,-13.403860165978491]]]}},{"type":"Feature","properties":{"Cell_ID":381,"Area_ha":1.0,"LC":"9:0.256365,13:0.743635","XMIN":720894.86160847,"YMIN":8517189.517664917,"XMAX":720994.86160847,"YMAX":8517289.517664917},"geometry":{"type":"Polygon","coordinates":[[[-72.95910880083683,-13.40476383210587],[-72.95911642651778,-13.403860165978491],[-72.96003951107295,-13.403867629284331],[-72.96003188883522,-13.404771295933003],[-72.95910880083683,-13.40476383210587]]]}},{"type":"Feature","properties":{"Cell_ID":382,"Area_ha":1.0,"LC":"9:0.001939,13:0.998061","XMIN":720894.86160847,"YMIN":8517089.517664917,"XMAX":720994.86160847,"YMAX":8517189.517664917},"geometry":{"type":"Polygon","coordinates":[[[-72.95910117459422,-13.405667498164409],[-72.95910880083683,-13.40476383210587],[-72.96003188883522,-13.404771295933003],[-72.9600242660361,-13.405674962512837],[-72.95910117459422,-13.405667498164409]]]}},{"type":"Feature","properties":{"Cell_ID":383,"Area_ha":1.0,"LC":"9:0.143635,13:0.856365","XMIN":720894.86160847,"YMIN":8516989.517664917,"XMAX":720994.86160847,"YMAX":8517089.517664917},"geometry":{"type":"Polygon","coordinates":[[[-72.95909354778996,-13.406571164154116],[-72.95910117459422,-13.405667498164409],[-72.9600242660361,-13.405674962512837],[-72.9600166426756,-13.406578629023842],[-72.95909354778996,-13.406571164154116]]]}},{"type":"Feature","properties":{"Cell_ID":384,"Area_ha":1.0,"LC":"5:0.431513,9:0.383083,13:0.185404","XMIN":720894.86160847,"YMIN":8516889.517664917,"XMAX":720994.86160847,"YMAX":8516989.517664917},"geometry":{"type":"Polygon","coordinates":[[[-72.95908592042404,-13.40747483007498],[-72.95909354778996,-13.406571164154116],[-72.9600166426756,-13.406578629023842],[-72.96000901875367,-13.40748229546601],[-72.95908592042404,-13.40747483007498]]]}},{"type":"Feature","properties":{"Cell_ID":385,"Area_ha":1.0,"LC":"5:0.924970,9:0.070374,13:0.004656","XMIN":720894.86160847,"YMIN":8516789.517664917,"XMAX":720994.86160847,"YMAX":8516889.517664917},"geometry":{"type":"Polygon","coordinates":[[[-72.95907829249644,-13.408378495926994],[-72.95908592042404,-13.40747483007498],[-72.96000901875367,-13.40748229546601],[-72.96000139427032,-13.408385961839334],[-72.95907829249644,-13.408378495926994]]]}},{"type":"Feature","properties":{"Cell_ID":386,"Area_ha":1.0,"LC":"5:0.789022,13:0.210978","XMIN":720894.86160847,"YMIN":8516689.517664917,"XMAX":720994.86160847,"YMAX":8516789.517664917},"geometry":{"type":"Polygon","coordinates":[[[-72.95907066400716,-13.409282161710163],[-72.95907829249644,-13.408378495926994],[-72.96000139427032,-13.408385961839334],[-72.95999376922553,-13.409289628143812],[-72.95907066400716,-13.409282161710163]]]}},{"type":"Feature","properties":{"Cell_ID":387,"Area_ha":1.0,"LC":"3:0.213627,5:0.622496,9:0.090008,13:0.073870","XMIN":720894.86160847,"YMIN":8516589.517664917,"XMAX":720994.86160847,"YMAX":8516689.517664917},"geometry":{"type":"Polygon","coordinates":[[[-72.95906303495617,-13.410185827424472],[-72.95907066400716,-13.409282161710163],[-72.95999376922553,-13.409289628143812],[-72.9599861436193,-13.41019329437944],[-72.95906303495617,-13.410185827424472]]]}},{"type":"Feature","properties":{"Cell_ID":388,"Area_ha":1.0,"LC":"3:0.395153,5:0.352122,9:0.244656,13:0.008069","XMIN":720894.86160847,"YMIN":8516489.517664917,"XMAX":720994.86160847,"YMAX":8516589.517664917},"geometry":{"type":"Polygon","coordinates":[[[-72.95905540534348,-13.411089493069925],[-72.95906303495617,-13.410185827424472],[-72.9599861436193,-13.41019329437944],[-72.95997851745163,-13.41109696054621],[-72.95905540534348,-13.411089493069925]]]}},{"type":"Feature","properties":{"Cell_ID":389,"Area_ha":1.0,"LC":"3:0.267274,5:0.072122,9:0.280000,13:0.380604","XMIN":720894.86160847,"YMIN":8516389.517664917,"XMAX":720994.86160847,"YMAX":8516489.517664917},"geometry":{"type":"Polygon","coordinates":[[[-72.95904777516907,-13.411993158646515],[-72.95905540534348,-13.411089493069925],[-72.95997851745163,-13.41109696054621],[-72.95997089072249,-13.41200062664412],[-72.95904777516907,-13.411993158646515]]]}},{"type":"Feature","properties":{"Cell_ID":390,"Area_ha":1.0,"LC":"3:0.323031,5:0.264795,9:0.072122,13:0.340052","XMIN":720894.86160847,"YMIN":8516289.517664917,"XMAX":720994.86160847,"YMAX":8516389.517664917},"geometry":{"type":"Polygon","coordinates":[[[-72.95904014443295,-13.412896824154233],[-72.95904777516907,-13.411993158646515],[-72.95997089072249,-13.41200062664412],[-72.95996326343189,-13.412904292673167],[-72.95904014443295,-13.412896824154233]]]}},{"type":"Feature","properties":{"Cell_ID":391,"Area_ha":1.0,"LC":"3:0.180557,5:0.459083,9:0.360361","XMIN":720894.86160847,"YMIN":8516189.517664917,"XMAX":720994.86160847,"YMAX":8516289.517664917},"geometry":{"type":"Polygon","coordinates":[[[-72.95903251313507,-13.41380048959308],[-72.95904014443295,-13.412896824154233],[-72.95996326343189,-13.412904292673167],[-72.95995563557977,-13.413807958633345],[-72.95903251313507,-13.41380048959308]]]}},{"type":"Feature","properties":{"Cell_ID":392,"Area_ha":1.0,"LC":"6:0.132657,9:0.867343","XMIN":720894.86160847,"YMIN":8516089.517664917,"XMAX":720994.86160847,"YMAX":8516189.517664917},"geometry":{"type":"Polygon","coordinates":[[[-72.95902488127545,-13.414704154963053],[-72.95903251313507,-13.41380048959308],[-72.95995563557977,-13.413807958633345],[-72.95994800716619,-13.414711624524651],[-72.95902488127545,-13.414704154963053]]]}},{"type":"Feature","properties":{"Cell_ID":393,"Area_ha":1.0,"LC":"6:0.143465,9:0.856535","XMIN":720894.86160847,"YMIN":8515989.517664917,"XMAX":720994.86160847,"YMAX":8516089.517664917},"geometry":{"type":"Polygon","coordinates":[[[-72.9590172488541,-13.415607820264142],[-72.95902488127545,-13.414704154963053],[-72.95994800716619,-13.414711624524651],[-72.95994037819109,-13.41561529034708],[-72.9590172488541,-13.415607820264142]]]}},{"type":"Feature","properties":{"Cell_ID":394,"Area_ha":1.0,"LC":"9:0.999809,13:0.000191","XMIN":720894.86160847,"YMIN":8515889.517664917,"XMAX":720994.86160847,"YMAX":8515989.517664917},"geometry":{"type":"Polygon","coordinates":[[[-72.95900961587094,-13.416511485496347],[-72.9590172488541,-13.415607820264142],[-72.95994037819109,-13.41561529034708],[-72.95993274865448,-13.416518956100626],[-72.95900961587094,-13.416511485496347]]]}},{"type":"Feature","properties":{"Cell_ID":395,"Area_ha":1.0,"LC":"9:0.703656,13:0.296344","XMIN":720894.86160847,"YMIN":8515789.517664917,"XMAX":720994.86160847,"YMAX":8515889.517664917},"geometry":{"type":"Polygon","coordinates":[[[-72.95900198232603,-13.417415150659664],[-72.95900961587094,-13.416511485496347],[-72.95993274865448,-13.416518956100626],[-72.95992511855636,-13.417422621785287],[-72.95900198232603,-13.417415150659664]]]}},{"type":"Feature","properties":{"Cell_ID":396,"Area_ha":1.0,"LC":"9:0.421022,13:0.578978","XMIN":720894.86160847,"YMIN":8515689.517664917,"XMAX":720994.86160847,"YMAX":8515789.517664917},"geometry":{"type":"Polygon","coordinates":[[[-72.95899434821932,-13.418318815754084],[-72.95900198232603,-13.417415150659664],[-72.95992511855636,-13.417422621785287],[-72.9599174878967,-13.418326287401056],[-72.95899434821932,-13.418318815754084]]]}},{"type":"Feature","properties":{"Cell_ID":397,"Area_ha":1.0,"LC":"13:1.000000","XMIN":720894.86160847,"YMIN":8515589.517664917,"XMAX":720994.86160847,"YMAX":8515689.517664917},"geometry":{"type":"Polygon","coordinates":[[[-72.95898671355083,-13.419222480779608],[-72.95899434821932,-13.418318815754084],[-72.9599174878967,-13.418326287401056],[-72.9599098566755,-13.419229952947932],[-72.95898671355083,-13.419222480779608]]]}},{"type":"Feature","properties":{"Cell_ID":398,"Area_ha":1.0,"LC":"9:0.348414,13:0.651586","XMIN":720894.86160847,"YMIN":8515489.517664917,"XMAX":720994.86160847,"YMAX":8515589.517664917},"geometry":{"type":"Polygon","coordinates":[[[-72.95897907832052,-13.420126145736226],[-72.95898671355083,-13.419222480779608],[-72.9599098566755,-13.419229952947932],[-72.95990222489273,-13.420133618425908],[-72.95897907832052,-13.420126145736226]]]}},{"type":"Feature","properties":{"Cell_ID":399,"Area_ha":1.0,"LC":"9:0.766130,13:0.233870","XMIN":720894.86160847,"YMIN":8515389.517664917,"XMAX":720994.86160847,"YMAX":8515489.517664917},"geometry":{"type":"Polygon","coordinates":[[[-72.95897144252841,-13.421029810623937],[-72.95897907832052,-13.420126145736226],[-72.95990222489273,-13.420133618425908],[-72.95989459254841,-13.42103728383498],[-72.95897144252841,-13.421029810623937]]]}},{"type":"Feature","properties":{"Cell_ID":400,"Area_ha":1.0,"LC":"5:0.085748,6:0.163878,9:0.734426,13:0.015947","XMIN":720894.86160847,"YMIN":8515289.517664917,"XMAX":720994.86160847,"YMAX":8515389.517664917},"geometry":{"type":"Polygon","coordinates":[[[-72.95896380617445,-13.421933475442737],[-72.95897144252841,-13.421029810623937],[-72.95989459254841,-13.42103728383498],[-72.95988695964252,-13.421940949175145],[-72.95896380617445,-13.421933475442737]]]}},{"type":"Feature","properties":{"Cell_ID":401,"Area_ha":1.0,"LC":"5:0.109404,9:0.263274,13:0.627322","XMIN":720894.86160847,"YMIN":8515189.517664917,"XMAX":720994.86160847,"YMAX":8515289.517664917},"geometry":{"type":"Polygon","coordinates":[[[-72.95895616925867,-13.422837140192625],[-72.95896380617445,-13.421933475442737],[-72.95988695964252,-13.421940949175145],[-72.95987932617504,-13.422844614446397],[-72.95895616925867,-13.422837140192625]]]}},{"type":"Feature","properties":{"Cell_ID":402,"Area_ha":1.0,"LC":"13:1.000000","XMIN":720894.86160847,"YMIN":8515089.517664917,"XMAX":720994.86160847,"YMAX":8515189.517664917},"geometry":{"type":"Polygon","coordinates":[[[-72.95894853178103,-13.423740804873589],[-72.95895616925867,-13.422837140192625],[-72.95987932617504,-13.422844614446397],[-72.95987169214597,-13.423748279648734],[-72.95894853178103,-13.423740804873589]]]}},{"type":"Feature","properties":{"Cell_ID":403,"Area_ha":1.0,"LC":"13:1.000000","XMIN":720894.86160847,"YMIN":8514989.517664917,"XMAX":720994.86160847,"YMAX":8515089.517664917},"geometry":{"type":"Polygon","coordinates":[[[-72.95894089374156,-13.42464446948563],[-72.95894853178103,-13.423740804873589],[-72.95987169214597,-13.423748279648734],[-72.9598640575553,-13.42465194478215],[-72.95894089374156,-13.42464446948563]]]}},{"type":"Feature","properties":{"Cell_ID":404,"Area_ha":1.0,"LC":"9:0.218856,13:0.460851,16:0.102474,17:0.089214","XMIN":720994.86160847,"YMIN":8518889.517664917,"XMAX":721094.86160847,"YMAX":8518989.517664917},"geometry":{"type":"Polygon","coordinates":[[[-72.95831533210094,-13.389394040249924],[-72.95832295167435,-13.388490373474518],[-72.9592459771718,-13.388497831285855],[-72.95923836103731,-13.389401498582728],[-72.95831533210094,-13.389394040249924]]]}},{"type":"Feature","properties":{"Cell_ID":405,"Area_ha":1.0,"LC":"9:0.065992,13:0.015566,16:0.918443","XMIN":720994.86160847,"YMIN":8518789.517664917,"XMAX":721094.86160847,"YMAX":8518889.517664917},"geometry":{"type":"Polygon","coordinates":[[[-72.95830771196579,-13.39029770695657],[-72.95831533210094,-13.389394040249924],[-72.95923836103731,-13.389401498582728],[-72.95923074434134,-13.390305165810842],[-72.95830771196579,-13.39029770695657]]]}},{"type":"Feature","properties":{"Cell_ID":406,"Area_ha":1.0,"LC":"5:0.349574,13:0.553282,16:0.097144","XMIN":720994.86160847,"YMIN":8518689.517664917,"XMAX":721094.86160847,"YMAX":8518789.517664917},"geometry":{"type":"Polygon","coordinates":[[[-72.95830009126891,-13.391201373594448],[-72.95830771196579,-13.39029770695657],[-72.95923074434134,-13.390305165810842],[-72.95922312708389,-13.391208832970195],[-72.95830009126891,-13.391201373594448]]]}},{"type":"Feature","properties":{"Cell_ID":407,"Area_ha":1.0,"LC":"5:0.765579,13:0.234421","XMIN":720994.86160847,"YMIN":8518589.517664917,"XMAX":721094.86160847,"YMAX":8518689.517664917},"geometry":{"type":"Polygon","coordinates":[[[-72.95829247001028,-13.392105040163557],[-72.95830009126891,-13.391201373594448],[-72.95922312708389,-13.391208832970195],[-72.95921550926492,-13.392112500060774],[-72.95829247001028,-13.392105040163557]]]}},{"type":"Feature","properties":{"Cell_ID":408,"Area_ha":1.0,"LC":"5:0.214787,13:0.785213","XMIN":720994.86160847,"YMIN":8518489.517664917,"XMAX":721094.86160847,"YMAX":8518589.517664917},"geometry":{"type":"Polygon","coordinates":[[[-72.95828484818988,-13.393008706663885],[-72.95829247001028,-13.392105040163557],[-72.95921550926492,-13.392112500060774],[-72.95920789088446,-13.393016167082585],[-72.95828484818988,-13.393008706663885]]]}},{"type":"Feature","properties":{"Cell_ID":409,"Area_ha":1.0,"LC":"5:0.243809,13:0.756191","XMIN":720994.86160847,"YMIN":8518389.517664917,"XMAX":721094.86160847,"YMAX":8518489.517664917},"geometry":{"type":"Polygon","coordinates":[[[-72.95827722580772,-13.393912373095436],[-72.95828484818988,-13.393008706663885],[-72.95920789088446,-13.393016167082585],[-72.95920027194248,-13.393919834035621],[-72.95827722580772,-13.393912373095436]]]}},{"type":"Feature","properties":{"Cell_ID":410,"Area_ha":1.0,"LC":"5:0.611100,13:0.388900","XMIN":720994.86160847,"YMIN":8518289.517664917,"XMAX":721094.86160847,"YMAX":8518389.517664917},"geometry":{"type":"Polygon","coordinates":[[[-72.95826960286378,-13.394816039458199],[-72.95827722580772,-13.393912373095436],[-72.95920027194248,-13.393919834035621],[-72.95919265243897,-13.394823500919873],[-72.95826960286378,-13.394816039458199]]]}},{"type":"Feature","properties":{"Cell_ID":411,"Area_ha":1.0,"LC":"5:1.000000","XMIN":720994.86160847,"YMIN":8518189.517664917,"XMAX":721094.86160847,"YMAX":8518289.517664917},"geometry":{"type":"Polygon","coordinates":[[[-72.95826197935804,-13.395719705752178],[-72.95826960286378,-13.394816039458199],[-72.95919265243897,-13.394823500919873],[-72.95918503237394,-13.395727167735341],[-72.95826197935804,-13.395719705752178]]]}},{"type":"Feature","properties":{"Cell_ID":412,"Area_ha":1.0,"LC":"5:1.000000","XMIN":720994.86160847,"YMIN":8518089.517664917,"XMAX":721094.86160847,"YMAX":8518189.517664917},"geometry":{"type":"Polygon","coordinates":[[[-72.9582543552905,-13.396623371977364],[-72.95826197935804,-13.395719705752178],[-72.95918503237394,-13.395727167735341],[-72.95917741174735,-13.39663083448202],[-72.9582543552905,-13.396623371977364]]]}},{"type":"Feature","properties":{"Cell_ID":413,"Area_ha":1.0,"LC":"5:1.000000","XMIN":720994.86160847,"YMIN":8517989.517664917,"XMAX":721094.86160847,"YMAX":8518089.517664917},"geometry":{"type":"Polygon","coordinates":[[[-72.95824673066117,-13.397527038133747],[-72.9582543552905,-13.396623371977364],[-72.95917741174735,-13.39663083448202],[-72.9591697905592,-13.3975345011599],[-72.95824673066117,-13.397527038133747]]]}},{"type":"Feature","properties":{"Cell_ID":414,"Area_ha":1.0,"LC":"5:0.912122,13:0.087878","XMIN":720994.86160847,"YMIN":8517889.517664917,"XMAX":721094.86160847,"YMAX":8517989.517664917},"geometry":{"type":"Polygon","coordinates":[[[-72.95823910547,-13.398430704221331],[-72.95824673066117,-13.397527038133747],[-72.9591697905592,-13.3975345011599],[-72.95916216880948,-13.398438167768989],[-72.95823910547,-13.398430704221331]]]}},{"type":"Feature","properties":{"Cell_ID":415,"Area_ha":1.0,"LC":"5:0.664434,13:0.335566","XMIN":720994.86160847,"YMIN":8517789.517664917,"XMAX":721094.86160847,"YMAX":8517889.517664917},"geometry":{"type":"Polygon","coordinates":[[[-72.95823147971701,-13.39933437024011],[-72.95823910547,-13.398430704221331],[-72.95916216880948,-13.398438167768989],[-72.9591545464982,-13.399341834309272],[-72.95823147971701,-13.39933437024011]]]}},{"type":"Feature","properties":{"Cell_ID":416,"Area_ha":1.0,"LC":"5:0.402717,13:0.597283","XMIN":720994.86160847,"YMIN":8517689.517664917,"XMAX":721094.86160847,"YMAX":8517789.517664917},"geometry":{"type":"Polygon","coordinates":[[[-72.95822385340219,-13.400238036190075],[-72.95823147971701,-13.39933437024011],[-72.9591545464982,-13.399341834309272],[-72.95914692362533,-13.400245500780747],[-72.95822385340219,-13.400238036190075]]]}},{"type":"Feature","properties":{"Cell_ID":417,"Area_ha":1.0,"LC":"5:0.447878,13:0.552122","XMIN":720994.86160847,"YMIN":8517589.517664917,"XMAX":721094.86160847,"YMAX":8517689.517664917},"geometry":{"type":"Polygon","coordinates":[[[-72.95821622652551,-13.401141702071225],[-72.95822385340219,-13.400238036190075],[-72.95914692362533,-13.400245500780747],[-72.95913930019086,-13.401149167183409],[-72.95821622652551,-13.401141702071225]]]}},{"type":"Feature","properties":{"Cell_ID":418,"Area_ha":1.0,"LC":"5:0.552122,9:0.046718,13:0.401160","XMIN":720994.86160847,"YMIN":8517489.517664917,"XMAX":721094.86160847,"YMAX":8517589.517664917},"geometry":{"type":"Polygon","coordinates":[[[-72.95820859908696,-13.40204536788356],[-72.95821622652551,-13.401141702071225],[-72.95913930019086,-13.401149167183409],[-72.9591316761948,-13.402052833517262],[-72.95820859908696,-13.40204536788356]]]}},{"type":"Feature","properties":{"Cell_ID":419,"Area_ha":1.0,"LC":"5:0.224244,9:0.228435,13:0.547322","XMIN":720994.86160847,"YMIN":8517389.517664917,"XMAX":721094.86160847,"YMAX":8517489.517664917},"geometry":{"type":"Polygon","coordinates":[[[-72.95820097108654,-13.402949033627065],[-72.95820859908696,-13.40204536788356],[-72.9591316761948,-13.402052833517262],[-72.95912405163709,-13.402956499782288],[-72.95820097108654,-13.402949033627065]]]}},{"type":"Feature","properties":{"Cell_ID":420,"Area_ha":1.0,"LC":"13:1.000000","XMIN":720994.86160847,"YMIN":8517289.517664917,"XMAX":721094.86160847,"YMAX":8517389.517664917},"geometry":{"type":"Polygon","coordinates":[[[-72.95819334252425,-13.403852699301748],[-72.95820097108654,-13.402949033627065],[-72.95912405163709,-13.402956499782288],[-72.95911642651778,-13.403860165978491],[-72.95819334252425,-13.403852699301748]]]}},{"type":"Feature","properties":{"Cell_ID":421,"Area_ha":1.0,"LC":"5:0.001160,13:0.998840","XMIN":720994.86160847,"YMIN":8517189.517664917,"XMAX":721094.86160847,"YMAX":8517289.517664917},"geometry":{"type":"Polygon","coordinates":[[[-72.95818571340007,-13.404756364907593],[-72.95819334252425,-13.403852699301748],[-72.95911642651778,-13.403860165978491],[-72.95910880083683,-13.40476383210587],[-72.95818571340007,-13.404756364907593]]]}},{"type":"Feature","properties":{"Cell_ID":422,"Area_ha":1.0,"LC":"5:0.000779,9:0.457886,13:0.541335","XMIN":720994.86160847,"YMIN":8517089.517664917,"XMAX":721094.86160847,"YMAX":8517189.517664917},"geometry":{"type":"Polygon","coordinates":[[[-72.95817808371399,-13.4056600304446],[-72.95818571340007,-13.404756364907593],[-72.95910880083683,-13.40476383210587],[-72.95910117459422,-13.405667498164409],[-72.95817808371399,-13.4056600304446]]]}},{"type":"Feature","properties":{"Cell_ID":423,"Area_ha":1.0,"LC":"9:0.275809,13:0.724191","XMIN":720994.86160847,"YMIN":8516989.517664917,"XMAX":721094.86160847,"YMAX":8517089.517664917},"geometry":{"type":"Polygon","coordinates":[[[-72.958170453466,-13.406563695912771],[-72.95817808371399,-13.4056600304446],[-72.95910117459422,-13.405667498164409],[-72.95909354778996,-13.406571164154116],[-72.958170453466,-13.406563695912771]]]}},{"type":"Feature","properties":{"Cell_ID":424,"Area_ha":1.0,"LC":"5:0.001160,9:0.072122,13:0.926718","XMIN":720994.86160847,"YMIN":8516889.517664917,"XMAX":721094.86160847,"YMAX":8516989.517664917},"geometry":{"type":"Polygon","coordinates":[[[-72.95816282265609,-13.407467361312097],[-72.958170453466,-13.406563695912771],[-72.95909354778996,-13.406571164154116],[-72.95908592042404,-13.40747483007498],[-72.95816282265609,-13.407467361312097]]]}},{"type":"Feature","properties":{"Cell_ID":425,"Area_ha":1.0,"LC":"5:0.324048,13:0.675952","XMIN":720994.86160847,"YMIN":8516789.517664917,"XMAX":721094.86160847,"YMAX":8516889.517664917},"geometry":{"type":"Polygon","coordinates":[[[-72.95815519128426,-13.408371026642566],[-72.95816282265609,-13.407467361312097],[-72.95908592042404,-13.40747483007498],[-72.95907829249644,-13.408378495926994],[-72.95815519128426,-13.408371026642566]]]}},{"type":"Feature","properties":{"Cell_ID":426,"Area_ha":1.0,"LC":"5:0.875221,13:0.124779","XMIN":720994.86160847,"YMIN":8516689.517664917,"XMAX":721094.86160847,"YMAX":8516789.517664917},"geometry":{"type":"Polygon","coordinates":[[[-72.95814755935046,-13.409274691904189],[-72.95815519128426,-13.408371026642566],[-72.95907829249644,-13.408378495926994],[-72.95907066400716,-13.409282161710163],[-72.95814755935046,-13.409274691904189]]]}},{"type":"Feature","properties":{"Cell_ID":427,"Area_ha":1.0,"LC":"3:0.004069,5:0.839809,9:0.085748,13:0.070374","XMIN":720994.86160847,"YMIN":8516589.517664917,"XMAX":721094.86160847,"YMAX":8516689.517664917},"geometry":{"type":"Polygon","coordinates":[[[-72.95813992685474,-13.41017835709695],[-72.95814755935046,-13.409274691904189],[-72.95907066400716,-13.409282161710163],[-72.95906303495617,-13.410185827424472],[-72.95813992685474,-13.41017835709695]]]}},{"type":"Feature","properties":{"Cell_ID":428,"Area_ha":1.0,"LC":"3:0.092726,5:0.496365,9:0.387465,13:0.023444","XMIN":720994.86160847,"YMIN":8516489.517664917,"XMAX":721094.86160847,"YMAX":8516589.517664917},"geometry":{"type":"Polygon","coordinates":[[[-72.95813229379705,-13.411082022220846],[-72.95813992685474,-13.41017835709695],[-72.95906303495617,-13.410185827424472],[-72.95905540534348,-13.411089493069925],[-72.95813229379705,-13.411082022220846]]]}},{"type":"Feature","properties":{"Cell_ID":429,"Area_ha":1.0,"LC":"3:0.204656,5:0.200191,9:0.007878,13:0.587274","XMIN":720994.86160847,"YMIN":8516389.517664917,"XMAX":721094.86160847,"YMAX":8516489.517664917},"geometry":{"type":"Polygon","coordinates":[[[-72.95812466017738,-13.411985687275877],[-72.95813229379705,-13.411082022220846],[-72.95905540534348,-13.411089493069925],[-72.95904777516907,-13.411993158646515],[-72.95812466017738,-13.411985687275877]]]}},{"type":"Feature","properties":{"Cell_ID":430,"Area_ha":1.0,"LC":"3:0.200000,5:0.251565,9:0.247878,13:0.300557","XMIN":720994.86160847,"YMIN":8516289.517664917,"XMAX":721094.86160847,"YMAX":8516389.517664917},"geometry":{"type":"Polygon","coordinates":[[[-72.95811702599575,-13.412889352262034],[-72.95812466017738,-13.411985687275877],[-72.95904777516907,-13.411993158646515],[-72.95904014443295,-13.412896824154233],[-72.95811702599575,-13.412889352262034]]]}},{"type":"Feature","properties":{"Cell_ID":431,"Area_ha":1.0,"LC":"3:0.076191,5:0.262305,9:0.661505","XMIN":720994.86160847,"YMIN":8516189.517664917,"XMAX":721094.86160847,"YMAX":8516289.517664917},"geometry":{"type":"Polygon","coordinates":[[[-72.95810939125211,-13.413793017179316],[-72.95811702599575,-13.412889352262034],[-72.95904014443295,-13.412896824154233],[-72.95903251313507,-13.41380048959308],[-72.95810939125211,-13.413793017179316]]]}},{"type":"Feature","properties":{"Cell_ID":432,"Area_ha":1.0,"LC":"3:0.123687,9:0.876313","XMIN":720994.86160847,"YMIN":8516089.517664917,"XMAX":721094.86160847,"YMAX":8516189.517664917},"geometry":{"type":"Polygon","coordinates":[[[-72.95810175594647,-13.414696682027717],[-72.95810939125211,-13.413793017179316],[-72.95903251313507,-13.41380048959308],[-72.95902488127545,-13.414704154963053],[-72.95810175594647,-13.414696682027717]]]}},{"type":"Feature","properties":{"Cell_ID":433,"Area_ha":1.0,"LC":"9:1.000000","XMIN":720994.86160847,"YMIN":8515989.517664917,"XMAX":721094.86160847,"YMAX":8516089.517664917},"geometry":{"type":"Polygon","coordinates":[[[-72.95809412007884,-13.415600346807235],[-72.95810175594647,-13.414696682027717],[-72.95902488127545,-13.414704154963053],[-72.9590172488541,-13.415607820264142],[-72.95809412007884,-13.415600346807235]]]}},{"type":"Feature","properties":{"Cell_ID":434,"Area_ha":1.0,"LC":"5:0.201939,9:0.566739,13:0.231322","XMIN":720994.86160847,"YMIN":8515889.517664917,"XMAX":721094.86160847,"YMAX":8515989.517664917},"geometry":{"type":"Polygon","coordinates":[[[-72.95808648364918,-13.416504011517866],[-72.95809412007884,-13.415600346807235],[-72.9590172488541,-13.415607820264142],[-72.95900961587094,-13.416511485496347],[-72.95808648364918,-13.416504011517866]]]}},{"type":"Feature","properties":{"Cell_ID":435,"Area_ha":1.0,"LC":"9:0.049435,13:0.950565","XMIN":720994.86160847,"YMIN":8515789.517664917,"XMAX":721094.86160847,"YMAX":8515889.517664917},"geometry":{"type":"Polygon","coordinates":[[[-72.95807884665749,-13.417407676159597],[-72.95808648364918,-13.416504011517866],[-72.95900961587094,-13.416511485496347],[-72.95900198232603,-13.417415150659664],[-72.95807884665749,-13.417407676159597]]]}},{"type":"Feature","properties":{"Cell_ID":436,"Area_ha":1.0,"LC":"9:0.715344,13:0.284656","XMIN":720994.86160847,"YMIN":8515689.517664917,"XMAX":721094.86160847,"YMAX":8515789.517664917},"geometry":{"type":"Polygon","coordinates":[[[-72.95807120910376,-13.418311340732435],[-72.95807884665749,-13.417407676159597],[-72.95900198232603,-13.417415150659664],[-72.95899434821932,-13.418318815754084],[-72.95807120910376,-13.418311340732435]]]}},{"type":"Feature","properties":{"Cell_ID":437,"Area_ha":1.0,"LC":"9:0.570008,13:0.429992","XMIN":720994.86160847,"YMIN":8515589.517664917,"XMAX":721094.86160847,"YMAX":8515689.517664917},"geometry":{"type":"Polygon","coordinates":[[[-72.95806357098797,-13.419215005236367],[-72.95807120910376,-13.418311340732435],[-72.95899434821932,-13.418318815754084],[-72.95898671355083,-13.419222480779608],[-72.95806357098797,-13.419215005236367]]]}},{"type":"Feature","properties":{"Cell_ID":438,"Area_ha":1.0,"LC":"9:0.604847,13:0.395153","XMIN":720994.86160847,"YMIN":8515489.517664917,"XMAX":721094.86160847,"YMAX":8515589.517664917},"geometry":{"type":"Polygon","coordinates":[[[-72.95805593231013,-13.420118669671396],[-72.95806357098797,-13.419215005236367],[-72.95898671355083,-13.419222480779608],[-72.95897907832052,-13.420126145736226],[-72.95805593231013,-13.420118669671396]]]}},{"type":"Feature","properties":{"Cell_ID":439,"Area_ha":1.0,"LC":"6:0.144795,9:0.712709,13:0.142496","XMIN":720994.86160847,"YMIN":8515389.517664917,"XMAX":721094.86160847,"YMAX":8515489.517664917},"geometry":{"type":"Polygon","coordinates":[[[-72.95804829307022,-13.421022334037515],[-72.95805593231013,-13.420118669671396],[-72.95897907832052,-13.420126145736226],[-72.95897144252841,-13.421029810623937],[-72.95804829307022,-13.421022334037515]]]}},{"type":"Feature","properties":{"Cell_ID":440,"Area_ha":1.0,"LC":"6:0.857144,9:0.103465,13:0.039391","XMIN":720994.86160847,"YMIN":8515289.517664917,"XMAX":721094.86160847,"YMAX":8515389.517664917},"geometry":{"type":"Polygon","coordinates":[[[-72.95804065326823,-13.421925998334714],[-72.95804829307022,-13.421022334037515],[-72.95897144252841,-13.421029810623937],[-72.95896380617445,-13.421933475442737],[-72.95804065326823,-13.421925998334714]]]}},{"type":"Feature","properties":{"Cell_ID":441,"Area_ha":1.0,"LC":"13:1.000000","XMIN":720994.86160847,"YMIN":8515189.517664917,"XMAX":721094.86160847,"YMAX":8515289.517664917},"geometry":{"type":"Polygon","coordinates":[[[-72.95803301290415,-13.422829662562997],[-72.95804065326823,-13.421925998334714],[-72.95896380617445,-13.421933475442737],[-72.95895616925867,-13.422837140192625],[-72.95803301290415,-13.422829662562997]]]}},{"type":"Feature","properties":{"Cell_ID":442,"Area_ha":1.0,"LC":"13:1.000000","XMIN":720994.86160847,"YMIN":8515089.517664917,"XMAX":721094.86160847,"YMAX":8515189.517664917},"geometry":{"type":"Polygon","coordinates":[[[-72.95802537197797,-13.423733326722356],[-72.95803301290415,-13.422829662562997],[-72.95895616925867,-13.422837140192625],[-72.95894853178103,-13.423740804873589],[-72.95802537197797,-13.423733326722356]]]}},{"type":"Feature","properties":{"Cell_ID":443,"Area_ha":1.0,"LC":"13:1.000000","XMIN":720994.86160847,"YMIN":8514989.517664917,"XMAX":721094.86160847,"YMAX":8515089.517664917},"geometry":{"type":"Polygon","coordinates":[[[-72.95801773048966,-13.424636990812784],[-72.95802537197797,-13.423733326722356],[-72.95894853178103,-13.423740804873589],[-72.95894089374156,-13.42464446948563],[-72.95801773048966,-13.424636990812784]]]}},{"type":"Feature","properties":{"Cell_ID":444,"Area_ha":1.0,"LC":"13:1.000000","XMIN":720994.86160847,"YMIN":8514889.517664917,"XMAX":721094.86160847,"YMAX":8514989.517664917},"geometry":{"type":"Polygon","coordinates":[[[-72.95801008843925,-13.425540654834279],[-72.95801773048966,-13.424636990812784],[-72.95894089374156,-13.42464446948563],[-72.95893325514018,-13.425548134028741],[-72.95801008843925,-13.425540654834279]]]}},{"type":"Feature","properties":{"Cell_ID":445,"Area_ha":1.0,"LC":"9:0.639391,17:0.124824","XMIN":721094.86160847,"YMIN":8518889.517664917,"XMAX":721194.86160847,"YMAX":8518989.517664917},"geometry":{"type":"Polygon","coordinates":[[[-72.95739230372628,-13.389386578549985],[-72.9573999267386,-13.38848291229628],[-72.95832295167435,-13.388490373474518],[-72.95831533210094,-13.389394040249924],[-72.95739230372628,-13.389386578549985]]]}},{"type":"Feature","properties":{"Cell_ID":446,"Area_ha":1.0,"LC":"9:0.360609,16:0.639391","XMIN":721094.86160847,"YMIN":8518789.517664917,"XMAX":721194.86160847,"YMAX":8518889.517664917},"geometry":{"type":"Polygon","coordinates":[[[-72.95738468015197,-13.39029024473493],[-72.95739230372628,-13.389386578549985],[-72.95831533210094,-13.389394040249924],[-72.95830771196579,-13.39029770695657],[-72.95738468015197,-13.39029024473493]]]}},{"type":"Feature","properties":{"Cell_ID":447,"Area_ha":1.0,"LC":"5:0.111513,13:0.566909,16:0.321578","XMIN":721094.86160847,"YMIN":8518689.517664917,"XMAX":721194.86160847,"YMAX":8518789.517664917},"geometry":{"type":"Polygon","coordinates":[[[-72.95737705601567,-13.3911939108511],[-72.95738468015197,-13.39029024473493],[-72.95830771196579,-13.39029770695657],[-72.95830009126891,-13.391201373594448],[-72.95737705601567,-13.3911939108511]]]}},{"type":"Feature","properties":{"Cell_ID":448,"Area_ha":1.0,"LC":"5:0.795221,13:0.204779","XMIN":721094.86160847,"YMIN":8518589.517664917,"XMAX":721194.86160847,"YMAX":8518689.517664917},"geometry":{"type":"Polygon","coordinates":[[[-72.95736943131737,-13.392097576898495],[-72.95737705601567,-13.3911939108511],[-72.95830009126891,-13.391201373594448],[-72.95829247001028,-13.392105040163557],[-72.95736943131737,-13.392097576898495]]]}},{"type":"Feature","properties":{"Cell_ID":449,"Area_ha":1.0,"LC":"5:0.630770,13:0.369230","XMIN":721094.86160847,"YMIN":8518489.517664917,"XMAX":721194.86160847,"YMAX":8518589.517664917},"geometry":{"type":"Polygon","coordinates":[[[-72.95736180605707,-13.39300124287711],[-72.95736943131737,-13.392097576898495],[-72.95829247001028,-13.392105040163557],[-72.95828484818988,-13.393008706663885],[-72.95736180605707,-13.39300124287711]]]}},{"type":"Feature","properties":{"Cell_ID":450,"Area_ha":1.0,"LC":"5:0.195412,13:0.804588","XMIN":721094.86160847,"YMIN":8518389.517664917,"XMAX":721194.86160847,"YMAX":8518489.517664917},"geometry":{"type":"Polygon","coordinates":[[[-72.95735418023473,-13.393904908786942],[-72.95736180605707,-13.39300124287711],[-72.95828484818988,-13.393008706663885],[-72.95827722580772,-13.393912373095436],[-72.95735418023473,-13.393904908786942]]]}},{"type":"Feature","properties":{"Cell_ID":451,"Area_ha":1.0,"LC":"5:0.436169,13:0.563831","XMIN":721094.86160847,"YMIN":8518289.517664917,"XMAX":721194.86160847,"YMAX":8518389.517664917},"geometry":{"type":"Polygon","coordinates":[[[-72.95734655385036,-13.394808574627985],[-72.95735418023473,-13.393904908786942],[-72.95827722580772,-13.393912373095436],[-72.95826960286378,-13.394816039458199],[-72.95734655385036,-13.394808574627985]]]}},{"type":"Feature","properties":{"Cell_ID":452,"Area_ha":1.0,"LC":"5:1.000000","XMIN":721094.86160847,"YMIN":8518189.517664917,"XMAX":721194.86160847,"YMAX":8518289.517664917},"geometry":{"type":"Polygon","coordinates":[[[-72.95733892690394,-13.395712240400236],[-72.95734655385036,-13.394808574627985],[-72.95826960286378,-13.394816039458199],[-72.95826197935804,-13.395719705752178],[-72.95733892690394,-13.395712240400236]]]}},{"type":"Feature","properties":{"Cell_ID":453,"Area_ha":1.0,"LC":"5:1.000000","XMIN":721094.86160847,"YMIN":8518089.517664917,"XMAX":721194.86160847,"YMAX":8518189.517664917},"geometry":{"type":"Polygon","coordinates":[[[-72.95733129939548,-13.39661590610369],[-72.95733892690394,-13.395712240400236],[-72.95826197935804,-13.395719705752178],[-72.9582543552905,-13.396623371977364],[-72.95733129939548,-13.39661590610369]]]}},{"type":"Feature","properties":{"Cell_ID":454,"Area_ha":1.0,"LC":"5:1.000000","XMIN":721094.86160847,"YMIN":8517989.517664917,"XMAX":721194.86160847,"YMAX":8518089.517664917},"geometry":{"type":"Polygon","coordinates":[[[-72.95732367132494,-13.39751957173834],[-72.95733129939548,-13.39661590610369],[-72.9582543552905,-13.396623371977364],[-72.95824673066117,-13.397527038133747],[-72.95732367132494,-13.39751957173834]]]}},{"type":"Feature","properties":{"Cell_ID":455,"Area_ha":1.0,"LC":"5:1.000000","XMIN":721094.86160847,"YMIN":8517889.517664917,"XMAX":721194.86160847,"YMAX":8517989.517664917},"geometry":{"type":"Polygon","coordinates":[[[-72.95731604269234,-13.398423237304186],[-72.95732367132494,-13.39751957173834],[-72.95824673066117,-13.397527038133747],[-72.95823910547,-13.398430704221331],[-72.95731604269234,-13.398423237304186]]]}},{"type":"Feature","properties":{"Cell_ID":456,"Area_ha":1.0,"LC":"5:1.000000","XMIN":721094.86160847,"YMIN":8517789.517664917,"XMAX":721194.86160847,"YMAX":8517889.517664917},"geometry":{"type":"Polygon","coordinates":[[[-72.95730841349766,-13.399326902801224],[-72.95731604269234,-13.398423237304186],[-72.95823910547,-13.398430704221331],[-72.95823147971701,-13.39933437024011],[-72.95730841349766,-13.399326902801224]]]}},{"type":"Feature","properties":{"Cell_ID":457,"Area_ha":1.0,"LC":"5:0.688487,13:0.311513","XMIN":721094.86160847,"YMIN":8517689.517664917,"XMAX":721194.86160847,"YMAX":8517789.517664917},"geometry":{"type":"Polygon","coordinates":[[[-72.95730078374088,-13.400230568229444],[-72.95730841349766,-13.399326902801224],[-72.95823147971701,-13.39933437024011],[-72.95822385340219,-13.400238036190075],[-72.95730078374088,-13.400230568229444]]]}},{"type":"Feature","properties":{"Cell_ID":458,"Area_ha":1.0,"LC":"5:0.196901,13:0.803099","XMIN":721094.86160847,"YMIN":8517589.517664917,"XMAX":721194.86160847,"YMAX":8517689.517664917},"geometry":{"type":"Polygon","coordinates":[[[-72.95729315342199,-13.401134233588847],[-72.95730078374088,-13.400230568229444],[-72.95822385340219,-13.400238036190075],[-72.95821622652551,-13.401141702071225],[-72.95729315342199,-13.401134233588847]]]}},{"type":"Feature","properties":{"Cell_ID":459,"Area_ha":1.0,"LC":"5:0.228435,13:0.771565","XMIN":721094.86160847,"YMIN":8517489.517664917,"XMAX":721194.86160847,"YMAX":8517589.517664917},"geometry":{"type":"Polygon","coordinates":[[[-72.957285522541,-13.402037898879428],[-72.95729315342199,-13.401134233588847],[-72.95821622652551,-13.401141702071225],[-72.95820859908696,-13.40204536788356],[-72.957285522541,-13.402037898879428]]]}},{"type":"Feature","properties":{"Cell_ID":460,"Area_ha":1.0,"LC":"13:1.000000","XMIN":721094.86160847,"YMIN":8517389.517664917,"XMAX":721194.86160847,"YMAX":8517489.517664917},"geometry":{"type":"Polygon","coordinates":[[[-72.95727789109787,-13.402941564101177],[-72.957285522541,-13.402037898879428],[-72.95820859908696,-13.40204536788356],[-72.95820097108654,-13.402949033627065],[-72.95727789109787,-13.402941564101177]]]}},{"type":"Feature","properties":{"Cell_ID":461,"Area_ha":1.0,"LC":"13:1.000000","XMIN":721094.86160847,"YMIN":8517289.517664917,"XMAX":721194.86160847,"YMAX":8517389.517664917},"geometry":{"type":"Polygon","coordinates":[[[-72.95727025909262,-13.403845229254099],[-72.95727789109787,-13.402941564101177],[-72.95820097108654,-13.402949033627065],[-72.95819334252425,-13.403852699301748],[-72.95727025909262,-13.403845229254099]]]}},{"type":"Feature","properties":{"Cell_ID":462,"Area_ha":1.0,"LC":"5:0.239391,13:0.760609","XMIN":721094.86160847,"YMIN":8517189.517664917,"XMAX":721194.86160847,"YMAX":8517289.517664917},"geometry":{"type":"Polygon","coordinates":[[[-72.95726262652522,-13.404748894338184],[-72.95727025909262,-13.403845229254099],[-72.95819334252425,-13.403852699301748],[-72.95818571340007,-13.404756364907593],[-72.95726262652522,-13.404748894338184]]]}},{"type":"Feature","properties":{"Cell_ID":463,"Area_ha":1.0,"LC":"5:0.820434,9:0.179566","XMIN":721094.86160847,"YMIN":8517089.517664917,"XMAX":721194.86160847,"YMAX":8517189.517664917},"geometry":{"type":"Polygon","coordinates":[[[-72.95725499339567,-13.405652559353424],[-72.95726262652522,-13.404748894338184],[-72.95818571340007,-13.404756364907593],[-72.95817808371399,-13.4056600304446],[-72.95725499339567,-13.405652559353424]]]}},{"type":"Feature","properties":{"Cell_ID":464,"Area_ha":1.0,"LC":"5:0.235030,9:0.694617,13:0.070352","XMIN":721094.86160847,"YMIN":8516989.517664917,"XMAX":721194.86160847,"YMAX":8517089.517664917},"geometry":{"type":"Polygon","coordinates":[[[-72.95724735970396,-13.406556224299823],[-72.95725499339567,-13.405652559353424],[-72.95817808371399,-13.4056600304446],[-72.958170453466,-13.406563695912771],[-72.95724735970396,-13.406556224299823]]]}},{"type":"Feature","properties":{"Cell_ID":465,"Area_ha":1.0,"LC":"5:0.345192,13:0.654808","XMIN":721094.86160847,"YMIN":8516889.517664917,"XMAX":721194.86160847,"YMAX":8516989.517664917},"geometry":{"type":"Polygon","coordinates":[[[-72.95723972545008,-13.407459889177373],[-72.95724735970396,-13.406556224299823],[-72.958170453466,-13.406563695912771],[-72.95816282265609,-13.407467361312097],[-72.95723972545008,-13.407459889177373]]]}},{"type":"Feature","properties":{"Cell_ID":466,"Area_ha":1.0,"LC":"3:0.103635,5:0.822496,13:0.073870","XMIN":721094.86160847,"YMIN":8516789.517664917,"XMAX":721194.86160847,"YMAX":8516889.517664917},"geometry":{"type":"Polygon","coordinates":[[[-72.95723209063401,-13.408363553986067],[-72.95723972545008,-13.407459889177373],[-72.95816282265609,-13.407467361312097],[-72.95815519128426,-13.408371026642566],[-72.95723209063401,-13.408363553986067]]]}},{"type":"Feature","properties":{"Cell_ID":467,"Area_ha":1.0,"LC":"3:0.600000,5:0.400000","XMIN":721094.86160847,"YMIN":8516689.517664917,"XMAX":721194.86160847,"YMAX":8516789.517664917},"geometry":{"type":"Polygon","coordinates":[[[-72.95722445525574,-13.409267218725901],[-72.95723209063401,-13.408363553986067],[-72.95815519128426,-13.408371026642566],[-72.95814755935046,-13.409274691904189],[-72.95722445525574,-13.409267218725901]]]}},{"type":"Feature","properties":{"Cell_ID":468,"Area_ha":1.0,"LC":"3:0.678061,5:0.321939","XMIN":721094.86160847,"YMIN":8516589.517664917,"XMAX":721194.86160847,"YMAX":8516689.517664917},"geometry":{"type":"Polygon","coordinates":[[[-72.95721681931526,-13.410170883396878],[-72.95722445525574,-13.409267218725901],[-72.95814755935046,-13.409274691904189],[-72.95813992685474,-13.41017835709695],[-72.95721681931526,-13.410170883396878]]]}},{"type":"Feature","properties":{"Cell_ID":469,"Area_ha":1.0,"LC":"3:0.551931,5:0.448069","XMIN":721094.86160847,"YMIN":8516489.517664917,"XMAX":721194.86160847,"YMAX":8516589.517664917},"geometry":{"type":"Polygon","coordinates":[[[-72.95720918281258,-13.411074547998984],[-72.95721681931526,-13.410170883396878],[-72.95813992685474,-13.41017835709695],[-72.95813229379705,-13.411082022220846],[-72.95720918281258,-13.411074547998984]]]}},{"type":"Feature","properties":{"Cell_ID":470,"Area_ha":1.0,"LC":"3:0.342686,5:0.657314","XMIN":721094.86160847,"YMIN":8516389.517664917,"XMAX":721194.86160847,"YMAX":8516489.517664917},"geometry":{"type":"Polygon","coordinates":[[[-72.95720154574768,-13.411978212532222],[-72.95720918281258,-13.411074547998984],[-72.95813229379705,-13.411082022220846],[-72.95812466017738,-13.411985687275877],[-72.95720154574768,-13.411978212532222]]]}},{"type":"Feature","properties":{"Cell_ID":471,"Area_ha":1.0,"LC":"3:0.004847,5:0.995153","XMIN":721094.86160847,"YMIN":8516289.517664917,"XMAX":721194.86160847,"YMAX":8516389.517664917},"geometry":{"type":"Polygon","coordinates":[[[-72.95719390812053,-13.412881876996583],[-72.95720154574768,-13.411978212532222],[-72.95812466017738,-13.411985687275877],[-72.95811702599575,-13.412889352262034],[-72.95719390812053,-13.412881876996583]]]}},{"type":"Feature","properties":{"Cell_ID":472,"Area_ha":1.0,"LC":"3:0.256344,5:0.743656","XMIN":721094.86160847,"YMIN":8516189.517664917,"XMAX":721194.86160847,"YMAX":8516289.517664917},"geometry":{"type":"Polygon","coordinates":[[[-72.95718626993116,-13.413785541392063],[-72.95719390812053,-13.412881876996583],[-72.95811702599575,-13.412889352262034],[-72.95810939125211,-13.413793017179316],[-72.95718626993116,-13.413785541392063]]]}},{"type":"Feature","properties":{"Cell_ID":473,"Area_ha":1.0,"LC":"3:0.476313,5:0.476969,9:0.046718","XMIN":721094.86160847,"YMIN":8516089.517664917,"XMAX":721194.86160847,"YMAX":8516189.517664917},"geometry":{"type":"Polygon","coordinates":[[[-72.95717863117952,-13.414689205718659],[-72.95718626993116,-13.413785541392063],[-72.95810939125211,-13.413793017179316],[-72.95810175594647,-13.414696682027717],[-72.95717863117952,-13.414689205718659]]]}},{"type":"Feature","properties":{"Cell_ID":474,"Area_ha":1.0,"LC":"3:0.312122,5:0.320779,9:0.367100","XMIN":721094.86160847,"YMIN":8515989.517664917,"XMAX":721194.86160847,"YMAX":8516089.517664917},"geometry":{"type":"Polygon","coordinates":[[[-72.95717099186562,-13.415592869976368],[-72.95717863117952,-13.414689205718659],[-72.95810175594647,-13.414696682027717],[-72.95809412007884,-13.415600346807235],[-72.95717099186562,-13.415592869976368]]]}},{"type":"Feature","properties":{"Cell_ID":475,"Area_ha":1.0,"LC":"3:0.072122,5:0.634252,9:0.293627","XMIN":721094.86160847,"YMIN":8515889.517664917,"XMAX":721194.86160847,"YMAX":8515989.517664917},"geometry":{"type":"Polygon","coordinates":[[[-72.95716335198945,-13.416496534165185],[-72.95717099186562,-13.415592869976368],[-72.95809412007884,-13.415600346807235],[-72.95808648364918,-13.416504011517866],[-72.95716335198945,-13.416496534165185]]]}},{"type":"Feature","properties":{"Cell_ID":476,"Area_ha":1.0,"LC":"5:0.032900,9:0.714443,13:0.252657","XMIN":721094.86160847,"YMIN":8515789.517664917,"XMAX":721194.86160847,"YMAX":8515889.517664917},"geometry":{"type":"Polygon","coordinates":[[[-72.95715571155098,-13.417400198285103],[-72.95716335198945,-13.416496534165185],[-72.95808648364918,-13.416504011517866],[-72.95807884665749,-13.417407676159597],[-72.95715571155098,-13.417400198285103]]]}},{"type":"Feature","properties":{"Cell_ID":477,"Area_ha":1.0,"LC":"9:0.300052,13:0.699948","XMIN":721094.86160847,"YMIN":8515689.517664917,"XMAX":721194.86160847,"YMAX":8515789.517664917},"geometry":{"type":"Polygon","coordinates":[[[-72.95714807055023,-13.418303862336117],[-72.95715571155098,-13.417400198285103],[-72.95807884665749,-13.417407676159597],[-72.95807120910376,-13.418311340732435],[-72.95714807055023,-13.418303862336117]]]}},{"type":"Feature","properties":{"Cell_ID":478,"Area_ha":1.0,"LC":"9:0.085748,13:0.914252","XMIN":721094.86160847,"YMIN":8515589.517664917,"XMAX":721194.86160847,"YMAX":8515689.517664917},"geometry":{"type":"Polygon","coordinates":[[[-72.95714042898717,-13.419207526318228],[-72.95714807055023,-13.418303862336117],[-72.95807120910376,-13.418311340732435],[-72.95806357098797,-13.419215005236367],[-72.95714042898717,-13.419207526318228]]]}},{"type":"Feature","properties":{"Cell_ID":479,"Area_ha":1.0,"LC":"9:0.235153,13:0.764847","XMIN":721094.86160847,"YMIN":8515489.517664917,"XMAX":721194.86160847,"YMAX":8515589.517664917},"geometry":{"type":"Polygon","coordinates":[[[-72.9571327868618,-13.420111190231427],[-72.95714042898717,-13.419207526318228],[-72.95806357098797,-13.419215005236367],[-72.95805593231013,-13.420118669671396],[-72.9571327868618,-13.420111190231427]]]}},{"type":"Feature","properties":{"Cell_ID":480,"Area_ha":1.0,"LC":"6:0.214596,9:0.413230,13:0.372174","XMIN":721094.86160847,"YMIN":8515389.517664917,"XMAX":721194.86160847,"YMAX":8515489.517664917},"geometry":{"type":"Polygon","coordinates":[[[-72.95712514417411,-13.421014854075713],[-72.9571327868618,-13.420111190231427],[-72.95805593231013,-13.420118669671396],[-72.95804829307022,-13.421022334037515],[-72.95712514417411,-13.421014854075713]]]}},{"type":"Feature","properties":{"Cell_ID":481,"Area_ha":1.0,"LC":"6:0.379587,9:0.461022,13:0.159391","XMIN":721094.86160847,"YMIN":8515289.517664917,"XMAX":721194.86160847,"YMAX":8515389.517664917},"geometry":{"type":"Polygon","coordinates":[[[-72.95711750092408,-13.421918517851081],[-72.95712514417411,-13.421014854075713],[-72.95804829307022,-13.421022334037515],[-72.95804065326823,-13.421925998334714],[-72.95711750092408,-13.421918517851081]]]}},{"type":"Feature","properties":{"Cell_ID":482,"Area_ha":1.0,"LC":"13:1.000000","XMIN":721094.86160847,"YMIN":8515189.517664917,"XMAX":721194.86160847,"YMAX":8515289.517664917},"geometry":{"type":"Polygon","coordinates":[[[-72.95710985711172,-13.422822181557523],[-72.95711750092408,-13.421918517851081],[-72.95804065326823,-13.421925998334714],[-72.95803301290415,-13.422829662562997],[-72.95710985711172,-13.422822181557523]]]}},{"type":"Feature","properties":{"Cell_ID":483,"Area_ha":1.0,"LC":"13:1.000000","XMIN":721094.86160847,"YMIN":8515089.517664917,"XMAX":721194.86160847,"YMAX":8515189.517664917},"geometry":{"type":"Polygon","coordinates":[[[-72.957102212737,-13.423725845195039],[-72.95710985711172,-13.422822181557523],[-72.95803301290415,-13.422829662562997],[-72.95802537197797,-13.423733326722356],[-72.957102212737,-13.423725845195039]]]}},{"type":"Feature","properties":{"Cell_ID":484,"Area_ha":1.0,"LC":"13:1.000000","XMIN":721094.86160847,"YMIN":8514989.517664917,"XMAX":721194.86160847,"YMAX":8515089.517664917},"geometry":{"type":"Polygon","coordinates":[[[-72.9570945677999,-13.424629508763623],[-72.957102212737,-13.423725845195039],[-72.95802537197797,-13.423733326722356],[-72.95801773048966,-13.424636990812784],[-72.9570945677999,-13.424629508763623]]]}},{"type":"Feature","properties":{"Cell_ID":485,"Area_ha":1.0,"LC":"13:1.000000","XMIN":721094.86160847,"YMIN":8514889.517664917,"XMAX":721194.86160847,"YMAX":8514989.517664917},"geometry":{"type":"Polygon","coordinates":[[[-72.95708692230043,-13.42553317226327],[-72.9570945677999,-13.424629508763623],[-72.95801773048966,-13.424636990812784],[-72.95801008843925,-13.425540654834279],[-72.95708692230043,-13.42553317226327]]]}},{"type":"Feature","properties":{"Cell_ID":486,"Area_ha":1.0,"LC":"9:0.599198,17:0.004656","XMIN":721194.86160847,"YMIN":8518889.517664917,"XMAX":721294.86160847,"YMAX":8518989.517664917},"geometry":{"type":"Polygon","coordinates":[[[-72.95646927591362,-13.389379113482924],[-72.95647690236484,-13.388475447751157],[-72.9573999267386,-13.38848291229628],[-72.95739230372628,-13.389386578549985],[-72.95646927591362,-13.389379113482924]]]}},{"type":"Feature","properties":{"Cell_ID":487,"Area_ha":1.0,"LC":"9:0.401578,16:0.598422","XMIN":721194.86160847,"YMIN":8518789.517664917,"XMAX":721294.86160847,"YMAX":8518889.517664917},"geometry":{"type":"Polygon","coordinates":[[[-72.95646164890016,-13.390282779145927],[-72.95646927591362,-13.389379113482924],[-72.95739230372628,-13.389386578549985],[-72.95738468015197,-13.39029024473493],[-72.95646164890016,-13.390282779145927]]]}},{"type":"Feature","properties":{"Cell_ID":488,"Area_ha":1.0,"LC":"5:0.007687,13:0.228795,16:0.763517","XMIN":721194.86160847,"YMIN":8518689.517664917,"XMAX":721294.86160847,"YMAX":8518789.517664917},"geometry":{"type":"Polygon","coordinates":[[[-72.95645402132446,-13.391186444740157],[-72.95646164890016,-13.390282779145927],[-72.95738468015197,-13.39029024473493],[-72.95737705601567,-13.3911939108511],[-72.95645402132446,-13.391186444740157]]]}},{"type":"Feature","properties":{"Cell_ID":489,"Area_ha":1.0,"LC":"5:0.195153,13:0.804847","XMIN":721194.86160847,"YMIN":8518589.517664917,"XMAX":721294.86160847,"YMAX":8518689.517664917},"geometry":{"type":"Polygon","coordinates":[[[-72.9564463931865,-13.392090110265604],[-72.95645402132446,-13.391186444740157],[-72.95737705601567,-13.3911939108511],[-72.95736943131737,-13.392097576898495],[-72.9564463931865,-13.392090110265604]]]}},{"type":"Feature","properties":{"Cell_ID":490,"Area_ha":1.0,"LC":"5:0.082321,13:0.917679","XMIN":721194.86160847,"YMIN":8518489.517664917,"XMAX":721294.86160847,"YMAX":8518589.517664917},"geometry":{"type":"Polygon","coordinates":[[[-72.95643876448628,-13.392993775722273],[-72.9564463931865,-13.392090110265604],[-72.95736943131737,-13.392097576898495],[-72.95736180605707,-13.39300124287711],[-72.95643876448628,-13.392993775722273]]]}},{"type":"Feature","properties":{"Cell_ID":491,"Area_ha":1.0,"LC":"5:0.423253,13:0.576747","XMIN":721194.86160847,"YMIN":8518389.517664917,"XMAX":721294.86160847,"YMAX":8518489.517664917},"geometry":{"type":"Polygon","coordinates":[[[-72.95643113522378,-13.393897441110147],[-72.95643876448628,-13.392993775722273],[-72.95736180605707,-13.39300124287711],[-72.95735418023473,-13.393904908786942],[-72.95643113522378,-13.393897441110147]]]}},{"type":"Feature","properties":{"Cell_ID":492,"Area_ha":1.0,"LC":"5:0.967100,13:0.032900","XMIN":721194.86160847,"YMIN":8518289.517664917,"XMAX":721294.86160847,"YMAX":8518389.517664917},"geometry":{"type":"Polygon","coordinates":[[[-72.95642350539899,-13.394801106429233],[-72.95643113522378,-13.393897441110147],[-72.95735418023473,-13.393904908786942],[-72.95734655385036,-13.394808574627985],[-72.95642350539899,-13.394801106429233]]]}},{"type":"Feature","properties":{"Cell_ID":493,"Area_ha":1.0,"LC":"5:1.000000","XMIN":721194.86160847,"YMIN":8518189.517664917,"XMAX":721294.86160847,"YMAX":8518289.517664917},"geometry":{"type":"Polygon","coordinates":[[[-72.9564158750119,-13.395704771679522],[-72.95642350539899,-13.394801106429233],[-72.95734655385036,-13.394808574627985],[-72.95733892690394,-13.395712240400236],[-72.9564158750119,-13.395704771679522]]]}},{"type":"Feature","properties":{"Cell_ID":494,"Area_ha":1.0,"LC":"5:1.000000","XMIN":721194.86160847,"YMIN":8518089.517664917,"XMAX":721294.86160847,"YMAX":8518189.517664917},"geometry":{"type":"Polygon","coordinates":[[[-72.9564082440625,-13.396608436861012],[-72.9564158750119,-13.395704771679522],[-72.95733892690394,-13.395712240400236],[-72.95733129939548,-13.39661590610369],[-72.9564082440625,-13.396608436861012]]]}},{"type":"Feature","properties":{"Cell_ID":495,"Area_ha":1.0,"LC":"5:1.000000","XMIN":721194.86160847,"YMIN":8517989.517664917,"XMAX":721294.86160847,"YMAX":8518089.517664917},"geometry":{"type":"Polygon","coordinates":[[[-72.95640061255081,-13.397512101973692],[-72.9564082440625,-13.396608436861012],[-72.95733129939548,-13.39661590610369],[-72.95732367132494,-13.39751957173834],[-72.95640061255081,-13.397512101973692]]]}},{"type":"Feature","properties":{"Cell_ID":496,"Area_ha":1.0,"LC":"5:0.744244,13:0.255756","XMIN":721194.86160847,"YMIN":8517889.517664917,"XMAX":721294.86160847,"YMAX":8517989.517664917},"geometry":{"type":"Polygon","coordinates":[[[-72.95639298047676,-13.398415767017564],[-72.95640061255081,-13.397512101973692],[-72.95732367132494,-13.39751957173834],[-72.95731604269234,-13.398423237304186],[-72.95639298047676,-13.398415767017564]]]}},{"type":"Feature","properties":{"Cell_ID":497,"Area_ha":1.0,"LC":"5:0.687878,13:0.312122","XMIN":721194.86160847,"YMIN":8517789.517664917,"XMAX":721294.86160847,"YMAX":8517889.517664917},"geometry":{"type":"Polygon","coordinates":[[[-72.9563853478404,-13.399319431992625],[-72.95639298047676,-13.398415767017564],[-72.95731604269234,-13.398423237304186],[-72.95730841349766,-13.399326902801224],[-72.9563853478404,-13.399319431992625]]]}},{"type":"Feature","properties":{"Cell_ID":498,"Area_ha":1.0,"LC":"5:0.927878,13:0.072122","XMIN":721194.86160847,"YMIN":8517689.517664917,"XMAX":721294.86160847,"YMAX":8517789.517664917},"geometry":{"type":"Polygon","coordinates":[[[-72.95637771464168,-13.400223096898866],[-72.9563853478404,-13.399319431992625],[-72.95730841349766,-13.399326902801224],[-72.95730078374088,-13.400230568229444],[-72.95637771464168,-13.400223096898866]]]}},{"type":"Feature","properties":{"Cell_ID":499,"Area_ha":1.0,"LC":"5:0.239639,13:0.760361","XMIN":721194.86160847,"YMIN":8517589.517664917,"XMAX":721294.86160847,"YMAX":8517689.517664917},"geometry":{"type":"Polygon","coordinates":[[[-72.9563700808806,-13.401126761736284],[-72.95637771464168,-13.400223096898866],[-72.95730078374088,-13.400230568229444],[-72.95729315342199,-13.401134233588847],[-72.9563700808806,-13.401126761736284]]]}},{"type":"Feature","properties":{"Cell_ID":500,"Area_ha":1.0,"LC":"13:1.000000","XMIN":721194.86160847,"YMIN":8517489.517664917,"XMAX":721294.86160847,"YMAX":8517589.517664917},"geometry":{"type":"Polygon","coordinates":[[[-72.95636244655715,-13.402030426504878],[-72.9563700808806,-13.401126761736284],[-72.95729315342199,-13.401134233588847],[-72.957285522541,-13.402037898879428],[-72.95636244655715,-13.402030426504878]]]}},{"type":"Feature","properties":{"Cell_ID":501,"Area_ha":1.0,"LC":"13:1.000000","XMIN":721194.86160847,"YMIN":8517389.517664917,"XMAX":721294.86160847,"YMAX":8517489.517664917},"geometry":{"type":"Polygon","coordinates":[[[-72.95635481167133,-13.402934091204633],[-72.95636244655715,-13.402030426504878],[-72.957285522541,-13.402037898879428],[-72.95727789109787,-13.402941564101177],[-72.95635481167133,-13.402934091204633]]]}},{"type":"Feature","properties":{"Cell_ID":502,"Area_ha":1.0,"LC":"13:1.000000","XMIN":721194.86160847,"YMIN":8517289.517664917,"XMAX":721294.86160847,"YMAX":8517389.517664917},"geometry":{"type":"Polygon","coordinates":[[[-72.95634717622312,-13.403837755835559],[-72.95635481167133,-13.402934091204633],[-72.95727789109787,-13.402941564101177],[-72.95727025909262,-13.403845229254099],[-72.95634717622312,-13.403837755835559]]]}},{"type":"Feature","properties":{"Cell_ID":503,"Area_ha":1.0,"LC":"5:0.152482,13:0.847518","XMIN":721194.86160847,"YMIN":8517189.517664917,"XMAX":721294.86160847,"YMAX":8517289.517664917},"geometry":{"type":"Polygon","coordinates":[[[-72.95633954021253,-13.404741420397647],[-72.95634717622312,-13.403837755835559],[-72.95727025909262,-13.403845229254099],[-72.95726262652522,-13.404748894338184],[-72.95633954021253,-13.404741420397647]]]}},{"type":"Feature","properties":{"Cell_ID":504,"Area_ha":1.0,"LC":"5:0.887878,13:0.112122","XMIN":721194.86160847,"YMIN":8517089.517664917,"XMAX":721294.86160847,"YMAX":8517189.517664917},"geometry":{"type":"Polygon","coordinates":[[[-72.95633190363951,-13.405645084890883],[-72.95633954021253,-13.404741420397647],[-72.95726262652522,-13.404748894338184],[-72.95725499339567,-13.405652559353424],[-72.95633190363951,-13.405645084890883]]]}},{"type":"Feature","properties":{"Cell_ID":505,"Area_ha":1.0,"LC":"5:0.798840,9:0.198061,13:0.003099","XMIN":721194.86160847,"YMIN":8516989.517664917,"XMAX":721294.86160847,"YMAX":8517089.517664917},"geometry":{"type":"Polygon","coordinates":[[[-72.95632426650408,-13.406548749315276],[-72.95633190363951,-13.405645084890883],[-72.95725499339567,-13.405652559353424],[-72.95724735970396,-13.406556224299823],[-72.95632426650408,-13.406548749315276]]]}},{"type":"Feature","properties":{"Cell_ID":506,"Area_ha":1.0,"LC":"5:0.910565,13:0.089435","XMIN":721194.86160847,"YMIN":8516889.517664917,"XMAX":721294.86160847,"YMAX":8516989.517664917},"geometry":{"type":"Polygon","coordinates":[[[-72.95631662880623,-13.407452413670814],[-72.95632426650408,-13.406548749315276],[-72.95724735970396,-13.406556224299823],[-72.95723972545008,-13.407459889177373],[-72.95631662880623,-13.407452413670814]]]}},{"type":"Feature","properties":{"Cell_ID":507,"Area_ha":1.0,"LC":"5:0.929626,13:0.070374","XMIN":721194.86160847,"YMIN":8516789.517664917,"XMAX":721294.86160847,"YMAX":8516889.517664917},"geometry":{"type":"Polygon","coordinates":[[[-72.95630899054595,-13.408356077957494],[-72.95631662880623,-13.407452413670814],[-72.95723972545008,-13.407459889177373],[-72.95723209063401,-13.408363553986067],[-72.95630899054595,-13.408356077957494]]]}},{"type":"Feature","properties":{"Cell_ID":508,"Area_ha":1.0,"LC":"5:1.000000","XMIN":721194.86160847,"YMIN":8516689.517664917,"XMAX":721294.86160847,"YMAX":8516789.517664917},"geometry":{"type":"Polygon","coordinates":[[[-72.9563013517232,-13.409259742175312],[-72.95630899054595,-13.408356077957494],[-72.95723209063401,-13.408363553986067],[-72.95722445525574,-13.409267218725901],[-72.9563013517232,-13.409259742175312]]]}},{"type":"Feature","properties":{"Cell_ID":509,"Area_ha":1.0,"LC":"3:0.085748,5:0.914252","XMIN":721194.86160847,"YMIN":8516589.517664917,"XMAX":721294.86160847,"YMAX":8516689.517664917},"geometry":{"type":"Polygon","coordinates":[[[-72.95629371233801,-13.410163406324266],[-72.9563013517232,-13.409259742175312],[-72.95722445525574,-13.409267218725901],[-72.95721681931526,-13.410170883396878],[-72.95629371233801,-13.410163406324266]]]}},{"type":"Feature","properties":{"Cell_ID":510,"Area_ha":1.0,"LC":"3:0.283222,5:0.716778","XMIN":721194.86160847,"YMIN":8516489.517664917,"XMAX":721294.86160847,"YMAX":8516589.517664917},"geometry":{"type":"Polygon","coordinates":[[[-72.95628607239034,-13.411067070404348],[-72.95629371233801,-13.410163406324266],[-72.95721681931526,-13.410170883396878],[-72.95720918281258,-13.411074547998984],[-72.95628607239034,-13.411067070404348]]]}},{"type":"Feature","properties":{"Cell_ID":511,"Area_ha":1.0,"LC":"3:0.364779,5:0.635221","XMIN":721194.86160847,"YMIN":8516389.517664917,"XMAX":721294.86160847,"YMAX":8516489.517664917},"geometry":{"type":"Polygon","coordinates":[[[-72.9562784318802,-13.411970734415554],[-72.95628607239034,-13.411067070404348],[-72.95720918281258,-13.411074547998984],[-72.95720154574768,-13.411978212532222],[-72.9562784318802,-13.411970734415554]]]}},{"type":"Feature","properties":{"Cell_ID":512,"Area_ha":1.0,"LC":"3:0.723031,5:0.276969","XMIN":721194.86160847,"YMIN":8516289.517664917,"XMAX":721294.86160847,"YMAX":8516389.517664917},"geometry":{"type":"Polygon","coordinates":[[[-72.95627079080757,-13.412874398357884],[-72.9562784318802,-13.411970734415554],[-72.95720154574768,-13.411978212532222],[-72.95719390812053,-13.412881876996583],[-72.95627079080757,-13.412874398357884]]]}},{"type":"Feature","properties":{"Cell_ID":513,"Area_ha":1.0,"LC":"3:0.822686,5:0.177314","XMIN":721194.86160847,"YMIN":8516189.517664917,"XMAX":721294.86160847,"YMAX":8516289.517664917},"geometry":{"type":"Polygon","coordinates":[[[-72.95626314917246,-13.413778062231327],[-72.95627079080757,-13.412874398357884],[-72.95719390812053,-13.412881876996583],[-72.95718626993116,-13.413785541392063],[-72.95626314917246,-13.413778062231327]]]}},{"type":"Feature","properties":{"Cell_ID":514,"Area_ha":1.0,"LC":"3:0.225022,5:0.595153,6:0.179825","XMIN":721194.86160847,"YMIN":8516089.517664917,"XMAX":721294.86160847,"YMAX":8516189.517664917},"geometry":{"type":"Polygon","coordinates":[[[-72.95625550697483,-13.414681726035884],[-72.95626314917246,-13.413778062231327],[-72.95718626993116,-13.413785541392063],[-72.95717863117952,-13.414689205718659],[-72.95625550697483,-13.414681726035884]]]}},{"type":"Feature","properties":{"Cell_ID":515,"Area_ha":1.0,"LC":"5:0.538495,6:0.105992,9:0.355513","XMIN":721194.86160847,"YMIN":8515989.517664917,"XMAX":721294.86160847,"YMAX":8516089.517664917},"geometry":{"type":"Polygon","coordinates":[[[-72.95624786421467,-13.415585389771548],[-72.95625550697483,-13.414681726035884],[-72.95717863117952,-13.414689205718659],[-72.95717099186562,-13.415592869976368],[-72.95624786421467,-13.415585389771548]]]}},{"type":"Feature","properties":{"Cell_ID":516,"Area_ha":1.0,"LC":"5:0.758422,9:0.241578","XMIN":721194.86160847,"YMIN":8515889.517664917,"XMAX":721294.86160847,"YMAX":8515989.517664917},"geometry":{"type":"Polygon","coordinates":[[[-72.95624022089198,-13.416489053438317],[-72.95624786421467,-13.415585389771548],[-72.95717099186562,-13.415592869976368],[-72.95716335198945,-13.416496534165185],[-72.95624022089198,-13.416489053438317]]]}},{"type":"Feature","properties":{"Cell_ID":517,"Area_ha":1.0,"LC":"5:0.540243,9:0.459757","XMIN":721194.86160847,"YMIN":8515789.517664917,"XMAX":721294.86160847,"YMAX":8515889.517664917},"geometry":{"type":"Polygon","coordinates":[[[-72.95623257700679,-13.417392717036181],[-72.95624022089198,-13.416489053438317],[-72.95716335198945,-13.416496534165185],[-72.95715571155098,-13.417400198285103],[-72.95623257700679,-13.417392717036181]]]}},{"type":"Feature","properties":{"Cell_ID":518,"Area_ha":1.0,"LC":"5:0.224244,9:0.255396,13:0.520361","XMIN":721194.86160847,"YMIN":8515689.517664917,"XMAX":721294.86160847,"YMAX":8515789.517664917},"geometry":{"type":"Polygon","coordinates":[[[-72.95622493255901,-13.418296380565145],[-72.95623257700679,-13.417392717036181],[-72.95715571155098,-13.417400198285103],[-72.95714807055023,-13.418303862336117],[-72.95622493255901,-13.418296380565145]]]}},{"type":"Feature","properties":{"Cell_ID":519,"Area_ha":1.0,"LC":"13:1.000000","XMIN":721194.86160847,"YMIN":8515589.517664917,"XMAX":721294.86160847,"YMAX":8515689.517664917},"geometry":{"type":"Polygon","coordinates":[[[-72.9562172875487,-13.419200044025194],[-72.95622493255901,-13.418296380565145],[-72.95714807055023,-13.418303862336117],[-72.95714042898717,-13.419207526318228],[-72.9562172875487,-13.419200044025194]]]}},{"type":"Feature","properties":{"Cell_ID":520,"Area_ha":1.0,"LC":"13:1.000000","XMIN":721194.86160847,"YMIN":8515489.517664917,"XMAX":721294.86160847,"YMAX":8515589.517664917},"geometry":{"type":"Polygon","coordinates":[[[-72.95620964197582,-13.420103707416335],[-72.9562172875487,-13.419200044025194],[-72.95714042898717,-13.419207526318228],[-72.9571327868618,-13.420111190231427],[-72.95620964197582,-13.420103707416335]]]}},{"type":"Feature","properties":{"Cell_ID":521,"Area_ha":1.0,"LC":"9:0.046718,13:0.953282","XMIN":721194.86160847,"YMIN":8515389.517664917,"XMAX":721294.86160847,"YMAX":8515489.517664917},"geometry":{"type":"Polygon","coordinates":[[[-72.95620199584035,-13.42100737073855],[-72.95620964197582,-13.420103707416335],[-72.9571327868618,-13.420111190231427],[-72.95712514417411,-13.421014854075713],[-72.95620199584035,-13.42100737073855]]]}},{"type":"Feature","properties":{"Cell_ID":522,"Area_ha":1.0,"LC":"9:0.307465,13:0.692535","XMIN":721194.86160847,"YMIN":8515289.517664917,"XMAX":721294.86160847,"YMAX":8515389.517664917},"geometry":{"type":"Polygon","coordinates":[[[-72.9561943491423,-13.421911033991847],[-72.95620199584035,-13.42100737073855],[-72.95712514417411,-13.421014854075713],[-72.95711750092408,-13.421918517851081],[-72.9561943491423,-13.421911033991847]]]}},{"type":"Feature","properties":{"Cell_ID":523,"Area_ha":1.0,"LC":"13:1.000000","XMIN":721194.86160847,"YMIN":8515189.517664917,"XMAX":721294.86160847,"YMAX":8515289.517664917},"geometry":{"type":"Polygon","coordinates":[[[-72.95618670188165,-13.422814697176218],[-72.9561943491423,-13.421911033991847],[-72.95711750092408,-13.421918517851081],[-72.95710985711172,-13.422822181557523],[-72.95618670188165,-13.422814697176218]]]}},{"type":"Feature","properties":{"Cell_ID":524,"Area_ha":1.0,"LC":"13:1.000000","XMIN":721194.86160847,"YMIN":8515089.517664917,"XMAX":721294.86160847,"YMAX":8515189.517664917},"geometry":{"type":"Polygon","coordinates":[[[-72.95617905405838,-13.423718360291655],[-72.95618670188165,-13.422814697176218],[-72.95710985711172,-13.422822181557523],[-72.957102212737,-13.423725845195039],[-72.95617905405838,-13.423718360291655]]]}},{"type":"Feature","properties":{"Cell_ID":525,"Area_ha":1.0,"LC":"13:1.000000","XMIN":721194.86160847,"YMIN":8514989.517664917,"XMAX":721294.86160847,"YMAX":8515089.517664917},"geometry":{"type":"Polygon","coordinates":[[[-72.95617140567252,-13.424622023338156],[-72.95617905405838,-13.423718360291655],[-72.957102212737,-13.423725845195039],[-72.9570945677999,-13.424629508763623],[-72.95617140567252,-13.424622023338156]]]}},{"type":"Feature","properties":{"Cell_ID":526,"Area_ha":1.0,"LC":"9:0.535703,17:0.000350","XMIN":721294.86160847,"YMIN":8518889.517664917,"XMAX":721394.86160847,"YMAX":8518989.517664917},"geometry":{"type":"Polygon","coordinates":[[[-72.95554624866318,-13.38937164504875],[-72.95555387855329,-13.388467979839149],[-72.95647690236484,-13.388475447751157],[-72.95646927591362,-13.389379113482924],[-72.95554624866318,-13.38937164504875]]]}},{"type":"Feature","properties":{"Cell_ID":527,"Area_ha":1.0,"LC":"9:0.560609,16:0.439391","XMIN":721294.86160847,"YMIN":8518789.517664917,"XMAX":721394.86160847,"YMAX":8518889.517664917},"geometry":{"type":"Polygon","coordinates":[[[-72.9555386182106,-13.390275310189576],[-72.95554624866318,-13.38937164504875],[-72.95646927591362,-13.389379113482924],[-72.95646164890016,-13.390282779145927],[-72.9555386182106,-13.390275310189576]]]}},{"type":"Feature","properties":{"Cell_ID":528,"Area_ha":1.0,"LC":"13:0.039391,16:0.960609","XMIN":721294.86160847,"YMIN":8518689.517664917,"XMAX":721394.86160847,"YMAX":8518789.517664917},"geometry":{"type":"Polygon","coordinates":[[[-72.9555309871955,-13.39117897526163],[-72.9555386182106,-13.390275310189576],[-72.95646164890016,-13.390282779145927],[-72.95645402132446,-13.391186444740157],[-72.9555309871955,-13.39117897526163]]]}},{"type":"Feature","properties":{"Cell_ID":529,"Area_ha":1.0,"LC":"5:0.299825,13:0.700175","XMIN":721294.86160847,"YMIN":8518589.517664917,"XMAX":721394.86160847,"YMAX":8518689.517664917},"geometry":{"type":"Polygon","coordinates":[[[-72.9555233556179,-13.392082640264894],[-72.9555309871955,-13.39117897526163],[-72.95645402132446,-13.391186444740157],[-72.9564463931865,-13.392090110265604],[-72.9555233556179,-13.392082640264894]]]}},{"type":"Feature","properties":{"Cell_ID":530,"Area_ha":1.0,"LC":"5:0.577504,9:0.167878,13:0.254617","XMIN":721294.86160847,"YMIN":8518489.517664917,"XMAX":721394.86160847,"YMAX":8518589.517664917},"geometry":{"type":"Polygon","coordinates":[[[-72.95551572347776,-13.392986305199374],[-72.9555233556179,-13.392082640264894],[-72.9564463931865,-13.392090110265604],[-72.95643876448628,-13.392993775722273],[-72.95551572347776,-13.392986305199374]]]}},{"type":"Feature","properties":{"Cell_ID":531,"Area_ha":1.0,"LC":"5:0.750183,9:0.203099,13:0.046718","XMIN":721294.86160847,"YMIN":8518389.517664917,"XMAX":721394.86160847,"YMAX":8518489.517664917},"geometry":{"type":"Polygon","coordinates":[[[-72.95550809077511,-13.39388997006506],[-72.95551572347776,-13.392986305199374],[-72.95643876448628,-13.392993775722273],[-72.95643113522378,-13.393897441110147],[-72.95550809077511,-13.39388997006506]]]}},{"type":"Feature","properties":{"Cell_ID":532,"Area_ha":1.0,"LC":"5:0.935756,9:0.032900,13:0.031343","XMIN":721294.86160847,"YMIN":8518289.517664917,"XMAX":721394.86160847,"YMAX":8518389.517664917},"geometry":{"type":"Polygon","coordinates":[[[-72.95550045750991,-13.394793634861951],[-72.95550809077511,-13.39388997006506],[-72.95643113522378,-13.393897441110147],[-72.95642350539899,-13.394801106429233],[-72.95550045750991,-13.394793634861951]]]}},{"type":"Feature","properties":{"Cell_ID":533,"Area_ha":1.0,"LC":"5:1.000000","XMIN":721294.86160847,"YMIN":8518189.517664917,"XMAX":721394.86160847,"YMAX":8518289.517664917},"geometry":{"type":"Polygon","coordinates":[[[-72.95549282368216,-13.395697299590042],[-72.95550045750991,-13.394793634861951],[-72.95642350539899,-13.394801106429233],[-72.9564158750119,-13.395704771679522],[-72.95549282368216,-13.395697299590042]]]}},{"type":"Feature","properties":{"Cell_ID":534,"Area_ha":1.0,"LC":"5:1.000000","XMIN":721294.86160847,"YMIN":8518089.517664917,"XMAX":721394.86160847,"YMAX":8518189.517664917},"geometry":{"type":"Polygon","coordinates":[[[-72.95548518929186,-13.396600964249332],[-72.95549282368216,-13.395697299590042],[-72.9564158750119,-13.395704771679522],[-72.9564082440625,-13.396608436861012],[-72.95548518929186,-13.396600964249332]]]}},{"type":"Feature","properties":{"Cell_ID":535,"Area_ha":1.0,"LC":"5:1.000000","XMIN":721294.86160847,"YMIN":8517989.517664917,"XMAX":721394.86160847,"YMAX":8518089.517664917},"geometry":{"type":"Polygon","coordinates":[[[-72.95547755433898,-13.397504628839808],[-72.95548518929186,-13.396600964249332],[-72.9564082440625,-13.396608436861012],[-72.95640061255081,-13.397512101973692],[-72.95547755433898,-13.397504628839808]]]}},{"type":"Feature","properties":{"Cell_ID":536,"Area_ha":1.0,"LC":"5:1.000000","XMIN":721294.86160847,"YMIN":8517889.517664917,"XMAX":721394.86160847,"YMAX":8517989.517664917},"geometry":{"type":"Polygon","coordinates":[[[-72.95546991882352,-13.398408293361474],[-72.95547755433898,-13.397504628839808],[-72.95640061255081,-13.397512101973692],[-72.95639298047676,-13.398415767017564],[-72.95546991882352,-13.398408293361474]]]}},{"type":"Feature","properties":{"Cell_ID":537,"Area_ha":1.0,"LC":"5:0.534426,13:0.465574","XMIN":721294.86160847,"YMIN":8517789.517664917,"XMAX":721394.86160847,"YMAX":8517889.517664917},"geometry":{"type":"Polygon","coordinates":[[[-72.95546228274547,-13.399311957814323],[-72.95546991882352,-13.398408293361474],[-72.95639298047676,-13.398415767017564],[-72.9563853478404,-13.399319431992625],[-72.95546228274547,-13.399311957814323]]]}},{"type":"Feature","properties":{"Cell_ID":538,"Area_ha":1.0,"LC":"5:0.560000,13:0.440000","XMIN":721294.86160847,"YMIN":8517689.517664917,"XMAX":721394.86160847,"YMAX":8517789.517664917},"geometry":{"type":"Polygon","coordinates":[[[-72.95545464610483,-13.400215622198345],[-72.95546228274547,-13.399311957814323],[-72.9563853478404,-13.399319431992625],[-72.95637771464168,-13.400223096898866],[-72.95545464610483,-13.400215622198345]]]}},{"type":"Feature","properties":{"Cell_ID":539,"Area_ha":1.0,"LC":"5:0.145213,13:0.854787","XMIN":721294.86160847,"YMIN":8517589.517664917,"XMAX":721394.86160847,"YMAX":8517689.517664917},"geometry":{"type":"Polygon","coordinates":[[[-72.95544700890157,-13.401119286513545],[-72.95545464610483,-13.400215622198345],[-72.95637771464168,-13.400223096898866],[-72.9563700808806,-13.401126761736284],[-72.95544700890157,-13.401119286513545]]]}},{"type":"Feature","properties":{"Cell_ID":540,"Area_ha":1.0,"LC":"13:1.000000","XMIN":721294.86160847,"YMIN":8517489.517664917,"XMAX":721394.86160847,"YMAX":8517589.517664917},"geometry":{"type":"Polygon","coordinates":[[[-72.9554393711357,-13.402022950759914],[-72.95544700890157,-13.401119286513545],[-72.9563700808806,-13.401126761736284],[-72.95636244655715,-13.402030426504878],[-72.9554393711357,-13.402022950759914]]]}},{"type":"Feature","properties":{"Cell_ID":541,"Area_ha":1.0,"LC":"13:1.000000","XMIN":721294.86160847,"YMIN":8517389.517664917,"XMAX":721394.86160847,"YMAX":8517489.517664917},"geometry":{"type":"Polygon","coordinates":[[[-72.95543173280718,-13.402926614937446],[-72.9554393711357,-13.402022950759914],[-72.95636244655715,-13.402030426504878],[-72.95635481167133,-13.402934091204633],[-72.95543173280718,-13.402926614937446]]]}},{"type":"Feature","properties":{"Cell_ID":542,"Area_ha":1.0,"LC":"5:0.255756,13:0.744244","XMIN":721294.86160847,"YMIN":8517289.517664917,"XMAX":721394.86160847,"YMAX":8517389.517664917},"geometry":{"type":"Polygon","coordinates":[[[-72.95542409391604,-13.40383027904614],[-72.95543173280718,-13.402926614937446],[-72.95635481167133,-13.402934091204633],[-72.95634717622312,-13.403837755835559],[-72.95542409391604,-13.40383027904614]]]}},{"type":"Feature","properties":{"Cell_ID":543,"Area_ha":1.0,"LC":"5:0.517870,13:0.482130","XMIN":721294.86160847,"YMIN":8517189.517664917,"XMAX":721394.86160847,"YMAX":8517289.517664917},"geometry":{"type":"Polygon","coordinates":[[[-72.95541645446224,-13.404733943085992],[-72.95542409391604,-13.40383027904614],[-72.95634717622312,-13.403837755835559],[-72.95633954021253,-13.404741420397647],[-72.95541645446224,-13.404733943085992]]]}},{"type":"Feature","properties":{"Cell_ID":544,"Area_ha":1.0,"LC":"5:0.396313,13:0.603687","XMIN":721294.86160847,"YMIN":8517089.517664917,"XMAX":721394.86160847,"YMAX":8517189.517664917},"geometry":{"type":"Polygon","coordinates":[[[-72.95540881444578,-13.40563760705699],[-72.95541645446224,-13.404733943085992],[-72.95633954021253,-13.404741420397647],[-72.95633190363951,-13.405645084890883],[-72.95540881444578,-13.40563760705699]]]}},{"type":"Feature","properties":{"Cell_ID":545,"Area_ha":1.0,"LC":"5:0.235030,9:0.000191,13:0.764779","XMIN":721294.86160847,"YMIN":8516989.517664917,"XMAX":721394.86160847,"YMAX":8517089.517664917},"geometry":{"type":"Polygon","coordinates":[[[-72.95540117386663,-13.40654127095914],[-72.95540881444578,-13.40563760705699],[-72.95633190363951,-13.405645084890883],[-72.95632426650408,-13.406548749315276],[-72.95540117386663,-13.40654127095914]]]}},{"type":"Feature","properties":{"Cell_ID":546,"Area_ha":1.0,"LC":"5:0.470352,9:0.003687,13:0.525961","XMIN":721294.86160847,"YMIN":8516889.517664917,"XMAX":721394.86160847,"YMAX":8516989.517664917},"geometry":{"type":"Polygon","coordinates":[[[-72.95539353272484,-13.407444934792434],[-72.95540117386663,-13.40654127095914],[-72.95632426650408,-13.406548749315276],[-72.95631662880623,-13.407452413670814],[-72.95539353272484,-13.407444934792434]]]}},{"type":"Feature","properties":{"Cell_ID":547,"Area_ha":1.0,"LC":"5:0.995153,13:0.004847","XMIN":721294.86160847,"YMIN":8516789.517664917,"XMAX":721394.86160847,"YMAX":8516889.517664917},"geometry":{"type":"Polygon","coordinates":[[[-72.95538589102033,-13.408348598556866],[-72.95539353272484,-13.407444934792434],[-72.95631662880623,-13.407452413670814],[-72.95630899054595,-13.408356077957494],[-72.95538589102033,-13.408348598556866]]]}},{"type":"Feature","properties":{"Cell_ID":548,"Area_ha":1.0,"LC":"5:0.899396,9:0.099825,13:0.000779","XMIN":721294.86160847,"YMIN":8516689.517664917,"XMAX":721394.86160847,"YMAX":8516789.517664917},"geometry":{"type":"Polygon","coordinates":[[[-72.95537824875312,-13.409252262252428],[-72.95538589102033,-13.408348598556866],[-72.95630899054595,-13.408356077957494],[-72.9563013517232,-13.409259742175312],[-72.95537824875312,-13.409252262252428]]]}},{"type":"Feature","properties":{"Cell_ID":549,"Area_ha":1.0,"LC":"5:0.595153,9:0.404847","XMIN":721294.86160847,"YMIN":8516589.517664917,"XMAX":721394.86160847,"YMAX":8516689.517664917},"geometry":{"type":"Polygon","coordinates":[[[-72.95537060592322,-13.410155925879126],[-72.95537824875312,-13.409252262252428],[-72.9563013517232,-13.409259742175312],[-72.95629371233801,-13.410163406324266],[-72.95537060592322,-13.410155925879126]]]}},{"type":"Feature","properties":{"Cell_ID":550,"Area_ha":1.0,"LC":"5:0.675153,9:0.324847","XMIN":721294.86160847,"YMIN":8516489.517664917,"XMAX":721394.86160847,"YMAX":8516589.517664917},"geometry":{"type":"Polygon","coordinates":[[[-72.95536296253057,-13.411059589436947],[-72.95537060592322,-13.410155925879126],[-72.95629371233801,-13.410163406324266],[-72.95628607239034,-13.411067070404348],[-72.95536296253057,-13.411059589436947]]]}},{"type":"Feature","properties":{"Cell_ID":551,"Area_ha":1.0,"LC":"5:0.723031,9:0.276969","XMIN":721294.86160847,"YMIN":8516389.517664917,"XMAX":721394.86160847,"YMAX":8516489.517664917},"geometry":{"type":"Polygon","coordinates":[[[-72.95535531857522,-13.411963252925892],[-72.95536296253057,-13.411059589436947],[-72.95628607239034,-13.411067070404348],[-72.9562784318802,-13.411970734415554],[-72.95535531857522,-13.411963252925892]]]}},{"type":"Feature","properties":{"Cell_ID":552,"Area_ha":1.0,"LC":"5:0.803031,9:0.196969","XMIN":721294.86160847,"YMIN":8516289.517664917,"XMAX":721394.86160847,"YMAX":8516389.517664917},"geometry":{"type":"Polygon","coordinates":[[[-72.95534767405711,-13.41286691634595],[-72.95535531857522,-13.411963252925892],[-72.9562784318802,-13.411970734415554],[-72.95627079080757,-13.412874398357884],[-72.95534767405711,-13.41286691634595]]]}},{"type":"Feature","properties":{"Cell_ID":553,"Area_ha":1.0,"LC":"3:0.252657,5:0.738495,9:0.008848","XMIN":721294.86160847,"YMIN":8516189.517664917,"XMAX":721394.86160847,"YMAX":8516289.517664917},"geometry":{"type":"Polygon","coordinates":[[[-72.95534002897625,-13.413770579697122],[-72.95534767405711,-13.41286691634595],[-72.95627079080757,-13.412874398357884],[-72.95626314917246,-13.413778062231327],[-72.95534002897625,-13.413770579697122]]]}},{"type":"Feature","properties":{"Cell_ID":554,"Area_ha":1.0,"LC":"3:0.303465,5:0.352122,6:0.260726,9:0.083687","XMIN":721294.86160847,"YMIN":8516089.517664917,"XMAX":721394.86160847,"YMAX":8516189.517664917},"geometry":{"type":"Polygon","coordinates":[[[-72.95533238333263,-13.414674242979402],[-72.95534002897625,-13.413770579697122],[-72.95626314917246,-13.413778062231327],[-72.95625550697483,-13.414681726035884],[-72.95533238333263,-13.414674242979402]]]}},{"type":"Feature","properties":{"Cell_ID":555,"Area_ha":1.0,"LC":"5:0.149213,6:0.435030,9:0.415756","XMIN":721294.86160847,"YMIN":8515989.517664917,"XMAX":721394.86160847,"YMAX":8516089.517664917},"geometry":{"type":"Polygon","coordinates":[[[-72.95532473712625,-13.415577906192787],[-72.95533238333263,-13.414674242979402],[-72.95625550697483,-13.414681726035884],[-72.95624786421467,-13.415585389771548],[-72.95532473712625,-13.415577906192787]]]}},{"type":"Feature","properties":{"Cell_ID":556,"Area_ha":1.0,"LC":"5:0.124779,6:0.535756,9:0.339465","XMIN":721294.86160847,"YMIN":8515889.517664917,"XMAX":721394.86160847,"YMAX":8515989.517664917},"geometry":{"type":"Polygon","coordinates":[[[-72.95531709035707,-13.416481569337273],[-72.95532473712625,-13.415577906192787],[-72.95624786421467,-13.415585389771548],[-72.95624022089198,-13.416489053438317],[-72.95531709035707,-13.416481569337273]]]}},{"type":"Feature","properties":{"Cell_ID":557,"Area_ha":1.0,"LC":"5:0.427465,6:0.208487,7:0.329039,9:0.035009","XMIN":721294.86160847,"YMIN":8515789.517664917,"XMAX":721394.86160847,"YMAX":8515889.517664917},"geometry":{"type":"Polygon","coordinates":[[[-72.95530944302512,-13.417385232412853],[-72.95531709035707,-13.416481569337273],[-72.95624022089198,-13.416489053438317],[-72.95623257700679,-13.417392717036181],[-72.95530944302512,-13.417385232412853]]]}},{"type":"Feature","properties":{"Cell_ID":558,"Area_ha":1.0,"LC":"7:0.033870,9:0.656747,13:0.309383","XMIN":721294.86160847,"YMIN":8515689.517664917,"XMAX":721394.86160847,"YMAX":8515789.517664917},"geometry":{"type":"Polygon","coordinates":[[[-72.95530179513037,-13.418288895419522],[-72.95530944302512,-13.417385232412853],[-72.95623257700679,-13.417392717036181],[-72.95622493255901,-13.418296380565145],[-72.95530179513037,-13.418288895419522]]]}},{"type":"Feature","properties":{"Cell_ID":559,"Area_ha":1.0,"LC":"9:0.444847,13:0.555153","XMIN":721294.86160847,"YMIN":8515589.517664917,"XMAX":721394.86160847,"YMAX":8515689.517664917},"geometry":{"type":"Polygon","coordinates":[[[-72.95529414667278,-13.41919255835728],[-72.95530179513037,-13.418288895419522],[-72.95622493255901,-13.418296380565145],[-72.9562172875487,-13.419200044025194],[-72.95529414667278,-13.41919255835728]]]}},{"type":"Feature","properties":{"Cell_ID":560,"Area_ha":1.0,"LC":"9:0.154839,13:0.845161","XMIN":721294.86160847,"YMIN":8515489.517664917,"XMAX":721394.86160847,"YMAX":8515589.517664917},"geometry":{"type":"Polygon","coordinates":[[[-72.95528649765238,-13.420096221226121],[-72.95529414667278,-13.41919255835728],[-72.9562172875487,-13.419200044025194],[-72.95620964197582,-13.420103707416335],[-72.95528649765238,-13.420096221226121]]]}},{"type":"Feature","properties":{"Cell_ID":561,"Area_ha":1.0,"LC":"13:0.999031,16:0.000969","XMIN":721294.86160847,"YMIN":8515389.517664917,"XMAX":721394.86160847,"YMAX":8515489.517664917},"geometry":{"type":"Polygon","coordinates":[[[-72.95527884806917,-13.420999884026035],[-72.95528649765238,-13.420096221226121],[-72.95620964197582,-13.420103707416335],[-72.95620199584035,-13.42100737073855],[-72.95527884806917,-13.420999884026035]]]}},{"type":"Feature","properties":{"Cell_ID":562,"Area_ha":1.0,"LC":"13:1.000000","XMIN":721294.86160847,"YMIN":8515289.517664917,"XMAX":721394.86160847,"YMAX":8515389.517664917},"geometry":{"type":"Polygon","coordinates":[[[-72.9552711979231,-13.421903546757024],[-72.95527884806917,-13.420999884026035],[-72.95620199584035,-13.42100737073855],[-72.9561943491423,-13.421911033991847],[-72.9552711979231,-13.421903546757024]]]}},{"type":"Feature","properties":{"Cell_ID":563,"Area_ha":1.0,"LC":"13:1.000000","XMIN":721294.86160847,"YMIN":8515189.517664917,"XMAX":721394.86160847,"YMAX":8515289.517664917},"geometry":{"type":"Polygon","coordinates":[[[-72.95526354721417,-13.422807209419085],[-72.9552711979231,-13.421903546757024],[-72.9561943491423,-13.421911033991847],[-72.95618670188165,-13.422814697176218],[-72.95526354721417,-13.422807209419085]]]}},{"type":"Feature","properties":{"Cell_ID":564,"Area_ha":1.0,"LC":"13:1.000000","XMIN":721294.86160847,"YMIN":8515089.517664917,"XMAX":721394.86160847,"YMAX":8515189.517664917},"geometry":{"type":"Polygon","coordinates":[[[-72.9552558959424,-13.42371087201221],[-72.95526354721417,-13.422807209419085],[-72.95618670188165,-13.422814697176218],[-72.95617905405838,-13.423718360291655],[-72.9552558959424,-13.42371087201221]]]}},{"type":"Feature","properties":{"Cell_ID":565,"Area_ha":1.0,"LC":"9:0.517891,16:0.482109","XMIN":721394.86160847,"YMIN":8518789.517664917,"XMAX":721494.86160847,"YMAX":8518889.517664917},"geometry":{"type":"Polygon","coordinates":[[[-72.95461558808351,-13.390267837865885],[-72.95462322197524,-13.389364173247467],[-72.95554624866318,-13.38937164504875],[-72.9555386182106,-13.390275310189576],[-72.95461558808351,-13.390267837865885]]]}},{"type":"Feature","properties":{"Cell_ID":566,"Area_ha":1.0,"LC":"13:0.023444,16:0.976556","XMIN":721394.86160847,"YMIN":8518689.517664917,"XMAX":721494.86160847,"YMAX":8518789.517664917},"geometry":{"type":"Polygon","coordinates":[[[-72.95460795362904,-13.391171502415522],[-72.95461558808351,-13.390267837865885],[-72.9555386182106,-13.390275310189576],[-72.9555309871955,-13.39117897526163],[-72.95460795362904,-13.391171502415522]]]}},{"type":"Feature","properties":{"Cell_ID":567,"Area_ha":1.0,"LC":"5:0.484970,9:0.151513,13:0.175587,16:0.187931","XMIN":721394.86160847,"YMIN":8518589.517664917,"XMAX":721494.86160847,"YMAX":8518689.517664917},"geometry":{"type":"Polygon","coordinates":[[[-72.9546003186118,-13.39207516689637],[-72.95460795362904,-13.391171502415522],[-72.9555309871955,-13.39117897526163],[-72.9555233556179,-13.392082640264894],[-72.9546003186118,-13.39207516689637]]]}},{"type":"Feature","properties":{"Cell_ID":568,"Area_ha":1.0,"LC":"5:0.195931,9:0.632122,13:0.171947","XMIN":721394.86160847,"YMIN":8518489.517664917,"XMAX":721494.86160847,"YMAX":8518589.517664917},"geometry":{"type":"Polygon","coordinates":[[[-72.95459268303178,-13.39297883130843],[-72.9546003186118,-13.39207516689637],[-72.9555233556179,-13.392082640264894],[-72.95551572347776,-13.392986305199374],[-72.95459268303178,-13.39297883130843]]]}},{"type":"Feature","properties":{"Cell_ID":569,"Area_ha":1.0,"LC":"5:0.070374,9:0.724779,13:0.204847","XMIN":721394.86160847,"YMIN":8518389.517664917,"XMAX":721494.86160847,"YMAX":8518489.517664917},"geometry":{"type":"Polygon","coordinates":[[[-72.95458504688898,-13.393882495651694],[-72.95459268303178,-13.39297883130843],[-72.95551572347776,-13.392986305199374],[-72.95550809077511,-13.39388997006506],[-72.95458504688898,-13.393882495651694]]]}},{"type":"Feature","properties":{"Cell_ID":570,"Area_ha":1.0,"LC":"5:0.211879,9:0.167709,13:0.620413","XMIN":721394.86160847,"YMIN":8518289.517664917,"XMAX":721494.86160847,"YMAX":8518389.517664917},"geometry":{"type":"Polygon","coordinates":[[[-72.95457741018339,-13.394786159926152],[-72.95458504688898,-13.393882495651694],[-72.95550809077511,-13.39388997006506],[-72.95550045750991,-13.394793634861951],[-72.95457741018339,-13.394786159926152]]]}},{"type":"Feature","properties":{"Cell_ID":571,"Area_ha":1.0,"LC":"5:0.703635,13:0.296365","XMIN":721394.86160847,"YMIN":8518189.517664917,"XMAX":721494.86160847,"YMAX":8518289.517664917},"geometry":{"type":"Polygon","coordinates":[[[-72.95456977291498,-13.395689824131814],[-72.95457741018339,-13.394786159926152],[-72.95550045750991,-13.394793634861951],[-72.95549282368216,-13.395697299590042],[-72.95456977291498,-13.395689824131814]]]}},{"type":"Feature","properties":{"Cell_ID":572,"Area_ha":1.0,"LC":"5:1.000000","XMIN":721394.86160847,"YMIN":8518089.517664917,"XMAX":721494.86160847,"YMAX":8518189.517664917},"geometry":{"type":"Polygon","coordinates":[[[-72.95456213508378,-13.396593488268666],[-72.95456977291498,-13.395689824131814],[-72.95549282368216,-13.395697299590042],[-72.95548518929186,-13.396600964249332],[-72.95456213508378,-13.396593488268666]]]}},{"type":"Feature","properties":{"Cell_ID":573,"Area_ha":1.0,"LC":"5:1.000000","XMIN":721394.86160847,"YMIN":8517989.517664917,"XMAX":721494.86160847,"YMAX":8518089.517664917},"geometry":{"type":"Polygon","coordinates":[[[-72.95455449668974,-13.397497152336703],[-72.95456213508378,-13.396593488268666],[-72.95548518929186,-13.396600964249332],[-72.95547755433898,-13.397504628839808],[-72.95455449668974,-13.397497152336703]]]}},{"type":"Feature","properties":{"Cell_ID":574,"Area_ha":1.0,"LC":"5:1.000000","XMIN":721394.86160847,"YMIN":8517889.517664917,"XMAX":721494.86160847,"YMAX":8517989.517664917},"geometry":{"type":"Polygon","coordinates":[[[-72.95454685773288,-13.398400816335924],[-72.95455449668974,-13.397497152336703],[-72.95547755433898,-13.397504628839808],[-72.95546991882352,-13.398408293361474],[-72.95454685773288,-13.398400816335924]]]}},{"type":"Feature","properties":{"Cell_ID":575,"Area_ha":1.0,"LC":"5:0.658304,13:0.341696","XMIN":721394.86160847,"YMIN":8517789.517664917,"XMAX":721494.86160847,"YMAX":8517889.517664917},"geometry":{"type":"Polygon","coordinates":[[[-72.95453921821316,-13.399304480266323],[-72.95454685773288,-13.398400816335924],[-72.95546991882352,-13.398408293361474],[-72.95546228274547,-13.399311957814323],[-72.95453921821316,-13.399304480266323]]]}},{"type":"Feature","properties":{"Cell_ID":576,"Area_ha":1.0,"LC":"5:0.760000,13:0.240000","XMIN":721394.86160847,"YMIN":8517689.517664917,"XMAX":721494.86160847,"YMAX":8517789.517664917},"geometry":{"type":"Polygon","coordinates":[[[-72.95453157813058,-13.4002081441279],[-72.95453921821316,-13.399304480266323],[-72.95546228274547,-13.399311957814323],[-72.95545464610483,-13.400215622198345],[-72.95453157813058,-13.4002081441279]]]}},{"type":"Feature","properties":{"Cell_ID":577,"Area_ha":1.0,"LC":"5:0.281939,13:0.718061","XMIN":721394.86160847,"YMIN":8517589.517664917,"XMAX":721494.86160847,"YMAX":8517689.517664917},"geometry":{"type":"Polygon","coordinates":[[[-72.95452393748516,-13.401111807920643],[-72.95453157813058,-13.4002081441279],[-72.95545464610483,-13.400215622198345],[-72.95544700890157,-13.401119286513545],[-72.95452393748516,-13.401111807920643]]]}},{"type":"Feature","properties":{"Cell_ID":578,"Area_ha":1.0,"LC":"5:0.400000,13:0.600000","XMIN":721394.86160847,"YMIN":8517489.517664917,"XMAX":721494.86160847,"YMAX":8517589.517664917},"geometry":{"type":"Polygon","coordinates":[[[-72.95451629627686,-13.402015471644551],[-72.95452393748516,-13.401111807920643],[-72.95544700890157,-13.401119286513545],[-72.9554393711357,-13.402022950759914],[-72.95451629627686,-13.402015471644551]]]}},{"type":"Feature","properties":{"Cell_ID":579,"Area_ha":1.0,"LC":"5:0.567878,13:0.432122","XMIN":721394.86160847,"YMIN":8517389.517664917,"XMAX":721494.86160847,"YMAX":8517489.517664917},"geometry":{"type":"Polygon","coordinates":[[[-72.95450865450567,-13.402919135299621],[-72.95451629627686,-13.402015471644551],[-72.9554393711357,-13.402022950759914],[-72.95543173280718,-13.402926614937446],[-72.95450865450567,-13.402919135299621]]]}},{"type":"Feature","properties":{"Cell_ID":580,"Area_ha":1.0,"LC":"5:0.600000,13:0.400000","XMIN":721394.86160847,"YMIN":8517289.517664917,"XMAX":721494.86160847,"YMAX":8517389.517664917},"geometry":{"type":"Polygon","coordinates":[[[-72.95450101217159,-13.403822798885848],[-72.95450865450567,-13.402919135299621],[-72.95543173280718,-13.402926614937446],[-72.95542409391604,-13.40383027904614],[-72.95450101217159,-13.403822798885848]]]}},{"type":"Feature","properties":{"Cell_ID":581,"Area_ha":1.0,"LC":"5:0.770008,13:0.229992","XMIN":721394.86160847,"YMIN":8517189.517664917,"XMAX":721494.86160847,"YMAX":8517289.517664917},"geometry":{"type":"Polygon","coordinates":[[[-72.9544933692746,-13.40472646240323],[-72.95450101217159,-13.403822798885848],[-72.95542409391604,-13.40383027904614],[-72.95541645446224,-13.404733943085992],[-72.9544933692746,-13.40472646240323]]]}},{"type":"Feature","properties":{"Cell_ID":582,"Area_ha":1.0,"LC":"5:0.383862,9:0.127878,13:0.488260","XMIN":721394.86160847,"YMIN":8517089.517664917,"XMAX":721494.86160847,"YMAX":8517189.517664917},"geometry":{"type":"Polygon","coordinates":[[[-72.9544857258147,-13.405630125851758],[-72.9544933692746,-13.40472646240323],[-72.95541645446224,-13.404733943085992],[-72.95540881444578,-13.40563760705699],[-72.9544857258147,-13.405630125851758]]]}},{"type":"Feature","properties":{"Cell_ID":583,"Area_ha":1.0,"LC":"5:0.379587,9:0.215566,13:0.404847","XMIN":721394.86160847,"YMIN":8516989.517664917,"XMAX":721494.86160847,"YMAX":8517089.517664917},"geometry":{"type":"Polygon","coordinates":[[[-72.95447808179188,-13.40653378923143],[-72.9544857258147,-13.405630125851758],[-72.95540881444578,-13.40563760705699],[-72.95540117386663,-13.40654127095914],[-72.95447808179188,-13.40653378923143]]]}},{"type":"Feature","properties":{"Cell_ID":584,"Area_ha":1.0,"LC":"9:0.332678,13:0.667322","XMIN":721394.86160847,"YMIN":8516889.517664917,"XMAX":721494.86160847,"YMAX":8516989.517664917},"geometry":{"type":"Polygon","coordinates":[[[-72.95447043720613,-13.407437452542242],[-72.95447808179188,-13.40653378923143],[-72.95540117386663,-13.40654127095914],[-72.95539353272484,-13.407444934792434],[-72.95447043720613,-13.407437452542242]]]}},{"type":"Feature","properties":{"Cell_ID":585,"Area_ha":1.0,"LC":"13:1.000000","XMIN":721394.86160847,"YMIN":8516789.517664917,"XMAX":721494.86160847,"YMAX":8516889.517664917},"geometry":{"type":"Polygon","coordinates":[[[-72.95446279205741,-13.408341115784186],[-72.95447043720613,-13.407437452542242],[-72.95539353272484,-13.407444934792434],[-72.95538589102033,-13.408348598556866],[-72.95446279205741,-13.408341115784186]]]}},{"type":"Feature","properties":{"Cell_ID":586,"Area_ha":1.0,"LC":"9:0.163809,13:0.836191","XMIN":721394.86160847,"YMIN":8516689.517664917,"XMAX":721494.86160847,"YMAX":8516789.517664917},"geometry":{"type":"Polygon","coordinates":[[[-72.95445514634577,-13.409244778957262],[-72.95446279205741,-13.408341115784186],[-72.95538589102033,-13.408348598556866],[-72.95537824875312,-13.409252262252428],[-72.95445514634577,-13.409244778957262]]]}},{"type":"Feature","properties":{"Cell_ID":587,"Area_ha":1.0,"LC":"9:0.243031,13:0.756969","XMIN":721394.86160847,"YMIN":8516589.517664917,"XMAX":721494.86160847,"YMAX":8516689.517664917},"geometry":{"type":"Polygon","coordinates":[[[-72.95444750007114,-13.410148442061464],[-72.95445514634577,-13.409244778957262],[-72.95537824875312,-13.409252262252428],[-72.95537060592322,-13.410155925879126],[-72.95444750007114,-13.410148442061464]]]}},{"type":"Feature","properties":{"Cell_ID":588,"Area_ha":1.0,"LC":"9:0.563031,13:0.436969","XMIN":721394.86160847,"YMIN":8516489.517664917,"XMAX":721494.86160847,"YMAX":8516589.517664917},"geometry":{"type":"Polygon","coordinates":[[[-72.95443985323355,-13.411052105096791],[-72.95444750007114,-13.410148442061464],[-72.95537060592322,-13.410155925879126],[-72.95536296253057,-13.411059589436947],[-72.95443985323355,-13.411052105096791]]]}},{"type":"Feature","properties":{"Cell_ID":589,"Area_ha":1.0,"LC":"5:0.343826,9:0.510183,13:0.145992","XMIN":721394.86160847,"YMIN":8516389.517664917,"XMAX":721494.86160847,"YMAX":8516489.517664917},"geometry":{"type":"Polygon","coordinates":[[[-72.95443220583296,-13.411955768063235],[-72.95443985323355,-13.411052105096791],[-72.95536296253057,-13.411059589436947],[-72.95535531857522,-13.411963252925892],[-72.95443220583296,-13.411955768063235]]]}},{"type":"Feature","properties":{"Cell_ID":590,"Area_ha":1.0,"LC":"5:0.644847,9:0.355153","XMIN":721394.86160847,"YMIN":8516289.517664917,"XMAX":721494.86160847,"YMAX":8516389.517664917},"geometry":{"type":"Polygon","coordinates":[[[-72.9544245578694,-13.412859430960792],[-72.95443220583296,-13.411955768063235],[-72.95535531857522,-13.411963252925892],[-72.95534767405711,-13.41286691634595],[-72.9544245578694,-13.412859430960792]]]}},{"type":"Feature","properties":{"Cell_ID":591,"Area_ha":1.0,"LC":"5:0.713091,9:0.286909","XMIN":721394.86160847,"YMIN":8516189.517664917,"XMAX":721494.86160847,"YMAX":8516289.517664917},"geometry":{"type":"Polygon","coordinates":[[[-72.95441690934283,-13.413763093789456],[-72.9544245578694,-13.412859430960792],[-72.95534767405711,-13.41286691634595],[-72.95534002897625,-13.413770579697122],[-72.95441690934283,-13.413763093789456]]]}},{"type":"Feature","properties":{"Cell_ID":592,"Area_ha":1.0,"LC":"5:0.229091,6:0.046718,9:0.724191","XMIN":721394.86160847,"YMIN":8516089.517664917,"XMAX":721494.86160847,"YMAX":8516189.517664917},"geometry":{"type":"Polygon","coordinates":[[[-72.95440926025321,-13.414666756549224],[-72.95441690934283,-13.413763093789456],[-72.95534002897625,-13.413770579697122],[-72.95533238333263,-13.414674242979402],[-72.95440926025321,-13.414666756549224]]]}},{"type":"Feature","properties":{"Cell_ID":593,"Area_ha":1.0,"LC":"5:0.001748,6:0.403222,9:0.595030","XMIN":721394.86160847,"YMIN":8515989.517664917,"XMAX":721494.86160847,"YMAX":8516089.517664917},"geometry":{"type":"Polygon","coordinates":[[[-72.9544016106006,-13.415570419240096],[-72.95440926025321,-13.414666756549224],[-72.95533238333263,-13.414674242979402],[-72.95532473712625,-13.415577906192787],[-72.9544016106006,-13.415570419240096]]]}},{"type":"Feature","properties":{"Cell_ID":594,"Area_ha":1.0,"LC":"6:0.064244,9:0.935756","XMIN":721394.86160847,"YMIN":8515889.517664917,"XMAX":721494.86160847,"YMAX":8515989.517664917},"geometry":{"type":"Polygon","coordinates":[[[-72.95439396038496,-13.416474081862061],[-72.9544016106006,-13.415570419240096],[-72.95532473712625,-13.415577906192787],[-72.95531709035707,-13.416481569337273],[-72.95439396038496,-13.416474081862061]]]}},{"type":"Feature","properties":{"Cell_ID":595,"Area_ha":1.0,"LC":"7:0.054596,9:0.945404","XMIN":721394.86160847,"YMIN":8515789.517664917,"XMAX":721494.86160847,"YMAX":8515889.517664917},"geometry":{"type":"Polygon","coordinates":[[[-72.95438630960625,-13.417377744415116],[-72.95439396038496,-13.416474081862061],[-72.95531709035707,-13.416481569337273],[-72.95530944302512,-13.417385232412853],[-72.95438630960625,-13.417377744415116]]]}},{"type":"Feature","properties":{"Cell_ID":596,"Area_ha":1.0,"LC":"7:0.222496,9:0.262892,13:0.290978,16:0.223635","XMIN":721394.86160847,"YMIN":8515689.517664917,"XMAX":721494.86160847,"YMAX":8515789.517664917},"geometry":{"type":"Polygon","coordinates":[[[-72.9543786582645,-13.418281406899261],[-72.95438630960625,-13.417377744415116],[-72.95530944302512,-13.417385232412853],[-72.95530179513037,-13.418288895419522],[-72.9543786582645,-13.418281406899261]]]}},{"type":"Feature","properties":{"Cell_ID":597,"Area_ha":1.0,"LC":"5:0.001160,9:0.619757,13:0.080779,16:0.298304","XMIN":721394.86160847,"YMIN":8515589.517664917,"XMAX":721494.86160847,"YMAX":8515689.517664917},"geometry":{"type":"Polygon","coordinates":[[[-72.9543710063597,-13.419185069314489],[-72.9543786582645,-13.418281406899261],[-72.95530179513037,-13.418288895419522],[-72.95529414667278,-13.41919255835728],[-72.9543710063597,-13.419185069314489]]]}},{"type":"Feature","properties":{"Cell_ID":598,"Area_ha":1.0,"LC":"5:0.097695,9:0.573648,13:0.328657","XMIN":721394.86160847,"YMIN":8515489.517664917,"XMAX":721494.86160847,"YMAX":8515589.517664917},"geometry":{"type":"Polygon","coordinates":[[[-72.9543633538918,-13.420088731660792],[-72.9543710063597,-13.419185069314489],[-72.95529414667278,-13.41919255835728],[-72.95528649765238,-13.420096221226121],[-72.9543633538918,-13.420088731660792]]]}},{"type":"Feature","properties":{"Cell_ID":599,"Area_ha":1.0,"LC":"5:0.186961,9:0.072122,13:0.646130,16:0.094787","XMIN":721394.86160847,"YMIN":8515389.517664917,"XMAX":721494.86160847,"YMAX":8515489.517664917},"geometry":{"type":"Polygon","coordinates":[[[-72.95435570086083,-13.420992393938171],[-72.9543633538918,-13.420088731660792],[-72.95528649765238,-13.420096221226121],[-72.95527884806917,-13.420999884026035],[-72.95435570086083,-13.420992393938171]]]}},{"type":"Feature","properties":{"Cell_ID":600,"Area_ha":1.0,"LC":"13:0.556901,16:0.443099","XMIN":721394.86160847,"YMIN":8515289.517664917,"XMAX":721494.86160847,"YMAX":8515389.517664917},"geometry":{"type":"Polygon","coordinates":[[[-72.95434804726675,-13.421896056146622],[-72.95435570086083,-13.420992393938171],[-72.95527884806917,-13.420999884026035],[-72.9552711979231,-13.421903546757024],[-72.95434804726675,-13.421896056146622]]]}},{"type":"Feature","properties":{"Cell_ID":601,"Area_ha":1.0,"LC":"5:0.170787,13:0.604191,16:0.225022","XMIN":721394.86160847,"YMIN":8515189.517664917,"XMAX":721494.86160847,"YMAX":8515289.517664917},"geometry":{"type":"Polygon","coordinates":[[[-72.95434039310958,-13.422799718286138],[-72.95434804726675,-13.421896056146622],[-72.9552711979231,-13.421903546757024],[-72.95526354721417,-13.422807209419085],[-72.95434039310958,-13.422799718286138]]]}},{"type":"Feature","properties":{"Cell_ID":602,"Area_ha":1.0,"LC":"5:0.112122,13:0.887878","XMIN":721394.86160847,"YMIN":8515089.517664917,"XMAX":721494.86160847,"YMAX":8515189.517664917},"geometry":{"type":"Polygon","coordinates":[[[-72.95433273838928,-13.423703380356717],[-72.95434039310958,-13.422799718286138],[-72.95526354721417,-13.422807209419085],[-72.9552558959424,-13.42371087201221],[-72.95433273838928,-13.423703380356717]]]}},{"type":"Feature","properties":{"Cell_ID":603,"Area_ha":1.0,"LC":"16:0.999512","XMIN":721494.86160847,"YMIN":8518789.517664917,"XMAX":721594.86160847,"YMAX":8518889.517664917},"geometry":{"type":"Polygon","coordinates":[[[-72.95369255851921,-13.39026036217486],[-72.95370019585005,-13.389356698079089],[-72.95462322197524,-13.389364173247467],[-72.95461558808351,-13.390267837865885],[-72.95369255851921,-13.39026036217486]]]}},{"type":"Feature","properties":{"Cell_ID":604,"Area_ha":1.0,"LC":"16:1.000000","XMIN":721494.86160847,"YMIN":8518689.517664917,"XMAX":721594.86160847,"YMAX":8518789.517664917},"geometry":{"type":"Polygon","coordinates":[[[-72.95368492062535,-13.39116402620185],[-72.95369255851921,-13.39026036217486],[-72.95461558808351,-13.390267837865885],[-72.95460795362904,-13.391171502415522],[-72.95368492062535,-13.39116402620185]]]}},{"type":"Feature","properties":{"Cell_ID":605,"Area_ha":1.0,"LC":"5:0.054596,13:0.027704,16:0.917700","XMIN":721494.86160847,"YMIN":8518589.517664917,"XMAX":721594.86160847,"YMAX":8518689.517664917},"geometry":{"type":"Polygon","coordinates":[[[-72.95367728216848,-13.392067690160047],[-72.95368492062535,-13.39116402620185],[-72.95460795362904,-13.391171502415522],[-72.9546003186118,-13.39207516689637],[-72.95367728216848,-13.392067690160047]]]}},{"type":"Feature","properties":{"Cell_ID":606,"Area_ha":1.0,"LC":"5:0.311343,13:0.688657","XMIN":721494.86160847,"YMIN":8518489.517664917,"XMAX":721594.86160847,"YMAX":8518589.517664917},"geometry":{"type":"Polygon","coordinates":[[[-72.95366964314859,-13.392971354049447],[-72.95367728216848,-13.392067690160047],[-72.9546003186118,-13.39207516689637],[-72.95459268303178,-13.39297883130843],[-72.95366964314859,-13.392971354049447]]]}},{"type":"Feature","properties":{"Cell_ID":607,"Area_ha":1.0,"LC":"5:0.335756,13:0.664244","XMIN":721494.86160847,"YMIN":8518389.517664917,"XMAX":721594.86160847,"YMAX":8518489.517664917},"geometry":{"type":"Polygon","coordinates":[[[-72.95366200356565,-13.393875017870052],[-72.95366964314859,-13.392971354049447],[-72.95459268303178,-13.39297883130843],[-72.95458504688898,-13.393882495651694],[-72.95366200356565,-13.393875017870052]]]}},{"type":"Feature","properties":{"Cell_ID":608,"Area_ha":1.0,"LC":"5:0.311931,13:0.688069","XMIN":721494.86160847,"YMIN":8518289.517664917,"XMAX":721594.86160847,"YMAX":8518389.517664917},"geometry":{"type":"Polygon","coordinates":[[[-72.95365436341967,-13.394778681621847],[-72.95366200356565,-13.393875017870052],[-72.95458504688898,-13.393882495651694],[-72.95457741018339,-13.394786159926152],[-72.95365436341967,-13.394778681621847]]]}},{"type":"Feature","properties":{"Cell_ID":609,"Area_ha":1.0,"LC":"5:0.653039,13:0.346961","XMIN":721494.86160847,"YMIN":8518189.517664917,"XMAX":721594.86160847,"YMAX":8518289.517664917},"geometry":{"type":"Polygon","coordinates":[[[-72.95364672271063,-13.395682345304841],[-72.95365436341967,-13.394778681621847],[-72.95457741018339,-13.394786159926152],[-72.95456977291498,-13.395689824131814],[-72.95364672271063,-13.395682345304841]]]}},{"type":"Feature","properties":{"Cell_ID":610,"Area_ha":1.0,"LC":"5:0.720000,13:0.280000","XMIN":721494.86160847,"YMIN":8518089.517664917,"XMAX":721594.86160847,"YMAX":8518189.517664917},"geometry":{"type":"Polygon","coordinates":[[[-72.95363908143851,-13.39658600891902],[-72.95364672271063,-13.395682345304841],[-72.95456977291498,-13.395689824131814],[-72.95456213508378,-13.396593488268666],[-72.95363908143851,-13.39658600891902]]]}},{"type":"Feature","properties":{"Cell_ID":611,"Area_ha":1.0,"LC":"5:0.887878,13:0.112122","XMIN":721494.86160847,"YMIN":8517989.517664917,"XMAX":721594.86160847,"YMAX":8518089.517664917},"geometry":{"type":"Polygon","coordinates":[[[-72.95363143960334,-13.397489672464381],[-72.95363908143851,-13.39658600891902],[-72.95456213508378,-13.396593488268666],[-72.95455449668974,-13.397497152336703],[-72.95363143960334,-13.397489672464381]]]}},{"type":"Feature","properties":{"Cell_ID":612,"Area_ha":1.0,"LC":"5:1.000000","XMIN":721494.86160847,"YMIN":8517889.517664917,"XMAX":721594.86160847,"YMAX":8517989.517664917},"geometry":{"type":"Polygon","coordinates":[[[-72.95362379720507,-13.398393335940925],[-72.95363143960334,-13.397489672464381],[-72.95455449668974,-13.397497152336703],[-72.95454685773288,-13.398400816335924],[-72.95362379720507,-13.398393335940925]]]}},{"type":"Feature","properties":{"Cell_ID":613,"Area_ha":1.0,"LC":"5:1.000000","XMIN":721494.86160847,"YMIN":8517789.517664917,"XMAX":721594.86160847,"YMAX":8517889.517664917},"geometry":{"type":"Polygon","coordinates":[[[-72.9536161542437,-13.39929699934864],[-72.95362379720507,-13.398393335940925],[-72.95454685773288,-13.398400816335924],[-72.95453921821316,-13.399304480266323],[-72.9536161542437,-13.39929699934864]]]}},{"type":"Feature","properties":{"Cell_ID":614,"Area_ha":1.0,"LC":"5:1.000000","XMIN":721494.86160847,"YMIN":8517689.517664917,"XMAX":721594.86160847,"YMAX":8517789.517664917},"geometry":{"type":"Polygon","coordinates":[[[-72.95360851071923,-13.400200662687528],[-72.9536161542437,-13.39929699934864],[-72.95453921821316,-13.399304480266323],[-72.95453157813058,-13.4002081441279],[-72.95360851071923,-13.400200662687528]]]}},{"type":"Feature","properties":{"Cell_ID":615,"Area_ha":1.0,"LC":"5:0.767518,13:0.232482","XMIN":721494.86160847,"YMIN":8517589.517664917,"XMAX":721594.86160847,"YMAX":8517689.517664917},"geometry":{"type":"Polygon","coordinates":[[[-72.95360086663163,-13.401104325957581],[-72.95360851071923,-13.400200662687528],[-72.95453157813058,-13.4002081441279],[-72.95452393748516,-13.401111807920643],[-72.95360086663163,-13.401104325957581]]]}},{"type":"Feature","properties":{"Cell_ID":616,"Area_ha":1.0,"LC":"5:0.200000,13:0.800000","XMIN":721494.86160847,"YMIN":8517489.517664917,"XMAX":721594.86160847,"YMAX":8517589.517664917},"geometry":{"type":"Polygon","coordinates":[[[-72.95359322198091,-13.402007989158797],[-72.95360086663163,-13.401104325957581],[-72.95452393748516,-13.401111807920643],[-72.95451629627686,-13.402015471644551],[-72.95359322198091,-13.402007989158797]]]}},{"type":"Feature","properties":{"Cell_ID":617,"Area_ha":1.0,"LC":"5:0.200000,13:0.800000","XMIN":721494.86160847,"YMIN":8517389.517664917,"XMAX":721594.86160847,"YMAX":8517489.517664917},"geometry":{"type":"Polygon","coordinates":[[[-72.95358557676705,-13.40291165229117],[-72.95359322198091,-13.402007989158797],[-72.95451629627686,-13.402015471644551],[-72.95450865450567,-13.402919135299621],[-72.95358557676705,-13.40291165229117]]]}},{"type":"Feature","properties":{"Cell_ID":618,"Area_ha":1.0,"LC":"5:0.072122,13:0.927878","XMIN":721494.86160847,"YMIN":8517289.517664917,"XMAX":721594.86160847,"YMAX":8517389.517664917},"geometry":{"type":"Polygon","coordinates":[[[-72.95357793099005,-13.403815315354697],[-72.95358557676705,-13.40291165229117],[-72.95450865450567,-13.402919135299621],[-72.95450101217159,-13.403822798885848],[-72.95357793099005,-13.403815315354697]]]}},{"type":"Feature","properties":{"Cell_ID":619,"Area_ha":1.0,"LC":"5:0.277261,13:0.722739","XMIN":721494.86160847,"YMIN":8517189.517664917,"XMAX":721594.86160847,"YMAX":8517289.517664917},"geometry":{"type":"Polygon","coordinates":[[[-72.95357028464989,-13.40471897834937],[-72.95357793099005,-13.403815315354697],[-72.95450101217159,-13.403822798885848],[-72.9544933692746,-13.40472646240323],[-72.95357028464989,-13.40471897834937]]]}},{"type":"Feature","properties":{"Cell_ID":620,"Area_ha":1.0,"LC":"5:0.399830,13:0.600170","XMIN":721494.86160847,"YMIN":8517089.517664917,"XMAX":721594.86160847,"YMAX":8517189.517664917},"geometry":{"type":"Polygon","coordinates":[[[-72.95356263774656,-13.405622641275189],[-72.95357028464989,-13.40471897834937],[-72.9544933692746,-13.40472646240323],[-72.9544857258147,-13.405630125851758],[-72.95356263774656,-13.405622641275189]]]}},{"type":"Feature","properties":{"Cell_ID":621,"Area_ha":1.0,"LC":"13:1.000000","XMIN":721494.86160847,"YMIN":8516989.517664917,"XMAX":721594.86160847,"YMAX":8517089.517664917},"geometry":{"type":"Polygon","coordinates":[[[-72.95355499028005,-13.406526304132148],[-72.95356263774656,-13.405622641275189],[-72.9544857258147,-13.405630125851758],[-72.95447808179188,-13.40653378923143],[-72.95355499028005,-13.406526304132148]]]}},{"type":"Feature","properties":{"Cell_ID":622,"Area_ha":1.0,"LC":"13:1.000000","XMIN":721494.86160847,"YMIN":8516889.517664917,"XMAX":721594.86160847,"YMAX":8516989.517664917},"geometry":{"type":"Polygon","coordinates":[[[-72.95354734225035,-13.407429966920244],[-72.95355499028005,-13.406526304132148],[-72.95447808179188,-13.40653378923143],[-72.95447043720613,-13.407437452542242],[-72.95354734225035,-13.407429966920244]]]}},{"type":"Feature","properties":{"Cell_ID":623,"Area_ha":1.0,"LC":"9:0.000191,13:0.999809","XMIN":721494.86160847,"YMIN":8516789.517664917,"XMAX":721594.86160847,"YMAX":8516889.517664917},"geometry":{"type":"Polygon","coordinates":[[[-72.95353969365746,-13.40833362963947],[-72.95354734225035,-13.407429966920244],[-72.95447043720613,-13.407437452542242],[-72.95446279205741,-13.408341115784186],[-72.95353969365746,-13.40833362963947]]]}},{"type":"Feature","properties":{"Cell_ID":624,"Area_ha":1.0,"LC":"9:0.004847,13:0.995153","XMIN":721494.86160847,"YMIN":8516689.517664917,"XMAX":721594.86160847,"YMAX":8516789.517664917},"geometry":{"type":"Polygon","coordinates":[[[-72.95353204450137,-13.40923729228982],[-72.95353969365746,-13.40833362963947],[-72.95446279205741,-13.408341115784186],[-72.95445514634577,-13.409244778957262],[-72.95353204450137,-13.40923729228982]]]}},{"type":"Feature","properties":{"Cell_ID":625,"Area_ha":1.0,"LC":"5:0.008069,9:0.004656,13:0.987274","XMIN":721494.86160847,"YMIN":8516589.517664917,"XMAX":721594.86160847,"YMAX":8516689.517664917},"geometry":{"type":"Polygon","coordinates":[[[-72.95352439478205,-13.410140954871297],[-72.95353204450137,-13.40923729228982],[-72.95445514634577,-13.409244778957262],[-72.95444750007114,-13.410148442061464],[-72.95352439478205,-13.410140954871297]]]}},{"type":"Feature","properties":{"Cell_ID":626,"Area_ha":1.0,"LC":"5:0.114839,9:0.000191,13:0.884970","XMIN":721494.86160847,"YMIN":8516489.517664917,"XMAX":721594.86160847,"YMAX":8516589.517664917},"geometry":{"type":"Polygon","coordinates":[[[-72.9535167444995,-13.411044617383888],[-72.95352439478205,-13.410140954871297],[-72.95444750007114,-13.410148442061464],[-72.95443985323355,-13.411052105096791],[-72.9535167444995,-13.411044617383888]]]}},{"type":"Feature","properties":{"Cell_ID":627,"Area_ha":1.0,"LC":"5:0.104604,9:0.174596,13:0.720800","XMIN":721494.86160847,"YMIN":8516389.517664917,"XMAX":721594.86160847,"YMAX":8516489.517664917},"geometry":{"type":"Polygon","coordinates":[[[-72.95350909365371,-13.411948279827598],[-72.9535167444995,-13.411044617383888],[-72.95443985323355,-13.411052105096791],[-72.95443220583296,-13.411955768063235],[-72.95350909365371,-13.411948279827598]]]}},{"type":"Feature","properties":{"Cell_ID":628,"Area_ha":1.0,"LC":"5:0.591931,9:0.408069","XMIN":721494.86160847,"YMIN":8516289.517664917,"XMAX":721594.86160847,"YMAX":8516389.517664917},"geometry":{"type":"Polygon","coordinates":[[[-72.95350144224469,-13.41285194220241],[-72.95350909365371,-13.411948279827598],[-72.95443220583296,-13.411955768063235],[-72.9544245578694,-13.412859430960792],[-72.95350144224469,-13.41285194220241]]]}},{"type":"Feature","properties":{"Cell_ID":629,"Area_ha":1.0,"LC":"5:0.396122,9:0.601939,13:0.001939","XMIN":721494.86160847,"YMIN":8516189.517664917,"XMAX":721594.86160847,"YMAX":8516289.517664917},"geometry":{"type":"Polygon","coordinates":[[[-72.95349379027239,-13.413755604508335],[-72.95350144224469,-13.41285194220241],[-72.9544245578694,-13.412859430960792],[-72.95441690934283,-13.413763093789456],[-72.95349379027239,-13.413755604508335]]]}},{"type":"Feature","properties":{"Cell_ID":630,"Area_ha":1.0,"LC":"5:0.778787,9:0.221213","XMIN":721494.86160847,"YMIN":8516089.517664917,"XMAX":721594.86160847,"YMAX":8516189.517664917},"geometry":{"type":"Polygon","coordinates":[[[-72.95348613773683,-13.41465926674536],[-72.95349379027239,-13.413755604508335],[-72.95441690934283,-13.413763093789456],[-72.95440926025321,-13.414666756549224],[-72.95348613773683,-13.41465926674536]]]}},{"type":"Feature","properties":{"Cell_ID":631,"Area_ha":1.0,"LC":"5:0.872504,9:0.127496","XMIN":721494.86160847,"YMIN":8515989.517664917,"XMAX":721594.86160847,"YMAX":8516089.517664917},"geometry":{"type":"Polygon","coordinates":[[[-72.953478484638,-13.415562928913479],[-72.95348613773683,-13.41465926674536],[-72.95440926025321,-13.414666756549224],[-72.9544016106006,-13.415570419240096],[-72.953478484638,-13.415562928913479]]]}},{"type":"Feature","properties":{"Cell_ID":632,"Area_ha":1.0,"LC":"5:0.329266,9:0.366130,13:0.304604","XMIN":721494.86160847,"YMIN":8515889.517664917,"XMAX":721594.86160847,"YMAX":8515989.517664917},"geometry":{"type":"Polygon","coordinates":[[[-72.95347083097587,-13.416466591012691],[-72.953478484638,-13.415562928913479],[-72.9544016106006,-13.415570419240096],[-72.95439396038496,-13.416474081862061],[-72.95347083097587,-13.416466591012691]]]}},{"type":"Feature","properties":{"Cell_ID":633,"Area_ha":1.0,"LC":"9:0.359809,13:0.640191","XMIN":721494.86160847,"YMIN":8515789.517664917,"XMAX":721594.86160847,"YMAX":8515889.517664917},"geometry":{"type":"Polygon","coordinates":[[[-72.95346317675046,-13.41737025304299],[-72.95347083097587,-13.416466591012691],[-72.95439396038496,-13.416474081862061],[-72.95438630960625,-13.417377744415116],[-72.95346317675046,-13.41737025304299]]]}},{"type":"Feature","properties":{"Cell_ID":634,"Area_ha":1.0,"LC":"9:0.513282,13:0.486718","XMIN":721494.86160847,"YMIN":8515689.517664917,"XMAX":721594.86160847,"YMAX":8515789.517664917},"geometry":{"type":"Polygon","coordinates":[[[-72.95345552196171,-13.418273915004372],[-72.95346317675046,-13.41737025304299],[-72.95438630960625,-13.417377744415116],[-72.9543786582645,-13.418281406899261],[-72.95345552196171,-13.418273915004372]]]}},{"type":"Feature","properties":{"Cell_ID":635,"Area_ha":1.0,"LC":"5:0.054596,9:0.418856,13:0.448487,16:0.078061","XMIN":721494.86160847,"YMIN":8515589.517664917,"XMAX":721594.86160847,"YMAX":8515689.517664917},"geometry":{"type":"Polygon","coordinates":[[[-72.95344786660968,-13.419177576896832],[-72.95345552196171,-13.418273915004372],[-72.9543786582645,-13.418281406899261],[-72.9543710063597,-13.419185069314489],[-72.95344786660968,-13.419177576896832]]]}},{"type":"Feature","properties":{"Cell_ID":636,"Area_ha":1.0,"LC":"5:0.408069,9:0.097144,13:0.494787","XMIN":721494.86160847,"YMIN":8515489.517664917,"XMAX":721594.86160847,"YMAX":8515589.517664917},"geometry":{"type":"Polygon","coordinates":[[[-72.9534402106943,-13.42008123872037],[-72.95344786660968,-13.419177576896832],[-72.9543710063597,-13.419185069314489],[-72.9543633538918,-13.420088731660792],[-72.9534402106943,-13.42008123872037]]]}},{"type":"Feature","properties":{"Cell_ID":637,"Area_ha":1.0,"LC":"5:0.214426,13:0.783444,16:0.002130","XMIN":721494.86160847,"YMIN":8515389.517664917,"XMAX":721594.86160847,"YMAX":8515489.517664917},"geometry":{"type":"Polygon","coordinates":[[[-72.95343255421558,-13.420984900474977],[-72.9534402106943,-13.42008123872037],[-72.9543633538918,-13.420088731660792],[-72.95435570086083,-13.420992393938171],[-72.95343255421558,-13.420984900474977]]]}},{"type":"Feature","properties":{"Cell_ID":638,"Area_ha":1.0,"LC":"5:0.223635,13:0.329838,16:0.446527","XMIN":721494.86160847,"YMIN":8515289.517664917,"XMAX":721594.86160847,"YMAX":8515389.517664917},"geometry":{"type":"Polygon","coordinates":[[[-72.95342489717352,-13.421888562160648],[-72.95343255421558,-13.420984900474977],[-72.95435570086083,-13.420992393938171],[-72.95434804726675,-13.421896056146622],[-72.95342489717352,-13.421888562160648]]]}},{"type":"Feature","properties":{"Cell_ID":639,"Area_ha":1.0,"LC":"16:0.835948","XMIN":721594.86160847,"YMIN":8518789.517664917,"XMAX":721694.86160847,"YMAX":8518889.517664917},"geometry":{"type":"Polygon","coordinates":[[[-72.9527695295179,-13.390252883116517],[-72.95277717028785,-13.389349219543625],[-72.95370019585005,-13.389356698079089],[-72.95369255851921,-13.39026036217486],[-72.9527695295179,-13.390252883116517]]]}},{"type":"Feature","properties":{"Cell_ID":640,"Area_ha":1.0,"LC":"16:1.000000","XMIN":721594.86160847,"YMIN":8518689.517664917,"XMAX":721694.86160847,"YMAX":8518789.517664917},"geometry":{"type":"Polygon","coordinates":[[[-72.95276188818467,-13.391156546620623],[-72.9527695295179,-13.390252883116517],[-72.95369255851921,-13.39026036217486],[-72.95368492062535,-13.39116402620185],[-72.95276188818467,-13.391156546620623]]]}},{"type":"Feature","properties":{"Cell_ID":641,"Area_ha":1.0,"LC":"13:0.678422,16:0.321578","XMIN":721594.86160847,"YMIN":8518589.517664917,"XMAX":721694.86160847,"YMAX":8518689.517664917},"geometry":{"type":"Polygon","coordinates":[[[-72.9527542462882,-13.392060210055927],[-72.95276188818467,-13.391156546620623],[-72.95368492062535,-13.39116402620185],[-72.95367728216848,-13.392067690160047],[-72.9527542462882,-13.392060210055927]]]}},{"type":"Feature","properties":{"Cell_ID":642,"Area_ha":1.0,"LC":"13:1.000000","XMIN":721594.86160847,"YMIN":8518489.517664917,"XMAX":721694.86160847,"YMAX":8518589.517664917},"geometry":{"type":"Polygon","coordinates":[[[-72.95274660382842,-13.39296387342244],[-72.9527542462882,-13.392060210055927],[-72.95367728216848,-13.392067690160047],[-72.95366964314859,-13.392971354049447],[-72.95274660382842,-13.39296387342244]]]}},{"type":"Feature","properties":{"Cell_ID":643,"Area_ha":1.0,"LC":"5:0.215947,13:0.784053","XMIN":721594.86160847,"YMIN":8518389.517664917,"XMAX":721694.86160847,"YMAX":8518489.517664917},"geometry":{"type":"Polygon","coordinates":[[[-72.95273896080536,-13.393867536720146],[-72.95274660382842,-13.39296387342244],[-72.95366964314859,-13.392971354049447],[-72.95366200356565,-13.393875017870052],[-72.95273896080536,-13.393867536720146]]]}},{"type":"Feature","properties":{"Cell_ID":644,"Area_ha":1.0,"LC":"5:0.689626,13:0.310374","XMIN":721594.86160847,"YMIN":8518289.517664917,"XMAX":721694.86160847,"YMAX":8518389.517664917},"geometry":{"type":"Polygon","coordinates":[[[-72.95273131721899,-13.394771199949043],[-72.95273896080536,-13.393867536720146],[-72.95366200356565,-13.393875017870052],[-72.95365436341967,-13.394778681621847],[-72.95273131721899,-13.394771199949043]]]}},{"type":"Feature","properties":{"Cell_ID":645,"Area_ha":1.0,"LC":"5:0.525939,13:0.474061","XMIN":721594.86160847,"YMIN":8518189.517664917,"XMAX":721694.86160847,"YMAX":8518289.517664917},"geometry":{"type":"Polygon","coordinates":[[[-72.95272367306933,-13.395674863109134],[-72.95273131721899,-13.394771199949043],[-72.95365436341967,-13.394778681621847],[-72.95364672271063,-13.395682345304841],[-72.95272367306933,-13.395674863109134]]]}},{"type":"Feature","properties":{"Cell_ID":646,"Area_ha":1.0,"LC":"5:0.607878,13:0.392122","XMIN":721594.86160847,"YMIN":8518089.517664917,"XMAX":721694.86160847,"YMAX":8518189.517664917},"geometry":{"type":"Polygon","coordinates":[[[-72.95271602835635,-13.396578526200404],[-72.95272367306933,-13.395674863109134],[-72.95364672271063,-13.395682345304841],[-72.95363908143851,-13.39658600891902],[-72.95271602835635,-13.396578526200404]]]}},{"type":"Feature","properties":{"Cell_ID":647,"Area_ha":1.0,"LC":"5:1.000000","XMIN":721594.86160847,"YMIN":8517989.517664917,"XMAX":721694.86160847,"YMAX":8518089.517664917},"geometry":{"type":"Polygon","coordinates":[[[-72.95270838308002,-13.397482189222853],[-72.95271602835635,-13.396578526200404],[-72.95363908143851,-13.39658600891902],[-72.95363143960334,-13.397489672464381],[-72.95270838308002,-13.397482189222853]]]}},{"type":"Feature","properties":{"Cell_ID":648,"Area_ha":1.0,"LC":"5:1.000000","XMIN":721594.86160847,"YMIN":8517889.517664917,"XMAX":721694.86160847,"YMAX":8517989.517664917},"geometry":{"type":"Polygon","coordinates":[[[-72.95270073724035,-13.398385852176482],[-72.95270838308002,-13.397482189222853],[-72.95363143960334,-13.397489672464381],[-72.95362379720507,-13.398393335940925],[-72.95270073724035,-13.398385852176482]]]}},{"type":"Feature","properties":{"Cell_ID":649,"Area_ha":1.0,"LC":"5:1.000000","XMIN":721594.86160847,"YMIN":8517789.517664917,"XMAX":721694.86160847,"YMAX":8517889.517664917},"geometry":{"type":"Polygon","coordinates":[[[-72.95269309083734,-13.399289515061282],[-72.95270073724035,-13.398385852176482],[-72.95362379720507,-13.398393335940925],[-72.9536161542437,-13.39929699934864],[-72.95269309083734,-13.399289515061282]]]}},{"type":"Feature","properties":{"Cell_ID":650,"Area_ha":1.0,"LC":"5:1.000000","XMIN":721594.86160847,"YMIN":8517689.517664917,"XMAX":721694.86160847,"YMAX":8517789.517664917},"geometry":{"type":"Polygon","coordinates":[[[-72.95268544387098,-13.400193177877249],[-72.95269309083734,-13.399289515061282],[-72.9536161542437,-13.39929699934864],[-72.95360851071923,-13.400200662687528],[-72.95268544387098,-13.400193177877249]]]}},{"type":"Feature","properties":{"Cell_ID":651,"Area_ha":1.0,"LC":"5:0.914252,13:0.085748","XMIN":721594.86160847,"YMIN":8517589.517664917,"XMAX":721694.86160847,"YMAX":8517689.517664917},"geometry":{"type":"Polygon","coordinates":[[[-72.95267779634123,-13.401096840624374],[-72.95268544387098,-13.400193177877249],[-72.95360851071923,-13.400200662687528],[-72.95360086663163,-13.401104325957581],[-72.95267779634123,-13.401096840624374]]]}},{"type":"Feature","properties":{"Cell_ID":652,"Area_ha":1.0,"LC":"5:0.290235,13:0.709765","XMIN":721594.86160847,"YMIN":8517489.517664917,"XMAX":721694.86160847,"YMAX":8517589.517664917},"geometry":{"type":"Polygon","coordinates":[[[-72.9526701482481,-13.402000503302661],[-72.95267779634123,-13.401096840624374],[-72.95360086663163,-13.401104325957581],[-72.95359322198091,-13.402007989158797],[-72.9526701482481,-13.402000503302661]]]}},{"type":"Feature","properties":{"Cell_ID":653,"Area_ha":1.0,"LC":"13:1.000000","XMIN":721594.86160847,"YMIN":8517389.517664917,"XMAX":721694.86160847,"YMAX":8517489.517664917},"geometry":{"type":"Polygon","coordinates":[[[-72.95266249959158,-13.4029041659121],[-72.9526701482481,-13.402000503302661],[-72.95359322198091,-13.402007989158797],[-72.95358557676705,-13.40291165229117],[-72.95266249959158,-13.4029041659121]]]}},{"type":"Feature","properties":{"Cell_ID":654,"Area_ha":1.0,"LC":"13:1.000000","XMIN":721594.86160847,"YMIN":8517289.517664917,"XMAX":721694.86160847,"YMAX":8517389.517664917},"geometry":{"type":"Polygon","coordinates":[[[-72.95265485037166,-13.403807828452692],[-72.95266249959158,-13.4029041659121],[-72.95358557676705,-13.40291165229117],[-72.95357793099005,-13.403815315354697],[-72.95265485037166,-13.403807828452692]]]}},{"type":"Feature","properties":{"Cell_ID":655,"Area_ha":1.0,"LC":"13:1.000000","XMIN":721594.86160847,"YMIN":8517189.517664917,"XMAX":721694.86160847,"YMAX":8517289.517664917},"geometry":{"type":"Polygon","coordinates":[[[-72.95264720058833,-13.404711490924425],[-72.95265485037166,-13.403807828452692],[-72.95357793099005,-13.403815315354697],[-72.95357028464989,-13.40471897834937],[-72.95264720058833,-13.404711490924425]]]}},{"type":"Feature","properties":{"Cell_ID":656,"Area_ha":1.0,"LC":"13:1.000000","XMIN":721594.86160847,"YMIN":8517089.517664917,"XMAX":721694.86160847,"YMAX":8517189.517664917},"geometry":{"type":"Polygon","coordinates":[[[-72.95263955024159,-13.405615153327297],[-72.95264720058833,-13.404711490924425],[-72.95357028464989,-13.40471897834937],[-72.95356263774656,-13.405622641275189],[-72.95263955024159,-13.405615153327297]]]}},{"type":"Feature","properties":{"Cell_ID":657,"Area_ha":1.0,"LC":"13:1.000000","XMIN":721594.86160847,"YMIN":8516989.517664917,"XMAX":721694.86160847,"YMAX":8517089.517664917},"geometry":{"type":"Polygon","coordinates":[[[-72.95263189933141,-13.406518815661306],[-72.95263955024159,-13.405615153327297],[-72.95356263774656,-13.405622641275189],[-72.95355499028005,-13.406526304132148],[-72.95263189933141,-13.406518815661306]]]}},{"type":"Feature","properties":{"Cell_ID":658,"Area_ha":1.0,"LC":"9:0.047878,13:0.952122","XMIN":721594.86160847,"YMIN":8516889.517664917,"XMAX":721694.86160847,"YMAX":8516989.517664917},"geometry":{"type":"Polygon","coordinates":[[[-72.95262424785778,-13.40742247792645],[-72.95263189933141,-13.406518815661306],[-72.95355499028005,-13.406526304132148],[-72.95354734225035,-13.407429966920244],[-72.95262424785778,-13.40742247792645]]]}},{"type":"Feature","properties":{"Cell_ID":659,"Area_ha":1.0,"LC":"9:0.223444,13:0.776556","XMIN":721594.86160847,"YMIN":8516789.517664917,"XMAX":721694.86160847,"YMAX":8516889.517664917},"geometry":{"type":"Polygon","coordinates":[[[-72.95261659582071,-13.40832614012272],[-72.95262424785778,-13.40742247792645],[-72.95354734225035,-13.407429966920244],[-72.95353969365746,-13.40833362963947],[-72.95261659582071,-13.40832614012272]]]}},{"type":"Feature","properties":{"Cell_ID":660,"Area_ha":1.0,"LC":"5:0.343635,9:0.619396,13:0.036969","XMIN":721594.86160847,"YMIN":8516689.517664917,"XMAX":721694.86160847,"YMAX":8516789.517664917},"geometry":{"type":"Polygon","coordinates":[[[-72.95260894322018,-13.409229802250112],[-72.95261659582071,-13.40832614012272],[-72.95353969365746,-13.40833362963947],[-72.95353204450137,-13.40923729228982],[-72.95260894322018,-13.409229802250112]]]}},{"type":"Feature","properties":{"Cell_ID":661,"Area_ha":1.0,"LC":"5:0.615566,9:0.379587,13:0.004847","XMIN":721594.86160847,"YMIN":8516589.517664917,"XMAX":721694.86160847,"YMAX":8516689.517664917},"geometry":{"type":"Polygon","coordinates":[[[-72.95260129005618,-13.410133464308627],[-72.95260894322018,-13.409229802250112],[-72.95353204450137,-13.40923729228982],[-72.95352439478205,-13.410140954871297],[-72.95260129005618,-13.410133464308627]]]}},{"type":"Feature","properties":{"Cell_ID":662,"Area_ha":1.0,"LC":"5:0.693648,9:0.183635,13:0.122717","XMIN":721594.86160847,"YMIN":8516489.517664917,"XMAX":721694.86160847,"YMAX":8516589.517664917},"geometry":{"type":"Polygon","coordinates":[[[-72.95259363632869,-13.411037126298252],[-72.95260129005618,-13.410133464308627],[-72.95352439478205,-13.410140954871297],[-72.9535167444995,-13.411044617383888],[-72.95259363632869,-13.411037126298252]]]}},{"type":"Feature","properties":{"Cell_ID":663,"Area_ha":1.0,"LC":"5:0.303635,9:0.378304,13:0.318061","XMIN":721594.86160847,"YMIN":8516389.517664917,"XMAX":721694.86160847,"YMAX":8516489.517664917},"geometry":{"type":"Polygon","coordinates":[[[-72.9525859820377,-13.41194078821899],[-72.95259363632869,-13.411037126298252],[-72.9535167444995,-13.411044617383888],[-72.95350909365371,-13.411948279827598],[-72.9525859820377,-13.41194078821899]]]}},{"type":"Feature","properties":{"Cell_ID":664,"Area_ha":1.0,"LC":"5:0.760609,9:0.239391","XMIN":721594.86160847,"YMIN":8516289.517664917,"XMAX":721694.86160847,"YMAX":8516389.517664917},"geometry":{"type":"Polygon","coordinates":[[[-72.95257832718323,-13.412844450070828],[-72.9525859820377,-13.41194078821899],[-72.95350909365371,-13.411948279827598],[-72.95350144224469,-13.41285194220241],[-72.95257832718323,-13.412844450070828]]]}},{"type":"Feature","properties":{"Cell_ID":665,"Area_ha":1.0,"LC":"5:0.039031,9:0.617144,13:0.343826","XMIN":721594.86160847,"YMIN":8516189.517664917,"XMAX":721694.86160847,"YMAX":8516289.517664917},"geometry":{"type":"Polygon","coordinates":[[[-72.95257067176523,-13.413748111853774],[-72.95257832718323,-13.412844450070828],[-72.95350144224469,-13.41285194220241],[-72.95349379027239,-13.413755604508335],[-72.95257067176523,-13.413748111853774]]]}},{"type":"Feature","properties":{"Cell_ID":666,"Area_ha":1.0,"LC":"5:0.007878,9:0.395153,13:0.596969","XMIN":721594.86160847,"YMIN":8516089.517664917,"XMAX":721694.86160847,"YMAX":8516189.517664917},"geometry":{"type":"Polygon","coordinates":[[[-72.95256301578372,-13.414651773567813],[-72.95257067176523,-13.413748111853774],[-72.95349379027239,-13.413755604508335],[-72.95348613773683,-13.41465926674536],[-72.95256301578372,-13.414651773567813]]]}},{"type":"Feature","properties":{"Cell_ID":667,"Area_ha":1.0,"LC":"5:0.589383,9:0.301526,13:0.109091","XMIN":721594.86160847,"YMIN":8515989.517664917,"XMAX":721694.86160847,"YMAX":8516089.517664917},"geometry":{"type":"Polygon","coordinates":[[[-72.95255535923869,-13.41555543521295],[-72.95256301578372,-13.414651773567813],[-72.95348613773683,-13.41465926674536],[-72.953478484638,-13.415562928913479],[-72.95255535923869,-13.41555543521295]]]}},{"type":"Feature","properties":{"Cell_ID":668,"Area_ha":1.0,"LC":"5:0.159830,9:0.124779,13:0.715391","XMIN":721594.86160847,"YMIN":8515889.517664917,"XMAX":721694.86160847,"YMAX":8515989.517664917},"geometry":{"type":"Polygon","coordinates":[[[-72.95254770213009,-13.416459096789172],[-72.95255535923869,-13.41555543521295],[-72.953478484638,-13.415562928913479],[-72.95347083097587,-13.416466591012691],[-72.95254770213009,-13.416459096789172]]]}},{"type":"Feature","properties":{"Cell_ID":669,"Area_ha":1.0,"LC":"9:0.307465,13:0.692535","XMIN":721594.86160847,"YMIN":8515789.517664917,"XMAX":721694.86160847,"YMAX":8515889.517664917},"geometry":{"type":"Polygon","coordinates":[[[-72.95254004445796,-13.417362758296475],[-72.95254770213009,-13.416459096789172],[-72.95347083097587,-13.416466591012691],[-72.95346317675046,-13.41737025304299],[-72.95254004445796,-13.417362758296475]]]}},{"type":"Feature","properties":{"Cell_ID":670,"Area_ha":1.0,"LC":"9:0.237092,13:0.762908","XMIN":721594.86160847,"YMIN":8515689.517664917,"XMAX":721694.86160847,"YMAX":8515789.517664917},"geometry":{"type":"Polygon","coordinates":[[[-72.95253238622225,-13.418266419734861],[-72.95254004445796,-13.417362758296475],[-72.95346317675046,-13.41737025304299],[-72.95345552196171,-13.418273915004372],[-72.95253238622225,-13.418266419734861]]]}},{"type":"Feature","properties":{"Cell_ID":671,"Area_ha":1.0,"LC":"5:0.001939,9:0.459566,13:0.538495","XMIN":721594.86160847,"YMIN":8515589.517664917,"XMAX":721694.86160847,"YMAX":8515689.517664917},"geometry":{"type":"Polygon","coordinates":[[[-72.95252472742298,-13.419170081104323],[-72.95253238622225,-13.418266419734861],[-72.95345552196171,-13.418273915004372],[-72.95344786660968,-13.419177576896832],[-72.95252472742298,-13.419170081104323]]]}},{"type":"Feature","properties":{"Cell_ID":672,"Area_ha":1.0,"LC":"5:0.141505,9:0.095587,13:0.762908","XMIN":721594.86160847,"YMIN":8515489.517664917,"XMAX":721694.86160847,"YMAX":8515589.517664917},"geometry":{"type":"Polygon","coordinates":[[[-72.95251706806012,-13.420073742404854],[-72.95252472742298,-13.419170081104323],[-72.95344786660968,-13.419177576896832],[-72.9534402106943,-13.42008123872037],[-72.95251706806012,-13.420073742404854]]]}},{"type":"Feature","properties":{"Cell_ID":673,"Area_ha":1.0,"LC":"16:0.719681","XMIN":721694.86160847,"YMIN":8518789.517664917,"XMAX":721794.86160847,"YMAX":8518889.517664917},"geometry":{"type":"Polygon","coordinates":[[[-72.95184650107984,-13.39024540069086],[-72.95185414528889,-13.389341737641086],[-72.95277717028785,-13.389349219543625],[-72.9527695295179,-13.390252883116517],[-72.95184650107984,-13.39024540069086]]]}},{"type":"Feature","properties":{"Cell_ID":674,"Area_ha":1.0,"LC":"5:0.001160,16:0.998840","XMIN":721694.86160847,"YMIN":8518689.517664917,"XMAX":721794.86160847,"YMAX":8518789.517664917},"geometry":{"type":"Polygon","coordinates":[[[-72.95183885630728,-13.391149063671843],[-72.95184650107984,-13.39024540069086],[-72.9527695295179,-13.390252883116517],[-72.95276188818467,-13.391156546620623],[-72.95183885630728,-13.391149063671843]]]}},{"type":"Feature","properties":{"Cell_ID":675,"Area_ha":1.0,"LC":"5:0.002717,13:0.516483,16:0.480800","XMIN":721694.86160847,"YMIN":8518589.517664917,"XMAX":721794.86160847,"YMAX":8518689.517664917},"geometry":{"type":"Polygon","coordinates":[[[-72.95183121097116,-13.39205272658403],[-72.95183885630728,-13.391149063671843],[-72.95276188818467,-13.391156546620623],[-72.9527542462882,-13.392060210055927],[-72.95183121097116,-13.39205272658403]]]}},{"type":"Feature","properties":{"Cell_ID":676,"Area_ha":1.0,"LC":"13:1.000000","XMIN":721694.86160847,"YMIN":8518489.517664917,"XMAX":721794.86160847,"YMAX":8518589.517664917},"geometry":{"type":"Polygon","coordinates":[[[-72.95182356507154,-13.392956389427411],[-72.95183121097116,-13.39205272658403],[-72.9527542462882,-13.392060210055927],[-72.95274660382842,-13.39296387342244],[-72.95182356507154,-13.392956389427411]]]}},{"type":"Feature","properties":{"Cell_ID":677,"Area_ha":1.0,"LC":"5:0.185574,13:0.814426","XMIN":721694.86160847,"YMIN":8518389.517664917,"XMAX":721794.86160847,"YMAX":8518489.517664917},"geometry":{"type":"Polygon","coordinates":[[[-72.95181591860838,-13.393860052201985],[-72.95182356507154,-13.392956389427411],[-72.95274660382842,-13.39296387342244],[-72.95273896080536,-13.393867536720146],[-72.95181591860838,-13.393860052201985]]]}},{"type":"Feature","properties":{"Cell_ID":678,"Area_ha":1.0,"LC":"5:0.520000,13:0.480000","XMIN":721694.86160847,"YMIN":8518289.517664917,"XMAX":721794.86160847,"YMAX":8518389.517664917},"geometry":{"type":"Polygon","coordinates":[[[-72.95180827158165,-13.394763714907748],[-72.95181591860838,-13.393860052201985],[-72.95273896080536,-13.393867536720146],[-72.95273131721899,-13.394771199949043],[-72.95180827158165,-13.394763714907748]]]}},{"type":"Feature","properties":{"Cell_ID":679,"Area_ha":1.0,"LC":"5:0.607687,13:0.392313","XMIN":721694.86160847,"YMIN":8518189.517664917,"XMAX":721794.86160847,"YMAX":8518289.517664917},"geometry":{"type":"Polygon","coordinates":[[[-72.95180062399136,-13.3956673775447],[-72.95180827158165,-13.394763714907748],[-72.95273131721899,-13.394771199949043],[-72.95272367306933,-13.395674863109134],[-72.95180062399136,-13.3956673775447]]]}},{"type":"Feature","properties":{"Cell_ID":680,"Area_ha":1.0,"LC":"5:0.967100,13:0.032900","XMIN":721694.86160847,"YMIN":8518089.517664917,"XMAX":721794.86160847,"YMAX":8518189.517664917},"geometry":{"type":"Polygon","coordinates":[[[-72.95179297583749,-13.396571040112832],[-72.95180062399136,-13.3956673775447],[-72.95272367306933,-13.395674863109134],[-72.95271602835635,-13.396578526200404],[-72.95179297583749,-13.396571040112832]]]}},{"type":"Feature","properties":{"Cell_ID":681,"Area_ha":1.0,"LC":"5:1.000000","XMIN":721694.86160847,"YMIN":8517989.517664917,"XMAX":721794.86160847,"YMAX":8518089.517664917},"geometry":{"type":"Polygon","coordinates":[[[-72.95178532712004,-13.397474702612136],[-72.95179297583749,-13.396571040112832],[-72.95271602835635,-13.396578526200404],[-72.95270838308002,-13.397482189222853],[-72.95178532712004,-13.397474702612136]]]}},{"type":"Feature","properties":{"Cell_ID":682,"Area_ha":1.0,"LC":"5:1.000000","XMIN":721694.86160847,"YMIN":8517889.517664917,"XMAX":721794.86160847,"YMAX":8517989.517664917},"geometry":{"type":"Polygon","coordinates":[[[-72.95177767783899,-13.398378365042614],[-72.95178532712004,-13.397474702612136],[-72.95270838308002,-13.397482189222853],[-72.95270073724035,-13.398385852176482],[-72.95177767783899,-13.398378365042614]]]}},{"type":"Feature","properties":{"Cell_ID":683,"Area_ha":1.0,"LC":"5:1.000000","XMIN":721694.86160847,"YMIN":8517789.517664917,"XMAX":721794.86160847,"YMAX":8517889.517664917},"geometry":{"type":"Polygon","coordinates":[[[-72.95177002799436,-13.399282027404258],[-72.95177767783899,-13.398378365042614],[-72.95270073724035,-13.398385852176482],[-72.95269309083734,-13.399289515061282],[-72.95177002799436,-13.399282027404258]]]}},{"type":"Feature","properties":{"Cell_ID":684,"Area_ha":1.0,"LC":"5:1.000000","XMIN":721694.86160847,"YMIN":8517689.517664917,"XMAX":721794.86160847,"YMAX":8517789.517664917},"geometry":{"type":"Polygon","coordinates":[[[-72.95176237758609,-13.400185689697064],[-72.95177002799436,-13.399282027404258],[-72.95269309083734,-13.399289515061282],[-72.95268544387098,-13.400193177877249],[-72.95176237758609,-13.400185689697064]]]}},{"type":"Feature","properties":{"Cell_ID":685,"Area_ha":1.0,"LC":"5:1.000000","XMIN":721694.86160847,"YMIN":8517589.517664917,"XMAX":721794.86160847,"YMAX":8517689.517664917},"geometry":{"type":"Polygon","coordinates":[[[-72.9517547266142,-13.401089351921032],[-72.95176237758609,-13.400185689697064],[-72.95268544387098,-13.400193177877249],[-72.95267779634123,-13.401096840624374],[-72.9517547266142,-13.401089351921032]]]}},{"type":"Feature","properties":{"Cell_ID":686,"Area_ha":1.0,"LC":"5:0.723708,13:0.276292","XMIN":721694.86160847,"YMIN":8517489.517664917,"XMAX":721794.86160847,"YMAX":8517589.517664917},"geometry":{"type":"Polygon","coordinates":[[[-72.95174707507867,-13.401993014076153],[-72.9517547266142,-13.401089351921032],[-72.95267779634123,-13.401096840624374],[-72.9526701482481,-13.402000503302661],[-72.95174707507867,-13.401993014076153]]]}},{"type":"Feature","properties":{"Cell_ID":687,"Area_ha":1.0,"LC":"5:0.000779,13:0.999221","XMIN":721694.86160847,"YMIN":8517389.517664917,"XMAX":721794.86160847,"YMAX":8517489.517664917},"geometry":{"type":"Polygon","coordinates":[[[-72.95173942297953,-13.402896676162424],[-72.95174707507867,-13.401993014076153],[-72.9526701482481,-13.402000503302661],[-72.95266249959158,-13.4029041659121],[-72.95173942297953,-13.402896676162424]]]}},{"type":"Feature","properties":{"Cell_ID":688,"Area_ha":1.0,"LC":"13:1.000000","XMIN":721694.86160847,"YMIN":8517289.517664917,"XMAX":721794.86160847,"YMAX":8517389.517664917},"geometry":{"type":"Polygon","coordinates":[[[-72.9517317703167,-13.403800338179842],[-72.95173942297953,-13.402896676162424],[-72.95266249959158,-13.4029041659121],[-72.95265485037166,-13.403807828452692],[-72.9517317703167,-13.403800338179842]]]}},{"type":"Feature","properties":{"Cell_ID":689,"Area_ha":1.0,"LC":"13:1.000000","XMIN":721694.86160847,"YMIN":8517189.517664917,"XMAX":721794.86160847,"YMAX":8517289.517664917},"geometry":{"type":"Polygon","coordinates":[[[-72.95172411709021,-13.4047040001284],[-72.9517317703167,-13.403800338179842],[-72.95265485037166,-13.403807828452692],[-72.95264720058833,-13.404711490924425],[-72.95172411709021,-13.4047040001284]]]}},{"type":"Feature","properties":{"Cell_ID":690,"Area_ha":1.0,"LC":"13:1.000000","XMIN":721694.86160847,"YMIN":8517089.517664917,"XMAX":721794.86160847,"YMAX":8517189.517664917},"geometry":{"type":"Polygon","coordinates":[[[-72.95171646330004,-13.40560766200809],[-72.95172411709021,-13.4047040001284],[-72.95264720058833,-13.404711490924425],[-72.95263955024159,-13.405615153327297],[-72.95171646330004,-13.40560766200809]]]}},{"type":"Feature","properties":{"Cell_ID":691,"Area_ha":1.0,"LC":"13:1.000000","XMIN":721694.86160847,"YMIN":8516989.517664917,"XMAX":721794.86160847,"YMAX":8517089.517664917},"geometry":{"type":"Polygon","coordinates":[[[-72.95170880894621,-13.406511323818917],[-72.95171646330004,-13.40560766200809],[-72.95263955024159,-13.405615153327297],[-72.95263189933141,-13.406518815661306],[-72.95170880894621,-13.406511323818917]]]}},{"type":"Feature","properties":{"Cell_ID":692,"Area_ha":1.0,"LC":"13:1.000000","XMIN":721694.86160847,"YMIN":8516889.517664917,"XMAX":721794.86160847,"YMAX":8516989.517664917},"geometry":{"type":"Polygon","coordinates":[[[-72.95170115402867,-13.407414985560875],[-72.95170880894621,-13.406511323818917],[-72.95263189933141,-13.406518815661306],[-72.95262424785778,-13.40742247792645],[-72.95170115402867,-13.407414985560875]]]}},{"type":"Feature","properties":{"Cell_ID":693,"Area_ha":1.0,"LC":"13:1.000000","XMIN":721694.86160847,"YMIN":8516789.517664917,"XMAX":721794.86160847,"YMAX":8516889.517664917},"geometry":{"type":"Polygon","coordinates":[[[-72.95169349854743,-13.408318647233951],[-72.95170115402867,-13.407414985560875],[-72.95262424785778,-13.40742247792645],[-72.95261659582071,-13.40832614012272],[-72.95169349854743,-13.408318647233951]]]}},{"type":"Feature","properties":{"Cell_ID":694,"Area_ha":1.0,"LC":"5:0.089039,13:0.910961","XMIN":721694.86160847,"YMIN":8516689.517664917,"XMAX":721794.86160847,"YMAX":8516789.517664917},"geometry":{"type":"Polygon","coordinates":[[[-72.95168584250247,-13.409222308838151],[-72.95169349854743,-13.408318647233951],[-72.95261659582071,-13.40832614012272],[-72.95260894322018,-13.409229802250112],[-72.95168584250247,-13.409222308838151]]]}},{"type":"Feature","properties":{"Cell_ID":695,"Area_ha":1.0,"LC":"5:0.204847,13:0.795153","XMIN":721694.86160847,"YMIN":8516589.517664917,"XMAX":721794.86160847,"YMAX":8516689.517664917},"geometry":{"type":"Polygon","coordinates":[[[-72.95167818589378,-13.410125970373464],[-72.95168584250247,-13.409222308838151],[-72.95260894322018,-13.409229802250112],[-72.95260129005618,-13.410133464308627],[-72.95167818589378,-13.410125970373464]]]}},{"type":"Feature","properties":{"Cell_ID":696,"Area_ha":1.0,"LC":"5:0.292726,9:0.007687,13:0.699587","XMIN":721694.86160847,"YMIN":8516489.517664917,"XMAX":721794.86160847,"YMAX":8516589.517664917},"geometry":{"type":"Polygon","coordinates":[[[-72.95167052872137,-13.411029631839886],[-72.95167818589378,-13.410125970373464],[-72.95260129005618,-13.410133464308627],[-72.95259363632869,-13.411037126298252],[-72.95167052872137,-13.411029631839886]]]}},{"type":"Feature","properties":{"Cell_ID":697,"Area_ha":1.0,"LC":"5:0.459252,9:0.476504,13:0.064244","XMIN":721694.86160847,"YMIN":8516389.517664917,"XMAX":721794.86160847,"YMAX":8516489.517664917},"geometry":{"type":"Polygon","coordinates":[[[-72.9516628709852,-13.411933293237418],[-72.95167052872137,-13.411029631839886],[-72.95259363632869,-13.411037126298252],[-72.9525859820377,-13.41194078821899],[-72.9516628709852,-13.411933293237418]]]}},{"type":"Feature","properties":{"Cell_ID":698,"Area_ha":1.0,"LC":"5:0.854808,9:0.145192","XMIN":721694.86160847,"YMIN":8516289.517664917,"XMAX":721794.86160847,"YMAX":8516389.517664917},"geometry":{"type":"Polygon","coordinates":[[[-72.9516552126853,-13.41283695456605],[-72.9516628709852,-13.411933293237418],[-72.9525859820377,-13.41194078821899],[-72.95257832718323,-13.412844450070828],[-72.9516552126853,-13.41283695456605]]]}},{"type":"Feature","properties":{"Cell_ID":699,"Area_ha":1.0,"LC":"5:0.276778,9:0.365770,13:0.357452","XMIN":721694.86160847,"YMIN":8516189.517664917,"XMAX":721794.86160847,"YMAX":8516289.517664917},"geometry":{"type":"Polygon","coordinates":[[[-72.9516475538216,-13.413740615825779],[-72.9516552126853,-13.41283695456605],[-72.95257832718323,-13.412844450070828],[-72.95257067176523,-13.413748111853774],[-72.9516475538216,-13.413740615825779]]]}},{"type":"Feature","properties":{"Cell_ID":700,"Area_ha":1.0,"LC":"13:1.000000","XMIN":721694.86160847,"YMIN":8516089.517664917,"XMAX":721794.86160847,"YMAX":8516189.517664917},"geometry":{"type":"Polygon","coordinates":[[[-72.95163989439415,-13.414644277016603],[-72.9516475538216,-13.413740615825779],[-72.95257067176523,-13.413748111853774],[-72.95256301578372,-13.414651773567813],[-72.95163989439415,-13.414644277016603]]]}},{"type":"Feature","properties":{"Cell_ID":701,"Area_ha":1.0,"LC":"13:1.000000","XMIN":721694.86160847,"YMIN":8515989.517664917,"XMAX":721794.86160847,"YMAX":8516089.517664917},"geometry":{"type":"Polygon","coordinates":[[[-72.95163223440291,-13.415547938138516],[-72.95163989439415,-13.414644277016603],[-72.95256301578372,-13.414651773567813],[-72.95255535923869,-13.41555543521295],[-72.95163223440291,-13.415547938138516]]]}},{"type":"Feature","properties":{"Cell_ID":702,"Area_ha":1.0,"LC":"5:0.002130,13:0.997870","XMIN":721694.86160847,"YMIN":8515889.517664917,"XMAX":721794.86160847,"YMAX":8515989.517664917},"geometry":{"type":"Polygon","coordinates":[[[-72.95162457384787,-13.416451599191515],[-72.95163223440291,-13.415547938138516],[-72.95255535923869,-13.41555543521295],[-72.95254770213009,-13.416459096789172],[-72.95162457384787,-13.416451599191515]]]}},{"type":"Feature","properties":{"Cell_ID":703,"Area_ha":1.0,"LC":"5:0.000779,13:0.999221","XMIN":721694.86160847,"YMIN":8515789.517664917,"XMAX":721794.86160847,"YMAX":8515889.517664917},"geometry":{"type":"Polygon","coordinates":[[[-72.95161691272901,-13.417355260175588],[-72.95162457384787,-13.416451599191515],[-72.95254770213009,-13.416459096789172],[-72.95254004445796,-13.417362758296475],[-72.95161691272901,-13.417355260175588]]]}},{"type":"Feature","properties":{"Cell_ID":704,"Area_ha":1.0,"LC":"5:0.263635,13:0.736365","XMIN":721694.86160847,"YMIN":8515689.517664917,"XMAX":721794.86160847,"YMAX":8515789.517664917},"geometry":{"type":"Polygon","coordinates":[[[-72.95160925104636,-13.418258921090741],[-72.95161691272901,-13.417355260175588],[-72.95254004445796,-13.417362758296475],[-72.95253238622225,-13.418266419734861],[-72.95160925104636,-13.418258921090741]]]}},{"type":"Feature","properties":{"Cell_ID":705,"Area_ha":1.0,"LC":"5:0.767878,13:0.232122","XMIN":721694.86160847,"YMIN":8515589.517664917,"XMAX":721794.86160847,"YMAX":8515689.517664917},"geometry":{"type":"Polygon","coordinates":[[[-72.95160158879987,-13.419162581936968],[-72.95160925104636,-13.418258921090741],[-72.95253238622225,-13.418266419734861],[-72.95252472742298,-13.419170081104323],[-72.95160158879987,-13.419162581936968]]]}},{"type":"Feature","properties":{"Cell_ID":706,"Area_ha":1.0,"LC":"5:0.488487,9:0.001160,13:0.510352","XMIN":721694.86160847,"YMIN":8515489.517664917,"XMAX":721794.86160847,"YMAX":8515589.517664917},"geometry":{"type":"Polygon","coordinates":[[[-72.95159392598956,-13.420066242714258],[-72.95160158879987,-13.419162581936968],[-72.95252472742298,-13.419170081104323],[-72.95251706806012,-13.420073742404854],[-72.95159392598956,-13.420066242714258]]]}},{"type":"Feature","properties":{"Cell_ID":707,"Area_ha":1.0,"LC":"16:0.862460","XMIN":721794.86160847,"YMIN":8518789.517664917,"XMAX":721894.86160847,"YMAX":8518889.517664917},"geometry":{"type":"Polygon","coordinates":[[[-72.95092347320531,-13.3902379148979],[-72.95093112085345,-13.389334252371476],[-72.95185414528889,-13.389341737641086],[-72.95184650107984,-13.39024540069086],[-72.95092347320531,-13.3902379148979]]]}},{"type":"Feature","properties":{"Cell_ID":708,"Area_ha":1.0,"LC":"5:0.094596,16:0.905404","XMIN":721794.86160847,"YMIN":8518689.517664917,"XMAX":721894.86160847,"YMAX":8518789.517664917},"geometry":{"type":"Polygon","coordinates":[[[-72.95091582499339,-13.39114157735553],[-72.95092347320531,-13.3902379148979],[-72.95184650107984,-13.39024540069086],[-72.95183885630728,-13.391149063671843],[-72.95091582499339,-13.39114157735553]]]}},{"type":"Feature","properties":{"Cell_ID":709,"Area_ha":1.0,"LC":"5:0.424434,13:0.007687,16:0.567878","XMIN":721794.86160847,"YMIN":8518589.517664917,"XMAX":721894.86160847,"YMAX":8518689.517664917},"geometry":{"type":"Polygon","coordinates":[[[-72.9509081762177,-13.392045239744354],[-72.95091582499339,-13.39114157735553],[-72.95183885630728,-13.391149063671843],[-72.95183121097116,-13.39205272658403],[-72.9509081762177,-13.392045239744354]]]}},{"type":"Feature","properties":{"Cell_ID":710,"Area_ha":1.0,"LC":"13:0.708795,16:0.291205","XMIN":721794.86160847,"YMIN":8518489.517664917,"XMAX":721894.86160847,"YMAX":8518589.517664917},"geometry":{"type":"Polygon","coordinates":[[[-72.95090052687821,-13.392948902064376],[-72.9509081762177,-13.392045239744354],[-72.95183121097116,-13.39205272658403],[-72.95182356507154,-13.392956389427411],[-72.95090052687821,-13.392948902064376]]]}},{"type":"Feature","properties":{"Cell_ID":711,"Area_ha":1.0,"LC":"5:0.439391,13:0.560609","XMIN":721794.86160847,"YMIN":8518389.517664917,"XMAX":721894.86160847,"YMAX":8518489.517664917},"geometry":{"type":"Polygon","coordinates":[[[-72.95089287697495,-13.393852564315582],[-72.95090052687821,-13.392948902064376],[-72.95182356507154,-13.392956389427411],[-72.95181591860838,-13.393860052201985],[-72.95089287697495,-13.393852564315582]]]}},{"type":"Feature","properties":{"Cell_ID":712,"Area_ha":1.0,"LC":"5:0.570426,9:0.176917,13:0.252657","XMIN":721794.86160847,"YMIN":8518289.517664917,"XMAX":721894.86160847,"YMAX":8518389.517664917},"geometry":{"type":"Polygon","coordinates":[[[-72.95088522650786,-13.394756226497977],[-72.95089287697495,-13.393852564315582],[-72.95181591860838,-13.393860052201985],[-72.95180827158165,-13.394763714907748],[-72.95088522650786,-13.394756226497977]]]}},{"type":"Feature","properties":{"Cell_ID":713,"Area_ha":1.0,"LC":"5:0.457886,9:0.146961,13:0.395153","XMIN":721794.86160847,"YMIN":8518189.517664917,"XMAX":721894.86160847,"YMAX":8518289.517664917},"geometry":{"type":"Polygon","coordinates":[[[-72.95087757547695,-13.395659888611554],[-72.95088522650786,-13.394756226497977],[-72.95180827158165,-13.394763714907748],[-72.95180062399136,-13.3956673775447],[-72.95087757547695,-13.395659888611554]]]}},{"type":"Feature","properties":{"Cell_ID":714,"Area_ha":1.0,"LC":"5:0.936535,13:0.063465","XMIN":721794.86160847,"YMIN":8518089.517664917,"XMAX":721894.86160847,"YMAX":8518189.517664917},"geometry":{"type":"Polygon","coordinates":[[[-72.95086992388222,-13.396563550656305],[-72.95087757547695,-13.395659888611554],[-72.95180062399136,-13.3956673775447],[-72.95179297583749,-13.396571040112832],[-72.95086992388222,-13.396563550656305]]]}},{"type":"Feature","properties":{"Cell_ID":715,"Area_ha":1.0,"LC":"5:1.000000","XMIN":721794.86160847,"YMIN":8517989.517664917,"XMAX":721894.86160847,"YMAX":8518089.517664917},"geometry":{"type":"Polygon","coordinates":[[[-72.95086227172365,-13.397467212632229],[-72.95086992388222,-13.396563550656305],[-72.95179297583749,-13.396571040112832],[-72.95178532712004,-13.397474702612136],[-72.95086227172365,-13.397467212632229]]]}},{"type":"Feature","properties":{"Cell_ID":716,"Area_ha":1.0,"LC":"5:1.000000","XMIN":721794.86160847,"YMIN":8517889.517664917,"XMAX":721894.86160847,"YMAX":8517989.517664917},"geometry":{"type":"Polygon","coordinates":[[[-72.95085461900123,-13.398370874539319],[-72.95086227172365,-13.397467212632229],[-72.95178532712004,-13.397474702612136],[-72.95177767783899,-13.398378365042614],[-72.95085461900123,-13.398370874539319]]]}},{"type":"Feature","properties":{"Cell_ID":717,"Area_ha":1.0,"LC":"5:1.000000","XMIN":721794.86160847,"YMIN":8517789.517664917,"XMAX":721894.86160847,"YMAX":8517889.517664917},"geometry":{"type":"Polygon","coordinates":[[[-72.95084696571497,-13.399274536377579],[-72.95085461900123,-13.398370874539319],[-72.95177767783899,-13.398378365042614],[-72.95177002799436,-13.399282027404258],[-72.95084696571497,-13.399274536377579]]]}},{"type":"Feature","properties":{"Cell_ID":718,"Area_ha":1.0,"LC":"5:1.000000","XMIN":721794.86160847,"YMIN":8517689.517664917,"XMAX":721894.86160847,"YMAX":8517789.517664917},"geometry":{"type":"Polygon","coordinates":[[[-72.95083931186484,-13.400178198146993],[-72.95084696571497,-13.399274536377579],[-72.95177002799436,-13.399282027404258],[-72.95176237758609,-13.400185689697064],[-72.95083931186484,-13.400178198146993]]]}},{"type":"Feature","properties":{"Cell_ID":719,"Area_ha":1.0,"LC":"5:0.999809,13:0.000191","XMIN":721794.86160847,"YMIN":8517589.517664917,"XMAX":721894.86160847,"YMAX":8517689.517664917},"geometry":{"type":"Polygon","coordinates":[[[-72.9508316574508,-13.401081859847563],[-72.95083931186484,-13.400178198146993],[-72.95176237758609,-13.400185689697064],[-72.9517547266142,-13.401089351921032],[-72.9508316574508,-13.401081859847563]]]}},{"type":"Feature","properties":{"Cell_ID":720,"Area_ha":1.0,"LC":"5:0.685579,13:0.314421","XMIN":721794.86160847,"YMIN":8517489.517664917,"XMAX":721894.86160847,"YMAX":8517589.517664917},"geometry":{"type":"Polygon","coordinates":[[[-72.95082400247291,-13.401985521479283],[-72.9508316574508,-13.401081859847563],[-72.9517547266142,-13.401089351921032],[-72.95174707507867,-13.401993014076153],[-72.95082400247291,-13.401985521479283]]]}},{"type":"Feature","properties":{"Cell_ID":721,"Area_ha":1.0,"LC":"5:0.031343,13:0.968657","XMIN":721794.86160847,"YMIN":8517389.517664917,"XMAX":721894.86160847,"YMAX":8517489.517664917},"geometry":{"type":"Polygon","coordinates":[[[-72.9508163469311,-13.402889183042149],[-72.95082400247291,-13.401985521479283],[-72.95174707507867,-13.401993014076153],[-72.95173942297953,-13.402896676162424],[-72.9508163469311,-13.402889183042149]]]}},{"type":"Feature","properties":{"Cell_ID":722,"Area_ha":1.0,"LC":"13:1.000000","XMIN":721794.86160847,"YMIN":8517289.517664917,"XMAX":721894.86160847,"YMAX":8517389.517664917},"geometry":{"type":"Polygon","coordinates":[[[-72.95080869082538,-13.403792844536156],[-72.9508163469311,-13.402889183042149],[-72.95173942297953,-13.402896676162424],[-72.9517317703167,-13.403800338179842],[-72.95080869082538,-13.403792844536156]]]}},{"type":"Feature","properties":{"Cell_ID":723,"Area_ha":1.0,"LC":"5:0.183826,13:0.816174","XMIN":721794.86160847,"YMIN":8517189.517664917,"XMAX":721894.86160847,"YMAX":8517289.517664917},"geometry":{"type":"Polygon","coordinates":[[[-72.95080103415576,-13.404696505961303],[-72.95080869082538,-13.403792844536156],[-72.9517317703167,-13.403800338179842],[-72.95172411709021,-13.4047040001284],[-72.95080103415576,-13.404696505961303]]]}},{"type":"Feature","properties":{"Cell_ID":724,"Area_ha":1.0,"LC":"5:0.179083,13:0.820917","XMIN":721794.86160847,"YMIN":8517089.517664917,"XMAX":721894.86160847,"YMAX":8517189.517664917},"geometry":{"type":"Polygon","coordinates":[[[-72.9507933769222,-13.40560016731758],[-72.95080103415576,-13.404696505961303],[-72.95172411709021,-13.4047040001284],[-72.95171646330004,-13.40560766200809],[-72.9507933769222,-13.40560016731758]]]}},{"type":"Feature","properties":{"Cell_ID":725,"Area_ha":1.0,"LC":"13:1.000000","XMIN":721794.86160847,"YMIN":8516989.517664917,"XMAX":721894.86160847,"YMAX":8517089.517664917},"geometry":{"type":"Polygon","coordinates":[[[-72.9507857191247,-13.40650382860499],[-72.9507933769222,-13.40560016731758],[-72.95171646330004,-13.40560766200809],[-72.95170880894621,-13.406511323818917],[-72.9507857191247,-13.40650382860499]]]}},{"type":"Feature","properties":{"Cell_ID":726,"Area_ha":1.0,"LC":"13:1.000000","XMIN":721794.86160847,"YMIN":8516889.517664917,"XMAX":721894.86160847,"YMAX":8516989.517664917},"geometry":{"type":"Polygon","coordinates":[[[-72.95077806076327,-13.407407489823521],[-72.9507857191247,-13.40650382860499],[-72.95170880894621,-13.406511323818917],[-72.95170115402867,-13.407414985560875],[-72.95077806076327,-13.407407489823521]]]}},{"type":"Feature","properties":{"Cell_ID":727,"Area_ha":1.0,"LC":"9:0.008069,13:0.991931","XMIN":721794.86160847,"YMIN":8516789.517664917,"XMAX":721894.86160847,"YMAX":8516889.517664917},"geometry":{"type":"Polygon","coordinates":[[[-72.95077040183786,-13.408311150973175],[-72.95077806076327,-13.407407489823521],[-72.95170115402867,-13.407414985560875],[-72.95169349854743,-13.408318647233951],[-72.95077040183786,-13.408311150973175]]]}},{"type":"Feature","properties":{"Cell_ID":728,"Area_ha":1.0,"LC":"5:0.158231,9:0.235030,13:0.606739","XMIN":721794.86160847,"YMIN":8516689.517664917,"XMAX":721894.86160847,"YMAX":8516789.517664917},"geometry":{"type":"Polygon","coordinates":[[[-72.95076274234849,-13.409214812053943],[-72.95077040183786,-13.408311150973175],[-72.95169349854743,-13.408318647233951],[-72.95168584250247,-13.409222308838151],[-72.95076274234849,-13.409214812053943]]]}},{"type":"Feature","properties":{"Cell_ID":729,"Area_ha":1.0,"LC":"5:0.999221,9:0.000779","XMIN":721794.86160847,"YMIN":8516589.517664917,"XMAX":721894.86160847,"YMAX":8516689.517664917},"geometry":{"type":"Polygon","coordinates":[[[-72.95075508229513,-13.41011847306582],[-72.95076274234849,-13.409214812053943],[-72.95168584250247,-13.409222308838151],[-72.95167818589378,-13.410125970373464],[-72.95075508229513,-13.41011847306582]]]}},{"type":"Feature","properties":{"Cell_ID":730,"Area_ha":1.0,"LC":"5:1.000000","XMIN":721794.86160847,"YMIN":8516489.517664917,"XMAX":721894.86160847,"YMAX":8516589.517664917},"geometry":{"type":"Polygon","coordinates":[[[-72.95074742167779,-13.411022134008805],[-72.95075508229513,-13.41011847306582],[-72.95167818589378,-13.410125970373464],[-72.95167052872137,-13.411029631839886],[-72.95074742167779,-13.411022134008805]]]}},{"type":"Feature","properties":{"Cell_ID":731,"Area_ha":1.0,"LC":"5:0.893457,9:0.106543","XMIN":721794.86160847,"YMIN":8516389.517664917,"XMAX":721894.86160847,"YMAX":8516489.517664917},"geometry":{"type":"Polygon","coordinates":[[[-72.95073976049646,-13.411925794882894],[-72.95074742167779,-13.411022134008805],[-72.95167052872137,-13.411029631839886],[-72.9516628709852,-13.411933293237418],[-72.95073976049646,-13.411925794882894]]]}},{"type":"Feature","properties":{"Cell_ID":732,"Area_ha":1.0,"LC":"5:0.542665,9:0.457335","XMIN":721794.86160847,"YMIN":8516289.517664917,"XMAX":721894.86160847,"YMAX":8516389.517664917},"geometry":{"type":"Polygon","coordinates":[[[-72.9507320987511,-13.412829455688081],[-72.95073976049646,-13.411925794882894],[-72.9516628709852,-13.411933293237418],[-72.9516552126853,-13.41283695456605],[-72.9507320987511,-13.412829455688081]]]}},{"type":"Feature","properties":{"Cell_ID":733,"Area_ha":1.0,"LC":"5:0.919639,13:0.080361","XMIN":721794.86160847,"YMIN":8516189.517664917,"XMAX":721894.86160847,"YMAX":8516289.517664917},"geometry":{"type":"Polygon","coordinates":[[[-72.95072443644175,-13.413733116424362],[-72.9507320987511,-13.412829455688081],[-72.9516552126853,-13.41283695456605],[-72.9516475538216,-13.413740615825779],[-72.95072443644175,-13.413733116424362]]]}},{"type":"Feature","properties":{"Cell_ID":734,"Area_ha":1.0,"LC":"5:0.016917,13:0.983083","XMIN":721794.86160847,"YMIN":8516089.517664917,"XMAX":721894.86160847,"YMAX":8516189.517664917},"geometry":{"type":"Polygon","coordinates":[[[-72.95071677356835,-13.414636777091735],[-72.95072443644175,-13.413733116424362],[-72.9516475538216,-13.413740615825779],[-72.95163989439415,-13.414644277016603],[-72.95071677356835,-13.414636777091735]]]}},{"type":"Feature","properties":{"Cell_ID":735,"Area_ha":1.0,"LC":"5:0.146961,13:0.853039","XMIN":721794.86160847,"YMIN":8515989.517664917,"XMAX":721894.86160847,"YMAX":8516089.517664917},"geometry":{"type":"Polygon","coordinates":[[[-72.95070911013093,-13.415540437690192],[-72.95071677356835,-13.414636777091735],[-72.95163989439415,-13.414644277016603],[-72.95163223440291,-13.415547938138516],[-72.95070911013093,-13.415540437690192]]]}},{"type":"Feature","properties":{"Cell_ID":736,"Area_ha":1.0,"LC":"5:0.561330,13:0.438670","XMIN":721794.86160847,"YMIN":8515889.517664917,"XMAX":721894.86160847,"YMAX":8515989.517664917},"geometry":{"type":"Polygon","coordinates":[[[-72.95070144612943,-13.416444098219722],[-72.95070911013093,-13.415540437690192],[-72.95163223440291,-13.415547938138516],[-72.95162457384787,-13.416451599191515],[-72.95070144612943,-13.416444098219722]]]}},{"type":"Feature","properties":{"Cell_ID":737,"Area_ha":1.0,"LC":"5:0.658304,13:0.341696","XMIN":721794.86160847,"YMIN":8515789.517664917,"XMAX":721894.86160847,"YMAX":8515889.517664917},"geometry":{"type":"Polygon","coordinates":[[[-72.9506937815639,-13.417347758680336],[-72.95070144612943,-13.416444098219722],[-72.95162457384787,-13.416451599191515],[-72.95161691272901,-13.417355260175588],[-72.9506937815639,-13.417347758680336]]]}},{"type":"Feature","properties":{"Cell_ID":738,"Area_ha":1.0,"LC":"5:0.535756,9:0.002130,13:0.462114","XMIN":721794.86160847,"YMIN":8515689.517664917,"XMAX":721894.86160847,"YMAX":8515789.517664917},"geometry":{"type":"Polygon","coordinates":[[[-72.95068611643428,-13.41825141907202],[-72.9506937815639,-13.417347758680336],[-72.95161691272901,-13.417355260175588],[-72.95160925104636,-13.418258921090741],[-72.95068611643428,-13.41825141907202]]]}},{"type":"Feature","properties":{"Cell_ID":739,"Area_ha":1.0,"LC":"5:0.783465,9:0.003687,13:0.212848","XMIN":721794.86160847,"YMIN":8515589.517664917,"XMAX":721894.86160847,"YMAX":8515689.517664917},"geometry":{"type":"Polygon","coordinates":[[[-72.9506784507406,-13.419155079394775],[-72.95068611643428,-13.41825141907202],[-72.95160925104636,-13.418258921090741],[-72.95160158879987,-13.419162581936968],[-72.9506784507406,-13.419155079394775]]]}},{"type":"Feature","properties":{"Cell_ID":740,"Area_ha":1.0,"LC":"5:0.065022,9:0.558231,13:0.376747","XMIN":721794.86160847,"YMIN":8515489.517664917,"XMAX":721894.86160847,"YMAX":8515589.517664917},"geometry":{"type":"Polygon","coordinates":[[[-72.95067078448282,-13.42005873964859],[-72.9506784507406,-13.419155079394775],[-72.95160158879987,-13.419162581936968],[-72.95159392598956,-13.420066242714258],[-72.95067078448282,-13.42005873964859]]]}},{"type":"Feature","properties":{"Cell_ID":741,"Area_ha":1.0,"LC":"9:0.003099,16:0.515153,18:0.481748","XMIN":721894.86160847,"YMIN":8518789.517664917,"XMAX":721994.86160847,"YMAX":8518889.517664917},"geometry":{"type":"Polygon","coordinates":[[[-72.95000044589453,-13.39023042573765],[-72.95000809698176,-13.389326763734813],[-72.95093112085345,-13.389334252371476],[-72.95092347320531,-13.3902379148979],[-72.95000044589453,-13.39023042573765]]]}},{"type":"Feature","properties":{"Cell_ID":742,"Area_ha":1.0,"LC":"9:0.340604,16:0.595153,18:0.064244","XMIN":721894.86160847,"YMIN":8518689.517664917,"XMAX":721994.86160847,"YMAX":8518789.517664917},"geometry":{"type":"Polygon","coordinates":[[[-72.94999279424329,-13.391134087671688],[-72.95000044589453,-13.39023042573765],[-72.95092347320531,-13.3902379148979],[-72.95091582499339,-13.39114157735553],[-72.94999279424329,-13.391134087671688]]]}},{"type":"Feature","properties":{"Cell_ID":743,"Area_ha":1.0,"LC":"5:0.412848,9:0.316969,13:0.087878,16:0.182305","XMIN":721894.86160847,"YMIN":8518589.517664917,"XMAX":721994.86160847,"YMAX":8518689.517664917},"geometry":{"type":"Polygon","coordinates":[[[-72.94998514202801,-13.392037749536918],[-72.94999279424329,-13.391134087671688],[-72.95091582499339,-13.39114157735553],[-72.9509081762177,-13.392045239744354],[-72.94998514202801,-13.392037749536918]]]}},{"type":"Feature","properties":{"Cell_ID":744,"Area_ha":1.0,"LC":"5:0.184244,9:0.204847,13:0.461505,16:0.149404","XMIN":721894.86160847,"YMIN":8518489.517664917,"XMAX":721994.86160847,"YMAX":8518589.517664917},"geometry":{"type":"Polygon","coordinates":[[[-72.94997748924868,-13.392941411333341],[-72.94998514202801,-13.392037749536918],[-72.9509081762177,-13.392045239744354],[-72.95090052687821,-13.392948902064376],[-72.94997748924868,-13.392941411333341]]]}},{"type":"Feature","properties":{"Cell_ID":745,"Area_ha":1.0,"LC":"5:0.216726,9:0.377504,13:0.405770","XMIN":721894.86160847,"YMIN":8518389.517664917,"XMAX":721994.86160847,"YMAX":8518489.517664917},"geometry":{"type":"Polygon","coordinates":[[[-72.9499698359053,-13.393845073060943],[-72.94997748924868,-13.392941411333341],[-72.95090052687821,-13.392948902064376],[-72.95089287697495,-13.393852564315582],[-72.9499698359053,-13.393845073060943]]]}},{"type":"Feature","properties":{"Cell_ID":746,"Area_ha":1.0,"LC":"5:0.608069,9:0.391931","XMIN":721894.86160847,"YMIN":8518289.517664917,"XMAX":721994.86160847,"YMAX":8518389.517664917},"geometry":{"type":"Polygon","coordinates":[[[-72.94996218199789,-13.394748734719734],[-72.9499698359053,-13.393845073060943],[-72.95089287697495,-13.393852564315582],[-72.95088522650786,-13.394756226497977],[-72.94996218199789,-13.394748734719734]]]}},{"type":"Feature","properties":{"Cell_ID":747,"Area_ha":1.0,"LC":"5:0.455566,9:0.221526,13:0.322908","XMIN":721894.86160847,"YMIN":8518189.517664917,"XMAX":721994.86160847,"YMAX":8518289.517664917},"geometry":{"type":"Polygon","coordinates":[[[-72.94995452752639,-13.3956523963097],[-72.94996218199789,-13.394748734719734],[-72.95088522650786,-13.394756226497977],[-72.95087757547695,-13.395659888611554],[-72.94995452752639,-13.3956523963097]]]}},{"type":"Feature","properties":{"Cell_ID":748,"Area_ha":1.0,"LC":"5:1.000000","XMIN":721894.86160847,"YMIN":8518089.517664917,"XMAX":721994.86160847,"YMAX":8518189.517664917},"geometry":{"type":"Polygon","coordinates":[[[-72.9499468724908,-13.396556057830841],[-72.94995452752639,-13.3956523963097],[-72.95087757547695,-13.395659888611554],[-72.95086992388222,-13.396563550656305],[-72.9499468724908,-13.396556057830841]]]}},{"type":"Feature","properties":{"Cell_ID":749,"Area_ha":1.0,"LC":"5:1.000000","XMIN":721894.86160847,"YMIN":8517989.517664917,"XMAX":721994.86160847,"YMAX":8518089.517664917},"geometry":{"type":"Polygon","coordinates":[[[-72.94993921689112,-13.397459719283145],[-72.9499468724908,-13.396556057830841],[-72.95086992388222,-13.396563550656305],[-72.95086227172365,-13.397467212632229],[-72.94993921689112,-13.397459719283145]]]}},{"type":"Feature","properties":{"Cell_ID":750,"Area_ha":1.0,"LC":"5:1.000000","XMIN":721894.86160847,"YMIN":8517889.517664917,"XMAX":721994.86160847,"YMAX":8517989.517664917},"geometry":{"type":"Polygon","coordinates":[[[-72.94993156072735,-13.398363380666616],[-72.94993921689112,-13.397459719283145],[-72.95086227172365,-13.397467212632229],[-72.95085461900123,-13.398370874539319],[-72.94993156072735,-13.398363380666616]]]}},{"type":"Feature","properties":{"Cell_ID":751,"Area_ha":1.0,"LC":"5:1.000000","XMIN":721894.86160847,"YMIN":8517789.517664917,"XMAX":721994.86160847,"YMAX":8517889.517664917},"geometry":{"type":"Polygon","coordinates":[[[-72.94992390399946,-13.399267041981249],[-72.94993156072735,-13.398363380666616],[-72.95085461900123,-13.398370874539319],[-72.95084696571497,-13.399274536377579],[-72.94992390399946,-13.399267041981249]]]}},{"type":"Feature","properties":{"Cell_ID":752,"Area_ha":1.0,"LC":"5:1.000000","XMIN":721894.86160847,"YMIN":8517689.517664917,"XMAX":721994.86160847,"YMAX":8517789.517664917},"geometry":{"type":"Polygon","coordinates":[[[-72.94991624670745,-13.400170703227033],[-72.94992390399946,-13.399267041981249],[-72.95084696571497,-13.399274536377579],[-72.95083931186484,-13.400178198146993],[-72.94991624670745,-13.400170703227033]]]}},{"type":"Feature","properties":{"Cell_ID":753,"Area_ha":1.0,"LC":"5:0.645579,13:0.354421","XMIN":721894.86160847,"YMIN":8517589.517664917,"XMAX":721994.86160847,"YMAX":8517689.517664917},"geometry":{"type":"Polygon","coordinates":[[[-72.94990858885132,-13.401074364403973],[-72.94991624670745,-13.400170703227033],[-72.95083931186484,-13.400178198146993],[-72.9508316574508,-13.401081859847563],[-72.94990858885132,-13.401074364403973]]]}},{"type":"Feature","properties":{"Cell_ID":754,"Area_ha":1.0,"LC":"5:0.430183,13:0.569817","XMIN":721894.86160847,"YMIN":8517489.517664917,"XMAX":721994.86160847,"YMAX":8517589.517664917},"geometry":{"type":"Polygon","coordinates":[[[-72.94990093043104,-13.401978025512058],[-72.94990858885132,-13.401074364403973],[-72.9508316574508,-13.401081859847563],[-72.95082400247291,-13.401985521479283],[-72.94990093043104,-13.401978025512058]]]}},{"type":"Feature","properties":{"Cell_ID":755,"Area_ha":1.0,"LC":"13:1.000000","XMIN":721894.86160847,"YMIN":8517389.517664917,"XMAX":721994.86160847,"YMAX":8517489.517664917},"geometry":{"type":"Polygon","coordinates":[[[-72.9498932714466,-13.402881686551284],[-72.94990093043104,-13.401978025512058],[-72.95082400247291,-13.401985521479283],[-72.9508163469311,-13.402889183042149],[-72.9498932714466,-13.402881686551284]]]}},{"type":"Feature","properties":{"Cell_ID":756,"Area_ha":1.0,"LC":"13:1.000000","XMIN":721894.86160847,"YMIN":8517289.517664917,"XMAX":721994.86160847,"YMAX":8517389.517664917},"geometry":{"type":"Polygon","coordinates":[[[-72.94988561189801,-13.403785347521652],[-72.9498932714466,-13.402881686551284],[-72.9508163469311,-13.402889183042149],[-72.95080869082538,-13.403792844536156],[-72.94988561189801,-13.403785347521652]]]}},{"type":"Feature","properties":{"Cell_ID":757,"Area_ha":1.0,"LC":"5:0.007687,13:0.992313","XMIN":721894.86160847,"YMIN":8517189.517664917,"XMAX":721994.86160847,"YMAX":8517289.517664917},"geometry":{"type":"Polygon","coordinates":[[[-72.94987795178524,-13.40468900842315],[-72.94988561189801,-13.403785347521652],[-72.95080869082538,-13.403792844536156],[-72.95080103415576,-13.404696505961303],[-72.94987795178524,-13.40468900842315]]]}},{"type":"Feature","properties":{"Cell_ID":758,"Area_ha":1.0,"LC":"5:0.109404,13:0.890596","XMIN":721894.86160847,"YMIN":8517089.517664917,"XMAX":721994.86160847,"YMAX":8517189.517664917},"geometry":{"type":"Polygon","coordinates":[[[-72.94987029110828,-13.405592669255777],[-72.94987795178524,-13.40468900842315],[-72.95080103415576,-13.404696505961303],[-72.9507933769222,-13.40560016731758],[-72.94987029110828,-13.405592669255777]]]}},{"type":"Feature","properties":{"Cell_ID":759,"Area_ha":1.0,"LC":"9:0.002130,13:0.997870","XMIN":721894.86160847,"YMIN":8516989.517664917,"XMAX":721994.86160847,"YMAX":8517089.517664917},"geometry":{"type":"Polygon","coordinates":[[[-72.94986262986714,-13.406496330019527],[-72.94987029110828,-13.405592669255777],[-72.9507933769222,-13.40560016731758],[-72.9507857191247,-13.40650382860499],[-72.94986262986714,-13.406496330019527]]]}},{"type":"Feature","properties":{"Cell_ID":760,"Area_ha":1.0,"LC":"9:0.052726,13:0.947274","XMIN":721894.86160847,"YMIN":8516889.517664917,"XMAX":721994.86160847,"YMAX":8516989.517664917},"geometry":{"type":"Polygon","coordinates":[[[-72.9498549680618,-13.407399990714405],[-72.94986262986714,-13.406496330019527],[-72.9507857191247,-13.40650382860499],[-72.95077806076327,-13.407407489823521],[-72.9498549680618,-13.407399990714405]]]}},{"type":"Feature","properties":{"Cell_ID":761,"Area_ha":1.0,"LC":"9:0.396169,13:0.603831","XMIN":721894.86160847,"YMIN":8516789.517664917,"XMAX":721994.86160847,"YMAX":8516889.517664917},"geometry":{"type":"Polygon","coordinates":[[[-72.94984730569226,-13.408303651340395],[-72.9498549680618,-13.407399990714405],[-72.95077806076327,-13.407407489823521],[-72.95077040183786,-13.408311150973175],[-72.94984730569226,-13.408303651340395]]]}},{"type":"Feature","properties":{"Cell_ID":762,"Area_ha":1.0,"LC":"5:0.026734,9:0.735205,13:0.238061","XMIN":721894.86160847,"YMIN":8516689.517664917,"XMAX":721994.86160847,"YMAX":8516789.517664917},"geometry":{"type":"Polygon","coordinates":[[[-72.94983964275848,-13.409207311897495],[-72.94984730569226,-13.408303651340395],[-72.95077040183786,-13.408311150973175],[-72.95076274234849,-13.409214812053943],[-72.94983964275848,-13.409207311897495]]]}},{"type":"Feature","properties":{"Cell_ID":763,"Area_ha":1.0,"LC":"5:0.936535,9:0.063465","XMIN":721894.86160847,"YMIN":8516589.517664917,"XMAX":721994.86160847,"YMAX":8516689.517664917},"geometry":{"type":"Polygon","coordinates":[[[-72.94983197926047,-13.410110972385706],[-72.94983964275848,-13.409207311897495],[-72.95076274234849,-13.409214812053943],[-72.95075508229513,-13.41011847306582],[-72.94983197926047,-13.410110972385706]]]}},{"type":"Feature","properties":{"Cell_ID":764,"Area_ha":1.0,"LC":"3:0.010978,5:0.989022","XMIN":721894.86160847,"YMIN":8516489.517664917,"XMAX":721994.86160847,"YMAX":8516589.517664917},"geometry":{"type":"Polygon","coordinates":[[[-72.94982431519821,-13.411014632805015],[-72.94983197926047,-13.410110972385706],[-72.95075508229513,-13.41011847306582],[-72.95074742167779,-13.411022134008805],[-72.94982431519821,-13.411014632805015]]]}},{"type":"Feature","properties":{"Cell_ID":765,"Area_ha":1.0,"LC":"3:0.444847,5:0.414617,9:0.140535","XMIN":721894.86160847,"YMIN":8516389.517664917,"XMAX":721994.86160847,"YMAX":8516489.517664917},"geometry":{"type":"Polygon","coordinates":[[[-72.9498166505717,-13.411918293155429],[-72.94982431519821,-13.411014632805015],[-72.95074742167779,-13.411022134008805],[-72.95073976049646,-13.411925794882894],[-72.9498166505717,-13.411918293155429]]]}},{"type":"Feature","properties":{"Cell_ID":766,"Area_ha":1.0,"LC":"3:0.073870,5:0.592482,9:0.333648","XMIN":721894.86160847,"YMIN":8516289.517664917,"XMAX":721994.86160847,"YMAX":8516389.517664917},"geometry":{"type":"Polygon","coordinates":[[[-72.94980898538095,-13.412821953436936],[-72.9498166505717,-13.411918293155429],[-72.95073976049646,-13.411925794882894],[-72.9507320987511,-13.412829455688081],[-72.94980898538095,-13.412821953436936]]]}},{"type":"Feature","properties":{"Cell_ID":767,"Area_ha":1.0,"LC":"5:0.761578,13:0.238422","XMIN":721894.86160847,"YMIN":8516189.517664917,"XMAX":721994.86160847,"YMAX":8516289.517664917},"geometry":{"type":"Polygon","coordinates":[[[-72.94980131962592,-13.41372561364953],[-72.94980898538095,-13.412821953436936],[-72.9507320987511,-13.412829455688081],[-72.95072443644175,-13.413733116424362],[-72.94980131962592,-13.41372561364953]]]}},{"type":"Feature","properties":{"Cell_ID":768,"Area_ha":1.0,"LC":"5:0.078422,13:0.921578","XMIN":721894.86160847,"YMIN":8516089.517664917,"XMAX":721994.86160847,"YMAX":8516189.517664917},"geometry":{"type":"Polygon","coordinates":[[[-72.94979365330659,-13.414629273793212],[-72.94980131962592,-13.41372561364953],[-72.95072443644175,-13.413733116424362],[-72.95071677356835,-13.414636777091735],[-72.94979365330659,-13.414629273793212]]]}},{"type":"Feature","properties":{"Cell_ID":769,"Area_ha":1.0,"LC":"5:0.826373,13:0.173627","XMIN":721894.86160847,"YMIN":8515989.517664917,"XMAX":721994.86160847,"YMAX":8516089.517664917},"geometry":{"type":"Polygon","coordinates":[[[-72.94978598642298,-13.415532933867977],[-72.94979365330659,-13.414629273793212],[-72.95071677356835,-13.414636777091735],[-72.95070911013093,-13.415540437690192],[-72.94978598642298,-13.415532933867977]]]}},{"type":"Feature","properties":{"Cell_ID":770,"Area_ha":1.0,"LC":"5:0.630961,13:0.369039","XMIN":721894.86160847,"YMIN":8515889.517664917,"XMAX":721994.86160847,"YMAX":8515989.517664917},"geometry":{"type":"Polygon","coordinates":[[[-72.94977831897508,-13.416436593873817],[-72.94978598642298,-13.415532933867977],[-72.95070911013093,-13.415540437690192],[-72.95070144612943,-13.416444098219722],[-72.94977831897508,-13.416436593873817]]]}},{"type":"Feature","properties":{"Cell_ID":771,"Area_ha":1.0,"LC":"5:0.166130,13:0.833870","XMIN":721894.86160847,"YMIN":8515789.517664917,"XMAX":721994.86160847,"YMAX":8515889.517664917},"geometry":{"type":"Polygon","coordinates":[[[-72.94977065096285,-13.417340253810728],[-72.94977831897508,-13.416436593873817],[-72.95070144612943,-13.416444098219722],[-72.9506937815639,-13.417347758680336],[-72.94977065096285,-13.417340253810728]]]}},{"type":"Feature","properties":{"Cell_ID":772,"Area_ha":1.0,"LC":"5:0.402908,9:0.415566,13:0.181526","XMIN":721894.86160847,"YMIN":8515689.517664917,"XMAX":721994.86160847,"YMAX":8515789.517664917},"geometry":{"type":"Polygon","coordinates":[[[-72.9497629823863,-13.41824391367871],[-72.94977065096285,-13.417340253810728],[-72.9506937815639,-13.417347758680336],[-72.95068611643428,-13.41825141907202],[-72.9497629823863,-13.41824391367871]]]}},{"type":"Feature","properties":{"Cell_ID":773,"Area_ha":1.0,"LC":"5:0.528466,9:0.348435,13:0.123099","XMIN":721894.86160847,"YMIN":8515589.517664917,"XMAX":721994.86160847,"YMAX":8515689.517664917},"geometry":{"type":"Polygon","coordinates":[[[-72.94975531324542,-13.419147573477757],[-72.9497629823863,-13.41824391367871],[-72.95068611643428,-13.41825141907202],[-72.9506784507406,-13.419155079394775],[-72.94975531324542,-13.419147573477757]]]}},{"type":"Feature","properties":{"Cell_ID":774,"Area_ha":1.0,"LC":"5:0.345595,9:0.473091,13:0.181314","XMIN":721894.86160847,"YMIN":8515489.517664917,"XMAX":721994.86160847,"YMAX":8515589.517664917},"geometry":{"type":"Polygon","coordinates":[[[-72.9497476435402,-13.420051233207861],[-72.94975531324542,-13.419147573477757],[-72.9506784507406,-13.419155079394775],[-72.95067078448282,-13.42005873964859],[-72.9497476435402,-13.420051233207861]]]}},{"type":"Feature","properties":{"Cell_ID":775,"Area_ha":1.0,"LC":"9:0.124847,16:0.549574,17:0.246441,18:0.007687","XMIN":721994.86160847,"YMIN":8518889.517664917,"XMAX":722094.86160847,"YMAX":8518989.517664917},"geometry":{"type":"Polygon","coordinates":[[[-72.94908507367407,-13.389319271731098],[-72.94909272763611,-13.388415610183285],[-72.95001574750498,-13.38842310166318],[-72.95000809698176,-13.389326763734813],[-72.94908507367407,-13.389319271731098]]]}},{"type":"Feature","properties":{"Cell_ID":776,"Area_ha":1.0,"LC":"9:0.399979,16:0.528487,18:0.071534","XMIN":721994.86160847,"YMIN":8518789.517664917,"XMAX":722094.86160847,"YMAX":8518889.517664917},"geometry":{"type":"Polygon","coordinates":[[[-72.94907741914778,-13.390222933210111],[-72.94908507367407,-13.389319271731098],[-72.95000809698176,-13.389326763734813],[-72.95000044589453,-13.39023042573765],[-72.94907741914778,-13.390222933210111]]]}},{"type":"Feature","properties":{"Cell_ID":777,"Area_ha":1.0,"LC":"9:0.859396,16:0.138856,18:0.001748","XMIN":721994.86160847,"YMIN":8518689.517664917,"XMAX":722094.86160847,"YMAX":8518789.517664917},"geometry":{"type":"Polygon","coordinates":[[[-72.94906976405721,-13.391126594620324],[-72.94907741914778,-13.390222933210111],[-72.95000044589453,-13.39023042573765],[-72.94999279424329,-13.391134087671688],[-72.94906976405721,-13.391126594620324]]]}},{"type":"Feature","properties":{"Cell_ID":778,"Area_ha":1.0,"LC":"5:0.167878,9:0.726130,16:0.105992","XMIN":721994.86160847,"YMIN":8518589.517664917,"XMAX":722094.86160847,"YMAX":8518689.517664917},"geometry":{"type":"Polygon","coordinates":[[[-72.94906210840236,-13.392030255961725],[-72.94906976405721,-13.391126594620324],[-72.94999279424329,-13.391134087671688],[-72.94998514202801,-13.392037749536918],[-72.94906210840236,-13.392030255961725]]]}},{"type":"Feature","properties":{"Cell_ID":779,"Area_ha":1.0,"LC":"5:0.608848,9:0.294235,13:0.096917","XMIN":721994.86160847,"YMIN":8518489.517664917,"XMAX":722094.86160847,"YMAX":8518589.517664917},"geometry":{"type":"Polygon","coordinates":[[[-72.9490544521832,-13.392933917234313],[-72.94906210840236,-13.392030255961725],[-72.94998514202801,-13.392037749536918],[-72.94997748924868,-13.392941411333341],[-72.9490544521832,-13.392933917234313]]]}},{"type":"Feature","properties":{"Cell_ID":780,"Area_ha":1.0,"LC":"5:0.702665,9:0.070374,13:0.226961","XMIN":721994.86160847,"YMIN":8518389.517664917,"XMAX":722094.86160847,"YMAX":8518489.517664917},"geometry":{"type":"Polygon","coordinates":[[[-72.94904679539975,-13.393837578438085],[-72.9490544521832,-13.392933917234313],[-72.94997748924868,-13.392941411333341],[-72.9499698359053,-13.393845073060943],[-72.94904679539975,-13.393837578438085]]]}},{"type":"Feature","properties":{"Cell_ID":781,"Area_ha":1.0,"LC":"5:0.920969,9:0.079031","XMIN":721994.86160847,"YMIN":8518289.517664917,"XMAX":722094.86160847,"YMAX":8518389.517664917},"geometry":{"type":"Polygon","coordinates":[[[-72.94903913805199,-13.394741239573028],[-72.94904679539975,-13.393837578438085],[-72.9499698359053,-13.393845073060943],[-72.94996218199789,-13.394748734719734],[-72.94903913805199,-13.394741239573028]]]}},{"type":"Feature","properties":{"Cell_ID":782,"Area_ha":1.0,"LC":"5:0.762908,13:0.237092","XMIN":721994.86160847,"YMIN":8518189.517664917,"XMAX":722094.86160847,"YMAX":8518289.517664917},"geometry":{"type":"Polygon","coordinates":[[[-72.9490314801399,-13.395644900639152],[-72.94903913805199,-13.394741239573028],[-72.94996218199789,-13.394748734719734],[-72.94995452752639,-13.3956523963097],[-72.9490314801399,-13.395644900639152]]]}},{"type":"Feature","properties":{"Cell_ID":783,"Area_ha":1.0,"LC":"5:1.000000","XMIN":721994.86160847,"YMIN":8518089.517664917,"XMAX":722094.86160847,"YMAX":8518189.517664917},"geometry":{"type":"Polygon","coordinates":[[[-72.94902382166346,-13.396548561636441],[-72.9490314801399,-13.395644900639152],[-72.94995452752639,-13.3956523963097],[-72.9499468724908,-13.396556057830841],[-72.94902382166346,-13.396548561636441]]]}},{"type":"Feature","properties":{"Cell_ID":784,"Area_ha":1.0,"LC":"5:0.959031,9:0.040969","XMIN":721994.86160847,"YMIN":8517989.517664917,"XMAX":722094.86160847,"YMAX":8518089.517664917},"geometry":{"type":"Polygon","coordinates":[[[-72.9490161626227,-13.397452222564894],[-72.94902382166346,-13.396548561636441],[-72.9499468724908,-13.396556057830841],[-72.94993921689112,-13.397459719283145],[-72.9490161626227,-13.397452222564894]]]}},{"type":"Feature","properties":{"Cell_ID":785,"Area_ha":1.0,"LC":"5:0.588053,13:0.411947","XMIN":721994.86160847,"YMIN":8517889.517664917,"XMAX":722094.86160847,"YMAX":8517989.517664917},"geometry":{"type":"Polygon","coordinates":[[[-72.94900850301757,-13.398355883424511],[-72.9490161626227,-13.397452222564894],[-72.94993921689112,-13.397459719283145],[-72.94993156072735,-13.398363380666616],[-72.94900850301757,-13.398355883424511]]]}},{"type":"Feature","properties":{"Cell_ID":786,"Area_ha":1.0,"LC":"5:0.885161,13:0.114839","XMIN":721994.86160847,"YMIN":8517789.517664917,"XMAX":722094.86160847,"YMAX":8517889.517664917},"geometry":{"type":"Polygon","coordinates":[[[-72.94900084284806,-13.399259544215283],[-72.94900850301757,-13.398355883424511],[-72.94993156072735,-13.398363380666616],[-72.94992390399946,-13.399267041981249],[-72.94900084284806,-13.399259544215283]]]}},{"type":"Feature","properties":{"Cell_ID":787,"Area_ha":1.0,"LC":"5:0.976365,13:0.023635","XMIN":721994.86160847,"YMIN":8517689.517664917,"XMAX":722094.86160847,"YMAX":8517789.517664917},"geometry":{"type":"Polygon","coordinates":[[[-72.94899318211421,-13.400163204937202],[-72.94900084284806,-13.399259544215283],[-72.94992390399946,-13.399267041981249],[-72.94991624670745,-13.400170703227033],[-72.94899318211421,-13.400163204937202]]]}},{"type":"Feature","properties":{"Cell_ID":788,"Area_ha":1.0,"LC":"5:0.147152,13:0.852848","XMIN":721994.86160847,"YMIN":8517589.517664917,"XMAX":722094.86160847,"YMAX":8517689.517664917},"geometry":{"type":"Polygon","coordinates":[[[-72.94898552081595,-13.401066865590275],[-72.94899318211421,-13.400163204937202],[-72.94991624670745,-13.400170703227033],[-72.94990858885132,-13.401074364403973],[-72.94898552081595,-13.401066865590275]]]}},{"type":"Feature","properties":{"Cell_ID":789,"Area_ha":1.0,"LC":"13:1.000000","XMIN":721994.86160847,"YMIN":8517489.517664917,"XMAX":722094.86160847,"YMAX":8517589.517664917},"geometry":{"type":"Polygon","coordinates":[[[-72.9489778589533,-13.40197052617449],[-72.94898552081595,-13.401066865590275],[-72.94990858885132,-13.401074364403973],[-72.94990093043104,-13.401978025512058],[-72.9489778589533,-13.40197052617449]]]}},{"type":"Feature","properties":{"Cell_ID":790,"Area_ha":1.0,"LC":"13:1.000000","XMIN":721994.86160847,"YMIN":8517389.517664917,"XMAX":722094.86160847,"YMAX":8517489.517664917},"geometry":{"type":"Polygon","coordinates":[[[-72.94897019652625,-13.402874186689841],[-72.9489778589533,-13.40197052617449],[-72.94990093043104,-13.401978025512058],[-72.9498932714466,-13.402881686551284],[-72.94897019652625,-13.402874186689841]]]}},{"type":"Feature","properties":{"Cell_ID":791,"Area_ha":1.0,"LC":"13:1.000000","XMIN":721994.86160847,"YMIN":8517289.517664917,"XMAX":722094.86160847,"YMAX":8517389.517664917},"geometry":{"type":"Polygon","coordinates":[[[-72.94896253353478,-13.403777847136329],[-72.94897019652625,-13.402874186689841],[-72.9498932714466,-13.402881686551284],[-72.94988561189801,-13.403785347521652],[-72.94896253353478,-13.403777847136329]]]}},{"type":"Feature","properties":{"Cell_ID":792,"Area_ha":1.0,"LC":"13:1.000000","XMIN":721994.86160847,"YMIN":8517189.517664917,"XMAX":722094.86160847,"YMAX":8517289.517664917},"geometry":{"type":"Polygon","coordinates":[[[-72.94895486997889,-13.404681507513946],[-72.94896253353478,-13.403777847136329],[-72.94988561189801,-13.403785347521652],[-72.94987795178524,-13.40468900842315],[-72.94895486997889,-13.404681507513946]]]}},{"type":"Feature","properties":{"Cell_ID":793,"Area_ha":1.0,"LC":"5:0.000969,13:0.999031","XMIN":721994.86160847,"YMIN":8517089.517664917,"XMAX":722094.86160847,"YMAX":8517189.517664917},"geometry":{"type":"Polygon","coordinates":[[[-72.94894720585856,-13.405585167822686],[-72.94895486997889,-13.404681507513946],[-72.94987795178524,-13.40468900842315],[-72.94987029110828,-13.405592669255777],[-72.94894720585856,-13.405585167822686]]]}},{"type":"Feature","properties":{"Cell_ID":794,"Area_ha":1.0,"LC":"5:0.137886,9:0.301505,13:0.560609","XMIN":721994.86160847,"YMIN":8516989.517664917,"XMAX":722094.86160847,"YMAX":8517089.517664917},"geometry":{"type":"Polygon","coordinates":[[[-72.94893954117379,-13.40648882806255],[-72.94894720585856,-13.405585167822686],[-72.94987029110828,-13.405592669255777],[-72.94986262986714,-13.406496330019527],[-72.94893954117379,-13.40648882806255]]]}},{"type":"Feature","properties":{"Cell_ID":795,"Area_ha":1.0,"LC":"5:0.076969,9:0.923031","XMIN":721994.86160847,"YMIN":8516889.517664917,"XMAX":722094.86160847,"YMAX":8516989.517664917},"geometry":{"type":"Polygon","coordinates":[[[-72.94893187592457,-13.40739248823353],[-72.94893954117379,-13.40648882806255],[-72.94986262986714,-13.406496330019527],[-72.9498549680618,-13.407399990714405],[-72.94893187592457,-13.40739248823353]]]}},{"type":"Feature","properties":{"Cell_ID":796,"Area_ha":1.0,"LC":"5:0.420604,9:0.579396","XMIN":721994.86160847,"YMIN":8516789.517664917,"XMAX":722094.86160847,"YMAX":8516889.517664917},"geometry":{"type":"Polygon","coordinates":[[[-72.94892421011086,-13.408296148335623],[-72.94893187592457,-13.40739248823353],[-72.9498549680618,-13.407399990714405],[-72.94984730569226,-13.408303651340395],[-72.94892421011086,-13.408296148335623]]]}},{"type":"Feature","properties":{"Cell_ID":797,"Area_ha":1.0,"LC":"5:0.897504,9:0.102496","XMIN":721994.86160847,"YMIN":8516689.517664917,"XMAX":722094.86160847,"YMAX":8516789.517664917},"geometry":{"type":"Polygon","coordinates":[[[-72.9489165437327,-13.409199808368824],[-72.94892421011086,-13.408296148335623],[-72.94984730569226,-13.408303651340395],[-72.94983964275848,-13.409207311897495],[-72.9489165437327,-13.409199808368824]]]}},{"type":"Feature","properties":{"Cell_ID":798,"Area_ha":1.0,"LC":"3:0.007878,5:0.992122","XMIN":721994.86160847,"YMIN":8516589.517664917,"XMAX":722094.86160847,"YMAX":8516689.517664917},"geometry":{"type":"Polygon","coordinates":[[[-72.94890887679004,-13.410103468333126],[-72.9489165437327,-13.409199808368824],[-72.94983964275848,-13.409207311897495],[-72.94983197926047,-13.410110972385706],[-72.94890887679004,-13.410103468333126]]]}},{"type":"Feature","properties":{"Cell_ID":799,"Area_ha":1.0,"LC":"3:0.412657,5:0.587343","XMIN":721994.86160847,"YMIN":8516489.517664917,"XMAX":722094.86160847,"YMAX":8516589.517664917},"geometry":{"type":"Polygon","coordinates":[[[-72.9489012092829,-13.411007128228528],[-72.94890887679004,-13.410103468333126],[-72.94983197926047,-13.410110972385706],[-72.94982431519821,-13.411014632805015],[-72.9489012092829,-13.411007128228528]]]}},{"type":"Feature","properties":{"Cell_ID":800,"Area_ha":1.0,"LC":"3:0.813039,5:0.186961","XMIN":721994.86160847,"YMIN":8516389.517664917,"XMAX":722094.86160847,"YMAX":8516489.517664917},"geometry":{"type":"Polygon","coordinates":[[[-72.94889354121125,-13.411910788055032],[-72.9489012092829,-13.411007128228528],[-72.94982431519821,-13.411014632805015],[-72.9498166505717,-13.411918293155429],[-72.94889354121125,-13.411910788055032]]]}},{"type":"Feature","properties":{"Cell_ID":801,"Area_ha":1.0,"LC":"3:0.319639,5:0.680361","XMIN":721994.86160847,"YMIN":8516289.517664917,"XMAX":722094.86160847,"YMAX":8516389.517664917},"geometry":{"type":"Polygon","coordinates":[[[-72.94888587257508,-13.412814447812622],[-72.94889354121125,-13.411910788055032],[-72.9498166505717,-13.411918293155429],[-72.94980898538095,-13.412821953436936],[-72.94888587257508,-13.412814447812622]]]}},{"type":"Feature","properties":{"Cell_ID":802,"Area_ha":1.0,"LC":"5:0.862305,13:0.137695","XMIN":721994.86160847,"YMIN":8516189.517664917,"XMAX":722094.86160847,"YMAX":8516289.517664917},"geometry":{"type":"Polygon","coordinates":[[[-72.94887820337436,-13.413718107501296],[-72.94888587257508,-13.412814447812622],[-72.94980898538095,-13.412821953436936],[-72.94980131962592,-13.41372561364953],[-72.94887820337436,-13.413718107501296]]]}},{"type":"Feature","properties":{"Cell_ID":803,"Area_ha":1.0,"LC":"5:0.609626,13:0.390374","XMIN":721994.86160847,"YMIN":8516089.517664917,"XMAX":722094.86160847,"YMAX":8516189.517664917},"geometry":{"type":"Polygon","coordinates":[[[-72.94887053360914,-13.414621767121057],[-72.94887820337436,-13.413718107501296],[-72.94980131962592,-13.41372561364953],[-72.94979365330659,-13.414629273793212],[-72.94887053360914,-13.414621767121057]]]}},{"type":"Feature","properties":{"Cell_ID":804,"Area_ha":1.0,"LC":"5:0.870374,13:0.041748,14:0.087878","XMIN":721994.86160847,"YMIN":8515989.517664917,"XMAX":722094.86160847,"YMAX":8516089.517664917},"geometry":{"type":"Polygon","coordinates":[[[-72.94886286327936,-13.41552542667189],[-72.94887053360914,-13.414621767121057],[-72.94979365330659,-13.414629273793212],[-72.94978598642298,-13.415532933867977],[-72.94886286327936,-13.41552542667189]]]}},{"type":"Feature","properties":{"Cell_ID":805,"Area_ha":1.0,"LC":"5:0.576726,13:0.150183,14:0.273091","XMIN":721994.86160847,"YMIN":8515889.517664917,"XMAX":722094.86160847,"YMAX":8515989.517664917},"geometry":{"type":"Polygon","coordinates":[[[-72.94885519238501,-13.4164290861538],[-72.94886286327936,-13.41552542667189],[-72.94978598642298,-13.415532933867977],[-72.94977831897508,-13.416436593873817],[-72.94885519238501,-13.4164290861538]]]}},{"type":"Feature","properties":{"Cell_ID":806,"Area_ha":1.0,"LC":"5:0.491205,9:0.016917,13:0.491879","XMIN":721994.86160847,"YMIN":8515789.517664917,"XMAX":722094.86160847,"YMAX":8515889.517664917},"geometry":{"type":"Polygon","coordinates":[[[-72.94884752092612,-13.417332745566776],[-72.94885519238501,-13.4164290861538],[-72.94977831897508,-13.416436593873817],[-72.94977065096285,-13.417340253810728],[-72.94884752092612,-13.417332745566776]]]}},{"type":"Feature","properties":{"Cell_ID":807,"Area_ha":1.0,"LC":"5:0.428604,9:0.506961,13:0.064434","XMIN":721994.86160847,"YMIN":8515689.517664917,"XMAX":722094.86160847,"YMAX":8515789.517664917},"geometry":{"type":"Polygon","coordinates":[[[-72.94883984890265,-13.41823640491082],[-72.94884752092612,-13.417332745566776],[-72.94977065096285,-13.417340253810728],[-72.9497629823863,-13.41824391367871],[-72.94883984890265,-13.41823640491082]]]}},{"type":"Feature","properties":{"Cell_ID":808,"Area_ha":1.0,"LC":"5:0.502496,13:0.497504","XMIN":721994.86160847,"YMIN":8515589.517664917,"XMAX":722094.86160847,"YMAX":8515689.517664917},"geometry":{"type":"Polygon","coordinates":[[[-72.94883217631457,-13.419140064185921],[-72.94883984890265,-13.41823640491082],[-72.9497629823863,-13.41824391367871],[-72.94975531324542,-13.419147573477757],[-72.94883217631457,-13.419140064185921]]]}},{"type":"Feature","properties":{"Cell_ID":809,"Area_ha":1.0,"LC":"9:0.143444,14:0.015756,16:0.001027,17:0.546546,18:0.001160","XMIN":722094.86160847,"YMIN":8518989.517664917,"XMAX":722194.86160847,"YMAX":8519089.517664917},"geometry":{"type":"Polygon","coordinates":[[[-72.9481697083315,-13.388408115336587],[-72.94817736516784,-13.387504454244025],[-72.94910038103389,-13.387511948566674],[-72.94909272763611,-13.388415610183285],[-72.9481697083315,-13.388408115336587]]]}},{"type":"Feature","properties":{"Cell_ID":810,"Area_ha":1.0,"LC":"9:0.379396,14:0.615756,18:0.004847","XMIN":722094.86160847,"YMIN":8518889.517664917,"XMAX":722194.86160847,"YMAX":8518989.517664917},"geometry":{"type":"Polygon","coordinates":[[[-72.94816205093066,-13.389311776360344],[-72.9481697083315,-13.388408115336587],[-72.94909272763611,-13.388415610183285],[-72.94908507367407,-13.389319271731098],[-72.94816205093066,-13.389311776360344]]]}},{"type":"Feature","properties":{"Cell_ID":811,"Area_ha":1.0,"LC":"9:0.148435,14:0.408487,18:0.443078","XMIN":722094.86160847,"YMIN":8518789.517664917,"XMAX":722194.86160847,"YMAX":8518889.517664917},"geometry":{"type":"Polygon","coordinates":[[[-72.94815439296531,-13.390215437315304],[-72.94816205093066,-13.389311776360344],[-72.94908507367407,-13.389319271731098],[-72.94907741914778,-13.390222933210111],[-72.94815439296531,-13.390215437315304]]]}},{"type":"Feature","properties":{"Cell_ID":812,"Area_ha":1.0,"LC":"9:0.311704,16:0.167687,18:0.520609","XMIN":722094.86160847,"YMIN":8518689.517664917,"XMAX":722194.86160847,"YMAX":8518789.517664917},"geometry":{"type":"Polygon","coordinates":[[[-72.94814673443543,-13.391119098201454],[-72.94815439296531,-13.390215437315304],[-72.94907741914778,-13.390222933210111],[-72.94906976405721,-13.391126594620324],[-72.94814673443543,-13.391119098201454]]]}},{"type":"Feature","properties":{"Cell_ID":813,"Area_ha":1.0,"LC":"9:0.784831,16:0.215169","XMIN":722094.86160847,"YMIN":8518589.517664917,"XMAX":722194.86160847,"YMAX":8518689.517664917},"geometry":{"type":"Polygon","coordinates":[[[-72.948139075341,-13.39202275901879],[-72.94814673443543,-13.391119098201454],[-72.94906976405721,-13.391126594620324],[-72.94906210840236,-13.392030255961725],[-72.948139075341,-13.39202275901879]]]}},{"type":"Feature","properties":{"Cell_ID":814,"Area_ha":1.0,"LC":"5:0.039031,9:0.574978,13:0.046909,16:0.339083","XMIN":722094.86160847,"YMIN":8518489.517664917,"XMAX":722194.86160847,"YMAX":8518589.517664917},"geometry":{"type":"Polygon","coordinates":[[[-72.94813141568204,-13.392926419767305],[-72.948139075341,-13.39202275901879],[-72.94906210840236,-13.392030255961725],[-72.9490544521832,-13.392933917234313],[-72.94813141568204,-13.392926419767305]]]}},{"type":"Feature","properties":{"Cell_ID":815,"Area_ha":1.0,"LC":"5:0.439391,9:0.288487,13:0.272122","XMIN":722094.86160847,"YMIN":8518389.517664917,"XMAX":722194.86160847,"YMAX":8518489.517664917},"geometry":{"type":"Polygon","coordinates":[[[-72.9481237554585,-13.393830080447003],[-72.94813141568204,-13.392926419767305],[-72.9490544521832,-13.392933917234313],[-72.94904679539975,-13.393837578438085],[-72.9481237554585,-13.393830080447003]]]}},{"type":"Feature","properties":{"Cell_ID":816,"Area_ha":1.0,"LC":"3:0.143826,5:0.856174","XMIN":722094.86160847,"YMIN":8518289.517664917,"XMAX":722194.86160847,"YMAX":8518389.517664917},"geometry":{"type":"Polygon","coordinates":[[[-72.9481160946704,-13.394733741057872],[-72.9481237554585,-13.393830080447003],[-72.94904679539975,-13.393837578438085],[-72.94903913805199,-13.394741239573028],[-72.9481160946704,-13.394733741057872]]]}},{"type":"Feature","properties":{"Cell_ID":817,"Area_ha":1.0,"LC":"3:0.601748,5:0.398252","XMIN":722094.86160847,"YMIN":8518189.517664917,"XMAX":722194.86160847,"YMAX":8518289.517664917},"geometry":{"type":"Polygon","coordinates":[[[-72.94810843331773,-13.395637401599915],[-72.9481160946704,-13.394733741057872],[-72.94903913805199,-13.394741239573028],[-72.9490314801399,-13.395644900639152],[-72.94810843331773,-13.395637401599915]]]}},{"type":"Feature","properties":{"Cell_ID":818,"Area_ha":1.0,"LC":"3:0.416365,5:0.552122,9:0.031513","XMIN":722094.86160847,"YMIN":8518089.517664917,"XMAX":722194.86160847,"YMAX":8518189.517664917},"geometry":{"type":"Polygon","coordinates":[[[-72.94810077140048,-13.396541062073123],[-72.94810843331773,-13.395637401599915],[-72.9490314801399,-13.395644900639152],[-72.94902382166346,-13.396548561636441],[-72.94810077140048,-13.396541062073123]]]}},{"type":"Feature","properties":{"Cell_ID":819,"Area_ha":1.0,"LC":"5:0.160779,9:0.503274,13:0.335947","XMIN":722094.86160847,"YMIN":8517989.517664917,"XMAX":722194.86160847,"YMAX":8518089.517664917},"geometry":{"type":"Polygon","coordinates":[[[-72.94809310891861,-13.397444722477488],[-72.94810077140048,-13.396541062073123],[-72.94902382166346,-13.396548561636441],[-72.9490161626227,-13.397452222564894],[-72.94809310891861,-13.397444722477488]]]}},{"type":"Feature","properties":{"Cell_ID":820,"Area_ha":1.0,"LC":"5:0.031343,9:0.474252,13:0.494405","XMIN":722094.86160847,"YMIN":8517889.517664917,"XMAX":722194.86160847,"YMAX":8517989.517664917},"geometry":{"type":"Polygon","coordinates":[[[-72.94808544587214,-13.398348382813012],[-72.94809310891861,-13.397444722477488],[-72.9490161626227,-13.397452222564894],[-72.94900850301757,-13.398355883424511],[-72.94808544587214,-13.398348382813012]]]}},{"type":"Feature","properties":{"Cell_ID":821,"Area_ha":1.0,"LC":"5:0.341505,9:0.032900,13:0.581717,16:0.043878","XMIN":722094.86160847,"YMIN":8517789.517664917,"XMAX":722194.86160847,"YMAX":8517889.517664917},"geometry":{"type":"Polygon","coordinates":[[[-72.94807778226105,-13.39925204307969],[-72.94808544587214,-13.398348382813012],[-72.94900850301757,-13.398355883424511],[-72.94900084284806,-13.399259544215283],[-72.94807778226105,-13.39925204307969]]]}},{"type":"Feature","properties":{"Cell_ID":822,"Area_ha":1.0,"LC":"5:0.730909,13:0.269091","XMIN":722094.86160847,"YMIN":8517689.517664917,"XMAX":722194.86160847,"YMAX":8517789.517664917},"geometry":{"type":"Polygon","coordinates":[[[-72.94807011808534,-13.400155703277512],[-72.94807778226105,-13.39925204307969],[-72.94900084284806,-13.399259544215283],[-72.94899318211421,-13.400163204937202],[-72.94807011808534,-13.400155703277512]]]}},{"type":"Feature","properties":{"Cell_ID":823,"Area_ha":1.0,"LC":"5:0.807899,9:0.175756,13:0.016344","XMIN":722094.86160847,"YMIN":8517589.517664917,"XMAX":722194.86160847,"YMAX":8517689.517664917},"geometry":{"type":"Polygon","coordinates":[[[-72.94806245334497,-13.401059363406478],[-72.94807011808534,-13.400155703277512],[-72.94899318211421,-13.400163204937202],[-72.94898552081595,-13.401066865590275],[-72.94806245334497,-13.401059363406478]]]}},{"type":"Feature","properties":{"Cell_ID":824,"Area_ha":1.0,"LC":"5:0.194839,9:0.394061,13:0.411100","XMIN":722094.86160847,"YMIN":8517489.517664917,"XMAX":722194.86160847,"YMAX":8517589.517664917},"geometry":{"type":"Polygon","coordinates":[[[-72.94805478803998,-13.401963023466584],[-72.94806245334497,-13.401059363406478],[-72.94898552081595,-13.401066865590275],[-72.9489778589533,-13.40197052617449],[-72.94805478803998,-13.401963023466584]]]}},{"type":"Feature","properties":{"Cell_ID":825,"Area_ha":1.0,"LC":"9:0.112122,13:0.887878","XMIN":722094.86160847,"YMIN":8517389.517664917,"XMAX":722194.86160847,"YMAX":8517489.517664917},"geometry":{"type":"Polygon","coordinates":[[[-72.94804712217032,-13.402866683457827],[-72.94805478803998,-13.401963023466584],[-72.9489778589533,-13.40197052617449],[-72.94897019652625,-13.402874186689841],[-72.94804712217032,-13.402866683457827]]]}},{"type":"Feature","properties":{"Cell_ID":826,"Area_ha":1.0,"LC":"13:1.000000","XMIN":722094.86160847,"YMIN":8517289.517664917,"XMAX":722194.86160847,"YMAX":8517389.517664917},"geometry":{"type":"Polygon","coordinates":[[[-72.948039455736,-13.403770343380202],[-72.94804712217032,-13.402866683457827],[-72.94897019652625,-13.402874186689841],[-72.94896253353478,-13.403777847136329],[-72.948039455736,-13.403770343380202]]]}},{"type":"Feature","properties":{"Cell_ID":827,"Area_ha":1.0,"LC":"5:0.215756,13:0.784244","XMIN":722094.86160847,"YMIN":8517189.517664917,"XMAX":722194.86160847,"YMAX":8517289.517664917},"geometry":{"type":"Polygon","coordinates":[[[-72.94803178873698,-13.404674003233701],[-72.948039455736,-13.403770343380202],[-72.94896253353478,-13.403777847136329],[-72.94895486997889,-13.404681507513946],[-72.94803178873698,-13.404674003233701]]]}},{"type":"Feature","properties":{"Cell_ID":828,"Area_ha":1.0,"LC":"5:0.650008,13:0.349992","XMIN":722094.86160847,"YMIN":8517089.517664917,"XMAX":722194.86160847,"YMAX":8517189.517664917},"geometry":{"type":"Polygon","coordinates":[[[-72.94802412117329,-13.405577663018319],[-72.94803178873698,-13.404674003233701],[-72.94895486997889,-13.404681507513946],[-72.94894720585856,-13.405585167822686],[-72.94802412117329,-13.405577663018319]]]}},{"type":"Feature","properties":{"Cell_ID":829,"Area_ha":1.0,"LC":"5:0.858474,13:0.141526","XMIN":722094.86160847,"YMIN":8516989.517664917,"XMAX":722194.86160847,"YMAX":8517089.517664917},"geometry":{"type":"Polygon","coordinates":[[[-72.9480164530449,-13.406481322734056],[-72.94802412117329,-13.405577663018319],[-72.94894720585856,-13.405585167822686],[-72.94893954117379,-13.40648882806255],[-72.9480164530449,-13.406481322734056]]]}},{"type":"Feature","properties":{"Cell_ID":830,"Area_ha":1.0,"LC":"5:1.000000","XMIN":722094.86160847,"YMIN":8516889.517664917,"XMAX":722194.86160847,"YMAX":8516989.517664917},"geometry":{"type":"Polygon","coordinates":[[[-72.94800878435179,-13.40738498238091],[-72.9480164530449,-13.406481322734056],[-72.94893954117379,-13.40648882806255],[-72.94893187592457,-13.40739248823353],[-72.94800878435179,-13.40738498238091]]]}},{"type":"Feature","properties":{"Cell_ID":831,"Area_ha":1.0,"LC":"5:1.000000","XMIN":722094.86160847,"YMIN":8516789.517664917,"XMAX":722194.86160847,"YMAX":8516889.517664917},"geometry":{"type":"Polygon","coordinates":[[[-72.94800111509397,-13.408288641958867],[-72.94800878435179,-13.40738498238091],[-72.94893187592457,-13.40739248823353],[-72.94892421011086,-13.408296148335623],[-72.94800111509397,-13.408288641958867]]]}},{"type":"Feature","properties":{"Cell_ID":832,"Area_ha":1.0,"LC":"5:1.000000","XMIN":722094.86160847,"YMIN":8516689.517664917,"XMAX":722194.86160847,"YMAX":8516789.517664917},"geometry":{"type":"Polygon","coordinates":[[[-72.94799344527142,-13.409192301467932],[-72.94800111509397,-13.408288641958867],[-72.94892421011086,-13.408296148335623],[-72.9489165437327,-13.409199808368824],[-72.94799344527142,-13.409192301467932]]]}},{"type":"Feature","properties":{"Cell_ID":833,"Area_ha":1.0,"LC":"5:1.000000","XMIN":722094.86160847,"YMIN":8516589.517664917,"XMAX":722194.86160847,"YMAX":8516689.517664917},"geometry":{"type":"Polygon","coordinates":[[[-72.94798577488412,-13.410095960908096],[-72.94799344527142,-13.409192301467932],[-72.9489165437327,-13.409199808368824],[-72.94890887679004,-13.410103468333126],[-72.94798577488412,-13.410095960908096]]]}},{"type":"Feature","properties":{"Cell_ID":834,"Area_ha":1.0,"LC":"5:1.000000","XMIN":722094.86160847,"YMIN":8516489.517664917,"XMAX":722194.86160847,"YMAX":8516589.517664917},"geometry":{"type":"Polygon","coordinates":[[[-72.94797810393207,-13.410999620279355],[-72.94798577488412,-13.410095960908096],[-72.94890887679004,-13.410103468333126],[-72.9489012092829,-13.411007128228528],[-72.94797810393207,-13.410999620279355]]]}},{"type":"Feature","properties":{"Cell_ID":835,"Area_ha":1.0,"LC":"3:0.381505,5:0.618495","XMIN":722094.86160847,"YMIN":8516389.517664917,"XMAX":722194.86160847,"YMAX":8516489.517664917},"geometry":{"type":"Polygon","coordinates":[[[-72.94797043241527,-13.41190327958171],[-72.94797810393207,-13.410999620279355],[-72.9489012092829,-13.411007128228528],[-72.94889354121125,-13.411910788055032],[-72.94797043241527,-13.41190327958171]]]}},{"type":"Feature","properties":{"Cell_ID":836,"Area_ha":1.0,"LC":"3:0.175587,5:0.824413","XMIN":722094.86160847,"YMIN":8516289.517664917,"XMAX":722194.86160847,"YMAX":8516389.517664917},"geometry":{"type":"Polygon","coordinates":[[[-72.94796276033371,-13.412806938815146],[-72.94797043241527,-13.41190327958171],[-72.94889354121125,-13.411910788055032],[-72.94888587257508,-13.412814447812622],[-72.94796276033371,-13.412806938815146]]]}},{"type":"Feature","properties":{"Cell_ID":837,"Area_ha":1.0,"LC":"5:0.730617,13:0.269383","XMIN":722094.86160847,"YMIN":8516189.517664917,"XMAX":722194.86160847,"YMAX":8516289.517664917},"geometry":{"type":"Polygon","coordinates":[[[-72.94795508768736,-13.413710597979664],[-72.94796276033371,-13.412806938815146],[-72.94888587257508,-13.412814447812622],[-72.94887820337436,-13.413718107501296],[-72.94795508768736,-13.413710597979664]]]}},{"type":"Feature","properties":{"Cell_ID":838,"Area_ha":1.0,"LC":"5:0.610787,13:0.389213","XMIN":722094.86160847,"YMIN":8516089.517664917,"XMAX":722194.86160847,"YMAX":8516189.517664917},"geometry":{"type":"Polygon","coordinates":[[[-72.94794741447623,-13.414614257075264],[-72.94795508768736,-13.413710597979664],[-72.94887820337436,-13.413718107501296],[-72.94887053360914,-13.414621767121057],[-72.94794741447623,-13.414614257075264]]]}},{"type":"Feature","properties":{"Cell_ID":839,"Area_ha":1.0,"LC":"5:0.785383,13:0.214617","XMIN":722094.86160847,"YMIN":8515989.517664917,"XMAX":722194.86160847,"YMAX":8516089.517664917},"geometry":{"type":"Polygon","coordinates":[[[-72.94793974070028,-13.415517916101937],[-72.94794741447623,-13.414614257075264],[-72.94887053360914,-13.414621767121057],[-72.94886286327936,-13.41552542667189],[-72.94793974070028,-13.415517916101937]]]}},{"type":"Feature","properties":{"Cell_ID":840,"Area_ha":1.0,"LC":"5:0.680969,14:0.319031","XMIN":722094.86160847,"YMIN":8515889.517664917,"XMAX":722194.86160847,"YMAX":8515989.517664917},"geometry":{"type":"Polygon","coordinates":[[[-72.94793206635953,-13.41642157505968],[-72.94793974070028,-13.415517916101937],[-72.94886286327936,-13.41552542667189],[-72.94885519238501,-13.4164290861538],[-72.94793206635953,-13.41642157505968]]]}},{"type":"Feature","properties":{"Cell_ID":841,"Area_ha":1.0,"LC":"5:0.897335,9:0.102665","XMIN":722094.86160847,"YMIN":8515789.517664917,"XMAX":722194.86160847,"YMAX":8515889.517664917},"geometry":{"type":"Polygon","coordinates":[[[-72.94792439145397,-13.417325233948485],[-72.94793206635953,-13.41642157505968],[-72.94885519238501,-13.4164290861538],[-72.94884752092612,-13.417332745566776],[-72.94792439145397,-13.417325233948485]]]}},{"type":"Feature","properties":{"Cell_ID":842,"Area_ha":1.0,"LC":"5:0.201160,9:0.775396,13:0.023444","XMIN":722094.86160847,"YMIN":8515689.517664917,"XMAX":722194.86160847,"YMAX":8515789.517664917},"geometry":{"type":"Polygon","coordinates":[[[-72.94791671598357,-13.418228892768356],[-72.94792439145397,-13.417325233948485],[-72.94884752092612,-13.417332745566776],[-72.94883984890265,-13.41823640491082],[-72.94791671598357,-13.418228892768356]]]}},{"type":"Feature","properties":{"Cell_ID":843,"Area_ha":1.0,"LC":"5:0.185992,13:0.814008","XMIN":722094.86160847,"YMIN":8515589.517664917,"XMAX":722194.86160847,"YMAX":8515689.517664917},"geometry":{"type":"Polygon","coordinates":[[[-72.94790903994833,-13.41913255151928],[-72.94791671598357,-13.418228892768356],[-72.94883984890265,-13.41823640491082],[-72.94883217631457,-13.419140064185921],[-72.94790903994833,-13.41913255151928]]]}},{"type":"Feature","properties":{"Cell_ID":844,"Area_ha":1.0,"LC":"16:0.551704,17:0.331884,18:0.115618","XMIN":722194.86160847,"YMIN":8518989.517664917,"XMAX":722294.86160847,"YMAX":8519089.517664917},"geometry":{"type":"Polygon","coordinates":[[[-72.94724668959141,-13.388400617123095],[-72.94725434986628,-13.38749695655482],[-72.94817736516784,-13.387504454244025],[-72.9481697083315,-13.388408115336587],[-72.94724668959141,-13.388400617123095]]]}},{"type":"Feature","properties":{"Cell_ID":845,"Area_ha":1.0,"LC":"16:0.804847,18:0.195153","XMIN":722194.86160847,"YMIN":8518889.517664917,"XMAX":722294.86160847,"YMAX":8518989.517664917},"geometry":{"type":"Polygon","coordinates":[[[-72.94723902875177,-13.389304277622562],[-72.94724668959141,-13.388400617123095],[-72.9481697083315,-13.388408115336587],[-72.94816205093066,-13.389311776360344],[-72.94723902875177,-13.389304277622562]]]}},{"type":"Feature","properties":{"Cell_ID":846,"Area_ha":1.0,"LC":"16:0.764847,18:0.235153","XMIN":722194.86160847,"YMIN":8518789.517664917,"XMAX":722294.86160847,"YMAX":8518889.517664917},"geometry":{"type":"Polygon","coordinates":[[[-72.94723136734737,-13.39020793805323],[-72.94723902875177,-13.389304277622562],[-72.94816205093066,-13.389311776360344],[-72.94815439296531,-13.390215437315304],[-72.94723136734737,-13.39020793805323]]]}},{"type":"Feature","properties":{"Cell_ID":847,"Area_ha":1.0,"LC":"9:0.281330,16:0.648296,18:0.070374","XMIN":722194.86160847,"YMIN":8518689.517664917,"XMAX":722294.86160847,"YMAX":8518789.517664917},"geometry":{"type":"Polygon","coordinates":[[[-72.94722370537818,-13.39111159841508],[-72.94723136734737,-13.39020793805323],[-72.94815439296531,-13.390215437315304],[-72.94814673443543,-13.391119098201454],[-72.94722370537818,-13.39111159841508]]]}},{"type":"Feature","properties":{"Cell_ID":848,"Area_ha":1.0,"LC":"9:0.937526,16:0.062474","XMIN":722194.86160847,"YMIN":8518589.517664917,"XMAX":722294.86160847,"YMAX":8518689.517664917},"geometry":{"type":"Polygon","coordinates":[[[-72.9472160428442,-13.392015258708113],[-72.94722370537818,-13.39111159841508],[-72.94814673443543,-13.391119098201454],[-72.948139075341,-13.39202275901879],[-72.9472160428442,-13.392015258708113]]]}},{"type":"Feature","properties":{"Cell_ID":849,"Area_ha":1.0,"LC":"9:0.391931,13:0.016535,16:0.591534","XMIN":722194.86160847,"YMIN":8518489.517664917,"XMAX":722294.86160847,"YMAX":8518589.517664917},"geometry":{"type":"Polygon","coordinates":[[[-72.94720837974542,-13.392918918932331],[-72.9472160428442,-13.392015258708113],[-72.948139075341,-13.39202275901879],[-72.94813141568204,-13.392926419767305],[-72.94720837974542,-13.392918918932331]]]}},{"type":"Feature","properties":{"Cell_ID":850,"Area_ha":1.0,"LC":"5:0.269383,9:0.032122,13:0.592504,16:0.105992","XMIN":722194.86160847,"YMIN":8518389.517664917,"XMAX":722294.86160847,"YMAX":8518489.517664917},"geometry":{"type":"Polygon","coordinates":[[[-72.94720071608182,-13.39382257908772],[-72.94720837974542,-13.392918918932331],[-72.94813141568204,-13.392926419767305],[-72.9481237554585,-13.393830080447003],[-72.94720071608182,-13.39382257908772]]]}},{"type":"Feature","properties":{"Cell_ID":851,"Area_ha":1.0,"LC":"3:0.007687,5:0.918443,13:0.073870","XMIN":722194.86160847,"YMIN":8518289.517664917,"XMAX":722294.86160847,"YMAX":8518389.517664917},"geometry":{"type":"Polygon","coordinates":[[[-72.9471930518534,-13.394726239174277],[-72.94720071608182,-13.39382257908772],[-72.9481237554585,-13.393830080447003],[-72.9481160946704,-13.394733741057872],[-72.9471930518534,-13.394726239174277]]]}},{"type":"Feature","properties":{"Cell_ID":852,"Area_ha":1.0,"LC":"3:0.070374,5:0.880588,9:0.049039","XMIN":722194.86160847,"YMIN":8518189.517664917,"XMAX":722294.86160847,"YMAX":8518289.517664917},"geometry":{"type":"Polygon","coordinates":[[[-72.94718538706016,-13.395629899192002],[-72.9471930518534,-13.394726239174277],[-72.9481160946704,-13.394733741057872],[-72.94810843331773,-13.395637401599915],[-72.94718538706016,-13.395629899192002]]]}},{"type":"Feature","properties":{"Cell_ID":853,"Area_ha":1.0,"LC":"5:0.835153,9:0.164656,13:0.000191","XMIN":722194.86160847,"YMIN":8518089.517664917,"XMAX":722294.86160847,"YMAX":8518189.517664917},"geometry":{"type":"Polygon","coordinates":[[[-72.94717772170208,-13.39653355914089],[-72.94718538706016,-13.395629899192002],[-72.94810843331773,-13.395637401599915],[-72.94810077140048,-13.396541062073123],[-72.94717772170208,-13.39653355914089]]]}},{"type":"Feature","properties":{"Cell_ID":854,"Area_ha":1.0,"LC":"5:0.619587,9:0.313282,13:0.067131","XMIN":722194.86160847,"YMIN":8517989.517664917,"XMAX":722294.86160847,"YMAX":8518089.517664917},"geometry":{"type":"Polygon","coordinates":[[[-72.94717005577914,-13.39743721902093],[-72.94717772170208,-13.39653355914089],[-72.94810077140048,-13.396541062073123],[-72.94809310891861,-13.397444722477488],[-72.94717005577914,-13.39743721902093]]]}},{"type":"Feature","properties":{"Cell_ID":855,"Area_ha":1.0,"LC":"5:0.400000,9:0.222474,13:0.377526","XMIN":722194.86160847,"YMIN":8517889.517664917,"XMAX":722294.86160847,"YMAX":8517989.517664917},"geometry":{"type":"Polygon","coordinates":[[[-72.94716238929135,-13.39834087883213],[-72.94717005577914,-13.39743721902093],[-72.94809310891861,-13.397444722477488],[-72.94808544587214,-13.398348382813012],[-72.94716238929135,-13.39834087883213]]]}},{"type":"Feature","properties":{"Cell_ID":856,"Area_ha":1.0,"LC":"3:0.001160,5:0.273091,9:0.098304,13:0.151322,16:0.476122","XMIN":722194.86160847,"YMIN":8517789.517664917,"XMAX":722294.86160847,"YMAX":8517889.517664917},"geometry":{"type":"Polygon","coordinates":[[[-72.94715472223868,-13.399244538574475],[-72.94716238929135,-13.39834087883213],[-72.94808544587214,-13.398348382813012],[-72.94807778226105,-13.39925204307969],[-72.94715472223868,-13.399244538574475]]]}},{"type":"Feature","properties":{"Cell_ID":857,"Area_ha":1.0,"LC":"3:0.003687,5:0.160000,9:0.009039,13:0.827274","XMIN":722194.86160847,"YMIN":8517689.517664917,"XMAX":722294.86160847,"YMAX":8517789.517664917},"geometry":{"type":"Polygon","coordinates":[[[-72.94714705462111,-13.400148198247967],[-72.94715472223868,-13.399244538574475],[-72.94807778226105,-13.39925204307969],[-72.94807011808534,-13.400155703277512],[-72.94714705462111,-13.400148198247967]]]}},{"type":"Feature","properties":{"Cell_ID":858,"Area_ha":1.0,"LC":"5:0.643809,9:0.260413,13:0.095778","XMIN":722194.86160847,"YMIN":8517589.517664917,"XMAX":722294.86160847,"YMAX":8517689.517664917},"geometry":{"type":"Polygon","coordinates":[[[-72.94713938643866,-13.401051857852595],[-72.94714705462111,-13.400148198247967],[-72.94807011808534,-13.400155703277512],[-72.94806245334497,-13.401059363406478],[-72.94713938643866,-13.401051857852595]]]}},{"type":"Feature","properties":{"Cell_ID":859,"Area_ha":1.0,"LC":"5:0.181526,9:0.807100,13:0.011374","XMIN":722194.86160847,"YMIN":8517489.517664917,"XMAX":722294.86160847,"YMAX":8517589.517664917},"geometry":{"type":"Polygon","coordinates":[[[-72.94713171769132,-13.401955517388359],[-72.94713938643866,-13.401051857852595],[-72.94806245334497,-13.401059363406478],[-72.94805478803998,-13.401963023466584],[-72.94713171769132,-13.401955517388359]]]}},{"type":"Feature","properties":{"Cell_ID":860,"Area_ha":1.0,"LC":"5:0.001160,9:0.449266,13:0.549574","XMIN":722194.86160847,"YMIN":8517389.517664917,"XMAX":722294.86160847,"YMAX":8517489.517664917},"geometry":{"type":"Polygon","coordinates":[[[-72.94712404837907,-13.402859176855255],[-72.94713171769132,-13.401955517388359],[-72.94805478803998,-13.401963023466584],[-72.94804712217032,-13.402866683457827],[-72.94712404837907,-13.402859176855255]]]}},{"type":"Feature","properties":{"Cell_ID":861,"Area_ha":1.0,"LC":"5:0.260604,13:0.739396","XMIN":722194.86160847,"YMIN":8517289.517664917,"XMAX":722294.86160847,"YMAX":8517389.517664917},"geometry":{"type":"Polygon","coordinates":[[[-72.94711637850189,-13.403762836253277],[-72.94712404837907,-13.402859176855255],[-72.94804712217032,-13.402866683457827],[-72.948039455736,-13.403770343380202],[-72.94711637850189,-13.403762836253277]]]}},{"type":"Feature","properties":{"Cell_ID":862,"Area_ha":1.0,"LC":"5:0.660604,13:0.339396","XMIN":722194.86160847,"YMIN":8517189.517664917,"XMAX":722294.86160847,"YMAX":8517289.517664917},"geometry":{"type":"Polygon","coordinates":[[[-72.94710870805977,-13.404666495582426],[-72.94711637850189,-13.403762836253277],[-72.948039455736,-13.403770343380202],[-72.94803178873698,-13.404674003233701],[-72.94710870805977,-13.404666495582426]]]}},{"type":"Feature","properties":{"Cell_ID":863,"Area_ha":1.0,"LC":"5:0.929626,13:0.070374","XMIN":722194.86160847,"YMIN":8517089.517664917,"XMAX":722294.86160847,"YMAX":8517189.517664917},"geometry":{"type":"Polygon","coordinates":[[[-72.94710103705272,-13.405570154842685],[-72.94710870805977,-13.404666495582426],[-72.94803178873698,-13.404674003233701],[-72.94802412117329,-13.405577663018319],[-72.94710103705272,-13.405570154842685]]]}},{"type":"Feature","properties":{"Cell_ID":864,"Area_ha":1.0,"LC":"5:1.000000","XMIN":722194.86160847,"YMIN":8516989.517664917,"XMAX":722294.86160847,"YMAX":8517089.517664917},"geometry":{"type":"Polygon","coordinates":[[[-72.94709336548071,-13.406473814034063],[-72.94710103705272,-13.405570154842685],[-72.94802412117329,-13.405577663018319],[-72.9480164530449,-13.406481322734056],[-72.94709336548071,-13.406473814034063]]]}},{"type":"Feature","properties":{"Cell_ID":865,"Area_ha":1.0,"LC":"5:1.000000","XMIN":722194.86160847,"YMIN":8516889.517664917,"XMAX":722294.86160847,"YMAX":8516989.517664917},"geometry":{"type":"Polygon","coordinates":[[[-72.94708569334372,-13.40737747315655],[-72.94709336548071,-13.406473814034063],[-72.9480164530449,-13.406481322734056],[-72.94800878435179,-13.40738498238091],[-72.94708569334372,-13.40737747315655]]]}},{"type":"Feature","properties":{"Cell_ID":866,"Area_ha":1.0,"LC":"5:1.000000","XMIN":722194.86160847,"YMIN":8516789.517664917,"XMAX":722294.86160847,"YMAX":8516889.517664917},"geometry":{"type":"Polygon","coordinates":[[[-72.94707802064178,-13.408281132210144],[-72.94708569334372,-13.40737747315655],[-72.94800878435179,-13.40738498238091],[-72.94800111509397,-13.408288641958867],[-72.94707802064178,-13.408281132210144]]]}},{"type":"Feature","properties":{"Cell_ID":867,"Area_ha":1.0,"LC":"3:0.383635,5:0.616365","XMIN":722194.86160847,"YMIN":8516689.517664917,"XMAX":722294.86160847,"YMAX":8516789.517664917},"geometry":{"type":"Polygon","coordinates":[[[-72.94707034737486,-13.409184791194832],[-72.94707802064178,-13.408281132210144],[-72.94800111509397,-13.408288641958867],[-72.94799344527142,-13.409192301467932],[-72.94707034737486,-13.409184791194832]]]}},{"type":"Feature","properties":{"Cell_ID":868,"Area_ha":1.0,"LC":"3:0.508312,5:0.491688","XMIN":722194.86160847,"YMIN":8516589.517664917,"XMAX":722294.86160847,"YMAX":8516689.517664917},"geometry":{"type":"Polygon","coordinates":[[[-72.94706267354294,-13.41008845011062],[-72.94707034737486,-13.409184791194832],[-72.94799344527142,-13.409192301467932],[-72.94798577488412,-13.410095960908096],[-72.94706267354294,-13.41008845011062]]]}},{"type":"Feature","properties":{"Cell_ID":869,"Area_ha":1.0,"LC":"3:0.164847,5:0.835153","XMIN":722194.86160847,"YMIN":8516489.517664917,"XMAX":722294.86160847,"YMAX":8516589.517664917},"geometry":{"type":"Polygon","coordinates":[[[-72.94705499914602,-13.410992108957503],[-72.94706267354294,-13.41008845011062],[-72.94798577488412,-13.410095960908096],[-72.94797810393207,-13.410999620279355],[-72.94705499914602,-13.410992108957503]]]}},{"type":"Feature","properties":{"Cell_ID":870,"Area_ha":1.0,"LC":"3:0.112900,5:0.887100","XMIN":722194.86160847,"YMIN":8516389.517664917,"XMAX":722294.86160847,"YMAX":8516489.517664917},"geometry":{"type":"Polygon","coordinates":[[[-72.94704732418408,-13.411895767735468],[-72.94705499914602,-13.410992108957503],[-72.94797810393207,-13.410999620279355],[-72.94797043241527,-13.41190327958171],[-72.94704732418408,-13.411895767735468]]]}},{"type":"Feature","properties":{"Cell_ID":871,"Area_ha":1.0,"LC":"5:1.000000","XMIN":722194.86160847,"YMIN":8516289.517664917,"XMAX":722294.86160847,"YMAX":8516389.517664917},"geometry":{"type":"Polygon","coordinates":[[[-72.94703964865712,-13.41279942644452],[-72.94704732418408,-13.411895767735468],[-72.94797043241527,-13.41190327958171],[-72.94796276033371,-13.412806938815146],[-72.94703964865712,-13.41279942644452]]]}},{"type":"Feature","properties":{"Cell_ID":872,"Area_ha":1.0,"LC":"5:1.000000","XMIN":722194.86160847,"YMIN":8516189.517664917,"XMAX":722294.86160847,"YMAX":8516289.517664917},"geometry":{"type":"Polygon","coordinates":[[[-72.94703197256513,-13.413703085084649],[-72.94703964865712,-13.41279942644452],[-72.94796276033371,-13.412806938815146],[-72.94795508768736,-13.413710597979664],[-72.94703197256513,-13.413703085084649]]]}},{"type":"Feature","properties":{"Cell_ID":873,"Area_ha":1.0,"LC":"5:1.000000","XMIN":722194.86160847,"YMIN":8516089.517664917,"XMAX":722294.86160847,"YMAX":8516189.517664917},"geometry":{"type":"Polygon","coordinates":[[[-72.94702429590811,-13.414606743655854],[-72.94703197256513,-13.413703085084649],[-72.94795508768736,-13.413710597979664],[-72.94794741447623,-13.414614257075264],[-72.94702429590811,-13.414606743655854]]]}},{"type":"Feature","properties":{"Cell_ID":874,"Area_ha":1.0,"LC":"5:1.000000","XMIN":722194.86160847,"YMIN":8515989.517664917,"XMAX":722294.86160847,"YMAX":8516089.517664917},"geometry":{"type":"Polygon","coordinates":[[[-72.947016618686,-13.415510402158128],[-72.94702429590811,-13.414606743655854],[-72.94794741447623,-13.414614257075264],[-72.94793974070028,-13.415517916101937],[-72.947016618686,-13.415510402158128]]]}},{"type":"Feature","properties":{"Cell_ID":875,"Area_ha":1.0,"LC":"5:0.992122,9:0.007878","XMIN":722194.86160847,"YMIN":8515889.517664917,"XMAX":722294.86160847,"YMAX":8515989.517664917},"geometry":{"type":"Polygon","coordinates":[[[-72.94700894089887,-13.41641406059147],[-72.947016618686,-13.415510402158128],[-72.94793974070028,-13.415517916101937],[-72.94793206635953,-13.41642157505968],[-72.94700894089887,-13.41641406059147]]]}},{"type":"Feature","properties":{"Cell_ID":876,"Area_ha":1.0,"LC":"5:0.744434,9:0.255566","XMIN":722194.86160847,"YMIN":8515789.517664917,"XMAX":722294.86160847,"YMAX":8515889.517664917},"geometry":{"type":"Polygon","coordinates":[[[-72.94700126254665,-13.41731771895587],[-72.94700894089887,-13.41641406059147],[-72.94793206635953,-13.41642157505968],[-72.94792439145397,-13.417325233948485],[-72.94700126254665,-13.41731771895587]]]}},{"type":"Feature","properties":{"Cell_ID":877,"Area_ha":1.0,"LC":"5:0.587322,9:0.412678","XMIN":722194.86160847,"YMIN":8515689.517664917,"XMAX":722294.86160847,"YMAX":8515789.517664917},"geometry":{"type":"Polygon","coordinates":[[[-72.94699358362934,-13.418221377251328],[-72.94700126254665,-13.41731771895587],[-72.94792439145397,-13.417325233948485],[-72.94791671598357,-13.418228892768356],[-72.94699358362934,-13.418221377251328]]]}},{"type":"Feature","properties":{"Cell_ID":878,"Area_ha":1.0,"LC":"16:0.146961,18:0.853039","XMIN":722294.86160847,"YMIN":8518989.517664917,"XMAX":722394.86160847,"YMAX":8519089.517664917},"geometry":{"type":"Polygon","coordinates":[[[-72.94632367141607,-13.388393115542819],[-72.94633133512947,-13.387489455499061],[-72.94725434986628,-13.38749695655482],[-72.94724668959141,-13.388400617123095],[-72.94632367141607,-13.388393115542819]]]}},{"type":"Feature","properties":{"Cell_ID":879,"Area_ha":1.0,"LC":"16:0.583635,18:0.416365","XMIN":722294.86160847,"YMIN":8518889.517664917,"XMAX":722394.86160847,"YMAX":8518989.517664917},"geometry":{"type":"Polygon","coordinates":[[[-72.94631600713765,-13.389296775517764],[-72.94632367141607,-13.388393115542819],[-72.94724668959141,-13.388400617123095],[-72.94723902875177,-13.389304277622562],[-72.94631600713765,-13.389296775517764]]]}},{"type":"Feature","properties":{"Cell_ID":880,"Area_ha":1.0,"LC":"9:0.007878,16:0.992122","XMIN":722294.86160847,"YMIN":8518789.517664917,"XMAX":722394.86160847,"YMAX":8518889.517664917},"geometry":{"type":"Polygon","coordinates":[[[-72.9463083422942,-13.390200435423898],[-72.94631600713765,-13.389296775517764],[-72.94723902875177,-13.389304277622562],[-72.94723136734737,-13.39020793805323],[-72.9463083422942,-13.390200435423898]]]}},{"type":"Feature","properties":{"Cell_ID":881,"Area_ha":1.0,"LC":"9:0.509383,16:0.490617","XMIN":722294.86160847,"YMIN":8518689.517664917,"XMAX":722394.86160847,"YMAX":8518789.517664917},"geometry":{"type":"Polygon","coordinates":[[[-72.94630067688571,-13.391104095261218],[-72.9463083422942,-13.390200435423898],[-72.94723136734737,-13.39020793805323],[-72.94722370537818,-13.39111159841508],[-72.94630067688571,-13.391104095261218]]]}},{"type":"Feature","properties":{"Cell_ID":882,"Area_ha":1.0,"LC":"9:0.815396,13:0.183826,16:0.000779","XMIN":722294.86160847,"YMIN":8518589.517664917,"XMAX":722394.86160847,"YMAX":8518689.517664917},"geometry":{"type":"Polygon","coordinates":[[[-72.9462930109122,-13.392007755029715],[-72.94630067688571,-13.391104095261218],[-72.94722370537818,-13.39111159841508],[-72.9472160428442,-13.392015258708113],[-72.9462930109122,-13.392007755029715]]]}},{"type":"Feature","properties":{"Cell_ID":883,"Area_ha":1.0,"LC":"9:0.142496,13:0.771756,16:0.085748","XMIN":722294.86160847,"YMIN":8518489.517664917,"XMAX":722394.86160847,"YMAX":8518589.517664917},"geometry":{"type":"Polygon","coordinates":[[[-72.9462853443736,-13.392911414729394],[-72.9462930109122,-13.392007755029715],[-72.9472160428442,-13.392015258708113],[-72.94720837974542,-13.392918918932331],[-72.9462853443736,-13.392911414729394]]]}},{"type":"Feature","properties":{"Cell_ID":884,"Area_ha":1.0,"LC":"5:0.056917,13:0.872709,16:0.070374","XMIN":722294.86160847,"YMIN":8518389.517664917,"XMAX":722394.86160847,"YMAX":8518489.517664917},"geometry":{"type":"Polygon","coordinates":[[[-72.94627767726996,-13.393815074360235],[-72.9462853443736,-13.392911414729394],[-72.94720837974542,-13.392918918932331],[-72.94720071608182,-13.39382257908772],[-72.94627767726996,-13.393815074360235]]]}},{"type":"Feature","properties":{"Cell_ID":885,"Area_ha":1.0,"LC":"5:0.865383,13:0.134617","XMIN":722294.86160847,"YMIN":8518289.517664917,"XMAX":722394.86160847,"YMAX":8518389.517664917},"geometry":{"type":"Polygon","coordinates":[[[-72.94627000960125,-13.39471873392225],[-72.94627767726996,-13.393815074360235],[-72.94720071608182,-13.39382257908772],[-72.9471930518534,-13.394726239174277],[-72.94627000960125,-13.39471873392225]]]}},{"type":"Feature","properties":{"Cell_ID":886,"Area_ha":1.0,"LC":"3:0.010978,5:0.798670,9:0.190352","XMIN":722294.86160847,"YMIN":8518189.517664917,"XMAX":722394.86160847,"YMAX":8518289.517664917},"geometry":{"type":"Polygon","coordinates":[[[-72.94626234136744,-13.395622393415424],[-72.94627000960125,-13.39471873392225],[-72.9471930518534,-13.394726239174277],[-72.94718538706016,-13.395629899192002],[-72.94626234136744,-13.395622393415424]]]}},{"type":"Feature","properties":{"Cell_ID":887,"Area_ha":1.0,"LC":"3:0.032900,9:0.766739,13:0.200361","XMIN":722294.86160847,"YMIN":8518089.517664917,"XMAX":722394.86160847,"YMAX":8518189.517664917},"geometry":{"type":"Polygon","coordinates":[[[-72.94625467256854,-13.396526052839754],[-72.94626234136744,-13.395622393415424],[-72.94718538706016,-13.395629899192002],[-72.94717772170208,-13.39653355914089],[-72.94625467256854,-13.396526052839754]]]}},{"type":"Feature","properties":{"Cell_ID":888,"Area_ha":1.0,"LC":"9:0.399391,13:0.600609","XMIN":722294.86160847,"YMIN":8517989.517664917,"XMAX":722394.86160847,"YMAX":8518089.517664917},"geometry":{"type":"Polygon","coordinates":[[[-72.94624700320453,-13.397429712195235],[-72.94625467256854,-13.396526052839754],[-72.94717772170208,-13.39653355914089],[-72.94717005577914,-13.39743721902093],[-72.94624700320453,-13.397429712195235]]]}},{"type":"Feature","properties":{"Cell_ID":889,"Area_ha":1.0,"LC":"5:0.010008,9:0.593870,13:0.396122","XMIN":722294.86160847,"YMIN":8517889.517664917,"XMAX":722394.86160847,"YMAX":8517989.517664917},"geometry":{"type":"Polygon","coordinates":[[[-72.9462393332754,-13.398333371481874],[-72.94624700320453,-13.397429712195235],[-72.94717005577914,-13.39743721902093],[-72.94716238929135,-13.39834087883213],[-72.9462393332754,-13.398333371481874]]]}},{"type":"Feature","properties":{"Cell_ID":890,"Area_ha":1.0,"LC":"3:0.054596,5:0.529626,9:0.415778","XMIN":722294.86160847,"YMIN":8517789.517664917,"XMAX":722394.86160847,"YMAX":8517889.517664917},"geometry":{"type":"Polygon","coordinates":[[[-72.94623166278116,-13.399237030699656],[-72.9462393332754,-13.398333371481874],[-72.94716238929135,-13.39834087883213],[-72.94715472223868,-13.399244538574475],[-72.94623166278116,-13.399237030699656]]]}},{"type":"Feature","properties":{"Cell_ID":891,"Area_ha":1.0,"LC":"3:0.396313,5:0.475221,9:0.128466","XMIN":722294.86160847,"YMIN":8517689.517664917,"XMAX":722394.86160847,"YMAX":8517789.517664917},"geometry":{"type":"Polygon","coordinates":[[[-72.94622399172178,-13.400140689848573],[-72.94623166278116,-13.399237030699656],[-72.94715472223868,-13.399244538574475],[-72.94714705462111,-13.400148198247967],[-72.94622399172178,-13.400140689848573]]]}},{"type":"Feature","properties":{"Cell_ID":892,"Area_ha":1.0,"LC":"3:0.064244,5:0.036969,9:0.755344,13:0.143444","XMIN":722294.86160847,"YMIN":8517589.517664917,"XMAX":722394.86160847,"YMAX":8517689.517664917},"geometry":{"type":"Polygon","coordinates":[[[-72.94621632009726,-13.401044348928627],[-72.94622399172178,-13.400140689848573],[-72.94714705462111,-13.400148198247967],[-72.94713938643866,-13.401051857852595],[-72.94621632009726,-13.401044348928627]]]}},{"type":"Feature","properties":{"Cell_ID":893,"Area_ha":1.0,"LC":"5:0.060604,9:0.430961,13:0.508435","XMIN":722294.86160847,"YMIN":8517489.517664917,"XMAX":722394.86160847,"YMAX":8517589.517664917},"geometry":{"type":"Polygon","coordinates":[[[-72.94620864790757,-13.401948007939817],[-72.94621632009726,-13.401044348928627],[-72.94713938643866,-13.401051857852595],[-72.94713171769132,-13.401955517388359],[-72.94620864790757,-13.401948007939817]]]}},{"type":"Feature","properties":{"Cell_ID":894,"Area_ha":1.0,"LC":"5:0.547322,9:0.031343,13:0.421335","XMIN":722294.86160847,"YMIN":8517389.517664917,"XMAX":722394.86160847,"YMAX":8517489.517664917},"geometry":{"type":"Polygon","coordinates":[[[-72.94620097515272,-13.40285166688213],[-72.94620864790757,-13.401948007939817],[-72.94713171769132,-13.401955517388359],[-72.94712404837907,-13.402859176855255],[-72.94620097515272,-13.40285166688213]]]}},{"type":"Feature","properties":{"Cell_ID":895,"Area_ha":1.0,"LC":"5:1.000000","XMIN":722294.86160847,"YMIN":8517289.517664917,"XMAX":722394.86160847,"YMAX":8517389.517664917},"geometry":{"type":"Polygon","coordinates":[[[-72.9461933018327,-13.403755325755569],[-72.94620097515272,-13.40285166688213],[-72.94712404837907,-13.402859176855255],[-72.94711637850189,-13.403762836253277],[-72.9461933018327,-13.403755325755569]]]}},{"type":"Feature","properties":{"Cell_ID":896,"Area_ha":1.0,"LC":"5:1.000000","XMIN":722294.86160847,"YMIN":8517189.517664917,"XMAX":722394.86160847,"YMAX":8517289.517664917},"geometry":{"type":"Polygon","coordinates":[[[-72.94618562794749,-13.404658984560124],[-72.9461933018327,-13.403755325755569],[-72.94711637850189,-13.403762836253277],[-72.94710870805977,-13.404666495582426],[-72.94618562794749,-13.404658984560124]]]}},{"type":"Feature","properties":{"Cell_ID":897,"Area_ha":1.0,"LC":"5:1.000000","XMIN":722294.86160847,"YMIN":8517089.517664917,"XMAX":722394.86160847,"YMAX":8517189.517664917},"geometry":{"type":"Polygon","coordinates":[[[-72.94617795349708,-13.405562643295795],[-72.94618562794749,-13.404658984560124],[-72.94710870805977,-13.404666495582426],[-72.94710103705272,-13.405570154842685],[-72.94617795349708,-13.405562643295795]]]}},{"type":"Feature","properties":{"Cell_ID":898,"Area_ha":1.0,"LC":"5:1.000000","XMIN":722294.86160847,"YMIN":8516989.517664917,"XMAX":722394.86160847,"YMAX":8517089.517664917},"geometry":{"type":"Polygon","coordinates":[[[-72.94617027848146,-13.406466301962578],[-72.94617795349708,-13.405562643295795],[-72.94710103705272,-13.405570154842685],[-72.94709336548071,-13.406473814034063],[-72.94617027848146,-13.406466301962578]]]}},{"type":"Feature","properties":{"Cell_ID":899,"Area_ha":1.0,"LC":"5:1.000000","XMIN":722294.86160847,"YMIN":8516889.517664917,"XMAX":722394.86160847,"YMAX":8516989.517664917},"geometry":{"type":"Polygon","coordinates":[[[-72.94616260290064,-13.407369960560466],[-72.94617027848146,-13.406466301962578],[-72.94709336548071,-13.406473814034063],[-72.94708569334372,-13.40737747315655],[-72.94616260290064,-13.407369960560466]]]}},{"type":"Feature","properties":{"Cell_ID":900,"Area_ha":1.0,"LC":"5:1.000000","XMIN":722294.86160847,"YMIN":8516789.517664917,"XMAX":722394.86160847,"YMAX":8516889.517664917},"geometry":{"type":"Polygon","coordinates":[[[-72.94615492675459,-13.408273619089451],[-72.94616260290064,-13.407369960560466],[-72.94708569334372,-13.40737747315655],[-72.94707802064178,-13.408281132210144],[-72.94615492675459,-13.408273619089451]]]}},{"type":"Feature","properties":{"Cell_ID":901,"Area_ha":1.0,"LC":"5:1.000000","XMIN":722294.86160847,"YMIN":8516689.517664917,"XMAX":722394.86160847,"YMAX":8516789.517664917},"geometry":{"type":"Polygon","coordinates":[[[-72.9461472500433,-13.409177277549535],[-72.94615492675459,-13.408273619089451],[-72.94707802064178,-13.408281132210144],[-72.94707034737486,-13.409184791194832],[-72.9461472500433,-13.409177277549535]]]}},{"type":"Feature","properties":{"Cell_ID":902,"Area_ha":1.0,"LC":"3:0.163809,5:0.836191","XMIN":722294.86160847,"YMIN":8516589.517664917,"XMAX":722394.86160847,"YMAX":8516689.517664917},"geometry":{"type":"Polygon","coordinates":[[[-72.94613957276677,-13.410080935940714],[-72.9461472500433,-13.409177277549535],[-72.94707034737486,-13.409184791194832],[-72.94706267354294,-13.41008845011062],[-72.94613957276677,-13.410080935940714]]]}},{"type":"Feature","properties":{"Cell_ID":903,"Area_ha":1.0,"LC":"3:0.203031,5:0.692174,9:0.103826,16:0.000969","XMIN":722294.86160847,"YMIN":8516489.517664917,"XMAX":722394.86160847,"YMAX":8516589.517664917},"geometry":{"type":"Polygon","coordinates":[[[-72.94613189492497,-13.410984594262978],[-72.94613957276677,-13.410080935940714],[-72.94706267354294,-13.41008845011062],[-72.94705499914602,-13.410992108957503],[-72.94613189492497,-13.410984594262978]]]}},{"type":"Feature","properties":{"Cell_ID":904,"Area_ha":1.0,"LC":"3:0.063465,5:0.443809,9:0.180052,14:0.312673","XMIN":722294.86160847,"YMIN":8516389.517664917,"XMAX":722394.86160847,"YMAX":8516489.517664917},"geometry":{"type":"Polygon","coordinates":[[[-72.94612421651792,-13.411888252516329],[-72.94613189492497,-13.410984594262978],[-72.94705499914602,-13.410992108957503],[-72.94704732418408,-13.411895767735468],[-72.94612421651792,-13.411888252516329]]]}},{"type":"Feature","properties":{"Cell_ID":905,"Area_ha":1.0,"LC":"5:0.195153,14:0.804847","XMIN":722294.86160847,"YMIN":8516289.517664917,"XMAX":722394.86160847,"YMAX":8516389.517664917},"geometry":{"type":"Polygon","coordinates":[[[-72.94611653754558,-13.412791910700758],[-72.94612421651792,-13.411888252516329],[-72.94704732418408,-13.411895767735468],[-72.94703964865712,-13.41279942644452],[-72.94611653754558,-13.412791910700758]]]}},{"type":"Feature","properties":{"Cell_ID":906,"Area_ha":1.0,"LC":"5:0.450909,14:0.549091","XMIN":722294.86160847,"YMIN":8516189.517664917,"XMAX":722394.86160847,"YMAX":8516289.517664917},"geometry":{"type":"Polygon","coordinates":[[[-72.94610885800795,-13.413695568816259],[-72.94611653754558,-13.412791910700758],[-72.94703964865712,-13.41279942644452],[-72.94703197256513,-13.413703085084649],[-72.94610885800795,-13.413695568816259]]]}},{"type":"Feature","properties":{"Cell_ID":907,"Area_ha":1.0,"LC":"5:0.733039,14:0.266961","XMIN":722294.86160847,"YMIN":8516089.517664917,"XMAX":722394.86160847,"YMAX":8516189.517664917},"geometry":{"type":"Polygon","coordinates":[[[-72.94610117790505,-13.414599226862832],[-72.94610885800795,-13.413695568816259],[-72.94703197256513,-13.413703085084649],[-72.94702429590811,-13.414606743655854],[-72.94610117790505,-13.414599226862832]]]}},{"type":"Feature","properties":{"Cell_ID":908,"Area_ha":1.0,"LC":"3:0.056917,5:0.943083","XMIN":722294.86160847,"YMIN":8515989.517664917,"XMAX":722394.86160847,"YMAX":8516089.517664917},"geometry":{"type":"Polygon","coordinates":[[[-72.94609349723682,-13.415502884840475],[-72.94610117790505,-13.414599226862832],[-72.94702429590811,-13.414606743655854],[-72.947016618686,-13.415510402158128],[-72.94609349723682,-13.415502884840475]]]}},{"type":"Feature","properties":{"Cell_ID":909,"Area_ha":1.0,"LC":"16:0.921939,18:0.078061","XMIN":722394.86160847,"YMIN":8518989.517664917,"XMAX":722494.86160847,"YMAX":8519089.517664917},"geometry":{"type":"Polygon","coordinates":[[[-72.94540065380575,-13.388385610595764],[-72.94540832095768,-13.387481951076767],[-72.94633133512947,-13.387489455499061],[-72.94632367141607,-13.388393115542819],[-72.94540065380575,-13.388385610595764]]]}},{"type":"Feature","properties":{"Cell_ID":910,"Area_ha":1.0,"LC":"16:1.000000","XMIN":722394.86160847,"YMIN":8518889.517664917,"XMAX":722494.86160847,"YMAX":8518989.517664917},"geometry":{"type":"Polygon","coordinates":[[[-72.94539298608855,-13.389289270045948],[-72.94540065380575,-13.388385610595764],[-72.94632367141607,-13.388393115542819],[-72.94631600713765,-13.389296775517764],[-72.94539298608855,-13.389289270045948]]]}},{"type":"Feature","properties":{"Cell_ID":911,"Area_ha":1.0,"LC":"16:1.000000","XMIN":722394.86160847,"YMIN":8518789.517664917,"XMAX":722494.86160847,"YMAX":8518889.517664917},"geometry":{"type":"Polygon","coordinates":[[[-72.94538531780607,-13.390192929427322],[-72.94539298608855,-13.389289270045948],[-72.94631600713765,-13.389296775517764],[-72.9463083422942,-13.390200435423898],[-72.94538531780607,-13.390192929427322]]]}},{"type":"Feature","properties":{"Cell_ID":912,"Area_ha":1.0,"LC":"5:0.001160,16:0.998840","XMIN":722394.86160847,"YMIN":8518689.517664917,"XMAX":722494.86160847,"YMAX":8518789.517664917},"geometry":{"type":"Polygon","coordinates":[[[-72.94537764895831,-13.391096588739874],[-72.94538531780607,-13.390192929427322],[-72.9463083422942,-13.390200435423898],[-72.94630067688571,-13.391104095261218],[-72.94537764895831,-13.391096588739874]]]}},{"type":"Feature","properties":{"Cell_ID":913,"Area_ha":1.0,"LC":"5:0.260604,9:0.236122,13:0.063444,16:0.439830","XMIN":722394.86160847,"YMIN":8518589.517664917,"XMAX":722494.86160847,"YMAX":8518689.517664917},"geometry":{"type":"Polygon","coordinates":[[[-72.94536997954525,-13.392000247983603],[-72.94537764895831,-13.391096588739874],[-72.94630067688571,-13.391104095261218],[-72.9462930109122,-13.392007755029715],[-72.94536997954525,-13.392000247983603]]]}},{"type":"Feature","properties":{"Cell_ID":914,"Area_ha":1.0,"LC":"5:0.096726,13:0.903274","XMIN":722394.86160847,"YMIN":8518489.517664917,"XMAX":722494.86160847,"YMAX":8518589.517664917},"geometry":{"type":"Polygon","coordinates":[[[-72.94536230956687,-13.392903907158502],[-72.94536997954525,-13.392000247983603],[-72.9462930109122,-13.392007755029715],[-72.9462853443736,-13.392911414729394],[-72.94536230956687,-13.392903907158502]]]}},{"type":"Feature","properties":{"Cell_ID":915,"Area_ha":1.0,"LC":"5:0.850596,9:0.000969,13:0.148435","XMIN":722394.86160847,"YMIN":8518389.517664917,"XMAX":722494.86160847,"YMAX":8518489.517664917},"geometry":{"type":"Polygon","coordinates":[[[-72.94535463902318,-13.393807566264568],[-72.94536230956687,-13.392903907158502],[-72.9462853443736,-13.392911414729394],[-72.94627767726996,-13.393815074360235],[-72.94535463902318,-13.393807566264568]]]}},{"type":"Feature","properties":{"Cell_ID":916,"Area_ha":1.0,"LC":"3:0.264795,5:0.735205","XMIN":722394.86160847,"YMIN":8518289.517664917,"XMAX":722494.86160847,"YMAX":8518389.517664917},"geometry":{"type":"Polygon","coordinates":[[[-72.94534696791416,-13.394711225301794],[-72.94535463902318,-13.393807566264568],[-72.94627767726996,-13.393815074360235],[-72.94627000960125,-13.39471873392225],[-72.94534696791416,-13.394711225301794]]]}},{"type":"Feature","properties":{"Cell_ID":917,"Area_ha":1.0,"LC":"3:0.893436,5:0.106564","XMIN":722394.86160847,"YMIN":8518189.517664917,"XMAX":722494.86160847,"YMAX":8518289.517664917},"geometry":{"type":"Polygon","coordinates":[[[-72.94533929623981,-13.395614884270184],[-72.94534696791416,-13.394711225301794],[-72.94627000960125,-13.39471873392225],[-72.94626234136744,-13.395622393415424],[-72.94533929623981,-13.395614884270184]]]}},{"type":"Feature","properties":{"Cell_ID":918,"Area_ha":1.0,"LC":"3:0.279830,5:0.001748,9:0.660726,13:0.057695","XMIN":722394.86160847,"YMIN":8518089.517664917,"XMAX":722494.86160847,"YMAX":8518189.517664917},"geometry":{"type":"Polygon","coordinates":[[[-72.9453316240001,-13.396518543169726],[-72.94533929623981,-13.395614884270184],[-72.94626234136744,-13.395622393415424],[-72.94625467256854,-13.396526052839754],[-72.9453316240001,-13.396518543169726]]]}},{"type":"Feature","properties":{"Cell_ID":919,"Area_ha":1.0,"LC":"9:0.694596,13:0.305404","XMIN":722394.86160847,"YMIN":8517989.517664917,"XMAX":722494.86160847,"YMAX":8518089.517664917},"geometry":{"type":"Polygon","coordinates":[[[-72.94532395119504,-13.397422202000417],[-72.9453316240001,-13.396518543169726],[-72.94625467256854,-13.396526052839754],[-72.94624700320453,-13.397429712195235],[-72.94532395119504,-13.397422202000417]]]}},{"type":"Feature","properties":{"Cell_ID":920,"Area_ha":1.0,"LC":"5:0.245748,9:0.753473,13:0.000779","XMIN":722394.86160847,"YMIN":8517889.517664917,"XMAX":722494.86160847,"YMAX":8517989.517664917},"geometry":{"type":"Polygon","coordinates":[[[-72.9453162778246,-13.398325860762254],[-72.94532395119504,-13.397422202000417],[-72.94624700320453,-13.397429712195235],[-72.9462393332754,-13.398333371481874],[-72.9453162778246,-13.398325860762254]]]}},{"type":"Feature","properties":{"Cell_ID":921,"Area_ha":1.0,"LC":"5:0.109404,9:0.890596","XMIN":722394.86160847,"YMIN":8517789.517664917,"XMAX":722494.86160847,"YMAX":8517889.517664917},"geometry":{"type":"Polygon","coordinates":[[[-72.9453086038888,-13.399229519455234],[-72.9453162778246,-13.398325860762254],[-72.9462393332754,-13.398333371481874],[-72.94623166278116,-13.399237030699656],[-72.9453086038888,-13.399229519455234]]]}},{"type":"Feature","properties":{"Cell_ID":922,"Area_ha":1.0,"LC":"5:0.718422,9:0.281578","XMIN":722394.86160847,"YMIN":8517689.517664917,"XMAX":722494.86160847,"YMAX":8517789.517664917},"geometry":{"type":"Polygon","coordinates":[[[-72.9453009293876,-13.400133178079349],[-72.9453086038888,-13.399229519455234],[-72.94623166278116,-13.399237030699656],[-72.94622399172178,-13.400140689848573],[-72.9453009293876,-13.400133178079349]]]}},{"type":"Feature","properties":{"Cell_ID":923,"Area_ha":1.0,"LC":"5:1.000000","XMIN":722394.86160847,"YMIN":8517589.517664917,"XMAX":722494.86160847,"YMAX":8517689.517664917},"geometry":{"type":"Polygon","coordinates":[[[-72.945293254321,-13.401036836634592],[-72.9453009293876,-13.400133178079349],[-72.94622399172178,-13.400140689848573],[-72.94621632009726,-13.401044348928627],[-72.945293254321,-13.401036836634592]]]}},{"type":"Feature","properties":{"Cell_ID":924,"Area_ha":1.0,"LC":"5:1.000000","XMIN":722394.86160847,"YMIN":8517489.517664917,"XMAX":722494.86160847,"YMAX":8517589.517664917},"geometry":{"type":"Polygon","coordinates":[[[-72.94528557868898,-13.401940495120966],[-72.945293254321,-13.401036836634592],[-72.94621632009726,-13.401044348928627],[-72.94620864790757,-13.401948007939817],[-72.94528557868898,-13.401940495120966]]]}},{"type":"Feature","properties":{"Cell_ID":925,"Area_ha":1.0,"LC":"5:1.000000","XMIN":722394.86160847,"YMIN":8517389.517664917,"XMAX":722494.86160847,"YMAX":8517489.517664917},"geometry":{"type":"Polygon","coordinates":[[[-72.94527790249155,-13.402844153538464],[-72.94528557868898,-13.401940495120966],[-72.94620864790757,-13.401948007939817],[-72.94620097515272,-13.40285166688213],[-72.94527790249155,-13.402844153538464]]]}},{"type":"Feature","properties":{"Cell_ID":926,"Area_ha":1.0,"LC":"5:1.000000","XMIN":722394.86160847,"YMIN":8517289.517664917,"XMAX":722494.86160847,"YMAX":8517389.517664917},"geometry":{"type":"Polygon","coordinates":[[[-72.9452702257287,-13.403747811887083],[-72.94527790249155,-13.402844153538464],[-72.94620097515272,-13.40285166688213],[-72.9461933018327,-13.403755325755569],[-72.9452702257287,-13.403747811887083]]]}},{"type":"Feature","properties":{"Cell_ID":927,"Area_ha":1.0,"LC":"5:1.000000","XMIN":722394.86160847,"YMIN":8517189.517664917,"XMAX":722494.86160847,"YMAX":8517289.517664917},"geometry":{"type":"Polygon","coordinates":[[[-72.94526254840041,-13.404651470166817],[-72.9452702257287,-13.403747811887083],[-72.9461933018327,-13.403755325755569],[-72.94618562794749,-13.404658984560124],[-72.94526254840041,-13.404651470166817]]]}},{"type":"Feature","properties":{"Cell_ID":928,"Area_ha":1.0,"LC":"5:1.000000","XMIN":722394.86160847,"YMIN":8517089.517664917,"XMAX":722494.86160847,"YMAX":8517189.517664917},"geometry":{"type":"Polygon","coordinates":[[[-72.94525487050666,-13.405555128377658],[-72.94526254840041,-13.404651470166817],[-72.94618562794749,-13.404658984560124],[-72.94617795349708,-13.405562643295795],[-72.94525487050666,-13.405555128377658]]]}},{"type":"Feature","properties":{"Cell_ID":929,"Area_ha":1.0,"LC":"5:1.000000","XMIN":722394.86160847,"YMIN":8516989.517664917,"XMAX":722494.86160847,"YMAX":8517089.517664917},"geometry":{"type":"Polygon","coordinates":[[[-72.94524719204746,-13.40645878651961],[-72.94525487050666,-13.405555128377658],[-72.94617795349708,-13.405562643295795],[-72.94617027848146,-13.406466301962578],[-72.94524719204746,-13.40645878651961]]]}},{"type":"Feature","properties":{"Cell_ID":930,"Area_ha":1.0,"LC":"5:1.000000","XMIN":722394.86160847,"YMIN":8516889.517664917,"XMAX":722494.86160847,"YMAX":8516989.517664917},"geometry":{"type":"Polygon","coordinates":[[[-72.94523951302278,-13.40736244459266],[-72.94524719204746,-13.40645878651961],[-72.94617027848146,-13.406466301962578],[-72.94616260290064,-13.407369960560466],[-72.94523951302278,-13.40736244459266]]]}},{"type":"Feature","properties":{"Cell_ID":931,"Area_ha":1.0,"LC":"5:1.000000","XMIN":722394.86160847,"YMIN":8516789.517664917,"XMAX":722494.86160847,"YMAX":8516889.517664917},"geometry":{"type":"Polygon","coordinates":[[[-72.94523183343263,-13.408266102596809],[-72.94523951302278,-13.40736244459266],[-72.94616260290064,-13.407369960560466],[-72.94615492675459,-13.408273619089451],[-72.94523183343263,-13.408266102596809]]]}},{"type":"Feature","properties":{"Cell_ID":932,"Area_ha":1.0,"LC":"5:1.000000","XMIN":722394.86160847,"YMIN":8516689.517664917,"XMAX":722494.86160847,"YMAX":8516789.517664917},"geometry":{"type":"Polygon","coordinates":[[[-72.94522415327698,-13.409169760532048],[-72.94523183343263,-13.408266102596809],[-72.94615492675459,-13.408273619089451],[-72.9461472500433,-13.409177277549535],[-72.94522415327698,-13.409169760532048]]]}},{"type":"Feature","properties":{"Cell_ID":933,"Area_ha":1.0,"LC":"5:1.000000","XMIN":722394.86160847,"YMIN":8516589.517664917,"XMAX":722494.86160847,"YMAX":8516689.517664917},"geometry":{"type":"Polygon","coordinates":[[[-72.94521647255584,-13.41007341839838],[-72.94522415327698,-13.409169760532048],[-72.9461472500433,-13.409177277549535],[-72.94613957276677,-13.410080935940714],[-72.94521647255584,-13.41007341839838]]]}},{"type":"Feature","properties":{"Cell_ID":934,"Area_ha":1.0,"LC":"5:0.518670,9:0.007687,16:0.473643","XMIN":722394.86160847,"YMIN":8516489.517664917,"XMAX":722494.86160847,"YMAX":8516589.517664917},"geometry":{"type":"Polygon","coordinates":[[[-72.9452087912692,-13.410977076195795],[-72.94521647255584,-13.41007341839838],[-72.94613957276677,-13.410080935940714],[-72.94613189492497,-13.410984594262978],[-72.9452087912692,-13.410977076195795]]]}},{"type":"Feature","properties":{"Cell_ID":935,"Area_ha":1.0,"LC":"5:0.337695,6:0.000191,9:0.324191,14:0.046718,16:0.291205","XMIN":722394.86160847,"YMIN":8516389.517664917,"XMAX":722494.86160847,"YMAX":8516489.517664917},"geometry":{"type":"Polygon","coordinates":[[[-72.94520110941701,-13.41188073392429],[-72.9452087912692,-13.410977076195795],[-72.94613189492497,-13.410984594262978],[-72.94612421651792,-13.411888252516329],[-72.94520110941701,-13.41188073392429]]]}},{"type":"Feature","properties":{"Cell_ID":936,"Area_ha":1.0,"LC":"5:0.384244,6:0.148482,9:0.224244,14:0.243031","XMIN":722394.86160847,"YMIN":8516289.517664917,"XMAX":722494.86160847,"YMAX":8516389.517664917},"geometry":{"type":"Polygon","coordinates":[[[-72.94519342699931,-13.412784391583859],[-72.94520110941701,-13.41188073392429],[-72.94612421651792,-13.411888252516329],[-72.94611653754558,-13.412791910700758],[-72.94519342699931,-13.412784391583859]]]}},{"type":"Feature","properties":{"Cell_ID":937,"Area_ha":1.0,"LC":"5:0.287878,6:0.316969,14:0.395153","XMIN":722394.86160847,"YMIN":8516189.517664917,"XMAX":722494.86160847,"YMAX":8516289.517664917},"geometry":{"type":"Polygon","coordinates":[[[-72.94518574401607,-13.413688049174501],[-72.94519342699931,-13.412784391583859],[-72.94611653754558,-13.412791910700758],[-72.94610885800795,-13.413695568816259],[-72.94518574401607,-13.413688049174501]]]}},{"type":"Feature","properties":{"Cell_ID":938,"Area_ha":1.0,"LC":"3:0.130978,5:0.461505,6:0.185992,14:0.221526","XMIN":722394.86160847,"YMIN":8516089.517664917,"XMAX":722494.86160847,"YMAX":8516189.517664917},"geometry":{"type":"Polygon","coordinates":[[[-72.94517806046728,-13.41459170669621],[-72.94518574401607,-13.413688049174501],[-72.94610885800795,-13.413695568816259],[-72.94610117790505,-13.414599226862832],[-72.94517806046728,-13.41459170669621]]]}},{"type":"Feature","properties":{"Cell_ID":939,"Area_ha":1.0,"LC":"9:0.081939,16:0.078422,17:0.164379,18:0.321939","XMIN":722494.86160847,"YMIN":8519089.517664917,"XMAX":722594.86160847,"YMAX":8519189.517664917},"geometry":{"type":"Polygon","coordinates":[[[-72.94448530735114,-13.38747444328794],[-72.94449297737606,-13.386570784225123],[-72.94541598754435,-13.386578291488961],[-72.94540832095768,-13.387481951076767],[-72.94448530735114,-13.38747444328794]]]}},{"type":"Feature","properties":{"Cell_ID":940,"Area_ha":1.0,"LC":"16:1.000000","XMIN":722494.86160847,"YMIN":8518989.517664917,"XMAX":722594.86160847,"YMAX":8519089.517664917},"geometry":{"type":"Polygon","coordinates":[[[-72.9444776367607,-13.388378102281948],[-72.94448530735114,-13.38747444328794],[-72.94540832095768,-13.387481951076767],[-72.94540065380575,-13.388385610595764],[-72.9444776367607,-13.388378102281948]]]}},{"type":"Feature","properties":{"Cell_ID":941,"Area_ha":1.0,"LC":"16:1.000000","XMIN":722494.86160847,"YMIN":8518889.517664917,"XMAX":722594.86160847,"YMAX":8518989.517664917},"geometry":{"type":"Polygon","coordinates":[[[-72.94446996560472,-13.389281761207135],[-72.9444776367607,-13.388378102281948],[-72.94540065380575,-13.388385610595764],[-72.94539298608855,-13.389289270045948],[-72.94446996560472,-13.389281761207135]]]}},{"type":"Feature","properties":{"Cell_ID":942,"Area_ha":1.0,"LC":"13:0.000191,16:0.999809","XMIN":722494.86160847,"YMIN":8518789.517664917,"XMAX":722594.86160847,"YMAX":8518889.517664917},"geometry":{"type":"Polygon","coordinates":[[[-72.94446229388323,-13.39018542006351],[-72.94446996560472,-13.389281761207135],[-72.94539298608855,-13.389289270045948],[-72.94538531780607,-13.390192929427322],[-72.94446229388323,-13.39018542006351]]]}},{"type":"Feature","properties":{"Cell_ID":943,"Area_ha":1.0,"LC":"5:0.481330,13:0.001748,16:0.516922","XMIN":722494.86160847,"YMIN":8518689.517664917,"XMAX":722594.86160847,"YMAX":8518789.517664917},"geometry":{"type":"Polygon","coordinates":[[[-72.9444546215962,-13.39108907885106],[-72.94446229388323,-13.39018542006351],[-72.94538531780607,-13.390192929427322],[-72.94537764895831,-13.391096588739874],[-72.9444546215962,-13.39108907885106]]]}},{"type":"Feature","properties":{"Cell_ID":944,"Area_ha":1.0,"LC":"5:0.909022,13:0.090978","XMIN":722494.86160847,"YMIN":8518589.517664917,"XMAX":722594.86160847,"YMAX":8518689.517664917},"geometry":{"type":"Polygon","coordinates":[[[-72.9444469487436,-13.391992737569781],[-72.9444546215962,-13.39108907885106],[-72.94537764895831,-13.391096588739874],[-72.94536997954525,-13.392000247983603],[-72.9444469487436,-13.391992737569781]]]}},{"type":"Feature","properties":{"Cell_ID":945,"Area_ha":1.0,"LC":"5:0.159031,9:0.008069,13:0.832900","XMIN":722494.86160847,"YMIN":8518489.517664917,"XMAX":722594.86160847,"YMAX":8518589.517664917},"geometry":{"type":"Polygon","coordinates":[[[-72.94443927532545,-13.392896396219667],[-72.9444469487436,-13.391992737569781],[-72.94536997954525,-13.392000247983603],[-72.94536230956687,-13.392903907158502],[-72.94443927532545,-13.392896396219667]]]}},{"type":"Feature","properties":{"Cell_ID":946,"Area_ha":1.0,"LC":"5:0.767100,9:0.232900","XMIN":722494.86160847,"YMIN":8518389.517664917,"XMAX":722594.86160847,"YMAX":8518489.517664917},"geometry":{"type":"Polygon","coordinates":[[[-72.94443160134173,-13.393800054800721],[-72.94443927532545,-13.392896396219667],[-72.94536230956687,-13.392903907158502],[-72.94535463902318,-13.393807566264568],[-72.94443160134173,-13.393800054800721]]]}},{"type":"Feature","properties":{"Cell_ID":947,"Area_ha":1.0,"LC":"3:0.046718,5:0.953282","XMIN":722494.86160847,"YMIN":8518289.517664917,"XMAX":722594.86160847,"YMAX":8518389.517664917},"geometry":{"type":"Polygon","coordinates":[[[-72.94442392679242,-13.394703713312932],[-72.94443160134173,-13.393800054800721],[-72.94535463902318,-13.393807566264568],[-72.94534696791416,-13.394711225301794],[-72.94442392679242,-13.394703713312932]]]}},{"type":"Feature","properties":{"Cell_ID":948,"Area_ha":1.0,"LC":"3:0.515221,5:0.484779","XMIN":722494.86160847,"YMIN":8518189.517664917,"XMAX":722594.86160847,"YMAX":8518289.517664917},"geometry":{"type":"Polygon","coordinates":[[[-72.94441625167752,-13.395607371756297],[-72.94442392679242,-13.394703713312932],[-72.94534696791416,-13.394711225301794],[-72.94533929623981,-13.395614884270184],[-72.94441625167752,-13.395607371756297]]]}},{"type":"Feature","properties":{"Cell_ID":949,"Area_ha":1.0,"LC":"5:0.719639,13:0.280361","XMIN":722494.86160847,"YMIN":8518089.517664917,"XMAX":722594.86160847,"YMAX":8518189.517664917},"geometry":{"type":"Polygon","coordinates":[[[-72.94440857599702,-13.396511030130815],[-72.94441625167752,-13.395607371756297],[-72.94533929623981,-13.395614884270184],[-72.9453316240001,-13.396518543169726],[-72.94440857599702,-13.396511030130815]]]}},{"type":"Feature","properties":{"Cell_ID":950,"Area_ha":1.0,"LC":"13:1.000000","XMIN":722494.86160847,"YMIN":8517989.517664917,"XMAX":722594.86160847,"YMAX":8518089.517664917},"geometry":{"type":"Polygon","coordinates":[[[-72.94440089975092,-13.397414688436474],[-72.94440857599702,-13.396511030130815],[-72.9453316240001,-13.396518543169726],[-72.94532395119504,-13.397422202000417],[-72.94440089975092,-13.397414688436474]]]}},{"type":"Feature","properties":{"Cell_ID":951,"Area_ha":1.0,"LC":"5:0.130978,9:0.627444,13:0.241578","XMIN":722494.86160847,"YMIN":8517889.517664917,"XMAX":722594.86160847,"YMAX":8517989.517664917},"geometry":{"type":"Polygon","coordinates":[[[-72.94439322293918,-13.398318346673278],[-72.94440089975092,-13.397414688436474],[-72.94532395119504,-13.397422202000417],[-72.9453162778246,-13.398325860762254],[-72.94439322293918,-13.398318346673278]]]}},{"type":"Feature","properties":{"Cell_ID":952,"Area_ha":1.0,"LC":"5:0.500604,9:0.499396","XMIN":722494.86160847,"YMIN":8517789.517664917,"XMAX":722594.86160847,"YMAX":8517889.517664917},"geometry":{"type":"Polygon","coordinates":[[[-72.94438554556181,-13.399222004841222],[-72.94439322293918,-13.398318346673278],[-72.9453162778246,-13.398325860762254],[-72.9453086038888,-13.399229519455234],[-72.94438554556181,-13.399222004841222]]]}},{"type":"Feature","properties":{"Cell_ID":953,"Area_ha":1.0,"LC":"5:0.457314,9:0.542686","XMIN":722494.86160847,"YMIN":8517689.517664917,"XMAX":722594.86160847,"YMAX":8517789.517664917},"geometry":{"type":"Polygon","coordinates":[[[-72.9443778676188,-13.400125662940296],[-72.94438554556181,-13.399222004841222],[-72.9453086038888,-13.399229519455234],[-72.9453009293876,-13.400133178079349],[-72.9443778676188,-13.400125662940296]]]}},{"type":"Feature","properties":{"Cell_ID":954,"Area_ha":1.0,"LC":"5:0.909213,9:0.082717,13:0.008069","XMIN":722494.86160847,"YMIN":8517589.517664917,"XMAX":722594.86160847,"YMAX":8517689.517664917},"geometry":{"type":"Polygon","coordinates":[[[-72.94437018911015,-13.401029320970496],[-72.9443778676188,-13.400125662940296],[-72.9453009293876,-13.400133178079349],[-72.945293254321,-13.401036836634592],[-72.94437018911015,-13.401029320970496]]]}},{"type":"Feature","properties":{"Cell_ID":955,"Area_ha":1.0,"LC":"5:0.804000,13:0.196000","XMIN":722494.86160847,"YMIN":8517489.517664917,"XMAX":722594.86160847,"YMAX":8517589.517664917},"geometry":{"type":"Polygon","coordinates":[[[-72.94436251003583,-13.401932978931825],[-72.94437018911015,-13.401029320970496],[-72.945293254321,-13.401036836634592],[-72.94528557868898,-13.401940495120966],[-72.94436251003583,-13.401932978931825]]]}},{"type":"Feature","properties":{"Cell_ID":956,"Area_ha":1.0,"LC":"5:0.998252,13:0.001748","XMIN":722494.86160847,"YMIN":8517389.517664917,"XMAX":722594.86160847,"YMAX":8517489.517664917},"geometry":{"type":"Polygon","coordinates":[[[-72.94435483039582,-13.402836636824272],[-72.94436251003583,-13.401932978931825],[-72.94528557868898,-13.401940495120966],[-72.94527790249155,-13.402844153538464],[-72.94435483039582,-13.402836636824272]]]}},{"type":"Feature","properties":{"Cell_ID":957,"Area_ha":1.0,"LC":"5:1.000000","XMIN":722494.86160847,"YMIN":8517289.517664917,"XMAX":722594.86160847,"YMAX":8517389.517664917},"geometry":{"type":"Polygon","coordinates":[[[-72.94434715019015,-13.403740294647832],[-72.94435483039582,-13.402836636824272],[-72.94527790249155,-13.402844153538464],[-72.9452702257287,-13.403747811887083],[-72.94434715019015,-13.403740294647832]]]}},{"type":"Feature","properties":{"Cell_ID":958,"Area_ha":1.0,"LC":"5:1.000000","XMIN":722494.86160847,"YMIN":8517189.517664917,"XMAX":722594.86160847,"YMAX":8517289.517664917},"geometry":{"type":"Polygon","coordinates":[[[-72.94433946941878,-13.404643952402507],[-72.94434715019015,-13.403740294647832],[-72.9452702257287,-13.403747811887083],[-72.94526254840041,-13.404651470166817],[-72.94433946941878,-13.404643952402507]]]}},{"type":"Feature","properties":{"Cell_ID":959,"Area_ha":1.0,"LC":"5:1.000000","XMIN":722494.86160847,"YMIN":8517089.517664917,"XMAX":722594.86160847,"YMAX":8517189.517664917},"geometry":{"type":"Polygon","coordinates":[[[-72.9443317880817,-13.405547610088284],[-72.94433946941878,-13.404643952402507],[-72.94526254840041,-13.404651470166817],[-72.94525487050666,-13.405555128377658],[-72.9443317880817,-13.405547610088284]]]}},{"type":"Feature","properties":{"Cell_ID":960,"Area_ha":1.0,"LC":"5:1.000000","XMIN":722494.86160847,"YMIN":8516989.517664917,"XMAX":722594.86160847,"YMAX":8517089.517664917},"geometry":{"type":"Polygon","coordinates":[[[-72.94432410617891,-13.406451267705167],[-72.9443317880817,-13.405547610088284],[-72.94525487050666,-13.405555128377658],[-72.94524719204746,-13.40645878651961],[-72.94432410617891,-13.406451267705167]]]}},{"type":"Feature","properties":{"Cell_ID":961,"Area_ha":1.0,"LC":"5:1.000000","XMIN":722494.86160847,"YMIN":8516889.517664917,"XMAX":722594.86160847,"YMAX":8516989.517664917},"geometry":{"type":"Polygon","coordinates":[[[-72.9443164237104,-13.407354925253149],[-72.94432410617891,-13.406451267705167],[-72.94524719204746,-13.40645878651961],[-72.94523951302278,-13.40736244459266],[-72.9443164237104,-13.407354925253149]]]}},{"type":"Feature","properties":{"Cell_ID":962,"Area_ha":1.0,"LC":"5:1.000000","XMIN":722494.86160847,"YMIN":8516789.517664917,"XMAX":722594.86160847,"YMAX":8516889.517664917},"geometry":{"type":"Polygon","coordinates":[[[-72.94430874067616,-13.40825858273222],[-72.9443164237104,-13.407354925253149],[-72.94523951302278,-13.40736244459266],[-72.94523183343263,-13.408266102596809],[-72.94430874067616,-13.40825858273222]]]}},{"type":"Feature","properties":{"Cell_ID":963,"Area_ha":1.0,"LC":"5:1.000000","XMIN":722494.86160847,"YMIN":8516689.517664917,"XMAX":722594.86160847,"YMAX":8516789.517664917},"geometry":{"type":"Polygon","coordinates":[[[-72.94430105707617,-13.409162240142384],[-72.94430874067616,-13.40825858273222],[-72.94523183343263,-13.408266102596809],[-72.94522415327698,-13.409169760532048],[-72.94430105707617,-13.409162240142384]]]}},{"type":"Feature","properties":{"Cell_ID":964,"Area_ha":1.0,"LC":"5:0.997870,16:0.002130","XMIN":722494.86160847,"YMIN":8516589.517664917,"XMAX":722594.86160847,"YMAX":8516689.517664917},"geometry":{"type":"Polygon","coordinates":[[[-72.94429337291044,-13.410065897483634],[-72.94430105707617,-13.409162240142384],[-72.94522415327698,-13.409169760532048],[-72.94521647255584,-13.41007341839838],[-72.94429337291044,-13.410065897483634]]]}},{"type":"Feature","properties":{"Cell_ID":965,"Area_ha":1.0,"LC":"5:0.784434,6:0.090008,16:0.125557","XMIN":722494.86160847,"YMIN":8516489.517664917,"XMAX":722594.86160847,"YMAX":8516589.517664917},"geometry":{"type":"Polygon","coordinates":[[[-72.94428568817894,-13.410969554755962],[-72.94429337291044,-13.410065897483634],[-72.94521647255584,-13.41007341839838],[-72.9452087912692,-13.410977076195795],[-72.94428568817894,-13.410969554755962]]]}},{"type":"Feature","properties":{"Cell_ID":966,"Area_ha":1.0,"LC":"5:0.470183,6:0.300413,16:0.229404","XMIN":722494.86160847,"YMIN":8516389.517664917,"XMAX":722594.86160847,"YMAX":8516489.517664917},"geometry":{"type":"Polygon","coordinates":[[[-72.94427800288166,-13.411873211959366],[-72.94428568817894,-13.410969554755962],[-72.9452087912692,-13.410977076195795],[-72.94520110941701,-13.41188073392429],[-72.94427800288166,-13.411873211959366]]]}},{"type":"Feature","properties":{"Cell_ID":967,"Area_ha":1.0,"LC":"2:0.047878,3:0.002130,5:0.392122,6:0.557870","XMIN":722494.86160847,"YMIN":8516289.517664917,"XMAX":722594.86160847,"YMAX":8516389.517664917},"geometry":{"type":"Polygon","coordinates":[[[-72.9442703170186,-13.412776869093843],[-72.94427800288166,-13.411873211959366],[-72.94520110941701,-13.41188073392429],[-72.94519342699931,-13.412784391583859],[-72.9442703170186,-13.412776869093843]]]}},{"type":"Feature","properties":{"Cell_ID":968,"Area_ha":1.0,"LC":"2:0.371947,3:0.256535,5:0.032122,6:0.339396","XMIN":722494.86160847,"YMIN":8516189.517664917,"XMAX":722594.86160847,"YMAX":8516289.517664917},"geometry":{"type":"Polygon","coordinates":[[[-72.94426263058975,-13.41368052615939],[-72.9442703170186,-13.412776869093843],[-72.94519342699931,-13.412784391583859],[-72.94518574401607,-13.413688049174501],[-72.94426263058975,-13.41368052615939]]]}},{"type":"Feature","properties":{"Cell_ID":969,"Area_ha":1.0,"LC":"9:0.255205,16:0.282300,17:0.041220,18:0.399031","XMIN":722594.86160847,"YMIN":8519089.517664917,"XMAX":722694.86160847,"YMAX":8519189.517664917},"geometry":{"type":"Polygon","coordinates":[[[-72.9435622943101,-13.387466932132595],[-72.94356996777329,-13.386563273595],[-72.94449297737606,-13.386570784225123],[-72.94448530735114,-13.38747444328794],[-72.9435622943101,-13.387466932132595]]]}},{"type":"Feature","properties":{"Cell_ID":970,"Area_ha":1.0,"LC":"16:1.000000","XMIN":722594.86160847,"YMIN":8518989.517664917,"XMAX":722694.86160847,"YMAX":8519089.517664917},"geometry":{"type":"Polygon","coordinates":[[[-72.94355462028116,-13.388370590601376],[-72.9435622943101,-13.387466932132595],[-72.94448530735114,-13.38747444328794],[-72.9444776367607,-13.388378102281948],[-72.94355462028116,-13.388370590601376]]]}},{"type":"Feature","properties":{"Cell_ID":971,"Area_ha":1.0,"LC":"16:1.000000","XMIN":722594.86160847,"YMIN":8518889.517664917,"XMAX":722694.86160847,"YMAX":8518989.517664917},"geometry":{"type":"Polygon","coordinates":[[[-72.94354694568644,-13.389274249001335],[-72.94355462028116,-13.388370590601376],[-72.9444776367607,-13.388378102281948],[-72.94446996560472,-13.389281761207135],[-72.94354694568644,-13.389274249001335]]]}},{"type":"Feature","properties":{"Cell_ID":972,"Area_ha":1.0,"LC":"13:0.201330,16:0.798670","XMIN":722594.86160847,"YMIN":8518789.517664917,"XMAX":722694.86160847,"YMAX":8518889.517664917},"geometry":{"type":"Polygon","coordinates":[[[-72.94353927052592,-13.390177907332472],[-72.94354694568644,-13.389274249001335],[-72.94446996560472,-13.389281761207135],[-72.94446229388323,-13.39018542006351],[-72.94353927052592,-13.390177907332472]]]}},{"type":"Feature","properties":{"Cell_ID":973,"Area_ha":1.0,"LC":"5:0.124779,13:0.875221","XMIN":722594.86160847,"YMIN":8518689.517664917,"XMAX":722694.86160847,"YMAX":8518789.517664917},"geometry":{"type":"Polygon","coordinates":[[[-72.94353159479962,-13.391081565594783],[-72.94353927052592,-13.390177907332472],[-72.94446229388323,-13.39018542006351],[-72.9444546215962,-13.39108907885106],[-72.94353159479962,-13.391081565594783]]]}},{"type":"Feature","properties":{"Cell_ID":974,"Area_ha":1.0,"LC":"5:0.070374,9:0.003099,13:0.926527","XMIN":722594.86160847,"YMIN":8518589.517664917,"XMAX":722694.86160847,"YMAX":8518689.517664917},"geometry":{"type":"Polygon","coordinates":[[[-72.94352391850752,-13.391985223788264],[-72.94353159479962,-13.391081565594783],[-72.9444546215962,-13.39108907885106],[-72.9444469487436,-13.391992737569781],[-72.94352391850752,-13.391985223788264]]]}},{"type":"Feature","properties":{"Cell_ID":975,"Area_ha":1.0,"LC":"5:0.177886,9:0.346161,13:0.475952","XMIN":722594.86160847,"YMIN":8518489.517664917,"XMAX":722694.86160847,"YMAX":8518589.517664917},"geometry":{"type":"Polygon","coordinates":[[[-72.9435162416496,-13.392888881912905],[-72.94352391850752,-13.391985223788264],[-72.9444469487436,-13.391992737569781],[-72.94443927532545,-13.392896396219667],[-72.9435162416496,-13.392888881912905]]]}},{"type":"Feature","properties":{"Cell_ID":976,"Area_ha":1.0,"LC":"5:0.825383,9:0.174617","XMIN":722594.86160847,"YMIN":8518389.517664917,"XMAX":722694.86160847,"YMAX":8518489.517664917},"geometry":{"type":"Polygon","coordinates":[[[-72.94350856422585,-13.393792539968707],[-72.9435162416496,-13.392888881912905],[-72.94443927532545,-13.392896396219667],[-72.94443160134173,-13.393800054800721],[-72.94350856422585,-13.393792539968707]]]}},{"type":"Feature","properties":{"Cell_ID":977,"Area_ha":1.0,"LC":"5:0.995931,13:0.004069","XMIN":722594.86160847,"YMIN":8518289.517664917,"XMAX":722694.86160847,"YMAX":8518389.517664917},"geometry":{"type":"Polygon","coordinates":[[[-72.94350088623628,-13.394696197955664],[-72.94350856422585,-13.393792539968707],[-72.94443160134173,-13.393800054800721],[-72.94442392679242,-13.394703713312932],[-72.94350088623628,-13.394696197955664]]]}},{"type":"Feature","properties":{"Cell_ID":978,"Area_ha":1.0,"LC":"3:0.276122,5:0.535396,13:0.188482","XMIN":722594.86160847,"YMIN":8518189.517664917,"XMAX":722694.86160847,"YMAX":8518289.517664917},"geometry":{"type":"Polygon","coordinates":[[[-72.94349320768085,-13.395599855873773],[-72.94350088623628,-13.394696197955664],[-72.94442392679242,-13.394703713312932],[-72.94441625167752,-13.395607371756297],[-72.94349320768085,-13.395599855873773]]]}},{"type":"Feature","properties":{"Cell_ID":979,"Area_ha":1.0,"LC":"5:0.063465,13:0.936535","XMIN":722594.86160847,"YMIN":8518089.517664917,"XMAX":722694.86160847,"YMAX":8518189.517664917},"geometry":{"type":"Polygon","coordinates":[[[-72.94348552855956,-13.39650351372303],[-72.94349320768085,-13.395599855873773],[-72.94441625167752,-13.395607371756297],[-72.94440857599702,-13.396511030130815],[-72.94348552855956,-13.39650351372303]]]}},{"type":"Feature","properties":{"Cell_ID":980,"Area_ha":1.0,"LC":"5:0.000191,13:0.999809","XMIN":722594.86160847,"YMIN":8517989.517664917,"XMAX":722694.86160847,"YMAX":8518089.517664917},"geometry":{"type":"Polygon","coordinates":[[[-72.9434778488724,-13.397407171503422],[-72.94348552855956,-13.39650351372303],[-72.94440857599702,-13.396511030130815],[-72.94440089975092,-13.397414688436474],[-72.9434778488724,-13.397407171503422]]]}},{"type":"Feature","properties":{"Cell_ID":981,"Area_ha":1.0,"LC":"5:0.454405,13:0.545595","XMIN":722594.86160847,"YMIN":8517889.517664917,"XMAX":722694.86160847,"YMAX":8517989.517664917},"geometry":{"type":"Polygon","coordinates":[[[-72.94347016861938,-13.398310829214962],[-72.9434778488724,-13.397407171503422],[-72.94440089975092,-13.397414688436474],[-72.94439322293918,-13.398318346673278],[-72.94347016861938,-13.398310829214962]]]}},{"type":"Feature","properties":{"Cell_ID":982,"Area_ha":1.0,"LC":"5:0.498787,13:0.501213","XMIN":722594.86160847,"YMIN":8517789.517664917,"XMAX":722694.86160847,"YMAX":8517889.517664917},"geometry":{"type":"Polygon","coordinates":[[[-72.94346248780047,-13.399214486857629],[-72.94347016861938,-13.398310829214962],[-72.94439322293918,-13.398318346673278],[-72.94438554556181,-13.399222004841222],[-72.94346248780047,-13.399214486857629]]]}},{"type":"Feature","properties":{"Cell_ID":983,"Area_ha":1.0,"LC":"5:0.876922,9:0.118422,13:0.004656","XMIN":722594.86160847,"YMIN":8517689.517664917,"XMAX":722694.86160847,"YMAX":8517789.517664917},"geometry":{"type":"Polygon","coordinates":[[[-72.94345480641567,-13.400118144431426],[-72.94346248780047,-13.399214486857629],[-72.94438554556181,-13.399222004841222],[-72.9443778676188,-13.400125662940296],[-72.94345480641567,-13.400118144431426]]]}},{"type":"Feature","properties":{"Cell_ID":984,"Area_ha":1.0,"LC":"5:0.490008,9:0.318670,13:0.191322","XMIN":722594.86160847,"YMIN":8517589.517664917,"XMAX":722694.86160847,"YMAX":8517689.517664917},"geometry":{"type":"Polygon","coordinates":[[[-72.94344712446497,-13.401021801936349],[-72.94345480641567,-13.400118144431426],[-72.9443778676188,-13.400125662940296],[-72.94437018911015,-13.401029320970496],[-72.94344712446497,-13.401021801936349]]]}},{"type":"Feature","properties":{"Cell_ID":985,"Area_ha":1.0,"LC":"5:0.499634,13:0.500366","XMIN":722594.86160847,"YMIN":8517489.517664917,"XMAX":722694.86160847,"YMAX":8517589.517664917},"geometry":{"type":"Polygon","coordinates":[[[-72.94343944194833,-13.401925459372391],[-72.94344712446497,-13.401021801936349],[-72.94437018911015,-13.401029320970496],[-72.94436251003583,-13.401932978931825],[-72.94343944194833,-13.401925459372391]]]}},{"type":"Feature","properties":{"Cell_ID":986,"Area_ha":1.0,"LC":"5:0.857504,13:0.142496","XMIN":722594.86160847,"YMIN":8517389.517664917,"XMAX":722694.86160847,"YMAX":8517489.517664917},"geometry":{"type":"Polygon","coordinates":[[[-72.94343175886577,-13.402829116739552],[-72.94343944194833,-13.401925459372391],[-72.94436251003583,-13.401932978931825],[-72.94435483039582,-13.402836636824272],[-72.94343175886577,-13.402829116739552]]]}},{"type":"Feature","properties":{"Cell_ID":987,"Area_ha":1.0,"LC":"5:1.000000","XMIN":722594.86160847,"YMIN":8517289.517664917,"XMAX":722694.86160847,"YMAX":8517389.517664917},"geometry":{"type":"Polygon","coordinates":[[[-72.9434240752173,-13.403732774037822],[-72.94343175886577,-13.402829116739552],[-72.94435483039582,-13.402836636824272],[-72.94434715019015,-13.403740294647832],[-72.9434240752173,-13.403732774037822]]]}},{"type":"Feature","properties":{"Cell_ID":988,"Area_ha":1.0,"LC":"5:1.000000","XMIN":722594.86160847,"YMIN":8517189.517664917,"XMAX":722694.86160847,"YMAX":8517289.517664917},"geometry":{"type":"Polygon","coordinates":[[[-72.94341639100286,-13.4046364312672],[-72.9434240752173,-13.403732774037822],[-72.94434715019015,-13.403740294647832],[-72.94433946941878,-13.404643952402507],[-72.94341639100286,-13.4046364312672]]]}},{"type":"Feature","properties":{"Cell_ID":989,"Area_ha":1.0,"LC":"5:1.000000","XMIN":722594.86160847,"YMIN":8517089.517664917,"XMAX":722694.86160847,"YMAX":8517189.517664917},"geometry":{"type":"Polygon","coordinates":[[[-72.94340870622246,-13.405540088427681],[-72.94341639100286,-13.4046364312672],[-72.94433946941878,-13.404643952402507],[-72.9443317880817,-13.405547610088284],[-72.94340870622246,-13.405540088427681]]]}},{"type":"Feature","properties":{"Cell_ID":990,"Area_ha":1.0,"LC":"5:0.917870,13:0.082130","XMIN":722594.86160847,"YMIN":8516989.517664917,"XMAX":722694.86160847,"YMAX":8517089.517664917},"geometry":{"type":"Polygon","coordinates":[[[-72.9434010208761,-13.406443745519262],[-72.94340870622246,-13.405540088427681],[-72.9443317880817,-13.405547610088284],[-72.94432410617891,-13.406451267705167],[-72.9434010208761,-13.406443745519262]]]}},{"type":"Feature","properties":{"Cell_ID":991,"Area_ha":1.0,"LC":"5:0.999221,13:0.000779","XMIN":722594.86160847,"YMIN":8516889.517664917,"XMAX":722694.86160847,"YMAX":8516989.517664917},"geometry":{"type":"Polygon","coordinates":[[[-72.94339333496377,-13.407347402541937],[-72.9434010208761,-13.406443745519262],[-72.94432410617891,-13.406451267705167],[-72.9443164237104,-13.407354925253149],[-72.94339333496377,-13.407347402541937]]]}},{"type":"Feature","properties":{"Cell_ID":992,"Area_ha":1.0,"LC":"5:1.000000","XMIN":722594.86160847,"YMIN":8516789.517664917,"XMAX":722694.86160847,"YMAX":8516889.517664917},"geometry":{"type":"Polygon","coordinates":[[[-72.94338564848543,-13.408251059495699],[-72.94339333496377,-13.407347402541937],[-72.9443164237104,-13.407354925253149],[-72.94430874067616,-13.40825858273222],[-72.94338564848543,-13.408251059495699]]]}},{"type":"Feature","properties":{"Cell_ID":993,"Area_ha":1.0,"LC":"5:0.952122,9:0.047878","XMIN":722594.86160847,"YMIN":8516689.517664917,"XMAX":722694.86160847,"YMAX":8516789.517664917},"geometry":{"type":"Polygon","coordinates":[[[-72.94337796144112,-13.40915471638055],[-72.94338564848543,-13.408251059495699],[-72.94430874067616,-13.40825858273222],[-72.94430105707617,-13.409162240142384],[-72.94337796144112,-13.40915471638055]]]}},{"type":"Feature","properties":{"Cell_ID":994,"Area_ha":1.0,"LC":"5:0.326548,9:0.327878,16:0.345574","XMIN":722594.86160847,"YMIN":8516589.517664917,"XMAX":722694.86160847,"YMAX":8516689.517664917},"geometry":{"type":"Polygon","coordinates":[[[-72.9433702738308,-13.410058373196481],[-72.94337796144112,-13.40915471638055],[-72.94430105707617,-13.409162240142384],[-72.94429337291044,-13.410065897483634],[-72.9433702738308,-13.410058373196481]]]}},{"type":"Feature","properties":{"Cell_ID":995,"Area_ha":1.0,"LC":"5:0.096917,6:0.141505,9:0.344244,16:0.417335","XMIN":722594.86160847,"YMIN":8516489.517664917,"XMAX":722694.86160847,"YMAX":8516589.517664917},"geometry":{"type":"Polygon","coordinates":[[[-72.94336258565446,-13.410962029943486],[-72.9433702738308,-13.410058373196481],[-72.94429337291044,-13.410065897483634],[-72.94428568817894,-13.410969554755962],[-72.94336258565446,-13.410962029943486]]]}},{"type":"Feature","properties":{"Cell_ID":996,"Area_ha":1.0,"LC":"3:0.347704,5:0.105022,6:0.547274","XMIN":722594.86160847,"YMIN":8516389.517664917,"XMAX":722694.86160847,"YMAX":8516489.517664917},"geometry":{"type":"Polygon","coordinates":[[[-72.94335489691208,-13.411865686621566],[-72.94336258565446,-13.410962029943486],[-72.94428568817894,-13.410969554755962],[-72.94427800288166,-13.411873211959366],[-72.94335489691208,-13.411865686621566]]]}},{"type":"Feature","properties":{"Cell_ID":997,"Area_ha":1.0,"LC":"9:0.400609,16:0.560361,18:0.039031","XMIN":722694.86160847,"YMIN":8519089.517664917,"XMAX":722794.86160847,"YMAX":8519189.517664917},"geometry":{"type":"Polygon","coordinates":[[[-72.94263928183483,-13.387459417610739],[-72.94264695873626,-13.386555759598604],[-72.94356996777329,-13.386563273595],[-72.9435622943101,-13.387466932132595],[-72.94263928183483,-13.387459417610739]]]}},{"type":"Feature","properties":{"Cell_ID":998,"Area_ha":1.0,"LC":"16:1.000000","XMIN":722694.86160847,"YMIN":8518989.517664917,"XMAX":722794.86160847,"YMAX":8519089.517664917},"geometry":{"type":"Polygon","coordinates":[[[-72.94263160436739,-13.388363075554057],[-72.94263928183483,-13.387459417610739],[-72.9435622943101,-13.387466932132595],[-72.94355462028116,-13.388370590601376],[-72.94263160436739,-13.388363075554057]]]}},{"type":"Feature","properties":{"Cell_ID":999,"Area_ha":1.0,"LC":"16:1.000000","XMIN":722694.86160847,"YMIN":8518889.517664917,"XMAX":722794.86160847,"YMAX":8518989.517664917},"geometry":{"type":"Polygon","coordinates":[[[-72.94262392633392,-13.389266733428551],[-72.94263160436739,-13.388363075554057],[-72.94355462028116,-13.388370590601376],[-72.94354694568644,-13.389274249001335],[-72.94262392633392,-13.389266733428551]]]}},{"type":"Feature","properties":{"Cell_ID":1000,"Area_ha":1.0,"LC":"13:0.229383,16:0.770617","XMIN":722694.86160847,"YMIN":8518789.517664917,"XMAX":722794.86160847,"YMAX":8518889.517664917},"geometry":{"type":"Polygon","coordinates":[[[-72.94261624773442,-13.390170391234216],[-72.94262392633392,-13.389266733428551],[-72.94354694568644,-13.389274249001335],[-72.94353927052592,-13.390177907332472],[-72.94261624773442,-13.390170391234216]]]}},{"type":"Feature","properties":{"Cell_ID":1001,"Area_ha":1.0,"LC":"13:0.844191,16:0.155809","XMIN":722694.86160847,"YMIN":8518689.517664917,"XMAX":722794.86160847,"YMAX":8518789.517664917},"geometry":{"type":"Polygon","coordinates":[[[-72.94260856856887,-13.391074048971054],[-72.94261624773442,-13.390170391234216],[-72.94353927052592,-13.390177907332472],[-72.94353159479962,-13.391081565594783],[-72.94260856856887,-13.391074048971054]]]}},{"type":"Feature","properties":{"Cell_ID":1002,"Area_ha":1.0,"LC":"5:0.056917,9:0.300535,13:0.642548","XMIN":722694.86160847,"YMIN":8518589.517664917,"XMAX":722794.86160847,"YMAX":8518689.517664917},"geometry":{"type":"Polygon","coordinates":[[[-72.94260088883726,-13.391977706639056],[-72.94260856856887,-13.391074048971054],[-72.94353159479962,-13.391081565594783],[-72.94352391850752,-13.391985223788264],[-72.94260088883726,-13.391977706639056]]]}},{"type":"Feature","properties":{"Cell_ID":1003,"Area_ha":1.0,"LC":"5:0.786352,9:0.213648","XMIN":722694.86160847,"YMIN":8518489.517664917,"XMAX":722794.86160847,"YMAX":8518589.517664917},"geometry":{"type":"Polygon","coordinates":[[[-72.94259320853958,-13.392881364238217],[-72.94260088883726,-13.391977706639056],[-72.94352391850752,-13.391985223788264],[-72.9435162416496,-13.392888881912905],[-72.94259320853958,-13.392881364238217]]]}},{"type":"Feature","properties":{"Cell_ID":1004,"Area_ha":1.0,"LC":"5:0.565388,13:0.434612","XMIN":722694.86160847,"YMIN":8518389.517664917,"XMAX":722794.86160847,"YMAX":8518489.517664917},"geometry":{"type":"Polygon","coordinates":[[[-72.94258552767582,-13.393785021768533],[-72.94259320853958,-13.392881364238217],[-72.9435162416496,-13.392888881912905],[-72.94350856422585,-13.393792539968707],[-72.94258552767582,-13.393785021768533]]]}},{"type":"Feature","properties":{"Cell_ID":1005,"Area_ha":1.0,"LC":"5:0.031343,13:0.968657","XMIN":722694.86160847,"YMIN":8518289.517664917,"XMAX":722794.86160847,"YMAX":8518389.517664917},"geometry":{"type":"Polygon","coordinates":[[[-72.94257784624597,-13.39468867923],[-72.94258552767582,-13.393785021768533],[-72.94350856422585,-13.393792539968707],[-72.94350088623628,-13.394696197955664],[-72.94257784624597,-13.39468867923]]]}},{"type":"Feature","properties":{"Cell_ID":1006,"Area_ha":1.0,"LC":"9:0.001160,13:0.998840","XMIN":722694.86160847,"YMIN":8518189.517664917,"XMAX":722794.86160847,"YMAX":8518289.517664917},"geometry":{"type":"Polygon","coordinates":[[[-72.94257016425001,-13.395592336622618],[-72.94257784624597,-13.39468867923],[-72.94350088623628,-13.394696197955664],[-72.94349320768085,-13.395599855873773],[-72.94257016425001,-13.395592336622618]]]}},{"type":"Feature","properties":{"Cell_ID":1007,"Area_ha":1.0,"LC":"9:0.003687,13:0.996313","XMIN":722694.86160847,"YMIN":8518089.517664917,"XMAX":722794.86160847,"YMAX":8518189.517664917},"geometry":{"type":"Polygon","coordinates":[[[-72.94256248168797,-13.396495993946377],[-72.94257016425001,-13.395592336622618],[-72.94349320768085,-13.395599855873773],[-72.94348552855956,-13.39650351372303],[-72.94256248168797,-13.396495993946377]]]}},{"type":"Feature","properties":{"Cell_ID":1008,"Area_ha":1.0,"LC":"5:0.007687,13:0.992313","XMIN":722694.86160847,"YMIN":8517989.517664917,"XMAX":722794.86160847,"YMAX":8518089.517664917},"geometry":{"type":"Polygon","coordinates":[[[-72.94255479855978,-13.397399651201273],[-72.94256248168797,-13.396495993946377],[-72.94348552855956,-13.39650351372303],[-72.9434778488724,-13.397407171503422],[-72.94255479855978,-13.397399651201273]]]}},{"type":"Feature","properties":{"Cell_ID":1009,"Area_ha":1.0,"LC":"5:0.070374,13:0.929626","XMIN":722694.86160847,"YMIN":8517889.517664917,"XMAX":722794.86160847,"YMAX":8517989.517664917},"geometry":{"type":"Polygon","coordinates":[[[-72.94254711486548,-13.398303308387305],[-72.94255479855978,-13.397399651201273],[-72.9434778488724,-13.397407171503422],[-72.94347016861938,-13.398310829214962],[-72.94254711486548,-13.398303308387305]]]}},{"type":"Feature","properties":{"Cell_ID":1010,"Area_ha":1.0,"LC":"5:0.000969,13:0.999031","XMIN":722694.86160847,"YMIN":8517789.517664917,"XMAX":722794.86160847,"YMAX":8517889.517664917},"geometry":{"type":"Polygon","coordinates":[[[-72.94253943060504,-13.399206965504465],[-72.94254711486548,-13.398303308387305],[-72.94347016861938,-13.398310829214962],[-72.94346248780047,-13.399214486857629],[-72.94253943060504,-13.399206965504465]]]}},{"type":"Feature","properties":{"Cell_ID":1011,"Area_ha":1.0,"LC":"9:0.015566,13:0.984434","XMIN":722694.86160847,"YMIN":8517689.517664917,"XMAX":722794.86160847,"YMAX":8517789.517664917},"geometry":{"type":"Polygon","coordinates":[[[-72.94253174577845,-13.400110622552752],[-72.94253943060504,-13.399206965504465],[-72.94346248780047,-13.399214486857629],[-72.94345480641567,-13.400118144431426],[-72.94253174577845,-13.400110622552752]]]}},{"type":"Feature","properties":{"Cell_ID":1012,"Area_ha":1.0,"LC":"5:0.428414,9:0.393473,13:0.178113","XMIN":722694.86160847,"YMIN":8517589.517664917,"XMAX":722794.86160847,"YMAX":8517689.517664917},"geometry":{"type":"Polygon","coordinates":[[[-72.9425240603857,-13.401014279532161],[-72.94253174577845,-13.400110622552752],[-72.94345480641567,-13.400118144431426],[-72.94344712446497,-13.401021801936349],[-72.9425240603857,-13.401014279532161]]]}},{"type":"Feature","properties":{"Cell_ID":1013,"Area_ha":1.0,"LC":"5:0.967100,9:0.032900","XMIN":722694.86160847,"YMIN":8517489.517664917,"XMAX":722794.86160847,"YMAX":8517589.517664917},"geometry":{"type":"Polygon","coordinates":[[[-72.94251637442676,-13.401917936442684],[-72.9425240603857,-13.401014279532161],[-72.94344712446497,-13.401021801936349],[-72.94343944194833,-13.401925459372391],[-72.94251637442676,-13.401917936442684]]]}},{"type":"Feature","properties":{"Cell_ID":1014,"Area_ha":1.0,"LC":"5:1.000000","XMIN":722694.86160847,"YMIN":8517389.517664917,"XMAX":722794.86160847,"YMAX":8517489.517664917},"geometry":{"type":"Polygon","coordinates":[[[-72.94250868790166,-13.40282159328432],[-72.94251637442676,-13.401917936442684],[-72.94343944194833,-13.401925459372391],[-72.94343175886577,-13.402829116739552],[-72.94250868790166,-13.40282159328432]]]}},{"type":"Feature","properties":{"Cell_ID":1015,"Area_ha":1.0,"LC":"5:0.837092,13:0.162908","XMIN":722694.86160847,"YMIN":8517289.517664917,"XMAX":722794.86160847,"YMAX":8517389.517664917},"geometry":{"type":"Polygon","coordinates":[[[-72.94250100081037,-13.403725250057066],[-72.94250868790166,-13.40282159328432],[-72.94343175886577,-13.402829116739552],[-72.9434240752173,-13.403732774037822],[-72.94250100081037,-13.403725250057066]]]}},{"type":"Feature","properties":{"Cell_ID":1016,"Area_ha":1.0,"LC":"5:1.000000","XMIN":722694.86160847,"YMIN":8517189.517664917,"XMAX":722794.86160847,"YMAX":8517289.517664917},"geometry":{"type":"Polygon","coordinates":[[[-72.94249331315288,-13.404628906760912],[-72.94250100081037,-13.403725250057066],[-72.9434240752173,-13.403732774037822],[-72.94341639100286,-13.4046364312672],[-72.94249331315288,-13.404628906760912]]]}},{"type":"Feature","properties":{"Cell_ID":1017,"Area_ha":1.0,"LC":"5:0.999031,9:0.000969","XMIN":722694.86160847,"YMIN":8517089.517664917,"XMAX":722794.86160847,"YMAX":8517189.517664917},"geometry":{"type":"Polygon","coordinates":[[[-72.94248562492918,-13.405532563395859],[-72.94249331315288,-13.404628906760912],[-72.94341639100286,-13.4046364312672],[-72.94340870622246,-13.405540088427681],[-72.94248562492918,-13.405532563395859]]]}},{"type":"Feature","properties":{"Cell_ID":1018,"Area_ha":1.0,"LC":"5:0.698495,13:0.301505","XMIN":722694.86160847,"YMIN":8516989.517664917,"XMAX":722794.86160847,"YMAX":8517089.517664917},"geometry":{"type":"Polygon","coordinates":[[[-72.94247793613926,-13.4064362199619],[-72.94248562492918,-13.405532563395859],[-72.94340870622246,-13.405540088427681],[-72.9434010208761,-13.406443745519262],[-72.94247793613926,-13.4064362199619]]]}},{"type":"Feature","properties":{"Cell_ID":1019,"Area_ha":1.0,"LC":"5:0.709801,6:0.191704,13:0.095587,16:0.002908","XMIN":722694.86160847,"YMIN":8516889.517664917,"XMAX":722794.86160847,"YMAX":8516989.517664917},"geometry":{"type":"Polygon","coordinates":[[[-72.9424702467831,-13.407339876459035],[-72.94247793613926,-13.4064362199619],[-72.9434010208761,-13.406443745519262],[-72.94339333496377,-13.407347402541937],[-72.9424702467831,-13.407339876459035]]]}},{"type":"Feature","properties":{"Cell_ID":1020,"Area_ha":1.0,"LC":"5:0.747826,6:0.252174","XMIN":722694.86160847,"YMIN":8516789.517664917,"XMAX":722794.86160847,"YMAX":8516889.517664917},"geometry":{"type":"Polygon","coordinates":[[[-72.9424625568607,-13.408243532887251],[-72.9424702467831,-13.407339876459035],[-72.94339333496377,-13.407347402541937],[-72.94338564848543,-13.408251059495699],[-72.9424625568607,-13.408243532887251]]]}},{"type":"Feature","properties":{"Cell_ID":1021,"Area_ha":1.0,"LC":"5:0.869022,7:0.083099,16:0.047878","XMIN":722694.86160847,"YMIN":8516689.517664917,"XMAX":722794.86160847,"YMAX":8516789.517664917},"geometry":{"type":"Polygon","coordinates":[[[-72.94245486637206,-13.409147189246553],[-72.9424625568607,-13.408243532887251],[-72.94338564848543,-13.408251059495699],[-72.94337796144112,-13.40915471638055],[-72.94245486637206,-13.409147189246553]]]}},{"type":"Feature","properties":{"Cell_ID":1022,"Area_ha":1.0,"LC":"5:0.475412,7:0.000779,16:0.523809","XMIN":722694.86160847,"YMIN":8516589.517664917,"XMAX":722794.86160847,"YMAX":8516689.517664917},"geometry":{"type":"Polygon","coordinates":[[[-72.94244717531716,-13.41005084553693],[-72.94245486637206,-13.409147189246553],[-72.94337796144112,-13.40915471638055],[-72.9433702738308,-13.410058373196481],[-72.94244717531716,-13.41005084553693]]]}},{"type":"Feature","properties":{"Cell_ID":1023,"Area_ha":1.0,"LC":"9:0.063465,16:0.936535","XMIN":722794.86160847,"YMIN":8519089.517664917,"XMAX":722894.86160847,"YMAX":8519189.517664917},"geometry":{"type":"Polygon","coordinates":[[[-72.94171626992559,-13.38745189972238],[-72.94172395026524,-13.38654824223594],[-72.94264695873626,-13.386555759598604],[-72.94263928183483,-13.387459417610739],[-72.94171626992559,-13.38745189972238]]]}},{"type":"Feature","properties":{"Cell_ID":1024,"Area_ha":1.0,"LC":"16:1.000000","XMIN":722794.86160847,"YMIN":8518989.517664917,"XMAX":722894.86160847,"YMAX":8519089.517664917},"geometry":{"type":"Polygon","coordinates":[[[-72.94170858901967,-13.388355557140002],[-72.94171626992559,-13.38745189972238],[-72.94263928183483,-13.387459417610739],[-72.94263160436739,-13.388363075554057],[-72.94170858901967,-13.388355557140002]]]}},{"type":"Feature","properties":{"Cell_ID":1025,"Area_ha":1.0,"LC":"16:1.000000","XMIN":722794.86160847,"YMIN":8518889.517664917,"XMAX":722894.86160847,"YMAX":8518989.517664917},"geometry":{"type":"Polygon","coordinates":[[[-72.94170090754746,-13.389259214488792],[-72.94170858901967,-13.388355557140002],[-72.94263160436739,-13.388363075554057],[-72.94262392633392,-13.389266733428551],[-72.94170090754746,-13.389259214488792]]]}},{"type":"Feature","properties":{"Cell_ID":1026,"Area_ha":1.0,"LC":"16:1.000000","XMIN":722794.86160847,"YMIN":8518789.517664917,"XMAX":722894.86160847,"YMAX":8518889.517664917},"geometry":{"type":"Polygon","coordinates":[[[-72.94169322550897,-13.390162871768755],[-72.94170090754746,-13.389259214488792],[-72.94262392633392,-13.389266733428551],[-72.94261624773442,-13.390170391234216],[-72.94169322550897,-13.390162871768755]]]}},{"type":"Feature","properties":{"Cell_ID":1027,"Area_ha":1.0,"LC":"5:0.023826,13:0.417504,16:0.558670","XMIN":722794.86160847,"YMIN":8518689.517664917,"XMAX":722894.86160847,"YMAX":8518789.517664917},"geometry":{"type":"Polygon","coordinates":[[[-72.94168554290417,-13.39106652897988],[-72.94169322550897,-13.390162871768755],[-72.94261624773442,-13.390170391234216],[-72.94260856856887,-13.391074048971054],[-72.94168554290417,-13.39106652897988]]]}},{"type":"Feature","properties":{"Cell_ID":1028,"Area_ha":1.0,"LC":"5:0.779443,13:0.220557","XMIN":722794.86160847,"YMIN":8518589.517664917,"XMAX":722894.86160847,"YMAX":8518689.517664917},"geometry":{"type":"Polygon","coordinates":[[[-72.94167785973306,-13.391970186122169],[-72.94168554290417,-13.39106652897988],[-72.94260856856887,-13.391074048971054],[-72.94260088883726,-13.391977706639056],[-72.94167785973306,-13.391970186122169]]]}},{"type":"Feature","properties":{"Cell_ID":1029,"Area_ha":1.0,"LC":"5:0.644418,9:0.002130,13:0.353452","XMIN":722794.86160847,"YMIN":8518489.517664917,"XMAX":722894.86160847,"YMAX":8518589.517664917},"geometry":{"type":"Polygon","coordinates":[[[-72.94167017599563,-13.392873843195614],[-72.94167785973306,-13.391970186122169],[-72.94260088883726,-13.391977706639056],[-72.94259320853958,-13.392881364238217],[-72.94167017599563,-13.392873843195614]]]}},{"type":"Feature","properties":{"Cell_ID":1030,"Area_ha":1.0,"LC":"5:0.070374,9:0.002717,13:0.926909","XMIN":722794.86160847,"YMIN":8518389.517664917,"XMAX":722894.86160847,"YMAX":8518489.517664917},"geometry":{"type":"Polygon","coordinates":[[[-72.94166249169187,-13.393777500200212],[-72.94167017599563,-13.392873843195614],[-72.94259320853958,-13.392881364238217],[-72.94258552767582,-13.393785021768533],[-72.94166249169187,-13.393777500200212]]]}},{"type":"Feature","properties":{"Cell_ID":1031,"Area_ha":1.0,"LC":"9:0.001939,13:0.998061","XMIN":722794.86160847,"YMIN":8518289.517664917,"XMAX":722894.86160847,"YMAX":8518389.517664917},"geometry":{"type":"Polygon","coordinates":[[[-72.94165480682176,-13.394681157135954],[-72.94166249169187,-13.393777500200212],[-72.94258552767582,-13.393785021768533],[-72.94257784624597,-13.39468867923],[-72.94165480682176,-13.394681157135954]]]}},{"type":"Feature","properties":{"Cell_ID":1032,"Area_ha":1.0,"LC":"9:0.559391,13:0.440609","XMIN":722794.86160847,"YMIN":8518189.517664917,"XMAX":722894.86160847,"YMAX":8518289.517664917},"geometry":{"type":"Polygon","coordinates":[[[-72.9416471213853,-13.395584814002843],[-72.94165480682176,-13.394681157135954],[-72.94257784624597,-13.39468867923],[-72.94257016425001,-13.395592336622618],[-72.9416471213853,-13.395584814002843]]]}},{"type":"Feature","properties":{"Cell_ID":1033,"Area_ha":1.0,"LC":"9:0.761769,13:0.238231","XMIN":722794.86160847,"YMIN":8518089.517664917,"XMAX":722894.86160847,"YMAX":8518189.517664917},"geometry":{"type":"Polygon","coordinates":[[[-72.94163943538247,-13.396488470800872],[-72.9416471213853,-13.395584814002843],[-72.94257016425001,-13.395592336622618],[-72.94256248168797,-13.396495993946377],[-72.94163943538247,-13.396488470800872]]]}},{"type":"Feature","properties":{"Cell_ID":1034,"Area_ha":1.0,"LC":"9:0.000779,13:0.999221","XMIN":722794.86160847,"YMIN":8517989.517664917,"XMAX":722894.86160847,"YMAX":8518089.517664917},"geometry":{"type":"Polygon","coordinates":[[[-72.94163174881328,-13.397392127530031],[-72.94163943538247,-13.396488470800872],[-72.94256248168797,-13.396495993946377],[-72.94255479855978,-13.397399651201273],[-72.94163174881328,-13.397392127530031]]]}},{"type":"Feature","properties":{"Cell_ID":1035,"Area_ha":1.0,"LC":"5:0.295756,9:0.138856,13:0.565388","XMIN":722794.86160847,"YMIN":8517889.517664917,"XMAX":722894.86160847,"YMAX":8517989.517664917},"geometry":{"type":"Polygon","coordinates":[[[-72.94162406167771,-13.398295784190323],[-72.94163174881328,-13.397392127530031],[-72.94255479855978,-13.397399651201273],[-72.94254711486548,-13.398303308387305],[-72.94162406167771,-13.398295784190323]]]}},{"type":"Feature","properties":{"Cell_ID":1036,"Area_ha":1.0,"LC":"5:0.335947,9:0.347931,13:0.316122","XMIN":722794.86160847,"YMIN":8517789.517664917,"XMAX":722894.86160847,"YMAX":8517889.517664917},"geometry":{"type":"Polygon","coordinates":[[[-72.94161637397575,-13.399199440781745],[-72.94162406167771,-13.398295784190323],[-72.94254711486548,-13.398303308387305],[-72.94253943060504,-13.399206965504465],[-72.94161637397575,-13.399199440781745]]]}},{"type":"Feature","properties":{"Cell_ID":1037,"Area_ha":1.0,"LC":"5:0.666182,13:0.333818","XMIN":722794.86160847,"YMIN":8517689.517664917,"XMAX":722894.86160847,"YMAX":8517789.517664917},"geometry":{"type":"Polygon","coordinates":[[[-72.94160868570738,-13.40010309730428],[-72.94161637397575,-13.399199440781745],[-72.94253943060504,-13.399206965504465],[-72.94253174577845,-13.400110622552752],[-72.94160868570738,-13.40010309730428]]]}},{"type":"Feature","properties":{"Cell_ID":1038,"Area_ha":1.0,"LC":"5:0.643878,9:0.141505,13:0.214617","XMIN":722794.86160847,"YMIN":8517589.517664917,"XMAX":722894.86160847,"YMAX":8517689.517664917},"geometry":{"type":"Polygon","coordinates":[[[-72.94160099687258,-13.40100675375794],[-72.94160868570738,-13.40010309730428],[-72.94253174577845,-13.400110622552752],[-72.9425240603857,-13.401014279532161],[-72.94160099687258,-13.40100675375794]]]}},{"type":"Feature","properties":{"Cell_ID":1039,"Area_ha":1.0,"LC":"5:0.532466,9:0.466373,13:0.001160","XMIN":722794.86160847,"YMIN":8517489.517664917,"XMAX":722894.86160847,"YMAX":8517589.517664917},"geometry":{"type":"Polygon","coordinates":[[[-72.94159330747138,-13.401910410142708],[-72.94160099687258,-13.40100675375794],[-72.9425240603857,-13.401014279532161],[-72.94251637442676,-13.401917936442684],[-72.94159330747138,-13.401910410142708]]]}},{"type":"Feature","properties":{"Cell_ID":1040,"Area_ha":1.0,"LC":"5:0.804191,9:0.193091,13:0.002717","XMIN":722794.86160847,"YMIN":8517389.517664917,"XMAX":722894.86160847,"YMAX":8517489.517664917},"geometry":{"type":"Polygon","coordinates":[[[-72.94158561750373,-13.402814066458584],[-72.94159330747138,-13.401910410142708],[-72.94251637442676,-13.401917936442684],[-72.94250868790166,-13.40282159328432],[-72.94158561750373,-13.402814066458584]]]}},{"type":"Feature","properties":{"Cell_ID":1041,"Area_ha":1.0,"LC":"5:0.291396,13:0.708604","XMIN":722794.86160847,"YMIN":8517289.517664917,"XMAX":722894.86160847,"YMAX":8517389.517664917},"geometry":{"type":"Polygon","coordinates":[[[-72.94157792696966,-13.403717722705572],[-72.94158561750373,-13.402814066458584],[-72.94250868790166,-13.40282159328432],[-72.94250100081037,-13.403725250057066],[-72.94157792696966,-13.403717722705572]]]}},{"type":"Feature","properties":{"Cell_ID":1042,"Area_ha":1.0,"LC":"5:0.603809,9:0.095756,13:0.300434","XMIN":722794.86160847,"YMIN":8517189.517664917,"XMAX":722894.86160847,"YMAX":8517289.517664917},"geometry":{"type":"Polygon","coordinates":[[[-72.94157023586911,-13.404621378883652],[-72.94157792696966,-13.403717722705572],[-72.94250100081037,-13.403725250057066],[-72.94249331315288,-13.404628906760912],[-72.94157023586911,-13.404621378883652]]]}},{"type":"Feature","properties":{"Cell_ID":1043,"Area_ha":1.0,"LC":"5:0.228244,6:0.000969,9:0.486909,13:0.283878","XMIN":722794.86160847,"YMIN":8517089.517664917,"XMAX":722894.86160847,"YMAX":8517189.517664917},"geometry":{"type":"Polygon","coordinates":[[[-72.94156254420211,-13.405525034992829],[-72.94157023586911,-13.404621378883652],[-72.94249331315288,-13.404628906760912],[-72.94248562492918,-13.405532563395859],[-72.94156254420211,-13.405525034992829]]]}},{"type":"Feature","properties":{"Cell_ID":1044,"Area_ha":1.0,"LC":"5:0.365161,9:0.480000,13:0.154839","XMIN":722794.86160847,"YMIN":8516989.517664917,"XMAX":722894.86160847,"YMAX":8517089.517664917},"geometry":{"type":"Polygon","coordinates":[[[-72.94155485196863,-13.4064286910331],[-72.94156254420211,-13.405525034992829],[-72.94248562492918,-13.405532563395859],[-72.94247793613926,-13.4064362199619],[-72.94155485196863,-13.4064286910331]]]}},{"type":"Feature","properties":{"Cell_ID":1045,"Area_ha":1.0,"LC":"5:0.203099,6:0.007687,9:0.336365,16:0.452848","XMIN":722794.86160847,"YMIN":8516889.517664917,"XMAX":722894.86160847,"YMAX":8516989.517664917},"geometry":{"type":"Polygon","coordinates":[[[-72.94154715916869,-13.407332347004454],[-72.94155485196863,-13.4064286910331],[-72.94247793613926,-13.4064362199619],[-72.9424702467831,-13.407339876459035],[-72.94154715916869,-13.407332347004454]]]}},{"type":"Feature","properties":{"Cell_ID":1046,"Area_ha":1.0,"LC":"5:0.411565,6:0.268435,7:0.255756,16:0.064244","XMIN":722794.86160847,"YMIN":8516789.517664917,"XMAX":722894.86160847,"YMAX":8516889.517664917},"geometry":{"type":"Polygon","coordinates":[[[-72.94153946580222,-13.40823600290689],[-72.94154715916869,-13.407332347004454],[-72.9424702467831,-13.407339876459035],[-72.9424625568607,-13.408243532887251],[-72.94153946580222,-13.40823600290689]]]}},{"type":"Feature","properties":{"Cell_ID":1047,"Area_ha":1.0,"LC":"3:0.008069,5:0.467152,7:0.524779","XMIN":722794.86160847,"YMIN":8516689.517664917,"XMAX":722894.86160847,"YMAX":8516789.517664917},"geometry":{"type":"Polygon","coordinates":[[[-72.94153177186928,-13.409139658740406],[-72.94153946580222,-13.40823600290689],[-72.9424625568607,-13.408243532887251],[-72.94245486637206,-13.409147189246553],[-72.94153177186928,-13.409139658740406]]]}},{"type":"Feature","properties":{"Cell_ID":1048,"Area_ha":1.0,"LC":"16:1.000000","XMIN":722894.86160847,"YMIN":8519089.517664917,"XMAX":722994.86160847,"YMAX":8519189.517664917},"geometry":{"type":"Polygon","coordinates":[[[-72.94079325858262,-13.387444378467531],[-72.94080094236048,-13.38654072150702],[-72.94172395026524,-13.38654824223594],[-72.94171626992559,-13.38745189972238],[-72.94079325858262,-13.387444378467531]]]}},{"type":"Feature","properties":{"Cell_ID":1049,"Area_ha":1.0,"LC":"16:1.000000","XMIN":722894.86160847,"YMIN":8518989.517664917,"XMAX":722994.86160847,"YMAX":8519089.517664917},"geometry":{"type":"Polygon","coordinates":[[[-72.94078557423822,-13.388348035359217],[-72.94079325858262,-13.387444378467531],[-72.94171626992559,-13.38745189972238],[-72.94170858901967,-13.388355557140002],[-72.94078557423822,-13.388348035359217]]]}},{"type":"Feature","properties":{"Cell_ID":1050,"Area_ha":1.0,"LC":"16:1.000000","XMIN":722894.86160847,"YMIN":8518889.517664917,"XMAX":722994.86160847,"YMAX":8518989.517664917},"geometry":{"type":"Polygon","coordinates":[[[-72.94077788932728,-13.389251692182068],[-72.94078557423822,-13.388348035359217],[-72.94170858901967,-13.388355557140002],[-72.94170090754746,-13.389259214488792],[-72.94077788932728,-13.389251692182068]]]}},{"type":"Feature","properties":{"Cell_ID":1051,"Area_ha":1.0,"LC":"16:1.000000","XMIN":722894.86160847,"YMIN":8518789.517664917,"XMAX":722994.86160847,"YMAX":8518889.517664917},"geometry":{"type":"Polygon","coordinates":[[[-72.94077020384981,-13.390155348936092],[-72.94077788932728,-13.389251692182068],[-72.94170090754746,-13.389259214488792],[-72.94169322550897,-13.390162871768755],[-72.94077020384981,-13.390155348936092]]]}},{"type":"Feature","properties":{"Cell_ID":1052,"Area_ha":1.0,"LC":"5:0.079391,13:0.117092,16:0.803517","XMIN":722894.86160847,"YMIN":8518689.517664917,"XMAX":722994.86160847,"YMAX":8518789.517664917},"geometry":{"type":"Polygon","coordinates":[[[-72.94076251780578,-13.391059005621276],[-72.94077020384981,-13.390155348936092],[-72.94169322550897,-13.390162871768755],[-72.94168554290417,-13.39106652897988],[-72.94076251780578,-13.391059005621276]]]}},{"type":"Feature","properties":{"Cell_ID":1053,"Area_ha":1.0,"LC":"5:0.814235,9:0.137886,13:0.047878","XMIN":722894.86160847,"YMIN":8518589.517664917,"XMAX":722994.86160847,"YMAX":8518689.517664917},"geometry":{"type":"Polygon","coordinates":[[[-72.94075483119519,-13.391962662237615],[-72.94076251780578,-13.391059005621276],[-72.94168554290417,-13.39106652897988],[-72.94167785973306,-13.391970186122169],[-72.94075483119519,-13.391962662237615]]]}},{"type":"Feature","properties":{"Cell_ID":1054,"Area_ha":1.0,"LC":"5:0.103465,9:0.473679,13:0.422856","XMIN":722894.86160847,"YMIN":8518489.517664917,"XMAX":722994.86160847,"YMAX":8518589.517664917},"geometry":{"type":"Polygon","coordinates":[[[-72.94074714401802,-13.39286631878511],[-72.94075483119519,-13.391962662237615],[-72.94167785973306,-13.391970186122169],[-72.94167017599563,-13.392873843195614],[-72.94074714401802,-13.39286631878511]]]}},{"type":"Feature","properties":{"Cell_ID":1055,"Area_ha":1.0,"LC":"9:0.580917,13:0.419083","XMIN":722894.86160847,"YMIN":8518389.517664917,"XMAX":722994.86160847,"YMAX":8518489.517664917},"geometry":{"type":"Polygon","coordinates":[[[-72.94073945627426,-13.393769975263751],[-72.94074714401802,-13.39286631878511],[-72.94167017599563,-13.392873843195614],[-72.94166249169187,-13.393777500200212],[-72.94073945627426,-13.393769975263751]]]}},{"type":"Feature","properties":{"Cell_ID":1056,"Area_ha":1.0,"LC":"9:0.729457,13:0.270543","XMIN":722894.86160847,"YMIN":8518289.517664917,"XMAX":722994.86160847,"YMAX":8518389.517664917},"geometry":{"type":"Polygon","coordinates":[[[-72.94073176796391,-13.394673631673532],[-72.94073945627426,-13.393769975263751],[-72.94166249169187,-13.393777500200212],[-72.94165480682176,-13.394681157135954],[-72.94073176796391,-13.394673631673532]]]}},{"type":"Feature","properties":{"Cell_ID":1057,"Area_ha":1.0,"LC":"9:0.046718,13:0.953282","XMIN":722894.86160847,"YMIN":8518189.517664917,"XMAX":722994.86160847,"YMAX":8518289.517664917},"geometry":{"type":"Polygon","coordinates":[[[-72.94072407908695,-13.395577288014461],[-72.94073176796391,-13.394673631673532],[-72.94165480682176,-13.394681157135954],[-72.9416471213853,-13.395584814002843],[-72.94072407908695,-13.395577288014461]]]}},{"type":"Feature","properties":{"Cell_ID":1058,"Area_ha":1.0,"LC":"5:0.002130,9:0.195153,13:0.802717","XMIN":722894.86160847,"YMIN":8518089.517664917,"XMAX":722994.86160847,"YMAX":8518189.517664917},"geometry":{"type":"Polygon","coordinates":[[[-72.94071638964337,-13.39648094428652],[-72.94072407908695,-13.395577288014461],[-72.9416471213853,-13.395584814002843],[-72.94163943538247,-13.396488470800872],[-72.94071638964337,-13.39648094428652]]]}},{"type":"Feature","properties":{"Cell_ID":1059,"Area_ha":1.0,"LC":"5:0.003687,9:0.039221,13:0.957092","XMIN":722894.86160847,"YMIN":8517989.517664917,"XMAX":722994.86160847,"YMAX":8518089.517664917},"geometry":{"type":"Polygon","coordinates":[[[-72.94070869963318,-13.397384600489708],[-72.94071638964337,-13.39648094428652],[-72.94163943538247,-13.396488470800872],[-72.94163174881328,-13.397392127530031],[-72.94070869963318,-13.397384600489708]]]}},{"type":"Feature","properties":{"Cell_ID":1060,"Area_ha":1.0,"LC":"9:0.580535,13:0.419465","XMIN":722894.86160847,"YMIN":8517889.517664917,"XMAX":722994.86160847,"YMAX":8517989.517664917},"geometry":{"type":"Polygon","coordinates":[[[-72.94070100905634,-13.39828825662403],[-72.94070869963318,-13.397384600489708],[-72.94163174881328,-13.397392127530031],[-72.94162406167771,-13.398295784190323],[-72.94070100905634,-13.39828825662403]]]}},{"type":"Feature","properties":{"Cell_ID":1061,"Area_ha":1.0,"LC":"5:0.046718,9:0.700557,13:0.252726","XMIN":722894.86160847,"YMIN":8517789.517664917,"XMAX":722994.86160847,"YMAX":8517889.517664917},"geometry":{"type":"Polygon","coordinates":[[[-72.94069331791285,-13.399191912689467],[-72.94070100905634,-13.39828825662403],[-72.94162406167771,-13.398295784190323],[-72.94161637397575,-13.399199440781745],[-72.94069331791285,-13.399191912689467]]]}},{"type":"Feature","properties":{"Cell_ID":1062,"Area_ha":1.0,"LC":"5:0.133818,9:0.321160,13:0.545022","XMIN":722894.86160847,"YMIN":8517689.517664917,"XMAX":722994.86160847,"YMAX":8517789.517664917},"geometry":{"type":"Polygon","coordinates":[[[-72.94068562620271,-13.400095568686023],[-72.94069331791285,-13.399191912689467],[-72.94161637397575,-13.399199440781745],[-72.94160868570738,-13.40010309730428],[-72.94068562620271,-13.400095568686023]]]}},{"type":"Feature","properties":{"Cell_ID":1063,"Area_ha":1.0,"LC":"5:0.595153,9:0.314839,13:0.090008","XMIN":722894.86160847,"YMIN":8517589.517664917,"XMAX":722994.86160847,"YMAX":8517689.517664917},"geometry":{"type":"Polygon","coordinates":[[[-72.94067793392591,-13.400999224613694],[-72.94068562620271,-13.400095568686023],[-72.94160868570738,-13.40010309730428],[-72.94160099687258,-13.40100675375794],[-72.94067793392591,-13.400999224613694]]]}},{"type":"Feature","properties":{"Cell_ID":1064,"Area_ha":1.0,"LC":"5:0.095587,9:0.269213,13:0.635200","XMIN":722894.86160847,"YMIN":8517489.517664917,"XMAX":722994.86160847,"YMAX":8517589.517664917},"geometry":{"type":"Polygon","coordinates":[[[-72.94067024108243,-13.401902880472477],[-72.94067793392591,-13.400999224613694],[-72.94160099687258,-13.40100675375794],[-72.94159330747138,-13.401910410142708],[-72.94067024108243,-13.401902880472477]]]}},{"type":"Feature","properties":{"Cell_ID":1065,"Area_ha":1.0,"LC":"5:0.094596,9:0.079031,13:0.826373","XMIN":722894.86160847,"YMIN":8517389.517664917,"XMAX":722994.86160847,"YMAX":8517489.517664917},"geometry":{"type":"Polygon","coordinates":[[[-72.94066254767226,-13.40280653626236],[-72.94067024108243,-13.401902880472477],[-72.94159330747138,-13.401910410142708],[-72.94158561750373,-13.402814066458584],[-72.94066254767226,-13.40280653626236]]]}},{"type":"Feature","properties":{"Cell_ID":1066,"Area_ha":1.0,"LC":"5:0.404191,13:0.595809","XMIN":722894.86160847,"YMIN":8517289.517664917,"XMAX":722994.86160847,"YMAX":8517389.517664917},"geometry":{"type":"Polygon","coordinates":[[[-72.94065485369539,-13.403710191983345],[-72.94066254767226,-13.40280653626236],[-72.94158561750373,-13.402814066458584],[-72.94157792696966,-13.403717722705572],[-72.94065485369539,-13.403710191983345]]]}},{"type":"Feature","properties":{"Cell_ID":1067,"Area_ha":1.0,"LC":"5:0.387152,6:0.375756,9:0.001160,13:0.235931","XMIN":722894.86160847,"YMIN":8517189.517664917,"XMAX":722994.86160847,"YMAX":8517289.517664917},"geometry":{"type":"Polygon","coordinates":[[[-72.94064715915182,-13.404613847635428],[-72.94065485369539,-13.403710191983345],[-72.94157792696966,-13.403717722705572],[-72.94157023586911,-13.404621378883652],[-72.94064715915182,-13.404613847635428]]]}},{"type":"Feature","properties":{"Cell_ID":1068,"Area_ha":1.0,"LC":"5:0.202130,6:0.479031,7:0.007878,9:0.002717,13:0.308244","XMIN":722894.86160847,"YMIN":8517089.517664917,"XMAX":722994.86160847,"YMAX":8517189.517664917},"geometry":{"type":"Polygon","coordinates":[[[-72.94063946404152,-13.405517503218595],[-72.94064715915182,-13.404613847635428],[-72.94157023586911,-13.404621378883652],[-72.94156254420211,-13.405525034992829],[-72.94063946404152,-13.405517503218595]]]}},{"type":"Feature","properties":{"Cell_ID":1069,"Area_ha":1.0,"LC":"5:0.290596,6:0.312122,7:0.287878,13:0.109404","XMIN":722894.86160847,"YMIN":8516989.517664917,"XMAX":722994.86160847,"YMAX":8517089.517664917},"geometry":{"type":"Polygon","coordinates":[[[-72.94063176836451,-13.406421158732858],[-72.94063946404152,-13.405517503218595],[-72.94156254420211,-13.405525034992829],[-72.94155485196863,-13.4064286910331],[-72.94063176836451,-13.406421158732858]]]}},{"type":"Feature","properties":{"Cell_ID":1070,"Area_ha":1.0,"LC":"16:1.000000","XMIN":722994.86160847,"YMIN":8519089.517664917,"XMAX":723094.86160847,"YMAX":8519189.517664917},"geometry":{"type":"Polygon","coordinates":[[[-72.93987024780616,-13.387436853846198],[-72.93987793502224,-13.386533197411852],[-72.94080094236048,-13.38654072150702],[-72.94079325858262,-13.387444378467531],[-72.93987024780616,-13.387436853846198]]]}},{"type":"Feature","properties":{"Cell_ID":1071,"Area_ha":1.0,"LC":"16:1.000000","XMIN":722994.86160847,"YMIN":8518989.517664917,"XMAX":723094.86160847,"YMAX":8519089.517664917},"geometry":{"type":"Polygon","coordinates":[[[-72.93986256002331,-13.388340510211718],[-72.93987024780616,-13.387436853846198],[-72.94079325858262,-13.387444378467531],[-72.94078557423822,-13.388348035359217],[-72.93986256002331,-13.388340510211718]]]}},{"type":"Feature","properties":{"Cell_ID":1072,"Area_ha":1.0,"LC":"16:1.000000","XMIN":722994.86160847,"YMIN":8518889.517664917,"XMAX":723094.86160847,"YMAX":8518989.517664917},"geometry":{"type":"Polygon","coordinates":[[[-72.93985487167366,-13.389244166508398],[-72.93986256002331,-13.388340510211718],[-72.94078557423822,-13.388348035359217],[-72.94077788932728,-13.389251692182068],[-72.93985487167366,-13.389244166508398]]]}},{"type":"Feature","properties":{"Cell_ID":1073,"Area_ha":1.0,"LC":"9:0.017886,16:0.982114","XMIN":722994.86160847,"YMIN":8518789.517664917,"XMAX":723094.86160847,"YMAX":8518889.517664917},"geometry":{"type":"Polygon","coordinates":[[[-72.93984718275722,-13.390147822736242],[-72.93985487167366,-13.389244166508398],[-72.94077788932728,-13.389251692182068],[-72.94077020384981,-13.390155348936092],[-72.93984718275722,-13.390147822736242]]]}},{"type":"Feature","properties":{"Cell_ID":1074,"Area_ha":1.0,"LC":"5:0.375566,9:0.251756,13:0.040969,16:0.331709","XMIN":722994.86160847,"YMIN":8518689.517664917,"XMAX":723094.86160847,"YMAX":8518789.517664917},"geometry":{"type":"Polygon","coordinates":[[[-72.93983949327396,-13.391051478895251],[-72.93984718275722,-13.390147822736242],[-72.94077020384981,-13.390155348936092],[-72.94076251780578,-13.391059005621276],[-72.93983949327396,-13.391051478895251]]]}},{"type":"Feature","properties":{"Cell_ID":1075,"Area_ha":1.0,"LC":"5:0.141526,9:0.857504,13:0.000969","XMIN":722994.86160847,"YMIN":8518589.517664917,"XMAX":723094.86160847,"YMAX":8518689.517664917},"geometry":{"type":"Polygon","coordinates":[[[-72.9398318032239,-13.391955134985402],[-72.93983949327396,-13.391051478895251],[-72.94076251780578,-13.391059005621276],[-72.94075483119519,-13.391962662237615],[-72.9398318032239,-13.391955134985402]]]}},{"type":"Feature","properties":{"Cell_ID":1076,"Area_ha":1.0,"LC":"9:0.558670,13:0.441330","XMIN":722994.86160847,"YMIN":8518489.517664917,"XMAX":723094.86160847,"YMAX":8518589.517664917},"geometry":{"type":"Polygon","coordinates":[[[-72.93982411260698,-13.39285879100671],[-72.9398318032239,-13.391955134985402],[-72.94075483119519,-13.391962662237615],[-72.94074714401802,-13.39286631878511],[-72.93982411260698,-13.39285879100671]]]}},{"type":"Feature","properties":{"Cell_ID":1077,"Area_ha":1.0,"LC":"13:1.000000","XMIN":722994.86160847,"YMIN":8518389.517664917,"XMAX":723094.86160847,"YMAX":8518489.517664917},"geometry":{"type":"Polygon","coordinates":[[[-72.93981642142325,-13.393762446959158],[-72.93982411260698,-13.39285879100671],[-72.94074714401802,-13.39286631878511],[-72.94073945627426,-13.393769975263751],[-72.93981642142325,-13.393762446959158]]]}},{"type":"Feature","properties":{"Cell_ID":1078,"Area_ha":1.0,"LC":"9:0.301887,13:0.698113","XMIN":722994.86160847,"YMIN":8518289.517664917,"XMAX":723094.86160847,"YMAX":8518389.517664917},"geometry":{"type":"Polygon","coordinates":[[[-72.93980872967266,-13.394666102842747],[-72.93981642142325,-13.393762446959158],[-72.94073945627426,-13.393769975263751],[-72.94073176796391,-13.394673631673532],[-72.93980872967266,-13.394666102842747]]]}},{"type":"Feature","properties":{"Cell_ID":1079,"Area_ha":1.0,"LC":"9:0.604847,13:0.395153","XMIN":722994.86160847,"YMIN":8518189.517664917,"XMAX":723094.86160847,"YMAX":8518289.517664917},"geometry":{"type":"Polygon","coordinates":[[[-72.9398010373552,-13.395569758657475],[-72.93980872967266,-13.394666102842747],[-72.94073176796391,-13.394673631673532],[-72.94072407908695,-13.395577288014461],[-72.9398010373552,-13.395569758657475]]]}},{"type":"Feature","properties":{"Cell_ID":1080,"Area_ha":1.0,"LC":"5:0.093627,9:0.348121,13:0.558252","XMIN":722994.86160847,"YMIN":8518089.517664917,"XMAX":723094.86160847,"YMAX":8518189.517664917},"geometry":{"type":"Polygon","coordinates":[[[-72.93979334447089,-13.396473414403333],[-72.9398010373552,-13.395569758657475],[-72.94072407908695,-13.395577288014461],[-72.94071638964337,-13.39648094428652],[-72.93979334447089,-13.396473414403333]]]}},{"type":"Feature","properties":{"Cell_ID":1081,"Area_ha":1.0,"LC":"5:0.420557,9:0.452726,13:0.126718","XMIN":722994.86160847,"YMIN":8517989.517664917,"XMAX":723094.86160847,"YMAX":8518089.517664917},"geometry":{"type":"Polygon","coordinates":[[[-72.93978565101969,-13.397377070080314],[-72.93979334447089,-13.396473414403333],[-72.94071638964337,-13.39648094428652],[-72.94070869963318,-13.397384600489708],[-72.93978565101969,-13.397377070080314]]]}},{"type":"Feature","properties":{"Cell_ID":1082,"Area_ha":1.0,"LC":"5:0.002908,9:0.065992,13:0.931100","XMIN":722994.86160847,"YMIN":8517889.517664917,"XMAX":723094.86160847,"YMAX":8517989.517664917},"geometry":{"type":"Polygon","coordinates":[[[-72.9397779570016,-13.398280725688425],[-72.93978565101969,-13.397377070080314],[-72.94070869963318,-13.397384600489708],[-72.94070100905634,-13.39828825662403],[-72.9397779570016,-13.398280725688425]]]}},{"type":"Feature","properties":{"Cell_ID":1083,"Area_ha":1.0,"LC":"5:0.176917,13:0.823083","XMIN":722994.86160847,"YMIN":8517789.517664917,"XMAX":723094.86160847,"YMAX":8517889.517664917},"geometry":{"type":"Polygon","coordinates":[[[-72.93977026241662,-13.39918438122765],[-72.9397779570016,-13.398280725688425],[-72.94070100905634,-13.39828825662403],[-72.94069331791285,-13.399191912689467],[-72.93977026241662,-13.39918438122765]]]}},{"type":"Feature","properties":{"Cell_ID":1084,"Area_ha":1.0,"LC":"5:0.392900,6:0.011947,9:0.046718,13:0.548435","XMIN":722994.86160847,"YMIN":8517689.517664917,"XMAX":723094.86160847,"YMAX":8517789.517664917},"geometry":{"type":"Polygon","coordinates":[[[-72.93976256726472,-13.40008803669799],[-72.93977026241662,-13.39918438122765],[-72.94069331791285,-13.399191912689467],[-72.94068562620271,-13.400095568686023],[-72.93976256726472,-13.40008803669799]]]}},{"type":"Feature","properties":{"Cell_ID":1085,"Area_ha":1.0,"LC":"5:0.240000,6:0.113870,7:0.050978,9:0.149404,13:0.445748","XMIN":722994.86160847,"YMIN":8517589.517664917,"XMAX":723094.86160847,"YMAX":8517689.517664917},"geometry":{"type":"Polygon","coordinates":[[[-72.9397548715459,-13.400991692099437],[-72.93976256726472,-13.40008803669799],[-72.94068562620271,-13.400095568686023],[-72.94067793392591,-13.400999224613694],[-72.9397548715459,-13.400991692099437]]]}},{"type":"Feature","properties":{"Cell_ID":1086,"Area_ha":1.0,"LC":"5:0.200000,7:0.204847,13:0.595153","XMIN":722994.86160847,"YMIN":8517489.517664917,"XMAX":723094.86160847,"YMAX":8517589.517664917},"geometry":{"type":"Polygon","coordinates":[[[-72.93974717526015,-13.401895347431992],[-72.9397548715459,-13.400991692099437],[-72.94067793392591,-13.400999224613694],[-72.94067024108243,-13.401902880472477],[-72.93974717526015,-13.401895347431992]]]}},{"type":"Feature","properties":{"Cell_ID":1087,"Area_ha":1.0,"LC":"5:0.288848,7:0.033870,13:0.677283","XMIN":722994.86160847,"YMIN":8517389.517664917,"XMAX":723094.86160847,"YMAX":8517489.517664917},"geometry":{"type":"Polygon","coordinates":[[[-72.93973947840747,-13.402799002695648],[-72.93974717526015,-13.401895347431992],[-72.94067024108243,-13.401902880472477],[-72.94066254767226,-13.40280653626236],[-72.93973947840747,-13.402799002695648]]]}},{"type":"Feature","properties":{"Cell_ID":1088,"Area_ha":1.0,"LC":"5:0.278840,9:0.008069,13:0.713091","XMIN":722994.86160847,"YMIN":8517289.517664917,"XMAX":723094.86160847,"YMAX":8517389.517664917},"geometry":{"type":"Polygon","coordinates":[[[-72.93973178098783,-13.4037026578904],[-72.93973947840747,-13.402799002695648],[-72.94066254767226,-13.40280653626236],[-72.94065485369539,-13.403710191983345],[-72.93973178098783,-13.4037026578904]]]}},{"type":"Feature","properties":{"Cell_ID":1089,"Area_ha":1.0,"LC":"5:0.438443,9:0.417314,13:0.144244","XMIN":722994.86160847,"YMIN":8517189.517664917,"XMAX":723094.86160847,"YMAX":8517289.517664917},"geometry":{"type":"Polygon","coordinates":[[[-72.93972408300124,-13.404606313016249],[-72.93973178098783,-13.4037026578904],[-72.94065485369539,-13.403710191983345],[-72.94064715915182,-13.404613847635428],[-72.93972408300124,-13.404606313016249]]]}},{"type":"Feature","properties":{"Cell_ID":1090,"Area_ha":1.0,"LC":"16:1.000000","XMIN":723094.86160847,"YMIN":8519089.517664917,"XMAX":723194.86160847,"YMAX":8519189.517664917},"geometry":{"type":"Polygon","coordinates":[[[-72.9389472375965,-13.387429325858397],[-72.93895492825077,-13.386525669950448],[-72.93987793502224,-13.386533197411852],[-72.93987024780616,-13.387436853846198],[-72.9389472375965,-13.387429325858397]]]}},{"type":"Feature","properties":{"Cell_ID":1091,"Area_ha":1.0,"LC":"16:1.000000","XMIN":723094.86160847,"YMIN":8518989.517664917,"XMAX":723194.86160847,"YMAX":8519089.517664917},"geometry":{"type":"Polygon","coordinates":[[[-72.93893954637518,-13.38833298169751],[-72.9389472375965,-13.387429325858397],[-72.93987024780616,-13.387436853846198],[-72.93986256002331,-13.388340510211718],[-72.93893954637518,-13.38833298169751]]]}},{"type":"Feature","properties":{"Cell_ID":1092,"Area_ha":1.0,"LC":"16:1.000000","XMIN":723094.86160847,"YMIN":8518889.517664917,"XMAX":723194.86160847,"YMAX":8518989.517664917},"geometry":{"type":"Polygon","coordinates":[[[-72.93893185458683,-13.389236637467782],[-72.93893954637518,-13.38833298169751],[-72.93986256002331,-13.388340510211718],[-72.93985487167366,-13.389244166508398],[-72.93893185458683,-13.389236637467782]]]}},{"type":"Feature","properties":{"Cell_ID":1093,"Area_ha":1.0,"LC":"9:0.197452,16:0.802548","XMIN":723094.86160847,"YMIN":8518789.517664917,"XMAX":723194.86160847,"YMAX":8518889.517664917},"geometry":{"type":"Polygon","coordinates":[[[-72.93892416223143,-13.390140293169216],[-72.93893185458683,-13.389236637467782],[-72.93985487167366,-13.389244166508398],[-72.93984718275722,-13.390147822736242],[-72.93892416223143,-13.390140293169216]]]}},{"type":"Feature","properties":{"Cell_ID":1094,"Area_ha":1.0,"LC":"9:0.605388,13:0.394612","XMIN":723094.86160847,"YMIN":8518689.517664917,"XMAX":723194.86160847,"YMAX":8518789.517664917},"geometry":{"type":"Polygon","coordinates":[[[-72.93891646930895,-13.391043948801805],[-72.93892416223143,-13.390140293169216],[-72.93984718275722,-13.390147822736242],[-72.93983949327396,-13.391051478895251],[-72.93891646930895,-13.391043948801805]]]}},{"type":"Feature","properties":{"Cell_ID":1095,"Area_ha":1.0,"LC":"9:0.299757,13:0.700243","XMIN":723094.86160847,"YMIN":8518589.517664917,"XMAX":723194.86160847,"YMAX":8518689.517664917},"geometry":{"type":"Polygon","coordinates":[[[-72.93890877581943,-13.39194760436554],[-72.93891646930895,-13.391043948801805],[-72.93983949327396,-13.391051478895251],[-72.9398318032239,-13.391955134985402],[-72.93890877581943,-13.39194760436554]]]}},{"type":"Feature","properties":{"Cell_ID":1096,"Area_ha":1.0,"LC":"9:0.358252,13:0.641748","XMIN":723094.86160847,"YMIN":8518489.517664917,"XMAX":723194.86160847,"YMAX":8518589.517664917},"geometry":{"type":"Polygon","coordinates":[[[-72.9389010817628,-13.392851259860425],[-72.93890877581943,-13.39194760436554],[-72.9398318032239,-13.391955134985402],[-72.93982411260698,-13.39285879100671],[-72.9389010817628,-13.392851259860425]]]}},{"type":"Feature","properties":{"Cell_ID":1097,"Area_ha":1.0,"LC":"9:0.691396,13:0.292657,16:0.015947","XMIN":723094.86160847,"YMIN":8518389.517664917,"XMAX":723194.86160847,"YMAX":8518489.517664917},"geometry":{"type":"Polygon","coordinates":[[[-72.93889338713907,-13.393754915286449],[-72.9389010817628,-13.392851259860425],[-72.93982411260698,-13.39285879100671],[-72.93981642142325,-13.393762446959158],[-72.93889338713907,-13.393754915286449]]]}},{"type":"Feature","properties":{"Cell_ID":1098,"Area_ha":1.0,"LC":"7:0.000191,9:0.150352,13:0.372678,16:0.476778","XMIN":723094.86160847,"YMIN":8518289.517664917,"XMAX":723194.86160847,"YMAX":8518389.517664917},"geometry":{"type":"Polygon","coordinates":[[[-72.93888569194827,-13.394658570643607],[-72.93889338713907,-13.393754915286449],[-72.93981642142325,-13.393762446959158],[-72.93980872967266,-13.394666102842747],[-72.93888569194827,-13.394658570643607]]]}},{"type":"Feature","properties":{"Cell_ID":1099,"Area_ha":1.0,"LC":"5:0.015947,7:0.001748,9:0.950183,16:0.032122","XMIN":723094.86160847,"YMIN":8518189.517664917,"XMAX":723194.86160847,"YMAX":8518289.517664917},"geometry":{"type":"Polygon","coordinates":[[[-72.93887799619034,-13.395562225931899],[-72.93888569194827,-13.394658570643607],[-72.93980872967266,-13.394666102842747],[-72.9398010373552,-13.395569758657475],[-72.93887799619034,-13.395562225931899]]]}},{"type":"Feature","properties":{"Cell_ID":1100,"Area_ha":1.0,"LC":"5:0.186961,6:0.002130,9:0.691879,13:0.119031","XMIN":723094.86160847,"YMIN":8518089.517664917,"XMAX":723194.86160847,"YMAX":8518189.517664917},"geometry":{"type":"Polygon","coordinates":[[[-72.93887029986529,-13.396465881151322],[-72.93887799619034,-13.395562225931899],[-72.9398010373552,-13.395569758657475],[-72.93979334447089,-13.396473414403333],[-72.93887029986529,-13.396465881151322]]]}},{"type":"Feature","properties":{"Cell_ID":1101,"Area_ha":1.0,"LC":"6:0.001748,9:0.998252","XMIN":723094.86160847,"YMIN":8517989.517664917,"XMAX":723194.86160847,"YMAX":8518089.517664917},"geometry":{"type":"Polygon","coordinates":[[[-72.9388626029731,-13.397369536301861],[-72.93887029986529,-13.396465881151322],[-72.93979334447089,-13.396473414403333],[-72.93978565101969,-13.397377070080314],[-72.9388626029731,-13.397369536301861]]]}},{"type":"Feature","properties":{"Cell_ID":1102,"Area_ha":1.0,"LC":"5:0.504795,9:0.399639,13:0.095566","XMIN":723094.86160847,"YMIN":8517889.517664917,"XMAX":723194.86160847,"YMAX":8517989.517664917},"geometry":{"type":"Polygon","coordinates":[[[-72.93885490551378,-13.398273191383522],[-72.9388626029731,-13.397369536301861],[-72.93978565101969,-13.397377070080314],[-72.9397779570016,-13.398280725688425],[-72.93885490551378,-13.398273191383522]]]}},{"type":"Feature","properties":{"Cell_ID":1103,"Area_ha":1.0,"LC":"5:0.699443,13:0.300557","XMIN":723094.86160847,"YMIN":8517789.517664917,"XMAX":723194.86160847,"YMAX":8517889.517664917},"geometry":{"type":"Polygon","coordinates":[[[-72.93884720748729,-13.399176846396301],[-72.93885490551378,-13.398273191383522],[-72.9397779570016,-13.398280725688425],[-72.93977026241662,-13.39918438122765],[-72.93884720748729,-13.399176846396301]]]}},{"type":"Feature","properties":{"Cell_ID":1104,"Area_ha":1.0,"LC":"5:0.242548,6:0.659566,9:0.097886","XMIN":723094.86160847,"YMIN":8517689.517664917,"XMAX":723194.86160847,"YMAX":8517789.517664917},"geometry":{"type":"Polygon","coordinates":[[[-72.93883950889364,-13.400080501340184],[-72.93884720748729,-13.399176846396301],[-72.93977026241662,-13.39918438122765],[-72.93976256726472,-13.40008803669799],[-72.93883950889364,-13.400080501340184]]]}},{"type":"Feature","properties":{"Cell_ID":1105,"Area_ha":1.0,"LC":"16:1.000000","XMIN":723194.86160847,"YMIN":8519089.517664917,"XMAX":723294.86160847,"YMAX":8519189.517664917},"geometry":{"type":"Polygon","coordinates":[[[-72.93802422795385,-13.387421794504128],[-72.93803192204632,-13.386518139122815],[-72.93895492825077,-13.386525669950448],[-72.9389472375965,-13.387429325858397],[-72.93802422795385,-13.387421794504128]]]}},{"type":"Feature","properties":{"Cell_ID":1106,"Area_ha":1.0,"LC":"16:1.000000","XMIN":723194.86160847,"YMIN":8518989.517664917,"XMAX":723294.86160847,"YMAX":8519089.517664917},"geometry":{"type":"Polygon","coordinates":[[[-72.9380165332941,-13.388325449816602],[-72.93802422795385,-13.387421794504128],[-72.9389472375965,-13.387429325858397],[-72.93893954637518,-13.38833298169751],[-72.9380165332941,-13.388325449816602]]]}},{"type":"Feature","properties":{"Cell_ID":1107,"Area_ha":1.0,"LC":"16:1.000000","XMIN":723194.86160847,"YMIN":8518889.517664917,"XMAX":723294.86160847,"YMAX":8518989.517664917},"geometry":{"type":"Polygon","coordinates":[[[-72.93800883806705,-13.389229105060233],[-72.9380165332941,-13.388325449816602],[-72.93893954637518,-13.38833298169751],[-72.93893185458683,-13.389236637467782],[-72.93800883806705,-13.389229105060233]]]}},{"type":"Feature","properties":{"Cell_ID":1108,"Area_ha":1.0,"LC":"9:0.015566,13:0.002130,16:0.982305","XMIN":723194.86160847,"YMIN":8518789.517664917,"XMAX":723294.86160847,"YMAX":8518889.517664917},"geometry":{"type":"Polygon","coordinates":[[[-72.9380011422727,-13.39013276023502],[-72.93800883806705,-13.389229105060233],[-72.93893185458683,-13.389236637467782],[-72.93892416223143,-13.390140293169216],[-72.9380011422727,-13.39013276023502]]]}},{"type":"Feature","properties":{"Cell_ID":1109,"Area_ha":1.0,"LC":"9:0.063465,13:0.520170,16:0.416365","XMIN":723194.86160847,"YMIN":8518689.517664917,"XMAX":723294.86160847,"YMAX":8518789.517664917},"geometry":{"type":"Polygon","coordinates":[[[-72.93799344591103,-13.391036415340956],[-72.9380011422727,-13.39013276023502],[-72.93892416223143,-13.390140293169216],[-72.93891646930895,-13.391043948801805],[-72.93799344591103,-13.391036415340956]]]}},{"type":"Feature","properties":{"Cell_ID":1110,"Area_ha":1.0,"LC":"13:1.000000","XMIN":723194.86160847,"YMIN":8518589.517664917,"XMAX":723294.86160847,"YMAX":8518689.517664917},"geometry":{"type":"Polygon","coordinates":[[[-72.93798574898203,-13.391940070378038],[-72.93799344591103,-13.391036415340956],[-72.93891646930895,-13.391043948801805],[-72.93890877581943,-13.39194760436554],[-72.93798574898203,-13.391940070378038]]]}},{"type":"Feature","properties":{"Cell_ID":1111,"Area_ha":1.0,"LC":"9:0.015756,13:0.984244","XMIN":723194.86160847,"YMIN":8518489.517664917,"XMAX":723294.86160847,"YMAX":8518589.517664917},"geometry":{"type":"Polygon","coordinates":[[[-72.9379780514857,-13.392843725346264],[-72.93798574898203,-13.391940070378038],[-72.93890877581943,-13.39194760436554],[-72.9389010817628,-13.392851259860425],[-72.9379780514857,-13.392843725346264]]]}},{"type":"Feature","properties":{"Cell_ID":1112,"Area_ha":1.0,"LC":"9:0.644970,13:0.339465,16:0.015566","XMIN":723194.86160847,"YMIN":8518389.517664917,"XMAX":723294.86160847,"YMAX":8518489.517664917},"geometry":{"type":"Polygon","coordinates":[[[-72.93797035342202,-13.393747380245626],[-72.9379780514857,-13.392843725346264],[-72.9389010817628,-13.392851259860425],[-72.93889338713907,-13.393754915286449],[-72.93797035342202,-13.393747380245626]]]}},{"type":"Feature","properties":{"Cell_ID":1113,"Area_ha":1.0,"LC":"5:0.000191,7:0.039200,9:0.578304,13:0.002717,16:0.379587","XMIN":723194.86160847,"YMIN":8518289.517664917,"XMAX":723294.86160847,"YMAX":8518389.517664917},"geometry":{"type":"Polygon","coordinates":[[[-72.937962654791,-13.394651035076118],[-72.93797035342202,-13.393747380245626],[-72.93889338713907,-13.393754915286449],[-72.93888569194827,-13.394658570643607],[-72.937962654791,-13.394651035076118]]]}},{"type":"Feature","properties":{"Cell_ID":1114,"Area_ha":1.0,"LC":"5:0.352101,7:0.450808,9:0.197092","XMIN":723194.86160847,"YMIN":8518189.517664917,"XMAX":723294.86160847,"YMAX":8518289.517664917},"geometry":{"type":"Polygon","coordinates":[[[-72.9379549555926,-13.39555468983774],[-72.937962654791,-13.394651035076118],[-72.93888569194827,-13.394658570643607],[-72.93887799619034,-13.395562225931899],[-72.9379549555926,-13.39555468983774]]]}},{"type":"Feature","properties":{"Cell_ID":1115,"Area_ha":1.0,"LC":"5:0.446930,6:0.504413,7:0.048657","XMIN":723194.86160847,"YMIN":8518089.517664917,"XMAX":723294.86160847,"YMAX":8518189.517664917},"geometry":{"type":"Polygon","coordinates":[[[-72.93794725582681,-13.396458344530489],[-72.9379549555926,-13.39555468983774],[-72.93887799619034,-13.395562225931899],[-72.93887029986529,-13.396465881151322],[-72.93794725582681,-13.396458344530489]]]}},{"type":"Feature","properties":{"Cell_ID":1116,"Area_ha":1.0,"LC":"5:0.097504,6:0.374617,7:0.400000,9:0.127878","XMIN":723194.86160847,"YMIN":8517989.517664917,"XMAX":723294.86160847,"YMAX":8518089.517664917},"geometry":{"type":"Polygon","coordinates":[[[-72.93793955549366,-13.397361999154354],[-72.93794725582681,-13.396458344530489],[-72.93887029986529,-13.396465881151322],[-72.9388626029731,-13.397369536301861],[-72.93793955549366,-13.397361999154354]]]}},{"type":"Feature","properties":{"Cell_ID":1117,"Area_ha":1.0,"LC":"16:1.000000","XMIN":723294.86160847,"YMIN":8519089.517664917,"XMAX":723394.86160847,"YMAX":8519189.517664917},"geometry":{"type":"Polygon","coordinates":[[[-72.93710121887848,-13.387414259783407],[-72.93710891640914,-13.386510604928965],[-72.93803192204632,-13.386518139122815],[-72.93802422795385,-13.387421794504128],[-72.93710121887848,-13.387414259783407]]]}},{"type":"Feature","properties":{"Cell_ID":1118,"Area_ha":1.0,"LC":"16:1.000000","XMIN":723294.86160847,"YMIN":8518989.517664917,"XMAX":723394.86160847,"YMAX":8519089.517664917},"geometry":{"type":"Polygon","coordinates":[[[-72.93709352078031,-13.388317914569008],[-72.93710121887848,-13.387414259783407],[-72.93802422795385,-13.387421794504128],[-72.9380165332941,-13.388325449816602],[-72.93709352078031,-13.388317914569008]]]}},{"type":"Feature","properties":{"Cell_ID":1119,"Area_ha":1.0,"LC":"16:1.000000","XMIN":723294.86160847,"YMIN":8518889.517664917,"XMAX":723394.86160847,"YMAX":8518989.517664917},"geometry":{"type":"Polygon","coordinates":[[[-72.93708582211458,-13.389221569285757],[-72.93709352078031,-13.388317914569008],[-72.9380165332941,-13.388325449816602],[-72.93800883806705,-13.389229105060233],[-72.93708582211458,-13.389221569285757]]]}},{"type":"Feature","properties":{"Cell_ID":1120,"Area_ha":1.0,"LC":"13:0.318422,16:0.681578","XMIN":723294.86160847,"YMIN":8518789.517664917,"XMAX":723394.86160847,"YMAX":8518889.517664917},"geometry":{"type":"Polygon","coordinates":[[[-72.93707812288127,-13.390125223933664],[-72.93708582211458,-13.389221569285757],[-72.93800883806705,-13.389229105060233],[-72.9380011422727,-13.39013276023502],[-72.93707812288127,-13.390125223933664]]]}},{"type":"Feature","properties":{"Cell_ID":1121,"Area_ha":1.0,"LC":"13:1.000000","XMIN":723294.86160847,"YMIN":8518689.517664917,"XMAX":723394.86160847,"YMAX":8518789.517664917},"geometry":{"type":"Polygon","coordinates":[[[-72.93707042308043,-13.391028878512715],[-72.93707812288127,-13.390125223933664],[-72.9380011422727,-13.39013276023502],[-72.93799344591103,-13.391036415340956],[-72.93707042308043,-13.391028878512715]]]}},{"type":"Feature","properties":{"Cell_ID":1122,"Area_ha":1.0,"LC":"13:1.000000","XMIN":723294.86160847,"YMIN":8518589.517664917,"XMAX":723394.86160847,"YMAX":8518689.517664917},"geometry":{"type":"Polygon","coordinates":[[[-72.93706272271199,-13.39193253302291],[-72.93707042308043,-13.391028878512715],[-72.93799344591103,-13.391036415340956],[-72.93798574898203,-13.391940070378038],[-72.93706272271199,-13.39193253302291]]]}},{"type":"Feature","properties":{"Cell_ID":1123,"Area_ha":1.0,"LC":"5:0.122908,13:0.877092","XMIN":723294.86160847,"YMIN":8518489.517664917,"XMAX":723394.86160847,"YMAX":8518589.517664917},"geometry":{"type":"Polygon","coordinates":[[[-72.93705502177595,-13.392836187464239],[-72.93706272271199,-13.39193253302291],[-72.93798574898203,-13.391940070378038],[-72.9379780514857,-13.392843725346264],[-72.93705502177595,-13.392836187464239]]]}},{"type":"Feature","properties":{"Cell_ID":1124,"Area_ha":1.0,"LC":"13:1.000000","XMIN":723294.86160847,"YMIN":8518389.517664917,"XMAX":723394.86160847,"YMAX":8518489.517664917},"geometry":{"type":"Polygon","coordinates":[[[-72.93704732027233,-13.393739841836704],[-72.93705502177595,-13.392836187464239],[-72.9379780514857,-13.392843725346264],[-72.93797035342202,-13.393747380245626],[-72.93704732027233,-13.393739841836704]]]}},{"type":"Feature","properties":{"Cell_ID":1125,"Area_ha":1.0,"LC":"16:0.440209,17:0.112954","XMIN":723394.86160847,"YMIN":8519189.517664917,"XMAX":723494.86160847,"YMAX":8519289.517664917},"geometry":{"type":"Polygon","coordinates":[[[-72.93618591133949,-13.386503067368908],[-72.93619361174052,-13.385599412972734],[-72.93711661337225,-13.385606950005691],[-72.93710891640914,-13.386510604928965],[-72.93618591133949,-13.386503067368908]]]}},{"type":"Feature","properties":{"Cell_ID":1126,"Area_ha":1.0,"LC":"16:1.000000","XMIN":723394.86160847,"YMIN":8519089.517664917,"XMAX":723494.86160847,"YMAX":8519189.517664917},"geometry":{"type":"Polygon","coordinates":[[[-72.93617821037067,-13.38740672169624],[-72.93618591133949,-13.386503067368908],[-72.93710891640914,-13.386510604928965],[-72.93710121887848,-13.387414259783407],[-72.93617821037067,-13.38740672169624]]]}},{"type":"Feature","properties":{"Cell_ID":1127,"Area_ha":1.0,"LC":"16:1.000000","XMIN":723394.86160847,"YMIN":8518989.517664917,"XMAX":723494.86160847,"YMAX":8519089.517664917},"geometry":{"type":"Polygon","coordinates":[[[-72.93617050883407,-13.388310375954731],[-72.93617821037067,-13.38740672169624],[-72.93710121887848,-13.387414259783407],[-72.93709352078031,-13.388317914569008],[-72.93617050883407,-13.388310375954731]]]}},{"type":"Feature","properties":{"Cell_ID":1128,"Area_ha":1.0,"LC":"13:0.057886,16:0.942114","XMIN":723394.86160847,"YMIN":8518889.517664917,"XMAX":723494.86160847,"YMAX":8518989.517664917},"geometry":{"type":"Polygon","coordinates":[[[-72.93616280672966,-13.38921403014437],[-72.93617050883407,-13.388310375954731],[-72.93709352078031,-13.388317914569008],[-72.93708582211458,-13.389221569285757],[-72.93616280672966,-13.38921403014437]]]}},{"type":"Feature","properties":{"Cell_ID":1129,"Area_ha":1.0,"LC":"13:0.331565,16:0.668435","XMIN":723394.86160847,"YMIN":8518789.517664917,"XMAX":723494.86160847,"YMAX":8518889.517664917},"geometry":{"type":"Polygon","coordinates":[[[-72.93615510405743,-13.390117684265157],[-72.93616280672966,-13.38921403014437],[-72.93708582211458,-13.389221569285757],[-72.93707812288127,-13.390125223933664],[-72.93615510405743,-13.390117684265157]]]}},{"type":"Feature","properties":{"Cell_ID":1130,"Area_ha":1.0,"LC":"13:0.935756,16:0.064244","XMIN":723394.86160847,"YMIN":8518689.517664917,"XMAX":723494.86160847,"YMAX":8518789.517664917},"geometry":{"type":"Polygon","coordinates":[[[-72.93614740081739,-13.391021338317088],[-72.93615510405743,-13.390117684265157],[-72.93707812288127,-13.390125223933664],[-72.93707042308043,-13.391028878512715],[-72.93614740081739,-13.391021338317088]]]}},{"type":"Feature","properties":{"Cell_ID":1131,"Area_ha":1.0,"LC":"13:1.000000","XMIN":723394.86160847,"YMIN":8518589.517664917,"XMAX":723494.86160847,"YMAX":8518689.517664917},"geometry":{"type":"Polygon","coordinates":[[[-72.93613969700952,-13.391924992300154],[-72.93614740081739,-13.391021338317088],[-72.93707042308043,-13.391028878512715],[-72.93706272271199,-13.39193253302291],[-72.93613969700952,-13.391924992300154]]]}},{"type":"Feature","properties":{"Cell_ID":1132,"Area_ha":1.0,"LC":"5:0.622856,13:0.377144","XMIN":723394.86160847,"YMIN":8518489.517664917,"XMAX":723494.86160847,"YMAX":8518589.517664917},"geometry":{"type":"Polygon","coordinates":[[[-72.9361319926338,-13.392828646214356],[-72.93613969700952,-13.391924992300154],[-72.93706272271199,-13.39193253302291],[-72.93705502177595,-13.392836187464239],[-72.9361319926338,-13.392828646214356]]]}},{"type":"Feature","properties":{"Cell_ID":1133,"Area_ha":1.0,"LC":"16:0.649084,17:0.014715","XMIN":723494.86160847,"YMIN":8519189.517664917,"XMAX":723594.86160847,"YMAX":8519289.517664917},"geometry":{"type":"Polygon","coordinates":[[[-72.93526290683762,-13.386495526442651],[-72.93527061067657,-13.385591872573816],[-72.93619361174052,-13.385599412972734],[-72.93618591133949,-13.386503067368908],[-72.93526290683762,-13.386495526442651]]]}},{"type":"Feature","properties":{"Cell_ID":1134,"Area_ha":1.0,"LC":"16:1.000000","XMIN":723494.86160847,"YMIN":8519089.517664917,"XMAX":723594.86160847,"YMAX":8519189.517664917},"geometry":{"type":"Polygon","coordinates":[[[-72.93525520243065,-13.387399180242642],[-72.93526290683762,-13.386495526442651],[-72.93618591133949,-13.386503067368908],[-72.93617821037067,-13.38740672169624],[-72.93525520243065,-13.387399180242642]]]}},{"type":"Feature","properties":{"Cell_ID":1135,"Area_ha":1.0,"LC":"13:0.002130,16:0.997870","XMIN":723494.86160847,"YMIN":8518989.517664917,"XMAX":723594.86160847,"YMAX":8519089.517664917},"geometry":{"type":"Polygon","coordinates":[[[-72.93524749745563,-13.388302833973787],[-72.93525520243065,-13.387399180242642],[-72.93617821037067,-13.38740672169624],[-72.93617050883407,-13.388310375954731],[-72.93524749745563,-13.388302833973787]]]}},{"type":"Feature","properties":{"Cell_ID":1136,"Area_ha":1.0,"LC":"13:0.178474,16:0.821526","XMIN":723494.86160847,"YMIN":8518889.517664917,"XMAX":723594.86160847,"YMAX":8518989.517664917},"geometry":{"type":"Polygon","coordinates":[[[-72.93523979191257,-13.389206487636075],[-72.93524749745563,-13.388302833973787],[-72.93617050883407,-13.388310375954731],[-72.93616280672966,-13.38921403014437],[-72.93523979191257,-13.389206487636075]]]}},{"type":"Feature","properties":{"Cell_ID":1137,"Area_ha":1.0,"LC":"13:0.612657,16:0.387343","XMIN":723494.86160847,"YMIN":8518789.517664917,"XMAX":723594.86160847,"YMAX":8518889.517664917},"geometry":{"type":"Polygon","coordinates":[[[-72.93523208580142,-13.390110141229508],[-72.93523979191257,-13.389206487636075],[-72.93616280672966,-13.38921403014437],[-72.93615510405743,-13.390117684265157],[-72.93523208580142,-13.390110141229508]]]}},{"type":"Feature","properties":{"Cell_ID":1138,"Area_ha":1.0,"LC":"13:0.803031,16:0.196969","XMIN":723494.86160847,"YMIN":8518689.517664917,"XMAX":723594.86160847,"YMAX":8518789.517664917},"geometry":{"type":"Polygon","coordinates":[[[-72.9352243791222,-13.391013794754082],[-72.93523208580142,-13.390110141229508],[-72.93615510405743,-13.390117684265157],[-72.93614740081739,-13.391021338317088],[-72.9352243791222,-13.391013794754082]]]}},{"type":"Feature","properties":{"Cell_ID":1139,"Area_ha":1.0,"LC":"13:0.999221,16:0.000779","XMIN":723494.86160847,"YMIN":8518589.517664917,"XMAX":723594.86160847,"YMAX":8518689.517664917},"geometry":{"type":"Polygon","coordinates":[[[-72.93521667187491,-13.39191744820979],[-72.9352243791222,-13.391013794754082],[-72.93614740081739,-13.391021338317088],[-72.93613969700952,-13.391924992300154],[-72.93521667187491,-13.39191744820979]]]}},{"type":"Feature","properties":{"Cell_ID":1140,"Area_ha":1.0,"LC":"5:0.237452,13:0.762548","XMIN":723494.86160847,"YMIN":8518489.517664917,"XMAX":723594.86160847,"YMAX":8518589.517664917},"geometry":{"type":"Polygon","coordinates":[[[-72.93520896405951,-13.39282110159663],[-72.93521667187491,-13.39191744820979],[-72.93613969700952,-13.391924992300154],[-72.9361319926338,-13.392828646214356],[-72.93520896405951,-13.39282110159663]]]}},{"type":"Feature","properties":{"Cell_ID":1141,"Area_ha":1.0,"LC":"16:0.782181","XMIN":723594.86160847,"YMIN":8519189.517664917,"XMAX":723694.86160847,"YMAX":8519289.517664917},"geometry":{"type":"Polygon","coordinates":[[[-72.9343399029038,-13.386487982150202],[-72.93434761018064,-13.385584328808944],[-72.93527061067657,-13.385591872573816],[-72.93526290683762,-13.386495526442651],[-72.9343399029038,-13.386487982150202]]]}},{"type":"Feature","properties":{"Cell_ID":1142,"Area_ha":1.0,"LC":"13:0.250978,16:0.749022","XMIN":723594.86160847,"YMIN":8519089.517664917,"XMAX":723694.86160847,"YMAX":8519189.517664917},"geometry":{"type":"Polygon","coordinates":[[[-72.93433219505867,-13.387391635422617],[-72.9343399029038,-13.386487982150202],[-72.93526290683762,-13.386495526442651],[-72.93525520243065,-13.387399180242642],[-72.93433219505867,-13.387391635422617]]]}},{"type":"Feature","properties":{"Cell_ID":1143,"Area_ha":1.0,"LC":"13:0.473261,16:0.526739","XMIN":723594.86160847,"YMIN":8518989.517664917,"XMAX":723694.86160847,"YMAX":8519089.517664917},"geometry":{"type":"Polygon","coordinates":[[[-72.93432448664525,-13.388295288626182],[-72.93433219505867,-13.387391635422617],[-72.93525520243065,-13.387399180242642],[-72.93524749745563,-13.388302833973787],[-72.93432448664525,-13.388295288626182]]]}},{"type":"Feature","properties":{"Cell_ID":1144,"Area_ha":1.0,"LC":"13:1.000000","XMIN":723594.86160847,"YMIN":8518889.517664917,"XMAX":723694.86160847,"YMAX":8518989.517664917},"geometry":{"type":"Polygon","coordinates":[[[-72.93431677766353,-13.389198941760887],[-72.93432448664525,-13.388295288626182],[-72.93524749745563,-13.388302833973787],[-72.93523979191257,-13.389206487636075],[-72.93431677766353,-13.389198941760887]]]}},{"type":"Feature","properties":{"Cell_ID":1145,"Area_ha":1.0,"LC":"13:0.747343,16:0.252657","XMIN":723594.86160847,"YMIN":8518789.517664917,"XMAX":723694.86160847,"YMAX":8518889.517664917},"geometry":{"type":"Polygon","coordinates":[[[-72.93430906811346,-13.390102594826732],[-72.93431677766353,-13.389198941760887],[-72.93523979191257,-13.389206487636075],[-72.93523208580142,-13.390110141229508],[-72.93430906811346,-13.390102594826732]]]}}]}