{"type":"FeatureCollection","features":[{"type":"Feature","properties":{"Cell_ID":1,"Area_ha":1.0,"LC":"16:0.525584","XMIN":723844.86160847,"YMIN":8519263.36992662,"XMAX":723944.86160847,"YMAX":8519363.36992662},"geometry":{"type":"Polygon","coordinates":[[[-72.93203809395659,-13.38580173924306],[-72.93204580940798,-13.384898087170908],[-72.93296880594396,-13.38490563896057],[-72.93296109393026,-13.38580929156088],[-72.93203809395659,-13.38580173924306]]]}},{"type":"Feature","properties":{"Cell_ID":2,"Area_ha":1.0,"LC":"16:1.000000","XMIN":723844.86160847,"YMIN":8519163.36992662,"XMAX":723944.86160847,"YMAX":8519263.36992662},"geometry":{"type":"Polygon","coordinates":[[[-72.93203037793633,-13.386705391246354],[-72.93203809395659,-13.38580173924306],[-72.93296109393026,-13.38580929156088],[-72.93295338134791,-13.386712944092336],[-72.93203037793633,-13.386705391246354]]]}},{"type":"Feature","properties":{"Cell_ID":3,"Area_ha":1.0,"LC":"16:1.000000","XMIN":723844.86160847,"YMIN":8519063.36992662,"XMAX":723944.86160847,"YMAX":8519163.36992662},"geometry":{"type":"Polygon","coordinates":[[[-72.9320226613471,-13.387609043180792],[-72.93203037793633,-13.386705391246354],[-72.93295338134791,-13.386712944092336],[-72.9329456681969,-13.38761659655494],[-72.9320226613471,-13.387609043180792]]]}},{"type":"Feature","properties":{"Cell_ID":4,"Area_ha":1.0,"LC":"16:0.848060","XMIN":723944.86160847,"YMIN":8519263.36992662,"XMAX":724044.86160847,"YMAX":8519363.36992662},"geometry":{"type":"Polygon","coordinates":[[[-72.93111509455186,-13.385794183559257],[-72.9311228134409,-13.384890532015504],[-72.93204580940798,-13.384898087170908],[-72.93203809395659,-13.38580173924306],[-72.93111509455186,-13.385794183559257]]]}},{"type":"Feature","properties":{"Cell_ID":5,"Area_ha":1.0,"LC":"16:1.000000","XMIN":723944.86160847,"YMIN":8519163.36992662,"XMAX":724044.86160847,"YMAX":8519263.36992662},"geometry":{"type":"Polygon","coordinates":[[[-72.93110737509365,-13.386697835034155],[-72.93111509455186,-13.385794183559257],[-72.93203809395659,-13.38580173924306],[-72.93203037793633,-13.386705391246354],[-72.93110737509365,-13.386697835034155]]]}},{"type":"Feature","properties":{"Cell_ID":6,"Area_ha":1.0,"LC":"13:0.091719,16:0.908281","XMIN":723944.86160847,"YMIN":8519063.36992662,"XMAX":724044.86160847,"YMAX":8519163.36992662},"geometry":{"type":"Polygon","coordinates":[[[-72.93109965506625,-13.387601486440193],[-72.93110737509365,-13.386697835034155],[-72.93203037793633,-13.386705391246354],[-72.9320226613471,-13.387609043180792],[-72.93109965506625,-13.387601486440193]]]}},{"type":"Feature","properties":{"Cell_ID":7,"Area_ha":1.0,"LC":"13:0.613476,16:0.386524","XMIN":723944.86160847,"YMIN":8518963.36992662,"XMAX":724044.86160847,"YMAX":8519063.36992662},"geometry":{"type":"Polygon","coordinates":[[[-72.93109193446968,-13.38850513777736],[-72.93109965506625,-13.387601486440193],[-72.9320226613471,-13.387609043180792],[-72.93201494418896,-13.388512695046366],[-72.93109193446968,-13.38850513777736]]]}},{"type":"Feature","properties":{"Cell_ID":8,"Area_ha":1.0,"LC":"13:0.110402,16:0.889598","XMIN":723944.86160847,"YMIN":8518863.36992662,"XMAX":724044.86160847,"YMAX":8518963.36992662},"geometry":{"type":"Polygon","coordinates":[[[-72.9310842133039,-13.389408789045657],[-72.93109193446968,-13.38850513777736],[-72.93201494418896,-13.388512695046366],[-72.93200722646186,-13.389416346843072],[-72.9310842133039,-13.389408789045657]]]}},{"type":"Feature","properties":{"Cell_ID":9,"Area_ha":1.0,"LC":"16:1.000000","XMIN":724044.86160847,"YMIN":8519263.36992662,"XMAX":724144.86160847,"YMAX":8519363.36992662},"geometry":{"type":"Polygon","coordinates":[[[-72.93019209571628,-13.385786624509485],[-72.93019981804298,-13.38488297349436],[-72.9311228134409,-13.384890532015504],[-72.93111509455186,-13.385794183559257],[-72.93019209571628,-13.385786624509485]]]}},{"type":"Feature","properties":{"Cell_ID":10,"Area_ha":1.0,"LC":"16:1.000000","XMIN":724044.86160847,"YMIN":8519163.36992662,"XMAX":724144.86160847,"YMAX":8519263.36992662},"geometry":{"type":"Polygon","coordinates":[[[-72.93018437282015,-13.386690275455749],[-72.93019209571628,-13.385786624509485],[-72.93111509455186,-13.385794183559257],[-72.93110737509365,-13.386697835034155],[-72.93018437282015,-13.386690275455749]]]}},{"type":"Feature","properties":{"Cell_ID":11,"Area_ha":1.0,"LC":"13:0.149323,16:0.850677","XMIN":724044.86160847,"YMIN":8519063.36992662,"XMAX":724144.86160847,"YMAX":8519163.36992662},"geometry":{"type":"Polygon","coordinates":[[[-72.93017664935459,-13.387593926333148],[-72.93018437282015,-13.386690275455749],[-72.93110737509365,-13.386697835034155],[-72.93109965506625,-13.387601486440193],[-72.93017664935459,-13.387593926333148]]]}},{"type":"Feature","properties":{"Cell_ID":12,"Area_ha":1.0,"LC":"13:0.549707,16:0.450293","XMIN":724044.86160847,"YMIN":8518963.36992662,"XMAX":724144.86160847,"YMAX":8519063.36992662},"geometry":{"type":"Polygon","coordinates":[[[-72.93016892531958,-13.388497577141674],[-72.93017664935459,-13.387593926333148],[-72.93109965506625,-13.387601486440193],[-72.93109193446968,-13.38850513777736],[-72.93016892531958,-13.388497577141674]]]}},{"type":"Feature","properties":{"Cell_ID":13,"Area_ha":1.0,"LC":"13:0.029772,16:0.970228","XMIN":724044.86160847,"YMIN":8518863.36992662,"XMAX":724144.86160847,"YMAX":8518963.36992662},"geometry":{"type":"Polygon","coordinates":[[[-72.93016120071513,-13.389401227881327],[-72.93016892531958,-13.388497577141674],[-72.93109193446968,-13.38850513777736],[-72.9310842133039,-13.389408789045657],[-72.93016120071513,-13.389401227881327]]]}},{"type":"Feature","properties":{"Cell_ID":14,"Area_ha":1.0,"LC":"13:0.488637,16:0.511363","XMIN":724044.86160847,"YMIN":8518763.36992662,"XMAX":724144.86160847,"YMAX":8518863.36992662},"geometry":{"type":"Polygon","coordinates":[[[-72.93015347554122,-13.390304878552103],[-72.93016120071513,-13.389401227881327],[-72.9310842133039,-13.389408789045657],[-72.93107649156892,-13.39031244024508],[-72.93015347554122,-13.390304878552103]]]}},{"type":"Feature","properties":{"Cell_ID":15,"Area_ha":1.0,"LC":"9:0.118061,13:0.493311,16:0.388628","XMIN":724044.86160847,"YMIN":8518663.36992662,"XMAX":724144.86160847,"YMAX":8518763.36992662},"geometry":{"type":"Polygon","coordinates":[[[-72.93014574979783,-13.391208529153994],[-72.93015347554122,-13.390304878552103],[-72.93107649156892,-13.39031244024508],[-72.93106876926471,-13.391216091375625],[-72.93014574979783,-13.391208529153994]]]}},{"type":"Feature","properties":{"Cell_ID":16,"Area_ha":1.0,"LC":"13:0.152159,16:0.847841","XMIN":724044.86160847,"YMIN":8518563.36992662,"XMAX":724144.86160847,"YMAX":8518663.36992662},"geometry":{"type":"Polygon","coordinates":[[[-72.93013802348496,-13.392112179686997],[-72.93014574979783,-13.391208529153994],[-72.93106876926471,-13.391216091375625],[-72.93106104639126,-13.392119742437284],[-72.93013802348496,-13.392112179686997]]]}},{"type":"Feature","properties":{"Cell_ID":17,"Area_ha":1.0,"LC":"16:0.628889,17:0.011062","XMIN":724144.86160847,"YMIN":8519363.36992662,"XMAX":724244.86160847,"YMAX":8519463.36992662},"geometry":{"type":"Polygon","coordinates":[[[-72.92927682321448,-13.384875411607489],[-72.92928454840916,-13.383971761052369],[-72.93020753980028,-13.38397932241038],[-72.93019981804298,-13.38488297349436],[-72.92927682321448,-13.384875411607489]]]}},{"type":"Feature","properties":{"Cell_ID":18,"Area_ha":1.0,"LC":"16:1.000000","XMIN":724144.86160847,"YMIN":8519263.36992662,"XMAX":724244.86160847,"YMAX":8519363.36992662},"geometry":{"type":"Polygon","coordinates":[[[-72.92926909745012,-13.38577906209375],[-72.92927682321448,-13.384875411607489],[-72.93019981804298,-13.38488297349436],[-72.93019209571628,-13.385786624509485],[-72.92926909745012,-13.38577906209375]]]}},{"type":"Feature","properties":{"Cell_ID":19,"Area_ha":1.0,"LC":"16:1.000000","XMIN":724144.86160847,"YMIN":8519163.36992662,"XMAX":724244.86160847,"YMAX":8519263.36992662},"geometry":{"type":"Polygon","coordinates":[[[-72.92926137111608,-13.386682712511142],[-72.92926909745012,-13.38577906209375],[-72.93019209571628,-13.385786624509485],[-72.93018437282015,-13.386690275455749],[-72.92926137111608,-13.386682712511142]]]}},{"type":"Feature","properties":{"Cell_ID":20,"Area_ha":1.0,"LC":"16:1.000000","XMIN":724144.86160847,"YMIN":8519063.36992662,"XMAX":724244.86160847,"YMAX":8519163.36992662},"geometry":{"type":"Polygon","coordinates":[[[-72.92925364421237,-13.38758636285967],[-72.92926137111608,-13.386682712511142],[-72.93018437282015,-13.386690275455749],[-72.93017664935459,-13.387593926333148],[-72.92925364421237,-13.38758636285967]]]}},{"type":"Feature","properties":{"Cell_ID":21,"Area_ha":1.0,"LC":"13:0.076122,16:0.923878","XMIN":724144.86160847,"YMIN":8518963.36992662,"XMAX":724244.86160847,"YMAX":8519063.36992662},"geometry":{"type":"Polygon","coordinates":[[[-72.92924591673896,-13.388490013139322],[-72.92925364421237,-13.38758636285967],[-72.93017664935459,-13.387593926333148],[-72.93016892531958,-13.388497577141674],[-72.92924591673896,-13.388490013139322]]]}},{"type":"Feature","properties":{"Cell_ID":22,"Area_ha":1.0,"LC":"16:1.000000","XMIN":724144.86160847,"YMIN":8518863.36992662,"XMAX":724244.86160847,"YMAX":8518963.36992662},"geometry":{"type":"Polygon","coordinates":[[[-72.92923818869583,-13.389393663350093],[-72.92924591673896,-13.388490013139322],[-72.93016892531958,-13.388497577141674],[-72.93016120071513,-13.389401227881327],[-72.92923818869583,-13.389393663350093]]]}},{"type":"Feature","properties":{"Cell_ID":23,"Area_ha":1.0,"LC":"16:1.000000","XMIN":724144.86160847,"YMIN":8518763.36992662,"XMAX":724244.86160847,"YMAX":8518863.36992662},"geometry":{"type":"Polygon","coordinates":[[[-72.929230460083,-13.390297313491985],[-72.92923818869583,-13.389393663350093],[-72.93016120071513,-13.389401227881327],[-72.93015347554122,-13.390304878552103],[-72.929230460083,-13.390297313491985]]]}},{"type":"Feature","properties":{"Cell_ID":24,"Area_ha":1.0,"LC":"13:0.227037,16:0.772963","XMIN":724144.86160847,"YMIN":8518663.36992662,"XMAX":724244.86160847,"YMAX":8518763.36992662},"geometry":{"type":"Polygon","coordinates":[[[-72.92922273090043,-13.39120096356499],[-72.929230460083,-13.390297313491985],[-72.93015347554122,-13.390304878552103],[-72.93014574979783,-13.391208529153994],[-72.92922273090043,-13.39120096356499]]]}},{"type":"Feature","properties":{"Cell_ID":25,"Area_ha":1.0,"LC":"13:0.387320,16:0.612680","XMIN":724144.86160847,"YMIN":8518563.36992662,"XMAX":724244.86160847,"YMAX":8518663.36992662},"geometry":{"type":"Polygon","coordinates":[[[-72.92921500114814,-13.392104613569101],[-72.92922273090043,-13.39120096356499],[-72.93014574979783,-13.391208529153994],[-72.93013802348496,-13.392112179686997],[-72.92921500114814,-13.392104613569101]]]}},{"type":"Feature","properties":{"Cell_ID":26,"Area_ha":1.0,"LC":"13:0.118857,16:0.881143","XMIN":724144.86160847,"YMIN":8518463.36992662,"XMAX":724244.86160847,"YMAX":8518563.36992662},"geometry":{"type":"Polygon","coordinates":[[[-72.9292072708261,-13.393008263504315],[-72.92921500114814,-13.392104613569101],[-72.93013802348496,-13.392112179686997],[-72.9301302966026,-13.393015830151107],[-72.9292072708261,-13.393008263504315]]]}},{"type":"Feature","properties":{"Cell_ID":27,"Area_ha":1.0,"LC":"16:0.905353,17:0.058586","XMIN":724244.86160847,"YMIN":8519363.36992662,"XMAX":724344.86160847,"YMAX":8519463.36992662},"geometry":{"type":"Polygon","coordinates":[[[-72.92835382895564,-13.3848678463549],[-72.9283615575877,-13.383964196328874],[-72.92928454840916,-13.383971761052369],[-72.92927682321448,-13.384875411607489],[-72.92835382895564,-13.3848678463549]]]}},{"type":"Feature","properties":{"Cell_ID":28,"Area_ha":1.0,"LC":"16:1.000000","XMIN":724244.86160847,"YMIN":8519263.36992662,"XMAX":724344.86160847,"YMAX":8519363.36992662},"geometry":{"type":"Polygon","coordinates":[[[-72.92834609975364,-13.385771496312058],[-72.92835382895564,-13.3848678463549],[-72.92927682321448,-13.384875411607489],[-72.92926909745012,-13.38577906209375],[-72.92834609975364,-13.385771496312058]]]}},{"type":"Feature","properties":{"Cell_ID":29,"Area_ha":1.0,"LC":"16:1.000000","XMIN":724244.86160847,"YMIN":8519163.36992662,"XMAX":724344.86160847,"YMAX":8519263.36992662},"geometry":{"type":"Polygon","coordinates":[[[-72.92833836998172,-13.38667514620035],[-72.92834609975364,-13.385771496312058],[-72.92926909745012,-13.38577906209375],[-72.92926137111608,-13.386682712511142],[-72.92833836998172,-13.38667514620035]]]}},{"type":"Feature","properties":{"Cell_ID":30,"Area_ha":1.0,"LC":"16:1.000000","XMIN":724244.86160847,"YMIN":8519063.36992662,"XMAX":724344.86160847,"YMAX":8519163.36992662},"geometry":{"type":"Polygon","coordinates":[[[-72.92833063963984,-13.387578796019767],[-72.92833836998172,-13.38667514620035],[-72.92926137111608,-13.386682712511142],[-72.92925364421237,-13.38758636285967],[-72.92833063963984,-13.387578796019767]]]}},{"type":"Feature","properties":{"Cell_ID":31,"Area_ha":1.0,"LC":"16:1.000000","XMIN":724244.86160847,"YMIN":8518963.36992662,"XMAX":724344.86160847,"YMAX":8519063.36992662},"geometry":{"type":"Polygon","coordinates":[[[-72.92832290872802,-13.388482445770306],[-72.92833063963984,-13.387578796019767],[-72.92925364421237,-13.38758636285967],[-72.92924591673896,-13.388490013139322],[-72.92832290872802,-13.388482445770306]]]}},{"type":"Feature","properties":{"Cell_ID":32,"Area_ha":1.0,"LC":"16:1.000000","XMIN":724244.86160847,"YMIN":8518863.36992662,"XMAX":724344.86160847,"YMAX":8518963.36992662},"geometry":{"type":"Polygon","coordinates":[[[-72.92831517724625,-13.389386095451961],[-72.92832290872802,-13.388482445770306],[-72.92924591673896,-13.388490013139322],[-72.92923818869583,-13.389393663350093],[-72.92831517724625,-13.389386095451961]]]}},{"type":"Feature","properties":{"Cell_ID":33,"Area_ha":1.0,"LC":"16:1.000000","XMIN":724244.86160847,"YMIN":8518763.36992662,"XMAX":724344.86160847,"YMAX":8518863.36992662},"geometry":{"type":"Polygon","coordinates":[[[-72.9283074451945,-13.390289745064736],[-72.92831517724625,-13.389386095451961],[-72.92923818869583,-13.389393663350093],[-72.929230460083,-13.390297313491985],[-72.9283074451945,-13.390289745064736]]]}},{"type":"Feature","properties":{"Cell_ID":34,"Area_ha":1.0,"LC":"9:0.020969,16:0.979031","XMIN":724244.86160847,"YMIN":8518663.36992662,"XMAX":724344.86160847,"YMAX":8518763.36992662},"geometry":{"type":"Polygon","coordinates":[[[-72.92829971257278,-13.391193394608617],[-72.9283074451945,-13.390289745064736],[-72.929230460083,-13.390297313491985],[-72.92922273090043,-13.39120096356499],[-72.92829971257278,-13.391193394608617]]]}},{"type":"Feature","properties":{"Cell_ID":35,"Area_ha":1.0,"LC":"16:1.000000","XMIN":724244.86160847,"YMIN":8518563.36992662,"XMAX":724344.86160847,"YMAX":8518663.36992662},"geometry":{"type":"Polygon","coordinates":[[[-72.92829197938107,-13.392097044083602],[-72.92829971257278,-13.391193394608617],[-72.92922273090043,-13.39120096356499],[-72.92921500114814,-13.392104613569101],[-72.92829197938107,-13.392097044083602]]]}},{"type":"Feature","properties":{"Cell_ID":36,"Area_ha":1.0,"LC":"16:1.000000","XMIN":724244.86160847,"YMIN":8518463.36992662,"XMAX":724344.86160847,"YMAX":8518563.36992662},"geometry":{"type":"Polygon","coordinates":[[[-72.92828424561935,-13.393000693489688],[-72.92829197938107,-13.392097044083602],[-72.92921500114814,-13.392104613569101],[-72.9292072708261,-13.393008263504315],[-72.92828424561935,-13.393000693489688]]]}},{"type":"Feature","properties":{"Cell_ID":37,"Area_ha":1.0,"LC":"16:1.000000","XMIN":724344.86160847,"YMIN":8519363.36992662,"XMAX":724444.86160847,"YMAX":8519463.36992662},"geometry":{"type":"Polygon","coordinates":[[[-72.92743083526672,-13.384860277736601],[-72.92743856733618,-13.383956628239911],[-72.9283615575877,-13.383964196328874],[-72.92835382895564,-13.3848678463549],[-72.92743083526672,-13.384860277736601]]]}},{"type":"Feature","properties":{"Cell_ID":38,"Area_ha":1.0,"LC":"16:1.000000","XMIN":724344.86160847,"YMIN":8519263.36992662,"XMAX":724444.86160847,"YMAX":8519363.36992662},"geometry":{"type":"Polygon","coordinates":[[[-72.92742310262707,-13.385763927164426],[-72.92743083526672,-13.384860277736601],[-72.92835382895564,-13.3848678463549],[-72.92834609975364,-13.385771496312058],[-72.92742310262707,-13.385763927164426]]]}},{"type":"Feature","properties":{"Cell_ID":39,"Area_ha":1.0,"LC":"16:1.000000","XMIN":724344.86160847,"YMIN":8519163.36992662,"XMAX":724444.86160847,"YMAX":8519263.36992662},"geometry":{"type":"Polygon","coordinates":[[[-72.92741536941726,-13.386667576523378],[-72.92742310262707,-13.385763927164426],[-72.92834609975364,-13.385771496312058],[-72.92833836998172,-13.38667514620035],[-72.92741536941726,-13.386667576523378]]]}},{"type":"Feature","properties":{"Cell_ID":40,"Area_ha":1.0,"LC":"13:0.052515,16:0.947485","XMIN":724344.86160847,"YMIN":8519063.36992662,"XMAX":724444.86160847,"YMAX":8519163.36992662},"geometry":{"type":"Polygon","coordinates":[[[-72.92740763563725,-13.387571225813453],[-72.92741536941726,-13.386667576523378],[-72.92833836998172,-13.38667514620035],[-72.92833063963984,-13.387578796019767],[-72.92740763563725,-13.387571225813453]]]}},{"type":"Feature","properties":{"Cell_ID":41,"Area_ha":1.0,"LC":"13:0.031363,16:0.968637","XMIN":724344.86160847,"YMIN":8518963.36992662,"XMAX":724444.86160847,"YMAX":8519063.36992662},"geometry":{"type":"Polygon","coordinates":[[[-72.92739990128705,-13.388474875034646],[-72.92740763563725,-13.387571225813453],[-72.92833063963984,-13.387578796019767],[-72.92832290872802,-13.388482445770306],[-72.92739990128705,-13.388474875034646]]]}},{"type":"Feature","properties":{"Cell_ID":42,"Area_ha":1.0,"LC":"13:0.050923,16:0.949077","XMIN":724344.86160847,"YMIN":8518863.36992662,"XMAX":724444.86160847,"YMAX":8518963.36992662},"geometry":{"type":"Polygon","coordinates":[[[-72.92739216636663,-13.389378524186949],[-72.92739990128705,-13.388474875034646],[-72.92832290872802,-13.388482445770306],[-72.92831517724625,-13.389386095451961],[-72.92739216636663,-13.389378524186949]]]}},{"type":"Feature","properties":{"Cell_ID":43,"Area_ha":1.0,"LC":"13:0.571537,16:0.428463","XMIN":724344.86160847,"YMIN":8518763.36992662,"XMAX":724444.86160847,"YMAX":8518863.36992662},"geometry":{"type":"Polygon","coordinates":[[[-72.92738443087599,-13.390282173270368],[-72.92739216636663,-13.389378524186949],[-72.92831517724625,-13.389386095451961],[-72.9283074451945,-13.390289745064736],[-72.92738443087599,-13.390282173270368]]]}},{"type":"Feature","properties":{"Cell_ID":44,"Area_ha":1.0,"LC":"9:0.340521,13:0.059479,16:0.600000","XMIN":724344.86160847,"YMIN":8518663.36992662,"XMAX":724444.86160847,"YMAX":8518763.36992662},"geometry":{"type":"Polygon","coordinates":[[[-72.92737669481511,-13.39118582228489],[-72.92738443087599,-13.390282173270368],[-72.9283074451945,-13.390289745064736],[-72.92829971257278,-13.391193394608617],[-72.92737669481511,-13.39118582228489]]]}},{"type":"Feature","properties":{"Cell_ID":45,"Area_ha":1.0,"LC":"9:0.179479,16:0.820521","XMIN":724344.86160847,"YMIN":8518563.36992662,"XMAX":724444.86160847,"YMAX":8518663.36992662},"geometry":{"type":"Polygon","coordinates":[[[-72.92736895818399,-13.392089471230513],[-72.92737669481511,-13.39118582228489],[-72.92829971257278,-13.391193394608617],[-72.92829197938107,-13.392097044083602],[-72.92736895818399,-13.392089471230513]]]}},{"type":"Feature","properties":{"Cell_ID":46,"Area_ha":1.0,"LC":"16:1.000000","XMIN":724344.86160847,"YMIN":8518463.36992662,"XMAX":724444.86160847,"YMAX":8518563.36992662},"geometry":{"type":"Polygon","coordinates":[[[-72.92736122098262,-13.392993120107231],[-72.92736895818399,-13.392089471230513],[-72.92829197938107,-13.392097044083602],[-72.92828424561935,-13.393000693489688],[-72.92736122098262,-13.392993120107231]]]}},{"type":"Feature","properties":{"Cell_ID":47,"Area_ha":1.0,"LC":"16:0.601838,17:0.105248","XMIN":724444.86160847,"YMIN":8519463.36992662,"XMAX":724544.86160847,"YMAX":8519563.36992662},"geometry":{"type":"Polygon","coordinates":[[[-72.92651557765478,-13.383949056785482],[-72.92652331259121,-13.383045407749488],[-72.92744629883548,-13.383052978674357],[-72.92743856733618,-13.383956628239911],[-72.92651557765478,-13.383949056785482]]]}},{"type":"Feature","properties":{"Cell_ID":48,"Area_ha":1.0,"LC":"16:1.000000","XMIN":724444.86160847,"YMIN":8519363.36992662,"XMAX":724544.86160847,"YMAX":8519463.36992662},"geometry":{"type":"Polygon","coordinates":[[[-72.92650784214797,-13.384852705752609],[-72.92651557765478,-13.383949056785482],[-72.92743856733618,-13.383956628239911],[-72.92743083526672,-13.384860277736601],[-72.92650784214797,-13.384852705752609]]]}},{"type":"Feature","properties":{"Cell_ID":49,"Area_ha":1.0,"LC":"16:1.000000","XMIN":724444.86160847,"YMIN":8519263.36992662,"XMAX":724544.86160847,"YMAX":8519363.36992662},"geometry":{"type":"Polygon","coordinates":[[[-72.9265001060707,-13.38575635465086],[-72.92650784214797,-13.384852705752609],[-72.92743083526672,-13.384860277736601],[-72.92742310262707,-13.385763927164426],[-72.9265001060707,-13.38575635465086]]]}},{"type":"Feature","properties":{"Cell_ID":50,"Area_ha":1.0,"LC":"16:1.000000","XMIN":724444.86160847,"YMIN":8519163.36992662,"XMAX":724544.86160847,"YMAX":8519263.36992662},"geometry":{"type":"Polygon","coordinates":[[[-72.92649236942302,-13.386660003480234],[-72.9265001060707,-13.38575635465086],[-72.92742310262707,-13.385763927164426],[-72.92741536941726,-13.386667576523378],[-72.92649236942302,-13.386660003480234]]]}},{"type":"Feature","properties":{"Cell_ID":51,"Area_ha":1.0,"LC":"13:0.308180,16:0.691820","XMIN":724444.86160847,"YMIN":8519063.36992662,"XMAX":724544.86160847,"YMAX":8519163.36992662},"geometry":{"type":"Polygon","coordinates":[[[-72.92648463220489,-13.387563652240733],[-72.92649236942302,-13.386660003480234],[-72.92741536941726,-13.386667576523378],[-72.92740763563725,-13.387571225813453],[-72.92648463220489,-13.387563652240733]]]}},{"type":"Feature","properties":{"Cell_ID":52,"Area_ha":1.0,"LC":"13:0.207942,16:0.792058","XMIN":724444.86160847,"YMIN":8518963.36992662,"XMAX":724544.86160847,"YMAX":8519063.36992662},"geometry":{"type":"Polygon","coordinates":[[[-72.9264768944163,-13.388467300932342],[-72.92648463220489,-13.387563652240733],[-72.92740763563725,-13.387571225813453],[-72.92739990128705,-13.388474875034646],[-72.9264768944163,-13.388467300932342]]]}},{"type":"Feature","properties":{"Cell_ID":53,"Area_ha":1.0,"LC":"13:0.029772,16:0.970228","XMIN":724444.86160847,"YMIN":8518863.36992662,"XMAX":724544.86160847,"YMAX":8518963.36992662},"geometry":{"type":"Polygon","coordinates":[[[-72.92646915605724,-13.389370949555062],[-72.9264768944163,-13.388467300932342],[-72.92739990128705,-13.388474875034646],[-72.92739216636663,-13.389378524186949],[-72.92646915605724,-13.389370949555062]]]}},{"type":"Feature","properties":{"Cell_ID":54,"Area_ha":1.0,"LC":"13:0.561774,16:0.438226","XMIN":724444.86160847,"YMIN":8518763.36992662,"XMAX":724544.86160847,"YMAX":8518863.36992662},"geometry":{"type":"Polygon","coordinates":[[[-72.92646141712771,-13.390274598108888],[-72.92646915605724,-13.389370949555062],[-72.92739216636663,-13.389378524186949],[-72.92738443087599,-13.390282173270368],[-72.92646141712771,-13.390274598108888]]]}},{"type":"Feature","properties":{"Cell_ID":55,"Area_ha":1.0,"LC":"9:0.139031,13:0.052333,16:0.808637","XMIN":724444.86160847,"YMIN":8518663.36992662,"XMAX":724544.86160847,"YMAX":8518763.36992662},"geometry":{"type":"Polygon","coordinates":[[[-72.92645367762768,-13.391178246593816],[-72.92646141712771,-13.390274598108888],[-72.92738443087599,-13.390282173270368],[-72.92737669481511,-13.39118582228489],[-72.92645367762768,-13.391178246593816]]]}},{"type":"Feature","properties":{"Cell_ID":56,"Area_ha":1.0,"LC":"16:1.000000","XMIN":724444.86160847,"YMIN":8518563.36992662,"XMAX":724544.86160847,"YMAX":8518663.36992662},"geometry":{"type":"Polygon","coordinates":[[[-72.92644593755718,-13.392081895009841],[-72.92645367762768,-13.391178246593816],[-72.92737669481511,-13.39118582228489],[-72.92736895818399,-13.392089471230513],[-72.92644593755718,-13.392081895009841]]]}},{"type":"Feature","properties":{"Cell_ID":57,"Area_ha":1.0,"LC":"16:1.000000","XMIN":724444.86160847,"YMIN":8518463.36992662,"XMAX":724544.86160847,"YMAX":8518563.36992662},"geometry":{"type":"Polygon","coordinates":[[[-72.92643819691615,-13.392985543356959],[-72.92644593755718,-13.392081895009841],[-72.92736895818399,-13.392089471230513],[-72.92736122098262,-13.392993120107231],[-72.92643819691615,-13.392985543356959]]]}},{"type":"Feature","properties":{"Cell_ID":58,"Area_ha":1.0,"LC":"16:0.700869,17:0.230362","XMIN":724544.86160847,"YMIN":8519463.36992662,"XMAX":724644.86160847,"YMAX":8519563.36992662},"geometry":{"type":"Polygon","coordinates":[[[-72.92559258854382,-13.3839414819656],[-72.92560032691735,-13.383037833459406],[-72.92652331259121,-13.383045407749488],[-72.92651557765478,-13.383949056785482],[-72.92559258854382,-13.3839414819656]]]}},{"type":"Feature","properties":{"Cell_ID":59,"Area_ha":1.0,"LC":"16:1.000000","XMIN":724544.86160847,"YMIN":8519363.36992662,"XMAX":724644.86160847,"YMAX":8519463.36992662},"geometry":{"type":"Polygon","coordinates":[[[-72.92558484959964,-13.38484513040292],[-72.92559258854382,-13.3839414819656],[-72.92651557765478,-13.383949056785482],[-72.92650784214797,-13.384852705752609],[-72.92558484959964,-13.38484513040292]]]}},{"type":"Feature","properties":{"Cell_ID":60,"Area_ha":1.0,"LC":"16:1.000000","XMIN":724544.86160847,"YMIN":8519263.36992662,"XMAX":724644.86160847,"YMAX":8519363.36992662},"geometry":{"type":"Polygon","coordinates":[[[-72.92557711008477,-13.385748778771369],[-72.92558484959964,-13.38484513040292],[-72.92650784214797,-13.384852705752609],[-72.9265001060707,-13.38575635465086],[-72.92557711008477,-13.385748778771369]]]}},{"type":"Feature","properties":{"Cell_ID":61,"Area_ha":1.0,"LC":"16:1.000000","XMIN":724544.86160847,"YMIN":8519163.36992662,"XMAX":724644.86160847,"YMAX":8519263.36992662},"geometry":{"type":"Polygon","coordinates":[[[-72.92556936999922,-13.386652427070935],[-72.92557711008477,-13.385748778771369],[-72.9265001060707,-13.38575635465086],[-72.92649236942302,-13.386660003480234],[-72.92556936999922,-13.386652427070935]]]}},{"type":"Feature","properties":{"Cell_ID":62,"Area_ha":1.0,"LC":"16:1.000000","XMIN":724544.86160847,"YMIN":8519063.36992662,"XMAX":724644.86160847,"YMAX":8519163.36992662},"geometry":{"type":"Polygon","coordinates":[[[-72.92556162934297,-13.387556075301616],[-72.92556936999922,-13.386652427070935],[-72.92649236942302,-13.386660003480234],[-72.92648463220489,-13.387563652240733],[-72.92556162934297,-13.387556075301616]]]}},{"type":"Feature","properties":{"Cell_ID":63,"Area_ha":1.0,"LC":"16:1.000000","XMIN":724544.86160847,"YMIN":8518963.36992662,"XMAX":724644.86160847,"YMAX":8519063.36992662},"geometry":{"type":"Polygon","coordinates":[[[-72.92555388811601,-13.38845972346341],[-72.92556162934297,-13.387556075301616],[-72.92648463220489,-13.387563652240733],[-72.9264768944163,-13.388467300932342],[-72.92555388811601,-13.38845972346341]]]}},{"type":"Feature","properties":{"Cell_ID":64,"Area_ha":1.0,"LC":"16:1.000000","XMIN":724544.86160847,"YMIN":8518863.36992662,"XMAX":724644.86160847,"YMAX":8518963.36992662},"geometry":{"type":"Polygon","coordinates":[[[-72.92554614631833,-13.389363371556305],[-72.92555388811601,-13.38845972346341],[-72.9264768944163,-13.388467300932342],[-72.92646915605724,-13.389370949555062],[-72.92554614631833,-13.389363371556305]]]}},{"type":"Feature","properties":{"Cell_ID":65,"Area_ha":1.0,"LC":"5:0.422460,13:0.146689,16:0.430850","XMIN":724544.86160847,"YMIN":8518763.36992662,"XMAX":724644.86160847,"YMAX":8518863.36992662},"geometry":{"type":"Polygon","coordinates":[[[-72.92553840394991,-13.390267019580307],[-72.92554614631833,-13.389363371556305],[-72.92646915605724,-13.389370949555062],[-72.92646141712771,-13.390274598108888],[-72.92553840394991,-13.390267019580307]]]}},{"type":"Feature","properties":{"Cell_ID":66,"Area_ha":1.0,"LC":"5:0.059479,13:0.087494,16:0.853027","XMIN":724544.86160847,"YMIN":8518663.36992662,"XMAX":724644.86160847,"YMAX":8518763.36992662},"geometry":{"type":"Polygon","coordinates":[[[-72.92553066101077,-13.39117066753541],[-72.92553840394991,-13.390267019580307],[-72.92646141712771,-13.390274598108888],[-72.92645367762768,-13.391178246593816],[-72.92553066101077,-13.39117066753541]]]}},{"type":"Feature","properties":{"Cell_ID":67,"Area_ha":1.0,"LC":"16:1.000000","XMIN":724544.86160847,"YMIN":8518563.36992662,"XMAX":724644.86160847,"YMAX":8518663.36992662},"geometry":{"type":"Polygon","coordinates":[[[-72.92552291750087,-13.392074315421599],[-72.92553066101077,-13.39117066753541],[-72.92645367762768,-13.391178246593816],[-72.92644593755718,-13.392081895009841],[-72.92552291750087,-13.392074315421599]]]}},{"type":"Feature","properties":{"Cell_ID":68,"Area_ha":1.0,"LC":"5:0.062908,13:0.172066,16:0.765025","XMIN":724544.86160847,"YMIN":8518463.36992662,"XMAX":724644.86160847,"YMAX":8518563.36992662},"geometry":{"type":"Polygon","coordinates":[[[-72.9255151734202,-13.392977963238879],[-72.92552291750087,-13.392074315421599],[-72.92644593755718,-13.392081895009841],[-72.92643819691615,-13.392985543356959],[-72.9255151734202,-13.392977963238879]]]}},{"type":"Feature","properties":{"Cell_ID":69,"Area_ha":1.0,"LC":"13:0.060969,16:0.639899,17:0.283440","XMIN":724644.86160847,"YMIN":8519463.36992662,"XMAX":724744.86160847,"YMAX":8519563.36992662},"geometry":{"type":"Polygon","coordinates":[[[-72.92466960000353,-13.383933903780274],[-72.92467734181413,-13.383030255804114],[-72.92560032691735,-13.383037833459406],[-72.92559258854382,-13.3839414819656],[-72.92466960000353,-13.383933903780274]]]}},{"type":"Feature","properties":{"Cell_ID":70,"Area_ha":1.0,"LC":"13:0.172515,16:0.827485","XMIN":724644.86160847,"YMIN":8519363.36992662,"XMAX":724744.86160847,"YMAX":8519463.36992662},"geometry":{"type":"Polygon","coordinates":[[[-72.92466185762198,-13.384837551687555],[-72.92466960000353,-13.383933903780274],[-72.92559258854382,-13.3839414819656],[-72.92558484959964,-13.38484513040292],[-72.92466185762198,-13.384837551687555]]]}},{"type":"Feature","properties":{"Cell_ID":71,"Area_ha":1.0,"LC":"13:0.031363,16:0.968637","XMIN":724644.86160847,"YMIN":8519263.36992662,"XMAX":724744.86160847,"YMAX":8519363.36992662},"geometry":{"type":"Polygon","coordinates":[[[-72.92465411466952,-13.385741199525963],[-72.92466185762198,-13.384837551687555],[-72.92558484959964,-13.38484513040292],[-72.92557711008477,-13.385748778771369],[-72.92465411466952,-13.385741199525963]]]}},{"type":"Feature","properties":{"Cell_ID":72,"Area_ha":1.0,"LC":"16:1.000000","XMIN":724644.86160847,"YMIN":8519163.36992662,"XMAX":724744.86160847,"YMAX":8519263.36992662},"geometry":{"type":"Polygon","coordinates":[[[-72.92464637114612,-13.386644847295482],[-72.92465411466952,-13.385741199525963],[-72.92557711008477,-13.385748778771369],[-72.92556936999922,-13.386652427070935],[-72.92464637114612,-13.386644847295482]]]}},{"type":"Feature","properties":{"Cell_ID":73,"Area_ha":1.0,"LC":"16:1.000000","XMIN":724644.86160847,"YMIN":8519063.36992662,"XMAX":724744.86160847,"YMAX":8519163.36992662},"geometry":{"type":"Polygon","coordinates":[[[-72.92463862705176,-13.387548494996114],[-72.92464637114612,-13.386644847295482],[-72.92556936999922,-13.386652427070935],[-72.92556162934297,-13.387556075301616],[-72.92463862705176,-13.387548494996114]]]}},{"type":"Feature","properties":{"Cell_ID":74,"Area_ha":1.0,"LC":"16:1.000000","XMIN":724644.86160847,"YMIN":8518963.36992662,"XMAX":724744.86160847,"YMAX":8519063.36992662},"geometry":{"type":"Polygon","coordinates":[[[-72.92463088238642,-13.388452142627852],[-72.92463862705176,-13.387548494996114],[-72.92556162934297,-13.387556075301616],[-72.92555388811601,-13.38845972346341],[-72.92463088238642,-13.388452142627852]]]}},{"type":"Feature","properties":{"Cell_ID":75,"Area_ha":1.0,"LC":"16:1.000000","XMIN":724644.86160847,"YMIN":8518863.36992662,"XMAX":724744.86160847,"YMAX":8518963.36992662},"geometry":{"type":"Polygon","coordinates":[[[-72.92462313715014,-13.389355790190695],[-72.92463088238642,-13.388452142627852],[-72.92555388811601,-13.38845972346341],[-72.92554614631833,-13.389363371556305],[-72.92462313715014,-13.389355790190695]]]}},{"type":"Feature","properties":{"Cell_ID":76,"Area_ha":1.0,"LC":"5:0.078061,16:0.921939","XMIN":724644.86160847,"YMIN":8518763.36992662,"XMAX":724744.86160847,"YMAX":8518863.36992662},"geometry":{"type":"Polygon","coordinates":[[[-72.92461539134287,-13.390259437684636],[-72.92462313715014,-13.389355790190695],[-72.92554614631833,-13.389363371556305],[-72.92553840394991,-13.390267019580307],[-72.92461539134287,-13.390259437684636]]]}},{"type":"Feature","properties":{"Cell_ID":77,"Area_ha":1.0,"LC":"5:0.534005,16:0.465995","XMIN":724644.86160847,"YMIN":8518663.36992662,"XMAX":724744.86160847,"YMAX":8518763.36992662},"geometry":{"type":"Polygon","coordinates":[[[-72.92460764496458,-13.391163085109671],[-72.92461539134287,-13.390259437684636],[-72.92553840394991,-13.390267019580307],[-72.92553066101077,-13.39117066753541],[-72.92460764496458,-13.391163085109671]]]}},{"type":"Feature","properties":{"Cell_ID":78,"Area_ha":1.0,"LC":"5:0.604326,16:0.395674","XMIN":724644.86160847,"YMIN":8518563.36992662,"XMAX":724744.86160847,"YMAX":8518663.36992662},"geometry":{"type":"Polygon","coordinates":[[[-72.92459989801532,-13.392066732465796],[-72.92460764496458,-13.391163085109671],[-72.92553066101077,-13.39117066753541],[-72.92552291750087,-13.392074315421599],[-72.92459989801532,-13.392066732465796]]]}},{"type":"Feature","properties":{"Cell_ID":79,"Area_ha":1.0,"LC":"5:0.481939,13:0.229323,16:0.288738","XMIN":724644.86160847,"YMIN":8518463.36992662,"XMAX":724744.86160847,"YMAX":8518563.36992662},"geometry":{"type":"Polygon","coordinates":[[[-72.92459215049502,-13.392970379753004],[-72.92459989801532,-13.392066732465796],[-72.92552291750087,-13.392074315421599],[-72.9255151734202,-13.392977963238879],[-72.92459215049502,-13.392970379753004]]]}},{"type":"Feature","properties":{"Cell_ID":80,"Area_ha":1.0,"LC":"5:0.041939,13:0.690228,16:0.267833","XMIN":724644.86160847,"YMIN":8518363.36992662,"XMAX":724744.86160847,"YMAX":8518463.36992662},"geometry":{"type":"Polygon","coordinates":[[[-72.92458440240371,-13.393874026971295],[-72.92459215049502,-13.392970379753004],[-72.9255151734202,-13.392977963238879],[-72.92550742876877,-13.393881610987245],[-72.92458440240371,-13.393874026971295]]]}},{"type":"Feature","properties":{"Cell_ID":81,"Area_ha":1.0,"LC":"5:0.122634,7:0.438061,9:0.009598,13:0.301418,16:0.128289","XMIN":724644.86160847,"YMIN":8518263.36992662,"XMAX":724744.86160847,"YMAX":8518363.36992662},"geometry":{"type":"Polygon","coordinates":[[[-72.92457665374135,-13.39477767412066],[-72.92458440240371,-13.393874026971295],[-72.92550742876877,-13.393881610987245],[-72.92549968354655,-13.394785258666694],[-72.92457665374135,-13.39477767412066]]]}},{"type":"Feature","properties":{"Cell_ID":82,"Area_ha":1.0,"LC":"13:0.290923,16:0.128006,17:0.419660","XMIN":724744.86160847,"YMIN":8519463.36992662,"XMAX":724844.86160847,"YMAX":8519563.36992662},"geometry":{"type":"Polygon","coordinates":[[[-72.92374661203417,-13.383926322229511],[-72.92375435728185,-13.383022674783623],[-72.92467734181413,-13.383030255804114],[-72.92466960000353,-13.383933903780274],[-72.92374661203417,-13.383926322229511]]]}},{"type":"Feature","properties":{"Cell_ID":83,"Area_ha":1.0,"LC":"13:0.298053,16:0.701947","XMIN":724744.86160847,"YMIN":8519363.36992662,"XMAX":724844.86160847,"YMAX":8519463.36992662},"geometry":{"type":"Polygon","coordinates":[[[-72.92373886621527,-13.384829969606523],[-72.92374661203417,-13.383926322229511],[-72.92466960000353,-13.383933903780274],[-72.92466185762198,-13.384837551687555],[-72.92373886621527,-13.384829969606523]]]}},{"type":"Feature","properties":{"Cell_ID":84,"Area_ha":1.0,"LC":"13:0.148116,16:0.851884","XMIN":724744.86160847,"YMIN":8519263.36992662,"XMAX":724844.86160847,"YMAX":8519363.36992662},"geometry":{"type":"Polygon","coordinates":[[[-72.92373111982522,-13.385733616914651],[-72.92373886621527,-13.384829969606523],[-72.92466185762198,-13.384837551687555],[-72.92465411466952,-13.385741199525963],[-72.92373111982522,-13.385733616914651]]]}},{"type":"Feature","properties":{"Cell_ID":85,"Area_ha":1.0,"LC":"16:1.000000","XMIN":724744.86160847,"YMIN":8519163.36992662,"XMAX":724844.86160847,"YMAX":8519263.36992662},"geometry":{"type":"Polygon","coordinates":[[[-72.92372337286396,-13.38663726415389],[-72.92373111982522,-13.385733616914651],[-72.92465411466952,-13.385741199525963],[-72.92464637114612,-13.386644847295482],[-72.92372337286396,-13.38663726415389]]]}},{"type":"Feature","properties":{"Cell_ID":86,"Area_ha":1.0,"LC":"16:1.000000","XMIN":724744.86160847,"YMIN":8519063.36992662,"XMAX":724844.86160847,"YMAX":8519163.36992662},"geometry":{"type":"Polygon","coordinates":[[[-72.92371562533151,-13.387540911324235],[-72.92372337286396,-13.38663726415389],[-72.92464637114612,-13.386644847295482],[-72.92463862705176,-13.387548494996114],[-72.92371562533151,-13.387540911324235]]]}},{"type":"Feature","properties":{"Cell_ID":87,"Area_ha":1.0,"LC":"16:1.000000","XMIN":724744.86160847,"YMIN":8518963.36992662,"XMAX":724844.86160847,"YMAX":8519063.36992662},"geometry":{"type":"Polygon","coordinates":[[[-72.92370787722784,-13.388444558425688],[-72.92371562533151,-13.387540911324235],[-72.92463862705176,-13.387548494996114],[-72.92463088238642,-13.388452142627852],[-72.92370787722784,-13.388444558425688]]]}},{"type":"Feature","properties":{"Cell_ID":88,"Area_ha":1.0,"LC":"16:1.000000","XMIN":724744.86160847,"YMIN":8518863.36992662,"XMAX":724844.86160847,"YMAX":8518963.36992662},"geometry":{"type":"Polygon","coordinates":[[[-72.92370012855294,-13.389348205458237],[-72.92370787722784,-13.388444558425688],[-72.92463088238642,-13.388452142627852],[-72.92462313715014,-13.389355790190695],[-72.92370012855294,-13.389348205458237]]]}},{"type":"Feature","properties":{"Cell_ID":89,"Area_ha":1.0,"LC":"16:1.000000","XMIN":724744.86160847,"YMIN":8518763.36992662,"XMAX":724844.86160847,"YMAX":8518863.36992662},"geometry":{"type":"Polygon","coordinates":[[[-72.92369237930679,-13.390251852421882],[-72.92370012855294,-13.389348205458237],[-72.92462313715014,-13.389355790190695],[-72.92461539134287,-13.390259437684636],[-72.92369237930679,-13.390251852421882]]]}},{"type":"Feature","properties":{"Cell_ID":90,"Area_ha":1.0,"LC":"5:0.761838,16:0.238162","XMIN":724744.86160847,"YMIN":8518663.36992662,"XMAX":724844.86160847,"YMAX":8518763.36992662},"geometry":{"type":"Polygon","coordinates":[[[-72.92368462948941,-13.391155499316618],[-72.92369237930679,-13.390251852421882],[-72.92461539134287,-13.390259437684636],[-72.92460764496458,-13.391163085109671],[-72.92368462948941,-13.391155499316618]]]}},{"type":"Feature","properties":{"Cell_ID":91,"Area_ha":1.0,"LC":"5:1.000000","XMIN":724744.86160847,"YMIN":8518563.36992662,"XMAX":724844.86160847,"YMAX":8518663.36992662},"geometry":{"type":"Polygon","coordinates":[[[-72.92367687910077,-13.392059146142437],[-72.92368462948941,-13.391155499316618],[-72.92460764496458,-13.391163085109671],[-72.92459989801532,-13.392066732465796],[-72.92367687910077,-13.392059146142437]]]}},{"type":"Feature","properties":{"Cell_ID":92,"Area_ha":1.0,"LC":"5:1.000000","XMIN":724744.86160847,"YMIN":8518463.36992662,"XMAX":724844.86160847,"YMAX":8518563.36992662},"geometry":{"type":"Polygon","coordinates":[[[-72.92366912814086,-13.392962792899336],[-72.92367687910077,-13.392059146142437],[-72.92459989801532,-13.392066732465796],[-72.92459215049502,-13.392970379753004],[-72.92366912814086,-13.392962792899336]]]}},{"type":"Feature","properties":{"Cell_ID":93,"Area_ha":1.0,"LC":"5:0.942908,13:0.057092","XMIN":724744.86160847,"YMIN":8518363.36992662,"XMAX":724844.86160847,"YMAX":8518463.36992662},"geometry":{"type":"Polygon","coordinates":[[[-72.92366137660967,-13.39386643958732],[-72.92366912814086,-13.392962792899336],[-72.92459215049502,-13.392970379753004],[-72.92458440240371,-13.393874026971295],[-72.92366137660967,-13.39386643958732]]]}},{"type":"Feature","properties":{"Cell_ID":94,"Area_ha":1.0,"LC":"5:0.862908,7:0.019031,13:0.118061","XMIN":724744.86160847,"YMIN":8518263.36992662,"XMAX":724844.86160847,"YMAX":8518363.36992662},"geometry":{"type":"Polygon","coordinates":[[[-72.9236536245072,-13.39477008620637],[-72.92366137660967,-13.39386643958732],[-72.92458440240371,-13.393874026971295],[-72.92457665374135,-13.39477767412066],[-72.9236536245072,-13.39477008620637]]]}},{"type":"Feature","properties":{"Cell_ID":95,"Area_ha":1.0,"LC":"5:0.482040,13:0.517960","XMIN":724744.86160847,"YMIN":8518163.36992662,"XMAX":724844.86160847,"YMAX":8518263.36992662},"geometry":{"type":"Polygon","coordinates":[[[-72.92364587183343,-13.395673732756489],[-72.9236536245072,-13.39477008620637],[-72.92457665374135,-13.39477767412066],[-72.92456890450796,-13.395681321201101],[-72.92364587183343,-13.395673732756489]]]}},{"type":"Feature","properties":{"Cell_ID":96,"Area_ha":1.0,"LC":"13:0.148976,16:0.151893,17:0.255367","XMIN":724844.86160847,"YMIN":8519463.36992662,"XMAX":724944.86160847,"YMAX":8519563.36992662},"geometry":{"type":"Polygon","coordinates":[[[-72.92282362463595,-13.383918737313326],[-72.92283137332073,-13.38301509039794],[-72.92375435728185,-13.383022674783623],[-72.92374661203417,-13.383926322229511],[-72.92282362463595,-13.383918737313326]]]}},{"type":"Feature","properties":{"Cell_ID":97,"Area_ha":1.0,"LC":"13:0.049085,16:0.950915","XMIN":724844.86160847,"YMIN":8519363.36992662,"XMAX":724944.86160847,"YMAX":8519463.36992662},"geometry":{"type":"Polygon","coordinates":[[[-72.92281587537975,-13.384822384159827],[-72.92282362463595,-13.383918737313326],[-72.92374661203417,-13.383926322229511],[-72.92373886621527,-13.384829969606523],[-72.92281587537975,-13.384822384159827]]]}},{"type":"Feature","properties":{"Cell_ID":98,"Area_ha":1.0,"LC":"16:1.000000","XMIN":724844.86160847,"YMIN":8519263.36992662,"XMAX":724944.86160847,"YMAX":8519363.36992662},"geometry":{"type":"Polygon","coordinates":[[[-72.92280812555212,-13.385726030937445],[-72.92281587537975,-13.384822384159827],[-72.92373886621527,-13.384829969606523],[-72.92373111982522,-13.385733616914651],[-72.92280812555212,-13.385726030937445]]]}},{"type":"Feature","properties":{"Cell_ID":99,"Area_ha":1.0,"LC":"16:1.000000","XMIN":724844.86160847,"YMIN":8519163.36992662,"XMAX":724944.86160847,"YMAX":8519263.36992662},"geometry":{"type":"Polygon","coordinates":[[[-72.92280037515302,-13.386629677646166],[-72.92280812555212,-13.385726030937445],[-72.92373111982522,-13.385733616914651],[-72.92372337286396,-13.38663726415389],[-72.92280037515302,-13.386629677646166]]]}},{"type":"Feature","properties":{"Cell_ID":100,"Area_ha":1.0,"LC":"16:1.000000","XMIN":724844.86160847,"YMIN":8519063.36992662,"XMAX":724944.86160847,"YMAX":8519163.36992662},"geometry":{"type":"Polygon","coordinates":[[[-72.92279262418249,-13.387533324285993],[-72.92280037515302,-13.386629677646166],[-72.92372337286396,-13.38663726415389],[-72.92371562533151,-13.387540911324235],[-72.92279262418249,-13.387533324285993]]]}},{"type":"Feature","properties":{"Cell_ID":101,"Area_ha":1.0,"LC":"13:0.191097,16:0.808903","XMIN":724844.86160847,"YMIN":8518963.36992662,"XMAX":724944.86160847,"YMAX":8519063.36992662},"geometry":{"type":"Polygon","coordinates":[[[-72.92278487264046,-13.388436970856919],[-72.92279262418249,-13.387533324285993],[-72.92371562533151,-13.387540911324235],[-72.92370787722784,-13.388444558425688],[-72.92278487264046,-13.388436970856919]]]}},{"type":"Feature","properties":{"Cell_ID":102,"Area_ha":1.0,"LC":"13:0.252781,16:0.747219","XMIN":724844.86160847,"YMIN":8518863.36992662,"XMAX":724944.86160847,"YMAX":8518963.36992662},"geometry":{"type":"Polygon","coordinates":[[[-72.92277712052696,-13.389340617358943],[-72.92278487264046,-13.388436970856919],[-72.92370787722784,-13.388444558425688],[-72.92370012855294,-13.389348205458237],[-72.92277712052696,-13.389340617358943]]]}},{"type":"Feature","properties":{"Cell_ID":103,"Area_ha":1.0,"LC":"5:0.031545,16:0.968455","XMIN":724844.86160847,"YMIN":8518763.36992662,"XMAX":724944.86160847,"YMAX":8518863.36992662},"geometry":{"type":"Polygon","coordinates":[[[-72.92276936784198,-13.390244263792056],[-72.92277712052696,-13.389340617358943],[-72.92370012855294,-13.389348205458237],[-72.92369237930679,-13.390251852421882],[-72.92276936784198,-13.390244263792056]]]}},{"type":"Feature","properties":{"Cell_ID":104,"Area_ha":1.0,"LC":"5:0.430915,16:0.569085","XMIN":724844.86160847,"YMIN":8518663.36992662,"XMAX":724944.86160847,"YMAX":8518763.36992662},"geometry":{"type":"Polygon","coordinates":[[[-72.9227616145855,-13.391147910156256],[-72.92276936784198,-13.390244263792056],[-72.92369237930679,-13.390251852421882],[-72.92368462948941,-13.391155499316618],[-72.9227616145855,-13.391147910156256]]]}},{"type":"Feature","properties":{"Cell_ID":105,"Area_ha":1.0,"LC":"5:0.920347,16:0.079653","XMIN":724844.86160847,"YMIN":8518563.36992662,"XMAX":724944.86160847,"YMAX":8518663.36992662},"geometry":{"type":"Polygon","coordinates":[[[-72.9227538607575,-13.392051556451538],[-72.9227616145855,-13.391147910156256],[-72.92368462948941,-13.391155499316618],[-72.92367687910077,-13.392059146142437],[-72.9227538607575,-13.392051556451538]]]}},{"type":"Feature","properties":{"Cell_ID":106,"Area_ha":1.0,"LC":"5:0.747138,13:0.252862","XMIN":724844.86160847,"YMIN":8518463.36992662,"XMAX":724944.86160847,"YMAX":8518563.36992662},"geometry":{"type":"Polygon","coordinates":[[[-72.92274610635798,-13.392955202677895],[-72.9227538607575,-13.392051556451538],[-72.92367687910077,-13.392059146142437],[-72.92366912814086,-13.392962792899336],[-72.92274610635798,-13.392955202677895]]]}},{"type":"Feature","properties":{"Cell_ID":107,"Area_ha":1.0,"LC":"5:0.949954,13:0.050046","XMIN":724844.86160847,"YMIN":8518363.36992662,"XMAX":724944.86160847,"YMAX":8518463.36992662},"geometry":{"type":"Polygon","coordinates":[[[-72.92273835138694,-13.393858848835325],[-72.92274610635798,-13.392955202677895],[-72.92366912814086,-13.392962792899336],[-72.92366137660967,-13.39386643958732],[-72.92273835138694,-13.393858848835325]]]}},{"type":"Feature","properties":{"Cell_ID":108,"Area_ha":1.0,"LC":"5:1.000000","XMIN":724844.86160847,"YMIN":8518263.36992662,"XMAX":724944.86160847,"YMAX":8518363.36992662},"geometry":{"type":"Polygon","coordinates":[[[-72.92273059584434,-13.39476249492383],[-72.92273835138694,-13.393858848835325],[-72.92366137660967,-13.39386643958732],[-72.9236536245072,-13.39477008620637],[-72.92273059584434,-13.39476249492383]]]}},{"type":"Feature","properties":{"Cell_ID":109,"Area_ha":1.0,"LC":"5:0.695254,13:0.304746","XMIN":724844.86160847,"YMIN":8518163.36992662,"XMAX":724944.86160847,"YMAX":8518263.36992662},"geometry":{"type":"Polygon","coordinates":[[[-72.9227228397302,-13.395666140943396],[-72.92273059584434,-13.39476249492383],[-72.9236536245072,-13.39477008620637],[-72.92364587183343,-13.395673732756489],[-72.9227228397302,-13.395666140943396]]]}},{"type":"Feature","properties":{"Cell_ID":110,"Area_ha":1.0,"LC":"13:1.000000","XMIN":724844.86160847,"YMIN":8518063.36992662,"XMAX":724944.86160847,"YMAX":8518163.36992662},"geometry":{"type":"Polygon","coordinates":[[[-72.92271508304451,-13.396569786894023],[-72.9227228397302,-13.395666140943396],[-72.92364587183343,-13.395673732756489],[-72.92363811858834,-13.396577379237675],[-72.92271508304451,-13.396569786894023]]]}},{"type":"Feature","properties":{"Cell_ID":111,"Area_ha":1.0,"LC":"16:0.989606,17:0.010394","XMIN":724944.86160847,"YMIN":8519363.36992662,"XMAX":725044.86160847,"YMAX":8519463.36992662},"geometry":{"type":"Polygon","coordinates":[[[-72.92189288511567,-13.384814795347483],[-72.92190063780919,-13.383911149031723],[-72.92282362463595,-13.383918737313326],[-72.92281587537975,-13.384822384159827],[-72.92189288511567,-13.384814795347483]]]}},{"type":"Feature","properties":{"Cell_ID":112,"Area_ha":1.0,"LC":"13:0.062908,16:0.937092","XMIN":724944.86160847,"YMIN":8519263.36992662,"XMAX":725044.86160847,"YMAX":8519363.36992662},"geometry":{"type":"Polygon","coordinates":[[[-72.92188513185046,-13.385718441594351],[-72.92189288511567,-13.384814795347483],[-72.92281587537975,-13.384822384159827],[-72.92280812555212,-13.385726030937445],[-72.92188513185046,-13.385718441594351]]]}},{"type":"Feature","properties":{"Cell_ID":113,"Area_ha":1.0,"LC":"16:1.000000","XMIN":724944.86160847,"YMIN":8519163.36992662,"XMAX":725044.86160847,"YMAX":8519263.36992662},"geometry":{"type":"Polygon","coordinates":[[[-72.92187737801353,-13.38662208777232],[-72.92188513185046,-13.385718441594351],[-72.92280812555212,-13.385726030937445],[-72.92280037515302,-13.386629677646166],[-72.92187737801353,-13.38662208777232]]]}},{"type":"Feature","properties":{"Cell_ID":114,"Area_ha":1.0,"LC":"16:1.000000","XMIN":724944.86160847,"YMIN":8519063.36992662,"XMAX":725044.86160847,"YMAX":8519163.36992662},"geometry":{"type":"Polygon","coordinates":[[[-72.92186962360492,-13.387525733881395],[-72.92187737801353,-13.38662208777232],[-72.92280037515302,-13.386629677646166],[-72.92279262418249,-13.387533324285993],[-72.92186962360492,-13.387525733881395]]]}},{"type":"Feature","properties":{"Cell_ID":115,"Area_ha":1.0,"LC":"13:0.029772,16:0.970228","XMIN":724944.86160847,"YMIN":8518963.36992662,"XMAX":725044.86160847,"YMAX":8519063.36992662},"geometry":{"type":"Polygon","coordinates":[[[-72.92186186862457,-13.388429379921561],[-72.92186962360492,-13.387525733881395],[-72.92279262418249,-13.387533324285993],[-72.92278487264046,-13.388436970856919],[-72.92186186862457,-13.388429379921561]]]}},{"type":"Feature","properties":{"Cell_ID":116,"Area_ha":1.0,"LC":"13:0.486350,16:0.513650","XMIN":724944.86160847,"YMIN":8518863.36992662,"XMAX":725044.86160847,"YMAX":8518963.36992662},"geometry":{"type":"Polygon","coordinates":[[[-72.9218541130725,-13.38933302589282],[-72.92186186862457,-13.388429379921561],[-72.92278487264046,-13.388436970856919],[-72.92277712052696,-13.389340617358943],[-72.9218541130725,-13.38933302589282]]]}},{"type":"Feature","properties":{"Cell_ID":117,"Area_ha":1.0,"LC":"5:0.149323,13:0.010576,16:0.840101","XMIN":724944.86160847,"YMIN":8518763.36992662,"XMAX":725044.86160847,"YMAX":8518863.36992662},"geometry":{"type":"Polygon","coordinates":[[[-72.92184635694866,-13.390236671795167],[-72.9218541130725,-13.38933302589282],[-72.92277712052696,-13.389340617358943],[-72.92276936784198,-13.390244263792056],[-72.92184635694866,-13.390236671795167]]]}},{"type":"Feature","properties":{"Cell_ID":118,"Area_ha":1.0,"LC":"5:0.947667,13:0.052333","XMIN":724944.86160847,"YMIN":8518663.36992662,"XMAX":725044.86160847,"YMAX":8518763.36992662},"geometry":{"type":"Polygon","coordinates":[[[-72.92183860025308,-13.391140317628594],[-72.92184635694866,-13.390236671795167],[-72.92276936784198,-13.390244263792056],[-72.9227616145855,-13.391147910156256],[-72.92183860025308,-13.391140317628594]]]}},{"type":"Feature","properties":{"Cell_ID":119,"Area_ha":1.0,"LC":"5:1.000000","XMIN":724944.86160847,"YMIN":8518563.36992662,"XMAX":725044.86160847,"YMAX":8518663.36992662},"geometry":{"type":"Polygon","coordinates":[[[-72.92183084298574,-13.392043963393101],[-72.92183860025308,-13.391140317628594],[-72.9227616145855,-13.391147910156256],[-72.9227538607575,-13.392051556451538],[-72.92183084298574,-13.392043963393101]]]}},{"type":"Feature","properties":{"Cell_ID":120,"Area_ha":1.0,"LC":"5:0.579131,13:0.420869","XMIN":724944.86160847,"YMIN":8518463.36992662,"XMAX":725044.86160847,"YMAX":8518563.36992662},"geometry":{"type":"Polygon","coordinates":[[[-72.92182308514663,-13.392947609088681],[-72.92183084298574,-13.392043963393101],[-72.9227538607575,-13.392051556451538],[-72.92274610635798,-13.392955202677895],[-72.92182308514663,-13.392947609088681]]]}},{"type":"Feature","properties":{"Cell_ID":121,"Area_ha":1.0,"LC":"5:0.557960,13:0.442040","XMIN":724944.86160847,"YMIN":8518363.36992662,"XMAX":725044.86160847,"YMAX":8518463.36992662},"geometry":{"type":"Polygon","coordinates":[[[-72.92181532673573,-13.393851254715333],[-72.92182308514663,-13.392947609088681],[-72.92274610635798,-13.392955202677895],[-72.92273835138694,-13.393858848835325],[-72.92181532673573,-13.393851254715333]]]}},{"type":"Feature","properties":{"Cell_ID":122,"Area_ha":1.0,"LC":"5:0.616744,13:0.383256","XMIN":724944.86160847,"YMIN":8518263.36992662,"XMAX":725044.86160847,"YMAX":8518363.36992662},"geometry":{"type":"Polygon","coordinates":[[[-72.92180756775304,-13.394754900273046],[-72.92181532673573,-13.393851254715333],[-72.92273835138694,-13.393858848835325],[-72.92273059584434,-13.39476249492383],[-72.92180756775304,-13.394754900273046]]]}},{"type":"Feature","properties":{"Cell_ID":123,"Area_ha":1.0,"LC":"5:0.374454,13:0.625546","XMIN":724944.86160847,"YMIN":8518163.36992662,"XMAX":725044.86160847,"YMAX":8518263.36992662},"geometry":{"type":"Polygon","coordinates":[[[-72.92179980819853,-13.395658545761826],[-72.92180756775304,-13.394754900273046],[-72.92273059584434,-13.39476249492383],[-72.9227228397302,-13.395666140943396],[-72.92179980819853,-13.395658545761826]]]}},{"type":"Feature","properties":{"Cell_ID":124,"Area_ha":1.0,"LC":"5:0.269873,13:0.730127","XMIN":724944.86160847,"YMIN":8518063.36992662,"XMAX":725044.86160847,"YMAX":8518163.36992662},"geometry":{"type":"Polygon","coordinates":[[[-72.92179204807222,-13.396562191181658],[-72.92179980819853,-13.395658545761826],[-72.9227228397302,-13.395666140943396],[-72.92271508304451,-13.396569786894023],[-72.92179204807222,-13.396562191181658]]]}},{"type":"Feature","properties":{"Cell_ID":125,"Area_ha":1.0,"LC":"13:1.000000","XMIN":724944.86160847,"YMIN":8517963.36992662,"XMAX":725044.86160847,"YMAX":8518063.36992662},"geometry":{"type":"Polygon","coordinates":[[[-72.92178428737408,-13.39746583653254],[-72.92179204807222,-13.396562191181658],[-72.92271508304451,-13.396569786894023],[-72.92270732578723,-13.397473432775701],[-72.92178428737408,-13.39746583653254]]]}},{"type":"Feature","properties":{"Cell_ID":126,"Area_ha":1.0,"LC":"13:1.000000","XMIN":724944.86160847,"YMIN":8517863.36992662,"XMAX":725044.86160847,"YMAX":8517963.36992662},"geometry":{"type":"Polygon","coordinates":[[[-72.92177652610411,-13.398369481814473],[-72.92178428737408,-13.39746583653254],[-72.92270732578723,-13.397473432775701],[-72.92269956795838,-13.398377078588435],[-72.92177652610411,-13.398369481814473]]]}},{"type":"Feature","properties":{"Cell_ID":127,"Area_ha":1.0,"LC":"16:0.517960,17:0.303980","XMIN":725044.86160847,"YMIN":8519363.36992662,"XMAX":725144.86160847,"YMAX":8519463.36992662},"geometry":{"type":"Polygon","coordinates":[[[-72.92096989542327,-13.384807203169498],[-72.9209776515541,-13.383903557384718],[-72.92190063780919,-13.383911149031723],[-72.92189288511567,-13.384814795347483],[-72.92096989542327,-13.384807203169498]]]}},{"type":"Feature","properties":{"Cell_ID":128,"Area_ha":1.0,"LC":"13:0.497439,16:0.502561","XMIN":725044.86160847,"YMIN":8519263.36992662,"XMAX":725144.86160847,"YMAX":8519363.36992662},"geometry":{"type":"Polygon","coordinates":[[[-72.9209621387205,-13.385710848885381],[-72.92096989542327,-13.384807203169498],[-72.92189288511567,-13.384814795347483],[-72.92188513185046,-13.385718441594351],[-72.9209621387205,-13.385710848885381]]]}},{"type":"Feature","properties":{"Cell_ID":129,"Area_ha":1.0,"LC":"13:0.039653,16:0.960347","XMIN":725044.86160847,"YMIN":8519163.36992662,"XMAX":725144.86160847,"YMAX":8519263.36992662},"geometry":{"type":"Polygon","coordinates":[[[-72.92095438144577,-13.386614494532365],[-72.9209621387205,-13.385710848885381],[-72.92188513185046,-13.385718441594351],[-72.92187737801353,-13.38662208777232],[-72.92095438144577,-13.386614494532365]]]}},{"type":"Feature","properties":{"Cell_ID":130,"Area_ha":1.0,"LC":"16:1.000000","XMIN":725044.86160847,"YMIN":8519063.36992662,"XMAX":725144.86160847,"YMAX":8519163.36992662},"geometry":{"type":"Polygon","coordinates":[[[-72.92094662359908,-13.387518140110448],[-72.92095438144577,-13.386614494532365],[-72.92187737801353,-13.38662208777232],[-72.92186962360492,-13.387525733881395],[-72.92094662359908,-13.387518140110448]]]}},{"type":"Feature","properties":{"Cell_ID":131,"Area_ha":1.0,"LC":"16:1.000000","XMIN":725044.86160847,"YMIN":8518963.36992662,"XMAX":725144.86160847,"YMAX":8519063.36992662},"geometry":{"type":"Polygon","coordinates":[[[-72.92093886518042,-13.388421785619617],[-72.92094662359908,-13.387518140110448],[-72.92186962360492,-13.387525733881395],[-72.92186186862457,-13.388429379921561],[-72.92093886518042,-13.388421785619617]]]}},{"type":"Feature","properties":{"Cell_ID":132,"Area_ha":1.0,"LC":"16:1.000000","XMIN":725044.86160847,"YMIN":8518863.36992662,"XMAX":725144.86160847,"YMAX":8518963.36992662},"geometry":{"type":"Polygon","coordinates":[[[-72.92093110618976,-13.389325431059879],[-72.92093886518042,-13.388421785619617],[-72.92186186862457,-13.388429379921561],[-72.9218541130725,-13.38933302589282],[-72.92093110618976,-13.389325431059879]]]}},{"type":"Feature","properties":{"Cell_ID":133,"Area_ha":1.0,"LC":"13:0.130293,16:0.869707","XMIN":725044.86160847,"YMIN":8518763.36992662,"XMAX":725144.86160847,"YMAX":8518863.36992662},"geometry":{"type":"Polygon","coordinates":[[[-72.9209233466271,-13.390229076431226],[-72.92093110618976,-13.389325431059879],[-72.9218541130725,-13.38933302589282],[-72.92184635694866,-13.390236671795167],[-72.9209233466271,-13.390229076431226]]]}},{"type":"Feature","properties":{"Cell_ID":134,"Area_ha":1.0,"LC":"5:0.568354,13:0.421253,16:0.010394","XMIN":725044.86160847,"YMIN":8518663.36992662,"XMAX":725144.86160847,"YMAX":8518763.36992662},"geometry":{"type":"Polygon","coordinates":[[[-72.92091558649244,-13.391132721733646],[-72.9209233466271,-13.390229076431226],[-72.92184635694866,-13.390236671795167],[-72.92183860025308,-13.391140317628594],[-72.92091558649244,-13.391132721733646]]]}},{"type":"Feature","properties":{"Cell_ID":135,"Area_ha":1.0,"LC":"5:0.968637,13:0.031363","XMIN":725044.86160847,"YMIN":8518563.36992662,"XMAX":725144.86160847,"YMAX":8518663.36992662},"geometry":{"type":"Polygon","coordinates":[[[-72.92090782578576,-13.392036366967142],[-72.92091558649244,-13.391132721733646],[-72.92183860025308,-13.391140317628594],[-72.92183084298574,-13.392043963393101],[-72.92090782578576,-13.392036366967142]]]}},{"type":"Feature","properties":{"Cell_ID":136,"Area_ha":1.0,"LC":"5:0.630055,13:0.369945","XMIN":725044.86160847,"YMIN":8518463.36992662,"XMAX":725144.86160847,"YMAX":8518563.36992662},"geometry":{"type":"Polygon","coordinates":[[[-72.92090006450705,-13.392940012131712],[-72.92090782578576,-13.392036366967142],[-72.92183084298574,-13.392043963393101],[-72.92182308514663,-13.392947609088681],[-72.92090006450705,-13.392940012131712]]]}},{"type":"Feature","properties":{"Cell_ID":137,"Area_ha":1.0,"LC":"5:0.273302,13:0.726698","XMIN":725044.86160847,"YMIN":8518363.36992662,"XMAX":725144.86160847,"YMAX":8518463.36992662},"geometry":{"type":"Polygon","coordinates":[[[-72.92089230265633,-13.393843657227343],[-72.92090006450705,-13.392940012131712],[-72.92182308514663,-13.392947609088681],[-72.92181532673573,-13.393851254715333],[-72.92089230265633,-13.393843657227343]]]}},{"type":"Feature","properties":{"Cell_ID":138,"Area_ha":1.0,"LC":"5:0.129250,13:0.870750","XMIN":725044.86160847,"YMIN":8518263.36992662,"XMAX":725144.86160847,"YMAX":8518363.36992662},"geometry":{"type":"Polygon","coordinates":[[[-72.92088454023353,-13.394747302254038],[-72.92089230265633,-13.393843657227343],[-72.92181532673573,-13.393851254715333],[-72.92180756775304,-13.394754900273046],[-72.92088454023353,-13.394747302254038]]]}},{"type":"Feature","properties":{"Cell_ID":139,"Area_ha":1.0,"LC":"5:0.095153,13:0.904847","XMIN":725044.86160847,"YMIN":8518163.36992662,"XMAX":725144.86160847,"YMAX":8518263.36992662},"geometry":{"type":"Polygon","coordinates":[[[-72.92087677723869,-13.395650947211792],[-72.92088454023353,-13.394747302254038],[-72.92180756775304,-13.394754900273046],[-72.92179980819853,-13.395658545761826],[-72.92087677723869,-13.395650947211792]]]}},{"type":"Feature","properties":{"Cell_ID":140,"Area_ha":1.0,"LC":"5:0.009433,13:0.990567","XMIN":725044.86160847,"YMIN":8518063.36992662,"XMAX":725144.86160847,"YMAX":8518163.36992662},"geometry":{"type":"Polygon","coordinates":[[[-72.92086901367178,-13.39655459210059],[-72.92087677723869,-13.395650947211792],[-72.92179980819853,-13.395658545761826],[-72.92179204807222,-13.396562191181658],[-72.92086901367178,-13.39655459210059]]]}},{"type":"Feature","properties":{"Cell_ID":141,"Area_ha":1.0,"LC":"13:1.000000","XMIN":725044.86160847,"YMIN":8517963.36992662,"XMAX":725144.86160847,"YMAX":8518063.36992662},"geometry":{"type":"Polygon","coordinates":[[[-72.92086124953278,-13.397458236920446],[-72.92086901367178,-13.39655459210059],[-72.92179204807222,-13.396562191181658],[-72.92178428737408,-13.39746583653254],[-72.92086124953278,-13.397458236920446]]]}},{"type":"Feature","properties":{"Cell_ID":142,"Area_ha":1.0,"LC":"13:1.000000","XMIN":725044.86160847,"YMIN":8517863.36992662,"XMAX":725144.86160847,"YMAX":8517963.36992662},"geometry":{"type":"Polygon","coordinates":[[[-72.92085348482169,-13.398361881671342],[-72.92086124953278,-13.397458236920446],[-72.92178428737408,-13.39746583653254],[-72.92177652610411,-13.398369481814473],[-72.92085348482169,-13.398361881671342]]]}},{"type":"Feature","properties":{"Cell_ID":143,"Area_ha":1.0,"LC":"5:0.094454,13:0.905546","XMIN":725044.86160847,"YMIN":8517763.36992662,"XMAX":725144.86160847,"YMAX":8517863.36992662},"geometry":{"type":"Polygon","coordinates":[[[-72.92084571953852,-13.399265526353277],[-72.92085348482169,-13.398361881671342],[-72.92177652610411,-13.398369481814473],[-72.9217687642623,-13.399273127027454],[-72.92084571953852,-13.399265526353277]]]}},{"type":"Feature","properties":{"Cell_ID":144,"Area_ha":1.0,"LC":"5:0.245021,13:0.754979","XMIN":725044.86160847,"YMIN":8517663.36992662,"XMAX":725144.86160847,"YMAX":8517763.36992662},"geometry":{"type":"Polygon","coordinates":[[[-72.92083795368322,-13.400169170966246],[-72.92084571953852,-13.399265526353277],[-72.9217687642623,-13.399273127027454],[-72.92176100184861,-13.400176772171465],[-72.92083795368322,-13.400169170966246]]]}},{"type":"Feature","properties":{"Cell_ID":145,"Area_ha":1.0,"LC":"5:0.171189,9:0.559899,13:0.268911","XMIN":725044.86160847,"YMIN":8517563.36992662,"XMAX":725144.86160847,"YMAX":8517663.36992662},"geometry":{"type":"Polygon","coordinates":[[[-72.92083018725582,-13.401072815510247],[-72.92083795368322,-13.400169170966246],[-72.92176100184861,-13.400176772171465],[-72.92175323886308,-13.401080417246517],[-72.92083018725582,-13.401072815510247]]]}},{"type":"Feature","properties":{"Cell_ID":146,"Area_ha":1.0,"LC":"5:0.500869,9:0.499131","XMIN":725044.86160847,"YMIN":8517463.36992662,"XMAX":725144.86160847,"YMAX":8517563.36992662},"geometry":{"type":"Polygon","coordinates":[[[-72.92082242025627,-13.401976459985278],[-72.92083018725582,-13.401072815510247],[-72.92175323886308,-13.401080417246517],[-72.92174547530567,-13.401984062252597],[-72.92082242025627,-13.401976459985278]]]}},{"type":"Feature","properties":{"Cell_ID":147,"Area_ha":1.0,"LC":"5:0.619479,9:0.380521","XMIN":725044.86160847,"YMIN":8517363.36992662,"XMAX":725144.86160847,"YMAX":8517463.36992662},"geometry":{"type":"Polygon","coordinates":[[[-72.9208146526846,-13.402880104391329],[-72.92082242025627,-13.401976459985278],[-72.92174547530567,-13.401984062252597],[-72.92173771117636,-13.402887707189699],[-72.9208146526846,-13.402880104391329]]]}},{"type":"Feature","properties":{"Cell_ID":148,"Area_ha":1.0,"LC":"5:0.288289,6:0.040347,9:0.671363","XMIN":725044.86160847,"YMIN":8517263.36992662,"XMAX":725144.86160847,"YMAX":8517363.36992662},"geometry":{"type":"Polygon","coordinates":[[[-72.92080688454077,-13.403783748728396],[-72.9208146526846,-13.402880104391329],[-72.92173771117636,-13.402887707189699],[-72.92172994647515,-13.403791352057828],[-72.92080688454077,-13.403783748728396]]]}},{"type":"Feature","properties":{"Cell_ID":149,"Area_ha":1.0,"LC":"5:0.387384,6:0.612616","XMIN":725044.86160847,"YMIN":8516163.36992662,"XMAX":725144.86160847,"YMAX":8516263.36992662},"geometry":{"type":"Polygon","coordinates":[[[-72.92072139719389,-13.413723831882061],[-72.92072917163203,-13.412820188304089],[-72.92165226800667,-13.41282779694432],[-72.92164449701394,-13.413731441053397],[-72.92072139719389,-13.413723831882061]]]}},{"type":"Feature","properties":{"Cell_ID":150,"Area_ha":1.0,"LC":"5:0.502396,6:0.010394,13:0.487211","XMIN":725044.86160847,"YMIN":8516063.36992662,"XMAX":725144.86160847,"YMAX":8516163.36992662},"geometry":{"type":"Polygon","coordinates":[[[-72.92071362218347,-13.414627475391002],[-72.92072139719389,-13.413723831882061],[-72.92164449701394,-13.413731441053397],[-72.92163672544919,-13.414635085093442],[-72.92071362218347,-13.414627475391002]]]}},{"type":"Feature","properties":{"Cell_ID":151,"Area_ha":1.0,"LC":"5:0.230567,9:0.048802,13:0.720630","XMIN":725044.86160847,"YMIN":8515963.36992662,"XMAX":725144.86160847,"YMAX":8516063.36992662},"geometry":{"type":"Polygon","coordinates":[[[-72.92070584660077,-13.415531118830904],[-72.92071362218347,-13.414627475391002],[-72.92163672544919,-13.414635085093442],[-72.92162895331242,-13.415538729064455],[-72.92070584660077,-13.415531118830904]]]}},{"type":"Feature","properties":{"Cell_ID":152,"Area_ha":1.0,"LC":"5:0.839552,9:0.088289,13:0.072159","XMIN":725044.86160847,"YMIN":8515863.36992662,"XMAX":725144.86160847,"YMAX":8515963.36992662},"geometry":{"type":"Polygon","coordinates":[[[-72.92069807044577,-13.41643476220176],[-72.92070584660077,-13.415531118830904],[-72.92162895331242,-13.415538729064455],[-72.92162118060361,-13.41644237296642],[-72.92069807044577,-13.41643476220176]]]}},{"type":"Feature","properties":{"Cell_ID":153,"Area_ha":1.0,"LC":"5:0.968455,13:0.031545","XMIN":725044.86160847,"YMIN":8515763.36992662,"XMAX":725144.86160847,"YMAX":8515863.36992662},"geometry":{"type":"Polygon","coordinates":[[[-72.92069029371848,-13.417338405503566],[-72.92069807044577,-13.41643476220176],[-72.92162118060361,-13.41644237296642],[-72.92161340732274,-13.417346016799348],[-72.92069029371848,-13.417338405503566]]]}},{"type":"Feature","properties":{"Cell_ID":154,"Area_ha":1.0,"LC":"5:0.267768,13:0.732232","XMIN":725044.86160847,"YMIN":8515663.36992662,"XMAX":725144.86160847,"YMAX":8515763.36992662},"geometry":{"type":"Polygon","coordinates":[[[-72.92068251641886,-13.418242048736328],[-72.92069029371848,-13.417338405503566],[-72.92161340732274,-13.417346016799348],[-72.92160563346981,-13.418249660563227],[-72.92068251641886,-13.418242048736328]]]}},{"type":"Feature","properties":{"Cell_ID":155,"Area_ha":1.0,"LC":"9:0.057092,13:0.942908","XMIN":725044.86160847,"YMIN":8515563.36992662,"XMAX":725144.86160847,"YMAX":8515663.36992662},"geometry":{"type":"Polygon","coordinates":[[[-72.92067473854694,-13.419145691900027],[-72.92068251641886,-13.418242048736328],[-72.92160563346981,-13.418249660563227],[-72.92159785904481,-13.419153304258051],[-72.92067473854694,-13.419145691900027]]]}},{"type":"Feature","properties":{"Cell_ID":156,"Area_ha":1.0,"LC":"9:0.020174,13:0.979826","XMIN":725044.86160847,"YMIN":8515463.36992662,"XMAX":725144.86160847,"YMAX":8515563.36992662},"geometry":{"type":"Polygon","coordinates":[[[-72.92066696010266,-13.420049334994665],[-72.92067473854694,-13.419145691900027],[-72.92159785904481,-13.419153304258051],[-72.92159008404775,-13.420056947883817],[-72.92066696010266,-13.420049334994665]]]}},{"type":"Feature","properties":{"Cell_ID":157,"Area_ha":1.0,"LC":"9:0.158857,13:0.841143","XMIN":725044.86160847,"YMIN":8515363.36992662,"XMAX":725144.86160847,"YMAX":8515463.36992662},"geometry":{"type":"Polygon","coordinates":[[[-72.92065918108605,-13.420952978020242],[-72.92066696010266,-13.420049334994665],[-72.92159008404775,-13.420056947883817],[-72.92158230847859,-13.420960591440524],[-72.92065918108605,-13.420952978020242]]]}},{"type":"Feature","properties":{"Cell_ID":158,"Area_ha":1.0,"LC":"13:0.398162,16:0.601838","XMIN":725044.86160847,"YMIN":8515263.36992662,"XMAX":725144.86160847,"YMAX":8515363.36992662},"geometry":{"type":"Polygon","coordinates":[[[-72.92065140149708,-13.421856620976747],[-72.92065918108605,-13.420952978020242],[-72.92158230847859,-13.420960591440524],[-72.92157453233732,-13.421864234928167],[-72.92065140149708,-13.421856620976747]]]}},{"type":"Feature","properties":{"Cell_ID":159,"Area_ha":1.0,"LC":"16:0.909158,17:0.090842","XMIN":725144.86160847,"YMIN":8519263.36992662,"XMAX":725244.86160847,"YMAX":8519363.36992662},"geometry":{"type":"Polygon","coordinates":[[[-72.9200391461625,-13.385703252810545],[-72.92004690630282,-13.38479960762588],[-72.92096989542327,-13.384807203169498],[-72.9209621387205,-13.385710848885381],[-72.9200391461625,-13.385703252810545]]]}},{"type":"Feature","properties":{"Cell_ID":160,"Area_ha":1.0,"LC":"16:1.000000","XMIN":725144.86160847,"YMIN":8519163.36992662,"XMAX":725244.86160847,"YMAX":8519263.36992662},"geometry":{"type":"Polygon","coordinates":[[[-72.92003138544997,-13.386606897926308],[-72.9200391461625,-13.385703252810545],[-72.9209621387205,-13.385710848885381],[-72.92095438144577,-13.386614494532365],[-72.92003138544997,-13.386606897926308]]]}},{"type":"Feature","properties":{"Cell_ID":161,"Area_ha":1.0,"LC":"16:1.000000","XMIN":725144.86160847,"YMIN":8519063.36992662,"XMAX":725244.86160847,"YMAX":8519163.36992662},"geometry":{"type":"Polygon","coordinates":[[[-72.92002362416521,-13.387510542973164],[-72.92003138544997,-13.386606897926308],[-72.92095438144577,-13.386614494532365],[-72.92094662359908,-13.387518140110448],[-72.92002362416521,-13.387510542973164]]]}},{"type":"Feature","properties":{"Cell_ID":162,"Area_ha":1.0,"LC":"16:1.000000","XMIN":725144.86160847,"YMIN":8518963.36992662,"XMAX":725244.86160847,"YMAX":8519063.36992662},"geometry":{"type":"Polygon","coordinates":[[[-72.92001586230823,-13.388414187951106],[-72.92002362416521,-13.387510542973164],[-72.92094662359908,-13.387518140110448],[-72.92093886518042,-13.388421785619617],[-72.92001586230823,-13.388414187951106]]]}},{"type":"Feature","properties":{"Cell_ID":163,"Area_ha":1.0,"LC":"16:1.000000","XMIN":725144.86160847,"YMIN":8518863.36992662,"XMAX":725244.86160847,"YMAX":8518963.36992662},"geometry":{"type":"Polygon","coordinates":[[[-72.92000809987903,-13.389317832860135],[-72.92001586230823,-13.388414187951106],[-72.92093886518042,-13.388421785619617],[-72.92093110618976,-13.389325431059879],[-72.92000809987903,-13.389317832860135]]]}},{"type":"Feature","properties":{"Cell_ID":164,"Area_ha":1.0,"LC":"13:0.112688,16:0.887312","XMIN":725144.86160847,"YMIN":8518763.36992662,"XMAX":725244.86160847,"YMAX":8518863.36992662},"geometry":{"type":"Polygon","coordinates":[[[-72.92000033687755,-13.390221477700237],[-72.92000809987903,-13.389317832860135],[-72.92093110618976,-13.389325431059879],[-72.9209233466271,-13.390229076431226],[-72.92000033687755,-13.390221477700237]]]}},{"type":"Feature","properties":{"Cell_ID":165,"Area_ha":1.0,"LC":"5:0.140521,13:0.470567,16:0.388911","XMIN":725144.86160847,"YMIN":8518663.36992662,"XMAX":725244.86160847,"YMAX":8518763.36992662},"geometry":{"type":"Polygon","coordinates":[[[-72.91999257330382,-13.391125122471422],[-72.92000033687755,-13.390221477700237],[-72.9209233466271,-13.390229076431226],[-72.92091558649244,-13.391132721733646],[-72.91999257330382,-13.391125122471422]]]}},{"type":"Feature","properties":{"Cell_ID":166,"Area_ha":1.0,"LC":"5:0.846863,13:0.153137","XMIN":725144.86160847,"YMIN":8518563.36992662,"XMAX":725244.86160847,"YMAX":8518663.36992662},"geometry":{"type":"Polygon","coordinates":[[[-72.91998480915781,-13.392028767173674],[-72.91999257330382,-13.391125122471422],[-72.92091558649244,-13.391132721733646],[-72.92090782578576,-13.392036366967142],[-72.91998480915781,-13.392028767173674]]]}},{"type":"Feature","properties":{"Cell_ID":167,"Area_ha":1.0,"LC":"5:0.591545,13:0.408455","XMIN":725144.86160847,"YMIN":8518463.36992662,"XMAX":725244.86160847,"YMAX":8518563.36992662},"geometry":{"type":"Polygon","coordinates":[[[-72.91997704443953,-13.392932411806989],[-72.91998480915781,-13.392028767173674],[-72.92090782578576,-13.392036366967142],[-72.92090006450705,-13.392940012131712],[-72.91997704443953,-13.392932411806989]]]}},{"type":"Feature","properties":{"Cell_ID":168,"Area_ha":1.0,"LC":"5:1.000000","XMIN":725144.86160847,"YMIN":8518363.36992662,"XMAX":725244.86160847,"YMAX":8518463.36992662},"geometry":{"type":"Polygon","coordinates":[[[-72.91996927914896,-13.393836056371368],[-72.91997704443953,-13.392932411806989],[-72.92090006450705,-13.392940012131712],[-72.92089230265633,-13.393843657227343],[-72.91996927914896,-13.393836056371368]]]}},{"type":"Feature","properties":{"Cell_ID":169,"Area_ha":1.0,"LC":"5:0.400101,13:0.599899","XMIN":725144.86160847,"YMIN":8518263.36992662,"XMAX":725244.86160847,"YMAX":8518363.36992662},"geometry":{"type":"Polygon","coordinates":[[[-72.91996151328608,-13.394739700866808],[-72.91996927914896,-13.393836056371368],[-72.92089230265633,-13.393843657227343],[-72.92088454023353,-13.394747302254038],[-72.91996151328608,-13.394739700866808]]]}},{"type":"Feature","properties":{"Cell_ID":170,"Area_ha":1.0,"LC":"13:1.000000","XMIN":725144.86160847,"YMIN":8518163.36992662,"XMAX":725244.86160847,"YMAX":8518263.36992662},"geometry":{"type":"Polygon","coordinates":[[[-72.91995374685091,-13.3956433452933],[-72.91996151328608,-13.394739700866808],[-72.92088454023353,-13.394747302254038],[-72.92087677723869,-13.395650947211792],[-72.91995374685091,-13.3956433452933]]]}},{"type":"Feature","properties":{"Cell_ID":171,"Area_ha":1.0,"LC":"13:1.000000","XMIN":725144.86160847,"YMIN":8518063.36992662,"XMAX":725244.86160847,"YMAX":8518163.36992662},"geometry":{"type":"Polygon","coordinates":[[[-72.91994597984339,-13.396546989650838],[-72.91995374685091,-13.3956433452933],[-72.92087677723869,-13.395650947211792],[-72.92086901367178,-13.39655459210059],[-72.91994597984339,-13.396546989650838]]]}},{"type":"Feature","properties":{"Cell_ID":172,"Area_ha":1.0,"LC":"13:1.000000","XMIN":725144.86160847,"YMIN":8517963.36992662,"XMAX":725244.86160847,"YMAX":8518063.36992662},"geometry":{"type":"Polygon","coordinates":[[[-72.91993821226356,-13.397450633939423],[-72.91994597984339,-13.396546989650838],[-72.92086901367178,-13.39655459210059],[-72.92086124953278,-13.397458236920446],[-72.91993821226356,-13.397450633939423]]]}},{"type":"Feature","properties":{"Cell_ID":173,"Area_ha":1.0,"LC":"5:0.333210,13:0.666790","XMIN":725144.86160847,"YMIN":8517863.36992662,"XMAX":725244.86160847,"YMAX":8517963.36992662},"geometry":{"type":"Polygon","coordinates":[[[-72.91993044411137,-13.398354278159047],[-72.91993821226356,-13.397450633939423],[-72.92086124953278,-13.397458236920446],[-72.92085348482169,-13.398361881671342],[-72.91993044411137,-13.398354278159047]]]}},{"type":"Feature","properties":{"Cell_ID":174,"Area_ha":1.0,"LC":"5:0.990567,13:0.009433","XMIN":725144.86160847,"YMIN":8517763.36992662,"XMAX":725244.86160847,"YMAX":8517863.36992662},"geometry":{"type":"Polygon","coordinates":[[[-72.91992267538684,-13.399257922309708],[-72.91993044411137,-13.398354278159047],[-72.92085348482169,-13.398361881671342],[-72.92084571953852,-13.399265526353277],[-72.91992267538684,-13.399257922309708]]]}},{"type":"Feature","properties":{"Cell_ID":175,"Area_ha":1.0,"LC":"5:1.000000","XMIN":725144.86160847,"YMIN":8517663.36992662,"XMAX":725244.86160847,"YMAX":8517763.36992662},"geometry":{"type":"Polygon","coordinates":[[[-72.91991490608996,-13.400161566391397],[-72.91992267538684,-13.399257922309708],[-72.92084571953852,-13.399265526353277],[-72.92083795368322,-13.400169170966246],[-72.91991490608996,-13.400161566391397]]]}},{"type":"Feature","properties":{"Cell_ID":176,"Area_ha":1.0,"LC":"5:0.299131,9:0.397960,13:0.302908","XMIN":725144.86160847,"YMIN":8517563.36992662,"XMAX":725244.86160847,"YMAX":8517663.36992662},"geometry":{"type":"Polygon","coordinates":[[[-72.91990713622067,-13.401065210404116],[-72.91991490608996,-13.400161566391397],[-72.92083795368322,-13.400169170966246],[-72.92083018725582,-13.401072815510247],[-72.91990713622067,-13.401065210404116]]]}},{"type":"Feature","properties":{"Cell_ID":177,"Area_ha":1.0,"LC":"5:0.279899,9:0.720101","XMIN":725144.86160847,"YMIN":8517463.36992662,"XMAX":725244.86160847,"YMAX":8517563.36992662},"geometry":{"type":"Polygon","coordinates":[[[-72.91989936577903,-13.401968854347858],[-72.91990713622067,-13.401065210404116],[-72.92083018725582,-13.401072815510247],[-72.92082242025627,-13.401976459985278],[-72.91989936577903,-13.401968854347858]]]}},{"type":"Feature","properties":{"Cell_ID":178,"Area_ha":1.0,"LC":"5:1.000000","XMIN":725144.86160847,"YMIN":8517363.36992662,"XMAX":725244.86160847,"YMAX":8517463.36992662},"geometry":{"type":"Polygon","coordinates":[[[-72.91989159476498,-13.402872498222616],[-72.91989936577903,-13.401968854347858],[-72.92082242025627,-13.401976459985278],[-72.9208146526846,-13.402880104391329],[-72.91989159476498,-13.402872498222616]]]}},{"type":"Feature","properties":{"Cell_ID":179,"Area_ha":1.0,"LC":"5:0.942908,9:0.057092","XMIN":725144.86160847,"YMIN":8517263.36992662,"XMAX":725244.86160847,"YMAX":8517363.36992662},"geometry":{"type":"Polygon","coordinates":[[[-72.91988382317854,-13.40377614202839],[-72.91989159476498,-13.402872498222616],[-72.9208146526846,-13.402880104391329],[-72.92080688454077,-13.403783748728396],[-72.91988382317854,-13.40377614202839]]]}},{"type":"Feature","properties":{"Cell_ID":180,"Area_ha":1.0,"LC":"5:1.000000","XMIN":725144.86160847,"YMIN":8517163.36992662,"XMAX":725244.86160847,"YMAX":8517263.36992662},"geometry":{"type":"Polygon","coordinates":[[[-72.91987605101967,-13.404679785765172],[-72.91988382317854,-13.40377614202839],[-72.92080688454077,-13.403783748728396],[-72.92079911582478,-13.404687392996475],[-72.91987605101967,-13.404679785765172]]]}},{"type":"Feature","properties":{"Cell_ID":181,"Area_ha":1.0,"LC":"5:0.902561,6:0.030750,9:0.066689","XMIN":725144.86160847,"YMIN":8517063.36992662,"XMAX":725244.86160847,"YMAX":8517163.36992662},"geometry":{"type":"Polygon","coordinates":[[[-72.91986827828839,-13.405583429432959],[-72.91987605101967,-13.404679785765172],[-72.92079911582478,-13.404687392996475],[-72.92079134653663,-13.405591037195567],[-72.91986827828839,-13.405583429432959]]]}},{"type":"Feature","properties":{"Cell_ID":182,"Area_ha":1.0,"LC":"5:0.319653,6:0.304847,9:0.365902,13:0.009598","XMIN":725144.86160847,"YMIN":8516963.36992662,"XMAX":725244.86160847,"YMAX":8517063.36992662},"geometry":{"type":"Polygon","coordinates":[[[-72.91986050498468,-13.406487073031746],[-72.91986827828839,-13.405583429432959],[-72.92079134653663,-13.405591037195567],[-72.92078357667629,-13.406494681325663],[-72.91986050498468,-13.406487073031746]]]}},{"type":"Feature","properties":{"Cell_ID":183,"Area_ha":1.0,"LC":"5:0.059826,6:0.184847,9:0.600000,13:0.155326","XMIN":725144.86160847,"YMIN":8516863.36992662,"XMAX":725244.86160847,"YMAX":8516963.36992662},"geometry":{"type":"Polygon","coordinates":[[[-72.91985273110852,-13.407390716561535],[-72.91986050498468,-13.406487073031746],[-72.92078357667629,-13.406494681325663],[-72.92077580624375,-13.407398325386758],[-72.91985273110852,-13.407390716561535]]]}},{"type":"Feature","properties":{"Cell_ID":184,"Area_ha":1.0,"LC":"6:0.224847,9:0.566863,13:0.208289","XMIN":725144.86160847,"YMIN":8516763.36992662,"XMAX":725244.86160847,"YMAX":8516863.36992662},"geometry":{"type":"Polygon","coordinates":[[[-72.9198449566599,-13.40829436002231],[-72.91985273110852,-13.407390716561535],[-72.92077580624375,-13.407398325386758],[-72.92076803523904,-13.408301969378847],[-72.9198449566599,-13.40829436002231]]]}},{"type":"Feature","properties":{"Cell_ID":185,"Area_ha":1.0,"LC":"6:0.605369,9:0.394631","XMIN":725144.86160847,"YMIN":8516663.36992662,"XMAX":725244.86160847,"YMAX":8516763.36992662},"geometry":{"type":"Polygon","coordinates":[[[-72.91983718163881,-13.409198003414076],[-72.9198449566599,-13.40829436002231],[-72.92076803523904,-13.408301969378847],[-72.9207602636621,-13.409205613301928],[-72.91983718163881,-13.409198003414076]]]}},{"type":"Feature","properties":{"Cell_ID":186,"Area_ha":1.0,"LC":"3:0.544399,6:0.446168,9:0.009433","XMIN":725144.86160847,"YMIN":8516563.36992662,"XMAX":725244.86160847,"YMAX":8516663.36992662},"geometry":{"type":"Polygon","coordinates":[[[-72.91982940604527,-13.410101646736821],[-72.91983718163881,-13.409198003414076],[-72.9207602636621,-13.409205613301928],[-72.92075249151294,-13.410109257156],[-72.91982940604527,-13.410101646736821]]]}},{"type":"Feature","properties":{"Cell_ID":187,"Area_ha":1.0,"LC":"3:0.353137,5:0.127659,6:0.519204","XMIN":725144.86160847,"YMIN":8516463.36992662,"XMAX":725244.86160847,"YMAX":8516563.36992662},"geometry":{"type":"Polygon","coordinates":[[[-72.91982162987922,-13.41100528999055],[-72.91982940604527,-13.410101646736821],[-72.92075249151294,-13.410109257156],[-72.92074471879154,-13.411012900941055],[-72.91982162987922,-13.41100528999055]]]}},{"type":"Feature","properties":{"Cell_ID":188,"Area_ha":1.0,"LC":"3:0.424847,5:0.165555,6:0.409598","XMIN":725144.86160847,"YMIN":8516363.36992662,"XMAX":725244.86160847,"YMAX":8516463.36992662},"geometry":{"type":"Polygon","coordinates":[[[-72.9198138531407,-13.411908933175251],[-72.91982162987922,-13.41100528999055],[-72.92074471879154,-13.411012900941055],[-72.92073694549791,-13.411916544657082],[-72.9198138531407,-13.411908933175251]]]}},{"type":"Feature","properties":{"Cell_ID":189,"Area_ha":1.0,"LC":"3:0.685369,6:0.314631","XMIN":725144.86160847,"YMIN":8516263.36992662,"XMAX":725244.86160847,"YMAX":8516363.36992662},"geometry":{"type":"Polygon","coordinates":[[[-72.91980607582965,-13.412812576290925],[-72.9198138531407,-13.411908933175251],[-72.92073694549791,-13.411916544657082],[-72.92072917163203,-13.412820188304089],[-72.91980607582965,-13.412812576290925]]]}},{"type":"Feature","properties":{"Cell_ID":190,"Area_ha":1.0,"LC":"3:0.432607,6:0.567393","XMIN":725144.86160847,"YMIN":8516163.36992662,"XMAX":725244.86160847,"YMAX":8516263.36992662},"geometry":{"type":"Polygon","coordinates":[[[-72.9197982979461,-13.41371621933756],[-72.91980607582965,-13.412812576290925],[-72.92072917163203,-13.412820188304089],[-72.92072139719389,-13.413723831882061],[-72.9197982979461,-13.41371621933756]]]}},{"type":"Feature","properties":{"Cell_ID":191,"Area_ha":1.0,"LC":"5:0.437960,6:0.562040","XMIN":725144.86160847,"YMIN":8516063.36992662,"XMAX":725244.86160847,"YMAX":8516163.36992662},"geometry":{"type":"Polygon","coordinates":[[[-72.91979051949001,-13.414619862315163],[-72.9197982979461,-13.41371621933756],[-72.92072139719389,-13.413723831882061],[-72.92071362218347,-13.414627475391002],[-72.91979051949001,-13.414619862315163]]]}},{"type":"Feature","properties":{"Cell_ID":192,"Area_ha":1.0,"LC":"5:0.139131,13:0.860869","XMIN":725144.86160847,"YMIN":8515963.36992662,"XMAX":725244.86160847,"YMAX":8516063.36992662},"geometry":{"type":"Polygon","coordinates":[[[-72.9197827404614,-13.41552350522372],[-72.91979051949001,-13.414619862315163],[-72.92071362218347,-13.414627475391002],[-72.92070584660077,-13.415531118830904],[-72.9197827404614,-13.41552350522372]]]}},{"type":"Feature","properties":{"Cell_ID":193,"Area_ha":1.0,"LC":"5:0.188180,13:0.811820","XMIN":725144.86160847,"YMIN":8515863.36992662,"XMAX":725244.86160847,"YMAX":8515963.36992662},"geometry":{"type":"Polygon","coordinates":[[[-72.91977496086024,-13.416427148063228],[-72.9197827404614,-13.41552350522372],[-72.92070584660077,-13.415531118830904],[-72.92069807044577,-13.41643476220176],[-72.91977496086024,-13.416427148063228]]]}},{"type":"Feature","properties":{"Cell_ID":194,"Area_ha":1.0,"LC":"5:0.666524,13:0.333476","XMIN":725144.86160847,"YMIN":8515763.36992662,"XMAX":725244.86160847,"YMAX":8515863.36992662},"geometry":{"type":"Polygon","coordinates":[[[-72.91976718068652,-13.417330790833685],[-72.91977496086024,-13.416427148063228],[-72.92069807044577,-13.41643476220176],[-72.92069029371848,-13.417338405503566],[-72.91976718068652,-13.417330790833685]]]}},{"type":"Feature","properties":{"Cell_ID":195,"Area_ha":1.0,"LC":"5:0.059479,13:0.940521","XMIN":725144.86160847,"YMIN":8515663.36992662,"XMAX":725244.86160847,"YMAX":8515763.36992662},"geometry":{"type":"Polygon","coordinates":[[[-72.91975939994023,-13.418234433535085],[-72.91976718068652,-13.417330790833685],[-72.92069029371848,-13.417338405503566],[-72.92068251641886,-13.418242048736328],[-72.91975939994023,-13.418234433535085]]]}},{"type":"Feature","properties":{"Cell_ID":196,"Area_ha":1.0,"LC":"13:1.000000","XMIN":725144.86160847,"YMIN":8515563.36992662,"XMAX":725244.86160847,"YMAX":8515663.36992662},"geometry":{"type":"Polygon","coordinates":[[[-72.91975161862138,-13.419138076167426],[-72.91975939994023,-13.418234433535085],[-72.92068251641886,-13.418242048736328],[-72.92067473854694,-13.419145691900027],[-72.91975161862138,-13.419138076167426]]]}},{"type":"Feature","properties":{"Cell_ID":197,"Area_ha":1.0,"LC":"9:0.009598,13:0.990402","XMIN":725144.86160847,"YMIN":8515463.36992662,"XMAX":725244.86160847,"YMAX":8515563.36992662},"geometry":{"type":"Polygon","coordinates":[[[-72.91974383672992,-13.420041718730705],[-72.91975161862138,-13.419138076167426],[-72.92067473854694,-13.419145691900027],[-72.92066696010266,-13.420049334994665],[-72.91974383672992,-13.420041718730705]]]}},{"type":"Feature","properties":{"Cell_ID":198,"Area_ha":1.0,"LC":"9:0.628463,13:0.371537","XMIN":725144.86160847,"YMIN":8515363.36992662,"XMAX":725244.86160847,"YMAX":8515463.36992662},"geometry":{"type":"Polygon","coordinates":[[[-72.91973605426588,-13.420945361224911],[-72.91974383672992,-13.420041718730705],[-72.92066696010266,-13.420049334994665],[-72.92065918108605,-13.420952978020242],[-72.91973605426588,-13.420945361224911]]]}},{"type":"Feature","properties":{"Cell_ID":199,"Area_ha":1.0,"LC":"13:0.551646,16:0.448354","XMIN":725144.86160847,"YMIN":8515263.36992662,"XMAX":725244.86160847,"YMAX":8515363.36992662},"geometry":{"type":"Polygon","coordinates":[[[-72.91972827122923,-13.421849003650046],[-72.91973605426588,-13.420945361224911],[-72.92065918108605,-13.420952978020242],[-72.92065140149708,-13.421856620976747],[-72.91972827122923,-13.421849003650046]]]}},{"type":"Feature","properties":{"Cell_ID":200,"Area_ha":1.0,"LC":"16:0.561912,17:0.397170","XMIN":725244.86160847,"YMIN":8519263.36992662,"XMAX":725344.86160847,"YMAX":8519363.36992662},"geometry":{"type":"Polygon","coordinates":[[[-72.9191161541767,-13.385695653369854],[-72.91912391775458,-13.38479200871664],[-72.92004690630282,-13.38479960762588],[-72.9200391461625,-13.385703252810545],[-72.9191161541767,-13.385695653369854]]]}},{"type":"Feature","properties":{"Cell_ID":201,"Area_ha":1.0,"LC":"16:1.000000","XMIN":725244.86160847,"YMIN":8519163.36992662,"XMAX":725344.86160847,"YMAX":8519263.36992662},"geometry":{"type":"Polygon","coordinates":[[[-72.91910839002638,-13.386599297954158],[-72.9191161541767,-13.385695653369854],[-72.9200391461625,-13.385703252810545],[-72.92003138544997,-13.386606897926308],[-72.91910839002638,-13.386599297954158]]]}},{"type":"Feature","properties":{"Cell_ID":202,"Area_ha":1.0,"LC":"13:0.091719,16:0.908281","XMIN":725244.86160847,"YMIN":8519063.36992662,"XMAX":725344.86160847,"YMAX":8519163.36992662},"geometry":{"type":"Polygon","coordinates":[[[-72.91910062530359,-13.387502942469554],[-72.91910839002638,-13.386599297954158],[-72.92003138544997,-13.386606897926308],[-72.92002362416521,-13.387510542973164],[-72.91910062530359,-13.387502942469554]]]}},{"type":"Feature","properties":{"Cell_ID":203,"Area_ha":1.0,"LC":"13:0.304847,16:0.695153","XMIN":725244.86160847,"YMIN":8518963.36992662,"XMAX":725344.86160847,"YMAX":8519063.36992662},"geometry":{"type":"Polygon","coordinates":[[[-72.9190928600083,-13.388406586916028],[-72.91910062530359,-13.387502942469554],[-72.92002362416521,-13.387510542973164],[-72.92001586230823,-13.388414187951106],[-72.9190928600083,-13.388406586916028]]]}},{"type":"Feature","properties":{"Cell_ID":204,"Area_ha":1.0,"LC":"13:0.244674,16:0.755326","XMIN":725244.86160847,"YMIN":8518863.36992662,"XMAX":725344.86160847,"YMAX":8518963.36992662},"geometry":{"type":"Polygon","coordinates":[[[-72.91908509414053,-13.389310231293587],[-72.9190928600083,-13.388406586916028],[-72.92001586230823,-13.388414187951106],[-72.92000809987903,-13.389317832860135],[-72.91908509414053,-13.389310231293587]]]}},{"type":"Feature","properties":{"Cell_ID":205,"Area_ha":1.0,"LC":"13:0.553201,16:0.446799","XMIN":725244.86160847,"YMIN":8518763.36992662,"XMAX":725344.86160847,"YMAX":8518863.36992662},"geometry":{"type":"Polygon","coordinates":[[[-72.91907732770025,-13.390213875602221],[-72.91908509414053,-13.389310231293587],[-72.92000809987903,-13.389317832860135],[-72.92000033687755,-13.390221477700237],[-72.91907732770025,-13.390213875602221]]]}},{"type":"Feature","properties":{"Cell_ID":206,"Area_ha":1.0,"LC":"5:0.040347,13:0.959653","XMIN":725244.86160847,"YMIN":8518663.36992662,"XMAX":725344.86160847,"YMAX":8518763.36992662},"geometry":{"type":"Polygon","coordinates":[[[-72.91906956068746,-13.391117519841925],[-72.91907732770025,-13.390213875602221],[-72.92000033687755,-13.390221477700237],[-72.91999257330382,-13.391125122471422],[-72.91906956068746,-13.391117519841925]]]}},{"type":"Feature","properties":{"Cell_ID":207,"Area_ha":1.0,"LC":"5:0.554627,13:0.445373","XMIN":725244.86160847,"YMIN":8518563.36992662,"XMAX":725344.86160847,"YMAX":8518663.36992662},"geometry":{"type":"Polygon","coordinates":[[[-72.91906179310214,-13.392021164012695],[-72.91906956068746,-13.391117519841925],[-72.91999257330382,-13.391125122471422],[-72.91998480915781,-13.392028767173674],[-72.91906179310214,-13.392021164012695]]]}},{"type":"Feature","properties":{"Cell_ID":208,"Area_ha":1.0,"LC":"5:0.970741,13:0.029259","XMIN":725244.86160847,"YMIN":8518463.36992662,"XMAX":725344.86160847,"YMAX":8518563.36992662},"geometry":{"type":"Polygon","coordinates":[[[-72.9190540249443,-13.392924808114529],[-72.91906179310214,-13.392021164012695],[-72.91998480915781,-13.392028767173674],[-72.91997704443953,-13.392932411806989],[-72.9190540249443,-13.392924808114529]]]}},{"type":"Feature","properties":{"Cell_ID":209,"Area_ha":1.0,"LC":"5:1.000000","XMIN":725244.86160847,"YMIN":8518363.36992662,"XMAX":725344.86160847,"YMAX":8518463.36992662},"geometry":{"type":"Polygon","coordinates":[[[-72.91904625621389,-13.393828452147421],[-72.9190540249443,-13.392924808114529],[-72.91997704443953,-13.392932411806989],[-72.91996927914896,-13.393836056371368],[-72.91904625621389,-13.393828452147421]]]}},{"type":"Feature","properties":{"Cell_ID":210,"Area_ha":1.0,"LC":"5:0.651820,13:0.348180","XMIN":725244.86160847,"YMIN":8518263.36992662,"XMAX":725344.86160847,"YMAX":8518363.36992662},"geometry":{"type":"Polygon","coordinates":[[[-72.91903848691096,-13.394732096111367],[-72.91904625621389,-13.393828452147421],[-72.91996927914896,-13.393836056371368],[-72.91996151328608,-13.394739700866808],[-72.91903848691096,-13.394732096111367]]]}},{"type":"Feature","properties":{"Cell_ID":211,"Area_ha":1.0,"LC":"5:0.030220,13:0.969780","XMIN":725244.86160847,"YMIN":8518163.36992662,"XMAX":725344.86160847,"YMAX":8518263.36992662},"geometry":{"type":"Polygon","coordinates":[[[-72.91903071703544,-13.395635740006362],[-72.91903848691096,-13.394732096111367],[-72.91996151328608,-13.394739700866808],[-72.91995374685091,-13.3956433452933],[-72.91903071703544,-13.395635740006362]]]}},{"type":"Feature","properties":{"Cell_ID":212,"Area_ha":1.0,"LC":"13:1.000000","XMIN":725244.86160847,"YMIN":8518063.36992662,"XMAX":725344.86160847,"YMAX":8518163.36992662},"geometry":{"type":"Polygon","coordinates":[[[-72.91902294658735,-13.396539383832401],[-72.91903071703544,-13.395635740006362],[-72.91995374685091,-13.3956433452933],[-72.91994597984339,-13.396546989650838],[-72.91902294658735,-13.396539383832401]]]}},{"type":"Feature","properties":{"Cell_ID":213,"Area_ha":1.0,"LC":"13:1.000000","XMIN":725244.86160847,"YMIN":8517963.36992662,"XMAX":725344.86160847,"YMAX":8518063.36992662},"geometry":{"type":"Polygon","coordinates":[[[-72.91901517556667,-13.397443027589482],[-72.91902294658735,-13.396539383832401],[-72.91994597984339,-13.396546989650838],[-72.91993821226356,-13.397450633939423],[-72.91901517556667,-13.397443027589482]]]}},{"type":"Feature","properties":{"Cell_ID":214,"Area_ha":1.0,"LC":"5:0.138582,13:0.861418","XMIN":725244.86160847,"YMIN":8517863.36992662,"XMAX":725344.86160847,"YMAX":8517963.36992662},"geometry":{"type":"Polygon","coordinates":[[[-72.91900740397341,-13.3983466712776],[-72.91901517556667,-13.397443027589482],[-72.91993821226356,-13.397450633939423],[-72.91993044411137,-13.398354278159047],[-72.91900740397341,-13.3983466712776]]]}},{"type":"Feature","properties":{"Cell_ID":215,"Area_ha":1.0,"LC":"5:0.880347,13:0.119653","XMIN":725244.86160847,"YMIN":8517763.36992662,"XMAX":725344.86160847,"YMAX":8517863.36992662},"geometry":{"type":"Polygon","coordinates":[[[-72.91899963180754,-13.399250314896749],[-72.91900740397341,-13.3983466712776],[-72.91993044411137,-13.398354278159047],[-72.91992267538684,-13.399257922309708],[-72.91899963180754,-13.399250314896749]]]}},{"type":"Feature","properties":{"Cell_ID":216,"Area_ha":1.0,"LC":"5:1.000000","XMIN":725244.86160847,"YMIN":8517663.36992662,"XMAX":725344.86160847,"YMAX":8517763.36992662},"geometry":{"type":"Polygon","coordinates":[[[-72.91899185906904,-13.400153958446925],[-72.91899963180754,-13.399250314896749],[-72.91992267538684,-13.399257922309708],[-72.91991490608996,-13.400161566391397],[-72.91899185906904,-13.400153958446925]]]}},{"type":"Feature","properties":{"Cell_ID":217,"Area_ha":1.0,"LC":"5:0.360101,9:0.029772,13:0.610127","XMIN":725244.86160847,"YMIN":8517563.36992662,"XMAX":725344.86160847,"YMAX":8517663.36992662},"geometry":{"type":"Polygon","coordinates":[[[-72.91898408575793,-13.401057601928123],[-72.91899185906904,-13.400153958446925],[-72.91991490608996,-13.400161566391397],[-72.91990713622067,-13.401065210404116],[-72.91898408575793,-13.401057601928123]]]}},{"type":"Feature","properties":{"Cell_ID":218,"Area_ha":1.0,"LC":"5:0.361838,9:0.206350,13:0.431812","XMIN":725244.86160847,"YMIN":8517463.36992662,"XMAX":725344.86160847,"YMAX":8517563.36992662},"geometry":{"type":"Polygon","coordinates":[[[-72.91897631187416,-13.401961245340345],[-72.91898408575793,-13.401057601928123],[-72.91990713622067,-13.401065210404116],[-72.91989936577903,-13.401968854347858],[-72.91897631187416,-13.401961245340345]]]}},{"type":"Feature","properties":{"Cell_ID":219,"Area_ha":1.0,"LC":"5:1.000000","XMIN":725244.86160847,"YMIN":8517363.36992662,"XMAX":725344.86160847,"YMAX":8517463.36992662},"geometry":{"type":"Polygon","coordinates":[[[-72.91896853741777,-13.402864888683574],[-72.91897631187416,-13.401961245340345],[-72.91989936577903,-13.401968854347858],[-72.91989159476498,-13.402872498222616],[-72.91896853741777,-13.402864888683574]]]}},{"type":"Feature","properties":{"Cell_ID":220,"Area_ha":1.0,"LC":"5:1.000000","XMIN":725244.86160847,"YMIN":8517263.36992662,"XMAX":725344.86160847,"YMAX":8517363.36992662},"geometry":{"type":"Polygon","coordinates":[[[-72.91896076238872,-13.40376853195782],[-72.91896853741777,-13.402864888683574],[-72.91989159476498,-13.402872498222616],[-72.91988382317854,-13.40377614202839],[-72.91896076238872,-13.40376853195782]]]}},{"type":"Feature","properties":{"Cell_ID":221,"Area_ha":1.0,"LC":"5:1.000000","XMIN":725244.86160847,"YMIN":8517163.36992662,"XMAX":725344.86160847,"YMAX":8517263.36992662},"geometry":{"type":"Polygon","coordinates":[[[-72.91895298678699,-13.404672175163068],[-72.91896076238872,-13.40376853195782],[-72.91988382317854,-13.40377614202839],[-72.91987605101967,-13.404679785765172],[-72.91895298678699,-13.404672175163068]]]}},{"type":"Feature","properties":{"Cell_ID":222,"Area_ha":1.0,"LC":"3:0.273832,5:0.596223,6:0.129945","XMIN":725244.86160847,"YMIN":8517063.36992662,"XMAX":725344.86160847,"YMAX":8517163.36992662},"geometry":{"type":"Polygon","coordinates":[[[-72.91894521061259,-13.405575818299317],[-72.91895298678699,-13.404672175163068],[-72.91987605101967,-13.404679785765172],[-72.91986827828839,-13.405583429432959],[-72.91894521061259,-13.405575818299317]]]}},{"type":"Feature","properties":{"Cell_ID":223,"Area_ha":1.0,"LC":"3:0.424847,6:0.575153","XMIN":725244.86160847,"YMIN":8516963.36992662,"XMAX":725344.86160847,"YMAX":8517063.36992662},"geometry":{"type":"Polygon","coordinates":[[[-72.91893743386551,-13.406479461366565],[-72.91894521061259,-13.405575818299317],[-72.91986827828839,-13.405583429432959],[-72.91986050498468,-13.406487073031746],[-72.91893743386551,-13.406479461366565]]]}},{"type":"Feature","properties":{"Cell_ID":224,"Area_ha":1.0,"LC":"3:0.533924,6:0.466076","XMIN":725244.86160847,"YMIN":8516863.36992662,"XMAX":725344.86160847,"YMAX":8516963.36992662},"geometry":{"type":"Polygon","coordinates":[[[-72.91892965654571,-13.407383104364806],[-72.91893743386551,-13.406479461366565],[-72.91986050498468,-13.406487073031746],[-72.91985273110852,-13.407390716561535],[-72.91892965654571,-13.407383104364806]]]}},{"type":"Feature","properties":{"Cell_ID":225,"Area_ha":1.0,"LC":"3:0.615149,6:0.384851","XMIN":725244.86160847,"YMIN":8516763.36992662,"XMAX":725344.86160847,"YMAX":8516863.36992662},"geometry":{"type":"Polygon","coordinates":[[[-72.91892187865324,-13.408286747294031],[-72.91892965654571,-13.407383104364806],[-72.91985273110852,-13.407390716561535],[-72.9198449566599,-13.40829436002231],[-72.91892187865324,-13.408286747294031]]]}},{"type":"Feature","properties":{"Cell_ID":226,"Area_ha":1.0,"LC":"3:0.624847,6:0.375153","XMIN":725244.86160847,"YMIN":8516663.36992662,"XMAX":725344.86160847,"YMAX":8516763.36992662},"geometry":{"type":"Polygon","coordinates":[[[-72.91891410018802,-13.409190390154246],[-72.91892187865324,-13.408286747294031],[-72.9198449566599,-13.40829436002231],[-72.91983718163881,-13.409198003414076],[-72.91891410018802,-13.409190390154246]]]}},{"type":"Feature","properties":{"Cell_ID":227,"Area_ha":1.0,"LC":"3:0.990567,6:0.009433","XMIN":725244.86160847,"YMIN":8516563.36992662,"XMAX":725344.86160847,"YMAX":8516663.36992662},"geometry":{"type":"Polygon","coordinates":[[[-72.91890632115008,-13.410094032945436],[-72.91891410018802,-13.409190390154246],[-72.91983718163881,-13.409198003414076],[-72.91982940604527,-13.410101646736821],[-72.91890632115008,-13.410094032945436]]]}},{"type":"Feature","properties":{"Cell_ID":228,"Area_ha":1.0,"LC":"3:0.596570,6:0.403430","XMIN":725244.86160847,"YMIN":8516463.36992662,"XMAX":725344.86160847,"YMAX":8516563.36992662},"geometry":{"type":"Polygon","coordinates":[[[-72.9188985415394,-13.410997675667602],[-72.91890632115008,-13.410094032945436],[-72.91982940604527,-13.410101646736821],[-72.91982162987922,-13.41100528999055],[-72.9188985415394,-13.410997675667602]]]}},{"type":"Feature","properties":{"Cell_ID":229,"Area_ha":1.0,"LC":"3:0.700521,6:0.299479","XMIN":725244.86160847,"YMIN":8516363.36992662,"XMAX":725344.86160847,"YMAX":8516463.36992662},"geometry":{"type":"Polygon","coordinates":[[[-72.91889076135598,-13.411901318320739],[-72.9188985415394,-13.410997675667602],[-72.91982162987922,-13.41100528999055],[-72.9198138531407,-13.411908933175251],[-72.91889076135598,-13.411901318320739]]]}},{"type":"Feature","properties":{"Cell_ID":230,"Area_ha":1.0,"LC":"3:1.000000","XMIN":725244.86160847,"YMIN":8516263.36992662,"XMAX":725344.86160847,"YMAX":8516363.36992662},"geometry":{"type":"Polygon","coordinates":[[[-72.91888298059979,-13.412804960904845],[-72.91889076135598,-13.411901318320739],[-72.9198138531407,-13.411908933175251],[-72.91980607582965,-13.412812576290925],[-72.91888298059979,-13.412804960904845]]]}},{"type":"Feature","properties":{"Cell_ID":231,"Area_ha":1.0,"LC":"3:0.851024,6:0.148976","XMIN":725244.86160847,"YMIN":8516163.36992662,"XMAX":725344.86160847,"YMAX":8516263.36992662},"geometry":{"type":"Polygon","coordinates":[[[-72.91887519927084,-13.413708603419908],[-72.91888298059979,-13.412804960904845],[-72.91980607582965,-13.412812576290925],[-72.9197982979461,-13.41371621933756],[-72.91887519927084,-13.413708603419908]]]}},{"type":"Feature","properties":{"Cell_ID":232,"Area_ha":1.0,"LC":"3:0.050046,5:0.108976,6:0.840978","XMIN":725244.86160847,"YMIN":8516063.36992662,"XMAX":725344.86160847,"YMAX":8516163.36992662},"geometry":{"type":"Polygon","coordinates":[[[-72.9188674173691,-13.414612245865932],[-72.91887519927084,-13.413708603419908],[-72.9197982979461,-13.41371621933756],[-72.91979051949001,-13.414619862315163],[-72.9188674173691,-13.414612245865932]]]}},{"type":"Feature","properties":{"Cell_ID":233,"Area_ha":1.0,"LC":"5:0.129085,6:0.504847,13:0.366067","XMIN":725244.86160847,"YMIN":8515963.36992662,"XMAX":725344.86160847,"YMAX":8516063.36992662},"geometry":{"type":"Polygon","coordinates":[[[-72.91885963489459,-13.41551588824291],[-72.9188674173691,-13.414612245865932],[-72.91979051949001,-13.414619862315163],[-72.9197827404614,-13.41552350522372],[-72.91885963489459,-13.41551588824291]]]}},{"type":"Feature","properties":{"Cell_ID":234,"Area_ha":1.0,"LC":"5:0.192688,6:0.171985,13:0.635326","XMIN":725244.86160847,"YMIN":8515863.36992662,"XMAX":725344.86160847,"YMAX":8515963.36992662},"geometry":{"type":"Polygon","coordinates":[[[-72.91885185184726,-13.416419530550835],[-72.91885963489459,-13.41551588824291],[-72.9197827404614,-13.41552350522372],[-72.91977496086024,-13.416427148063228],[-72.91885185184726,-13.416419530550835]]]}},{"type":"Feature","properties":{"Cell_ID":235,"Area_ha":1.0,"LC":"5:0.124674,13:0.875326","XMIN":725244.86160847,"YMIN":8515763.36992662,"XMAX":725344.86160847,"YMAX":8515863.36992662},"geometry":{"type":"Polygon","coordinates":[[[-72.91884406822713,-13.417323172789706],[-72.91885185184726,-13.416419530550835],[-72.91977496086024,-13.416427148063228],[-72.91976718068652,-13.417330790833685],[-72.91884406822713,-13.417323172789706]]]}},{"type":"Feature","properties":{"Cell_ID":236,"Area_ha":1.0,"LC":"5:0.473302,13:0.526698","XMIN":725244.86160847,"YMIN":8515663.36992662,"XMAX":725344.86160847,"YMAX":8515763.36992662},"geometry":{"type":"Polygon","coordinates":[[[-72.91883628403419,-13.418226814959516],[-72.91884406822713,-13.417323172789706],[-72.91976718068652,-13.417330790833685],[-72.91975939994023,-13.418234433535085],[-72.91883628403419,-13.418226814959516]]]}},{"type":"Feature","properties":{"Cell_ID":237,"Area_ha":1.0,"LC":"13:1.000000","XMIN":725244.86160847,"YMIN":8515563.36992662,"XMAX":725344.86160847,"YMAX":8515663.36992662},"geometry":{"type":"Polygon","coordinates":[[[-72.9188284992684,-13.41913045706026],[-72.91883628403419,-13.418226814959516],[-72.91975939994023,-13.418234433535085],[-72.91975161862138,-13.419138076167426],[-72.9188284992684,-13.41913045706026]]]}},{"type":"Feature","properties":{"Cell_ID":238,"Area_ha":1.0,"LC":"13:1.000000","XMIN":725244.86160847,"YMIN":8515463.36992662,"XMAX":725344.86160847,"YMAX":8515563.36992662},"geometry":{"type":"Polygon","coordinates":[[[-72.91882071392978,-13.420034099091938],[-72.9188284992684,-13.41913045706026],[-72.91975161862138,-13.419138076167426],[-72.91974383672992,-13.420041718730705],[-72.91882071392978,-13.420034099091938]]]}},{"type":"Feature","properties":{"Cell_ID":239,"Area_ha":1.0,"LC":"9:0.160000,13:0.840000","XMIN":725244.86160847,"YMIN":8515363.36992662,"XMAX":725344.86160847,"YMAX":8515463.36992662},"geometry":{"type":"Polygon","coordinates":[[[-72.9188129280183,-13.42093774105454],[-72.91882071392978,-13.420034099091938],[-72.91974383672992,-13.420041718730705],[-72.91973605426588,-13.420945361224911],[-72.9188129280183,-13.42093774105454]]]}},{"type":"Feature","properties":{"Cell_ID":240,"Area_ha":1.0,"LC":"13:1.000000","XMIN":725244.86160847,"YMIN":8515263.36992662,"XMAX":725344.86160847,"YMAX":8515363.36992662},"geometry":{"type":"Polygon","coordinates":[[[-72.91880514153397,-13.42184138294807],[-72.9188129280183,-13.42093774105454],[-72.91973605426588,-13.420945361224911],[-72.91972827122923,-13.421849003650046],[-72.91880514153397,-13.42184138294807]]]}},{"type":"Feature","properties":{"Cell_ID":241,"Area_ha":1.0,"LC":"16:0.187800,17:0.450145","XMIN":725344.86160847,"YMIN":8519263.36992662,"XMAX":725444.86160847,"YMAX":8519363.36992662},"geometry":{"type":"Polygon","coordinates":[[[-72.91819316276339,-13.385688050563315],[-72.91820092977876,-13.38478440644179],[-72.91912391775458,-13.38479200871664],[-72.9191161541767,-13.385695653369854],[-72.91819316276339,-13.385688050563315]]]}},{"type":"Feature","properties":{"Cell_ID":242,"Area_ha":1.0,"LC":"13:0.051719,16:0.948281","XMIN":725344.86160847,"YMIN":8519163.36992662,"XMAX":725444.86160847,"YMAX":8519263.36992662},"geometry":{"type":"Polygon","coordinates":[[[-72.91818539517527,-13.386591694615923],[-72.91819316276339,-13.385688050563315],[-72.9191161541767,-13.385695653369854],[-72.91910839002638,-13.386599297954158],[-72.91818539517527,-13.386591694615923]]]}},{"type":"Feature","properties":{"Cell_ID":243,"Area_ha":1.0,"LC":"13:0.058848,16:0.941152","XMIN":725344.86160847,"YMIN":8519063.36992662,"XMAX":725444.86160847,"YMAX":8519163.36992662},"geometry":{"type":"Polygon","coordinates":[[[-72.91817762701443,-13.387495338599624],[-72.91818539517527,-13.386591694615923],[-72.91910839002638,-13.386599297954158],[-72.91910062530359,-13.387502942469554],[-72.91817762701443,-13.387495338599624]]]}},{"type":"Feature","properties":{"Cell_ID":244,"Area_ha":1.0,"LC":"13:0.266423,16:0.733577","XMIN":725344.86160847,"YMIN":8518963.36992662,"XMAX":725444.86160847,"YMAX":8519063.36992662},"geometry":{"type":"Polygon","coordinates":[[[-72.91816985828086,-13.3883989825144],[-72.91817762701443,-13.387495338599624],[-72.91910062530359,-13.387502942469554],[-72.9190928600083,-13.388406586916028],[-72.91816985828086,-13.3883989825144]]]}},{"type":"Feature","properties":{"Cell_ID":245,"Area_ha":1.0,"LC":"5:0.251271,13:0.748729","XMIN":725344.86160847,"YMIN":8518863.36992662,"XMAX":725444.86160847,"YMAX":8518963.36992662},"geometry":{"type":"Polygon","coordinates":[[[-72.91816208897454,-13.389302626360251],[-72.91816985828086,-13.3883989825144],[-72.9190928600083,-13.388406586916028],[-72.91908509414053,-13.389310231293587],[-72.91816208897454,-13.389302626360251]]]}},{"type":"Feature","properties":{"Cell_ID":246,"Area_ha":1.0,"LC":"5:0.904847,13:0.095153","XMIN":725344.86160847,"YMIN":8518763.36992662,"XMAX":725444.86160847,"YMAX":8518863.36992662},"geometry":{"type":"Polygon","coordinates":[[[-72.91815431909546,-13.390206270137178],[-72.91816208897454,-13.389302626360251],[-72.91908509414053,-13.389310231293587],[-72.91907732770025,-13.390213875602221],[-72.91815431909546,-13.390206270137178]]]}},{"type":"Feature","properties":{"Cell_ID":247,"Area_ha":1.0,"LC":"5:0.651985,13:0.348015","XMIN":725344.86160847,"YMIN":8518663.36992662,"XMAX":725444.86160847,"YMAX":8518763.36992662},"geometry":{"type":"Polygon","coordinates":[[[-72.91814654864362,-13.391109913845172],[-72.91815431909546,-13.390206270137178],[-72.91907732770025,-13.390213875602221],[-72.91906956068746,-13.391117519841925],[-72.91814654864362,-13.391109913845172]]]}},{"type":"Feature","properties":{"Cell_ID":248,"Area_ha":1.0,"LC":"5:0.618582,13:0.381418","XMIN":725344.86160847,"YMIN":8518563.36992662,"XMAX":725444.86160847,"YMAX":8518663.36992662},"geometry":{"type":"Polygon","coordinates":[[[-72.91813877761902,-13.392013557484226],[-72.91814654864362,-13.391109913845172],[-72.91906956068746,-13.391117519841925],[-72.91906179310214,-13.392021164012695],[-72.91813877761902,-13.392013557484226]]]}},{"type":"Feature","properties":{"Cell_ID":249,"Area_ha":1.0,"LC":"5:1.000000","XMIN":725344.86160847,"YMIN":8518463.36992662,"XMAX":725444.86160847,"YMAX":8518563.36992662},"geometry":{"type":"Polygon","coordinates":[[[-72.9181310060216,-13.39291720105434],[-72.91813877761902,-13.392013557484226],[-72.91906179310214,-13.392021164012695],[-72.9190540249443,-13.392924808114529],[-72.9181310060216,-13.39291720105434]]]}},{"type":"Feature","properties":{"Cell_ID":250,"Area_ha":1.0,"LC":"5:1.000000","XMIN":725344.86160847,"YMIN":8518363.36992662,"XMAX":725444.86160847,"YMAX":8518463.36992662},"geometry":{"type":"Polygon","coordinates":[[[-72.91812323385139,-13.393820844555508],[-72.9181310060216,-13.39291720105434],[-72.9190540249443,-13.392924808114529],[-72.91904625621389,-13.393828452147421],[-72.91812323385139,-13.393820844555508]]]}},{"type":"Feature","properties":{"Cell_ID":251,"Area_ha":1.0,"LC":"5:0.767760,13:0.232240","XMIN":725344.86160847,"YMIN":8518263.36992662,"XMAX":725444.86160847,"YMAX":8518363.36992662},"geometry":{"type":"Polygon","coordinates":[[[-72.91811546110837,-13.394724487987725],[-72.91812323385139,-13.393820844555508],[-72.91904625621389,-13.393828452147421],[-72.91903848691096,-13.394732096111367],[-72.91811546110837,-13.394724487987725]]]}},{"type":"Feature","properties":{"Cell_ID":252,"Area_ha":1.0,"LC":"5:0.009433,13:0.990567","XMIN":725344.86160847,"YMIN":8518163.36992662,"XMAX":725444.86160847,"YMAX":8518263.36992662},"geometry":{"type":"Polygon","coordinates":[[[-72.91810768779254,-13.395628131350989],[-72.91811546110837,-13.394724487987725],[-72.91903848691096,-13.394732096111367],[-72.91903071703544,-13.395635740006362],[-72.91810768779254,-13.395628131350989]]]}},{"type":"Feature","properties":{"Cell_ID":253,"Area_ha":1.0,"LC":"13:1.000000","XMIN":725344.86160847,"YMIN":8518063.36992662,"XMAX":725444.86160847,"YMAX":8518163.36992662},"geometry":{"type":"Polygon","coordinates":[[[-72.91809991390389,-13.396531774645293],[-72.91810768779254,-13.395628131350989],[-72.91903071703544,-13.395635740006362],[-72.91902294658735,-13.396539383832401],[-72.91809991390389,-13.396531774645293]]]}},{"type":"Feature","properties":{"Cell_ID":254,"Area_ha":1.0,"LC":"13:1.000000","XMIN":725344.86160847,"YMIN":8517963.36992662,"XMAX":725444.86160847,"YMAX":8518063.36992662},"geometry":{"type":"Polygon","coordinates":[[[-72.9180921394424,-13.397435417870634],[-72.91809991390389,-13.396531774645293],[-72.91902294658735,-13.396539383832401],[-72.91901517556667,-13.397443027589482],[-72.9180921394424,-13.397435417870634]]]}},{"type":"Feature","properties":{"Cell_ID":255,"Area_ha":1.0,"LC":"5:0.100869,13:0.899131","XMIN":725344.86160847,"YMIN":8517863.36992662,"XMAX":725444.86160847,"YMAX":8517963.36992662},"geometry":{"type":"Polygon","coordinates":[[[-72.91808436440805,-13.398339061027013],[-72.9180921394424,-13.397435417870634],[-72.91901517556667,-13.397443027589482],[-72.91900740397341,-13.3983466712776],[-72.91808436440805,-13.398339061027013]]]}},{"type":"Feature","properties":{"Cell_ID":256,"Area_ha":1.0,"LC":"5:1.000000","XMIN":725344.86160847,"YMIN":8517763.36992662,"XMAX":725444.86160847,"YMAX":8517863.36992662},"geometry":{"type":"Polygon","coordinates":[[[-72.91807658880084,-13.399242704114414],[-72.91808436440805,-13.398339061027013],[-72.91900740397341,-13.3983466712776],[-72.91899963180754,-13.399250314896749],[-72.91807658880084,-13.399242704114414]]]}},{"type":"Feature","properties":{"Cell_ID":257,"Area_ha":1.0,"LC":"5:0.775948,13:0.224052","XMIN":725344.86160847,"YMIN":8517663.36992662,"XMAX":725444.86160847,"YMAX":8517763.36992662},"geometry":{"type":"Polygon","coordinates":[[[-72.91806881262077,-13.400146347132837],[-72.91807658880084,-13.399242704114414],[-72.91899963180754,-13.399250314896749],[-72.91899185906904,-13.400153958446925],[-72.91806881262077,-13.400146347132837]]]}},{"type":"Feature","properties":{"Cell_ID":258,"Area_ha":1.0,"LC":"5:0.892515,13:0.107485","XMIN":725344.86160847,"YMIN":8517563.36992662,"XMAX":725444.86160847,"YMAX":8517663.36992662},"geometry":{"type":"Polygon","coordinates":[[[-72.9180610358678,-13.401049990082285],[-72.91806881262077,-13.400146347132837],[-72.91899185906904,-13.400153958446925],[-72.91898408575793,-13.401057601928123],[-72.9180610358678,-13.401049990082285]]]}},{"type":"Feature","properties":{"Cell_ID":259,"Area_ha":1.0,"LC":"5:0.852333,13:0.147667","XMIN":725344.86160847,"YMIN":8517463.36992662,"XMAX":725444.86160847,"YMAX":8517563.36992662},"geometry":{"type":"Polygon","coordinates":[[[-72.91805325854196,-13.401953632962744],[-72.9180610358678,-13.401049990082285],[-72.91898408575793,-13.401057601928123],[-72.91897631187416,-13.401961245340345],[-72.91805325854196,-13.401953632962744]]]}},{"type":"Feature","properties":{"Cell_ID":260,"Area_ha":1.0,"LC":"5:0.525373,13:0.474627","XMIN":725344.86160847,"YMIN":8517363.36992662,"XMAX":725444.86160847,"YMAX":8517463.36992662},"geometry":{"type":"Polygon","coordinates":[[[-72.91804548064322,-13.402857275774215],[-72.91805325854196,-13.401953632962744],[-72.91897631187416,-13.401961245340345],[-72.91896853741777,-13.402864888683574],[-72.91804548064322,-13.402857275774215]]]}},{"type":"Feature","properties":{"Cell_ID":261,"Area_ha":1.0,"LC":"5:0.848984,13:0.151016","XMIN":725344.86160847,"YMIN":8517263.36992662,"XMAX":725444.86160847,"YMAX":8517363.36992662},"geometry":{"type":"Polygon","coordinates":[[[-72.91803770217156,-13.403760918516694],[-72.91804548064322,-13.402857275774215],[-72.91896853741777,-13.402864888683574],[-72.91896076238872,-13.40376853195782],[-72.91803770217156,-13.403760918516694]]]}},{"type":"Feature","properties":{"Cell_ID":262,"Area_ha":1.0,"LC":"3:0.030750,5:0.969250","XMIN":725344.86160847,"YMIN":8517163.36992662,"XMAX":725444.86160847,"YMAX":8517263.36992662},"geometry":{"type":"Polygon","coordinates":[[[-72.918029923127,-13.404664561190174],[-72.91803770217156,-13.403760918516694],[-72.91896076238872,-13.40376853195782],[-72.91895298678699,-13.404672175163068],[-72.918029923127,-13.404664561190174]]]}},{"type":"Feature","properties":{"Cell_ID":263,"Area_ha":1.0,"LC":"3:0.832058,5:0.167942","XMIN":725344.86160847,"YMIN":8517063.36992662,"XMAX":725444.86160847,"YMAX":8517163.36992662},"geometry":{"type":"Polygon","coordinates":[[[-72.91802214350948,-13.40556820379465],[-72.918029923127,-13.404664561190174],[-72.91895298678699,-13.404672175163068],[-72.91894521061259,-13.405575818299317],[-72.91802214350948,-13.40556820379465]]]}},{"type":"Feature","properties":{"Cell_ID":264,"Area_ha":1.0,"LC":"3:1.000000","XMIN":725344.86160847,"YMIN":8516963.36992662,"XMAX":725444.86160847,"YMAX":8517063.36992662},"geometry":{"type":"Polygon","coordinates":[[[-72.91801436331903,-13.40647184633012],[-72.91802214350948,-13.40556820379465],[-72.91894521061259,-13.405575818299317],[-72.91893743386551,-13.406479461366565],[-72.91801436331903,-13.40647184633012]]]}},{"type":"Feature","properties":{"Cell_ID":265,"Area_ha":1.0,"LC":"3:0.970228,6:0.029772","XMIN":725344.86160847,"YMIN":8516863.36992662,"XMAX":725444.86160847,"YMAX":8516963.36992662},"geometry":{"type":"Polygon","coordinates":[[[-72.91800658255563,-13.407375488796582],[-72.91801436331903,-13.40647184633012],[-72.91893743386551,-13.406479461366565],[-72.91892965654571,-13.407383104364806],[-72.91800658255563,-13.407375488796582]]]}},{"type":"Feature","properties":{"Cell_ID":266,"Area_ha":1.0,"LC":"3:0.970741,6:0.029259","XMIN":725344.86160847,"YMIN":8516763.36992662,"XMAX":725444.86160847,"YMAX":8516863.36992662},"geometry":{"type":"Polygon","coordinates":[[[-72.91799880121927,-13.40827913119402],[-72.91800658255563,-13.407375488796582],[-72.91892965654571,-13.407383104364806],[-72.91892187865324,-13.408286747294031],[-72.91799880121927,-13.40827913119402]]]}},{"type":"Feature","properties":{"Cell_ID":267,"Area_ha":1.0,"LC":"3:0.959653,6:0.040347","XMIN":725344.86160847,"YMIN":8516663.36992662,"XMAX":725444.86160847,"YMAX":8516763.36992662},"geometry":{"type":"Polygon","coordinates":[[[-72.91799101930995,-13.409182773522446],[-72.91799880121927,-13.40827913119402],[-72.91892187865324,-13.408286747294031],[-72.91891410018802,-13.409190390154246],[-72.91799101930995,-13.409182773522446]]]}},{"type":"Feature","properties":{"Cell_ID":268,"Area_ha":1.0,"LC":"3:0.327312,6:0.672688","XMIN":725344.86160847,"YMIN":8516563.36992662,"XMAX":725444.86160847,"YMAX":8516663.36992662},"geometry":{"type":"Polygon","coordinates":[[[-72.91798323682764,-13.410086415781846],[-72.91799101930995,-13.409182773522446],[-72.91891410018802,-13.409190390154246],[-72.91890632115008,-13.410094032945436],[-72.91798323682764,-13.410086415781846]]]}},{"type":"Feature","properties":{"Cell_ID":269,"Area_ha":1.0,"LC":"3:0.311097,6:0.688903","XMIN":725344.86160847,"YMIN":8516463.36992662,"XMAX":725444.86160847,"YMAX":8516563.36992662},"geometry":{"type":"Polygon","coordinates":[[[-72.91797545377233,-13.410990057972217],[-72.91798323682764,-13.410086415781846],[-72.91890632115008,-13.410094032945436],[-72.9188985415394,-13.410997675667602],[-72.91797545377233,-13.410990057972217]]]}},{"type":"Feature","properties":{"Cell_ID":270,"Area_ha":1.0,"LC":"3:1.000000","XMIN":725344.86160847,"YMIN":8516363.36992662,"XMAX":725444.86160847,"YMAX":8516463.36992662},"geometry":{"type":"Polygon","coordinates":[[[-72.91796767014402,-13.41189370009355],[-72.91797545377233,-13.410990057972217],[-72.9188985415394,-13.410997675667602],[-72.91889076135598,-13.411901318320739],[-72.91796767014402,-13.41189370009355]]]}},{"type":"Feature","properties":{"Cell_ID":271,"Area_ha":1.0,"LC":"3:1.000000","XMIN":725344.86160847,"YMIN":8516263.36992662,"XMAX":725444.86160847,"YMAX":8516363.36992662},"geometry":{"type":"Polygon","coordinates":[[[-72.91795988594271,-13.412797342145852],[-72.91796767014402,-13.41189370009355],[-72.91889076135598,-13.411901318320739],[-72.91888298059979,-13.412804960904845],[-72.91795988594271,-13.412797342145852]]]}},{"type":"Feature","properties":{"Cell_ID":272,"Area_ha":1.0,"LC":"3:1.000000","XMIN":725344.86160847,"YMIN":8516163.36992662,"XMAX":725444.86160847,"YMAX":8516263.36992662},"geometry":{"type":"Polygon","coordinates":[[[-72.91795210116837,-13.41370098412911],[-72.91795988594271,-13.412797342145852],[-72.91888298059979,-13.412804960904845],[-72.91887519927084,-13.413708603419908],[-72.91795210116837,-13.41370098412911]]]}},{"type":"Feature","properties":{"Cell_ID":273,"Area_ha":1.0,"LC":"3:0.099131,6:0.900869","XMIN":725344.86160847,"YMIN":8516063.36992662,"XMAX":725444.86160847,"YMAX":8516163.36992662},"geometry":{"type":"Polygon","coordinates":[[[-72.91794431582099,-13.414604626043323],[-72.91795210116837,-13.41370098412911],[-72.91887519927084,-13.413708603419908],[-72.9188674173691,-13.414612245865932],[-72.91794431582099,-13.414604626043323]]]}},{"type":"Feature","properties":{"Cell_ID":274,"Area_ha":1.0,"LC":"3:0.254454,6:0.565025,7:0.180521","XMIN":725344.86160847,"YMIN":8515963.36992662,"XMAX":725444.86160847,"YMAX":8516063.36992662},"geometry":{"type":"Polygon","coordinates":[[[-72.91793652990057,-13.415508267888487],[-72.91794431582099,-13.414604626043323],[-72.9188674173691,-13.414612245865932],[-72.91885963489459,-13.41551588824291],[-72.91793652990057,-13.415508267888487]]]}},{"type":"Feature","properties":{"Cell_ID":275,"Area_ha":1.0,"LC":"3:0.041143,5:0.047659,6:0.487494,7:0.423704","XMIN":725344.86160847,"YMIN":8515863.36992662,"XMAX":725444.86160847,"YMAX":8515963.36992662},"geometry":{"type":"Polygon","coordinates":[[[-72.9179287434071,-13.416411909664589],[-72.91793652990057,-13.415508267888487],[-72.91885963489459,-13.41551588824291],[-72.91885185184726,-13.416419530550835],[-72.9179287434071,-13.416411909664589]]]}},{"type":"Feature","properties":{"Cell_ID":276,"Area_ha":1.0,"LC":"3:0.133128,5:0.155326,6:0.139826,7:0.571719","XMIN":725344.86160847,"YMIN":8515763.36992662,"XMAX":725444.86160847,"YMAX":8515863.36992662},"geometry":{"type":"Polygon","coordinates":[[[-72.91792095634057,-13.417315551371638],[-72.9179287434071,-13.416411909664589],[-72.91885185184726,-13.416419530550835],[-72.91884406822713,-13.417323172789706],[-72.91792095634057,-13.417315551371638]]]}},{"type":"Feature","properties":{"Cell_ID":277,"Area_ha":1.0,"LC":"5:0.387320,7:0.069873,13:0.542807","XMIN":725344.86160847,"YMIN":8515663.36992662,"XMAX":725444.86160847,"YMAX":8515763.36992662},"geometry":{"type":"Polygon","coordinates":[[[-72.91791316870096,-13.418219193009625],[-72.91792095634057,-13.417315551371638],[-72.91884406822713,-13.417323172789706],[-72.91883628403419,-13.418226814959516],[-72.91791316870096,-13.418219193009625]]]}},{"type":"Feature","properties":{"Cell_ID":278,"Area_ha":1.0,"LC":"13:1.000000","XMIN":725344.86160847,"YMIN":8515563.36992662,"XMAX":725444.86160847,"YMAX":8515663.36992662},"geometry":{"type":"Polygon","coordinates":[[[-72.91790538048828,-13.41912283457854],[-72.91791316870096,-13.418219193009625],[-72.91883628403419,-13.418226814959516],[-72.9188284992684,-13.41913045706026],[-72.91790538048828,-13.41912283457854]]]}},{"type":"Feature","properties":{"Cell_ID":279,"Area_ha":1.0,"LC":"9:0.314179,13:0.685821","XMIN":725344.86160847,"YMIN":8515463.36992662,"XMAX":725444.86160847,"YMAX":8515563.36992662},"geometry":{"type":"Polygon","coordinates":[[[-72.91789759170248,-13.420026476078382],[-72.91790538048828,-13.41912283457854],[-72.9188284992684,-13.41913045706026],[-72.91882071392978,-13.420034099091938],[-72.91789759170248,-13.420026476078382]]]}},{"type":"Feature","properties":{"Cell_ID":280,"Area_ha":1.0,"LC":"9:0.611638,13:0.388362","XMIN":725344.86160847,"YMIN":8515363.36992662,"XMAX":725444.86160847,"YMAX":8515463.36992662},"geometry":{"type":"Polygon","coordinates":[[[-72.9178898023436,-13.42093011750915],[-72.91789759170248,-13.420026476078382],[-72.91882071392978,-13.420034099091938],[-72.9188129280183,-13.42093774105454],[-72.9178898023436,-13.42093011750915]]]}},{"type":"Feature","properties":{"Cell_ID":281,"Area_ha":1.0,"LC":"13:1.000000","XMIN":725344.86160847,"YMIN":8515263.36992662,"XMAX":725444.86160847,"YMAX":8515363.36992662},"geometry":{"type":"Polygon","coordinates":[[[-72.9178820124116,-13.421833758870834],[-72.9178898023436,-13.42093011750915],[-72.9188129280183,-13.42093774105454],[-72.91880514153397,-13.42184138294807],[-72.9178820124116,-13.421833758870834]]]}},{"type":"Feature","properties":{"Cell_ID":282,"Area_ha":1.0,"LC":"13:0.249150,16:0.680978,17:0.069873","XMIN":725444.86160847,"YMIN":8519163.36992662,"XMAX":725544.86160847,"YMAX":8519263.36992662},"geometry":{"type":"Polygon","coordinates":[[[-72.91726240089689,-13.386584087911618],[-72.91727017192277,-13.385680444390935],[-72.91819316276339,-13.385688050563315],[-72.91818539517527,-13.386591694615923],[-72.91726240089689,-13.386584087911618]]]}},{"type":"Feature","properties":{"Cell_ID":283,"Area_ha":1.0,"LC":"13:0.388911,16:0.611089","XMIN":725444.86160847,"YMIN":8519063.36992662,"XMAX":725544.86160847,"YMAX":8519163.36992662},"geometry":{"type":"Polygon","coordinates":[[[-72.91725462929803,-13.387487731363386],[-72.91726240089689,-13.386584087911618],[-72.91818539517527,-13.386591694615923],[-72.91817762701443,-13.387495338599624],[-72.91725462929803,-13.387487731363386]]]}},{"type":"Feature","properties":{"Cell_ID":284,"Area_ha":1.0,"LC":"13:0.029772,16:0.970228","XMIN":725444.86160847,"YMIN":8518963.36992662,"XMAX":725544.86160847,"YMAX":8519063.36992662},"geometry":{"type":"Polygon","coordinates":[[[-72.91724685712617,-13.388391374746224],[-72.91725462929803,-13.387487731363386],[-72.91817762701443,-13.387495338599624],[-72.91816985828086,-13.3883989825144],[-72.91724685712617,-13.388391374746224]]]}},{"type":"Feature","properties":{"Cell_ID":285,"Area_ha":1.0,"LC":"5:0.029772,13:0.265381,16:0.704847","XMIN":725444.86160847,"YMIN":8518863.36992662,"XMAX":725544.86160847,"YMAX":8518963.36992662},"geometry":{"type":"Polygon","coordinates":[[[-72.91723908438132,-13.389295018060137],[-72.91724685712617,-13.388391374746224],[-72.91816985828086,-13.3883989825144],[-72.91816208897454,-13.389302626360251],[-72.91723908438132,-13.389295018060137]]]}},{"type":"Feature","properties":{"Cell_ID":286,"Area_ha":1.0,"LC":"5:0.655500,16:0.344500","XMIN":725444.86160847,"YMIN":8518763.36992662,"XMAX":725544.86160847,"YMAX":8518863.36992662},"geometry":{"type":"Polygon","coordinates":[[[-72.91723131106346,-13.390198661305119],[-72.91723908438132,-13.389295018060137],[-72.91816208897454,-13.389302626360251],[-72.91815431909546,-13.390206270137178],[-72.91723131106346,-13.390198661305119]]]}},{"type":"Feature","properties":{"Cell_ID":287,"Area_ha":1.0,"LC":"5:0.700804,13:0.268976,16:0.030220","XMIN":725444.86160847,"YMIN":8518663.36992662,"XMAX":725544.86160847,"YMAX":8518763.36992662},"geometry":{"type":"Polygon","coordinates":[[[-72.91722353717257,-13.391102304481166],[-72.91723131106346,-13.390198661305119],[-72.91815431909546,-13.390206270137178],[-72.91814654864362,-13.391109913845172],[-72.91722353717257,-13.391102304481166]]]}},{"type":"Feature","properties":{"Cell_ID":288,"Area_ha":1.0,"LC":"5:0.592854,13:0.407146","XMIN":725444.86160847,"YMIN":8518563.36992662,"XMAX":725544.86160847,"YMAX":8518663.36992662},"geometry":{"type":"Polygon","coordinates":[[[-72.91721576270866,-13.392005947588268],[-72.91722353717257,-13.391102304481166],[-72.91814654864362,-13.391109913845172],[-72.91813877761902,-13.392013557484226],[-72.91721576270866,-13.392005947588268]]]}},{"type":"Feature","properties":{"Cell_ID":289,"Area_ha":1.0,"LC":"5:1.000000","XMIN":725444.86160847,"YMIN":8518463.36992662,"XMAX":725544.86160847,"YMAX":8518563.36992662},"geometry":{"type":"Polygon","coordinates":[[[-72.9172079876717,-13.392909590626427],[-72.91721576270866,-13.392005947588268],[-72.91813877761902,-13.392013557484226],[-72.9181310060216,-13.39291720105434],[-72.9172079876717,-13.392909590626427]]]}},{"type":"Feature","properties":{"Cell_ID":290,"Area_ha":1.0,"LC":"5:1.000000","XMIN":725444.86160847,"YMIN":8518363.36992662,"XMAX":725544.86160847,"YMAX":8518463.36992662},"geometry":{"type":"Polygon","coordinates":[[[-72.9172002120617,-13.393813233595637],[-72.9172079876717,-13.392909590626427],[-72.9181310060216,-13.39291720105434],[-72.91812323385139,-13.393820844555508],[-72.9172002120617,-13.393813233595637]]]}},{"type":"Feature","properties":{"Cell_ID":291,"Area_ha":1.0,"LC":"5:0.417193,13:0.582807","XMIN":725444.86160847,"YMIN":8518263.36992662,"XMAX":725544.86160847,"YMAX":8518363.36992662},"geometry":{"type":"Polygon","coordinates":[[[-72.91719243587863,-13.394716876495893],[-72.9172002120617,-13.393813233595637],[-72.91812323385139,-13.393820844555508],[-72.91811546110837,-13.394724487987725],[-72.91719243587863,-13.394716876495893]]]}},{"type":"Feature","properties":{"Cell_ID":292,"Area_ha":1.0,"LC":"13:1.000000","XMIN":725444.86160847,"YMIN":8518163.36992662,"XMAX":725544.86160847,"YMAX":8518263.36992662},"geometry":{"type":"Polygon","coordinates":[[[-72.9171846591225,-13.39562051932719],[-72.91719243587863,-13.394716876495893],[-72.91811546110837,-13.394724487987725],[-72.91810768779254,-13.395628131350989],[-72.9171846591225,-13.39562051932719]]]}},{"type":"Feature","properties":{"Cell_ID":293,"Area_ha":1.0,"LC":"9:0.041939,13:0.958061","XMIN":725444.86160847,"YMIN":8518063.36992662,"XMAX":725544.86160847,"YMAX":8518163.36992662},"geometry":{"type":"Polygon","coordinates":[[[-72.91717688179328,-13.396524162089523],[-72.9171846591225,-13.39562051932719],[-72.91810768779254,-13.395628131350989],[-72.91809991390389,-13.396531774645293],[-72.91717688179328,-13.396524162089523]]]}},{"type":"Feature","properties":{"Cell_ID":294,"Area_ha":1.0,"LC":"5:0.020969,13:0.979031","XMIN":725444.86160847,"YMIN":8517963.36992662,"XMAX":725544.86160847,"YMAX":8518063.36992662},"geometry":{"type":"Polygon","coordinates":[[[-72.91716910389096,-13.397427804782891],[-72.91717688179328,-13.396524162089523],[-72.91809991390389,-13.396531774645293],[-72.9180921394424,-13.397435417870634],[-72.91716910389096,-13.397427804782891]]]}},{"type":"Feature","properties":{"Cell_ID":295,"Area_ha":1.0,"LC":"5:0.009598,13:0.990402","XMIN":725444.86160847,"YMIN":8517863.36992662,"XMAX":725544.86160847,"YMAX":8517963.36992662},"geometry":{"type":"Polygon","coordinates":[[[-72.91716132541553,-13.39833144740729],[-72.91716910389096,-13.397427804782891],[-72.9180921394424,-13.397435417870634],[-72.91808436440805,-13.398339061027013],[-72.91716132541553,-13.39833144740729]]]}},{"type":"Feature","properties":{"Cell_ID":296,"Area_ha":1.0,"LC":"5:0.335153,13:0.664847","XMIN":725444.86160847,"YMIN":8517763.36992662,"XMAX":725544.86160847,"YMAX":8517863.36992662},"geometry":{"type":"Polygon","coordinates":[[[-72.91715354636702,-13.39923508996271],[-72.91716132541553,-13.39833144740729],[-72.91808436440805,-13.398339061027013],[-72.91807658880084,-13.399242704114414],[-72.91715354636702,-13.39923508996271]]]}},{"type":"Feature","properties":{"Cell_ID":297,"Area_ha":1.0,"LC":"5:0.099378,13:0.900622","XMIN":725444.86160847,"YMIN":8517663.36992662,"XMAX":725544.86160847,"YMAX":8517763.36992662},"geometry":{"type":"Polygon","coordinates":[[[-72.91714576674536,-13.400138732449149],[-72.91715354636702,-13.39923508996271],[-72.91807658880084,-13.399242704114414],[-72.91806881262077,-13.400146347132837],[-72.91714576674536,-13.400138732449149]]]}},{"type":"Feature","properties":{"Cell_ID":298,"Area_ha":1.0,"LC":"5:0.847045,13:0.152955","XMIN":725444.86160847,"YMIN":8517563.36992662,"XMAX":725544.86160847,"YMAX":8517663.36992662},"geometry":{"type":"Polygon","coordinates":[[[-72.91713798655059,-13.401042374866607],[-72.91714576674536,-13.400138732449149],[-72.91806881262077,-13.400146347132837],[-72.9180610358678,-13.401049990082285],[-72.91713798655059,-13.401042374866607]]]}},{"type":"Feature","properties":{"Cell_ID":299,"Area_ha":1.0,"LC":"5:1.000000","XMIN":725444.86160847,"YMIN":8517463.36992662,"XMAX":725544.86160847,"YMAX":8517563.36992662},"geometry":{"type":"Polygon","coordinates":[[[-72.91713020578264,-13.401946017215074],[-72.91713798655059,-13.401042374866607],[-72.9180610358678,-13.401049990082285],[-72.91805325854196,-13.401953632962744],[-72.91713020578264,-13.401946017215074]]]}},{"type":"Feature","properties":{"Cell_ID":300,"Area_ha":1.0,"LC":"5:0.312789,13:0.687211","XMIN":725444.86160847,"YMIN":8517363.36992662,"XMAX":725544.86160847,"YMAX":8517463.36992662},"geometry":{"type":"Polygon","coordinates":[[[-72.91712242444157,-13.402849659494548],[-72.91713020578264,-13.401946017215074],[-72.91805325854196,-13.401953632962744],[-72.91804548064322,-13.402857275774215],[-72.91712242444157,-13.402849659494548]]]}},{"type":"Feature","properties":{"Cell_ID":301,"Area_ha":1.0,"LC":"5:0.832058,13:0.167942","XMIN":725444.86160847,"YMIN":8517263.36992662,"XMAX":725544.86160847,"YMAX":8517363.36992662},"geometry":{"type":"Polygon","coordinates":[[[-72.91711464252732,-13.403753301705025],[-72.91712242444157,-13.402849659494548],[-72.91804548064322,-13.402857275774215],[-72.91803770217156,-13.403760918516694],[-72.91711464252732,-13.403753301705025]]]}},{"type":"Feature","properties":{"Cell_ID":302,"Area_ha":1.0,"LC":"3:0.363777,5:0.636223","XMIN":725444.86160847,"YMIN":8517163.36992662,"XMAX":725544.86160847,"YMAX":8517263.36992662},"geometry":{"type":"Polygon","coordinates":[[[-72.91710686003991,-13.404656943846499],[-72.91711464252732,-13.403753301705025],[-72.91803770217156,-13.403760918516694],[-72.918029923127,-13.404664561190174],[-72.91710686003991,-13.404656943846499]]]}},{"type":"Feature","properties":{"Cell_ID":303,"Area_ha":1.0,"LC":"3:1.000000","XMIN":725444.86160847,"YMIN":8517063.36992662,"XMAX":725544.86160847,"YMAX":8517163.36992662},"geometry":{"type":"Polygon","coordinates":[[[-72.91709907697931,-13.405560585918966],[-72.91710686003991,-13.404656943846499],[-72.918029923127,-13.404664561190174],[-72.91802214350948,-13.40556820379465],[-72.91709907697931,-13.405560585918966]]]}},{"type":"Feature","properties":{"Cell_ID":304,"Area_ha":1.0,"LC":"3:1.000000","XMIN":725444.86160847,"YMIN":8516963.36992662,"XMAX":725544.86160847,"YMAX":8517063.36992662},"geometry":{"type":"Polygon","coordinates":[[[-72.91709129334552,-13.406464227922426],[-72.91709907697931,-13.405560585918966],[-72.91802214350948,-13.40556820379465],[-72.91801436331903,-13.40647184633012],[-72.91709129334552,-13.406464227922426]]]}},{"type":"Feature","properties":{"Cell_ID":305,"Area_ha":1.0,"LC":"3:1.000000","XMIN":725444.86160847,"YMIN":8516863.36992662,"XMAX":725544.86160847,"YMAX":8516963.36992662},"geometry":{"type":"Polygon","coordinates":[[[-72.91708350913851,-13.407367869856868],[-72.91709129334552,-13.406464227922426],[-72.91801436331903,-13.40647184633012],[-72.91800658255563,-13.407375488796582],[-72.91708350913851,-13.407367869856868]]]}},{"type":"Feature","properties":{"Cell_ID":306,"Area_ha":1.0,"LC":"3:1.000000","XMIN":725444.86160847,"YMIN":8516763.36992662,"XMAX":725544.86160847,"YMAX":8516863.36992662},"geometry":{"type":"Polygon","coordinates":[[[-72.9170757243583,-13.408271511722292],[-72.91708350913851,-13.407367869856868],[-72.91800658255563,-13.407375488796582],[-72.91799880121927,-13.40827913119402],[-72.9170757243583,-13.408271511722292]]]}},{"type":"Feature","properties":{"Cell_ID":307,"Area_ha":1.0,"LC":"3:1.000000","XMIN":725444.86160847,"YMIN":8516663.36992662,"XMAX":725544.86160847,"YMAX":8516763.36992662},"geometry":{"type":"Polygon","coordinates":[[[-72.91706793900485,-13.40917515351869],[-72.9170757243583,-13.408271511722292],[-72.91799880121927,-13.40827913119402],[-72.91799101930995,-13.409182773522446],[-72.91706793900485,-13.40917515351869]]]}},{"type":"Feature","properties":{"Cell_ID":308,"Area_ha":1.0,"LC":"3:0.872341,6:0.127659","XMIN":725444.86160847,"YMIN":8516563.36992662,"XMAX":725544.86160847,"YMAX":8516663.36992662},"geometry":{"type":"Polygon","coordinates":[[[-72.91706015307817,-13.410078795246063],[-72.91706793900485,-13.40917515351869],[-72.91799101930995,-13.409182773522446],[-72.91798323682764,-13.410086415781846],[-72.91706015307817,-13.410078795246063]]]}},{"type":"Feature","properties":{"Cell_ID":309,"Area_ha":1.0,"LC":"3:0.348628,6:0.651372","XMIN":725444.86160847,"YMIN":8516463.36992662,"XMAX":725544.86160847,"YMAX":8516563.36992662},"geometry":{"type":"Polygon","coordinates":[[[-72.91705236657826,-13.410982436904401],[-72.91706015307817,-13.410078795246063],[-72.91798323682764,-13.410086415781846],[-72.91797545377233,-13.410990057972217],[-72.91705236657826,-13.410982436904401]]]}},{"type":"Feature","properties":{"Cell_ID":310,"Area_ha":1.0,"LC":"3:1.000000","XMIN":725444.86160847,"YMIN":8516363.36992662,"XMAX":725544.86160847,"YMAX":8516463.36992662},"geometry":{"type":"Polygon","coordinates":[[[-72.91704457950507,-13.411886078493701],[-72.91705236657826,-13.410982436904401],[-72.91797545377233,-13.410990057972217],[-72.91796767014402,-13.41189370009355],[-72.91704457950507,-13.411886078493701]]]}},{"type":"Feature","properties":{"Cell_ID":311,"Area_ha":1.0,"LC":"3:1.000000","XMIN":725444.86160847,"YMIN":8516263.36992662,"XMAX":725544.86160847,"YMAX":8516363.36992662},"geometry":{"type":"Polygon","coordinates":[[[-72.91703679185864,-13.412789720013963],[-72.91704457950507,-13.411886078493701],[-72.91796767014402,-13.41189370009355],[-72.91795988594271,-13.412797342145852],[-72.91703679185864,-13.412789720013963]]]}},{"type":"Feature","properties":{"Cell_ID":312,"Area_ha":1.0,"LC":"3:1.000000","XMIN":725444.86160847,"YMIN":8516163.36992662,"XMAX":725544.86160847,"YMAX":8516263.36992662},"geometry":{"type":"Polygon","coordinates":[[[-72.91702900363893,-13.41369336146518],[-72.91703679185864,-13.412789720013963],[-72.91795988594271,-13.412797342145852],[-72.91795210116837,-13.41370098412911],[-72.91702900363893,-13.41369336146518]]]}},{"type":"Feature","properties":{"Cell_ID":313,"Area_ha":1.0,"LC":"3:0.714280,6:0.285720","XMIN":725444.86160847,"YMIN":8516063.36992662,"XMAX":725544.86160847,"YMAX":8516163.36992662},"geometry":{"type":"Polygon","coordinates":[[[-72.91702121484592,-13.414597002847342],[-72.91702900363893,-13.41369336146518],[-72.91795210116837,-13.41370098412911],[-72.91794431582099,-13.414604626043323],[-72.91702121484592,-13.414597002847342]]]}},{"type":"Feature","properties":{"Cell_ID":314,"Area_ha":1.0,"LC":"3:0.990567,6:0.009433","XMIN":725444.86160847,"YMIN":8515963.36992662,"XMAX":725544.86160847,"YMAX":8516063.36992662},"geometry":{"type":"Polygon","coordinates":[[[-72.91701342547961,-13.415500644160456],[-72.91702121484592,-13.414597002847342],[-72.91794431582099,-13.414604626043323],[-72.91793652990057,-13.415508267888487],[-72.91701342547961,-13.415500644160456]]]}},{"type":"Feature","properties":{"Cell_ID":315,"Area_ha":1.0,"LC":"3:0.923878,7:0.076122","XMIN":725444.86160847,"YMIN":8515863.36992662,"XMAX":725544.86160847,"YMAX":8515963.36992662},"geometry":{"type":"Polygon","coordinates":[[[-72.91700563554001,-13.416404285404509],[-72.91701342547961,-13.415500644160456],[-72.91793652990057,-13.415508267888487],[-72.9179287434071,-13.416411909664589],[-72.91700563554001,-13.416404285404509]]]}},{"type":"Feature","properties":{"Cell_ID":316,"Area_ha":1.0,"LC":"3:0.619131,6:0.292066,7:0.088802","XMIN":725444.86160847,"YMIN":8515763.36992662,"XMAX":725544.86160847,"YMAX":8515863.36992662},"geometry":{"type":"Polygon","coordinates":[[[-72.91699784502708,-13.417307926579499],[-72.91700563554001,-13.416404285404509],[-72.9179287434071,-13.416411909664589],[-72.91792095634057,-13.417315551371638],[-72.91699784502708,-13.417307926579499]]]}},{"type":"Feature","properties":{"Cell_ID":317,"Area_ha":1.0,"LC":"5:0.372066,6:0.069873,7:0.029259,13:0.528802","XMIN":725444.86160847,"YMIN":8515663.36992662,"XMAX":725544.86160847,"YMAX":8515763.36992662},"geometry":{"type":"Polygon","coordinates":[[[-72.91699005394084,-13.41821156768542],[-72.91699784502708,-13.417307926579499],[-72.91792095634057,-13.417315551371638],[-72.91791316870096,-13.418219193009625],[-72.91699005394084,-13.41821156768542]]]}},{"type":"Feature","properties":{"Cell_ID":318,"Area_ha":1.0,"LC":"5:0.170842,9:0.382460,13:0.446698","XMIN":725444.86160847,"YMIN":8515563.36992662,"XMAX":725544.86160847,"YMAX":8515663.36992662},"geometry":{"type":"Polygon","coordinates":[[[-72.91698226228124,-13.419115208722271],[-72.91699005394084,-13.41821156768542],[-72.91791316870096,-13.418219193009625],[-72.91790538048828,-13.41912283457854],[-72.91698226228124,-13.419115208722271]]]}},{"type":"Feature","properties":{"Cell_ID":319,"Area_ha":1.0,"LC":"9:0.386342,13:0.613658","XMIN":725444.86160847,"YMIN":8515463.36992662,"XMAX":725544.86160847,"YMAX":8515563.36992662},"geometry":{"type":"Polygon","coordinates":[[[-72.9169744700483,-13.420018849690043],[-72.91698226228124,-13.419115208722271],[-72.91790538048828,-13.41912283457854],[-72.91789759170248,-13.420026476078382],[-72.9169744700483,-13.420018849690043]]]}},{"type":"Feature","properties":{"Cell_ID":320,"Area_ha":1.0,"LC":"9:0.185381,13:0.814619","XMIN":725444.86160847,"YMIN":8515363.36992662,"XMAX":725544.86160847,"YMAX":8515463.36992662},"geometry":{"type":"Polygon","coordinates":[[[-72.916966677242,-13.420922490588737],[-72.9169744700483,-13.420018849690043],[-72.91789759170248,-13.420026476078382],[-72.9178898023436,-13.42093011750915],[-72.916966677242,-13.420922490588737]]]}},{"type":"Feature","properties":{"Cell_ID":321,"Area_ha":1.0,"LC":"16:0.900869,17:0.099131","XMIN":725544.86160847,"YMIN":8519163.36992662,"XMAX":725644.86160847,"YMAX":8519263.36992662},"geometry":{"type":"Polygon","coordinates":[[[-72.91633940719147,-13.386576477841249],[-72.91634718165511,-13.385672834852729],[-72.91727017192277,-13.385680444390935],[-72.91726240089689,-13.386584087911618],[-72.91633940719147,-13.386576477841249]]]}},{"type":"Feature","properties":{"Cell_ID":322,"Area_ha":1.0,"LC":"16:1.000000","XMIN":725544.86160847,"YMIN":8519063.36992662,"XMAX":725644.86160847,"YMAX":8519163.36992662},"geometry":{"type":"Polygon","coordinates":[[[-72.9163316321546,-13.387480120760848],[-72.91633940719147,-13.386576477841249],[-72.91726240089689,-13.386584087911618],[-72.91725462929803,-13.387487731363386],[-72.9163316321546,-13.387480120760848]]]}},{"type":"Feature","properties":{"Cell_ID":323,"Area_ha":1.0,"LC":"16:1.000000","XMIN":725544.86160847,"YMIN":8518963.36992662,"XMAX":725644.86160847,"YMAX":8519063.36992662},"geometry":{"type":"Polygon","coordinates":[[[-72.91632385654448,-13.388383763611515],[-72.9163316321546,-13.387480120760848],[-72.91725462929803,-13.387487731363386],[-72.91724685712617,-13.388391374746224],[-72.91632385654448,-13.388383763611515]]]}},{"type":"Feature","properties":{"Cell_ID":324,"Area_ha":1.0,"LC":"16:1.000000","XMIN":725544.86160847,"YMIN":8518863.36992662,"XMAX":725644.86160847,"YMAX":8518963.36992662},"geometry":{"type":"Polygon","coordinates":[[[-72.91631608036111,-13.389287406393255],[-72.91632385654448,-13.388383763611515],[-72.91724685712617,-13.388391374746224],[-72.91723908438132,-13.389295018060137],[-72.91631608036111,-13.389287406393255]]]}},{"type":"Feature","properties":{"Cell_ID":325,"Area_ha":1.0,"LC":"5:0.234627,13:0.060174,16:0.705199","XMIN":725544.86160847,"YMIN":8518763.36992662,"XMAX":725644.86160847,"YMAX":8518863.36992662},"geometry":{"type":"Polygon","coordinates":[[[-72.91630830360447,-13.390191049106056],[-72.91631608036111,-13.389287406393255],[-72.91723908438132,-13.389295018060137],[-72.91723131106346,-13.390198661305119],[-72.91630830360447,-13.390191049106056]]]}},{"type":"Feature","properties":{"Cell_ID":326,"Area_ha":1.0,"LC":"5:0.157083,13:0.539031,16:0.303886","XMIN":725544.86160847,"YMIN":8518663.36992662,"XMAX":725644.86160847,"YMAX":8518763.36992662},"geometry":{"type":"Polygon","coordinates":[[[-72.91630052627454,-13.391094691749919],[-72.91630830360447,-13.390191049106056],[-72.91723131106346,-13.390198661305119],[-72.91722353717257,-13.391102304481166],[-72.91630052627454,-13.391094691749919]]]}},{"type":"Feature","properties":{"Cell_ID":327,"Area_ha":1.0,"LC":"5:0.395326,13:0.110750,16:0.493924","XMIN":725544.86160847,"YMIN":8518563.36992662,"XMAX":725644.86160847,"YMAX":8518663.36992662},"geometry":{"type":"Polygon","coordinates":[[[-72.91629274837135,-13.391998334324837],[-72.91630052627454,-13.391094691749919],[-72.91722353717257,-13.391102304481166],[-72.91721576270866,-13.392005947588268],[-72.91629274837135,-13.391998334324837]]]}},{"type":"Feature","properties":{"Cell_ID":328,"Area_ha":1.0,"LC":"5:0.888984,13:0.111016","XMIN":725544.86160847,"YMIN":8518463.36992662,"XMAX":725644.86160847,"YMAX":8518563.36992662},"geometry":{"type":"Polygon","coordinates":[[[-72.91628496989486,-13.392901976830803],[-72.91629274837135,-13.391998334324837],[-72.91721576270866,-13.392005947588268],[-72.9172079876717,-13.392909590626427],[-72.91628496989486,-13.392901976830803]]]}},{"type":"Feature","properties":{"Cell_ID":329,"Area_ha":1.0,"LC":"5:1.000000","XMIN":725544.86160847,"YMIN":8518363.36992662,"XMAX":725644.86160847,"YMAX":8518463.36992662},"geometry":{"type":"Polygon","coordinates":[[[-72.91627719084507,-13.393805619267821],[-72.91628496989486,-13.392901976830803],[-72.9172079876717,-13.392909590626427],[-72.9172002120617,-13.393813233595637],[-72.91627719084507,-13.393805619267821]]]}},{"type":"Feature","properties":{"Cell_ID":330,"Area_ha":1.0,"LC":"5:0.541070,9:0.252066,13:0.206863","XMIN":725544.86160847,"YMIN":8518263.36992662,"XMAX":725644.86160847,"YMAX":8518363.36992662},"geometry":{"type":"Polygon","coordinates":[[[-72.91626941122195,-13.394709261635878],[-72.91627719084507,-13.393805619267821],[-72.9172002120617,-13.393813233595637],[-72.91719243587863,-13.394716876495893],[-72.91626941122195,-13.394709261635878]]]}},{"type":"Feature","properties":{"Cell_ID":331,"Area_ha":1.0,"LC":"9:0.664847,13:0.335153","XMIN":725544.86160847,"YMIN":8518163.36992662,"XMAX":725644.86160847,"YMAX":8518263.36992662},"geometry":{"type":"Polygon","coordinates":[[[-72.91626163102552,-13.395612903934975],[-72.91626941122195,-13.394709261635878],[-72.91719243587863,-13.394716876495893],[-72.9171846591225,-13.39562051932719],[-72.91626163102552,-13.395612903934975]]]}},{"type":"Feature","properties":{"Cell_ID":332,"Area_ha":1.0,"LC":"9:0.509873,13:0.490127","XMIN":725544.86160847,"YMIN":8518063.36992662,"XMAX":725644.86160847,"YMAX":8518163.36992662},"geometry":{"type":"Polygon","coordinates":[[[-72.91625385025574,-13.396516546165103],[-72.91626163102552,-13.395612903934975],[-72.9171846591225,-13.39562051932719],[-72.91717688179328,-13.396524162089523],[-72.91625385025574,-13.396516546165103]]]}},{"type":"Feature","properties":{"Cell_ID":333,"Area_ha":1.0,"LC":"5:0.210127,13:0.789873","XMIN":725544.86160847,"YMIN":8517963.36992662,"XMAX":725644.86160847,"YMAX":8518063.36992662},"geometry":{"type":"Polygon","coordinates":[[[-72.91624606891263,-13.397420188326258],[-72.91625385025574,-13.396516546165103],[-72.91717688179328,-13.396524162089523],[-72.91716910389096,-13.397427804782891],[-72.91624606891263,-13.397420188326258]]]}},{"type":"Feature","properties":{"Cell_ID":334,"Area_ha":1.0,"LC":"5:0.351812,13:0.648188","XMIN":725544.86160847,"YMIN":8517863.36992662,"XMAX":725644.86160847,"YMAX":8517963.36992662},"geometry":{"type":"Polygon","coordinates":[[[-72.91623828699615,-13.398323830418445],[-72.91624606891263,-13.397420188326258],[-72.91716910389096,-13.397427804782891],[-72.91716132541553,-13.39833144740729],[-72.91623828699615,-13.398323830418445]]]}},{"type":"Feature","properties":{"Cell_ID":335,"Area_ha":1.0,"LC":"13:1.000000","XMIN":725544.86160847,"YMIN":8517763.36992662,"XMAX":725644.86160847,"YMAX":8517863.36992662},"geometry":{"type":"Polygon","coordinates":[[[-72.91623050450632,-13.399227472441648],[-72.91623828699615,-13.398323830418445],[-72.91716132541553,-13.39833144740729],[-72.91715354636702,-13.39923508996271],[-72.91623050450632,-13.399227472441648]]]}},{"type":"Feature","properties":{"Cell_ID":336,"Area_ha":1.0,"LC":"13:1.000000","XMIN":725544.86160847,"YMIN":8517663.36992662,"XMAX":725644.86160847,"YMAX":8517763.36992662},"geometry":{"type":"Polygon","coordinates":[[[-72.91622272144309,-13.400131114395865],[-72.91623050450632,-13.399227472441648],[-72.91715354636702,-13.39923508996271],[-72.91714576674536,-13.400138732449149],[-72.91622272144309,-13.400131114395865]]]}},{"type":"Feature","properties":{"Cell_ID":337,"Area_ha":1.0,"LC":"5:0.508976,13:0.491024","XMIN":725544.86160847,"YMIN":8517563.36992662,"XMAX":725644.86160847,"YMAX":8517663.36992662},"geometry":{"type":"Polygon","coordinates":[[[-72.91621493780649,-13.401034756281097],[-72.91622272144309,-13.400131114395865],[-72.91714576674536,-13.400138732449149],[-72.91713798655059,-13.401042374866607],[-72.91621493780649,-13.401034756281097]]]}},{"type":"Feature","properties":{"Cell_ID":338,"Area_ha":1.0,"LC":"5:0.828015,13:0.171985","XMIN":725544.86160847,"YMIN":8517463.36992662,"XMAX":725644.86160847,"YMAX":8517563.36992662},"geometry":{"type":"Polygon","coordinates":[[[-72.9162071535965,-13.401938398097336],[-72.91621493780649,-13.401034756281097],[-72.91713798655059,-13.401042374866607],[-72.91713020578264,-13.401946017215074],[-72.9162071535965,-13.401938398097336]]]}},{"type":"Feature","properties":{"Cell_ID":339,"Area_ha":1.0,"LC":"5:0.980969,13:0.019031","XMIN":725544.86160847,"YMIN":8517363.36992662,"XMAX":725644.86160847,"YMAX":8517463.36992662},"geometry":{"type":"Polygon","coordinates":[[[-72.9161993688131,-13.402842039844579],[-72.9162071535965,-13.401938398097336],[-72.91713020578264,-13.401946017215074],[-72.91712242444157,-13.402849659494548],[-72.9161993688131,-13.402842039844579]]]}},{"type":"Feature","properties":{"Cell_ID":340,"Area_ha":1.0,"LC":"3:0.010576,5:0.989424","XMIN":725544.86160847,"YMIN":8517263.36992662,"XMAX":725644.86160847,"YMAX":8517363.36992662},"geometry":{"type":"Polygon","coordinates":[[[-72.91619158345627,-13.403745681522818],[-72.9161993688131,-13.402842039844579],[-72.91712242444157,-13.402849659494548],[-72.91711464252732,-13.403753301705025],[-72.91619158345627,-13.403745681522818]]]}},{"type":"Feature","properties":{"Cell_ID":341,"Area_ha":1.0,"LC":"3:0.892232,5:0.107768","XMIN":725544.86160847,"YMIN":8517163.36992662,"XMAX":725644.86160847,"YMAX":8517263.36992662},"geometry":{"type":"Polygon","coordinates":[[[-72.916183797526,-13.404649323132054],[-72.91619158345627,-13.403745681522818],[-72.91711464252732,-13.403753301705025],[-72.91710686003991,-13.404656943846499],[-72.916183797526,-13.404649323132054]]]}},{"type":"Feature","properties":{"Cell_ID":342,"Area_ha":1.0,"LC":"3:1.000000","XMIN":725544.86160847,"YMIN":8517063.36992662,"XMAX":725644.86160847,"YMAX":8517163.36992662},"geometry":{"type":"Polygon","coordinates":[[[-72.91617601102233,-13.405552964672276],[-72.916183797526,-13.404649323132054],[-72.91710686003991,-13.404656943846499],[-72.91709907697931,-13.405560585918966],[-72.91617601102233,-13.405552964672276]]]}},{"type":"Feature","properties":{"Cell_ID":343,"Area_ha":1.0,"LC":"3:1.000000","XMIN":725544.86160847,"YMIN":8516963.36992662,"XMAX":725644.86160847,"YMAX":8517063.36992662},"geometry":{"type":"Polygon","coordinates":[[[-72.91616822394519,-13.406456606143488],[-72.91617601102233,-13.405552964672276],[-72.91709907697931,-13.405560585918966],[-72.91709129334552,-13.406464227922426],[-72.91616822394519,-13.406456606143488]]]}},{"type":"Feature","properties":{"Cell_ID":344,"Area_ha":1.0,"LC":"3:1.000000","XMIN":725544.86160847,"YMIN":8516863.36992662,"XMAX":725644.86160847,"YMAX":8516963.36992662},"geometry":{"type":"Polygon","coordinates":[[[-72.9161604362946,-13.407360247545682],[-72.91616822394519,-13.406456606143488],[-72.91709129334552,-13.406464227922426],[-72.91708350913851,-13.407367869856868],[-72.9161604362946,-13.407360247545682]]]}},{"type":"Feature","properties":{"Cell_ID":345,"Area_ha":1.0,"LC":"3:1.000000","XMIN":725544.86160847,"YMIN":8516763.36992662,"XMAX":725644.86160847,"YMAX":8516863.36992662},"geometry":{"type":"Polygon","coordinates":[[[-72.91615264807054,-13.408263888878844],[-72.9161604362946,-13.407360247545682],[-72.91708350913851,-13.407367869856868],[-72.9170757243583,-13.408271511722292],[-72.91615264807054,-13.408263888878844]]]}},{"type":"Feature","properties":{"Cell_ID":346,"Area_ha":1.0,"LC":"3:1.000000","XMIN":725544.86160847,"YMIN":8516663.36992662,"XMAX":725644.86160847,"YMAX":8516763.36992662},"geometry":{"type":"Polygon","coordinates":[[[-72.91614485927299,-13.409167530142987],[-72.91615264807054,-13.408263888878844],[-72.9170757243583,-13.408271511722292],[-72.91706793900485,-13.40917515351869],[-72.91614485927299,-13.409167530142987]]]}},{"type":"Feature","properties":{"Cell_ID":347,"Area_ha":1.0,"LC":"3:0.825546,6:0.174454","XMIN":725544.86160847,"YMIN":8516563.36992662,"XMAX":725644.86160847,"YMAX":8516663.36992662},"geometry":{"type":"Polygon","coordinates":[[[-72.91613706990196,-13.410071171338094],[-72.91614485927299,-13.409167530142987],[-72.91706793900485,-13.40917515351869],[-72.91706015307817,-13.410078795246063],[-72.91613706990196,-13.410071171338094]]]}},{"type":"Feature","properties":{"Cell_ID":348,"Area_ha":1.0,"LC":"2:0.471893,3:0.441592,6:0.086516","XMIN":725544.86160847,"YMIN":8516463.36992662,"XMAX":725644.86160847,"YMAX":8516563.36992662},"geometry":{"type":"Polygon","coordinates":[[[-72.91612927995745,-13.410974812464167],[-72.91613706990196,-13.410071171338094],[-72.91706015307817,-13.410078795246063],[-72.91705236657826,-13.410982436904401],[-72.91612927995745,-13.410974812464167]]]}},{"type":"Feature","properties":{"Cell_ID":349,"Area_ha":1.0,"LC":"2:0.171985,3:0.807841,6:0.020174","XMIN":725544.86160847,"YMIN":8516363.36992662,"XMAX":725644.86160847,"YMAX":8516463.36992662},"geometry":{"type":"Polygon","coordinates":[[[-72.9161214894394,-13.411878453521199],[-72.91612927995745,-13.410974812464167],[-72.91705236657826,-13.410982436904401],[-72.91704457950507,-13.411886078493701],[-72.9161214894394,-13.411878453521199]]]}},{"type":"Feature","properties":{"Cell_ID":350,"Area_ha":1.0,"LC":"3:0.619826,6:0.380174","XMIN":725544.86160847,"YMIN":8516263.36992662,"XMAX":725644.86160847,"YMAX":8516363.36992662},"geometry":{"type":"Polygon","coordinates":[[[-72.91611369834784,-13.412782094509184],[-72.9161214894394,-13.411878453521199],[-72.91704457950507,-13.411886078493701],[-72.91703679185864,-13.412789720013963],[-72.91611369834784,-13.412782094509184]]]}},{"type":"Feature","properties":{"Cell_ID":351,"Area_ha":1.0,"LC":"3:0.499826,6:0.500174","XMIN":725544.86160847,"YMIN":8516163.36992662,"XMAX":725644.86160847,"YMAX":8516263.36992662},"geometry":{"type":"Polygon","coordinates":[[[-72.91610590668276,-13.413685735428125],[-72.91611369834784,-13.412782094509184],[-72.91703679185864,-13.412789720013963],[-72.91702900363893,-13.41369336146518],[-72.91610590668276,-13.413685735428125]]]}},{"type":"Feature","properties":{"Cell_ID":352,"Area_ha":1.0,"LC":"3:0.520347,6:0.479653","XMIN":725544.86160847,"YMIN":8516063.36992662,"XMAX":725644.86160847,"YMAX":8516163.36992662},"geometry":{"type":"Polygon","coordinates":[[[-72.91609811444414,-13.414589376278006],[-72.91610590668276,-13.413685735428125],[-72.91702900363893,-13.41369336146518],[-72.91702121484592,-13.414597002847342],[-72.91609811444414,-13.414589376278006]]]}},{"type":"Feature","properties":{"Cell_ID":353,"Area_ha":1.0,"LC":"3:0.586342,5:0.062908,6:0.350750","XMIN":725544.86160847,"YMIN":8515963.36992662,"XMAX":725644.86160847,"YMAX":8516063.36992662},"geometry":{"type":"Polygon","coordinates":[[[-72.91609032163196,-13.415493017058832],[-72.91609811444414,-13.414589376278006],[-72.91702121484592,-13.414597002847342],[-72.91701342547961,-13.415500644160456],[-72.91609032163196,-13.415493017058832]]]}},{"type":"Feature","properties":{"Cell_ID":354,"Area_ha":1.0,"LC":"3:0.595326,6:0.404674","XMIN":725544.86160847,"YMIN":8515863.36992662,"XMAX":725644.86160847,"YMAX":8515963.36992662},"geometry":{"type":"Polygon","coordinates":[[[-72.91608252824622,-13.416396657770594],[-72.91609032163196,-13.415493017058832],[-72.91701342547961,-13.415500644160456],[-72.91700563554001,-13.416404285404509],[-72.91608252824622,-13.416396657770594]]]}},{"type":"Feature","properties":{"Cell_ID":355,"Area_ha":1.0,"LC":"3:0.406003,6:0.442104,7:0.151893","XMIN":725544.86160847,"YMIN":8515763.36992662,"XMAX":725644.86160847,"YMAX":8515863.36992662},"geometry":{"type":"Polygon","coordinates":[[[-72.91607473428691,-13.417300298413288],[-72.91608252824622,-13.416396657770594],[-72.91700563554001,-13.416404285404509],[-72.91699784502708,-13.417307926579499],[-72.91607473428691,-13.417300298413288]]]}},{"type":"Feature","properties":{"Cell_ID":356,"Area_ha":1.0,"LC":"5:0.227833,6:0.229259,7:0.504847,13:0.038061","XMIN":725544.86160847,"YMIN":8515663.36992662,"XMAX":725644.86160847,"YMAX":8515763.36992662},"geometry":{"type":"Polygon","coordinates":[[[-72.91606693975402,-13.418203938986915],[-72.91607473428691,-13.417300298413288],[-72.91699784502708,-13.417307926579499],[-72.91699005394084,-13.41821156768542],[-72.91606693975402,-13.418203938986915]]]}},{"type":"Feature","properties":{"Cell_ID":357,"Area_ha":1.0,"LC":"5:0.088289,6:0.179826,7:0.171985,9:0.450923,13:0.108976","XMIN":725544.86160847,"YMIN":8515563.36992662,"XMAX":725644.86160847,"YMAX":8515663.36992662},"geometry":{"type":"Polygon","coordinates":[[[-72.91605914464755,-13.419107579491463],[-72.91606693975402,-13.418203938986915],[-72.91699005394084,-13.41821156768542],[-72.91698226228124,-13.419115208722271],[-72.91605914464755,-13.419107579491463]]]}},{"type":"Feature","properties":{"Cell_ID":358,"Area_ha":1.0,"LC":"9:0.112955,13:0.887045","XMIN":725544.86160847,"YMIN":8515463.36992662,"XMAX":725644.86160847,"YMAX":8515563.36992662},"geometry":{"type":"Polygon","coordinates":[[[-72.91605134896747,-13.420011219926932],[-72.91605914464755,-13.419107579491463],[-72.91698226228124,-13.419115208722271],[-72.9169744700483,-13.420018849690043],[-72.91605134896747,-13.420011219926932]]]}},{"type":"Feature","properties":{"Cell_ID":359,"Area_ha":1.0,"LC":"16:0.900869,17:0.097387","XMIN":725644.86160847,"YMIN":8519163.36992662,"XMAX":725744.86160847,"YMAX":8519263.36992662},"geometry":{"type":"Polygon","coordinates":[[[-72.9154164140593,-13.386568864404827],[-72.9154241919607,-13.385665221948706],[-72.91634718165511,-13.385672834852729],[-72.91633940719147,-13.386576477841249],[-72.9154164140593,-13.386568864404827]]]}},{"type":"Feature","properties":{"Cell_ID":360,"Area_ha":1.0,"LC":"13:0.010576,16:0.989424","XMIN":725644.86160847,"YMIN":8519063.36992662,"XMAX":725744.86160847,"YMAX":8519163.36992662},"geometry":{"type":"Polygon","coordinates":[[[-72.91540863558441,-13.38747250679202],[-72.9154164140593,-13.386568864404827],[-72.91633940719147,-13.386576477841249],[-72.9163316321546,-13.387480120760848],[-72.91540863558441,-13.38747250679202]]]}},{"type":"Feature","properties":{"Cell_ID":361,"Area_ha":1.0,"LC":"13:0.073302,16:0.926698","XMIN":725644.86160847,"YMIN":8518963.36992662,"XMAX":725744.86160847,"YMAX":8519063.36992662},"geometry":{"type":"Polygon","coordinates":[[[-72.91540085653604,-13.388376149110282],[-72.91540863558441,-13.38747250679202],[-72.9163316321546,-13.387480120760848],[-72.91632385654448,-13.388383763611515],[-72.91540085653604,-13.388376149110282]]]}},{"type":"Feature","properties":{"Cell_ID":362,"Area_ha":1.0,"LC":"16:1.000000","XMIN":725644.86160847,"YMIN":8518863.36992662,"XMAX":725744.86160847,"YMAX":8518963.36992662},"geometry":{"type":"Polygon","coordinates":[[[-72.91539307691416,-13.389279791359609],[-72.91540085653604,-13.388376149110282],[-72.91632385654448,-13.388383763611515],[-72.91631608036111,-13.389287406393255],[-72.91539307691416,-13.389279791359609]]]}},{"type":"Feature","properties":{"Cell_ID":363,"Area_ha":1.0,"LC":"5:0.185894,16:0.814106","XMIN":725644.86160847,"YMIN":8518763.36992662,"XMAX":725744.86160847,"YMAX":8518863.36992662},"geometry":{"type":"Polygon","coordinates":[[[-72.91538529671874,-13.390183433539999],[-72.91539307691416,-13.389279791359609],[-72.91631608036111,-13.389287406393255],[-72.91630830360447,-13.390191049106056],[-72.91538529671874,-13.390183433539999]]]}},{"type":"Feature","properties":{"Cell_ID":364,"Area_ha":1.0,"LC":"5:0.029259,16:0.970741","XMIN":725644.86160847,"YMIN":8518663.36992662,"XMAX":725744.86160847,"YMAX":8518763.36992662},"geometry":{"type":"Polygon","coordinates":[[[-72.91537751594981,-13.391087075651445],[-72.91538529671874,-13.390183433539999],[-72.91630830360447,-13.390191049106056],[-72.91630052627454,-13.391094691749919],[-72.91537751594981,-13.391087075651445]]]}},{"type":"Feature","properties":{"Cell_ID":365,"Area_ha":1.0,"LC":"5:0.072688,13:0.070119,16:0.857193","XMIN":725644.86160847,"YMIN":8518563.36992662,"XMAX":725744.86160847,"YMAX":8518663.36992662},"geometry":{"type":"Polygon","coordinates":[[[-72.91536973460734,-13.391990717693938],[-72.91537751594981,-13.391087075651445],[-72.91630052627454,-13.391094691749919],[-72.91629274837135,-13.391998334324837],[-72.91536973460734,-13.391990717693938]]]}},{"type":"Feature","properties":{"Cell_ID":366,"Area_ha":1.0,"LC":"5:0.672058,13:0.327942","XMIN":725644.86160847,"YMIN":8518463.36992662,"XMAX":725744.86160847,"YMAX":8518563.36992662},"geometry":{"type":"Polygon","coordinates":[[[-72.91536195269133,-13.39289435966748],[-72.91536973460734,-13.391990717693938],[-72.91629274837135,-13.391998334324837],[-72.91628496989486,-13.392901976830803],[-72.91536195269133,-13.39289435966748]]]}},{"type":"Feature","properties":{"Cell_ID":367,"Area_ha":1.0,"LC":"5:1.000000","XMIN":725644.86160847,"YMIN":8518363.36992662,"XMAX":725744.86160847,"YMAX":8518463.36992662},"geometry":{"type":"Polygon","coordinates":[[[-72.91535417020174,-13.393798001572067],[-72.91536195269133,-13.39289435966748],[-72.91628496989486,-13.392901976830803],[-72.91627719084507,-13.393805619267821],[-72.91535417020174,-13.393798001572067]]]}},{"type":"Feature","properties":{"Cell_ID":368,"Area_ha":1.0,"LC":"5:0.779131,9:0.220869","XMIN":725644.86160847,"YMIN":8518263.36992662,"XMAX":725744.86160847,"YMAX":8518363.36992662},"geometry":{"type":"Polygon","coordinates":[[[-72.9153463871386,-13.39470164340769],[-72.91535417020174,-13.393798001572067],[-72.91627719084507,-13.393805619267821],[-72.91626941122195,-13.394709261635878],[-72.9153463871386,-13.39470164340769]]]}},{"type":"Feature","properties":{"Cell_ID":369,"Area_ha":1.0,"LC":"9:1.000000","XMIN":725644.86160847,"YMIN":8518163.36992662,"XMAX":725744.86160847,"YMAX":8518263.36992662},"geometry":{"type":"Polygon","coordinates":[[[-72.91533860350188,-13.39560528517435],[-72.9153463871386,-13.39470164340769],[-72.91626941122195,-13.394709261635878],[-72.91626163102552,-13.395612903934975],[-72.91533860350188,-13.39560528517435]]]}},{"type":"Feature","properties":{"Cell_ID":370,"Area_ha":1.0,"LC":"9:0.499131,13:0.500869","XMIN":725644.86160847,"YMIN":8518063.36992662,"XMAX":725744.86160847,"YMAX":8518163.36992662},"geometry":{"type":"Polygon","coordinates":[[[-72.91533081929157,-13.396508926872038],[-72.91533860350188,-13.39560528517435],[-72.91626163102552,-13.395612903934975],[-72.91625385025574,-13.396516546165103],[-72.91533081929157,-13.396508926872038]]]}},{"type":"Feature","properties":{"Cell_ID":371,"Area_ha":1.0,"LC":"5:0.070119,13:0.929881","XMIN":725644.86160847,"YMIN":8517963.36992662,"XMAX":725744.86160847,"YMAX":8518063.36992662},"geometry":{"type":"Polygon","coordinates":[[[-72.91532303450765,-13.39741256850075],[-72.91533081929157,-13.396508926872038],[-72.91625385025574,-13.396516546165103],[-72.91624606891263,-13.397420188326258],[-72.91532303450765,-13.39741256850075]]]}},{"type":"Feature","properties":{"Cell_ID":372,"Area_ha":1.0,"LC":"5:0.346973,13:0.653027","XMIN":725644.86160847,"YMIN":8517863.36992662,"XMAX":725744.86160847,"YMAX":8517963.36992662},"geometry":{"type":"Polygon","coordinates":[[[-72.91531524915013,-13.398316210060482],[-72.91532303450765,-13.39741256850075],[-72.91624606891263,-13.397420188326258],[-72.91623828699615,-13.398323830418445],[-72.91531524915013,-13.398316210060482]]]}},{"type":"Feature","properties":{"Cell_ID":373,"Area_ha":1.0,"LC":"13:1.000000","XMIN":725644.86160847,"YMIN":8517763.36992662,"XMAX":725744.86160847,"YMAX":8517863.36992662},"geometry":{"type":"Polygon","coordinates":[[[-72.91530746321898,-13.399219851551237],[-72.91531524915013,-13.398316210060482],[-72.91623828699615,-13.398323830418445],[-72.91623050450632,-13.399227472441648],[-72.91530746321898,-13.399219851551237]]]}},{"type":"Feature","properties":{"Cell_ID":374,"Area_ha":1.0,"LC":"5:0.090923,13:0.909077","XMIN":725644.86160847,"YMIN":8517663.36992662,"XMAX":725744.86160847,"YMAX":8517763.36992662},"geometry":{"type":"Polygon","coordinates":[[[-72.91529967671423,-13.400123492972998],[-72.91530746321898,-13.399219851551237],[-72.91623050450632,-13.399227472441648],[-72.91622272144309,-13.400131114395865],[-72.91529967671423,-13.400123492972998]]]}},{"type":"Feature","properties":{"Cell_ID":375,"Area_ha":1.0,"LC":"5:0.364674,13:0.635326","XMIN":725644.86160847,"YMIN":8517563.36992662,"XMAX":725744.86160847,"YMAX":8517663.36992662},"geometry":{"type":"Polygon","coordinates":[[[-72.91529188963581,-13.40102713432577],[-72.91529967671423,-13.400123492972998],[-72.91622272144309,-13.400131114395865],[-72.91621493780649,-13.401034756281097],[-72.91529188963581,-13.40102713432577]]]}},{"type":"Feature","properties":{"Cell_ID":376,"Area_ha":1.0,"LC":"5:0.452680,13:0.547320","XMIN":725644.86160847,"YMIN":8517463.36992662,"XMAX":725744.86160847,"YMAX":8517563.36992662},"geometry":{"type":"Polygon","coordinates":[[[-72.91528410198374,-13.401930775609545],[-72.91529188963581,-13.40102713432577],[-72.91621493780649,-13.401034756281097],[-72.9162071535965,-13.401938398097336],[-72.91528410198374,-13.401930775609545]]]}},{"type":"Feature","properties":{"Cell_ID":377,"Area_ha":1.0,"LC":"5:0.960347,13:0.039653","XMIN":725644.86160847,"YMIN":8517363.36992662,"XMAX":725744.86160847,"YMAX":8517463.36992662},"geometry":{"type":"Polygon","coordinates":[[[-72.91527631375801,-13.402834416824318],[-72.91528410198374,-13.401930775609545],[-72.9162071535965,-13.401938398097336],[-72.9161993688131,-13.402842039844579],[-72.91527631375801,-13.402834416824318]]]}},{"type":"Feature","properties":{"Cell_ID":378,"Area_ha":1.0,"LC":"3:0.363777,5:0.636223","XMIN":725644.86160847,"YMIN":8517263.36992662,"XMAX":725744.86160847,"YMAX":8517363.36992662},"geometry":{"type":"Polygon","coordinates":[[[-72.91526852495863,-13.403738057970088],[-72.91527631375801,-13.402834416824318],[-72.9161993688131,-13.402842039844579],[-72.91619158345627,-13.403745681522818],[-72.91526852495863,-13.403738057970088]]]}},{"type":"Feature","properties":{"Cell_ID":379,"Area_ha":1.0,"LC":"3:1.000000","XMIN":725644.86160847,"YMIN":8517163.36992662,"XMAX":725744.86160847,"YMAX":8517263.36992662},"geometry":{"type":"Polygon","coordinates":[[[-72.91526073558556,-13.404641699046847],[-72.91526852495863,-13.403738057970088],[-72.91619158345627,-13.403745681522818],[-72.916183797526,-13.404649323132054],[-72.91526073558556,-13.404641699046847]]]}},{"type":"Feature","properties":{"Cell_ID":380,"Area_ha":1.0,"LC":"3:1.000000","XMIN":725644.86160847,"YMIN":8517063.36992662,"XMAX":725744.86160847,"YMAX":8517163.36992662},"geometry":{"type":"Polygon","coordinates":[[[-72.9152529456388,-13.40554534005459],[-72.91526073558556,-13.404641699046847],[-72.916183797526,-13.404649323132054],[-72.91617601102233,-13.405552964672276],[-72.9152529456388,-13.40554534005459]]]}},{"type":"Feature","properties":{"Cell_ID":381,"Area_ha":1.0,"LC":"3:1.000000","XMIN":725644.86160847,"YMIN":8516963.36992662,"XMAX":725744.86160847,"YMAX":8517063.36992662},"geometry":{"type":"Polygon","coordinates":[[[-72.91524515511833,-13.40644898099332],[-72.9152529456388,-13.40554534005459],[-72.91617601102233,-13.405552964672276],[-72.91616822394519,-13.406456606143488],[-72.91524515511833,-13.40644898099332]]]}},{"type":"Feature","properties":{"Cell_ID":382,"Area_ha":1.0,"LC":"3:1.000000","XMIN":725644.86160847,"YMIN":8516863.36992662,"XMAX":725744.86160847,"YMAX":8516963.36992662},"geometry":{"type":"Polygon","coordinates":[[[-72.91523736402415,-13.407352621863025],[-72.91524515511833,-13.40644898099332],[-72.91616822394519,-13.406456606143488],[-72.9161604362946,-13.407360247545682],[-72.91523736402415,-13.407352621863025]]]}},{"type":"Feature","properties":{"Cell_ID":383,"Area_ha":1.0,"LC":"3:1.000000","XMIN":725644.86160847,"YMIN":8516763.36992662,"XMAX":725744.86160847,"YMAX":8516863.36992662},"geometry":{"type":"Polygon","coordinates":[[[-72.91522957235625,-13.4082562626637],[-72.91523736402415,-13.407352621863025],[-72.9161604362946,-13.407360247545682],[-72.91615264807054,-13.408263888878844],[-72.91522957235625,-13.4082562626637]]]}},{"type":"Feature","properties":{"Cell_ID":384,"Area_ha":1.0,"LC":"3:0.605821,5:0.120347,6:0.273832","XMIN":725644.86160847,"YMIN":8516663.36992662,"XMAX":725744.86160847,"YMAX":8516763.36992662},"geometry":{"type":"Polygon","coordinates":[[[-72.91522178011462,-13.409159903395345],[-72.91522957235625,-13.4082562626637],[-72.91615264807054,-13.408263888878844],[-72.91614485927299,-13.409167530142987],[-72.91522178011462,-13.409159903395345]]]}},{"type":"Feature","properties":{"Cell_ID":385,"Area_ha":1.0,"LC":"3:0.161325,5:0.281592,6:0.557083","XMIN":725644.86160847,"YMIN":8516563.36992662,"XMAX":725744.86160847,"YMAX":8516663.36992662},"geometry":{"type":"Polygon","coordinates":[[[-72.91521398729925,-13.410063544057957],[-72.91522178011462,-13.409159903395345],[-72.91614485927299,-13.409167530142987],[-72.91613706990196,-13.410071171338094],[-72.91521398729925,-13.410063544057957]]]}},{"type":"Feature","properties":{"Cell_ID":386,"Area_ha":1.0,"LC":"2:0.342807,3:0.608107,6:0.049085","XMIN":725644.86160847,"YMIN":8516463.36992662,"XMAX":725744.86160847,"YMAX":8516563.36992662},"geometry":{"type":"Polygon","coordinates":[[[-72.91520619391014,-13.410967184651525],[-72.91521398729925,-13.410063544057957],[-72.91613706990196,-13.410071171338094],[-72.91612927995745,-13.410974812464167],[-72.91520619391014,-13.410967184651525]]]}},{"type":"Feature","properties":{"Cell_ID":387,"Area_ha":1.0,"LC":"2:0.711646,3:0.288354","XMIN":725644.86160847,"YMIN":8516363.36992662,"XMAX":725744.86160847,"YMAX":8516463.36992662},"geometry":{"type":"Polygon","coordinates":[[[-72.91519839994724,-13.41187082517605],[-72.91520619391014,-13.410967184651525],[-72.91612927995745,-13.410974812464167],[-72.9161214894394,-13.411878453521199],[-72.91519839994724,-13.41187082517605]]]}},{"type":"Feature","properties":{"Cell_ID":388,"Area_ha":1.0,"LC":"2:0.225195,3:0.774805","XMIN":725644.86160847,"YMIN":8516263.36992662,"XMAX":725744.86160847,"YMAX":8516363.36992662},"geometry":{"type":"Polygon","coordinates":[[[-72.91519060541059,-13.412774465631529],[-72.91519839994724,-13.41187082517605],[-72.9161214894394,-13.411878453521199],[-72.91611369834784,-13.412782094509184],[-72.91519060541059,-13.412774465631529]]]}},{"type":"Feature","properties":{"Cell_ID":389,"Area_ha":1.0,"LC":"2:0.250046,3:0.749954","XMIN":725644.86160847,"YMIN":8516163.36992662,"XMAX":725744.86160847,"YMAX":8516263.36992662},"geometry":{"type":"Polygon","coordinates":[[[-72.91518281030015,-13.41367810601795],[-72.91519060541059,-13.412774465631529],[-72.91611369834784,-13.412782094509184],[-72.91610590668276,-13.413685735428125],[-72.91518281030015,-13.41367810601795]]]}},{"type":"Feature","properties":{"Cell_ID":390,"Area_ha":1.0,"LC":"3:0.728107,6:0.271893","XMIN":725644.86160847,"YMIN":8516063.36992662,"XMAX":725744.86160847,"YMAX":8516163.36992662},"geometry":{"type":"Polygon","coordinates":[[[-72.91517501461591,-13.414581746335319],[-72.91518281030015,-13.41367810601795],[-72.91610590668276,-13.413685735428125],[-72.91609811444414,-13.414589376278006],[-72.91517501461591,-13.414581746335319]]]}},{"type":"Feature","properties":{"Cell_ID":391,"Area_ha":1.0,"LC":"3:0.261600,5:0.337439,6:0.400961","XMIN":725644.86160847,"YMIN":8515963.36992662,"XMAX":725744.86160847,"YMAX":8516063.36992662},"geometry":{"type":"Polygon","coordinates":[[[-72.91516721835787,-13.415485386583624],[-72.91517501461591,-13.414581746335319],[-72.91609811444414,-13.414589376278006],[-72.91609032163196,-13.415493017058832],[-72.91516721835787,-13.415485386583624]]]}},{"type":"Feature","properties":{"Cell_ID":392,"Area_ha":1.0,"LC":"2:0.062908,3:0.041939,5:0.199653,6:0.695500","XMIN":725644.86160847,"YMIN":8515863.36992662,"XMAX":725744.86160847,"YMAX":8515963.36992662},"geometry":{"type":"Polygon","coordinates":[[[-72.91515942152601,-13.416389026762857],[-72.91516721835787,-13.415485386583624],[-72.91609032163196,-13.415493017058832],[-72.91608252824622,-13.416396657770594],[-72.91515942152601,-13.416389026762857]]]}},{"type":"Feature","properties":{"Cell_ID":393,"Area_ha":1.0,"LC":"3:0.052333,6:0.798692,7:0.148976","XMIN":725644.86160847,"YMIN":8515763.36992662,"XMAX":725744.86160847,"YMAX":8515863.36992662},"geometry":{"type":"Polygon","coordinates":[[[-72.91515162412033,-13.417292666873024],[-72.91515942152601,-13.416389026762857],[-72.91608252824622,-13.416396657770594],[-72.91607473428691,-13.417300298413288],[-72.91515162412033,-13.417292666873024]]]}},{"type":"Feature","properties":{"Cell_ID":394,"Area_ha":1.0,"LC":"6:0.050046,7:0.949954","XMIN":725644.86160847,"YMIN":8515663.36992662,"XMAX":725744.86160847,"YMAX":8515763.36992662},"geometry":{"type":"Polygon","coordinates":[[[-72.91514382614082,-13.418196306914119],[-72.91515162412033,-13.417292666873024],[-72.91607473428691,-13.417300298413288],[-72.91606693975402,-13.418203938986915],[-72.91514382614082,-13.418196306914119]]]}},{"type":"Feature","properties":{"Cell_ID":395,"Area_ha":1.0,"LC":"5:0.132066,6:0.060969,7:0.659131,9:0.147833","XMIN":725644.86160847,"YMIN":8515563.36992662,"XMAX":725744.86160847,"YMAX":8515663.36992662},"geometry":{"type":"Polygon","coordinates":[[[-72.91513602758747,-13.41909994688613],[-72.91514382614082,-13.418196306914119],[-72.91606693975402,-13.418203938986915],[-72.91605914464755,-13.419107579491463],[-72.91513602758747,-13.41909994688613]]]}},{"type":"Feature","properties":{"Cell_ID":396,"Area_ha":1.0,"LC":"5:0.212781,9:0.086350,13:0.700869","XMIN":725644.86160847,"YMIN":8515463.36992662,"XMAX":725744.86160847,"YMAX":8515563.36992662},"geometry":{"type":"Polygon","coordinates":[[[-72.91512822846025,-13.420003586789058],[-72.91513602758747,-13.41909994688613],[-72.91605914464755,-13.419107579491463],[-72.91605134896747,-13.420011219926932],[-72.91512822846025,-13.420003586789058]]]}},{"type":"Feature","properties":{"Cell_ID":397,"Area_ha":1.0,"LC":"16:0.911262,17:0.082318","XMIN":725744.86160847,"YMIN":8519163.36992662,"XMAX":725844.86160847,"YMAX":8519263.36992662},"geometry":{"type":"Polygon","coordinates":[[[-72.91449342150062,-13.386561247602359],[-72.91450120283976,-13.385657605678874],[-72.9154241919607,-13.385665221948706],[-72.9154164140593,-13.386568864404827],[-72.91449342150062,-13.386561247602359]]]}},{"type":"Feature","properties":{"Cell_ID":398,"Area_ha":1.0,"LC":"13:0.100869,16:0.899131","XMIN":725744.86160847,"YMIN":8519063.36992662,"XMAX":725844.86160847,"YMAX":8519163.36992662},"geometry":{"type":"Polygon","coordinates":[[[-72.91448563958775,-13.387464889456915],[-72.91449342150062,-13.386561247602359],[-72.9154164140593,-13.386568864404827],[-72.91540863558441,-13.38747250679202],[-72.91448563958775,-13.387464889456915]]]}},{"type":"Feature","properties":{"Cell_ID":399,"Area_ha":1.0,"LC":"13:0.971372,16:0.028628","XMIN":725744.86160847,"YMIN":8518963.36992662,"XMAX":725844.86160847,"YMAX":8519063.36992662},"geometry":{"type":"Polygon","coordinates":[[[-72.9144778571011,-13.388368531242536],[-72.91448563958775,-13.387464889456915],[-72.91540863558441,-13.38747250679202],[-72.91540085653604,-13.388376149110282],[-72.9144778571011,-13.388368531242536]]]}},{"type":"Feature","properties":{"Cell_ID":400,"Area_ha":1.0,"LC":"13:0.844674,16:0.155326","XMIN":725744.86160847,"YMIN":8518863.36992662,"XMAX":725844.86160847,"YMAX":8518963.36992662},"geometry":{"type":"Polygon","coordinates":[[[-72.91447007404072,-13.389272172959215],[-72.9144778571011,-13.388368531242536],[-72.91540085653604,-13.388376149110282],[-72.91539307691416,-13.389279791359609],[-72.91447007404072,-13.389272172959215]]]}},{"type":"Feature","properties":{"Cell_ID":401,"Area_ha":1.0,"LC":"5:0.073484,13:0.711363,16:0.215153","XMIN":725744.86160847,"YMIN":8518763.36992662,"XMAX":725844.86160847,"YMAX":8518863.36992662},"geometry":{"type":"Polygon","coordinates":[[[-72.91446229040655,-13.390175814606955],[-72.91447007404072,-13.389272172959215],[-72.91539307691416,-13.389279791359609],[-72.91538529671874,-13.390183433539999],[-72.91446229040655,-13.390175814606955]]]}},{"type":"Feature","properties":{"Cell_ID":402,"Area_ha":1.0,"LC":"5:0.031363,13:0.301418,16:0.667219","XMIN":725744.86160847,"YMIN":8518663.36992662,"XMAX":725844.86160847,"YMAX":8518763.36992662},"geometry":{"type":"Polygon","coordinates":[[[-72.91445450619861,-13.391079456185748],[-72.91446229040655,-13.390175814606955],[-72.91538529671874,-13.390183433539999],[-72.91537751594981,-13.391087075651445],[-72.91445450619861,-13.391079456185748]]]}},{"type":"Feature","properties":{"Cell_ID":403,"Area_ha":1.0,"LC":"5:0.361838,16:0.638162","XMIN":725744.86160847,"YMIN":8518563.36992662,"XMAX":725844.86160847,"YMAX":8518663.36992662},"geometry":{"type":"Polygon","coordinates":[[[-72.91444672141688,-13.391983097695583],[-72.91445450619861,-13.391079456185748],[-72.91537751594981,-13.391087075651445],[-72.91536973460734,-13.391990717693938],[-72.91444672141688,-13.391983097695583]]]}},{"type":"Feature","properties":{"Cell_ID":404,"Area_ha":1.0,"LC":"5:1.000000","XMIN":725744.86160847,"YMIN":8518463.36992662,"XMAX":725844.86160847,"YMAX":8518563.36992662},"geometry":{"type":"Polygon","coordinates":[[[-72.91443893606133,-13.392886739136465],[-72.91444672141688,-13.391983097695583],[-72.91536973460734,-13.391990717693938],[-72.91536195269133,-13.39289435966748],[-72.91443893606133,-13.392886739136465]]]}},{"type":"Feature","properties":{"Cell_ID":405,"Area_ha":1.0,"LC":"5:1.000000","XMIN":725744.86160847,"YMIN":8518363.36992662,"XMAX":725844.86160847,"YMAX":8518463.36992662},"geometry":{"type":"Polygon","coordinates":[[[-72.914431150132,-13.393790380508388],[-72.91443893606133,-13.392886739136465],[-72.91536195269133,-13.39289435966748],[-72.91535417020174,-13.393798001572067],[-72.914431150132,-13.393790380508388]]]}},{"type":"Feature","properties":{"Cell_ID":406,"Area_ha":1.0,"LC":"5:0.628116,9:0.068976,13:0.302908","XMIN":725744.86160847,"YMIN":8518263.36992662,"XMAX":725844.86160847,"YMAX":8518363.36992662},"geometry":{"type":"Polygon","coordinates":[[[-72.91442336362883,-13.394694021811343],[-72.914431150132,-13.393790380508388],[-72.91535417020174,-13.393798001572067],[-72.9153463871386,-13.39470164340769],[-72.91442336362883,-13.394694021811343]]]}},{"type":"Feature","properties":{"Cell_ID":407,"Area_ha":1.0,"LC":"5:0.211985,9:0.788015","XMIN":725744.86160847,"YMIN":8518163.36992662,"XMAX":725844.86160847,"YMAX":8518263.36992662},"geometry":{"type":"Polygon","coordinates":[[[-72.91441557655183,-13.395597663045328],[-72.91442336362883,-13.394694021811343],[-72.9153463871386,-13.39470164340769],[-72.91533860350188,-13.39560528517435],[-72.91441557655183,-13.395597663045328]]]}},{"type":"Feature","properties":{"Cell_ID":408,"Area_ha":1.0,"LC":"9:0.560101,13:0.439899","XMIN":725744.86160847,"YMIN":8518063.36992662,"XMAX":725844.86160847,"YMAX":8518163.36992662},"geometry":{"type":"Polygon","coordinates":[[[-72.91440778890099,-13.396501304210341],[-72.91441557655183,-13.395597663045328],[-72.91533860350188,-13.39560528517435],[-72.91533081929157,-13.396508926872038],[-72.91440778890099,-13.396501304210341]]]}},{"type":"Feature","properties":{"Cell_ID":409,"Area_ha":1.0,"LC":"13:1.000000","XMIN":725744.86160847,"YMIN":8517963.36992662,"XMAX":725844.86160847,"YMAX":8518063.36992662},"geometry":{"type":"Polygon","coordinates":[[[-72.9144000006763,-13.397404945306372],[-72.91440778890099,-13.396501304210341],[-72.91533081929157,-13.396508926872038],[-72.91532303450765,-13.39741256850075],[-72.9144000006763,-13.397404945306372]]]}},{"type":"Feature","properties":{"Cell_ID":410,"Area_ha":1.0,"LC":"5:0.020969,13:0.979031","XMIN":725744.86160847,"YMIN":8517863.36992662,"XMAX":725844.86160847,"YMAX":8517963.36992662},"geometry":{"type":"Polygon","coordinates":[[[-72.91439221187773,-13.398308586333423],[-72.9144000006763,-13.397404945306372],[-72.91532303450765,-13.39741256850075],[-72.91531524915013,-13.398316210060482],[-72.91439221187773,-13.398308586333423]]]}},{"type":"Feature","properties":{"Cell_ID":411,"Area_ha":1.0,"LC":"13:1.000000","XMIN":725744.86160847,"YMIN":8517763.36992662,"XMAX":725844.86160847,"YMAX":8517863.36992662},"geometry":{"type":"Polygon","coordinates":[[[-72.9143844225053,-13.399212227291486],[-72.91439221187773,-13.398308586333423],[-72.91531524915013,-13.398316210060482],[-72.91530746321898,-13.399219851551237],[-72.9143844225053,-13.399212227291486]]]}},{"type":"Feature","properties":{"Cell_ID":412,"Area_ha":1.0,"LC":"5:0.070119,13:0.929881","XMIN":725744.86160847,"YMIN":8517663.36992662,"XMAX":725844.86160847,"YMAX":8517763.36992662},"geometry":{"type":"Polygon","coordinates":[[[-72.91437663255897,-13.400115868180556],[-72.9143844225053,-13.399212227291486],[-72.91530746321898,-13.399219851551237],[-72.91529967671423,-13.400123492972998],[-72.91437663255897,-13.400115868180556]]]}},{"type":"Feature","properties":{"Cell_ID":413,"Area_ha":1.0,"LC":"5:0.908811,13:0.091189","XMIN":725744.86160847,"YMIN":8517563.36992662,"XMAX":725844.86160847,"YMAX":8517663.36992662},"geometry":{"type":"Polygon","coordinates":[[[-72.91436884203877,-13.40101950900063],[-72.91437663255897,-13.400115868180556],[-72.91529967671423,-13.400123492972998],[-72.91529188963581,-13.40102713432577],[-72.91436884203877,-13.40101950900063]]]}},{"type":"Feature","properties":{"Cell_ID":414,"Area_ha":1.0,"LC":"5:1.000000","XMIN":725744.86160847,"YMIN":8517463.36992662,"XMAX":725844.86160847,"YMAX":8517563.36992662},"geometry":{"type":"Polygon","coordinates":[[[-72.91436105094466,-13.401923149751708],[-72.91436884203877,-13.40101950900063],[-72.91529188963581,-13.40102713432577],[-72.91528410198374,-13.401930775609545],[-72.91436105094466,-13.401923149751708]]]}},{"type":"Feature","properties":{"Cell_ID":415,"Area_ha":1.0,"LC":"3:0.293210,5:0.706790","XMIN":725744.86160847,"YMIN":8517363.36992662,"XMAX":725844.86160847,"YMAX":8517463.36992662},"geometry":{"type":"Polygon","coordinates":[[[-72.91435325927664,-13.402826790433776],[-72.91436105094466,-13.401923149751708],[-72.91528410198374,-13.401930775609545],[-72.91527631375801,-13.402834416824318],[-72.91435325927664,-13.402826790433776]]]}},{"type":"Feature","properties":{"Cell_ID":416,"Area_ha":1.0,"LC":"3:0.971537,5:0.028463","XMIN":725744.86160847,"YMIN":8517263.36992662,"XMAX":725844.86160847,"YMAX":8517363.36992662},"geometry":{"type":"Polygon","coordinates":[[[-72.91434546703468,-13.403730431046842],[-72.91435325927664,-13.402826790433776],[-72.91527631375801,-13.402834416824318],[-72.91526852495863,-13.403738057970088],[-72.91434546703468,-13.403730431046842]]]}},{"type":"Feature","properties":{"Cell_ID":417,"Area_ha":1.0,"LC":"2:0.060174,3:0.939826","XMIN":725744.86160847,"YMIN":8517163.36992662,"XMAX":725844.86160847,"YMAX":8517263.36992662},"geometry":{"type":"Polygon","coordinates":[[[-72.9143376742188,-13.40463407159089],[-72.91434546703468,-13.403730431046842],[-72.91526852495863,-13.403738057970088],[-72.91526073558556,-13.404641699046847],[-72.9143376742188,-13.40463407159089]]]}},{"type":"Feature","properties":{"Cell_ID":418,"Area_ha":1.0,"LC":"2:0.340174,3:0.659826","XMIN":725744.86160847,"YMIN":8517063.36992662,"XMAX":725844.86160847,"YMAX":8517163.36992662},"geometry":{"type":"Polygon","coordinates":[[[-72.91432988082897,-13.40553771206592],[-72.9143376742188,-13.40463407159089],[-72.91526073558556,-13.404641699046847],[-72.9152529456388,-13.40554534005459],[-72.91432988082897,-13.40553771206592]]]}},{"type":"Feature","properties":{"Cell_ID":419,"Area_ha":1.0,"LC":"2:0.379826,3:0.620174","XMIN":725744.86160847,"YMIN":8516963.36992662,"XMAX":725844.86160847,"YMAX":8517063.36992662},"geometry":{"type":"Polygon","coordinates":[[[-72.91432208686518,-13.406441352471926],[-72.91432988082897,-13.40553771206592],[-72.9152529456388,-13.40554534005459],[-72.91524515511833,-13.40644898099332],[-72.91432208686518,-13.406441352471926]]]}},{"type":"Feature","properties":{"Cell_ID":420,"Area_ha":1.0,"LC":"2:0.019826,3:0.980174","XMIN":725744.86160847,"YMIN":8516863.36992662,"XMAX":725844.86160847,"YMAX":8516963.36992662},"geometry":{"type":"Polygon","coordinates":[[[-72.91431429232743,-13.40734499280891],[-72.91432208686518,-13.406441352471926],[-72.91524515511833,-13.40644898099332],[-72.91523736402415,-13.407352621863025],[-72.91431429232743,-13.40734499280891]]]}},{"type":"Feature","properties":{"Cell_ID":421,"Area_ha":1.0,"LC":"3:0.959653,6:0.040347","XMIN":725744.86160847,"YMIN":8516763.36992662,"XMAX":725844.86160847,"YMAX":8516863.36992662},"geometry":{"type":"Polygon","coordinates":[[[-72.91430649721572,-13.408248633076859],[-72.91431429232743,-13.40734499280891],[-72.91523736402415,-13.407352621863025],[-72.91522957235625,-13.4082562626637],[-72.91430649721572,-13.408248633076859]]]}},{"type":"Feature","properties":{"Cell_ID":422,"Area_ha":1.0,"LC":"3:0.412963,6:0.587037","XMIN":725744.86160847,"YMIN":8516663.36992662,"XMAX":725844.86160847,"YMAX":8516763.36992662},"geometry":{"type":"Polygon","coordinates":[[[-72.91429870153,-13.409152273275776],[-72.91430649721572,-13.408248633076859],[-72.91522957235625,-13.4082562626637],[-72.91522178011462,-13.409159903395345],[-72.91429870153,-13.409152273275776]]]}},{"type":"Feature","properties":{"Cell_ID":423,"Area_ha":1.0,"LC":"3:0.574171,5:0.118061,6:0.307768","XMIN":725744.86160847,"YMIN":8516563.36992662,"XMAX":725844.86160847,"YMAX":8516663.36992662},"geometry":{"type":"Polygon","coordinates":[[[-72.91429090527029,-13.410055913405653],[-72.91429870153,-13.409152273275776],[-72.91522178011462,-13.409159903395345],[-72.91521398729925,-13.410063544057957],[-72.91429090527029,-13.410055913405653]]]}},{"type":"Feature","properties":{"Cell_ID":424,"Area_ha":1.0,"LC":"2:0.307037,3:0.692963","XMIN":725744.86160847,"YMIN":8516463.36992662,"XMAX":725844.86160847,"YMAX":8516563.36992662},"geometry":{"type":"Polygon","coordinates":[[[-72.91428310843659,-13.410959553466483],[-72.91429090527029,-13.410055913405653],[-72.91521398729925,-13.410063544057957],[-72.91520619391014,-13.410967184651525],[-72.91428310843659,-13.410959553466483]]]}},{"type":"Feature","properties":{"Cell_ID":425,"Area_ha":1.0,"LC":"2:0.394979,3:0.605021","XMIN":725744.86160847,"YMIN":8516363.36992662,"XMAX":725844.86160847,"YMAX":8516463.36992662},"geometry":{"type":"Polygon","coordinates":[[[-72.91427531102886,-13.411863193458267],[-72.91428310843659,-13.410959553466483],[-72.91520619391014,-13.410967184651525],[-72.91519839994724,-13.41187082517605],[-72.91427531102886,-13.411863193458267]]]}},{"type":"Feature","properties":{"Cell_ID":426,"Area_ha":1.0,"LC":"2:0.606250,3:0.393750","XMIN":725744.86160847,"YMIN":8516263.36992662,"XMAX":725844.86160847,"YMAX":8516363.36992662},"geometry":{"type":"Polygon","coordinates":[[[-72.91426751304711,-13.412766833381003],[-72.91427531102886,-13.411863193458267],[-72.91519839994724,-13.41187082517605],[-72.91519060541059,-13.412774465631529],[-72.91426751304711,-13.412766833381003]]]}},{"type":"Feature","properties":{"Cell_ID":427,"Area_ha":1.0,"LC":"2:0.743009,3:0.256991","XMIN":725744.86160847,"YMIN":8516163.36992662,"XMAX":725844.86160847,"YMAX":8516263.36992662},"geometry":{"type":"Polygon","coordinates":[[[-72.91425971449132,-13.413670473234674],[-72.91426751304711,-13.412766833381003],[-72.91519060541059,-13.412774465631529],[-72.91518281030015,-13.41367810601795],[-72.91425971449132,-13.413670473234674]]]}},{"type":"Feature","properties":{"Cell_ID":428,"Area_ha":1.0,"LC":"3:0.971372,6:0.028628","XMIN":725744.86160847,"YMIN":8516063.36992662,"XMAX":725844.86160847,"YMAX":8516163.36992662},"geometry":{"type":"Polygon","coordinates":[[[-72.91425191536149,-13.41457411301929],[-72.91425971449132,-13.413670473234674],[-72.91518281030015,-13.41367810601795],[-72.91517501461591,-13.414581746335319],[-72.91425191536149,-13.41457411301929]]]}},{"type":"Feature","properties":{"Cell_ID":429,"Area_ha":1.0,"LC":"3:0.971537,6:0.028463","XMIN":725744.86160847,"YMIN":8515963.36992662,"XMAX":725844.86160847,"YMAX":8516063.36992662},"geometry":{"type":"Polygon","coordinates":[[[-72.91424411565758,-13.415477752734837],[-72.91425191536149,-13.41457411301929],[-72.91517501461591,-13.414581746335319],[-72.91516721835787,-13.415485386583624],[-72.91424411565758,-13.415477752734837]]]}},{"type":"Feature","properties":{"Cell_ID":430,"Area_ha":1.0,"LC":"2:0.558061,3:0.441939","XMIN":725744.86160847,"YMIN":8515863.36992662,"XMAX":725844.86160847,"YMAX":8515963.36992662},"geometry":{"type":"Polygon","coordinates":[[[-72.91423631537961,-13.416381392381311],[-72.91424411565758,-13.415477752734837],[-72.91516721835787,-13.415485386583624],[-72.91515942152601,-13.416389026762857],[-72.91423631537961,-13.416381392381311]]]}},{"type":"Feature","properties":{"Cell_ID":431,"Area_ha":1.0,"LC":"3:0.751994,6:0.147833,7:0.100174","XMIN":725744.86160847,"YMIN":8515763.36992662,"XMAX":725844.86160847,"YMAX":8515863.36992662},"geometry":{"type":"Polygon","coordinates":[[[-72.9142285145276,-13.417285031958714],[-72.91423631537961,-13.416381392381311],[-72.91515942152601,-13.416389026762857],[-72.91515162412033,-13.417292666873024],[-72.9142285145276,-13.417285031958714]]]}},{"type":"Feature","properties":{"Cell_ID":432,"Area_ha":1.0,"LC":"2:0.191545,3:0.272955,6:0.349954,7:0.185546","XMIN":725744.86160847,"YMIN":8515663.36992662,"XMAX":725844.86160847,"YMAX":8515763.36992662},"geometry":{"type":"Polygon","coordinates":[[[-72.91422071310146,-13.418188671467039],[-72.9142285145276,-13.417285031958714],[-72.91515162412033,-13.417292666873024],[-72.91514382614082,-13.418196306914119],[-72.91422071310146,-13.418188671467039]]]}},{"type":"Feature","properties":{"Cell_ID":433,"Area_ha":1.0,"LC":"2:0.031363,5:0.108976,6:0.812167,7:0.047494","XMIN":725744.86160847,"YMIN":8515563.36992662,"XMAX":725844.86160847,"YMAX":8515663.36992662},"geometry":{"type":"Polygon","coordinates":[[[-72.91421291110123,-13.41909231090628],[-72.91422071310146,-13.418188671467039],[-72.91514382614082,-13.418196306914119],[-72.91513602758747,-13.41909994688613],[-72.91421291110123,-13.41909231090628]]]}},{"type":"Feature","properties":{"Cell_ID":434,"Area_ha":1.0,"LC":"16:1.000000","XMIN":725844.86160847,"YMIN":8519163.36992662,"XMAX":725944.86160847,"YMAX":8519263.36992662},"geometry":{"type":"Polygon","coordinates":[[[-72.91357042951567,-13.386553627433859],[-72.91357821429256,-13.385649986043244],[-72.91450120283976,-13.385657605678874],[-72.91449342150062,-13.386561247602359],[-72.91357042951567,-13.386553627433859]]]}},{"type":"Feature","properties":{"Cell_ID":435,"Area_ha":1.0,"LC":"13:0.090293,16:0.909707","XMIN":725844.86160847,"YMIN":8519063.36992662,"XMAX":725944.86160847,"YMAX":8519163.36992662},"geometry":{"type":"Polygon","coordinates":[[[-72.91356264416481,-13.38745726875554],[-72.91357042951567,-13.386553627433859],[-72.91449342150062,-13.386561247602359],[-72.91448563958775,-13.387464889456915],[-72.91356264416481,-13.38745726875554]]]}},{"type":"Feature","properties":{"Cell_ID":436,"Area_ha":1.0,"LC":"13:0.989606,16:0.010394","XMIN":725844.86160847,"YMIN":8518963.36992662,"XMAX":725944.86160847,"YMAX":8519063.36992662},"geometry":{"type":"Polygon","coordinates":[[[-72.91355485823993,-13.388360910008284],[-72.91356264416481,-13.38745726875554],[-72.91448563958775,-13.387464889456915],[-72.9144778571011,-13.388368531242536],[-72.91355485823993,-13.388360910008284]]]}},{"type":"Feature","properties":{"Cell_ID":437,"Area_ha":1.0,"LC":"13:1.000000","XMIN":725844.86160847,"YMIN":8518863.36992662,"XMAX":725944.86160847,"YMAX":8518963.36992662},"geometry":{"type":"Polygon","coordinates":[[[-72.91354707174105,-13.389264551192083],[-72.91355485823993,-13.388360910008284],[-72.9144778571011,-13.388368531242536],[-72.91447007404072,-13.389272172959215],[-72.91354707174105,-13.389264551192083]]]}},{"type":"Feature","properties":{"Cell_ID":438,"Area_ha":1.0,"LC":"5:0.277613,13:0.722387","XMIN":725844.86160847,"YMIN":8518763.36992662,"XMAX":725944.86160847,"YMAX":8518863.36992662},"geometry":{"type":"Polygon","coordinates":[[[-72.91353928466815,-13.390168192306938],[-72.91354707174105,-13.389264551192083],[-72.91447007404072,-13.389272172959215],[-72.91446229040655,-13.390175814606955],[-72.91353928466815,-13.390168192306938]]]}},{"type":"Feature","properties":{"Cell_ID":439,"Area_ha":1.0,"LC":"5:0.813658,13:0.157714,16:0.028628","XMIN":725844.86160847,"YMIN":8518663.36992662,"XMAX":725944.86160847,"YMAX":8518763.36992662},"geometry":{"type":"Polygon","coordinates":[[[-72.9135314970212,-13.391071833352838],[-72.91353928466815,-13.390168192306938],[-72.91446229040655,-13.390175814606955],[-72.91445450619861,-13.391079456185748],[-72.9135314970212,-13.391071833352838]]]}},{"type":"Feature","properties":{"Cell_ID":440,"Area_ha":1.0,"LC":"5:0.971537,16:0.028463","XMIN":725844.86160847,"YMIN":8518563.36992662,"XMAX":725944.86160847,"YMAX":8518663.36992662},"geometry":{"type":"Polygon","coordinates":[[[-72.91352370880021,-13.391975474329785],[-72.9135314970212,-13.391071833352838],[-72.91445450619861,-13.391079456185748],[-72.91444672141688,-13.391983097695583],[-72.91352370880021,-13.391975474329785]]]}},{"type":"Feature","properties":{"Cell_ID":441,"Area_ha":1.0,"LC":"5:0.736744,13:0.263256","XMIN":725844.86160847,"YMIN":8518463.36992662,"XMAX":725944.86160847,"YMAX":8518563.36992662},"geometry":{"type":"Polygon","coordinates":[[[-72.91351592000517,-13.392879115237767],[-72.91352370880021,-13.391975474329785],[-72.91444672141688,-13.391983097695583],[-72.91443893606133,-13.392886739136465],[-72.91351592000517,-13.392879115237767]]]}},{"type":"Feature","properties":{"Cell_ID":442,"Area_ha":1.0,"LC":"5:0.606516,13:0.393484","XMIN":725844.86160847,"YMIN":8518363.36992662,"XMAX":725944.86160847,"YMAX":8518463.36992662},"geometry":{"type":"Polygon","coordinates":[[[-72.91350813063606,-13.393782756076789],[-72.91351592000517,-13.392879115237767],[-72.91443893606133,-13.392886739136465],[-72.914431150132,-13.393790380508388],[-72.91350813063606,-13.393782756076789]]]}},{"type":"Feature","properties":{"Cell_ID":443,"Area_ha":1.0,"LC":"5:0.591893,13:0.408107","XMIN":725844.86160847,"YMIN":8518263.36992662,"XMAX":725944.86160847,"YMAX":8518363.36992662},"geometry":{"type":"Polygon","coordinates":[[[-72.91350034069288,-13.39468639684684],[-72.91350813063606,-13.393782756076789],[-72.914431150132,-13.393790380508388],[-72.91442336362883,-13.394694021811343],[-72.91350034069288,-13.39468639684684]]]}},{"type":"Feature","properties":{"Cell_ID":444,"Area_ha":1.0,"LC":"5:0.692167,9:0.307833","XMIN":725844.86160847,"YMIN":8518163.36992662,"XMAX":725944.86160847,"YMAX":8518263.36992662},"geometry":{"type":"Polygon","coordinates":[[[-72.91349255017562,-13.39559003754792],[-72.91350034069288,-13.39468639684684],[-72.91442336362883,-13.394694021811343],[-72.91441557655183,-13.395597663045328],[-72.91349255017562,-13.39559003754792]]]}},{"type":"Feature","properties":{"Cell_ID":445,"Area_ha":1.0,"LC":"5:0.493128,9:0.326350,13:0.180521","XMIN":725844.86160847,"YMIN":8518063.36992662,"XMAX":725944.86160847,"YMAX":8518163.36992662},"geometry":{"type":"Polygon","coordinates":[[[-72.91348475908426,-13.396493678180017],[-72.91349255017562,-13.39559003754792],[-72.91441557655183,-13.395597663045328],[-72.91440778890099,-13.396501304210341],[-72.91348475908426,-13.396493678180017]]]}},{"type":"Feature","properties":{"Cell_ID":446,"Area_ha":1.0,"LC":"5:0.613658,13:0.386342","XMIN":725844.86160847,"YMIN":8517963.36992662,"XMAX":725944.86160847,"YMAX":8518063.36992662},"geometry":{"type":"Polygon","coordinates":[[[-72.91347696741879,-13.397397318743137],[-72.91348475908426,-13.396493678180017],[-72.91440778890099,-13.396501304210341],[-72.9144000006763,-13.397404945306372],[-72.91347696741879,-13.397397318743137]]]}},{"type":"Feature","properties":{"Cell_ID":447,"Area_ha":1.0,"LC":"5:0.608903,9:0.041939,13:0.349158","XMIN":725844.86160847,"YMIN":8517863.36992662,"XMAX":725944.86160847,"YMAX":8517963.36992662},"geometry":{"type":"Polygon","coordinates":[[[-72.9134691751792,-13.398300959237266],[-72.91347696741879,-13.397397318743137],[-72.9144000006763,-13.397404945306372],[-72.91439221187773,-13.398308586333423],[-72.9134691751792,-13.398300959237266]]]}},{"type":"Feature","properties":{"Cell_ID":448,"Area_ha":1.0,"LC":"13:1.000000","XMIN":725844.86160847,"YMIN":8517763.36992662,"XMAX":725944.86160847,"YMAX":8517863.36992662},"geometry":{"type":"Polygon","coordinates":[[[-72.91346138236548,-13.399204599662408],[-72.9134691751792,-13.398300959237266],[-72.91439221187773,-13.398308586333423],[-72.9143844225053,-13.399212227291486],[-72.91346138236548,-13.399204599662408]]]}},{"type":"Feature","properties":{"Cell_ID":449,"Area_ha":1.0,"LC":"9:0.440695,13:0.559305","XMIN":725844.86160847,"YMIN":8517663.36992662,"XMAX":725944.86160847,"YMAX":8517763.36992662},"geometry":{"type":"Polygon","coordinates":[[[-72.91345358897763,-13.400108240018548],[-72.91346138236548,-13.399204599662408],[-72.9143844225053,-13.399212227291486],[-72.91437663255897,-13.400115868180556],[-72.91345358897763,-13.400108240018548]]]}},{"type":"Feature","properties":{"Cell_ID":450,"Area_ha":1.0,"LC":"5:0.397960,9:0.079305,13:0.522735","XMIN":725844.86160847,"YMIN":8517563.36992662,"XMAX":725944.86160847,"YMAX":8517663.36992662},"geometry":{"type":"Polygon","coordinates":[[[-72.91344579501563,-13.401011880305694],[-72.91345358897763,-13.400108240018548],[-72.91437663255897,-13.400115868180556],[-72.91436884203877,-13.40101950900063],[-72.91344579501563,-13.401011880305694]]]}},{"type":"Feature","properties":{"Cell_ID":451,"Area_ha":1.0,"LC":"5:0.989424,13:0.010576","XMIN":725844.86160847,"YMIN":8517463.36992662,"XMAX":725944.86160847,"YMAX":8517563.36992662},"geometry":{"type":"Polygon","coordinates":[[[-72.91343800047947,-13.401915520523836],[-72.91344579501563,-13.401011880305694],[-72.91436884203877,-13.40101950900063],[-72.91436105094466,-13.401923149751708],[-72.91343800047947,-13.401915520523836]]]}},{"type":"Feature","properties":{"Cell_ID":452,"Area_ha":1.0,"LC":"3:0.168006,5:0.727146,13:0.104847","XMIN":725844.86160847,"YMIN":8517363.36992662,"XMAX":725944.86160847,"YMAX":8517463.36992662},"geometry":{"type":"Polygon","coordinates":[[[-72.91343020536917,-13.402819160672966],[-72.91343800047947,-13.401915520523836],[-72.91436105094466,-13.401923149751708],[-72.91435325927664,-13.402826790433776],[-72.91343020536917,-13.402819160672966]]]}},{"type":"Feature","properties":{"Cell_ID":453,"Area_ha":1.0,"LC":"3:0.535500,5:0.454106,13:0.010394","XMIN":725844.86160847,"YMIN":8517263.36992662,"XMAX":725944.86160847,"YMAX":8517363.36992662},"geometry":{"type":"Polygon","coordinates":[[[-72.91342240968467,-13.403722800753085],[-72.91343020536917,-13.402819160672966],[-72.91435325927664,-13.402826790433776],[-72.91434546703468,-13.403730431046842],[-72.91342240968467,-13.403722800753085]]]}},{"type":"Feature","properties":{"Cell_ID":454,"Area_ha":1.0,"LC":"3:0.825728,5:0.174272","XMIN":725844.86160847,"YMIN":8517163.36992662,"XMAX":725944.86160847,"YMAX":8517263.36992662},"geometry":{"type":"Polygon","coordinates":[[[-72.91341461342599,-13.40462644076419],[-72.91342240968467,-13.403722800753085],[-72.91434546703468,-13.403730431046842],[-72.9143376742188,-13.40463407159089],[-72.91341461342599,-13.40462644076419]]]}},{"type":"Feature","properties":{"Cell_ID":455,"Area_ha":1.0,"LC":"3:0.979031,5:0.020969","XMIN":725844.86160847,"YMIN":8517063.36992662,"XMAX":725944.86160847,"YMAX":8517163.36992662},"geometry":{"type":"Polygon","coordinates":[[[-72.9134068165931,-13.405530080706267],[-72.91341461342599,-13.40462644076419],[-72.9143376742188,-13.40463407159089],[-72.91432988082897,-13.40553771206592],[-72.9134068165931,-13.405530080706267]]]}},{"type":"Feature","properties":{"Cell_ID":456,"Area_ha":1.0,"LC":"3:0.899826,6:0.100174","XMIN":725844.86160847,"YMIN":8516963.36992662,"XMAX":725944.86160847,"YMAX":8517063.36992662},"geometry":{"type":"Polygon","coordinates":[[[-72.913399019186,-13.406433720579324],[-72.9134068165931,-13.405530080706267],[-72.91432988082897,-13.40553771206592],[-72.91432208686518,-13.406441352471926],[-72.913399019186,-13.406433720579324]]]}},{"type":"Feature","properties":{"Cell_ID":457,"Area_ha":1.0,"LC":"3:0.657887,6:0.342113","XMIN":725844.86160847,"YMIN":8516863.36992662,"XMAX":725944.86160847,"YMAX":8516963.36992662},"geometry":{"type":"Polygon","coordinates":[[[-72.91339122120469,-13.40733736038335],[-72.913399019186,-13.406433720579324],[-72.91432208686518,-13.406441352471926],[-72.91431429232743,-13.40734499280891],[-72.91339122120469,-13.40733736038335]]]}},{"type":"Feature","properties":{"Cell_ID":458,"Area_ha":1.0,"LC":"3:0.878408,6:0.121592","XMIN":725844.86160847,"YMIN":8516763.36992662,"XMAX":725944.86160847,"YMAX":8516863.36992662},"geometry":{"type":"Polygon","coordinates":[[[-72.91338342264915,-13.408241000118338],[-72.91339122120469,-13.40733736038335],[-72.91431429232743,-13.40734499280891],[-72.91430649721572,-13.408248633076859],[-72.91338342264915,-13.408241000118338]]]}},{"type":"Feature","properties":{"Cell_ID":459,"Area_ha":1.0,"LC":"3:1.000000","XMIN":725844.86160847,"YMIN":8516663.36992662,"XMAX":725944.86160847,"YMAX":8516763.36992662},"geometry":{"type":"Polygon","coordinates":[[[-72.91337562351937,-13.409144639784289],[-72.91338342264915,-13.408241000118338],[-72.91430649721572,-13.408248633076859],[-72.91429870153,-13.409152273275776],[-72.91337562351937,-13.409144639784289]]]}},{"type":"Feature","properties":{"Cell_ID":460,"Area_ha":1.0,"LC":"3:0.747138,5:0.252862","XMIN":725844.86160847,"YMIN":8516563.36992662,"XMAX":725944.86160847,"YMAX":8516663.36992662},"geometry":{"type":"Polygon","coordinates":[[[-72.91336782381534,-13.410048279381195],[-72.91337562351937,-13.409144639784289],[-72.91429870153,-13.409152273275776],[-72.91429090527029,-13.410055913405653],[-72.91336782381534,-13.410048279381195]]]}},{"type":"Feature","properties":{"Cell_ID":461,"Area_ha":1.0,"LC":"3:0.555326,5:0.171985,6:0.272688","XMIN":725844.86160847,"YMIN":8516463.36992662,"XMAX":725944.86160847,"YMAX":8516563.36992662},"geometry":{"type":"Polygon","coordinates":[[[-72.91336002353705,-13.410951918909054],[-72.91336782381534,-13.410048279381195],[-72.91429090527029,-13.410055913405653],[-72.91428310843659,-13.410959553466483],[-72.91336002353705,-13.410951918909054]]]}},{"type":"Feature","properties":{"Cell_ID":462,"Area_ha":1.0,"LC":"3:0.889780,6:0.110220","XMIN":725844.86160847,"YMIN":8516363.36992662,"XMAX":725944.86160847,"YMAX":8516463.36992662},"geometry":{"type":"Polygon","coordinates":[[[-72.91335222268451,-13.411855558367861],[-72.91336002353705,-13.410951918909054],[-72.91428310843659,-13.410959553466483],[-72.91427531102886,-13.411863193458267],[-72.91335222268451,-13.411855558367861]]]}},{"type":"Feature","properties":{"Cell_ID":463,"Area_ha":1.0,"LC":"2:0.184052,3:0.815948","XMIN":725844.86160847,"YMIN":8516263.36992662,"XMAX":725944.86160847,"YMAX":8516363.36992662},"geometry":{"type":"Polygon","coordinates":[[[-72.91334442125766,-13.412759197757612],[-72.91335222268451,-13.411855558367861],[-72.91427531102886,-13.411863193458267],[-72.91426751304711,-13.412766833381003],[-72.91334442125766,-13.412759197757612]]]}},{"type":"Feature","properties":{"Cell_ID":464,"Area_ha":1.0,"LC":"2:0.257092,3:0.732333,6:0.010576","XMIN":725844.86160847,"YMIN":8516163.36992662,"XMAX":725944.86160847,"YMAX":8516263.36992662},"geometry":{"type":"Polygon","coordinates":[[[-72.91333661925653,-13.413662837078302],[-72.91334442125766,-13.412759197757612],[-72.91426751304711,-13.412766833381003],[-72.91425971449132,-13.413670473234674],[-72.91333661925653,-13.413662837078302]]]}},{"type":"Feature","properties":{"Cell_ID":465,"Area_ha":1.0,"LC":"2:0.019826,3:0.948811,6:0.031363","XMIN":725844.86160847,"YMIN":8516063.36992662,"XMAX":725944.86160847,"YMAX":8516163.36992662},"geometry":{"type":"Polygon","coordinates":[[[-72.91332881668112,-13.414566476329927],[-72.91333661925653,-13.413662837078302],[-72.91425971449132,-13.413670473234674],[-72.91425191536149,-13.41457411301929],[-72.91332881668112,-13.414566476329927]]]}},{"type":"Feature","properties":{"Cell_ID":466,"Area_ha":1.0,"LC":"3:0.979031,6:0.020969","XMIN":725844.86160847,"YMIN":8515963.36992662,"XMAX":725944.86160847,"YMAX":8516063.36992662},"geometry":{"type":"Polygon","coordinates":[[[-72.91332101353137,-13.415470115512482],[-72.91332881668112,-13.414566476329927],[-72.91425191536149,-13.41457411301929],[-72.91424411565758,-13.415477752734837],[-72.91332101353137,-13.415470115512482]]]}},{"type":"Feature","properties":{"Cell_ID":467,"Area_ha":1.0,"LC":"2:0.019031,3:0.980969","XMIN":725844.86160847,"YMIN":8515863.36992662,"XMAX":725944.86160847,"YMAX":8515963.36992662},"geometry":{"type":"Polygon","coordinates":[[[-72.91331320980731,-13.416373754625962],[-72.91332101353137,-13.415470115512482],[-72.91424411565758,-13.415477752734837],[-72.91423631537961,-13.416381392381311],[-72.91331320980731,-13.416373754625962]]]}},{"type":"Feature","properties":{"Cell_ID":468,"Area_ha":1.0,"LC":"3:1.000000","XMIN":725844.86160847,"YMIN":8515763.36992662,"XMAX":725944.86160847,"YMAX":8515863.36992662},"geometry":{"type":"Polygon","coordinates":[[[-72.91330540550892,-13.417277393670366],[-72.91331320980731,-13.416373754625962],[-72.91423631537961,-13.416381392381311],[-72.9142285145276,-13.417285031958714],[-72.91330540550892,-13.417277393670366]]]}},{"type":"Feature","properties":{"Cell_ID":469,"Area_ha":1.0,"LC":"16:0.519580,17:0.027924","XMIN":725944.86160847,"YMIN":8519263.36992662,"XMAX":726044.86160847,"YMAX":8519363.36992662},"geometry":{"type":"Polygon","coordinates":[[[-72.91265522631933,-13.385642363041821],[-72.91266301395967,-13.384738722115378],[-72.91358599849544,-13.384746344583695],[-72.91357821429256,-13.385649986043244],[-72.91265522631933,-13.385642363041821]]]}},{"type":"Feature","properties":{"Cell_ID":470,"Area_ha":1.0,"LC":"16:1.000000","XMIN":725944.86160847,"YMIN":8519163.36992662,"XMAX":726044.86160847,"YMAX":8519263.36992662},"geometry":{"type":"Polygon","coordinates":[[[-72.91264743810471,-13.386546003899332],[-72.91265522631933,-13.385642363041821],[-72.91357821429256,-13.385649986043244],[-72.91357042951567,-13.386553627433859],[-72.91264743810471,-13.386546003899332]]]}},{"type":"Feature","properties":{"Cell_ID":471,"Area_ha":1.0,"LC":"16:1.000000","XMIN":725944.86160847,"YMIN":8519063.36992662,"XMAX":726044.86160847,"YMAX":8519163.36992662},"geometry":{"type":"Polygon","coordinates":[[[-72.91263964931588,-13.387449644687907],[-72.91264743810471,-13.386546003899332],[-72.91357042951567,-13.386553627433859],[-72.91356264416481,-13.38745726875554],[-72.91263964931588,-13.387449644687907]]]}},{"type":"Feature","properties":{"Cell_ID":472,"Area_ha":1.0,"LC":"13:0.900869,16:0.099131","XMIN":725944.86160847,"YMIN":8518963.36992662,"XMAX":726044.86160847,"YMAX":8519063.36992662},"geometry":{"type":"Polygon","coordinates":[[[-72.91263185995278,-13.388353285407538],[-72.91263964931588,-13.387449644687907],[-72.91356264416481,-13.38745726875554],[-72.91355485823993,-13.388360910008284],[-72.91263185995278,-13.388353285407538]]]}},{"type":"Feature","properties":{"Cell_ID":473,"Area_ha":1.0,"LC":"13:1.000000","XMIN":725944.86160847,"YMIN":8518863.36992662,"XMAX":726044.86160847,"YMAX":8518963.36992662},"geometry":{"type":"Polygon","coordinates":[[[-72.91262407001541,-13.38925692605822],[-72.91263185995278,-13.388353285407538],[-72.91355485823993,-13.388360910008284],[-72.91354707174105,-13.389264551192083],[-72.91262407001541,-13.38925692605822]]]}},{"type":"Feature","properties":{"Cell_ID":474,"Area_ha":1.0,"LC":"5:0.100869,13:0.899131","XMIN":725944.86160847,"YMIN":8518763.36992662,"XMAX":726044.86160847,"YMAX":8518863.36992662},"geometry":{"type":"Polygon","coordinates":[[[-72.91261627950377,-13.39016056663995],[-72.91262407001541,-13.38925692605822],[-72.91354707174105,-13.389264551192083],[-72.91353928466815,-13.390168192306938],[-72.91261627950377,-13.39016056663995]]]}},{"type":"Feature","properties":{"Cell_ID":475,"Area_ha":1.0,"LC":"5:1.000000","XMIN":725944.86160847,"YMIN":8518663.36992662,"XMAX":726044.86160847,"YMAX":8518763.36992662},"geometry":{"type":"Polygon","coordinates":[[[-72.91260848841783,-13.39106420715273],[-72.91261627950377,-13.39016056663995],[-72.91353928466815,-13.390168192306938],[-72.9135314970212,-13.391071833352838],[-72.91260848841783,-13.39106420715273]]]}},{"type":"Feature","properties":{"Cell_ID":476,"Area_ha":1.0,"LC":"5:0.949077,13:0.050923","XMIN":725944.86160847,"YMIN":8518563.36992662,"XMAX":726044.86160847,"YMAX":8518663.36992662},"geometry":{"type":"Polygon","coordinates":[[[-72.91260069675761,-13.391967847596547],[-72.91260848841783,-13.39106420715273],[-72.9135314970212,-13.391071833352838],[-72.91352370880021,-13.391975474329785],[-72.91260069675761,-13.391967847596547]]]}},{"type":"Feature","properties":{"Cell_ID":477,"Area_ha":1.0,"LC":"5:0.328984,13:0.671016","XMIN":725944.86160847,"YMIN":8518463.36992662,"XMAX":726044.86160847,"YMAX":8518563.36992662},"geometry":{"type":"Polygon","coordinates":[[[-72.91259290452307,-13.3928714879714],[-72.91260069675761,-13.391967847596547],[-72.91352370880021,-13.391975474329785],[-72.91351592000517,-13.392879115237767],[-72.91259290452307,-13.3928714879714]]]}},{"type":"Feature","properties":{"Cell_ID":478,"Area_ha":1.0,"LC":"5:0.853311,13:0.146689","XMIN":725944.86160847,"YMIN":8518363.36992662,"XMAX":726044.86160847,"YMAX":8518463.36992662},"geometry":{"type":"Polygon","coordinates":[[[-72.91258511171421,-13.393775128277285],[-72.91259290452307,-13.3928714879714],[-72.91351592000517,-13.392879115237767],[-72.91350813063606,-13.393782756076789],[-72.91258511171421,-13.393775128277285]]]}},{"type":"Feature","properties":{"Cell_ID":479,"Area_ha":1.0,"LC":"5:0.971537,13:0.028463","XMIN":725944.86160847,"YMIN":8518263.36992662,"XMAX":726044.86160847,"YMAX":8518363.36992662},"geometry":{"type":"Polygon","coordinates":[[[-72.91257731833102,-13.394678768514197],[-72.91258511171421,-13.393775128277285],[-72.91350813063606,-13.393782756076789],[-72.91350034069288,-13.39468639684684],[-72.91257731833102,-13.394678768514197]]]}},{"type":"Feature","properties":{"Cell_ID":480,"Area_ha":1.0,"LC":"5:1.000000","XMIN":725944.86160847,"YMIN":8518163.36992662,"XMAX":726044.86160847,"YMAX":8518263.36992662},"geometry":{"type":"Polygon","coordinates":[[[-72.9125695243735,-13.395582408682131],[-72.91257731833102,-13.394678768514197],[-72.91350034069288,-13.39468639684684],[-72.91349255017562,-13.39559003754792],[-72.9125695243735,-13.395582408682131]]]}},{"type":"Feature","properties":{"Cell_ID":481,"Area_ha":1.0,"LC":"5:0.337193,13:0.662807","XMIN":725944.86160847,"YMIN":8518063.36992662,"XMAX":726044.86160847,"YMAX":8518163.36992662},"geometry":{"type":"Polygon","coordinates":[[[-72.91256172984163,-13.396486048781084],[-72.9125695243735,-13.395582408682131],[-72.91349255017562,-13.39559003754792],[-72.91348475908426,-13.396493678180017],[-72.91256172984163,-13.396486048781084]]]}},{"type":"Feature","properties":{"Cell_ID":482,"Area_ha":1.0,"LC":"5:0.066689,9:0.140521,13:0.792789","XMIN":725944.86160847,"YMIN":8517963.36992662,"XMAX":726044.86160847,"YMAX":8518063.36992662},"geometry":{"type":"Polygon","coordinates":[[[-72.91255393473539,-13.397389688811048],[-72.91256172984163,-13.396486048781084],[-72.91348475908426,-13.396493678180017],[-72.91347696741879,-13.397397318743137],[-72.91255393473539,-13.397389688811048]]]}},{"type":"Feature","properties":{"Cell_ID":483,"Area_ha":1.0,"LC":"5:0.009433,9:0.801939,13:0.188628","XMIN":725944.86160847,"YMIN":8517863.36992662,"XMAX":726044.86160847,"YMAX":8517963.36992662},"geometry":{"type":"Polygon","coordinates":[[[-72.91254613905478,-13.398293328772025],[-72.91255393473539,-13.397389688811048],[-72.91347696741879,-13.397397318743137],[-72.9134691751792,-13.398300959237266],[-72.91254613905478,-13.398293328772025]]]}},{"type":"Feature","properties":{"Cell_ID":484,"Area_ha":1.0,"LC":"9:0.259479,13:0.740521","XMIN":725944.86160847,"YMIN":8517763.36992662,"XMAX":726044.86160847,"YMAX":8517863.36992662},"geometry":{"type":"Polygon","coordinates":[[[-72.9125383427998,-13.399196968664008],[-72.91254613905478,-13.398293328772025],[-72.9134691751792,-13.398300959237266],[-72.91346138236548,-13.399204599662408],[-72.9125383427998,-13.399196968664008]]]}},{"type":"Feature","properties":{"Cell_ID":485,"Area_ha":1.0,"LC":"5:0.192688,13:0.807312","XMIN":725944.86160847,"YMIN":8517663.36992662,"XMAX":726044.86160847,"YMAX":8517763.36992662},"geometry":{"type":"Polygon","coordinates":[[[-72.91253054597043,-13.400100608486987],[-72.9125383427998,-13.399196968664008],[-72.91346138236548,-13.399204599662408],[-72.91345358897763,-13.400108240018548],[-72.91253054597043,-13.400100608486987]]]}},{"type":"Feature","properties":{"Cell_ID":486,"Area_ha":1.0,"LC":"5:0.174272,13:0.825728","XMIN":725944.86160847,"YMIN":8517563.36992662,"XMAX":726044.86160847,"YMAX":8517663.36992662},"geometry":{"type":"Polygon","coordinates":[[[-72.91252274856666,-13.401004248240968],[-72.91253054597043,-13.400100608486987],[-72.91345358897763,-13.400108240018548],[-72.91344579501563,-13.401011880305694],[-72.91252274856666,-13.401004248240968]]]}},{"type":"Feature","properties":{"Cell_ID":487,"Area_ha":1.0,"LC":"5:0.175948,13:0.824052","XMIN":725944.86160847,"YMIN":8517463.36992662,"XMAX":726044.86160847,"YMAX":8517563.36992662},"geometry":{"type":"Polygon","coordinates":[[[-72.91251495058847,-13.401907887925937],[-72.91252274856666,-13.401004248240968],[-72.91344579501563,-13.401011880305694],[-72.91343800047947,-13.401915520523836],[-72.91251495058847,-13.401907887925937]]]}},{"type":"Feature","properties":{"Cell_ID":488,"Area_ha":1.0,"LC":"13:1.000000","XMIN":725944.86160847,"YMIN":8517363.36992662,"XMAX":726044.86160847,"YMAX":8517463.36992662},"geometry":{"type":"Polygon","coordinates":[[[-72.91250715203587,-13.402811527541896],[-72.91251495058847,-13.401907887925937],[-72.91343800047947,-13.401915520523836],[-72.91343020536917,-13.402819160672966],[-72.91250715203587,-13.402811527541896]]]}},{"type":"Feature","properties":{"Cell_ID":489,"Area_ha":1.0,"LC":"5:0.738930,13:0.261070","XMIN":725944.86160847,"YMIN":8517263.36992662,"XMAX":726044.86160847,"YMAX":8517363.36992662},"geometry":{"type":"Polygon","coordinates":[[[-72.91249935290882,-13.403715167088837],[-72.91250715203587,-13.402811527541896],[-72.91343020536917,-13.402819160672966],[-72.91342240968467,-13.403722800753085],[-72.91249935290882,-13.403715167088837]]]}},{"type":"Feature","properties":{"Cell_ID":490,"Area_ha":1.0,"LC":"3:0.622807,5:0.377193","XMIN":725944.86160847,"YMIN":8517163.36992662,"XMAX":726044.86160847,"YMAX":8517263.36992662},"geometry":{"type":"Polygon","coordinates":[[[-72.91249155320736,-13.404618806566756],[-72.91249935290882,-13.403715167088837],[-72.91342240968467,-13.403722800753085],[-72.91341461342599,-13.40462644076419],[-72.91249155320736,-13.404618806566756]]]}},{"type":"Feature","properties":{"Cell_ID":491,"Area_ha":1.0,"LC":"3:0.286964,5:0.713036","XMIN":725944.86160847,"YMIN":8517063.36992662,"XMAX":726044.86160847,"YMAX":8517163.36992662},"geometry":{"type":"Polygon","coordinates":[[[-72.91248375293142,-13.40552244597565],[-72.91249155320736,-13.404618806566756],[-72.91341461342599,-13.40462644076419],[-72.9134068165931,-13.405530080706267],[-72.91248375293142,-13.40552244597565]]]}},{"type":"Feature","properties":{"Cell_ID":492,"Area_ha":1.0,"LC":"3:0.495153,5:0.504847","XMIN":725944.86160847,"YMIN":8516963.36992662,"XMAX":726044.86160847,"YMAX":8517063.36992662},"geometry":{"type":"Polygon","coordinates":[[[-72.91247595208104,-13.406426085315518],[-72.91248375293142,-13.40552244597565],[-72.9134068165931,-13.405530080706267],[-72.913399019186,-13.406433720579324],[-72.91247595208104,-13.406426085315518]]]}},{"type":"Feature","properties":{"Cell_ID":493,"Area_ha":1.0,"LC":"3:0.097092,5:0.784847,6:0.118061","XMIN":725944.86160847,"YMIN":8516863.36992662,"XMAX":726044.86160847,"YMAX":8516963.36992662},"geometry":{"type":"Polygon","coordinates":[[[-72.91246815065618,-13.407329724586349],[-72.91247595208104,-13.406426085315518],[-72.913399019186,-13.406433720579324],[-72.91339122120469,-13.40733736038335],[-72.91246815065618,-13.407329724586349]]]}},{"type":"Feature","properties":{"Cell_ID":494,"Area_ha":1.0,"LC":"3:0.316918,5:0.504500,6:0.038061,14:0.140521","XMIN":725944.86160847,"YMIN":8516763.36992662,"XMAX":726044.86160847,"YMAX":8516863.36992662},"geometry":{"type":"Polygon","coordinates":[[[-72.91246034865684,-13.40823336378814],[-72.91246815065618,-13.407329724586349],[-72.91339122120469,-13.40733736038335],[-72.91338342264915,-13.408241000118338],[-72.91246034865684,-13.40823336378814]]]}},{"type":"Feature","properties":{"Cell_ID":495,"Area_ha":1.0,"LC":"3:0.095153,5:0.665195,14:0.239653","XMIN":725944.86160847,"YMIN":8516663.36992662,"XMAX":726044.86160847,"YMAX":8516763.36992662},"geometry":{"type":"Polygon","coordinates":[[[-72.91245254608299,-13.409137002920891],[-72.91246034865684,-13.40823336378814],[-72.91338342264915,-13.408241000118338],[-72.91337562351937,-13.409144639784289],[-72.91245254608299,-13.409137002920891]]]}},{"type":"Feature","properties":{"Cell_ID":496,"Area_ha":1.0,"LC":"3:0.098417,5:0.681757,14:0.219826","XMIN":725944.86160847,"YMIN":8516563.36992662,"XMAX":726044.86160847,"YMAX":8516663.36992662},"geometry":{"type":"Polygon","coordinates":[[[-72.91244474293465,-13.410040641984596],[-72.91245254608299,-13.409137002920891],[-72.91337562351937,-13.409144639784289],[-72.91336782381534,-13.410048279381195],[-72.91244474293465,-13.410040641984596]]]}},{"type":"Feature","properties":{"Cell_ID":497,"Area_ha":1.0,"LC":"3:0.704847,5:0.167146,6:0.128006","XMIN":725944.86160847,"YMIN":8516463.36992662,"XMAX":726044.86160847,"YMAX":8516563.36992662},"geometry":{"type":"Polygon","coordinates":[[[-72.9124369392118,-13.410944280979248],[-72.91244474293465,-13.410040641984596],[-72.91336782381534,-13.410048279381195],[-72.91336002353705,-13.410951918909054],[-72.9124369392118,-13.410944280979248]]]}},{"type":"Feature","properties":{"Cell_ID":498,"Area_ha":1.0,"LC":"2:0.040347,3:0.350220,6:0.609433","XMIN":725944.86160847,"YMIN":8516363.36992662,"XMAX":726044.86160847,"YMAX":8516463.36992662},"geometry":{"type":"Polygon","coordinates":[[[-72.91242913491443,-13.41184791990484],[-72.9124369392118,-13.410944280979248],[-72.91336002353705,-13.410951918909054],[-72.91335222268451,-13.411855558367861],[-72.91242913491443,-13.41184791990484]]]}},{"type":"Feature","properties":{"Cell_ID":499,"Area_ha":1.0,"LC":"2:0.565720,3:0.354627,6:0.079653","XMIN":725944.86160847,"YMIN":8516263.36992662,"XMAX":726044.86160847,"YMAX":8516363.36992662},"geometry":{"type":"Polygon","coordinates":[[[-72.9124213300425,-13.412751558761373],[-72.91242913491443,-13.41184791990484],[-72.91335222268451,-13.411855558367861],[-72.91334442125766,-13.412759197757612],[-72.9124213300425,-13.412751558761373]]]}},{"type":"Feature","properties":{"Cell_ID":500,"Area_ha":1.0,"LC":"2:0.108116,3:0.711016,6:0.180869","XMIN":725944.86160847,"YMIN":8516163.36992662,"XMAX":726044.86160847,"YMAX":8516263.36992662},"geometry":{"type":"Polygon","coordinates":[[[-72.91241352459606,-13.413655197548843],[-72.9124213300425,-13.412751558761373],[-72.91334442125766,-13.412759197757612],[-72.91333661925653,-13.413662837078302],[-72.91241352459606,-13.413655197548843]]]}},{"type":"Feature","properties":{"Cell_ID":501,"Area_ha":1.0,"LC":"3:0.066689,5:0.333658,6:0.599653","XMIN":725944.86160847,"YMIN":8516063.36992662,"XMAX":726044.86160847,"YMAX":8516163.36992662},"geometry":{"type":"Polygon","coordinates":[[[-72.91240571857504,-13.414558836267247],[-72.91241352459606,-13.413655197548843],[-72.91333661925653,-13.413662837078302],[-72.91332881668112,-13.414566476329927],[-72.91240571857504,-13.414558836267247]]]}},{"type":"Feature","properties":{"Cell_ID":502,"Area_ha":1.0,"LC":"3:0.208637,5:0.030220,6:0.761143","XMIN":725944.86160847,"YMIN":8515963.36992662,"XMAX":726044.86160847,"YMAX":8516063.36992662},"geometry":{"type":"Polygon","coordinates":[[[-72.91239791197948,-13.415462474916573],[-72.91240571857504,-13.414558836267247],[-72.91332881668112,-13.414566476329927],[-72.91332101353137,-13.415470115512482],[-72.91239791197948,-13.415462474916573]]]}},{"type":"Feature","properties":{"Cell_ID":503,"Area_ha":1.0,"LC":"5:0.020969,16:0.740869,17:0.187606","XMIN":726044.86160847,"YMIN":8519263.36992662,"XMAX":726144.86160847,"YMAX":8519363.36992662},"geometry":{"type":"Polygon","coordinates":[[[-72.91173223892032,-13.385634736674621],[-72.91174002999814,-13.384731096281513],[-72.91266301395967,-13.384738722115378],[-72.91265522631933,-13.385642363041821],[-72.91173223892032,-13.385634736674621]]]}},{"type":"Feature","properties":{"Cell_ID":504,"Area_ha":1.0,"LC":"13:0.041939,16:0.958061","XMIN":726044.86160847,"YMIN":8519163.36992662,"XMAX":726144.86160847,"YMAX":8519263.36992662},"geometry":{"type":"Polygon","coordinates":[[[-72.91172444726801,-13.386538376998788],[-72.91173223892032,-13.385634736674621],[-72.91265522631933,-13.385642363041821],[-72.91264743810471,-13.386546003899332],[-72.91172444726801,-13.386538376998788]]]}},{"type":"Feature","properties":{"Cell_ID":505,"Area_ha":1.0,"LC":"13:0.020174,16:0.979826","XMIN":726044.86160847,"YMIN":8519063.36992662,"XMAX":726144.86160847,"YMAX":8519163.36992662},"geometry":{"type":"Polygon","coordinates":[[[-72.91171665504122,-13.387442017254019],[-72.91172444726801,-13.386538376998788],[-72.91264743810471,-13.386546003899332],[-72.91263964931588,-13.387449644687907],[-72.91171665504122,-13.387442017254019]]]}},{"type":"Feature","properties":{"Cell_ID":506,"Area_ha":1.0,"LC":"13:0.756817,16:0.243183","XMIN":726044.86160847,"YMIN":8518963.36992662,"XMAX":726144.86160847,"YMAX":8519063.36992662},"geometry":{"type":"Polygon","coordinates":[[[-72.91170886223989,-13.3883456574403],[-72.91171665504122,-13.387442017254019],[-72.91263964931588,-13.387449644687907],[-72.91263185995278,-13.388353285407538],[-72.91170886223989,-13.3883456574403]]]}},{"type":"Feature","properties":{"Cell_ID":507,"Area_ha":1.0,"LC":"13:0.919305,16:0.080695","XMIN":726044.86160847,"YMIN":8518863.36992662,"XMAX":726144.86160847,"YMAX":8518963.36992662},"geometry":{"type":"Polygon","coordinates":[[[-72.91170106886405,-13.389249297557633],[-72.91170886223989,-13.3883456574403],[-72.91263185995278,-13.388353285407538],[-72.91262407001541,-13.38925692605822],[-72.91170106886405,-13.389249297557633]]]}},{"type":"Feature","properties":{"Cell_ID":508,"Area_ha":1.0,"LC":"5:0.009598,13:0.431097,16:0.559305","XMIN":726044.86160847,"YMIN":8518763.36992662,"XMAX":726144.86160847,"YMAX":8518863.36992662},"geometry":{"type":"Polygon","coordinates":[[[-72.91169327491369,-13.390152937606011],[-72.91170106886405,-13.389249297557633],[-72.91262407001541,-13.38925692605822],[-72.91261627950377,-13.39016056663995],[-72.91169327491369,-13.390152937606011]]]}},{"type":"Feature","properties":{"Cell_ID":509,"Area_ha":1.0,"LC":"5:0.475326,13:0.472159,16:0.052515","XMIN":726044.86160847,"YMIN":8518663.36992662,"XMAX":726144.86160847,"YMAX":8518763.36992662},"geometry":{"type":"Polygon","coordinates":[[[-72.91168548038877,-13.39105657758543],[-72.91169327491369,-13.390152937606011],[-72.91261627950377,-13.39016056663995],[-72.91260848841783,-13.39106420715273],[-72.91168548038877,-13.39105657758543]]]}},{"type":"Feature","properties":{"Cell_ID":510,"Area_ha":1.0,"LC":"5:0.678243,13:0.290394,16:0.031363","XMIN":726044.86160847,"YMIN":8518563.36992662,"XMAX":726144.86160847,"YMAX":8518663.36992662},"geometry":{"type":"Polygon","coordinates":[[[-72.9116776852893,-13.391960217495884],[-72.91168548038877,-13.39105657758543],[-72.91260848841783,-13.39106420715273],[-72.91260069675761,-13.391967847596547],[-72.9116776852893,-13.391960217495884]]]}},{"type":"Feature","properties":{"Cell_ID":511,"Area_ha":1.0,"LC":"5:0.754793,13:0.245207","XMIN":726044.86160847,"YMIN":8518463.36992662,"XMAX":726144.86160847,"YMAX":8518563.36992662},"geometry":{"type":"Polygon","coordinates":[[[-72.91166988961528,-13.392863857337368],[-72.9116776852893,-13.391960217495884],[-72.91260069675761,-13.391967847596547],[-72.91259290452307,-13.3928714879714],[-72.91166988961528,-13.392863857337368]]]}},{"type":"Feature","properties":{"Cell_ID":512,"Area_ha":1.0,"LC":"5:1.000000","XMIN":726044.86160847,"YMIN":8518363.36992662,"XMAX":726144.86160847,"YMAX":8518463.36992662},"geometry":{"type":"Polygon","coordinates":[[[-72.91166209336669,-13.393767497109884],[-72.91166988961528,-13.392863857337368],[-72.91259290452307,-13.3928714879714],[-72.91258511171421,-13.393775128277285],[-72.91166209336669,-13.393767497109884]]]}},{"type":"Feature","properties":{"Cell_ID":513,"Area_ha":1.0,"LC":"5:1.000000","XMIN":726044.86160847,"YMIN":8518263.36992662,"XMAX":726144.86160847,"YMAX":8518363.36992662},"geometry":{"type":"Polygon","coordinates":[[[-72.9116542965435,-13.394671136813416],[-72.91166209336669,-13.393767497109884],[-72.91258511171421,-13.393775128277285],[-72.91257731833102,-13.394678768514197],[-72.9116542965435,-13.394671136813416]]]}},{"type":"Feature","properties":{"Cell_ID":514,"Area_ha":1.0,"LC":"5:1.000000","XMIN":726044.86160847,"YMIN":8518163.36992662,"XMAX":726144.86160847,"YMAX":8518263.36992662},"geometry":{"type":"Polygon","coordinates":[[[-72.91164649914573,-13.395574776447974],[-72.9116542965435,-13.394671136813416],[-72.91257731833102,-13.394678768514197],[-72.9125695243735,-13.395582408682131],[-72.91164649914573,-13.395574776447974]]]}},{"type":"Feature","properties":{"Cell_ID":515,"Area_ha":1.0,"LC":"5:0.752789,13:0.247211","XMIN":726044.86160847,"YMIN":8518063.36992662,"XMAX":726144.86160847,"YMAX":8518163.36992662},"geometry":{"type":"Polygon","coordinates":[[[-72.91163870117336,-13.396478416013545],[-72.91164649914573,-13.395574776447974],[-72.9125695243735,-13.395582408682131],[-72.91256172984163,-13.396486048781084],[-72.91163870117336,-13.396478416013545]]]}},{"type":"Feature","properties":{"Cell_ID":516,"Area_ha":1.0,"LC":"5:0.152159,9:0.202286,13:0.645555","XMIN":726044.86160847,"YMIN":8517963.36992662,"XMAX":726144.86160847,"YMAX":8518063.36992662},"geometry":{"type":"Polygon","coordinates":[[[-72.91163090262637,-13.397382055510123],[-72.91163870117336,-13.396478416013545],[-72.91256172984163,-13.396486048781084],[-72.91255393473539,-13.397389688811048],[-72.91163090262637,-13.397382055510123]]]}},{"type":"Feature","properties":{"Cell_ID":517,"Area_ha":1.0,"LC":"9:0.235775,13:0.764225","XMIN":726044.86160847,"YMIN":8517863.36992662,"XMAX":726144.86160847,"YMAX":8517963.36992662},"geometry":{"type":"Polygon","coordinates":[[[-72.91162310350477,-13.39828569493771],[-72.91163090262637,-13.397382055510123],[-72.91255393473539,-13.397389688811048],[-72.91254613905478,-13.398293328772025],[-72.91162310350477,-13.39828569493771]]]}},{"type":"Feature","properties":{"Cell_ID":518,"Area_ha":1.0,"LC":"13:1.000000","XMIN":726044.86160847,"YMIN":8517763.36992662,"XMAX":726144.86160847,"YMAX":8517863.36992662},"geometry":{"type":"Polygon","coordinates":[[[-72.91161530380852,-13.3991893342963],[-72.91162310350477,-13.39828569493771],[-72.91254613905478,-13.398293328772025],[-72.9125383427998,-13.399196968664008],[-72.91161530380852,-13.3991893342963]]]}},{"type":"Feature","properties":{"Cell_ID":519,"Area_ha":1.0,"LC":"5:0.047659,13:0.952341","XMIN":726044.86160847,"YMIN":8517663.36992662,"XMAX":726144.86160847,"YMAX":8517763.36992662},"geometry":{"type":"Polygon","coordinates":[[[-72.91160750353762,-13.40009297358588],[-72.91161530380852,-13.3991893342963],[-72.9125383427998,-13.399196968664008],[-72.91253054597043,-13.400100608486987],[-72.91160750353762,-13.40009297358588]]]}},{"type":"Feature","properties":{"Cell_ID":520,"Area_ha":1.0,"LC":"5:0.095153,13:0.904847","XMIN":726044.86160847,"YMIN":8517563.36992662,"XMAX":726144.86160847,"YMAX":8517663.36992662},"geometry":{"type":"Polygon","coordinates":[[[-72.91159970269209,-13.400996612806457],[-72.91160750353762,-13.40009297358588],[-72.91253054597043,-13.400100608486987],[-72.91252274856666,-13.401004248240968],[-72.91159970269209,-13.400996612806457]]]}},{"type":"Feature","properties":{"Cell_ID":521,"Area_ha":1.0,"LC":"5:0.350402,13:0.649598","XMIN":726044.86160847,"YMIN":8517463.36992662,"XMAX":726144.86160847,"YMAX":8517563.36992662},"geometry":{"type":"Polygon","coordinates":[[[-72.91159190127189,-13.401900251958022],[-72.91159970269209,-13.400996612806457],[-72.91252274856666,-13.401004248240968],[-72.91251495058847,-13.401907887925937],[-72.91159190127189,-13.401900251958022]]]}},{"type":"Feature","properties":{"Cell_ID":522,"Area_ha":1.0,"LC":"13:1.000000","XMIN":726044.86160847,"YMIN":8517363.36992662,"XMAX":726144.86160847,"YMAX":8517463.36992662},"geometry":{"type":"Polygon","coordinates":[[[-72.91158409927701,-13.402803891040572],[-72.91159190127189,-13.401900251958022],[-72.91251495058847,-13.401907887925937],[-72.91250715203587,-13.402811527541896],[-72.91158409927701,-13.402803891040572]]]}},{"type":"Feature","properties":{"Cell_ID":523,"Area_ha":1.0,"LC":"5:0.500869,13:0.499131","XMIN":726044.86160847,"YMIN":8517263.36992662,"XMAX":726144.86160847,"YMAX":8517363.36992662},"geometry":{"type":"Polygon","coordinates":[[[-72.91157629670745,-13.403707530054099],[-72.91158409927701,-13.402803891040572],[-72.91250715203587,-13.402811527541896],[-72.91249935290882,-13.403715167088837],[-72.91157629670745,-13.403707530054099]]]}},{"type":"Feature","properties":{"Cell_ID":524,"Area_ha":1.0,"LC":"3:0.159204,5:0.840796","XMIN":726044.86160847,"YMIN":8517163.36992662,"XMAX":726144.86160847,"YMAX":8517263.36992662},"geometry":{"type":"Polygon","coordinates":[[[-72.91156849356318,-13.404611168998604],[-72.91157629670745,-13.403707530054099],[-72.91249935290882,-13.403715167088837],[-72.91249155320736,-13.404618806566756],[-72.91156849356318,-13.404611168998604]]]}},{"type":"Feature","properties":{"Cell_ID":525,"Area_ha":1.0,"LC":"3:0.522735,5:0.477265","XMIN":726044.86160847,"YMIN":8517063.36992662,"XMAX":726144.86160847,"YMAX":8517163.36992662},"geometry":{"type":"Polygon","coordinates":[[[-72.91156068984422,-13.405514807874079],[-72.91156849356318,-13.404611168998604],[-72.91249155320736,-13.404618806566756],[-72.91248375293142,-13.40552244597565],[-72.91156068984422,-13.405514807874079]]]}},{"type":"Feature","properties":{"Cell_ID":526,"Area_ha":1.0,"LC":"5:1.000000","XMIN":726044.86160847,"YMIN":8516963.36992662,"XMAX":726144.86160847,"YMAX":8517063.36992662},"geometry":{"type":"Polygon","coordinates":[[[-72.91155288555053,-13.406418446680519],[-72.91156068984422,-13.405514807874079],[-72.91248375293142,-13.40552244597565],[-72.91247595208104,-13.406426085315518],[-72.91155288555053,-13.406418446680519]]]}},{"type":"Feature","properties":{"Cell_ID":527,"Area_ha":1.0,"LC":"5:1.000000","XMIN":726044.86160847,"YMIN":8516863.36992662,"XMAX":726144.86160847,"YMAX":8516963.36992662},"geometry":{"type":"Polygon","coordinates":[[[-72.91154508068215,-13.407322085417922],[-72.91155288555053,-13.406418446680519],[-72.91247595208104,-13.406426085315518],[-72.91246815065618,-13.407329724586349],[-72.91154508068215,-13.407322085417922]]]}},{"type":"Feature","properties":{"Cell_ID":528,"Area_ha":1.0,"LC":"5:1.000000","XMIN":726044.86160847,"YMIN":8516763.36992662,"XMAX":726144.86160847,"YMAX":8516863.36992662},"geometry":{"type":"Polygon","coordinates":[[[-72.911537275239,-13.40822572408628],[-72.91154508068215,-13.407322085417922],[-72.91246815065618,-13.407329724586349],[-72.91246034865684,-13.40823336378814],[-72.911537275239,-13.40822572408628]]]}},{"type":"Feature","properties":{"Cell_ID":529,"Area_ha":1.0,"LC":"5:1.000000","XMIN":726044.86160847,"YMIN":8516663.36992662,"XMAX":726144.86160847,"YMAX":8516763.36992662},"geometry":{"type":"Polygon","coordinates":[[[-72.91152946922111,-13.409129362685595],[-72.911537275239,-13.40822572408628],[-72.91246034865684,-13.40823336378814],[-72.91245254608299,-13.409137002920891],[-72.91152946922111,-13.409129362685595]]]}},{"type":"Feature","properties":{"Cell_ID":530,"Area_ha":1.0,"LC":"3:0.161838,5:0.838162","XMIN":726044.86160847,"YMIN":8516563.36992662,"XMAX":726144.86160847,"YMAX":8516663.36992662},"geometry":{"type":"Polygon","coordinates":[[[-72.91152166262847,-13.41003300121586],[-72.91152946922111,-13.409129362685595],[-72.91245254608299,-13.409137002920891],[-72.91244474293465,-13.410040641984596],[-72.91152166262847,-13.41003300121586]]]}},{"type":"Feature","properties":{"Cell_ID":531,"Area_ha":1.0,"LC":"3:0.888107,6:0.111893","XMIN":726044.86160847,"YMIN":8516463.36992662,"XMAX":726144.86160847,"YMAX":8516563.36992662},"geometry":{"type":"Polygon","coordinates":[[[-72.91151385546107,-13.410936639677063],[-72.91152166262847,-13.41003300121586],[-72.91244474293465,-13.410040641984596],[-72.9124369392118,-13.410944280979248],[-72.91151385546107,-13.410936639677063]]]}},{"type":"Feature","properties":{"Cell_ID":532,"Area_ha":1.0,"LC":"3:0.434979,5:0.514975,6:0.050046","XMIN":726044.86160847,"YMIN":8516363.36992662,"XMAX":726144.86160847,"YMAX":8516463.36992662},"geometry":{"type":"Polygon","coordinates":[[[-72.91150604771887,-13.411840278069212],[-72.91151385546107,-13.410936639677063],[-72.9124369392118,-13.410944280979248],[-72.91242913491443,-13.41184791990484],[-72.91150604771887,-13.411840278069212]]]}},{"type":"Feature","properties":{"Cell_ID":533,"Area_ha":1.0,"LC":"3:0.667219,5:0.332781","XMIN":726044.86160847,"YMIN":8516263.36992662,"XMAX":726144.86160847,"YMAX":8516363.36992662},"geometry":{"type":"Polygon","coordinates":[[[-72.91149823940191,-13.412743916392293],[-72.91150604771887,-13.411840278069212],[-72.91242913491443,-13.41184791990484],[-72.9124213300425,-13.412751558761373],[-72.91149823940191,-13.412743916392293]]]}},{"type":"Feature","properties":{"Cell_ID":534,"Area_ha":1.0,"LC":"5:0.199552,16:0.438408,17:0.362040","XMIN":726144.86160847,"YMIN":8519263.36992662,"XMAX":726244.86160847,"YMAX":8519363.36992662},"geometry":{"type":"Polygon","coordinates":[[[-72.91080925209583,-13.385627106941651],[-72.91081704661109,-13.384723467082114],[-72.91174002999814,-13.384731096281513],[-72.91173223892032,-13.385634736674621],[-72.91080925209583,-13.385627106941651]]]}},{"type":"Feature","properties":{"Cell_ID":535,"Area_ha":1.0,"LC":"5:0.343357,13:0.509158,16:0.147485","XMIN":726144.86160847,"YMIN":8519163.36992662,"XMAX":726244.86160847,"YMAX":8519263.36992662},"geometry":{"type":"Polygon","coordinates":[[[-72.91080145700582,-13.386530746732245],[-72.91080925209583,-13.385627106941651],[-72.91173223892032,-13.385634736674621],[-72.91172444726801,-13.386538376998788],[-72.91080145700582,-13.386530746732245]]]}},{"type":"Feature","properties":{"Cell_ID":536,"Area_ha":1.0,"LC":"13:0.231812,16:0.768188","XMIN":726144.86160847,"YMIN":8519063.36992662,"XMAX":726244.86160847,"YMAX":8519163.36992662},"geometry":{"type":"Polygon","coordinates":[[[-72.91079366134106,-13.387434386453895],[-72.91080145700582,-13.386530746732245],[-72.91172444726801,-13.386538376998788],[-72.91171665504122,-13.387442017254019],[-72.91079366134106,-13.387434386453895]]]}},{"type":"Feature","properties":{"Cell_ID":537,"Area_ha":1.0,"LC":"13:0.070119,16:0.929881","XMIN":726144.86160847,"YMIN":8518963.36992662,"XMAX":726244.86160847,"YMAX":8519063.36992662},"geometry":{"type":"Polygon","coordinates":[[[-72.91078586510152,-13.388338026106593],[-72.91079366134106,-13.387434386453895],[-72.91171665504122,-13.387442017254019],[-72.91170886223989,-13.3883456574403],[-72.91078586510152,-13.388338026106593]]]}},{"type":"Feature","properties":{"Cell_ID":538,"Area_ha":1.0,"LC":"13:0.887841,16:0.112159","XMIN":726144.86160847,"YMIN":8518863.36992662,"XMAX":726244.86160847,"YMAX":8518963.36992662},"geometry":{"type":"Polygon","coordinates":[[[-72.91077806828723,-13.389241665690337],[-72.91078586510152,-13.388338026106593],[-72.91170886223989,-13.3883456574403],[-72.91170106886405,-13.389249297557633],[-72.91077806828723,-13.389241665690337]]]}},{"type":"Feature","properties":{"Cell_ID":539,"Area_ha":1.0,"LC":"13:1.000000","XMIN":726144.86160847,"YMIN":8518763.36992662,"XMAX":726244.86160847,"YMAX":8518863.36992662},"geometry":{"type":"Polygon","coordinates":[[[-72.91077027089813,-13.390145305205124],[-72.91077806828723,-13.389241665690337],[-72.91170106886405,-13.389249297557633],[-72.91169327491369,-13.390152937606011],[-72.91077027089813,-13.390145305205124]]]}},{"type":"Feature","properties":{"Cell_ID":540,"Area_ha":1.0,"LC":"13:0.661070,16:0.338930","XMIN":726144.86160847,"YMIN":8518663.36992662,"XMAX":726244.86160847,"YMAX":8518763.36992662},"geometry":{"type":"Polygon","coordinates":[[[-72.91076247293425,-13.391048944650947],[-72.91077027089813,-13.390145305205124],[-72.91169327491369,-13.390152937606011],[-72.91168548038877,-13.39105657758543],[-72.91076247293425,-13.391048944650947]]]}},{"type":"Feature","properties":{"Cell_ID":541,"Area_ha":1.0,"LC":"5:0.530293,13:0.050576,16:0.419131","XMIN":726144.86160847,"YMIN":8518563.36992662,"XMAX":726244.86160847,"YMAX":8518663.36992662},"geometry":{"type":"Polygon","coordinates":[[[-72.91075467439556,-13.391952584027802],[-72.91076247293425,-13.391048944650947],[-72.91168548038877,-13.39105657758543],[-72.9116776852893,-13.391960217495884],[-72.91075467439556,-13.391952584027802]]]}},{"type":"Feature","properties":{"Cell_ID":542,"Area_ha":1.0,"LC":"5:0.905728,13:0.094272","XMIN":726144.86160847,"YMIN":8518463.36992662,"XMAX":726244.86160847,"YMAX":8518563.36992662},"geometry":{"type":"Polygon","coordinates":[[[-72.91074687528206,-13.392856223335686],[-72.91075467439556,-13.391952584027802],[-72.9116776852893,-13.391960217495884],[-72.91166988961528,-13.392863857337368],[-72.91074687528206,-13.392856223335686]]]}},{"type":"Feature","properties":{"Cell_ID":543,"Area_ha":1.0,"LC":"5:1.000000","XMIN":726144.86160847,"YMIN":8518363.36992662,"XMAX":726244.86160847,"YMAX":8518463.36992662},"geometry":{"type":"Polygon","coordinates":[[[-72.91073907559374,-13.393759862574592],[-72.91074687528206,-13.392856223335686],[-72.91166988961528,-13.392863857337368],[-72.91166209336669,-13.393767497109884],[-72.91073907559374,-13.393759862574592]]]}},{"type":"Feature","properties":{"Cell_ID":544,"Area_ha":1.0,"LC":"5:1.000000","XMIN":726144.86160847,"YMIN":8518263.36992662,"XMAX":726244.86160847,"YMAX":8518363.36992662},"geometry":{"type":"Polygon","coordinates":[[[-72.91073127533058,-13.394663501744517],[-72.91073907559374,-13.393759862574592],[-72.91166209336669,-13.393767497109884],[-72.9116542965435,-13.394671136813416],[-72.91073127533058,-13.394663501744517]]]}},{"type":"Feature","properties":{"Cell_ID":545,"Area_ha":1.0,"LC":"5:1.000000","XMIN":726144.86160847,"YMIN":8518163.36992662,"XMAX":726244.86160847,"YMAX":8518263.36992662},"geometry":{"type":"Polygon","coordinates":[[[-72.91072347449257,-13.39556714084546],[-72.91073127533058,-13.394663501744517],[-72.9116542965435,-13.394671136813416],[-72.91164649914573,-13.395574776447974],[-72.91072347449257,-13.39556714084546]]]}},{"type":"Feature","properties":{"Cell_ID":546,"Area_ha":1.0,"LC":"5:1.000000","XMIN":726144.86160847,"YMIN":8518063.36992662,"XMAX":726244.86160847,"YMAX":8518163.36992662},"geometry":{"type":"Polygon","coordinates":[[[-72.91071567307971,-13.396470779877413],[-72.91072347449257,-13.39556714084546],[-72.91164649914573,-13.395574776447974],[-72.91163870117336,-13.396478416013545],[-72.91071567307971,-13.396470779877413]]]}},{"type":"Feature","properties":{"Cell_ID":547,"Area_ha":1.0,"LC":"5:0.871646,9:0.038061,13:0.090293","XMIN":726144.86160847,"YMIN":8517963.36992662,"XMAX":726244.86160847,"YMAX":8518063.36992662},"geometry":{"type":"Polygon","coordinates":[[[-72.91070787109197,-13.397374418840371],[-72.91071567307971,-13.396470779877413],[-72.91163870117336,-13.396478416013545],[-72.91163090262637,-13.397382055510123],[-72.91070787109197,-13.397374418840371]]]}},{"type":"Feature","properties":{"Cell_ID":548,"Area_ha":1.0,"LC":"5:0.073302,13:0.926698","XMIN":726144.86160847,"YMIN":8517863.36992662,"XMAX":726244.86160847,"YMAX":8517963.36992662},"geometry":{"type":"Polygon","coordinates":[[[-72.91070006852937,-13.39827805773433],[-72.91070787109197,-13.397374418840371],[-72.91163090262637,-13.397382055510123],[-72.91162310350477,-13.39828569493771],[-72.91070006852937,-13.39827805773433]]]}},{"type":"Feature","properties":{"Cell_ID":549,"Area_ha":1.0,"LC":"13:1.000000","XMIN":726144.86160847,"YMIN":8517763.36992662,"XMAX":726244.86160847,"YMAX":8517863.36992662},"geometry":{"type":"Polygon","coordinates":[[[-72.91069226539187,-13.399181696559289],[-72.91070006852937,-13.39827805773433],[-72.91162310350477,-13.39828569493771],[-72.91161530380852,-13.3991893342963],[-72.91069226539187,-13.399181696559289]]]}},{"type":"Feature","properties":{"Cell_ID":550,"Area_ha":1.0,"LC":"13:1.000000","XMIN":726144.86160847,"YMIN":8517663.36992662,"XMAX":726244.86160847,"YMAX":8517763.36992662},"geometry":{"type":"Polygon","coordinates":[[[-72.91068446167948,-13.400085335315236],[-72.91069226539187,-13.399181696559289],[-72.91161530380852,-13.3991893342963],[-72.91160750353762,-13.40009297358588],[-72.91068446167948,-13.400085335315236]]]}},{"type":"Feature","properties":{"Cell_ID":551,"Area_ha":1.0,"LC":"5:0.111893,13:0.888107","XMIN":726144.86160847,"YMIN":8517563.36992662,"XMAX":726244.86160847,"YMAX":8517663.36992662},"geometry":{"type":"Polygon","coordinates":[[[-72.91067665739219,-13.400988974002178],[-72.91068446167948,-13.400085335315236],[-72.91160750353762,-13.40009297358588],[-72.91159970269209,-13.400996612806457],[-72.91067665739219,-13.400988974002178]]]}},{"type":"Feature","properties":{"Cell_ID":552,"Area_ha":1.0,"LC":"5:0.269077,13:0.730923","XMIN":726144.86160847,"YMIN":8517463.36992662,"XMAX":726244.86160847,"YMAX":8517563.36992662},"geometry":{"type":"Polygon","coordinates":[[[-72.91066885252998,-13.4018926126201],[-72.91067665739219,-13.400988974002178],[-72.91159970269209,-13.400996612806457],[-72.91159190127189,-13.401900251958022],[-72.91066885252998,-13.4018926126201]]]}},{"type":"Feature","properties":{"Cell_ID":553,"Area_ha":1.0,"LC":"13:1.000000","XMIN":726144.86160847,"YMIN":8517363.36992662,"XMAX":726244.86160847,"YMAX":8517463.36992662},"geometry":{"type":"Polygon","coordinates":[[[-72.91066104709283,-13.402796251169006],[-72.91066885252998,-13.4018926126201],[-72.91159190127189,-13.401900251958022],[-72.91158409927701,-13.402803891040572],[-72.91066104709283,-13.402796251169006]]]}},{"type":"Feature","properties":{"Cell_ID":554,"Area_ha":1.0,"LC":"5:0.340869,13:0.659131","XMIN":726144.86160847,"YMIN":8517263.36992662,"XMAX":726244.86160847,"YMAX":8517363.36992662},"geometry":{"type":"Polygon","coordinates":[[[-72.91065324108075,-13.403699889648886],[-72.91066104709283,-13.402796251169006],[-72.91158409927701,-13.402803891040572],[-72.91157629670745,-13.403707530054099],[-72.91065324108075,-13.403699889648886]]]}},{"type":"Feature","properties":{"Cell_ID":555,"Area_ha":1.0,"LC":"3:0.148976,5:0.851024","XMIN":726144.86160847,"YMIN":8517163.36992662,"XMAX":726244.86160847,"YMAX":8517263.36992662},"geometry":{"type":"Polygon","coordinates":[[[-72.91064543449372,-13.404603528059738],[-72.91065324108075,-13.403699889648886],[-72.91157629670745,-13.403707530054099],[-72.91156849356318,-13.404611168998604],[-72.91064543449372,-13.404603528059738]]]}},{"type":"Feature","properties":{"Cell_ID":556,"Area_ha":1.0,"LC":"3:0.365207,5:0.634793","XMIN":726144.86160847,"YMIN":8517063.36992662,"XMAX":726244.86160847,"YMAX":8517163.36992662},"geometry":{"type":"Polygon","coordinates":[[[-72.91063762733174,-13.405507166401554],[-72.91064543449372,-13.404603528059738],[-72.91156849356318,-13.404611168998604],[-72.91156068984422,-13.405514807874079],[-72.91063762733174,-13.405507166401554]]]}},{"type":"Feature","properties":{"Cell_ID":557,"Area_ha":1.0,"LC":"5:1.000000","XMIN":726144.86160847,"YMIN":8516963.36992662,"XMAX":726244.86160847,"YMAX":8517063.36992662},"geometry":{"type":"Polygon","coordinates":[[[-72.91062981959479,-13.406410804674339],[-72.91063762733174,-13.405507166401554],[-72.91156068984422,-13.405514807874079],[-72.91155288555053,-13.406418446680519],[-72.91062981959479,-13.406410804674339]]]}},{"type":"Feature","properties":{"Cell_ID":558,"Area_ha":1.0,"LC":"5:1.000000","XMIN":726144.86160847,"YMIN":8516863.36992662,"XMAX":726244.86160847,"YMAX":8516963.36992662},"geometry":{"type":"Polygon","coordinates":[[[-72.91062201128284,-13.407314442878073],[-72.91062981959479,-13.406410804674339],[-72.91155288555053,-13.406418446680519],[-72.91154508068215,-13.407322085417922],[-72.91062201128284,-13.407314442878073]]]}},{"type":"Feature","properties":{"Cell_ID":559,"Area_ha":1.0,"LC":"5:1.000000","XMIN":726144.86160847,"YMIN":8516763.36992662,"XMAX":726244.86160847,"YMAX":8516863.36992662},"geometry":{"type":"Polygon","coordinates":[[[-72.9106142023959,-13.408218081012766],[-72.91062201128284,-13.407314442878073],[-72.91154508068215,-13.407322085417922],[-72.911537275239,-13.40822572408628],[-72.9106142023959,-13.408218081012766]]]}},{"type":"Feature","properties":{"Cell_ID":560,"Area_ha":1.0,"LC":"5:1.000000","XMIN":726144.86160847,"YMIN":8516663.36992662,"XMAX":726244.86160847,"YMAX":8516763.36992662},"geometry":{"type":"Polygon","coordinates":[[[-72.910606392934,-13.40912171907841],[-72.9106142023959,-13.408218081012766],[-72.911537275239,-13.40822572408628],[-72.91152946922111,-13.409129362685595],[-72.910606392934,-13.40912171907841]]]}},{"type":"Feature","properties":{"Cell_ID":561,"Area_ha":1.0,"LC":"3:0.028628,5:0.971372","XMIN":726144.86160847,"YMIN":8516563.36992662,"XMAX":726244.86160847,"YMAX":8516663.36992662},"geometry":{"type":"Polygon","coordinates":[[[-72.91059858289705,-13.410025357074998],[-72.910606392934,-13.40912171907841],[-72.91152946922111,-13.409129362685595],[-72.91152166262847,-13.41003300121586],[-72.91059858289705,-13.410025357074998]]]}},{"type":"Feature","properties":{"Cell_ID":562,"Area_ha":1.0,"LC":"3:0.621499,5:0.089699,6:0.288802","XMIN":726144.86160847,"YMIN":8516463.36992662,"XMAX":726244.86160847,"YMAX":8516563.36992662},"geometry":{"type":"Polygon","coordinates":[[[-72.9105907722851,-13.410928995002525],[-72.91059858289705,-13.410025357074998],[-72.91152166262847,-13.41003300121586],[-72.91151385546107,-13.410936639677063],[-72.9105907722851,-13.410928995002525]]]}},{"type":"Feature","properties":{"Cell_ID":563,"Area_ha":1.0,"LC":"16:0.068976,17:0.595572","XMIN":726244.86160847,"YMIN":8519263.36992662,"XMAX":726344.86160847,"YMAX":8519363.36992662},"geometry":{"type":"Polygon","coordinates":[[[-72.90988626584607,-13.38561947384292],[-72.90989406379876,-13.384715834517191],[-72.91081704661109,-13.384723467082114],[-72.91080925209583,-13.385627106941651],[-72.90988626584607,-13.38561947384292]]]}},{"type":"Feature","properties":{"Cell_ID":564,"Area_ha":1.0,"LC":"5:0.076122,13:0.169945,16:0.312222,17:0.171011","XMIN":726244.86160847,"YMIN":8519163.36992662,"XMAX":726344.86160847,"YMAX":8519263.36992662},"geometry":{"type":"Polygon","coordinates":[[[-72.90987846731836,-13.386523113099702],[-72.90988626584607,-13.38561947384292],[-72.91080925209583,-13.385627106941651],[-72.91080145700582,-13.386530746732245],[-72.90987846731836,-13.386523113099702]]]}},{"type":"Feature","properties":{"Cell_ID":565,"Area_ha":1.0,"LC":"13:0.247146,16:0.469920","XMIN":726244.86160847,"YMIN":8519063.36992662,"XMAX":726344.86160847,"YMAX":8519163.36992662},"geometry":{"type":"Polygon","coordinates":[[[-72.90987066821565,-13.387426752287539],[-72.90987846731836,-13.386523113099702],[-72.91080145700582,-13.386530746732245],[-72.91079366134106,-13.387434386453895],[-72.90987066821565,-13.387426752287539]]]}},{"type":"Feature","properties":{"Cell_ID":566,"Area_ha":1.0,"LC":"16:0.799603,17:0.001539","XMIN":726244.86160847,"YMIN":8518963.36992662,"XMAX":726344.86160847,"YMAX":8519063.36992662},"geometry":{"type":"Polygon","coordinates":[[[-72.90986286853793,-13.388330391406418],[-72.90987066821565,-13.387426752287539],[-72.91079366134106,-13.387434386453895],[-72.91078586510152,-13.388338026106593],[-72.90986286853793,-13.388330391406418]]]}},{"type":"Feature","properties":{"Cell_ID":567,"Area_ha":1.0,"LC":"13:0.067833,16:0.879835,17:0.042490","XMIN":726244.86160847,"YMIN":8518863.36992662,"XMAX":726344.86160847,"YMAX":8518963.36992662},"geometry":{"type":"Polygon","coordinates":[[[-72.90985506828518,-13.389234030456338],[-72.90986286853793,-13.388330391406418],[-72.91078586510152,-13.388338026106593],[-72.91077806828723,-13.389241665690337],[-72.90985506828518,-13.389234030456338]]]}},{"type":"Feature","properties":{"Cell_ID":568,"Area_ha":1.0,"LC":"13:0.930127,16:0.069873","XMIN":726244.86160847,"YMIN":8518763.36992662,"XMAX":726344.86160847,"YMAX":8518863.36992662},"geometry":{"type":"Polygon","coordinates":[[[-72.90984726745738,-13.3901376694373],[-72.90985506828518,-13.389234030456338],[-72.91077806828723,-13.389241665690337],[-72.91077027089813,-13.390145305205124],[-72.90984726745738,-13.3901376694373]]]}},{"type":"Feature","properties":{"Cell_ID":569,"Area_ha":1.0,"LC":"13:0.990402,16:0.009598","XMIN":726244.86160847,"YMIN":8518663.36992662,"XMAX":726344.86160847,"YMAX":8518763.36992662},"geometry":{"type":"Polygon","coordinates":[[[-72.90983946605455,-13.391041308349292],[-72.90984726745738,-13.3901376694373],[-72.91077027089813,-13.390145305205124],[-72.91076247293425,-13.391048944650947],[-72.90983946605455,-13.391041308349292]]]}},{"type":"Feature","properties":{"Cell_ID":570,"Area_ha":1.0,"LC":"5:0.038061,13:0.741583,16:0.220356","XMIN":726244.86160847,"YMIN":8518563.36992662,"XMAX":726344.86160847,"YMAX":8518663.36992662},"geometry":{"type":"Polygon","coordinates":[[[-72.90983166407665,-13.391944947192309],[-72.90983946605455,-13.391041308349292],[-72.91076247293425,-13.391048944650947],[-72.91075467439556,-13.391952584027802],[-72.90983166407665,-13.391944947192309]]]}},{"type":"Feature","properties":{"Cell_ID":571,"Area_ha":1.0,"LC":"5:0.009598,13:0.559386,16:0.431016","XMIN":726244.86160847,"YMIN":8518463.36992662,"XMAX":726344.86160847,"YMAX":8518563.36992662},"geometry":{"type":"Polygon","coordinates":[[[-72.90982386152368,-13.392848585966357],[-72.90983166407665,-13.391944947192309],[-72.91075467439556,-13.391952584027802],[-72.91074687528206,-13.392856223335686],[-72.90982386152368,-13.392848585966357]]]}},{"type":"Feature","properties":{"Cell_ID":572,"Area_ha":1.0,"LC":"5:0.708362,13:0.291638","XMIN":726244.86160847,"YMIN":8518363.36992662,"XMAX":726344.86160847,"YMAX":8518463.36992662},"geometry":{"type":"Polygon","coordinates":[[[-72.90981605839563,-13.393752224671424],[-72.90982386152368,-13.392848585966357],[-72.91074687528206,-13.392856223335686],[-72.91073907559374,-13.393759862574592],[-72.90981605839563,-13.393752224671424]]]}},{"type":"Feature","properties":{"Cell_ID":573,"Area_ha":1.0,"LC":"5:1.000000","XMIN":726244.86160847,"YMIN":8518263.36992662,"XMAX":726344.86160847,"YMAX":8518363.36992662},"geometry":{"type":"Polygon","coordinates":[[[-72.90980825469249,-13.394655863307502],[-72.90981605839563,-13.393752224671424],[-72.91073907559374,-13.393759862574592],[-72.91073127533058,-13.394663501744517],[-72.90980825469249,-13.394655863307502]]]}},{"type":"Feature","properties":{"Cell_ID":574,"Area_ha":1.0,"LC":"5:1.000000","XMIN":726244.86160847,"YMIN":8518163.36992662,"XMAX":726344.86160847,"YMAX":8518263.36992662},"geometry":{"type":"Polygon","coordinates":[[[-72.90980045041427,-13.395559501874596],[-72.90980825469249,-13.394655863307502],[-72.91073127533058,-13.394663501744517],[-72.91072347449257,-13.39556714084546],[-72.90980045041427,-13.395559501874596]]]}},{"type":"Feature","properties":{"Cell_ID":575,"Area_ha":1.0,"LC":"5:0.808903,13:0.191097","XMIN":726244.86160847,"YMIN":8518063.36992662,"XMAX":726344.86160847,"YMAX":8518163.36992662},"geometry":{"type":"Polygon","coordinates":[[[-72.90979264556093,-13.396463140372694],[-72.90980045041427,-13.395559501874596],[-72.91072347449257,-13.39556714084546],[-72.91071567307971,-13.396470779877413],[-72.90979264556093,-13.396463140372694]]]}},{"type":"Feature","properties":{"Cell_ID":576,"Area_ha":1.0,"LC":"5:0.395326,13:0.604674","XMIN":726244.86160847,"YMIN":8517963.36992662,"XMAX":726344.86160847,"YMAX":8518063.36992662},"geometry":{"type":"Polygon","coordinates":[[[-72.90978484013246,-13.397366778801794],[-72.90979264556093,-13.396463140372694],[-72.91071567307971,-13.396470779877413],[-72.91070787109197,-13.397374418840371],[-72.90978484013246,-13.397366778801794]]]}},{"type":"Feature","properties":{"Cell_ID":577,"Area_ha":1.0,"LC":"5:0.466524,13:0.533476","XMIN":726244.86160847,"YMIN":8517863.36992662,"XMAX":726344.86160847,"YMAX":8517963.36992662},"geometry":{"type":"Polygon","coordinates":[[[-72.90977703412887,-13.398270417161894],[-72.90978484013246,-13.397366778801794],[-72.91070787109197,-13.397374418840371],[-72.91070006852937,-13.39827805773433],[-72.90977703412887,-13.398270417161894]]]}},{"type":"Feature","properties":{"Cell_ID":578,"Area_ha":1.0,"LC":"5:0.159653,13:0.840347","XMIN":726244.86160847,"YMIN":8517763.36992662,"XMAX":726344.86160847,"YMAX":8517863.36992662},"geometry":{"type":"Polygon","coordinates":[[[-72.90976922755013,-13.399174055452987],[-72.90977703412887,-13.398270417161894],[-72.91070006852937,-13.39827805773433],[-72.91069226539187,-13.399181696559289],[-72.90976922755013,-13.399174055452987]]]}},{"type":"Feature","properties":{"Cell_ID":579,"Area_ha":1.0,"LC":"5:0.152688,13:0.847312","XMIN":726244.86160847,"YMIN":8517663.36992662,"XMAX":726344.86160847,"YMAX":8517763.36992662},"geometry":{"type":"Polygon","coordinates":[[[-72.90976142039624,-13.400077693675067],[-72.90976922755013,-13.399174055452987],[-72.91069226539187,-13.399181696559289],[-72.91068446167948,-13.400085335315236],[-72.90976142039624,-13.400077693675067]]]}},{"type":"Feature","properties":{"Cell_ID":580,"Area_ha":1.0,"LC":"5:0.653823,13:0.346177","XMIN":726244.86160847,"YMIN":8517563.36992662,"XMAX":726344.86160847,"YMAX":8517663.36992662},"geometry":{"type":"Polygon","coordinates":[[[-72.9097536126672,-13.400981331828136],[-72.90976142039624,-13.400077693675067],[-72.91068446167948,-13.400085335315236],[-72.91067665739219,-13.400988974002178],[-72.9097536126672,-13.400981331828136]]]}},{"type":"Feature","properties":{"Cell_ID":581,"Area_ha":1.0,"LC":"5:0.682735,13:0.317265","XMIN":726244.86160847,"YMIN":8517463.36992662,"XMAX":726344.86160847,"YMAX":8517563.36992662},"geometry":{"type":"Polygon","coordinates":[[[-72.909745804363,-13.401884969912185],[-72.9097536126672,-13.400981331828136],[-72.91067665739219,-13.400988974002178],[-72.91066885252998,-13.4018926126201],[-72.909745804363,-13.401884969912185]]]}},{"type":"Feature","properties":{"Cell_ID":582,"Area_ha":1.0,"LC":"5:0.740174,13:0.259826","XMIN":726244.86160847,"YMIN":8517363.36992662,"XMAX":726344.86160847,"YMAX":8517463.36992662},"geometry":{"type":"Polygon","coordinates":[[[-72.90973799548358,-13.402788607927208],[-72.909745804363,-13.401884969912185],[-72.91066885252998,-13.4018926126201],[-72.91066104709283,-13.402796251169006],[-72.90973799548358,-13.402788607927208]]]}},{"type":"Feature","properties":{"Cell_ID":583,"Area_ha":1.0,"LC":"5:0.921143,13:0.078857","XMIN":726244.86160847,"YMIN":8517263.36992662,"XMAX":726344.86160847,"YMAX":8517363.36992662},"geometry":{"type":"Polygon","coordinates":[[[-72.90973018602901,-13.403692245873206],[-72.90973799548358,-13.402788607927208],[-72.91066104709283,-13.402796251169006],[-72.91065324108075,-13.403699889648886],[-72.90973018602901,-13.403692245873206]]]}},{"type":"Feature","properties":{"Cell_ID":584,"Area_ha":1.0,"LC":"5:1.000000","XMIN":726244.86160847,"YMIN":8517163.36992662,"XMAX":726344.86160847,"YMAX":8517263.36992662},"geometry":{"type":"Polygon","coordinates":[[[-72.90972237599921,-13.404595883750169],[-72.90973018602901,-13.403692245873206],[-72.91065324108075,-13.403699889648886],[-72.91064543449372,-13.404603528059738],[-72.90972237599921,-13.404595883750169]]]}},{"type":"Feature","properties":{"Cell_ID":585,"Area_ha":1.0,"LC":"5:1.000000","XMIN":726244.86160847,"YMIN":8517063.36992662,"XMAX":726344.86160847,"YMAX":8517163.36992662},"geometry":{"type":"Polygon","coordinates":[[[-72.90971456539421,-13.405499521558093],[-72.90972237599921,-13.404595883750169],[-72.91064543449372,-13.404603528059738],[-72.91063762733174,-13.405507166401554],[-72.90971456539421,-13.405499521558093]]]}},{"type":"Feature","properties":{"Cell_ID":586,"Area_ha":1.0,"LC":"5:1.000000","XMIN":726244.86160847,"YMIN":8516963.36992662,"XMAX":726344.86160847,"YMAX":8517063.36992662},"geometry":{"type":"Polygon","coordinates":[[[-72.90970675421399,-13.406403159296978],[-72.90971456539421,-13.405499521558093],[-72.91063762733174,-13.405507166401554],[-72.91062981959479,-13.406410804674339],[-72.90970675421399,-13.406403159296978]]]}},{"type":"Feature","properties":{"Cell_ID":587,"Area_ha":1.0,"LC":"5:1.000000","XMIN":726244.86160847,"YMIN":8516863.36992662,"XMAX":726344.86160847,"YMAX":8516963.36992662},"geometry":{"type":"Polygon","coordinates":[[[-72.90969894245853,-13.40730679696682],[-72.90970675421399,-13.406403159296978],[-72.91062981959479,-13.406410804674339],[-72.91062201128284,-13.407314442878073],[-72.90969894245853,-13.40730679696682]]]}},{"type":"Feature","properties":{"Cell_ID":588,"Area_ha":1.0,"LC":"5:1.000000","XMIN":726244.86160847,"YMIN":8516763.36992662,"XMAX":726344.86160847,"YMAX":8516863.36992662},"geometry":{"type":"Polygon","coordinates":[[[-72.90969113012784,-13.408210434567607],[-72.90969894245853,-13.40730679696682],[-72.91062201128284,-13.407314442878073],[-72.9106142023959,-13.408218081012766],[-72.90969113012784,-13.408210434567607]]]}},{"type":"Feature","properties":{"Cell_ID":589,"Area_ha":1.0,"LC":"3:0.073484,5:0.926516","XMIN":726244.86160847,"YMIN":8516663.36992662,"XMAX":726344.86160847,"YMAX":8516763.36992662},"geometry":{"type":"Polygon","coordinates":[[[-72.90968331722188,-13.409114072099344],[-72.90969113012784,-13.408210434567607],[-72.9106142023959,-13.408218081012766],[-72.910606392934,-13.40912171907841],[-72.90968331722188,-13.409114072099344]]]}},{"type":"Feature","properties":{"Cell_ID":590,"Area_ha":1.0,"LC":"3:0.123082,5:0.876918","XMIN":726244.86160847,"YMIN":8516563.36992662,"XMAX":726344.86160847,"YMAX":8516663.36992662},"geometry":{"type":"Polygon","coordinates":[[[-72.90967550374066,-13.41001770956202],[-72.90968331722188,-13.409114072099344],[-72.910606392934,-13.40912171907841],[-72.91059858289705,-13.410025357074998],[-72.90967550374066,-13.41001770956202]]]}},{"type":"Feature","properties":{"Cell_ID":591,"Area_ha":1.0,"LC":"13:0.085720,16:0.742295,17:0.122260","XMIN":726344.86160847,"YMIN":8518763.36992662,"XMAX":726444.86160847,"YMAX":8518863.36992662},"geometry":{"type":"Polygon","coordinates":[[[-72.90892426459168,-13.390130030302549],[-72.90893206885816,-13.38922639185565],[-72.90985506828518,-13.389234030456338],[-72.90984726745738,-13.3901376694373],[-72.90892426459168,-13.390130030302549]]]}},{"type":"Feature","properties":{"Cell_ID":592,"Area_ha":1.0,"LC":"13:0.235674,16:0.764326","XMIN":726344.86160847,"YMIN":8518663.36992662,"XMAX":726444.86160847,"YMAX":8518763.36992662},"geometry":{"type":"Polygon","coordinates":[[[-72.90891645974989,-13.391033668680477],[-72.90892426459168,-13.390130030302549],[-72.90984726745738,-13.3901376694373],[-72.90983946605455,-13.391041308349292],[-72.90891645974989,-13.391033668680477]]]}},{"type":"Feature","properties":{"Cell_ID":593,"Area_ha":1.0,"LC":"13:0.880978,16:0.119022","XMIN":726344.86160847,"YMIN":8518563.36992662,"XMAX":726444.86160847,"YMAX":8518663.36992662},"geometry":{"type":"Polygon","coordinates":[[[-72.90890865433279,-13.391937306989426],[-72.90891645974989,-13.391033668680477],[-72.90983946605455,-13.391041308349292],[-72.90983166407665,-13.391944947192309],[-72.90890865433279,-13.391937306989426]]]}},{"type":"Feature","properties":{"Cell_ID":594,"Area_ha":1.0,"LC":"13:0.911711,16:0.088289","XMIN":726344.86160847,"YMIN":8518463.36992662,"XMAX":726444.86160847,"YMAX":8518563.36992662},"geometry":{"type":"Polygon","coordinates":[[[-72.90890084834037,-13.392840945229395],[-72.90890865433279,-13.391937306989426],[-72.90983166407665,-13.391944947192309],[-72.90982386152368,-13.392848585966357],[-72.90890084834037,-13.392840945229395]]]}},{"type":"Feature","properties":{"Cell_ID":595,"Area_ha":1.0,"LC":"5:0.128006,13:0.871994","XMIN":726344.86160847,"YMIN":8518363.36992662,"XMAX":726444.86160847,"YMAX":8518463.36992662},"geometry":{"type":"Polygon","coordinates":[[[-72.90889304177261,-13.393744583400386],[-72.90890084834037,-13.392840945229395],[-72.90982386152368,-13.392848585966357],[-72.90981605839563,-13.393752224671424],[-72.90889304177261,-13.393744583400386]]]}},{"type":"Feature","properties":{"Cell_ID":596,"Area_ha":1.0,"LC":"5:0.495153,13:0.504847","XMIN":726344.86160847,"YMIN":8518263.36992662,"XMAX":726444.86160847,"YMAX":8518363.36992662},"geometry":{"type":"Polygon","coordinates":[[[-72.90888523462952,-13.394648221502385],[-72.90889304177261,-13.393744583400386],[-72.90981605839563,-13.393752224671424],[-72.90980825469249,-13.394655863307502],[-72.90888523462952,-13.394648221502385]]]}},{"type":"Feature","properties":{"Cell_ID":597,"Area_ha":1.0,"LC":"5:0.708015,13:0.291985","XMIN":726344.86160847,"YMIN":8518163.36992662,"XMAX":726444.86160847,"YMAX":8518263.36992662},"geometry":{"type":"Polygon","coordinates":[[[-72.90887742691106,-13.395551859535392],[-72.90888523462952,-13.394648221502385],[-72.90980825469249,-13.394655863307502],[-72.90980045041427,-13.395559501874596],[-72.90887742691106,-13.395551859535392]]]}},{"type":"Feature","properties":{"Cell_ID":598,"Area_ha":1.0,"LC":"5:0.990402,13:0.009598","XMIN":726344.86160847,"YMIN":8518063.36992662,"XMAX":726444.86160847,"YMAX":8518163.36992662},"geometry":{"type":"Polygon","coordinates":[[[-72.90886961861725,-13.396455497499401],[-72.90887742691106,-13.395551859535392],[-72.90980045041427,-13.395559501874596],[-72.90979264556093,-13.396463140372694],[-72.90886961861725,-13.396455497499401]]]}},{"type":"Feature","properties":{"Cell_ID":599,"Area_ha":1.0,"LC":"5:0.624500,13:0.375500","XMIN":726344.86160847,"YMIN":8517963.36992662,"XMAX":726444.86160847,"YMAX":8518063.36992662},"geometry":{"type":"Polygon","coordinates":[[[-72.90886180974807,-13.39735913539441],[-72.90886961861725,-13.396455497499401],[-72.90979264556093,-13.396463140372694],[-72.90978484013246,-13.397366778801794],[-72.90886180974807,-13.39735913539441]]]}},{"type":"Feature","properties":{"Cell_ID":600,"Area_ha":1.0,"LC":"5:0.504847,13:0.495153","XMIN":726344.86160847,"YMIN":8517863.36992662,"XMAX":726444.86160847,"YMAX":8517963.36992662},"geometry":{"type":"Polygon","coordinates":[[[-72.9088540003035,-13.398262773220413],[-72.90886180974807,-13.39735913539441],[-72.90978484013246,-13.397366778801794],[-72.90977703412887,-13.398270417161894],[-72.9088540003035,-13.398262773220413]]]}},{"type":"Feature","properties":{"Cell_ID":601,"Area_ha":1.0,"LC":"5:0.391016,13:0.608984","XMIN":726344.86160847,"YMIN":8517763.36992662,"XMAX":726444.86160847,"YMAX":8517863.36992662},"geometry":{"type":"Polygon","coordinates":[[[-72.90884619028354,-13.399166410977408],[-72.9088540003035,-13.398262773220413],[-72.90977703412887,-13.398270417161894],[-72.90976922755013,-13.399174055452987],[-72.90884619028354,-13.399166410977408]]]}},{"type":"Feature","properties":{"Cell_ID":602,"Area_ha":1.0,"LC":"5:0.680695,13:0.319305","XMIN":726344.86160847,"YMIN":8517663.36992662,"XMAX":726444.86160847,"YMAX":8517763.36992662},"geometry":{"type":"Polygon","coordinates":[[[-72.90883837968818,-13.400070048665382],[-72.90884619028354,-13.399166410977408],[-72.90976922755013,-13.399174055452987],[-72.90976142039624,-13.400077693675067],[-72.90883837968818,-13.400070048665382]]]}},{"type":"Feature","properties":{"Cell_ID":603,"Area_ha":1.0,"LC":"5:0.507485,13:0.492515","XMIN":726344.86160847,"YMIN":8517563.36992662,"XMAX":726444.86160847,"YMAX":8517663.36992662},"geometry":{"type":"Polygon","coordinates":[[[-72.90883056851739,-13.400973686284344],[-72.90883837968818,-13.400070048665382],[-72.90976142039624,-13.400077693675067],[-72.9097536126672,-13.400981331828136],[-72.90883056851739,-13.400973686284344]]]}},{"type":"Feature","properties":{"Cell_ID":604,"Area_ha":1.0,"LC":"5:0.506177,13:0.493823","XMIN":726344.86160847,"YMIN":8517463.36992662,"XMAX":726444.86160847,"YMAX":8517563.36992662},"geometry":{"type":"Polygon","coordinates":[[[-72.90882275677119,-13.401877323834281],[-72.90883056851739,-13.400973686284344],[-72.9097536126672,-13.400981331828136],[-72.909745804363,-13.401884969912185],[-72.90882275677119,-13.401877323834281]]]}},{"type":"Feature","properties":{"Cell_ID":605,"Area_ha":1.0,"LC":"5:0.259826,13:0.740174","XMIN":726344.86160847,"YMIN":8517363.36992662,"XMAX":726444.86160847,"YMAX":8517463.36992662},"geometry":{"type":"Polygon","coordinates":[[[-72.90881494444955,-13.402780961315187],[-72.90882275677119,-13.401877323834281],[-72.909745804363,-13.401884969912185],[-72.90973799548358,-13.402788607927208],[-72.90881494444955,-13.402780961315187]]]}},{"type":"Feature","properties":{"Cell_ID":606,"Area_ha":1.0,"LC":"5:0.227037,13:0.772963","XMIN":726344.86160847,"YMIN":8517263.36992662,"XMAX":726444.86160847,"YMAX":8517363.36992662},"geometry":{"type":"Polygon","coordinates":[[[-72.90880713155246,-13.403684598727066],[-72.90881494444955,-13.402780961315187],[-72.90973799548358,-13.402788607927208],[-72.90973018602901,-13.403692245873206],[-72.90880713155246,-13.403684598727066]]]}},{"type":"Feature","properties":{"Cell_ID":607,"Area_ha":1.0,"LC":"5:0.735500,9:0.052515,13:0.211985","XMIN":726344.86160847,"YMIN":8517163.36992662,"XMAX":726444.86160847,"YMAX":8517263.36992662},"geometry":{"type":"Polygon","coordinates":[[[-72.90879931807993,-13.404588236069907],[-72.90880713155246,-13.403684598727066],[-72.90973018602901,-13.403692245873206],[-72.90972237599921,-13.404595883750169],[-72.90879931807993,-13.404588236069907]]]}},{"type":"Feature","properties":{"Cell_ID":608,"Area_ha":1.0,"LC":"5:0.989606,9:0.010394","XMIN":726344.86160847,"YMIN":8517063.36992662,"XMAX":726444.86160847,"YMAX":8517163.36992662},"geometry":{"type":"Polygon","coordinates":[[[-72.90879150403191,-13.405491873343703],[-72.90879931807993,-13.404588236069907],[-72.90972237599921,-13.404595883750169],[-72.90971456539421,-13.405499521558093],[-72.90879150403191,-13.405491873343703]]]}},{"type":"Feature","properties":{"Cell_ID":609,"Area_ha":1.0,"LC":"3:0.621664,5:0.378336","XMIN":726344.86160847,"YMIN":8516963.36992662,"XMAX":726444.86160847,"YMAX":8517063.36992662},"geometry":{"type":"Polygon","coordinates":[[[-72.90878368940844,-13.40639551054846],[-72.90879150403191,-13.405491873343703],[-72.90971456539421,-13.405499521558093],[-72.90970675421399,-13.406403159296978],[-72.90878368940844,-13.40639551054846]]]}},{"type":"Feature","properties":{"Cell_ID":610,"Area_ha":1.0,"LC":"3:0.719653,5:0.269772,6:0.010576","XMIN":726344.86160847,"YMIN":8516863.36992662,"XMAX":726444.86160847,"YMAX":8516963.36992662},"geometry":{"type":"Polygon","coordinates":[[[-72.90877587420947,-13.407299147684165],[-72.90878368940844,-13.40639551054846],[-72.90970675421399,-13.406403159296978],[-72.90969894245853,-13.40730679696682],[-72.90877587420947,-13.407299147684165]]]}},{"type":"Feature","properties":{"Cell_ID":611,"Area_ha":1.0,"LC":"3:0.500174,5:0.405555,6:0.094272","XMIN":726344.86160847,"YMIN":8516763.36992662,"XMAX":726444.86160847,"YMAX":8516863.36992662},"geometry":{"type":"Polygon","coordinates":[[[-72.908768058435,-13.408202784750815],[-72.90877587420947,-13.407299147684165],[-72.90969894245853,-13.40730679696682],[-72.90969113012784,-13.408210434567607],[-72.908768058435,-13.408202784750815]]]}},{"type":"Feature","properties":{"Cell_ID":612,"Area_ha":1.0,"LC":"3:0.758408,5:0.241592","XMIN":726344.86160847,"YMIN":8516663.36992662,"XMAX":726444.86160847,"YMAX":8516763.36992662},"geometry":{"type":"Polygon","coordinates":[[[-72.90876024208504,-13.40910642174841],[-72.908768058435,-13.408202784750815],[-72.90969113012784,-13.408210434567607],[-72.90968331722188,-13.409114072099344],[-72.90876024208504,-13.40910642174841]]]}},{"type":"Feature","properties":{"Cell_ID":613,"Area_ha":1.0,"LC":"3:0.600000,5:0.400000","XMIN":726344.86160847,"YMIN":8516563.36992662,"XMAX":726444.86160847,"YMAX":8516663.36992662},"geometry":{"type":"Polygon","coordinates":[[[-72.90875242515955,-13.41001005867694],[-72.90876024208504,-13.40910642174841],[-72.90968331722188,-13.409114072099344],[-72.90967550374066,-13.41001770956202],[-72.90875242515955,-13.41001005867694]]]}},{"type":"Feature","properties":{"Cell_ID":614,"Area_ha":1.0,"LC":"9:0.298575,16:0.187833,17:0.070414","XMIN":726444.86160847,"YMIN":8518763.36992662,"XMAX":726544.86160847,"YMAX":8518863.36992662},"geometry":{"type":"Polygon","coordinates":[[[-72.90800126230128,-13.390122387800877],[-72.90800907000644,-13.389218749888276],[-72.90893206885816,-13.38922639185565],[-72.90892426459168,-13.390130030302549],[-72.90800126230128,-13.390122387800877]]]}},{"type":"Feature","properties":{"Cell_ID":615,"Area_ha":1.0,"LC":"9:0.130842,16:0.869158","XMIN":726444.86160847,"YMIN":8518663.36992662,"XMAX":726544.86160847,"YMAX":8518763.36992662},"geometry":{"type":"Polygon","coordinates":[[[-72.90799345402056,-13.391026025644504],[-72.90800126230128,-13.390122387800877],[-72.90892426459168,-13.390130030302549],[-72.90891645974989,-13.391033668680477],[-72.90799345402056,-13.391026025644504]]]}},{"type":"Feature","properties":{"Cell_ID":616,"Area_ha":1.0,"LC":"13:0.900869,16:0.099131","XMIN":726444.86160847,"YMIN":8518563.36992662,"XMAX":726544.86160847,"YMAX":8518663.36992662},"geometry":{"type":"Polygon","coordinates":[[[-72.90798564516426,-13.391929663419148],[-72.90799345402056,-13.391026025644504],[-72.90891645974989,-13.391033668680477],[-72.90890865433279,-13.391937306989426],[-72.90798564516426,-13.391929663419148]]]}},{"type":"Feature","properties":{"Cell_ID":617,"Area_ha":1.0,"LC":"13:1.000000","XMIN":726444.86160847,"YMIN":8518463.36992662,"XMAX":726544.86160847,"YMAX":8518563.36992662},"geometry":{"type":"Polygon","coordinates":[[[-72.9079778357324,-13.392833301124814],[-72.90798564516426,-13.391929663419148],[-72.90890865433279,-13.391937306989426],[-72.90890084834037,-13.392840945229395],[-72.9079778357324,-13.392833301124814]]]}},{"type":"Feature","properties":{"Cell_ID":618,"Area_ha":1.0,"LC":"5:0.010576,13:0.989424","XMIN":726444.86160847,"YMIN":8518363.36992662,"XMAX":726544.86160847,"YMAX":8518463.36992662},"geometry":{"type":"Polygon","coordinates":[[[-72.90797002572494,-13.39373693876149],[-72.9079778357324,-13.392833301124814],[-72.90890084834037,-13.392840945229395],[-72.90889304177261,-13.393744583400386],[-72.90797002572494,-13.39373693876149]]]}},{"type":"Feature","properties":{"Cell_ID":619,"Area_ha":1.0,"LC":"5:0.305195,13:0.694805","XMIN":726444.86160847,"YMIN":8518263.36992662,"XMAX":726544.86160847,"YMAX":8518363.36992662},"geometry":{"type":"Polygon","coordinates":[[[-72.9079622151419,-13.39464057632917],[-72.90797002572494,-13.39373693876149],[-72.90889304177261,-13.393744583400386],[-72.90888523462952,-13.394648221502385],[-72.9079622151419,-13.39464057632917]]]}},{"type":"Feature","properties":{"Cell_ID":620,"Area_ha":1.0,"LC":"5:0.752854,13:0.247146","XMIN":726444.86160847,"YMIN":8518163.36992662,"XMAX":726544.86160847,"YMAX":8518263.36992662},"geometry":{"type":"Polygon","coordinates":[[[-72.90795440398324,-13.395544213827858],[-72.9079622151419,-13.39464057632917],[-72.90888523462952,-13.394648221502385],[-72.90887742691106,-13.395551859535392],[-72.90795440398324,-13.395544213827858]]]}},{"type":"Feature","properties":{"Cell_ID":621,"Area_ha":1.0,"LC":"5:1.000000","XMIN":726444.86160847,"YMIN":8518063.36992662,"XMAX":726544.86160847,"YMAX":8518163.36992662},"geometry":{"type":"Polygon","coordinates":[[[-72.90794659224896,-13.396447851257545],[-72.90795440398324,-13.395544213827858],[-72.90887742691106,-13.395551859535392],[-72.90886961861725,-13.396455497499401],[-72.90794659224896,-13.396447851257545]]]}},{"type":"Feature","properties":{"Cell_ID":622,"Area_ha":1.0,"LC":"5:0.799653,13:0.200347","XMIN":726444.86160847,"YMIN":8517963.36992662,"XMAX":726544.86160847,"YMAX":8518063.36992662},"geometry":{"type":"Polygon","coordinates":[[[-72.90793877993906,-13.397351488618225],[-72.90794659224896,-13.396447851257545],[-72.90886961861725,-13.396455497499401],[-72.90886180974807,-13.39735913539441],[-72.90793877993906,-13.397351488618225]]]}},{"type":"Feature","properties":{"Cell_ID":623,"Area_ha":1.0,"LC":"5:0.600000,13:0.400000","XMIN":726444.86160847,"YMIN":8517863.36992662,"XMAX":726544.86160847,"YMAX":8517963.36992662},"geometry":{"type":"Polygon","coordinates":[[[-72.90793096705353,-13.398255125909898],[-72.90793877993906,-13.397351488618225],[-72.90886180974807,-13.39735913539441],[-72.9088540003035,-13.398262773220413],[-72.90793096705353,-13.398255125909898]]]}},{"type":"Feature","properties":{"Cell_ID":624,"Area_ha":1.0,"LC":"5:0.393137,13:0.606863","XMIN":726444.86160847,"YMIN":8517763.36992662,"XMAX":726544.86160847,"YMAX":8517863.36992662},"geometry":{"type":"Polygon","coordinates":[[[-72.90792315359235,-13.399158763132554],[-72.90793096705353,-13.398255125909898],[-72.9088540003035,-13.398262773220413],[-72.90884619028354,-13.399166410977408],[-72.90792315359235,-13.399158763132554]]]}},{"type":"Feature","properties":{"Cell_ID":625,"Area_ha":1.0,"LC":"5:0.098848,13:0.901152","XMIN":726444.86160847,"YMIN":8517663.36992662,"XMAX":726544.86160847,"YMAX":8517763.36992662},"geometry":{"type":"Polygon","coordinates":[[[-72.9079153395555,-13.400062400286192],[-72.90792315359235,-13.399158763132554],[-72.90884619028354,-13.399166410977408],[-72.90883837968818,-13.400070048665382],[-72.9079153395555,-13.400062400286192]]]}},{"type":"Feature","properties":{"Cell_ID":626,"Area_ha":1.0,"LC":"5:0.267667,13:0.732333","XMIN":726444.86160847,"YMIN":8517563.36992662,"XMAX":726544.86160847,"YMAX":8517663.36992662},"geometry":{"type":"Polygon","coordinates":[[[-72.90790752494301,-13.400966037370809],[-72.9079153395555,-13.400062400286192],[-72.90883837968818,-13.400070048665382],[-72.90883056851739,-13.400973686284344],[-72.90790752494301,-13.400966037370809]]]}},{"type":"Feature","properties":{"Cell_ID":627,"Area_ha":1.0,"LC":"5:0.370923,13:0.629077","XMIN":726444.86160847,"YMIN":8517463.36992662,"XMAX":726544.86160847,"YMAX":8517563.36992662},"geometry":{"type":"Polygon","coordinates":[[[-72.90789970975482,-13.4018696743864],[-72.90790752494301,-13.400966037370809],[-72.90883056851739,-13.400973686284344],[-72.90882275677119,-13.401877323834281],[-72.90789970975482,-13.4018696743864]]]}},{"type":"Feature","properties":{"Cell_ID":628,"Area_ha":1.0,"LC":"5:0.231812,13:0.768188","XMIN":726444.86160847,"YMIN":8517363.36992662,"XMAX":726544.86160847,"YMAX":8517463.36992662},"geometry":{"type":"Polygon","coordinates":[[[-72.90789189399095,-13.402773311332956],[-72.90789970975482,-13.4018696743864],[-72.90882275677119,-13.401877323834281],[-72.90881494444955,-13.402780961315187],[-72.90789189399095,-13.402773311332956]]]}},{"type":"Feature","properties":{"Cell_ID":629,"Area_ha":1.0,"LC":"5:0.254454,9:0.020174,13:0.725373","XMIN":726444.86160847,"YMIN":8517263.36992662,"XMAX":726544.86160847,"YMAX":8517363.36992662},"geometry":{"type":"Polygon","coordinates":[[[-72.90788407765137,-13.40367694821048],[-72.90789189399095,-13.402773311332956],[-72.90881494444955,-13.402780961315187],[-72.90880713155246,-13.403684598727066],[-72.90788407765137,-13.40367694821048]]]}},{"type":"Feature","properties":{"Cell_ID":630,"Area_ha":1.0,"LC":"5:0.314445,9:0.547833,13:0.106973,14:0.030750","XMIN":726444.86160847,"YMIN":8517163.36992662,"XMAX":726544.86160847,"YMAX":8517263.36992662},"geometry":{"type":"Polygon","coordinates":[[[-72.90787626073609,-13.40458058501896],[-72.90788407765137,-13.40367694821048],[-72.90880713155246,-13.403684598727066],[-72.90879931807993,-13.404588236069907],[-72.90787626073609,-13.40458058501896]]]}},{"type":"Feature","properties":{"Cell_ID":631,"Area_ha":1.0,"LC":"5:0.566067,6:0.073484,9:0.089085,14:0.271363","XMIN":726444.86160847,"YMIN":8517063.36992662,"XMAX":726544.86160847,"YMAX":8517163.36992662},"geometry":{"type":"Polygon","coordinates":[[[-72.90786844324509,-13.405484221758398],[-72.90787626073609,-13.40458058501896],[-72.90879931807993,-13.404588236069907],[-72.90879150403191,-13.405491873343703],[-72.90786844324509,-13.405484221758398]]]}},{"type":"Feature","properties":{"Cell_ID":632,"Area_ha":1.0,"LC":"3:0.019031,5:0.716122,6:0.205021,14:0.059826","XMIN":726444.86160847,"YMIN":8516963.36992662,"XMAX":726544.86160847,"YMAX":8517063.36992662},"geometry":{"type":"Polygon","coordinates":[[[-72.90786062517836,-13.406387858428786],[-72.90786844324509,-13.405484221758398],[-72.90879150403191,-13.405491873343703],[-72.90878368940844,-13.40639551054846],[-72.90786062517836,-13.406387858428786]]]}},{"type":"Feature","properties":{"Cell_ID":633,"Area_ha":1.0,"LC":"5:0.776131,6:0.223869","XMIN":726444.86160847,"YMIN":8516863.36992662,"XMAX":726544.86160847,"YMAX":8516963.36992662},"geometry":{"type":"Polygon","coordinates":[[[-72.9078528065359,-13.407291495030119],[-72.90786062517836,-13.406387858428786],[-72.90878368940844,-13.40639551054846],[-72.90877587420947,-13.407299147684165],[-72.9078528065359,-13.407291495030119]]]}},{"type":"Feature","properties":{"Cell_ID":634,"Area_ha":1.0,"LC":"3:0.111893,5:0.200614,6:0.687494","XMIN":726444.86160847,"YMIN":8516763.36992662,"XMAX":726544.86160847,"YMAX":8516863.36992662},"geometry":{"type":"Polygon","coordinates":[[[-72.90784498731767,-13.408195131562396],[-72.9078528065359,-13.407291495030119],[-72.90877587420947,-13.407299147684165],[-72.908768058435,-13.408202784750815],[-72.90784498731767,-13.408195131562396]]]}},{"type":"Feature","properties":{"Cell_ID":635,"Area_ha":1.0,"LC":"3:0.394098,9:0.539213,16:0.066689","XMIN":726544.86160847,"YMIN":8518663.36992662,"XMAX":726644.86160847,"YMAX":8518763.36992662},"geometry":{"type":"Polygon","coordinates":[[[-72.90707044886678,-13.391018379241387],[-72.90707826058643,-13.390114741932301],[-72.90800126230128,-13.390122387800877],[-72.90799345402056,-13.391026025644504],[-72.90707044886678,-13.391018379241387]]]}},{"type":"Feature","properties":{"Cell_ID":636,"Area_ha":1.0,"LC":"9:0.089699,13:0.900869,16:0.009433","XMIN":726544.86160847,"YMIN":8518563.36992662,"XMAX":726644.86160847,"YMAX":8518663.36992662},"geometry":{"type":"Polygon","coordinates":[[[-72.9070626365713,-13.391922016481498],[-72.90707044886678,-13.391018379241387],[-72.90799345402056,-13.391026025644504],[-72.90798564516426,-13.391929663419148],[-72.9070626365713,-13.391922016481498]]]}},{"type":"Feature","properties":{"Cell_ID":637,"Area_ha":1.0,"LC":"5:0.041939,13:0.958061","XMIN":726544.86160847,"YMIN":8518463.36992662,"XMAX":726644.86160847,"YMAX":8518563.36992662},"geometry":{"type":"Polygon","coordinates":[[[-72.9070548237,-13.392825653652615],[-72.9070626365713,-13.391922016481498],[-72.90798564516426,-13.391929663419148],[-72.9079778357324,-13.392833301124814],[-72.9070548237,-13.392825653652615]]]}},{"type":"Feature","properties":{"Cell_ID":638,"Area_ha":1.0,"LC":"5:0.051537,13:0.948463","XMIN":726544.86160847,"YMIN":8518363.36992662,"XMAX":726644.86160847,"YMAX":8518463.36992662},"geometry":{"type":"Polygon","coordinates":[[[-72.90704701025285,-13.393729290754743],[-72.9070548237,-13.392825653652615],[-72.9079778357324,-13.392833301124814],[-72.90797002572494,-13.39373693876149],[-72.90704701025285,-13.393729290754743]]]}},{"type":"Feature","properties":{"Cell_ID":639,"Area_ha":1.0,"LC":"5:0.306872,13:0.572781,16:0.120347","XMIN":726544.86160847,"YMIN":8518263.36992662,"XMAX":726644.86160847,"YMAX":8518363.36992662},"geometry":{"type":"Polygon","coordinates":[[[-72.90703919622987,-13.394632927787873],[-72.90704701025285,-13.393729290754743],[-72.90797002572494,-13.39373693876149],[-72.9079622151419,-13.39464057632917],[-72.90703919622987,-13.394632927787873]]]}},{"type":"Feature","properties":{"Cell_ID":640,"Area_ha":1.0,"LC":"5:0.497439,13:0.019826,16:0.482735","XMIN":726544.86160847,"YMIN":8518163.36992662,"XMAX":726644.86160847,"YMAX":8518263.36992662},"geometry":{"type":"Polygon","coordinates":[[[-72.90703138163101,-13.395536564752007],[-72.90703919622987,-13.394632927787873],[-72.9079622151419,-13.39464057632917],[-72.90795440398324,-13.395544213827858],[-72.90703138163101,-13.395536564752007]]]}},{"type":"Feature","properties":{"Cell_ID":641,"Area_ha":1.0,"LC":"5:0.818235,16:0.181765","XMIN":726544.86160847,"YMIN":8518063.36992662,"XMAX":726644.86160847,"YMAX":8518163.36992662},"geometry":{"type":"Polygon","coordinates":[[[-72.9070235664563,-13.396440201647133],[-72.90703138163101,-13.395536564752007],[-72.90795440398324,-13.395544213827858],[-72.90794659224896,-13.396447851257545],[-72.9070235664563,-13.396440201647133]]]}},{"type":"Feature","properties":{"Cell_ID":642,"Area_ha":1.0,"LC":"5:0.907138,13:0.092862","XMIN":726544.86160847,"YMIN":8517963.36992662,"XMAX":726644.86160847,"YMAX":8518063.36992662},"geometry":{"type":"Polygon","coordinates":[[[-72.9070157507057,-13.39734383847325],[-72.9070235664563,-13.396440201647133],[-72.90794659224896,-13.396447851257545],[-72.90793877993906,-13.397351488618225],[-72.9070157507057,-13.39734383847325]]]}},{"type":"Feature","properties":{"Cell_ID":643,"Area_ha":1.0,"LC":"5:0.735153,13:0.264847","XMIN":726544.86160847,"YMIN":8517863.36992662,"XMAX":726644.86160847,"YMAX":8517963.36992662},"geometry":{"type":"Polygon","coordinates":[[[-72.90700793437921,-13.398247475230352],[-72.9070157507057,-13.39734383847325],[-72.90793877993906,-13.397351488618225],[-72.90793096705353,-13.398255125909898],[-72.90700793437921,-13.398247475230352]]]}},{"type":"Feature","properties":{"Cell_ID":644,"Area_ha":1.0,"LC":"5:0.528637,13:0.471363","XMIN":726544.86160847,"YMIN":8517763.36992662,"XMAX":726644.86160847,"YMAX":8517863.36992662},"geometry":{"type":"Polygon","coordinates":[[[-72.90700011747681,-13.39915111191844],[-72.90700793437921,-13.398247475230352],[-72.90793096705353,-13.398255125909898],[-72.90792315359235,-13.399158763132554],[-72.90700011747681,-13.39915111191844]]]}},{"type":"Feature","properties":{"Cell_ID":645,"Area_ha":1.0,"LC":"5:0.781765,13:0.218235","XMIN":726544.86160847,"YMIN":8517663.36992662,"XMAX":726644.86160847,"YMAX":8517763.36992662},"geometry":{"type":"Polygon","coordinates":[[[-72.9069922999985,-13.400054748537503],[-72.90700011747681,-13.39915111191844],[-72.90792315359235,-13.399158763132554],[-72.9079153395555,-13.400062400286192],[-72.9069922999985,-13.400054748537503]]]}},{"type":"Feature","properties":{"Cell_ID":646,"Area_ha":1.0,"LC":"5:0.359653,13:0.640347","XMIN":726544.86160847,"YMIN":8517563.36992662,"XMAX":726644.86160847,"YMAX":8517663.36992662},"geometry":{"type":"Polygon","coordinates":[[[-72.90698448194429,-13.400958385087542],[-72.9069922999985,-13.400054748537503],[-72.9079153395555,-13.400062400286192],[-72.90790752494301,-13.400966037370809],[-72.90698448194429,-13.400958385087542]]]}},{"type":"Feature","properties":{"Cell_ID":647,"Area_ha":1.0,"LC":"5:0.009598,13:0.990402","XMIN":726544.86160847,"YMIN":8517463.36992662,"XMAX":726644.86160847,"YMAX":8517563.36992662},"geometry":{"type":"Polygon","coordinates":[[[-72.90697666331414,-13.401862021568549],[-72.90698448194429,-13.400958385087542],[-72.90790752494301,-13.400966037370809],[-72.90789970975482,-13.4018696743864],[-72.90697666331414,-13.401862021568549]]]}},{"type":"Feature","properties":{"Cell_ID":648,"Area_ha":1.0,"LC":"5:0.047494,13:0.952506","XMIN":726544.86160847,"YMIN":8517363.36992662,"XMAX":726644.86160847,"YMAX":8517463.36992662},"geometry":{"type":"Polygon","coordinates":[[[-72.90696884410805,-13.40276565798052],[-72.90697666331414,-13.401862021568549],[-72.90789970975482,-13.4018696743864],[-72.90789189399095,-13.402773311332956],[-72.90696884410805,-13.40276565798052]]]}},{"type":"Feature","properties":{"Cell_ID":649,"Area_ha":1.0,"LC":"5:0.085720,13:0.914280","XMIN":726544.86160847,"YMIN":8517263.36992662,"XMAX":726644.86160847,"YMAX":8517363.36992662},"geometry":{"type":"Polygon","coordinates":[[[-72.906961024326,-13.403669294323452],[-72.90696884410805,-13.40276565798052],[-72.90789189399095,-13.402773311332956],[-72.90788407765137,-13.40367694821048],[-72.906961024326,-13.403669294323452]]]}},{"type":"Feature","properties":{"Cell_ID":650,"Area_ha":1.0,"LC":"5:0.405902,13:0.544153,14:0.049945","XMIN":726544.86160847,"YMIN":8517163.36992662,"XMAX":726644.86160847,"YMAX":8517263.36992662},"geometry":{"type":"Polygon","coordinates":[[[-72.90695320396799,-13.40457293059734],[-72.906961024326,-13.403669294323452],[-72.90788407765137,-13.40367694821048],[-72.90787626073609,-13.40458058501896],[-72.90695320396799,-13.40457293059734]]]}},{"type":"Feature","properties":{"Cell_ID":651,"Area_ha":1.0,"LC":"5:0.714627,6:0.086863,13:0.010394,14:0.188116","XMIN":726544.86160847,"YMIN":8517063.36992662,"XMAX":726644.86160847,"YMAX":8517163.36992662},"geometry":{"type":"Polygon","coordinates":[[[-72.906945383034,-13.405476566802179],[-72.90695320396799,-13.40457293059734],[-72.90787626073609,-13.40458058501896],[-72.90786844324509,-13.405484221758398],[-72.906945383034,-13.405476566802179]]]}},{"type":"Feature","properties":{"Cell_ID":652,"Area_ha":1.0,"LC":"3:0.029772,9:0.467272,16:0.046751,17:0.027739","XMIN":726644.86160847,"YMIN":8518763.36992662,"XMAX":726744.86160847,"YMAX":8518863.36992662},"geometry":{"type":"Polygon","coordinates":[[[-72.90615525944739,-13.390107092696827],[-72.9061630740299,-13.389203455853522],[-72.90708607173028,-13.389211104554231],[-72.90707826058643,-13.390114741932301],[-72.90615525944739,-13.390107092696827]]]}},{"type":"Feature","properties":{"Cell_ID":653,"Area_ha":1.0,"LC":"3:0.425381,9:0.483348,13:0.091271","XMIN":726644.86160847,"YMIN":8518663.36992662,"XMAX":726744.86160847,"YMAX":8518763.36992662},"geometry":{"type":"Polygon","coordinates":[[[-72.9061474442888,-13.391010729471143],[-72.90615525944739,-13.390107092696827],[-72.90707826058643,-13.390114741932301],[-72.90707044886678,-13.391018379241387],[-72.9061474442888,-13.391010729471143]]]}},{"type":"Feature","properties":{"Cell_ID":654,"Area_ha":1.0,"LC":"9:0.009433,13:0.990567","XMIN":726644.86160847,"YMIN":8518563.36992662,"XMAX":726744.86160847,"YMAX":8518663.36992662},"geometry":{"type":"Polygon","coordinates":[[[-72.90613962855417,-13.391914366176472],[-72.9061474442888,-13.391010729471143],[-72.90707044886678,-13.391018379241387],[-72.9070626365713,-13.391922016481498],[-72.90613962855417,-13.391914366176472]]]}},{"type":"Feature","properties":{"Cell_ID":655,"Area_ha":1.0,"LC":"5:0.278408,13:0.721592","XMIN":726644.86160847,"YMIN":8518463.36992662,"XMAX":726744.86160847,"YMAX":8518563.36992662},"geometry":{"type":"Polygon","coordinates":[[[-72.90613181224344,-13.392818002812813],[-72.90613962855417,-13.391914366176472],[-72.9070626365713,-13.391922016481498],[-72.9070548237,-13.392825653652615],[-72.90613181224344,-13.392818002812813]]]}},{"type":"Feature","properties":{"Cell_ID":656,"Area_ha":1.0,"LC":"5:0.317714,13:0.307138,16:0.375149","XMIN":726644.86160847,"YMIN":8518363.36992662,"XMAX":726744.86160847,"YMAX":8518463.36992662},"geometry":{"type":"Polygon","coordinates":[[[-72.90612399535664,-13.393721639380157],[-72.90613181224344,-13.392818002812813],[-72.9070548237,-13.392825653652615],[-72.90704701025285,-13.393729290754743],[-72.90612399535664,-13.393721639380157]]]}},{"type":"Feature","properties":{"Cell_ID":657,"Area_ha":1.0,"LC":"5:0.449150,13:0.086698,16:0.464153","XMIN":726644.86160847,"YMIN":8518263.36992662,"XMAX":726744.86160847,"YMAX":8518363.36992662},"geometry":{"type":"Polygon","coordinates":[[[-72.90611617789371,-13.3946252758785],[-72.90612399535664,-13.393721639380157],[-72.90704701025285,-13.393729290754743],[-72.90703919622987,-13.394632927787873],[-72.90611617789371,-13.3946252758785]]]}},{"type":"Feature","properties":{"Cell_ID":658,"Area_ha":1.0,"LC":"5:0.177540,13:0.580521,16:0.241939","XMIN":726644.86160847,"YMIN":8518163.36992662,"XMAX":726744.86160847,"YMAX":8518263.36992662},"geometry":{"type":"Polygon","coordinates":[[[-72.90610835985467,-13.395528912307842],[-72.90611617789371,-13.3946252758785],[-72.90703919622987,-13.394632927787873],[-72.90703138163101,-13.395536564752007],[-72.90610835985467,-13.395528912307842]]]}},{"type":"Feature","properties":{"Cell_ID":659,"Area_ha":1.0,"LC":"5:0.337092,13:0.520000,16:0.142908","XMIN":726644.86160847,"YMIN":8518063.36992662,"XMAX":726744.86160847,"YMAX":8518163.36992662},"geometry":{"type":"Polygon","coordinates":[[[-72.90610054123951,-13.396432548668171],[-72.90610835985467,-13.395528912307842],[-72.90703138163101,-13.395536564752007],[-72.9070235664563,-13.396440201647133],[-72.90610054123951,-13.396432548668171]]]}},{"type":"Feature","properties":{"Cell_ID":660,"Area_ha":1.0,"LC":"5:0.047494,13:0.687312,16:0.265195","XMIN":726644.86160847,"YMIN":8517963.36992662,"XMAX":726744.86160847,"YMAX":8518063.36992662},"geometry":{"type":"Polygon","coordinates":[[[-72.90609272204821,-13.39733618495949],[-72.90610054123951,-13.396432548668171],[-72.9070235664563,-13.396440201647133],[-72.9070157507057,-13.39734383847325],[-72.90609272204821,-13.39733618495949]]]}},{"type":"Feature","properties":{"Cell_ID":661,"Area_ha":1.0,"LC":"13:0.415153,16:0.584847","XMIN":726644.86160847,"YMIN":8517863.36992662,"XMAX":726744.86160847,"YMAX":8517963.36992662},"geometry":{"type":"Polygon","coordinates":[[[-72.90608490228078,-13.398239821181795],[-72.90609272204821,-13.39733618495949],[-72.9070157507057,-13.39734383847325],[-72.90700793437921,-13.398247475230352],[-72.90608490228078,-13.398239821181795]]]}},{"type":"Feature","properties":{"Cell_ID":662,"Area_ha":1.0,"LC":"5:0.387037,13:0.522917,16:0.090046","XMIN":726644.86160847,"YMIN":8517763.36992662,"XMAX":726744.86160847,"YMAX":8517863.36992662},"geometry":{"type":"Polygon","coordinates":[[[-72.9060770819372,-13.399143457335077],[-72.90608490228078,-13.398239821181795],[-72.90700793437921,-13.398247475230352],[-72.90700011747681,-13.39915111191844],[-72.9060770819372,-13.399143457335077]]]}},{"type":"Feature","properties":{"Cell_ID":663,"Area_ha":1.0,"LC":"5:0.106177,13:0.893823","XMIN":726644.86160847,"YMIN":8517663.36992662,"XMAX":726744.86160847,"YMAX":8517763.36992662},"geometry":{"type":"Polygon","coordinates":[[[-72.90606926101744,-13.400047093419326],[-72.9060770819372,-13.399143457335077],[-72.90700011747681,-13.39915111191844],[-72.9069922999985,-13.400054748537503],[-72.90606926101744,-13.400047093419326]]]}},{"type":"Feature","properties":{"Cell_ID":664,"Area_ha":1.0,"LC":"13:1.000000","XMIN":726644.86160847,"YMIN":8517563.36992662,"XMAX":726744.86160847,"YMAX":8517663.36992662},"geometry":{"type":"Polygon","coordinates":[[[-72.90606143952151,-13.400950729434554],[-72.90606926101744,-13.400047093419326],[-72.9069922999985,-13.400054748537503],[-72.90698448194429,-13.400958385087542],[-72.90606143952151,-13.400950729434554]]]}},{"type":"Feature","properties":{"Cell_ID":665,"Area_ha":1.0,"LC":"13:1.000000","XMIN":726644.86160847,"YMIN":8517463.36992662,"XMAX":726744.86160847,"YMAX":8517563.36992662},"geometry":{"type":"Polygon","coordinates":[[[-72.9060536174494,-13.401854365380743],[-72.90606143952151,-13.400950729434554],[-72.90698448194429,-13.400958385087542],[-72.90697666331414,-13.401862021568549],[-72.9060536174494,-13.401854365380743]]]}},{"type":"Feature","properties":{"Cell_ID":666,"Area_ha":1.0,"LC":"5:0.010576,13:0.989424","XMIN":726644.86160847,"YMIN":8517363.36992662,"XMAX":726744.86160847,"YMAX":8517463.36992662},"geometry":{"type":"Polygon","coordinates":[[[-72.90604579480109,-13.402758001257892],[-72.9060536174494,-13.401854365380743],[-72.90697666331414,-13.401862021568549],[-72.90696884410805,-13.40276565798052],[-72.90604579480109,-13.402758001257892]]]}},{"type":"Feature","properties":{"Cell_ID":667,"Area_ha":1.0,"LC":"5:0.104847,9:0.160347,13:0.734805","XMIN":726644.86160847,"YMIN":8517263.36992662,"XMAX":726744.86160847,"YMAX":8517363.36992662},"geometry":{"type":"Polygon","coordinates":[[[-72.90603797157657,-13.403661637066],[-72.90604579480109,-13.402758001257892],[-72.90696884410805,-13.40276565798052],[-72.906961024326,-13.403669294323452],[-72.90603797157657,-13.403661637066]]]}},{"type":"Feature","properties":{"Cell_ID":668,"Area_ha":1.0,"LC":"5:0.293476,6:0.091719,9:0.400000,13:0.214805","XMIN":726644.86160847,"YMIN":8517163.36992662,"XMAX":726744.86160847,"YMAX":8517263.36992662},"geometry":{"type":"Polygon","coordinates":[[[-72.90603014777584,-13.404565272805057],[-72.90603797157657,-13.403661637066],[-72.906961024326,-13.403669294323452],[-72.90695320396799,-13.40457293059734],[-72.90603014777584,-13.404565272805057]]]}},{"type":"Feature","properties":{"Cell_ID":669,"Area_ha":1.0,"LC":"5:0.817786,6:0.133128,9:0.039653,13:0.009433","XMIN":726644.86160847,"YMIN":8517063.36992662,"XMAX":726744.86160847,"YMAX":8517163.36992662},"geometry":{"type":"Polygon","coordinates":[[[-72.90602232339889,-13.405468908475061],[-72.90603014777584,-13.404565272805057],[-72.90695320396799,-13.40457293059734],[-72.906945383034,-13.405476566802179],[-72.90602232339889,-13.405468908475061]]]}},{"type":"Feature","properties":{"Cell_ID":670,"Area_ha":1.0,"LC":"9:0.187833,16:0.613940,17:0.099955","XMIN":726744.86160847,"YMIN":8518763.36992662,"XMAX":726844.86160847,"YMAX":8518863.36992662},"geometry":{"type":"Polygon","coordinates":[[[-72.90523225888441,-13.390099440094458],[-72.90524007690557,-13.389195803786164],[-72.9061630740299,-13.389203455853522],[-72.90615525944739,-13.390107092696827],[-72.90523225888441,-13.390099440094458]]]}},{"type":"Feature","properties":{"Cell_ID":671,"Area_ha":1.0,"LC":"9:0.585381,13:0.201838,16:0.212781","XMIN":726744.86160847,"YMIN":8518663.36992662,"XMAX":726844.86160847,"YMAX":8518763.36992662},"geometry":{"type":"Polygon","coordinates":[[[-72.90522444028693,-13.391003076333773],[-72.90523225888441,-13.390099440094458],[-72.90615525944739,-13.390107092696827],[-72.9061474442888,-13.391010729471143],[-72.90522444028693,-13.391003076333773]]]}},{"type":"Feature","properties":{"Cell_ID":672,"Area_ha":1.0,"LC":"13:1.000000","XMIN":726744.86160847,"YMIN":8518563.36992662,"XMAX":726844.86160847,"YMAX":8518663.36992662},"geometry":{"type":"Polygon","coordinates":[[[-72.90521662111313,-13.39190671250409],[-72.90522444028693,-13.391003076333773],[-72.9061474442888,-13.391010729471143],[-72.90613962855417,-13.391914366176472],[-72.90521662111313,-13.39190671250409]]]}},{"type":"Feature","properties":{"Cell_ID":673,"Area_ha":1.0,"LC":"13:0.807760,16:0.192240","XMIN":726744.86160847,"YMIN":8518463.36992662,"XMAX":726844.86160847,"YMAX":8518563.36992662},"geometry":{"type":"Polygon","coordinates":[[[-72.90520880136297,-13.392810348605416],[-72.90521662111313,-13.39190671250409],[-72.90613962855417,-13.391914366176472],[-72.90613181224344,-13.392818002812813],[-72.90520880136297,-13.392810348605416]]]}},{"type":"Feature","properties":{"Cell_ID":674,"Area_ha":1.0,"LC":"13:0.009433,16:0.990567","XMIN":726744.86160847,"YMIN":8518363.36992662,"XMAX":726844.86160847,"YMAX":8518463.36992662},"geometry":{"type":"Polygon","coordinates":[[[-72.90520098103649,-13.393713984637744],[-72.90520880136297,-13.392810348605416],[-72.90613181224344,-13.392818002812813],[-72.90612399535664,-13.393721639380157],[-72.90520098103649,-13.393713984637744]]]}},{"type":"Feature","properties":{"Cell_ID":675,"Area_ha":1.0,"LC":"16:1.000000","XMIN":726744.86160847,"YMIN":8518263.36992662,"XMAX":726844.86160847,"YMAX":8518363.36992662},"geometry":{"type":"Polygon","coordinates":[[[-72.90519316013366,-13.394617620601062],[-72.90520098103649,-13.393713984637744],[-72.90612399535664,-13.393721639380157],[-72.90611617789371,-13.3946252758785],[-72.90519316013366,-13.394617620601062]]]}},{"type":"Feature","properties":{"Cell_ID":676,"Area_ha":1.0,"LC":"13:0.173658,16:0.826342","XMIN":726744.86160847,"YMIN":8518163.36992662,"XMAX":726844.86160847,"YMAX":8518263.36992662},"geometry":{"type":"Polygon","coordinates":[[[-72.90518533865445,-13.395521256495378],[-72.90519316013366,-13.394617620601062],[-72.90611617789371,-13.3946252758785],[-72.90610835985467,-13.395528912307842],[-72.90518533865445,-13.395521256495378]]]}},{"type":"Feature","properties":{"Cell_ID":677,"Area_ha":1.0,"LC":"13:0.213128,16:0.786872","XMIN":726744.86160847,"YMIN":8518063.36992662,"XMAX":726844.86160847,"YMAX":8518163.36992662},"geometry":{"type":"Polygon","coordinates":[[[-72.90517751659885,-13.396424892320677],[-72.90518533865445,-13.395521256495378],[-72.90610835985467,-13.395528912307842],[-72.90610054123951,-13.396432548668171],[-72.90517751659885,-13.396424892320677]]]}},{"type":"Feature","properties":{"Cell_ID":678,"Area_ha":1.0,"LC":"16:1.000000","XMIN":726744.86160847,"YMIN":8517963.36992662,"XMAX":726844.86160847,"YMAX":8518063.36992662},"geometry":{"type":"Polygon","coordinates":[[[-72.90516969396688,-13.397328528076963],[-72.90517751659885,-13.396424892320677],[-72.90610054123951,-13.396432548668171],[-72.90609272204821,-13.39733618495949],[-72.90516969396688,-13.397328528076963]]]}},{"type":"Feature","properties":{"Cell_ID":679,"Area_ha":1.0,"LC":"5:0.113484,16:0.886516","XMIN":726744.86160847,"YMIN":8517863.36992662,"XMAX":726844.86160847,"YMAX":8517963.36992662},"geometry":{"type":"Polygon","coordinates":[[[-72.90516187075852,-13.398232163764229],[-72.90516969396688,-13.397328528076963],[-72.90609272204821,-13.39733618495949],[-72.90608490228078,-13.398239821181795],[-72.90516187075852,-13.398232163764229]]]}},{"type":"Feature","properties":{"Cell_ID":680,"Area_ha":1.0,"LC":"5:0.113302,13:0.225894,16:0.660804","XMIN":726744.86160847,"YMIN":8517763.36992662,"XMAX":726844.86160847,"YMAX":8517863.36992662},"geometry":{"type":"Polygon","coordinates":[[[-72.90515404697373,-13.399135799382467],[-72.90516187075852,-13.398232163764229],[-72.90608490228078,-13.398239821181795],[-72.9060770819372,-13.399143457335077],[-72.90515404697373,-13.399135799382467]]]}},{"type":"Feature","properties":{"Cell_ID":681,"Area_ha":1.0,"LC":"9:0.010576,13:0.457439,16:0.531985","XMIN":726744.86160847,"YMIN":8517663.36992662,"XMAX":726844.86160847,"YMAX":8517763.36992662},"geometry":{"type":"Polygon","coordinates":[[[-72.90514622261254,-13.400039434931672],[-72.90515404697373,-13.399135799382467],[-72.9060770819372,-13.399143457335077],[-72.90606926101744,-13.400047093419326],[-72.90514622261254,-13.400039434931672]]]}},{"type":"Feature","properties":{"Cell_ID":682,"Area_ha":1.0,"LC":"9:0.031363,13:0.948811,16:0.019826","XMIN":726744.86160847,"YMIN":8517563.36992662,"XMAX":726844.86160847,"YMAX":8517663.36992662},"geometry":{"type":"Polygon","coordinates":[[[-72.9051383976749,-13.400943070411852],[-72.90514622261254,-13.400039434931672],[-72.90606926101744,-13.400047093419326],[-72.90606143952151,-13.400950729434554],[-72.9051383976749,-13.400943070411852]]]}},{"type":"Feature","properties":{"Cell_ID":683,"Area_ha":1.0,"LC":"13:1.000000","XMIN":726744.86160847,"YMIN":8517463.36992662,"XMAX":726844.86160847,"YMAX":8517563.36992662},"geometry":{"type":"Polygon","coordinates":[[[-72.90513057216086,-13.401846705822987],[-72.9051383976749,-13.400943070411852],[-72.90606143952151,-13.400950729434554],[-72.9060536174494,-13.401854365380743],[-72.90513057216086,-13.401846705822987]]]}},{"type":"Feature","properties":{"Cell_ID":684,"Area_ha":1.0,"LC":"5:0.049945,13:0.950055","XMIN":726744.86160847,"YMIN":8517363.36992662,"XMAX":726844.86160847,"YMAX":8517463.36992662},"geometry":{"type":"Polygon","coordinates":[[[-72.90512274607033,-13.402750341165078],[-72.90513057216086,-13.401846705822987],[-72.9060536174494,-13.401854365380743],[-72.90604579480109,-13.402758001257892],[-72.90512274607033,-13.402750341165078]]]}},{"type":"Feature","properties":{"Cell_ID":685,"Area_ha":1.0,"LC":"5:0.748015,13:0.251985","XMIN":726744.86160847,"YMIN":8517263.36992662,"XMAX":726844.86160847,"YMAX":8517363.36992662},"geometry":{"type":"Polygon","coordinates":[[[-72.90511491940337,-13.403653976438127],[-72.90512274607033,-13.402750341165078],[-72.90604579480109,-13.402758001257892],[-72.90603797157657,-13.403661637066],[-72.90511491940337,-13.403653976438127]]]}},{"type":"Feature","properties":{"Cell_ID":686,"Area_ha":1.0,"LC":"5:0.911198,6:0.088802","XMIN":726744.86160847,"YMIN":8517163.36992662,"XMAX":726844.86160847,"YMAX":8517263.36992662},"geometry":{"type":"Polygon","coordinates":[[[-72.90510709215992,-13.404557611642119],[-72.90511491940337,-13.403653976438127],[-72.90603797157657,-13.403661637066],[-72.90603014777584,-13.404565272805057],[-72.90510709215992,-13.404557611642119]]]}},{"type":"Feature","properties":{"Cell_ID":687,"Area_ha":1.0,"LC":"16:0.950915,17:0.049085","XMIN":726844.86160847,"YMIN":8518763.36992662,"XMAX":726944.86160847,"YMAX":8518863.36992662},"geometry":{"type":"Polygon","coordinates":[[[-72.90430925889774,-13.39009178412522],[-72.90431708035756,-13.389188148352158],[-72.90524007690557,-13.389195803786164],[-72.90523225888441,-13.390099440094458],[-72.90430925889774,-13.39009178412522]]]}},{"type":"Feature","properties":{"Cell_ID":688,"Area_ha":1.0,"LC":"13:0.320695,16:0.679305","XMIN":726844.86160847,"YMIN":8518663.36992662,"XMAX":726944.86160847,"YMAX":8518763.36992662},"geometry":{"type":"Polygon","coordinates":[[[-72.90430143686136,-13.390995419829288],[-72.90430925889774,-13.39009178412522],[-72.90523225888441,-13.390099440094458],[-72.90522444028693,-13.391003076333773],[-72.90430143686136,-13.390995419829288]]]}},{"type":"Feature","properties":{"Cell_ID":689,"Area_ha":1.0,"LC":"13:0.728107,16:0.271893","XMIN":726844.86160847,"YMIN":8518563.36992662,"XMAX":726944.86160847,"YMAX":8518663.36992662},"geometry":{"type":"Polygon","coordinates":[[[-72.90429361424842,-13.391899055464359],[-72.90430143686136,-13.390995419829288],[-72.90522444028693,-13.391003076333773],[-72.90521662111313,-13.39190671250409],[-72.90429361424842,-13.391899055464359]]]}},{"type":"Feature","properties":{"Cell_ID":690,"Area_ha":1.0,"LC":"13:0.086350,16:0.913650","XMIN":726844.86160847,"YMIN":8518463.36992662,"XMAX":726944.86160847,"YMAX":8518563.36992662},"geometry":{"type":"Polygon","coordinates":[[[-72.90428579105887,-13.392802691030433],[-72.90429361424842,-13.391899055464359],[-72.90521662111313,-13.39190671250409],[-72.90520880136297,-13.392810348605416],[-72.90428579105887,-13.392802691030433]]]}},{"type":"Feature","properties":{"Cell_ID":691,"Area_ha":1.0,"LC":"16:1.000000","XMIN":726844.86160847,"YMIN":8518363.36992662,"XMAX":726944.86160847,"YMAX":8518463.36992662},"geometry":{"type":"Polygon","coordinates":[[[-72.90427796729273,-13.393706326527507],[-72.90428579105887,-13.392802691030433],[-72.90520880136297,-13.392810348605416],[-72.90520098103649,-13.393713984637744],[-72.90427796729273,-13.393706326527507]]]}},{"type":"Feature","properties":{"Cell_ID":692,"Area_ha":1.0,"LC":"16:1.000000","XMIN":726844.86160847,"YMIN":8518263.36992662,"XMAX":726944.86160847,"YMAX":8518363.36992662},"geometry":{"type":"Polygon","coordinates":[[[-72.90427014294997,-13.39460996195557],[-72.90427796729273,-13.393706326527507],[-72.90520098103649,-13.393713984637744],[-72.90519316013366,-13.394617620601062],[-72.90427014294997,-13.39460996195557]]]}},{"type":"Feature","properties":{"Cell_ID":693,"Area_ha":1.0,"LC":"13:0.107037,16:0.892963","XMIN":726844.86160847,"YMIN":8518163.36992662,"XMAX":726944.86160847,"YMAX":8518263.36992662},"geometry":{"type":"Polygon","coordinates":[[[-72.9042623180306,-13.395513597314624],[-72.90427014294997,-13.39460996195557],[-72.90519316013366,-13.394617620601062],[-72.90518533865445,-13.395521256495378],[-72.9042623180306,-13.395513597314624]]]}},{"type":"Feature","properties":{"Cell_ID":694,"Area_ha":1.0,"LC":"13:0.486698,16:0.513302","XMIN":726844.86160847,"YMIN":8518063.36992662,"XMAX":726944.86160847,"YMAX":8518163.36992662},"geometry":{"type":"Polygon","coordinates":[[[-72.90425449253459,-13.396417232604659],[-72.9042623180306,-13.395513597314624],[-72.90518533865445,-13.395521256495378],[-72.90517751659885,-13.396424892320677],[-72.90425449253459,-13.396417232604659]]]}},{"type":"Feature","properties":{"Cell_ID":695,"Area_ha":1.0,"LC":"13:0.179479,16:0.820521","XMIN":726844.86160847,"YMIN":8517963.36992662,"XMAX":726944.86160847,"YMAX":8518063.36992662},"geometry":{"type":"Polygon","coordinates":[[[-72.90424666646194,-13.397320867825671],[-72.90425449253459,-13.396417232604659],[-72.90517751659885,-13.396424892320677],[-72.90516969396688,-13.397328528076963],[-72.90424666646194,-13.397320867825671]]]}},{"type":"Feature","properties":{"Cell_ID":696,"Area_ha":1.0,"LC":"5:0.206863,13:0.152688,16:0.640448","XMIN":726844.86160847,"YMIN":8517863.36992662,"XMAX":726944.86160847,"YMAX":8517963.36992662},"geometry":{"type":"Polygon","coordinates":[[[-72.90423883981265,-13.398224502977666],[-72.90424666646194,-13.397320867825671],[-72.90516969396688,-13.397328528076963],[-72.90516187075852,-13.398232163764229],[-72.90423883981265,-13.398224502977666]]]}},{"type":"Feature","properties":{"Cell_ID":697,"Area_ha":1.0,"LC":"5:0.598243,9:0.020174,13:0.253128,16:0.128455","XMIN":726844.86160847,"YMIN":8517763.36992662,"XMAX":726944.86160847,"YMAX":8517863.36992662},"geometry":{"type":"Polygon","coordinates":[[[-72.90423101258669,-13.399128138060625],[-72.90423883981265,-13.398224502977666],[-72.90516187075852,-13.398232163764229],[-72.90515404697373,-13.399135799382467],[-72.90423101258669,-13.399128138060625]]]}},{"type":"Feature","properties":{"Cell_ID":698,"Area_ha":1.0,"LC":"5:0.464847,9:0.269772,13:0.078061,16:0.187320","XMIN":726844.86160847,"YMIN":8517663.36992662,"XMAX":726944.86160847,"YMAX":8517763.36992662},"geometry":{"type":"Polygon","coordinates":[[[-72.90422318478407,-13.400031773074554],[-72.90423101258669,-13.399128138060625],[-72.90515404697373,-13.399135799382467],[-72.90514622261254,-13.400039434931672],[-72.90422318478407,-13.400031773074554]]]}},{"type":"Feature","properties":{"Cell_ID":699,"Area_ha":1.0,"LC":"5:0.431363,9:0.148116,13:0.420521","XMIN":726844.86160847,"YMIN":8517563.36992662,"XMAX":726944.86160847,"YMAX":8517663.36992662},"geometry":{"type":"Polygon","coordinates":[[[-72.90421535640476,-13.400935408019443],[-72.90422318478407,-13.400031773074554],[-72.90514622261254,-13.400039434931672],[-72.9051383976749,-13.400943070411852],[-72.90421535640476,-13.400935408019443]]]}},{"type":"Feature","properties":{"Cell_ID":700,"Area_ha":1.0,"LC":"5:0.239653,13:0.760347","XMIN":726844.86160847,"YMIN":8517463.36992662,"XMAX":726944.86160847,"YMAX":8517563.36992662},"geometry":{"type":"Polygon","coordinates":[[[-72.90420752744876,-13.401839042895293],[-72.90421535640476,-13.400935408019443],[-72.9051383976749,-13.400943070411852],[-72.90513057216086,-13.401846705822987],[-72.90420752744876,-13.401839042895293]]]}},{"type":"Feature","properties":{"Cell_ID":701,"Area_ha":1.0,"LC":"5:0.273832,13:0.726168","XMIN":726844.86160847,"YMIN":8517363.36992662,"XMAX":726944.86160847,"YMAX":8517463.36992662},"geometry":{"type":"Polygon","coordinates":[[[-72.90419969791606,-13.402742677702093],[-72.90420752744876,-13.401839042895293],[-72.90513057216086,-13.401846705822987],[-72.90512274607033,-13.402750341165078],[-72.90419969791606,-13.402742677702093]]]}},{"type":"Feature","properties":{"Cell_ID":702,"Area_ha":1.0,"LC":"5:0.832854,13:0.167146","XMIN":726844.86160847,"YMIN":8517263.36992662,"XMAX":726944.86160847,"YMAX":8517363.36992662},"geometry":{"type":"Polygon","coordinates":[[[-72.90419186780663,-13.403646312439841],[-72.90419969791606,-13.402742677702093],[-72.90512274607033,-13.402750341165078],[-72.90511491940337,-13.403653976438127],[-72.90419186780663,-13.403646312439841]]]}},{"type":"Feature","properties":{"Cell_ID":703,"Area_ha":1.0,"LC":"5:0.807760,9:0.181664,13:0.010576","XMIN":726844.86160847,"YMIN":8517163.36992662,"XMAX":726944.86160847,"YMAX":8517263.36992662},"geometry":{"type":"Polygon","coordinates":[[[-72.9041840371205,-13.404549947108537],[-72.90419186780663,-13.403646312439841],[-72.90511491940337,-13.403653976438127],[-72.90510709215992,-13.404557611642119],[-72.9041840371205,-13.404549947108537]]]}},{"type":"Feature","properties":{"Cell_ID":704,"Area_ha":1.0,"LC":"13:0.071097,16:0.820787,17:0.073334","XMIN":726944.86160847,"YMIN":8518863.36992662,"XMAX":727044.86160847,"YMAX":8518963.36992662},"geometry":{"type":"Polygon","coordinates":[[[-72.90339408438611,-13.389180489551523],[-72.90340190870772,-13.388276854244946],[-72.90432490124081,-13.388284512510117],[-72.90431708035756,-13.389188148352158],[-72.90339408438611,-13.389180489551523]]]}},{"type":"Feature","properties":{"Cell_ID":705,"Area_ha":1.0,"LC":"13:0.069873,16:0.930127","XMIN":726944.86160847,"YMIN":8518763.36992662,"XMAX":727044.86160847,"YMAX":8518863.36992662},"geometry":{"type":"Polygon","coordinates":[[[-72.90338625948765,-13.390084124789107],[-72.90339408438611,-13.389180489551523],[-72.90431708035756,-13.389188148352158],[-72.90430925889774,-13.39009178412522],[-72.90338625948765,-13.390084124789107]]]}},{"type":"Feature","properties":{"Cell_ID":706,"Area_ha":1.0,"LC":"13:0.028628,16:0.971372","XMIN":726944.86160847,"YMIN":8518663.36992662,"XMAX":727044.86160847,"YMAX":8518763.36992662},"geometry":{"type":"Polygon","coordinates":[[[-72.9033784340124,-13.390987759957698],[-72.90338625948765,-13.390084124789107],[-72.90430925889774,-13.39009178412522],[-72.90430143686136,-13.390995419829288],[-72.9033784340124,-13.390987759957698]]]}},{"type":"Feature","properties":{"Cell_ID":707,"Area_ha":1.0,"LC":"13:0.218069,16:0.781931","XMIN":726944.86160847,"YMIN":8518563.36992662,"XMAX":727044.86160847,"YMAX":8518663.36992662},"geometry":{"type":"Polygon","coordinates":[[[-72.9033706079603,-13.39189139505729],[-72.9033784340124,-13.390987759957698],[-72.90430143686136,-13.390995419829288],[-72.90429361424842,-13.391899055464359],[-72.9033706079603,-13.39189139505729]]]}},{"type":"Feature","properties":{"Cell_ID":708,"Area_ha":1.0,"LC":"13:0.132333,16:0.867667","XMIN":726944.86160847,"YMIN":8518463.36992662,"XMAX":727044.86160847,"YMAX":8518563.36992662},"geometry":{"type":"Polygon","coordinates":[[[-72.90336278133135,-13.392795030087878],[-72.9033706079603,-13.39189139505729],[-72.90429361424842,-13.391899055464359],[-72.90428579105887,-13.392802691030433],[-72.90336278133135,-13.392795030087878]]]}},{"type":"Feature","properties":{"Cell_ID":709,"Area_ha":1.0,"LC":"13:0.062908,16:0.937092","XMIN":726944.86160847,"YMIN":8518363.36992662,"XMAX":727044.86160847,"YMAX":8518463.36992662},"geometry":{"type":"Polygon","coordinates":[[[-72.90335495412556,-13.393698665049461],[-72.90336278133135,-13.392795030087878],[-72.90428579105887,-13.392802691030433],[-72.90427796729273,-13.393706326527507],[-72.90335495412556,-13.393698665049461]]]}},{"type":"Feature","properties":{"Cell_ID":710,"Area_ha":1.0,"LC":"16:1.000000","XMIN":726944.86160847,"YMIN":8518263.36992662,"XMAX":727044.86160847,"YMAX":8518363.36992662},"geometry":{"type":"Polygon","coordinates":[[[-72.90334712634291,-13.394602299942031],[-72.90335495412556,-13.393698665049461],[-72.90427796729273,-13.393706326527507],[-72.90427014294997,-13.39460996195557],[-72.90334712634291,-13.394602299942031]]]}},{"type":"Feature","properties":{"Cell_ID":711,"Area_ha":1.0,"LC":"16:1.000000","XMIN":726944.86160847,"YMIN":8518163.36992662,"XMAX":727044.86160847,"YMAX":8518263.36992662},"geometry":{"type":"Polygon","coordinates":[[[-72.90333929798338,-13.395505934765586],[-72.90334712634291,-13.394602299942031],[-72.90427014294997,-13.39460996195557],[-72.9042623180306,-13.395513597314624],[-72.90333929798338,-13.395505934765586]]]}},{"type":"Feature","properties":{"Cell_ID":712,"Area_ha":1.0,"LC":"16:1.000000","XMIN":726944.86160847,"YMIN":8518063.36992662,"XMAX":727044.86160847,"YMAX":8518163.36992662},"geometry":{"type":"Polygon","coordinates":[[[-72.90333146904698,-13.396409569520122],[-72.90333929798338,-13.395505934765586],[-72.9042623180306,-13.395513597314624],[-72.90425449253459,-13.396417232604659],[-72.90333146904698,-13.396409569520122]]]}},{"type":"Feature","properties":{"Cell_ID":713,"Area_ha":1.0,"LC":"13:0.100174,16:0.899826","XMIN":726944.86160847,"YMIN":8517963.36992662,"XMAX":727044.86160847,"YMAX":8518063.36992662},"geometry":{"type":"Polygon","coordinates":[[[-72.90332363953367,-13.39731320420563],[-72.90333146904698,-13.396409569520122],[-72.90425449253459,-13.396417232604659],[-72.90424666646194,-13.397320867825671],[-72.90332363953367,-13.39731320420563]]]}},{"type":"Feature","properties":{"Cell_ID":714,"Area_ha":1.0,"LC":"13:0.201939,16:0.798061","XMIN":726944.86160847,"YMIN":8517863.36992662,"XMAX":727044.86160847,"YMAX":8517963.36992662},"geometry":{"type":"Polygon","coordinates":[[[-72.90331580944346,-13.398216838822115],[-72.90332363953367,-13.39731320420563],[-72.90424666646194,-13.397320867825671],[-72.90423883981265,-13.398224502977666],[-72.90331580944346,-13.398216838822115]]]}},{"type":"Feature","properties":{"Cell_ID":715,"Area_ha":1.0,"LC":"5:0.048802,13:0.171372,16:0.779826","XMIN":726944.86160847,"YMIN":8517763.36992662,"XMAX":727044.86160847,"YMAX":8517863.36992662},"geometry":{"type":"Polygon","coordinates":[[[-72.90330797877633,-13.399120473369564],[-72.90331580944346,-13.398216838822115],[-72.90423883981265,-13.398224502977666],[-72.90423101258669,-13.399128138060625],[-72.90330797877633,-13.399120473369564]]]}},{"type":"Feature","properties":{"Cell_ID":716,"Area_ha":1.0,"LC":"5:0.274979,13:0.465195,16:0.259826","XMIN":726944.86160847,"YMIN":8517663.36992662,"XMAX":727044.86160847,"YMAX":8517763.36992662},"geometry":{"type":"Polygon","coordinates":[[[-72.90330014753228,-13.400024107847974],[-72.90330797877633,-13.399120473369564],[-72.90423101258669,-13.399128138060625],[-72.90422318478407,-13.400031773074554],[-72.90330014753228,-13.400024107847974]]]}},{"type":"Feature","properties":{"Cell_ID":717,"Area_ha":1.0,"LC":"5:0.128984,13:0.711363,16:0.159653","XMIN":726944.86160847,"YMIN":8517563.36992662,"XMAX":727044.86160847,"YMAX":8517663.36992662},"geometry":{"type":"Polygon","coordinates":[[[-72.9032923157113,-13.400927742257345],[-72.90330014753228,-13.400024107847974],[-72.90422318478407,-13.400031773074554],[-72.90421535640476,-13.400935408019443],[-72.9032923157113,-13.400927742257345]]]}},{"type":"Feature","properties":{"Cell_ID":718,"Area_ha":1.0,"LC":"5:0.492167,13:0.507833","XMIN":726944.86160847,"YMIN":8517463.36992662,"XMAX":727044.86160847,"YMAX":8517563.36992662},"geometry":{"type":"Polygon","coordinates":[[[-72.90328448331337,-13.40183137659767],[-72.9032923157113,-13.400927742257345],[-72.90421535640476,-13.400935408019443],[-72.90420752744876,-13.401839042895293],[-72.90328448331337,-13.40183137659767]]]}},{"type":"Feature","properties":{"Cell_ID":719,"Area_ha":1.0,"LC":"5:0.531884,13:0.468116","XMIN":726944.86160847,"YMIN":8517363.36992662,"XMAX":727044.86160847,"YMAX":8517463.36992662},"geometry":{"type":"Polygon","coordinates":[[[-72.90327665033848,-13.402735010868943],[-72.90328448331337,-13.40183137659767],[-72.90420752744876,-13.401839042895293],[-72.90419969791606,-13.402742677702093],[-72.90327665033848,-13.402735010868943]]]}},{"type":"Feature","properties":{"Cell_ID":720,"Area_ha":1.0,"LC":"5:0.205025,9:0.010576,13:0.784399","XMIN":726944.86160847,"YMIN":8517263.36992662,"XMAX":727044.86160847,"YMAX":8517363.36992662},"geometry":{"type":"Polygon","coordinates":[[[-72.90326881678662,-13.403638645071162],[-72.90327665033848,-13.402735010868943],[-72.90419969791606,-13.402742677702093],[-72.90419186780663,-13.403646312439841],[-72.90326881678662,-13.403638645071162]]]}},{"type":"Feature","properties":{"Cell_ID":721,"Area_ha":1.0,"LC":"13:0.342807,16:0.657193","XMIN":727044.86160847,"YMIN":8518863.36992662,"XMAX":727144.86160847,"YMAX":8518963.36992662},"geometry":{"type":"Polygon","coordinates":[[[-72.90247108899145,-13.38917282738426],[-72.90247891675145,-13.388269192613391],[-72.90340190870772,-13.388276854244946],[-72.90339408438611,-13.389180489551523],[-72.90247108899145,-13.38917282738426]]]}},{"type":"Feature","properties":{"Cell_ID":722,"Area_ha":1.0,"LC":"13:0.379131,16:0.620869","XMIN":727044.86160847,"YMIN":8518763.36992662,"XMAX":727144.86160847,"YMAX":8518863.36992662},"geometry":{"type":"Polygon","coordinates":[[[-72.90246326065439,-13.390076462086135],[-72.90247108899145,-13.38917282738426],[-72.90339408438611,-13.389180489551523],[-72.90338625948765,-13.390084124789107],[-72.90246326065439,-13.390076462086135]]]}},{"type":"Feature","properties":{"Cell_ID":723,"Area_ha":1.0,"LC":"16:1.000000","XMIN":727044.86160847,"YMIN":8518663.36992662,"XMAX":727144.86160847,"YMAX":8518763.36992662},"geometry":{"type":"Polygon","coordinates":[[[-72.90245543174024,-13.390980096719012],[-72.90246326065439,-13.390076462086135],[-72.90338625948765,-13.390084124789107],[-72.9033784340124,-13.390987759957698],[-72.90245543174024,-13.390980096719012]]]}},{"type":"Feature","properties":{"Cell_ID":724,"Area_ha":1.0,"LC":"13:0.060174,16:0.939826","XMIN":727044.86160847,"YMIN":8518563.36992662,"XMAX":727144.86160847,"YMAX":8518663.36992662},"geometry":{"type":"Polygon","coordinates":[[[-72.90244760224901,-13.391883731282885],[-72.90245543174024,-13.390980096719012],[-72.9033784340124,-13.390987759957698],[-72.9033706079603,-13.39189139505729],[-72.90244760224901,-13.391883731282885]]]}},{"type":"Feature","properties":{"Cell_ID":725,"Area_ha":1.0,"LC":"13:0.518408,16:0.481592","XMIN":727044.86160847,"YMIN":8518463.36992662,"XMAX":727144.86160847,"YMAX":8518563.36992662},"geometry":{"type":"Polygon","coordinates":[[[-72.90243977218068,-13.392787365777755],[-72.90244760224901,-13.391883731282885],[-72.9033706079603,-13.39189139505729],[-72.90336278133135,-13.392795030087878],[-72.90243977218068,-13.392787365777755]]]}},{"type":"Feature","properties":{"Cell_ID":726,"Area_ha":1.0,"LC":"5:0.020969,13:0.910750,16:0.068281","XMIN":727044.86160847,"YMIN":8518363.36992662,"XMAX":727144.86160847,"YMAX":8518463.36992662},"geometry":{"type":"Polygon","coordinates":[[[-72.90243194153527,-13.393691000203614],[-72.90243977218068,-13.392787365777755],[-72.90336278133135,-13.392795030087878],[-72.90335495412556,-13.393698665049461],[-72.90243194153527,-13.393691000203614]]]}},{"type":"Feature","properties":{"Cell_ID":727,"Area_ha":1.0,"LC":"13:0.884674,16:0.115326","XMIN":727044.86160847,"YMIN":8518263.36992662,"XMAX":727144.86160847,"YMAX":8518363.36992662},"geometry":{"type":"Polygon","coordinates":[[[-72.90242411031272,-13.394594634560454],[-72.90243194153527,-13.393691000203614],[-72.90335495412556,-13.393698665049461],[-72.90334712634291,-13.394602299942031],[-72.90242411031272,-13.394594634560454]]]}},{"type":"Feature","properties":{"Cell_ID":728,"Area_ha":1.0,"LC":"13:0.704847,16:0.295153","XMIN":727044.86160847,"YMIN":8518163.36992662,"XMAX":727144.86160847,"YMAX":8518263.36992662},"geometry":{"type":"Polygon","coordinates":[[[-72.90241627851304,-13.39549826884828],[-72.90242411031272,-13.394594634560454],[-72.90334712634291,-13.394602299942031],[-72.90333929798338,-13.395505934765586],[-72.90241627851304,-13.39549826884828]]]}},{"type":"Feature","properties":{"Cell_ID":729,"Area_ha":1.0,"LC":"13:0.252781,16:0.747219","XMIN":727044.86160847,"YMIN":8518063.36992662,"XMAX":727144.86160847,"YMAX":8518163.36992662},"geometry":{"type":"Polygon","coordinates":[[[-72.90240844613623,-13.396401903067078],[-72.90241627851304,-13.39549826884828],[-72.90333929798338,-13.395505934765586],[-72.90333146904698,-13.396409569520122],[-72.90240844613623,-13.396401903067078]]]}},{"type":"Feature","properties":{"Cell_ID":730,"Area_ha":1.0,"LC":"13:0.010576,16:0.989424","XMIN":727044.86160847,"YMIN":8517963.36992662,"XMAX":727144.86160847,"YMAX":8518063.36992662},"geometry":{"type":"Polygon","coordinates":[[[-72.90240061318227,-13.397305537216848],[-72.90240844613623,-13.396401903067078],[-72.90333146904698,-13.396409569520122],[-72.90332363953367,-13.39731320420563],[-72.90240061318227,-13.397305537216848]]]}},{"type":"Feature","properties":{"Cell_ID":731,"Area_ha":1.0,"LC":"5:0.041939,13:0.689150,16:0.268911","XMIN":727044.86160847,"YMIN":8517863.36992662,"XMAX":727144.86160847,"YMAX":8517963.36992662},"geometry":{"type":"Polygon","coordinates":[[[-72.90239277965117,-13.398209171297587],[-72.90240061318227,-13.397305537216848],[-72.90332363953367,-13.39731320420563],[-72.90331580944346,-13.398216838822115],[-72.90239277965117,-13.398209171297587]]]}},{"type":"Feature","properties":{"Cell_ID":732,"Area_ha":1.0,"LC":"13:0.980174,16:0.019826","XMIN":727044.86160847,"YMIN":8517763.36992662,"XMAX":727144.86160847,"YMAX":8517863.36992662},"geometry":{"type":"Polygon","coordinates":[[[-72.90238494554288,-13.399112805309288],[-72.90239277965117,-13.398209171297587],[-72.90331580944346,-13.398216838822115],[-72.90330797877633,-13.399120473369564],[-72.90238494554288,-13.399112805309288]]]}},{"type":"Feature","properties":{"Cell_ID":733,"Area_ha":1.0,"LC":"5:0.213658,13:0.786342","XMIN":727044.86160847,"YMIN":8517663.36992662,"XMAX":727144.86160847,"YMAX":8517763.36992662},"geometry":{"type":"Polygon","coordinates":[[[-72.90237711085743,-13.400016439251946],[-72.90238494554288,-13.399112805309288],[-72.90330797877633,-13.399120473369564],[-72.90330014753228,-13.400024107847974],[-72.90237711085743,-13.400016439251946]]]}},{"type":"Feature","properties":{"Cell_ID":734,"Area_ha":1.0,"LC":"5:0.365369,13:0.634631","XMIN":727044.86160847,"YMIN":8517563.36992662,"XMAX":727144.86160847,"YMAX":8517663.36992662},"geometry":{"type":"Polygon","coordinates":[[[-72.90236927559476,-13.400920073125564],[-72.90237711085743,-13.400016439251946],[-72.90330014753228,-13.400024107847974],[-72.9032923157113,-13.400927742257345],[-72.90236927559476,-13.400920073125564]]]}},{"type":"Feature","properties":{"Cell_ID":735,"Area_ha":1.0,"LC":"5:0.952506,13:0.047494","XMIN":727044.86160847,"YMIN":8517463.36992662,"XMAX":727144.86160847,"YMAX":8517563.36992662},"geometry":{"type":"Polygon","coordinates":[[[-72.90236143975493,-13.401823706930129],[-72.90236927559476,-13.400920073125564],[-72.9032923157113,-13.400927742257345],[-72.90328448331337,-13.40183137659767],[-72.90236143975493,-13.401823706930129]]]}},{"type":"Feature","properties":{"Cell_ID":736,"Area_ha":1.0,"LC":"13:0.080695,16:0.748826,17:0.006410","XMIN":727144.86160847,"YMIN":8518963.36992662,"XMAX":727244.86160847,"YMAX":8519063.36992662},"geometry":{"type":"Polygon","coordinates":[[[-72.90155592537222,-13.388261527615457],[-72.90156375599328,-13.38735789331154],[-72.90248674393439,-13.387365557773535],[-72.90247891675145,-13.388269192613391],[-72.90155592537222,-13.388261527615457]]]}},{"type":"Feature","properties":{"Cell_ID":737,"Area_ha":1.0,"LC":"13:0.547934,16:0.452066","XMIN":727144.86160847,"YMIN":8518863.36992662,"XMAX":727244.86160847,"YMAX":8518963.36992662},"geometry":{"type":"Polygon","coordinates":[[[-72.90154809417386,-13.389165161850382],[-72.90155592537222,-13.388261527615457],[-72.90247891675145,-13.388269192613391],[-72.90247108899145,-13.38917282738426],[-72.90154809417386,-13.389165161850382]]]}},{"type":"Feature","properties":{"Cell_ID":738,"Area_ha":1.0,"LC":"13:0.623438,16:0.376562","XMIN":727144.86160847,"YMIN":8518763.36992662,"XMAX":727244.86160847,"YMAX":8518863.36992662},"geometry":{"type":"Polygon","coordinates":[[[-72.90154026239819,-13.390068796016314],[-72.90154809417386,-13.389165161850382],[-72.90247108899145,-13.38917282738426],[-72.90246326065439,-13.390076462086135],[-72.90154026239819,-13.390068796016314]]]}},{"type":"Feature","properties":{"Cell_ID":739,"Area_ha":1.0,"LC":"13:0.704847,16:0.295153","XMIN":727144.86160847,"YMIN":8518663.36992662,"XMAX":727244.86160847,"YMAX":8518763.36992662},"geometry":{"type":"Polygon","coordinates":[[[-72.90153243004518,-13.390972430113244],[-72.90154026239819,-13.390068796016314],[-72.90246326065439,-13.390076462086135],[-72.90245543174024,-13.390980096719012],[-72.90153243004518,-13.390972430113244]]]}},{"type":"Feature","properties":{"Cell_ID":740,"Area_ha":1.0,"LC":"13:0.573476,16:0.426524","XMIN":727144.86160847,"YMIN":8518563.36992662,"XMAX":727244.86160847,"YMAX":8518663.36992662},"geometry":{"type":"Polygon","coordinates":[[[-72.90152459711483,-13.391876064141165],[-72.90153243004518,-13.390972430113244],[-72.90245543174024,-13.390980096719012],[-72.90244760224901,-13.391883731282885],[-72.90152459711483,-13.391876064141165]]]}},{"type":"Feature","properties":{"Cell_ID":741,"Area_ha":1.0,"LC":"13:0.754280,16:0.245720","XMIN":727144.86160847,"YMIN":8518463.36992662,"XMAX":727244.86160847,"YMAX":8518563.36992662},"geometry":{"type":"Polygon","coordinates":[[[-72.90151676360713,-13.392779698100076],[-72.90152459711483,-13.391876064141165],[-72.90244760224901,-13.391883731282885],[-72.90243977218068,-13.392787365777755],[-72.90151676360713,-13.392779698100076]]]}},{"type":"Feature","properties":{"Cell_ID":742,"Area_ha":1.0,"LC":"5:0.312240,13:0.618501,16:0.069259","XMIN":727144.86160847,"YMIN":8518363.36992662,"XMAX":727244.86160847,"YMAX":8518463.36992662},"geometry":{"type":"Polygon","coordinates":[[[-72.90150892952208,-13.393683331989976],[-72.90151676360713,-13.392779698100076],[-72.90243977218068,-13.392787365777755],[-72.90243194153527,-13.393691000203614],[-72.90150892952208,-13.393683331989976]]]}},{"type":"Feature","properties":{"Cell_ID":743,"Area_ha":1.0,"LC":"5:0.344153,13:0.655847","XMIN":727144.86160847,"YMIN":8518263.36992662,"XMAX":727244.86160847,"YMAX":8518363.36992662},"geometry":{"type":"Polygon","coordinates":[[[-72.90150109485965,-13.394586965810854],[-72.90150892952208,-13.393683331989976],[-72.90243194153527,-13.393691000203614],[-72.90242411031272,-13.394594634560454],[-72.90150109485965,-13.394586965810854]]]}},{"type":"Feature","properties":{"Cell_ID":744,"Area_ha":1.0,"LC":"5:0.094272,13:0.754631,16:0.151097","XMIN":727144.86160847,"YMIN":8518163.36992662,"XMAX":727244.86160847,"YMAX":8518263.36992662},"geometry":{"type":"Polygon","coordinates":[[[-72.90149325961984,-13.39549059956271],[-72.90150109485965,-13.394586965810854],[-72.90242411031272,-13.394594634560454],[-72.90241627851304,-13.39549826884828],[-72.90149325961984,-13.39549059956271]]]}},{"type":"Feature","properties":{"Cell_ID":745,"Area_ha":1.0,"LC":"13:0.300008,16:0.699992","XMIN":727144.86160847,"YMIN":8518063.36992662,"XMAX":727244.86160847,"YMAX":8518163.36992662},"geometry":{"type":"Polygon","coordinates":[[[-72.90148542380265,-13.396394233245537],[-72.90149325961984,-13.39549059956271],[-72.90241627851304,-13.39549826884828],[-72.90240844613623,-13.396401903067078],[-72.90148542380265,-13.396394233245537]]]}},{"type":"Feature","properties":{"Cell_ID":746,"Area_ha":1.0,"LC":"13:0.120961,16:0.879039","XMIN":727144.86160847,"YMIN":8517963.36992662,"XMAX":727244.86160847,"YMAX":8518063.36992662},"geometry":{"type":"Polygon","coordinates":[[[-72.90147758740805,-13.397297866859331],[-72.90148542380265,-13.396394233245537],[-72.90240844613623,-13.396401903067078],[-72.90240061318227,-13.397305537216848],[-72.90147758740805,-13.397297866859331]]]}},{"type":"Feature","properties":{"Cell_ID":747,"Area_ha":1.0,"LC":"5:0.271893,13:0.517265,16:0.210842","XMIN":727144.86160847,"YMIN":8517863.36992662,"XMAX":727244.86160847,"YMAX":8517963.36992662},"geometry":{"type":"Polygon","coordinates":[[[-72.90146975043605,-13.398201500404092],[-72.90147758740805,-13.397297866859331],[-72.90240061318227,-13.397305537216848],[-72.90239277965117,-13.398209171297587],[-72.90146975043605,-13.398201500404092]]]}},{"type":"Feature","properties":{"Cell_ID":748,"Area_ha":1.0,"LC":"5:0.865195,13:0.134805","XMIN":727144.86160847,"YMIN":8517763.36992662,"XMAX":727244.86160847,"YMAX":8517863.36992662},"geometry":{"type":"Polygon","coordinates":[[[-72.90146191288662,-13.39910513387981],[-72.90146975043605,-13.398201500404092],[-72.90239277965117,-13.398209171297587],[-72.90238494554288,-13.399112805309288],[-72.90146191288662,-13.39910513387981]]]}},{"type":"Feature","properties":{"Cell_ID":749,"Area_ha":1.0,"LC":"16:0.877300,17:0.038406","XMIN":727244.86160847,"YMIN":8518963.36992662,"XMAX":727344.86160847,"YMAX":8519063.36992662},"geometry":{"type":"Polygon","coordinates":[[[-72.90063293457031,-13.388253859251153],[-72.90064076862946,-13.387350225483406],[-72.90156375599328,-13.38735789331154],[-72.90155592537222,-13.388261527615457],[-72.90063293457031,-13.388253859251153]]]}},{"type":"Feature","properties":{"Cell_ID":750,"Area_ha":1.0,"LC":"13:0.179031,16:0.820969","XMIN":727244.86160847,"YMIN":8518863.36992662,"XMAX":727344.86160847,"YMAX":8518963.36992662},"geometry":{"type":"Polygon","coordinates":[[[-72.90062509993359,-13.389157492949902],[-72.90063293457031,-13.388253859251153],[-72.90155592537222,-13.388261527615457],[-72.90154809417386,-13.389165161850382],[-72.90062509993359,-13.389157492949902]]]}},{"type":"Feature","properties":{"Cell_ID":751,"Area_ha":1.0,"LC":"13:0.780869,16:0.219131","XMIN":727244.86160847,"YMIN":8518763.36992662,"XMAX":727344.86160847,"YMAX":8518863.36992662},"geometry":{"type":"Polygon","coordinates":[[[-72.90061726471932,-13.390061126579655],[-72.90062509993359,-13.389157492949902],[-72.90154809417386,-13.389165161850382],[-72.90154026239819,-13.390068796016314],[-72.90061726471932,-13.390061126579655]]]}},{"type":"Feature","properties":{"Cell_ID":752,"Area_ha":1.0,"LC":"13:1.000000","XMIN":727244.86160847,"YMIN":8518663.36992662,"XMAX":727344.86160847,"YMAX":8518763.36992662},"geometry":{"type":"Polygon","coordinates":[[[-72.90060942892745,-13.390964760140399],[-72.90061726471932,-13.390061126579655],[-72.90154026239819,-13.390068796016314],[-72.90153243004518,-13.390972430113244],[-72.90060942892745,-13.390964760140399]]]}},{"type":"Feature","properties":{"Cell_ID":753,"Area_ha":1.0,"LC":"5:0.081939,13:0.918061","XMIN":727244.86160847,"YMIN":8518563.36992662,"XMAX":727344.86160847,"YMAX":8518663.36992662},"geometry":{"type":"Polygon","coordinates":[[[-72.900601592558,-13.39186839363213],[-72.90060942892745,-13.390964760140399],[-72.90153243004518,-13.390972430113244],[-72.90152459711483,-13.391876064141165],[-72.900601592558,-13.39186839363213]]]}},{"type":"Feature","properties":{"Cell_ID":754,"Area_ha":1.0,"LC":"5:0.073484,13:0.926516","XMIN":727244.86160847,"YMIN":8518463.36992662,"XMAX":727344.86160847,"YMAX":8518563.36992662},"geometry":{"type":"Polygon","coordinates":[[[-72.90059375561094,-13.392772027054855],[-72.900601592558,-13.39186839363213],[-72.90152459711483,-13.391876064141165],[-72.90151676360713,-13.392779698100076],[-72.90059375561094,-13.392772027054855]]]}},{"type":"Feature","properties":{"Cell_ID":755,"Area_ha":1.0,"LC":"5:0.753201,13:0.246799","XMIN":727244.86160847,"YMIN":8518363.36992662,"XMAX":727344.86160847,"YMAX":8518463.36992662},"geometry":{"type":"Polygon","coordinates":[[[-72.90058591808626,-13.393675660408558],[-72.90059375561094,-13.392772027054855],[-72.90151676360713,-13.392779698100076],[-72.90150892952208,-13.393683331989976],[-72.90058591808626,-13.393675660408558]]]}},{"type":"Feature","properties":{"Cell_ID":756,"Area_ha":1.0,"LC":"5:1.000000","XMIN":727244.86160847,"YMIN":8518263.36992662,"XMAX":727344.86160847,"YMAX":8518363.36992662},"geometry":{"type":"Polygon","coordinates":[[[-72.90057807998397,-13.394579293693235],[-72.90058591808626,-13.393675660408558],[-72.90150892952208,-13.393683331989976],[-72.90150109485965,-13.394586965810854],[-72.90057807998397,-13.394579293693235]]]}},{"type":"Feature","properties":{"Cell_ID":757,"Area_ha":1.0,"LC":"5:0.796223,13:0.010576,16:0.193201","XMIN":727244.86160847,"YMIN":8518163.36992662,"XMAX":727344.86160847,"YMAX":8518263.36992662},"geometry":{"type":"Polygon","coordinates":[[[-72.90057024130404,-13.39548292690889],[-72.90057807998397,-13.394579293693235],[-72.90150109485965,-13.394586965810854],[-72.90149325961984,-13.39549059956271],[-72.90057024130404,-13.39548292690889]]]}},{"type":"Feature","properties":{"Cell_ID":758,"Area_ha":1.0,"LC":"13:0.692232,16:0.307768","XMIN":727244.86160847,"YMIN":8518063.36992662,"XMAX":727344.86160847,"YMAX":8518163.36992662},"geometry":{"type":"Polygon","coordinates":[[[-72.90056240204646,-13.396386560055511],[-72.90057024130404,-13.39548292690889],[-72.90149325961984,-13.39549059956271],[-72.90148542380265,-13.396394233245537],[-72.90056240204646,-13.396386560055511]]]}},{"type":"Feature","properties":{"Cell_ID":759,"Area_ha":1.0,"LC":"5:0.071097,13:0.642040,16:0.286863","XMIN":727244.86160847,"YMIN":8517963.36992662,"XMAX":727344.86160847,"YMAX":8518063.36992662},"geometry":{"type":"Polygon","coordinates":[[[-72.90055456221124,-13.397290193133093],[-72.90056240204646,-13.396386560055511],[-72.90148542380265,-13.396394233245537],[-72.90147758740805,-13.397297866859331],[-72.90055456221124,-13.397290193133093]]]}},{"type":"Feature","properties":{"Cell_ID":760,"Area_ha":1.0,"LC":"5:0.951711,16:0.048289","XMIN":727244.86160847,"YMIN":8517863.36992662,"XMAX":727344.86160847,"YMAX":8517963.36992662},"geometry":{"type":"Polygon","coordinates":[[[-72.90054672179835,-13.39819382614164],[-72.90055456221124,-13.397290193133093],[-72.90147758740805,-13.397297866859331],[-72.90146975043605,-13.398201500404092],[-72.90054672179835,-13.39819382614164]]]}},{"type":"Feature","properties":{"Cell_ID":761,"Area_ha":1.0,"LC":"16:0.538930,17:0.220969","XMIN":727344.86160847,"YMIN":8518963.36992662,"XMAX":727444.86160847,"YMAX":8519063.36992662},"geometry":{"type":"Polygon","coordinates":[[[-72.89970994434594,-13.388246187520492],[-72.89971778184318,-13.387342554289152],[-72.90064076862946,-13.387350225483406],[-72.90063293457031,-13.388253859251153],[-72.89970994434594,-13.388246187520492]]]}},{"type":"Feature","properties":{"Cell_ID":762,"Area_ha":1.0,"LC":"13:0.020174,16:0.979826","XMIN":727344.86160847,"YMIN":8518863.36992662,"XMAX":727444.86160847,"YMAX":8518963.36992662},"geometry":{"type":"Polygon","coordinates":[[[-72.89970210627091,-13.389149820682828],[-72.89970994434594,-13.388246187520492],[-72.90063293457031,-13.388253859251153],[-72.90062509993359,-13.389157492949902],[-72.89970210627091,-13.389149820682828]]]}},{"type":"Feature","properties":{"Cell_ID":763,"Area_ha":1.0,"LC":"13:0.781664,16:0.218336","XMIN":727344.86160847,"YMIN":8518763.36992662,"XMAX":727444.86160847,"YMAX":8518863.36992662},"geometry":{"type":"Polygon","coordinates":[[[-72.89969426761803,-13.390053453776165],[-72.89970210627091,-13.389149820682828],[-72.90062509993359,-13.389157492949902],[-72.90061726471932,-13.390061126579655],[-72.89969426761803,-13.390053453776165]]]}},{"type":"Feature","properties":{"Cell_ID":764,"Area_ha":1.0,"LC":"13:0.958061,16:0.041939","XMIN":727344.86160847,"YMIN":8518663.36992662,"XMAX":727444.86160847,"YMAX":8518763.36992662},"geometry":{"type":"Polygon","coordinates":[[[-72.89968642838733,-13.39095708680049],[-72.89969426761803,-13.390053453776165],[-72.90061726471932,-13.390061126579655],[-72.90060942892745,-13.390964760140399],[-72.89968642838733,-13.39095708680049]]]}},{"type":"Feature","properties":{"Cell_ID":765,"Area_ha":1.0,"LC":"5:0.338582,13:0.661418","XMIN":727344.86160847,"YMIN":8518563.36992662,"XMAX":727444.86160847,"YMAX":8518663.36992662},"geometry":{"type":"Polygon","coordinates":[[[-72.89967858857877,-13.3918607197558],[-72.89968642838733,-13.39095708680049],[-72.90060942892745,-13.390964760140399],[-72.900601592558,-13.39186839363213],[-72.89967858857877,-13.3918607197558]]]}},{"type":"Feature","properties":{"Cell_ID":766,"Area_ha":1.0,"LC":"5:0.838408,13:0.161592","XMIN":727344.86160847,"YMIN":8518463.36992662,"XMAX":727444.86160847,"YMAX":8518563.36992662},"geometry":{"type":"Polygon","coordinates":[[[-72.89967074819235,-13.392764352642095],[-72.89967858857877,-13.3918607197558],[-72.900601592558,-13.39186839363213],[-72.90059375561094,-13.392772027054855],[-72.89967074819235,-13.392764352642095]]]}},{"type":"Feature","properties":{"Cell_ID":767,"Area_ha":1.0,"LC":"5:1.000000","XMIN":727344.86160847,"YMIN":8518363.36992662,"XMAX":727444.86160847,"YMAX":8518463.36992662},"geometry":{"type":"Polygon","coordinates":[[[-72.89966290722808,-13.393667985459366],[-72.89967074819235,-13.392764352642095],[-72.90059375561094,-13.392772027054855],[-72.90058591808626,-13.393675660408558],[-72.89966290722808,-13.393667985459366]]]}},{"type":"Feature","properties":{"Cell_ID":768,"Area_ha":1.0,"LC":"5:0.739479,13:0.260521","XMIN":727344.86160847,"YMIN":8518263.36992662,"XMAX":727444.86160847,"YMAX":8518363.36992662},"geometry":{"type":"Polygon","coordinates":[[[-72.89965506568592,-13.394571618207612],[-72.89966290722808,-13.393667985459366],[-72.90058591808626,-13.393675660408558],[-72.90057807998397,-13.394579293693235],[-72.89965506568592,-13.394571618207612]]]}},{"type":"Feature","properties":{"Cell_ID":769,"Area_ha":1.0,"LC":"5:0.098683,13:0.289250,16:0.612066","XMIN":727344.86160847,"YMIN":8518163.36992662,"XMAX":727444.86160847,"YMAX":8518263.36992662},"geometry":{"type":"Polygon","coordinates":[[[-72.89964722356588,-13.395475250886825],[-72.89965506568592,-13.394571618207612],[-72.90057807998397,-13.394579293693235],[-72.90057024130404,-13.39548292690889],[-72.89964722356588,-13.395475250886825]]]}},{"type":"Feature","properties":{"Cell_ID":770,"Area_ha":1.0,"LC":"13:0.315326,16:0.684674","XMIN":727344.86160847,"YMIN":8518063.36992662,"XMAX":727444.86160847,"YMAX":8518163.36992662},"geometry":{"type":"Polygon","coordinates":[[[-72.89963938086794,-13.396378883497006],[-72.89964722356588,-13.395475250886825],[-72.90057024130404,-13.39548292690889],[-72.90056240204646,-13.396386560055511],[-72.89963938086794,-13.396378883497006]]]}},{"type":"Feature","properties":{"Cell_ID":771,"Area_ha":1.0,"LC":"5:0.041143,13:0.605902,16:0.352955","XMIN":727344.86160847,"YMIN":8517963.36992662,"XMAX":727444.86160847,"YMAX":8518063.36992662},"geometry":{"type":"Polygon","coordinates":[[[-72.8996315375921,-13.39728251603814],[-72.89963938086794,-13.396378883497006],[-72.90056240204646,-13.396386560055511],[-72.90055456221124,-13.397290193133093],[-72.8996315375921,-13.39728251603814]]]}},{"type":"Feature","properties":{"Cell_ID":772,"Area_ha":1.0,"LC":"16:0.189323,17:0.326537","XMIN":727444.86160847,"YMIN":8518963.36992662,"XMAX":727544.86160847,"YMAX":8519063.36992662},"geometry":{"type":"Polygon","coordinates":[[[-72.89878695469942,-13.388238512423477],[-72.89879479563471,-13.387334879728783],[-72.89971778184318,-13.387342554289152],[-72.89970994434594,-13.388246187520492],[-72.89878695469942,-13.388238512423477]]]}},{"type":"Feature","properties":{"Cell_ID":773,"Area_ha":1.0,"LC":"16:0.989606,17:0.010394","XMIN":727444.86160847,"YMIN":8518863.36992662,"XMAX":727544.86160847,"YMAX":8518963.36992662},"geometry":{"type":"Polygon","coordinates":[[[-72.89877911318604,-13.389142145049169],[-72.89878695469942,-13.388238512423477],[-72.89970994434594,-13.388246187520492],[-72.89970210627091,-13.389149820682828],[-72.89877911318604,-13.389142145049169]]]}},{"type":"Feature","properties":{"Cell_ID":774,"Area_ha":1.0,"LC":"13:0.117265,16:0.882735","XMIN":727444.86160847,"YMIN":8518763.36992662,"XMAX":727544.86160847,"YMAX":8518863.36992662},"geometry":{"type":"Polygon","coordinates":[[[-72.89877127109459,-13.390045777605854],[-72.89877911318604,-13.389142145049169],[-72.89970210627091,-13.389149820682828],[-72.89969426761803,-13.390053453776165],[-72.89877127109459,-13.390045777605854]]]}},{"type":"Feature","properties":{"Cell_ID":775,"Area_ha":1.0,"LC":"13:0.129598,16:0.870402","XMIN":727444.86160847,"YMIN":8518663.36992662,"XMAX":727544.86160847,"YMAX":8518763.36992662},"geometry":{"type":"Polygon","coordinates":[[[-72.89876342842503,-13.390949410093526],[-72.89877127109459,-13.390045777605854],[-72.89969426761803,-13.390053453776165],[-72.89968642838733,-13.39095708680049],[-72.89876342842503,-13.390949410093526]]]}}]}