{"type":"FeatureCollection","features":[{"type":"Feature","properties":{"Cell_ID":1,"Area_ha":1.0,"LC":"7:0.033597,9:0.047413,16:0.463070","XMIN":699189.3903163396,"YMIN":8513165.037292942,"XMAX":699289.3903163396,"YMAX":8513265.037292942},"geometry":{"type":"Polygon","coordinates":[[[-73.15920491089825,-13.44267696995128],[-73.15921180937647,-13.441773198938531],[-73.16013514869222,-13.441779949280336],[-73.16012825366951,-13.4426837207634],[-73.15920491089825,-13.44267696995128]]]}},{"type":"Feature","properties":{"Cell_ID":2,"Area_ha":1.0,"LC":"13:0.333446,18:0.216276","XMIN":699289.3903163396,"YMIN":8513465.037292942,"XMAX":699389.3903163396,"YMAX":8513565.037292942},"geometry":{"type":"Polygon","coordinates":[[[-73.15830227291353,-13.43995890392528],[-73.15830917332569,-13.439055133178394],[-73.15923250176948,-13.439061885490919],[-73.15922560481208,-13.439965656708347],[-73.15830227291353,-13.43995890392528]]]}},{"type":"Feature","properties":{"Cell_ID":3,"Area_ha":1.0,"LC":"13:0.081299,16:0.493299,18:0.186713","XMIN":699289.3903163396,"YMIN":8513365.037292942,"XMAX":699389.3903163396,"YMAX":8513465.037292942},"geometry":{"type":"Polygon","coordinates":[[[-73.15829537199421,-13.440862674603942],[-73.15830227291353,-13.43995890392528],[-73.15922560481208,-13.439965656708347],[-73.15921870734775,-13.440869427857551],[-73.15829537199421,-13.440862674603942]]]}},{"type":"Feature","properties":{"Cell_ID":4,"Area_ha":1.0,"LC":"9:0.757984,13:0.170229,16:0.063705","XMIN":699289.3903163396,"YMIN":8513265.037292942,"XMAX":699389.3903163396,"YMAX":8513365.037292942},"geometry":{"type":"Polygon","coordinates":[[[-73.15828847056767,-13.441766445214377],[-73.15829537199421,-13.440862674603942],[-73.15921870734775,-13.440869427857551],[-73.15921180937647,-13.441773198938531],[-73.15828847056767,-13.441766445214377]]]}},{"type":"Feature","properties":{"Cell_ID":5,"Area_ha":1.0,"LC":"9:0.209578,13:0.335048,17:0.034671","XMIN":699389.3903163396,"YMIN":8513665.037292942,"XMAX":699489.3903163396,"YMAX":8513765.037292942},"geometry":{"type":"Polygon","coordinates":[[[-73.1573927487485,-13.4381446071399],[-73.15739965160054,-13.43724083672735],[-73.15832297262844,-13.43724759147997],[-73.15831607323064,-13.43815136236329],[-73.1573927487485,-13.4381446071399]]]}},{"type":"Feature","properties":{"Cell_ID":6,"Area_ha":1.0,"LC":"13:0.730518,16:0.263150","XMIN":699389.3903163396,"YMIN":8513565.037292942,"XMAX":699489.3903163396,"YMAX":8513665.037292942},"geometry":{"type":"Polygon","coordinates":[[[-73.15738584538906,-13.439048377484234],[-73.1573927487485,-13.4381446071399],[-73.15831607323064,-13.43815136236329],[-73.15830917332569,-13.439055133178394],[-73.15738584538906,-13.439048377484234]]]}},{"type":"Feature","properties":{"Cell_ID":7,"Area_ha":1.0,"LC":"13:0.832043,16:0.130081,18:0.037876","XMIN":699389.3903163396,"YMIN":8513465.037292942,"XMAX":699489.3903163396,"YMAX":8513565.037292942},"geometry":{"type":"Polygon","coordinates":[[[-73.15737894152218,-13.439952147760346],[-73.15738584538906,-13.439048377484234],[-73.15830917332569,-13.439055133178394],[-73.15830227291353,-13.43995890392528],[-73.15737894152218,-13.439952147760346]]]}},{"type":"Feature","properties":{"Cell_ID":8,"Area_ha":1.0,"LC":"13:0.046322,16:0.401527,18:0.552151","XMIN":699389.3903163396,"YMIN":8513365.037292942,"XMAX":699489.3903163396,"YMAX":8513465.037292942},"geometry":{"type":"Polygon","coordinates":[[[-73.15737203714785,-13.440855917968227],[-73.15737894152218,-13.439952147760346],[-73.15830227291353,-13.43995890392528],[-73.15829537199421,-13.440862674603942],[-73.15737203714785,-13.440855917968227]]]}},{"type":"Feature","properties":{"Cell_ID":9,"Area_ha":1.0,"LC":"9:0.513570,16:0.486430","XMIN":699389.3903163396,"YMIN":8513265.037292942,"XMAX":699489.3903163396,"YMAX":8513365.037292942},"geometry":{"type":"Polygon","coordinates":[[[-73.1573651322661,-13.441759688107878],[-73.15737203714785,-13.440855917968227],[-73.15829537199421,-13.440862674603942],[-73.15828847056767,-13.441766445214377],[-73.1573651322661,-13.441759688107878]]]}},{"type":"Feature","properties":{"Cell_ID":10,"Area_ha":1.0,"LC":"9:0.129973,13:0.564198,16:0.207410,17:0.098419","XMIN":699489.3903163396,"YMIN":8513665.037292942,"XMAX":699589.3903163396,"YMAX":8513765.037292942},"geometry":{"type":"Polygon","coordinates":[[[-73.1564694247738,-13.438137848535124],[-73.15647633108004,-13.437234078593576],[-73.15739965160054,-13.43724083672735],[-73.1573927487485,-13.4381446071399],[-73.1564694247738,-13.438137848535124]]]}},{"type":"Feature","properties":{"Cell_ID":11,"Area_ha":1.0,"LC":"13:0.382614,16:0.617386","XMIN":699489.3903163396,"YMIN":8513565.037292942,"XMAX":699589.3903163396,"YMAX":8513665.037292942},"geometry":{"type":"Polygon","coordinates":[[[-73.15646251795988,-13.439041618408451],[-73.1564694247738,-13.438137848535124],[-73.1573927487485,-13.4381446071399],[-73.15738584538906,-13.439048377484234],[-73.15646251795988,-13.439041618408451]]]}},{"type":"Feature","properties":{"Cell_ID":12,"Area_ha":1.0,"LC":"13:0.283107,16:0.716893","XMIN":699489.3903163396,"YMIN":8513465.037292942,"XMAX":699589.3903163396,"YMAX":8513565.037292942},"geometry":{"type":"Polygon","coordinates":[[[-73.15645561063826,-13.43994538821355],[-73.15646251795988,-13.439041618408451],[-73.15738584538906,-13.439048377484234],[-73.15737894152218,-13.439952147760346],[-73.15645561063826,-13.43994538821355]]]}},{"type":"Feature","properties":{"Cell_ID":13,"Area_ha":1.0,"LC":"9:0.169533,16:0.800547,18:0.029919","XMIN":699489.3903163396,"YMIN":8513365.037292942,"XMAX":699589.3903163396,"YMAX":8513465.037292942},"geometry":{"type":"Polygon","coordinates":[[[-73.15644870280897,-13.44084915795042],[-73.15645561063826,-13.43994538821355],[-73.15737894152218,-13.439952147760346],[-73.15737203714785,-13.440855917968227],[-73.15644870280897,-13.44084915795042]]]}},{"type":"Feature","properties":{"Cell_ID":14,"Area_ha":1.0,"LC":"16:0.154222,17:0.478244","XMIN":699589.3903163396,"YMIN":8513765.037292942,"XMAX":699689.3903163396,"YMAX":8513865.037292942},"geometry":{"type":"Polygon","coordinates":[[[-73.15555301106723,-13.43722731707866],[-73.15555992031976,-13.436323547540129],[-73.15648323687861,-13.43633030858381],[-73.15647633108004,-13.437234078593576],[-73.15555301106723,-13.43722731707866]]]}},{"type":"Feature","properties":{"Cell_ID":15,"Area_ha":1.0,"LC":"13:0.759996,16:0.240004","XMIN":699589.3903163396,"YMIN":8513665.037292942,"XMAX":699689.3903163396,"YMAX":8513765.037292942},"geometry":{"type":"Polygon","coordinates":[[[-73.15554610130675,-13.438131086548966],[-73.15555301106723,-13.43722731707866],[-73.15647633108004,-13.437234078593576],[-73.1564694247738,-13.438137848535124],[-73.15554610130675,-13.438131086548966]]]}},{"type":"Feature","properties":{"Cell_ID":16,"Area_ha":1.0,"LC":"13:0.539618,16:0.460382","XMIN":699589.3903163396,"YMIN":8513565.037292942,"XMAX":699689.3903163396,"YMAX":8513665.037292942},"geometry":{"type":"Polygon","coordinates":[[[-73.15553919103837,-13.439034855951048],[-73.15554610130675,-13.438131086548966],[-73.1564694247738,-13.438137848535124],[-73.15646251795988,-13.439041618408451],[-73.15553919103837,-13.439034855951048]]]}},{"type":"Feature","properties":{"Cell_ID":17,"Area_ha":1.0,"LC":"13:0.250628,16:0.749372","XMIN":699589.3903163396,"YMIN":8513465.037292942,"XMAX":699689.3903163396,"YMAX":8513565.037292942},"geometry":{"type":"Polygon","coordinates":[[[-73.15553228026205,-13.439938625284903],[-73.15553919103837,-13.439034855951048],[-73.15646251795988,-13.439041618408451],[-73.15645561063826,-13.43994538821355],[-73.15553228026205,-13.439938625284903]]]}},{"type":"Feature","properties":{"Cell_ID":18,"Area_ha":1.0,"LC":"9:0.344141,16:0.655859","XMIN":699589.3903163396,"YMIN":8513365.037292942,"XMAX":699689.3903163396,"YMAX":8513465.037292942},"geometry":{"type":"Polygon","coordinates":[[[-73.15552536897778,-13.44084239455052],[-73.15553228026205,-13.439938625284903],[-73.15645561063826,-13.43994538821355],[-73.15644870280897,-13.44084915795042],[-73.15552536897778,-13.44084239455052]]]}},{"type":"Feature","properties":{"Cell_ID":19,"Area_ha":1.0,"LC":"9:0.042667,16:0.581581,17:0.125080","XMIN":699689.3903163396,"YMIN":8513765.037292942,"XMAX":699789.3903163396,"YMAX":8513865.037292942},"geometry":{"type":"Polygon","coordinates":[[[-73.15462969156232,-13.437220552182604],[-73.1546366042688,-13.436316783115545],[-73.15555992031976,-13.436323547540129],[-73.15555301106723,-13.43722731707866],[-73.15462969156232,-13.437220552182604]]]}},{"type":"Feature","properties":{"Cell_ID":20,"Area_ha":1.0,"LC":"9:0.107467,13:0.784141,16:0.108392","XMIN":699689.3903163396,"YMIN":8513665.037292942,"XMAX":699789.3903163396,"YMAX":8513765.037292942},"geometry":{"type":"Polygon","coordinates":[[[-73.15462277834766,-13.438124321181437],[-73.15462969156232,-13.437220552182604],[-73.15555301106723,-13.43722731707866],[-73.15554610130675,-13.438131086548966],[-73.15462277834766,-13.438124321181437]]]}},{"type":"Feature","properties":{"Cell_ID":21,"Area_ha":1.0,"LC":"13:0.969973,16:0.030027","XMIN":699689.3903163396,"YMIN":8513565.037292942,"XMAX":699789.3903163396,"YMAX":8513665.037292942},"geometry":{"type":"Polygon","coordinates":[[[-73.15461586462482,-13.439028090112041],[-73.15462277834766,-13.438124321181437],[-73.15554610130675,-13.438131086548966],[-73.15553919103837,-13.439034855951048],[-73.15461586462482,-13.439028090112041]]]}},{"type":"Feature","properties":{"Cell_ID":22,"Area_ha":1.0,"LC":"13:0.985828,16:0.014172","XMIN":699689.3903163396,"YMIN":8513465.037292942,"XMAX":699789.3903163396,"YMAX":8513565.037292942},"geometry":{"type":"Polygon","coordinates":[[[-73.15460895039378,-13.439931858974415],[-73.15461586462482,-13.439028090112041],[-73.15553919103837,-13.439034855951048],[-73.15553228026205,-13.439938625284903],[-73.15460895039378,-13.439931858974415]]]}},{"type":"Feature","properties":{"Cell_ID":23,"Area_ha":1.0,"LC":"9:0.033678,13:0.440111,16:0.526211","XMIN":699689.3903163396,"YMIN":8513365.037292942,"XMAX":699789.3903163396,"YMAX":8513465.037292942},"geometry":{"type":"Polygon","coordinates":[[[-73.15460203565453,-13.440835627768546],[-73.15460895039378,-13.439931858974415],[-73.15553228026205,-13.439938625284903],[-73.15552536897778,-13.44084239455052],[-73.15460203565453,-13.440835627768546]]]}},{"type":"Feature","properties":{"Cell_ID":24,"Area_ha":1.0,"LC":"9:0.404195,16:0.169973,17:0.242558","XMIN":699789.3903163396,"YMIN":8513765.037292942,"XMAX":699889.3903163396,"YMAX":8513865.037292942},"geometry":{"type":"Polygon","coordinates":[[[-73.1537063725656,-13.43721378390542],[-73.15371328872601,-13.436310015310074],[-73.1546366042688,-13.436316783115545],[-73.15462969156232,-13.437220552182604],[-73.1537063725656,-13.43721378390542]]]}},{"type":"Feature","properties":{"Cell_ID":25,"Area_ha":1.0,"LC":"9:0.265724,13:0.520544,16:0.213732","XMIN":699789.3903163396,"YMIN":8513665.037292942,"XMAX":699889.3903163396,"YMAX":8513765.037292942},"geometry":{"type":"Polygon","coordinates":[[[-73.15369945589674,-13.438117552432544],[-73.1537063725656,-13.43721378390542],[-73.15462969156232,-13.437220552182604],[-73.15462277834766,-13.438124321181437],[-73.15369945589674,-13.438117552432544]]]}},{"type":"Feature","properties":{"Cell_ID":26,"Area_ha":1.0,"LC":"13:0.566866,16:0.433134","XMIN":699789.3903163396,"YMIN":8513565.037292942,"XMAX":699889.3903163396,"YMAX":8513665.037292942},"geometry":{"type":"Polygon","coordinates":[[[-73.15369253871945,-13.439021320891433],[-73.15369945589674,-13.438117552432544],[-73.15462277834766,-13.438124321181437],[-73.15461586462482,-13.439028090112041],[-73.15369253871945,-13.439021320891433]]]}},{"type":"Feature","properties":{"Cell_ID":27,"Area_ha":1.0,"LC":"13:0.756785,16:0.243215","XMIN":699789.3903163396,"YMIN":8513465.037292942,"XMAX":699889.3903163396,"YMAX":8513565.037292942},"geometry":{"type":"Polygon","coordinates":[[[-73.15368562103372,-13.439925089282086],[-73.15369253871945,-13.439021320891433],[-73.15461586462482,-13.439028090112041],[-73.15460895039378,-13.439931858974415],[-73.15368562103372,-13.439925089282086]]]}},{"type":"Feature","properties":{"Cell_ID":28,"Area_ha":1.0,"LC":"9:0.333732,13:0.565778,16:0.100490","XMIN":699789.3903163396,"YMIN":8513365.037292942,"XMAX":699889.3903163396,"YMAX":8513465.037292942},"geometry":{"type":"Polygon","coordinates":[[[-73.15367870283951,-13.440828857604501],[-73.15368562103372,-13.439925089282086],[-73.15460895039378,-13.439931858974415],[-73.15460203565453,-13.440835627768546],[-73.15367870283951,-13.440828857604501]]]}},{"type":"Feature","properties":{"Cell_ID":29,"Area_ha":1.0,"LC":"9:0.014172,16:0.289970,17:0.539113","XMIN":699889.3903163396,"YMIN":8513765.037292942,"XMAX":699989.3903163396,"YMAX":8513865.037292942},"geometry":{"type":"Polygon","coordinates":[[[-73.15278305407729,-13.43720701224712],[-73.15278997369164,-13.436303244123712],[-73.15371328872601,-13.436310015310074],[-73.1537063725656,-13.43721378390542],[-73.15278305407729,-13.43720701224712]]]}},{"type":"Feature","properties":{"Cell_ID":30,"Area_ha":1.0,"LC":"9:0.258523,13:0.291501,16:0.449977","XMIN":699889.3903163396,"YMIN":8513665.037292942,"XMAX":699989.3903163396,"YMAX":8513765.037292942},"geometry":{"type":"Polygon","coordinates":[[[-73.15277613395426,-13.438110780302296],[-73.15278305407729,-13.43720701224712],[-73.1537063725656,-13.43721378390542],[-73.15369945589674,-13.438117552432544],[-73.15277613395426,-13.438110780302296]]]}},{"type":"Feature","properties":{"Cell_ID":31,"Area_ha":1.0,"LC":"9:0.017386,13:0.849866,16:0.132748","XMIN":699889.3903163396,"YMIN":8513565.037292942,"XMAX":699989.3903163396,"YMAX":8513665.037292942},"geometry":{"type":"Polygon","coordinates":[[[-73.15276921332253,-13.439014548289236],[-73.15277613395426,-13.438110780302296],[-73.15369945589674,-13.438117552432544],[-73.15369253871945,-13.439021320891433],[-73.15276921332253,-13.439014548289236]]]}},{"type":"Feature","properties":{"Cell_ID":32,"Area_ha":1.0,"LC":"9:0.186372,13:0.716241,16:0.097386","XMIN":699889.3903163396,"YMIN":8513465.037292942,"XMAX":699989.3903163396,"YMAX":8513565.037292942},"geometry":{"type":"Polygon","coordinates":[[[-73.1527622921821,-13.439918316207935],[-73.15276921332253,-13.439014548289236],[-73.15369253871945,-13.439021320891433],[-73.15368562103372,-13.439925089282086],[-73.1527622921821,-13.439918316207935]]]}},{"type":"Feature","properties":{"Cell_ID":33,"Area_ha":1.0,"LC":"9:0.708451,13:0.152043,16:0.139506","XMIN":699889.3903163396,"YMIN":8513365.037292942,"XMAX":699989.3903163396,"YMAX":8513465.037292942},"geometry":{"type":"Polygon","coordinates":[[[-73.15275537053296,-13.44082208405839],[-73.1527622921821,-13.439918316207935],[-73.15368562103372,-13.439925089282086],[-73.15367870283951,-13.440828857604501],[-73.15275537053296,-13.44082208405839]]]}},{"type":"Feature","properties":{"Cell_ID":34,"Area_ha":1.0,"LC":"9:0.031007,16:0.084195,17:0.746574","XMIN":699989.3903163396,"YMIN":8513765.037292942,"XMAX":700089.3903163396,"YMAX":8513865.037292942},"geometry":{"type":"Polygon","coordinates":[[[-73.15185973609768,-13.437200237207707],[-73.15186665916596,-13.436296469556478],[-73.15278997369164,-13.436303244123712],[-73.15278305407729,-13.43720701224712],[-73.15185973609768,-13.437200237207707]]]}},{"type":"Feature","properties":{"Cell_ID":35,"Area_ha":1.0,"LC":"9:0.244091,13:0.330517,16:0.425392","XMIN":699989.3903163396,"YMIN":8513665.037292942,"XMAX":700089.3903163396,"YMAX":8513765.037292942},"geometry":{"type":"Polygon","coordinates":[[[-73.15185281252046,-13.4381040047907],[-73.15185973609768,-13.437200237207707],[-73.15278305407729,-13.43720701224712],[-73.15277613395426,-13.438110780302296],[-73.15185281252046,-13.4381040047907]]]}},{"type":"Feature","properties":{"Cell_ID":36,"Area_ha":1.0,"LC":"9:0.005775,13:0.269483,16:0.724742","XMIN":699989.3903163396,"YMIN":8513565.037292942,"XMAX":700089.3903163396,"YMAX":8513665.037292942},"geometry":{"type":"Polygon","coordinates":[[[-73.15184588843431,-13.439007772305454],[-73.15185281252046,-13.4381040047907],[-73.15277613395426,-13.438110780302296],[-73.15276921332253,-13.439014548289236],[-73.15184588843431,-13.439007772305454]]]}},{"type":"Feature","properties":{"Cell_ID":37,"Area_ha":1.0,"LC":"7:0.250081,9:0.024145,16:0.725775","XMIN":699989.3903163396,"YMIN":8513465.037292942,"XMAX":700089.3903163396,"YMAX":8513565.037292942},"geometry":{"type":"Polygon","coordinates":[[[-73.15183896383921,-13.439911539751966],[-73.15184588843431,-13.439007772305454],[-73.15276921332253,-13.439014548289236],[-73.1527622921821,-13.439918316207935],[-73.15183896383921,-13.439911539751966]]]}},{"type":"Feature","properties":{"Cell_ID":38,"Area_ha":1.0,"LC":"9:0.318361,13:0.030027,16:0.651612","XMIN":699989.3903163396,"YMIN":8513365.037292942,"XMAX":700089.3903163396,"YMAX":8513465.037292942},"geometry":{"type":"Polygon","coordinates":[[[-73.15183203873512,-13.44081530713023],[-73.15183896383921,-13.439911539751966],[-73.1527622921821,-13.439918316207935],[-73.15275537053296,-13.44082208405839],[-73.15183203873512,-13.44081530713023]]]}},{"type":"Feature","properties":{"Cell_ID":39,"Area_ha":1.0,"LC":"9:0.055784,16:0.084195,17:0.798855","XMIN":700089.3903163396,"YMIN":8513765.037292942,"XMAX":700189.3903163396,"YMAX":8513865.037292942},"geometry":{"type":"Polygon","coordinates":[[[-73.150936418627,-13.437193458787192],[-73.15094334514919,-13.43628969160838],[-73.15186665916596,-13.436296469556478],[-73.15185973609768,-13.437200237207707],[-73.150936418627,-13.437193458787192]]]}},{"type":"Feature","properties":{"Cell_ID":40,"Area_ha":1.0,"LC":"16:1.000000","XMIN":700089.3903163396,"YMIN":8513665.037292942,"XMAX":700189.3903163396,"YMAX":8513765.037292942},"geometry":{"type":"Polygon","coordinates":[[[-73.15092949159563,-13.438097225897767],[-73.150936418627,-13.437193458787192],[-73.15185973609768,-13.437200237207707],[-73.15185281252046,-13.4381040047907],[-73.15092949159563,-13.438097225897767]]]}},{"type":"Feature","properties":{"Cell_ID":41,"Area_ha":1.0,"LC":"13:0.179506,16:0.820494","XMIN":700089.3903163396,"YMIN":8513565.037292942,"XMAX":700189.3903163396,"YMAX":8513665.037292942},"geometry":{"type":"Polygon","coordinates":[[[-73.15092256405505,-13.439000992940102],[-73.15092949159563,-13.438097225897767],[-73.15185281252046,-13.4381040047907],[-73.15184588843431,-13.439007772305454],[-73.15092256405505,-13.439000992940102]]]}},{"type":"Feature","properties":{"Cell_ID":42,"Area_ha":1.0,"LC":"5:0.060054,7:0.166758,13:0.346920,16:0.426268","XMIN":700089.3903163396,"YMIN":8513465.037292942,"XMAX":700189.3903163396,"YMAX":8513565.037292942},"geometry":{"type":"Polygon","coordinates":[[[-73.15091563600527,-13.439904759914187],[-73.15092256405505,-13.439000992940102],[-73.15184588843431,-13.439007772305454],[-73.15183896383921,-13.439911539751966],[-73.15091563600527,-13.439904759914187]]]}},{"type":"Feature","properties":{"Cell_ID":43,"Area_ha":1.0,"LC":"7:0.063161,9:0.174168,13:0.513789,16:0.248882","XMIN":700089.3903163396,"YMIN":8513365.037292942,"XMAX":700189.3903163396,"YMAX":8513465.037292942},"geometry":{"type":"Polygon","coordinates":[[[-73.15090870744626,-13.440808526820023],[-73.15091563600527,-13.439904759914187],[-73.15183896383921,-13.439911539751966],[-73.15183203873512,-13.44081530713023],[-73.15090870744626,-13.440808526820023]]]}},{"type":"Feature","properties":{"Cell_ID":44,"Area_ha":1.0,"LC":"9:0.249113,14:0.264036,17:0.015699","XMIN":700189.3903163396,"YMIN":8515065.037292942,"XMAX":700289.3903163396,"YMAX":8515165.037292942},"geometry":{"type":"Polygon","coordinates":[[[-73.15010315162127,-13.425437704484173],[-73.1501100749754,-13.42453393689126],[-73.15103334360535,-13.424540712076077],[-73.15102642370182,-13.425444480141595],[-73.15010315162127,-13.425437704484173]]]}},{"type":"Feature","properties":{"Cell_ID":45,"Area_ha":1.0,"LC":"16:0.214715,17:0.585120,18:0.199560","XMIN":700189.3903163396,"YMIN":8513765.037292942,"XMAX":700289.3903163396,"YMAX":8513865.037292942},"geometry":{"type":"Polygon","coordinates":[[[-73.15001310166552,-13.437186676985585],[-73.1500200316416,-13.43628291027942],[-73.15094334514919,-13.43628969160838],[-73.150936418627,-13.437193458787192],[-73.15001310166552,-13.437186676985585]]]}},{"type":"Feature","properties":{"Cell_ID":46,"Area_ha":1.0,"LC":"16:0.789372,18:0.210628","XMIN":700189.3903163396,"YMIN":8513665.037292942,"XMAX":700289.3903163396,"YMAX":8513765.037292942},"geometry":{"type":"Polygon","coordinates":[[[-73.15000617117998,-13.438090443623507],[-73.15001310166552,-13.437186676985585],[-73.150936418627,-13.437193458787192],[-73.15092949159563,-13.438097225897767],[-73.15000617117998,-13.438090443623507]]]}},{"type":"Feature","properties":{"Cell_ID":47,"Area_ha":1.0,"LC":"9:0.349587,13:0.144688,16:0.505724","XMIN":700189.3903163396,"YMIN":8513565.037292942,"XMAX":700289.3903163396,"YMAX":8513665.037292942},"geometry":{"type":"Polygon","coordinates":[[[-73.149999240185,-13.438994210193181],[-73.15000617117998,-13.438090443623507],[-73.15092949159563,-13.438097225897767],[-73.15092256405505,-13.439000992940102],[-73.149999240185,-13.438994210193181]]]}},{"type":"Feature","properties":{"Cell_ID":48,"Area_ha":1.0,"LC":"5:0.333624,9:0.070574,13:0.595802","XMIN":700189.3903163396,"YMIN":8513465.037292942,"XMAX":700289.3903163396,"YMAX":8513565.037292942},"geometry":{"type":"Polygon","coordinates":[[[-73.14999230868055,-13.439897976694608],[-73.149999240185,-13.438994210193181],[-73.15092256405505,-13.439000992940102],[-73.15091563600527,-13.439904759914187],[-73.14999230868055,-13.439897976694608]]]}},{"type":"Feature","properties":{"Cell_ID":49,"Area_ha":1.0,"LC":"5:0.368989,9:0.191554,13:0.439456","XMIN":700189.3903163396,"YMIN":8513365.037292942,"XMAX":700289.3903163396,"YMAX":8513465.037292942},"geometry":{"type":"Polygon","coordinates":[[[-73.14998537666662,-13.440801743127778],[-73.14999230868055,-13.439897976694608],[-73.15091563600527,-13.439904759914187],[-73.15090870744626,-13.440808526820023],[-73.14998537666662,-13.440801743127778]]]}},{"type":"Feature","properties":{"Cell_ID":50,"Area_ha":1.0,"LC":"5:0.017386,6:0.130957,9:0.821630,13:0.030027","XMIN":700189.3903163396,"YMIN":8513265.037292942,"XMAX":700289.3903163396,"YMAX":8513365.037292942},"geometry":{"type":"Polygon","coordinates":[[[-73.14997844414322,-13.44170550949269],[-73.14998537666662,-13.440801743127778],[-73.15090870744626,-13.440808526820023],[-73.15090177837803,-13.441712293657602],[-73.14997844414322,-13.44170550949269]]]}},{"type":"Feature","properties":{"Cell_ID":51,"Area_ha":1.0,"LC":"9:0.186372,17:0.391021","XMIN":700289.3903163396,"YMIN":8515265.037292942,"XMAX":700389.3903163396,"YMAX":8515365.037292942},"geometry":{"type":"Polygon","coordinates":[[[-73.14919373314993,-13.423623391140397],[-73.14920065893553,-13.422719623883959],[-73.15012392015572,-13.42272640150089],[-73.15011699782022,-13.423630169230163],[-73.14919373314993,-13.423623391140397]]]}},{"type":"Feature","properties":{"Cell_ID":52,"Area_ha":1.0,"LC":"9:0.887957,17:0.111557","XMIN":700289.3903163396,"YMIN":8515165.037292942,"XMAX":700389.3903163396,"YMAX":8515265.037292942},"geometry":{"type":"Polygon","coordinates":[[[-73.14918680685477,-13.424527158328656],[-73.14919373314993,-13.423623391140397],[-73.15011699782022,-13.423630169230163],[-73.1501100749754,-13.42453393689126],[-73.14918680685477,-13.424527158328656]]]}},{"type":"Feature","properties":{"Cell_ID":53,"Area_ha":1.0,"LC":"9:0.475805,14:0.524195","XMIN":700289.3903163396,"YMIN":8515065.037292942,"XMAX":700389.3903163396,"YMAX":8515165.037292942},"geometry":{"type":"Polygon","coordinates":[[[-73.14917988005004,-13.425430925448728],[-73.14918680685477,-13.424527158328656],[-73.1501100749754,-13.42453393689126],[-73.15010315162127,-13.425437704484173],[-73.14917988005004,-13.425430925448728]]]}},{"type":"Feature","properties":{"Cell_ID":54,"Area_ha":1.0,"LC":"3:0.634222,14:0.365778","XMIN":700289.3903163396,"YMIN":8514965.037292942,"XMAX":700389.3903163396,"YMAX":8515065.037292942},"geometry":{"type":"Polygon","coordinates":[[[-73.14917295273574,-13.426334692500612],[-73.14917988005004,-13.425430925448728],[-73.15010315162127,-13.425437704484173],[-73.15009622775781,-13.4263414720089],[-73.14917295273574,-13.426334692500612]]]}},{"type":"Feature","properties":{"Cell_ID":55,"Area_ha":1.0,"LC":"3:0.929089","XMIN":700289.3903163396,"YMIN":8514865.037292942,"XMAX":700389.3903163396,"YMAX":8514965.037292942},"geometry":{"type":"Polygon","coordinates":[[[-73.14916602491185,-13.427238459484302],[-73.14917295273574,-13.426334692500612],[-73.15009622775781,-13.4263414720089],[-73.15008930338502,-13.427245239465439],[-73.14916602491185,-13.427238459484302]]]}},{"type":"Feature","properties":{"Cell_ID":56,"Area_ha":1.0,"LC":"9:0.133184,16:0.193789,17:0.038909,18:0.634118","XMIN":700289.3903163396,"YMIN":8513765.037292942,"XMAX":700389.3903163396,"YMAX":8513865.037292942},"geometry":{"type":"Polygon","coordinates":[[[-73.14908978521348,-13.437179891802892],[-73.14909671864346,-13.436276125569613],[-73.1500200316416,-13.43628291027942],[-73.15001310166552,-13.437186676985585],[-73.14908978521348,-13.437179891802892]]]}},{"type":"Feature","properties":{"Cell_ID":57,"Area_ha":1.0,"LC":"9:0.196896,16:0.624249,18:0.178855","XMIN":700289.3903163396,"YMIN":8513665.037292942,"XMAX":700389.3903163396,"YMAX":8513765.037292942},"geometry":{"type":"Polygon","coordinates":[[[-73.14908285127379,-13.438083657967924],[-73.14908978521348,-13.437179891802892],[-73.15001310166552,-13.437186676985585],[-73.15000617117998,-13.438090443623507],[-73.14908285127379,-13.438083657967924]]]}},{"type":"Feature","properties":{"Cell_ID":58,"Area_ha":1.0,"LC":"5:0.029480,9:0.060930,13:0.096839,16:0.812752","XMIN":700289.3903163396,"YMIN":8513565.037292942,"XMAX":700389.3903163396,"YMAX":8513665.037292942},"geometry":{"type":"Polygon","coordinates":[[[-73.14907591682442,-13.438987424064706],[-73.14908285127379,-13.438083657967924],[-73.15000617117998,-13.438090443623507],[-73.149999240185,-13.438994210193181],[-73.14907591682442,-13.438987424064706]]]}},{"type":"Feature","properties":{"Cell_ID":59,"Area_ha":1.0,"LC":"5:0.213295,9:0.272587,13:0.490957,16:0.023161","XMIN":700289.3903163396,"YMIN":8513465.037292942,"XMAX":700389.3903163396,"YMAX":8513565.037292942},"geometry":{"type":"Polygon","coordinates":[[[-73.1490689818653,-13.43989119009324],[-73.14907591682442,-13.438987424064706],[-73.149999240185,-13.438994210193181],[-73.14999230868055,-13.439897976694608],[-73.1490689818653,-13.43989119009324]]]}},{"type":"Feature","properties":{"Cell_ID":60,"Area_ha":1.0,"LC":"5:0.031558,9:0.532748,13:0.435694","XMIN":700289.3903163396,"YMIN":8513365.037292942,"XMAX":700389.3903163396,"YMAX":8513465.037292942},"geometry":{"type":"Polygon","coordinates":[[[-73.14906204639647,-13.44079495605351],[-73.1490689818653,-13.43989119009324],[-73.14999230868055,-13.439897976694608],[-73.14998537666662,-13.440801743127778],[-73.14906204639647,-13.44079495605351]]]}},{"type":"Feature","properties":{"Cell_ID":61,"Area_ha":1.0,"LC":"5:0.005775,9:0.697930,13:0.296295","XMIN":700289.3903163396,"YMIN":8513265.037292942,"XMAX":700389.3903163396,"YMAX":8513365.037292942},"geometry":{"type":"Polygon","coordinates":[[[-73.1490551104179,-13.441698721945519],[-73.14906204639647,-13.44079495605351],[-73.14998537666662,-13.440801743127778],[-73.14997844414322,-13.44170550949269],[-73.1490551104179,-13.441698721945519]]]}},{"type":"Feature","properties":{"Cell_ID":62,"Area_ha":1.0,"LC":"17:0.449149,18:0.076345","XMIN":700389.3903163396,"YMIN":8515365.037292942,"XMAX":700489.3903163396,"YMAX":8515465.037292942},"geometry":{"type":"Polygon","coordinates":[[[-73.14827739822488,-13.422712842889723],[-73.14828432695073,-13.421809076038176],[-73.14920758421155,-13.421815856559347],[-73.14920065893553,-13.422719623883959],[-73.14827739822488,-13.422712842889723]]]}},{"type":"Feature","properties":{"Cell_ID":63,"Area_ha":1.0,"LC":"9:0.160984,13:0.513238,17:0.112043,18:0.213735","XMIN":700389.3903163396,"YMIN":8515265.037292942,"XMAX":700489.3903163396,"YMAX":8515365.037292942},"geometry":{"type":"Polygon","coordinates":[[[-73.1482704689892,-13.423616609673092],[-73.14827739822488,-13.422712842889723],[-73.14920065893553,-13.422719623883959],[-73.14919373314993,-13.423623391140397],[-73.1482704689892,-13.423616609673092]]]}},{"type":"Feature","properties":{"Cell_ID":64,"Area_ha":1.0,"LC":"9:0.729426,13:0.236896,14:0.033678","XMIN":700389.3903163396,"YMIN":8515165.037292942,"XMAX":700489.3903163396,"YMAX":8515265.037292942},"geometry":{"type":"Polygon","coordinates":[[[-73.14826353924371,-13.424520376388276],[-73.1482704689892,-13.423616609673092],[-73.14919373314993,-13.423623391140397],[-73.14918680685477,-13.424527158328656],[-73.14826353924371,-13.424520376388276]]]}},{"type":"Feature","properties":{"Cell_ID":65,"Area_ha":1.0,"LC":"9:0.563107,14:0.436893","XMIN":700389.3903163396,"YMIN":8515065.037292942,"XMAX":700489.3903163396,"YMAX":8515165.037292942},"geometry":{"type":"Polygon","coordinates":[[[-73.1482566089884,-13.425424143035269],[-73.14826353924371,-13.424520376388276],[-73.14918680685477,-13.424527158328656],[-73.14917988005004,-13.425430925448728],[-73.1482566089884,-13.425424143035269]]]}},{"type":"Feature","properties":{"Cell_ID":66,"Area_ha":1.0,"LC":"3:0.584141,9:0.116349,14:0.299510","XMIN":700389.3903163396,"YMIN":8514965.037292942,"XMAX":700489.3903163396,"YMAX":8515065.037292942},"geometry":{"type":"Polygon","coordinates":[[[-73.14824967822327,-13.426327909614074],[-73.1482566089884,-13.425424143035269],[-73.14917988005004,-13.425430925448728],[-73.14917295273574,-13.426334692500612],[-73.14824967822327,-13.426327909614074]]]}},{"type":"Feature","properties":{"Cell_ID":67,"Area_ha":1.0,"LC":"3:0.399896,14:0.600104","XMIN":700389.3903163396,"YMIN":8514865.037292942,"XMAX":700489.3903163396,"YMAX":8514965.037292942},"geometry":{"type":"Polygon","coordinates":[[[-73.14824274694827,-13.42723167612468],[-73.14824967822327,-13.426327909614074],[-73.14917295273574,-13.426334692500612],[-73.14916602491185,-13.427238459484302],[-73.14824274694827,-13.42723167612468]]]}},{"type":"Feature","properties":{"Cell_ID":68,"Area_ha":1.0,"LC":"3:0.120000,14:0.880000","XMIN":700389.3903163396,"YMIN":8514765.037292942,"XMAX":700489.3903163396,"YMAX":8514865.037292942},"geometry":{"type":"Polygon","coordinates":[[[-73.14823581516343,-13.428135442567083],[-73.14824274694827,-13.42723167612468],[-73.14916602491185,-13.427238459484302],[-73.14915909657834,-13.428142226399792],[-73.14823581516343,-13.428135442567083]]]}},{"type":"Feature","properties":{"Cell_ID":69,"Area_ha":1.0,"LC":"3:0.242822,14:0.603425","XMIN":700389.3903163396,"YMIN":8514665.037292942,"XMAX":700489.3903163396,"YMAX":8514765.037292942},"geometry":{"type":"Polygon","coordinates":[[[-73.14822888286872,-13.429039208941283],[-73.14823581516343,-13.428135442567083],[-73.14915909657834,-13.428142226399792],[-73.14915216773525,-13.429045993247085],[-73.14822888286872,-13.429039208941283]]]}},{"type":"Feature","properties":{"Cell_ID":70,"Area_ha":1.0,"LC":"16:0.324519,18:0.646785","XMIN":700389.3903163396,"YMIN":8513865.037292942,"XMAX":700489.3903163396,"YMAX":8513965.037292942},"geometry":{"type":"Polygon","coordinates":[[[-73.148173406155,-13.436269337478965],[-73.14818034252892,-13.435365571650564],[-73.14910365156375,-13.435372359268095],[-73.14909671864346,-13.436276125569613],[-73.148173406155,-13.436269337478965]]]}},{"type":"Feature","properties":{"Cell_ID":71,"Area_ha":1.0,"LC":"9:0.584249,16:0.415751","XMIN":700389.3903163396,"YMIN":8513765.037292942,"XMAX":700489.3903163396,"YMAX":8513865.037292942},"geometry":{"type":"Polygon","coordinates":[[[-73.14816646927113,-13.437173103239124],[-73.148173406155,-13.436269337478965],[-73.14909671864346,-13.436276125569613],[-73.14908978521348,-13.437179891802892],[-73.14816646927113,-13.437173103239124]]]}},{"type":"Feature","properties":{"Cell_ID":72,"Area_ha":1.0,"LC":"9:0.835365,16:0.034118,18:0.130517","XMIN":700389.3903163396,"YMIN":8513665.037292942,"XMAX":700489.3903163396,"YMAX":8513765.037292942},"geometry":{"type":"Polygon","coordinates":[[[-73.14815953187731,-13.43807686893103],[-73.14816646927113,-13.437173103239124],[-73.14908978521348,-13.437179891802892],[-73.14908285127379,-13.438083657967924],[-73.14815953187731,-13.43807686893103]]]}},{"type":"Feature","properties":{"Cell_ID":73,"Area_ha":1.0,"LC":"5:0.004198,9:0.337494,16:0.045667,18:0.612641","XMIN":700389.3903163396,"YMIN":8513565.037292942,"XMAX":700489.3903163396,"YMAX":8513665.037292942},"geometry":{"type":"Polygon","coordinates":[[[-73.14815259397353,-13.438980634554685],[-73.14815953187731,-13.43807686893103],[-73.14908285127379,-13.438083657967924],[-73.14907591682442,-13.438987424064706],[-73.14815259397353,-13.438980634554685]]]}},{"type":"Feature","properties":{"Cell_ID":74,"Area_ha":1.0,"LC":"5:0.720436,9:0.082667,18:0.196896","XMIN":700389.3903163396,"YMIN":8513465.037292942,"XMAX":700489.3903163396,"YMAX":8513565.037292942},"geometry":{"type":"Polygon","coordinates":[[[-73.14814565555979,-13.439884400110085],[-73.14815259397353,-13.438980634554685],[-73.14907591682442,-13.438987424064706],[-73.1490689818653,-13.43989119009324],[-73.14814565555979,-13.439884400110085]]]}},{"type":"Feature","properties":{"Cell_ID":75,"Area_ha":1.0,"LC":"5:0.275258,9:0.724742","XMIN":700389.3903163396,"YMIN":8513365.037292942,"XMAX":700489.3903163396,"YMAX":8513465.037292942},"geometry":{"type":"Polygon","coordinates":[[[-73.14813871663605,-13.440788165597223],[-73.14814565555979,-13.439884400110085],[-73.1490689818653,-13.43989119009324],[-73.14906204639647,-13.44079495605351],[-73.14813871663605,-13.440788165597223]]]}},{"type":"Feature","properties":{"Cell_ID":76,"Area_ha":1.0,"LC":"9:1.000000","XMIN":700389.3903163396,"YMIN":8513265.037292942,"XMAX":700489.3903163396,"YMAX":8513365.037292942},"geometry":{"type":"Polygon","coordinates":[[[-73.14813177720234,-13.441691931016095],[-73.14813871663605,-13.440788165597223],[-73.14906204639647,-13.44079495605351],[-73.1490551104179,-13.441698721945519],[-73.14813177720234,-13.441691931016095]]]}},{"type":"Feature","properties":{"Cell_ID":77,"Area_ha":1.0,"LC":"17:0.374308,18:0.624249","XMIN":700489.3903163396,"YMIN":8515365.037292942,"XMAX":700589.3903163396,"YMAX":8515465.037292942},"geometry":{"type":"Polygon","coordinates":[[[-73.14735413802403,-13.422706058518186],[-73.14736107019971,-13.421802292139944],[-73.14828432695073,-13.421809076038176],[-73.14827739822488,-13.422712842889723],[-73.14735413802403,-13.422706058518186]]]}},{"type":"Feature","properties":{"Cell_ID":78,"Area_ha":1.0,"LC":"9:0.116345,13:0.387796,18:0.495859","XMIN":700489.3903163396,"YMIN":8515265.037292942,"XMAX":700589.3903163396,"YMAX":8515365.037292942},"geometry":{"type":"Polygon","coordinates":[[[-73.14734720533829,-13.423609824828251],[-73.14735413802403,-13.422706058518186],[-73.14827739822488,-13.422712842889723],[-73.1482704689892,-13.423616609673092],[-73.14734720533829,-13.423609824828251]]]}},{"type":"Feature","properties":{"Cell_ID":79,"Area_ha":1.0,"LC":"9:0.627907,13:0.102070,14:0.270023","XMIN":700489.3903163396,"YMIN":8515165.037292942,"XMAX":700589.3903163396,"YMAX":8515265.037292942},"geometry":{"type":"Polygon","coordinates":[[[-73.14734027214247,-13.424513591070125],[-73.14734720533829,-13.423609824828251],[-73.1482704689892,-13.423616609673092],[-73.14826353924371,-13.424520376388276],[-73.14734027214247,-13.424513591070125]]]}},{"type":"Feature","properties":{"Cell_ID":80,"Area_ha":1.0,"LC":"9:0.005775,14:0.994225","XMIN":700489.3903163396,"YMIN":8515065.037292942,"XMAX":700589.3903163396,"YMAX":8515165.037292942},"geometry":{"type":"Polygon","coordinates":[[[-73.1473333384366,-13.425417357243807],[-73.14734027214247,-13.424513591070125],[-73.14826353924371,-13.424520376388276],[-73.1482566089884,-13.425424143035269],[-73.1473333384366,-13.425417357243807]]]}},{"type":"Feature","properties":{"Cell_ID":81,"Area_ha":1.0,"LC":"3:0.217823,9:0.009973,14:0.772204","XMIN":700489.3903163396,"YMIN":8514965.037292942,"XMAX":700589.3903163396,"YMAX":8515065.037292942},"geometry":{"type":"Polygon","coordinates":[[[-73.14732640422062,-13.426321123349293],[-73.1473333384366,-13.425417357243807],[-73.1482566089884,-13.425424143035269],[-73.14824967822327,-13.426327909614074],[-73.14732640422062,-13.426321123349293]]]}},{"type":"Feature","properties":{"Cell_ID":82,"Area_ha":1.0,"LC":"3:0.618523,14:0.381477","XMIN":700489.3903163396,"YMIN":8514865.037292942,"XMAX":700589.3903163396,"YMAX":8514965.037292942},"geometry":{"type":"Polygon","coordinates":[[[-73.14731946949455,-13.427224889386581],[-73.14732640422062,-13.426321123349293],[-73.14824967822327,-13.426327909614074],[-73.14824274694827,-13.42723167612468],[-73.14731946949455,-13.427224889386581]]]}},{"type":"Feature","properties":{"Cell_ID":83,"Area_ha":1.0,"LC":"3:0.893732,14:0.106268","XMIN":700489.3903163396,"YMIN":8514765.037292942,"XMAX":700589.3903163396,"YMAX":8514865.037292942},"geometry":{"type":"Polygon","coordinates":[[[-73.14731253425836,-13.428128655355666],[-73.14731946949455,-13.427224889386581],[-73.14824274694827,-13.42723167612468],[-73.14823581516343,-13.428135442567083],[-73.14731253425836,-13.428128655355666]]]}},{"type":"Feature","properties":{"Cell_ID":84,"Area_ha":1.0,"LC":"3:0.779618,14:0.220382","XMIN":700489.3903163396,"YMIN":8514665.037292942,"XMAX":700589.3903163396,"YMAX":8514765.037292942},"geometry":{"type":"Polygon","coordinates":[[[-73.14730559851208,-13.429032421256537],[-73.14731253425836,-13.428128655355666],[-73.14823581516343,-13.428135442567083],[-73.14822888286872,-13.429039208941283],[-73.14730559851208,-13.429032421256537]]]}},{"type":"Feature","properties":{"Cell_ID":85,"Area_ha":1.0,"LC":"3:0.167413,7:0.042667,9:0.314662,14:0.475258","XMIN":700489.3903163396,"YMIN":8514565.037292942,"XMAX":700589.3903163396,"YMAX":8514665.037292942},"geometry":{"type":"Polygon","coordinates":[[[-73.14729866225566,-13.429936187089197],[-73.14730559851208,-13.429032421256537],[-73.14822888286872,-13.429039208941283],[-73.14822195006415,-13.429942975247274],[-73.14729866225566,-13.429936187089197]]]}},{"type":"Feature","properties":{"Cell_ID":86,"Area_ha":1.0,"LC":"3:0.349587,7:0.017386,9:0.542070,13:0.090957","XMIN":700489.3903163396,"YMIN":8514465.037292942,"XMAX":700589.3903163396,"YMAX":8514565.037292942},"geometry":{"type":"Polygon","coordinates":[[[-73.14729172548911,-13.430839952853638],[-73.14729866225566,-13.429936187089197],[-73.14822195006415,-13.429942975247274],[-73.1482150167497,-13.430846741485048],[-73.14729172548911,-13.430839952853638]]]}},{"type":"Feature","properties":{"Cell_ID":87,"Area_ha":1.0,"LC":"3:0.103708,9:0.373732,13:0.492533,14:0.030027","XMIN":700489.3903163396,"YMIN":8514365.037292942,"XMAX":700589.3903163396,"YMAX":8514465.037292942},"geometry":{"type":"Polygon","coordinates":[[[-73.14728478821242,-13.431743718549862],[-73.14729172548911,-13.430839952853638],[-73.1482150167497,-13.430846741485048],[-73.14820808292536,-13.431750507654604],[-73.14728478821242,-13.431743718549862]]]}},{"type":"Feature","properties":{"Cell_ID":88,"Area_ha":1.0,"LC":"9:0.645882,13:0.086322,18:0.267796","XMIN":700489.3903163396,"YMIN":8514265.037292942,"XMAX":700589.3903163396,"YMAX":8514365.037292942},"geometry":{"type":"Polygon","coordinates":[[[-73.14727785042557,-13.432647484177856],[-73.14728478821242,-13.431743718549862],[-73.14820808292536,-13.431750507654604],[-73.14820114859111,-13.432654273755942],[-73.14727785042557,-13.432647484177856]]]}},{"type":"Feature","properties":{"Cell_ID":89,"Area_ha":1.0,"LC":"5:0.376399,9:0.350574,18:0.245590","XMIN":700489.3903163396,"YMIN":8514165.037292942,"XMAX":700589.3903163396,"YMAX":8514265.037292942},"geometry":{"type":"Polygon","coordinates":[[[-73.14727091212856,-13.433551249737617],[-73.14727785042557,-13.432647484177856],[-73.14820114859111,-13.432654273755942],[-73.14819421374698,-13.433558039789048],[-73.14727091212856,-13.433551249737617]]]}},{"type":"Feature","properties":{"Cell_ID":90,"Area_ha":1.0,"LC":"5:0.380601,7:0.346372,9:0.130344,14:0.004081,18:0.045182","XMIN":700489.3903163396,"YMIN":8514065.037292942,"XMAX":700589.3903163396,"YMAX":8514165.037292942},"geometry":{"type":"Polygon","coordinates":[[[-73.14726397332139,-13.43445501522915],[-73.14727091212856,-13.433551249737617],[-73.14819421374698,-13.433558039789048],[-73.14818727839291,-13.434461805753923],[-73.14726397332139,-13.43445501522915]]]}},{"type":"Feature","properties":{"Cell_ID":91,"Area_ha":1.0,"LC":"5:0.023161,7:0.153789,9:0.419506,14:0.355691,18:0.047849","XMIN":700489.3903163396,"YMIN":8513965.037292942,"XMAX":700589.3903163396,"YMAX":8514065.037292942},"geometry":{"type":"Polygon","coordinates":[[[-73.14725703400403,-13.43535878065244],[-73.14726397332139,-13.43445501522915],[-73.14818727839291,-13.434461805753923],[-73.14818034252892,-13.435365571650564],[-73.14725703400403,-13.43535878065244]]]}},{"type":"Feature","properties":{"Cell_ID":92,"Area_ha":1.0,"LC":"9:0.193789,16:0.103705,18:0.702506","XMIN":700489.3903163396,"YMIN":8513865.037292942,"XMAX":700589.3903163396,"YMAX":8513965.037292942},"geometry":{"type":"Polygon","coordinates":[[[-73.14725009417648,-13.436262546007486],[-73.14725703400403,-13.43535878065244],[-73.14818034252892,-13.435365571650564],[-73.148173406155,-13.436269337478965],[-73.14725009417648,-13.436262546007486]]]}},{"type":"Feature","properties":{"Cell_ID":93,"Area_ha":1.0,"LC":"9:0.221474,16:0.136295,18:0.642231","XMIN":700489.3903163396,"YMIN":8513765.037292942,"XMAX":700589.3903163396,"YMAX":8513865.037292942},"geometry":{"type":"Polygon","coordinates":[[[-73.14724315383874,-13.437166311294286],[-73.14725009417648,-13.436262546007486],[-73.148173406155,-13.436269337478965],[-73.14816646927113,-13.437173103239124],[-73.14724315383874,-13.437166311294286]]]}},{"type":"Feature","properties":{"Cell_ID":94,"Area_ha":1.0,"LC":"9:0.633134,18:0.366866","XMIN":700489.3903163396,"YMIN":8513665.037292942,"XMAX":700589.3903163396,"YMAX":8513765.037292942},"geometry":{"type":"Polygon","coordinates":[[[-73.14723621299079,-13.438070076512835],[-73.14724315383874,-13.437166311294286],[-73.14816646927113,-13.437173103239124],[-73.14815953187731,-13.43807686893103],[-73.14723621299079,-13.438070076512835]]]}},{"type":"Feature","properties":{"Cell_ID":95,"Area_ha":1.0,"LC":"9:0.718361,18:0.281639","XMIN":700489.3903163396,"YMIN":8513565.037292942,"XMAX":700589.3903163396,"YMAX":8513665.037292942},"geometry":{"type":"Polygon","coordinates":[[[-73.14722927163263,-13.438973841663124],[-73.14723621299079,-13.438070076512835],[-73.14815953187731,-13.43807686893103],[-73.14815259397353,-13.438980634554685],[-73.14722927163263,-13.438973841663124]]]}},{"type":"Feature","properties":{"Cell_ID":96,"Area_ha":1.0,"LC":"5:0.080000,9:0.681091,18:0.238909","XMIN":700489.3903163396,"YMIN":8513465.037292942,"XMAX":700589.3903163396,"YMAX":8513565.037292942},"geometry":{"type":"Polygon","coordinates":[[[-73.14722232976425,-13.439877606745156],[-73.14722927163263,-13.438973841663124],[-73.14815259397353,-13.438980634554685],[-73.14814565555979,-13.439884400110085],[-73.14722232976425,-13.439877606745156]]]}},{"type":"Feature","properties":{"Cell_ID":97,"Area_ha":1.0,"LC":"9:1.000000","XMIN":700489.3903163396,"YMIN":8513365.037292942,"XMAX":700589.3903163396,"YMAX":8513465.037292942},"geometry":{"type":"Polygon","coordinates":[[[-73.14721538738563,-13.440781371758924],[-73.14722232976425,-13.439877606745156],[-73.14814565555979,-13.439884400110085],[-73.14813871663605,-13.440788165597223],[-73.14721538738563,-13.440781371758924]]]}},{"type":"Feature","properties":{"Cell_ID":98,"Area_ha":1.0,"LC":"9:1.000000","XMIN":700489.3903163396,"YMIN":8513265.037292942,"XMAX":700589.3903163396,"YMAX":8513365.037292942},"geometry":{"type":"Polygon","coordinates":[[[-73.14720844449675,-13.44168513670442],[-73.14721538738563,-13.440781371758924],[-73.14813871663605,-13.440788165597223],[-73.14813177720234,-13.441691931016095],[-73.14720844449675,-13.44168513670442]]]}},{"type":"Feature","properties":{"Cell_ID":99,"Area_ha":1.0,"LC":"9:0.200108,13:0.286318,17:0.473734","XMIN":700589.3903163396,"YMIN":8515465.037292942,"XMAX":700689.3903163396,"YMAX":8515565.037292942},"geometry":{"type":"Polygon","coordinates":[[[-73.14643781395873,-13.421795504864658],[-73.14644474907391,-13.420891738891767],[-73.14736800186533,-13.420898525693518],[-73.14736107019971,-13.421802292139944],[-73.14643781395873,-13.421795504864658]]]}},{"type":"Feature","properties":{"Cell_ID":100,"Area_ha":1.0,"LC":"9:0.030027,13:0.313789,16:0.383157,17:0.222070,18:0.050957","XMIN":700589.3903163396,"YMIN":8515365.037292942,"XMAX":700689.3903163396,"YMAX":8515465.037292942},"geometry":{"type":"Polygon","coordinates":[[[-73.14643087833325,-13.422699270769362],[-73.14643781395873,-13.421795504864658],[-73.14736107019971,-13.421802292139944],[-73.14735413802403,-13.422706058518186],[-73.14643087833325,-13.422699270769362]]]}},{"type":"Feature","properties":{"Cell_ID":101,"Area_ha":1.0,"LC":"9:0.071011,16:0.533295,18:0.395694","XMIN":700589.3903163396,"YMIN":8515265.037292942,"XMAX":700689.3903163396,"YMAX":8515365.037292942},"geometry":{"type":"Polygon","coordinates":[[[-73.14642394219744,-13.423603036605884],[-73.14643087833325,-13.422699270769362],[-73.14735413802403,-13.422706058518186],[-73.14734720533829,-13.423609824828251],[-73.14642394219744,-13.423603036605884]]]}},{"type":"Feature","properties":{"Cell_ID":102,"Area_ha":1.0,"LC":"9:0.509372,14:0.071011,16:0.356457,18:0.063161","XMIN":700589.3903163396,"YMIN":8515165.037292942,"XMAX":700689.3903163396,"YMAX":8515265.037292942},"geometry":{"type":"Polygon","coordinates":[[[-73.14641700555133,-13.424506802374216],[-73.14642394219744,-13.423603036605884],[-73.14734720533829,-13.423609824828251],[-73.14734027214247,-13.424513591070125],[-73.14641700555133,-13.424506802374216]]]}},{"type":"Feature","properties":{"Cell_ID":103,"Area_ha":1.0,"LC":"7:0.060054,9:0.069483,14:0.823050,16:0.047413","XMIN":700589.3903163396,"YMIN":8515065.037292942,"XMAX":700689.3903163396,"YMAX":8515165.037292942},"geometry":{"type":"Polygon","coordinates":[[[-73.14641006839487,-13.42541056807435],[-73.14641700555133,-13.424506802374216],[-73.14734027214247,-13.424513591070125],[-73.1473333384366,-13.425417357243807],[-73.14641006839487,-13.42541056807435]]]}},{"type":"Feature","properties":{"Cell_ID":104,"Area_ha":1.0,"LC":"6:0.012641,7:0.170081,14:0.817279","XMIN":700589.3903163396,"YMIN":8514965.037292942,"XMAX":700689.3903163396,"YMAX":8515065.037292942},"geometry":{"type":"Polygon","coordinates":[[[-73.14640313072807,-13.426314333706282],[-73.14641006839487,-13.42541056807435],[-73.1473333384366,-13.425417357243807],[-73.14732640422062,-13.426321123349293],[-73.14640313072807,-13.426314333706282]]]}},{"type":"Feature","properties":{"Cell_ID":105,"Area_ha":1.0,"LC":"3:0.550463,6:0.077440,14:0.372097","XMIN":700589.3903163396,"YMIN":8514865.037292942,"XMAX":700689.3903163396,"YMAX":8514965.037292942},"geometry":{"type":"Polygon","coordinates":[[[-73.14639619255094,-13.427218099270016],[-73.14640313072807,-13.426314333706282],[-73.14732640422062,-13.426321123349293],[-73.14731946949455,-13.427224889386581],[-73.14639619255094,-13.427218099270016]]]}},{"type":"Feature","properties":{"Cell_ID":106,"Area_ha":1.0,"LC":"3:0.103601,14:0.896399","XMIN":700589.3903163396,"YMIN":8514765.037292942,"XMAX":700689.3903163396,"YMAX":8514865.037292942},"geometry":{"type":"Polygon","coordinates":[[[-73.14638925386343,-13.428121864765536],[-73.14639619255094,-13.427218099270016],[-73.14731946949455,-13.427224889386581],[-73.14731253425836,-13.428128655355666],[-73.14638925386343,-13.428121864765536]]]}},{"type":"Feature","properties":{"Cell_ID":107,"Area_ha":1.0,"LC":"3:0.559889,14:0.440111","XMIN":700589.3903163396,"YMIN":8514665.037292942,"XMAX":700689.3903163396,"YMAX":8514765.037292942},"geometry":{"type":"Polygon","coordinates":[[[-73.14638231466556,-13.429025630192852],[-73.14638925386343,-13.428121864765536],[-73.14731253425836,-13.428128655355666],[-73.14730559851208,-13.429032421256537],[-73.14638231466556,-13.429025630192852]]]}},{"type":"Feature","properties":{"Cell_ID":108,"Area_ha":1.0,"LC":"3:0.285778,7:0.121527,9:0.060054,14:0.532641","XMIN":700589.3903163396,"YMIN":8514565.037292942,"XMAX":700689.3903163396,"YMAX":8514665.037292942},"geometry":{"type":"Polygon","coordinates":[[[-73.14637537495729,-13.429929395551948],[-73.14638231466556,-13.429025630192852],[-73.14730559851208,-13.429032421256537],[-73.14729866225566,-13.429936187089197],[-73.14637537495729,-13.429929395551948]]]}},{"type":"Feature","properties":{"Cell_ID":109,"Area_ha":1.0,"LC":"3:0.311447,7:0.458419,9:0.212748,14:0.017386","XMIN":700589.3903163396,"YMIN":8514465.037292942,"XMAX":700689.3903163396,"YMAX":8514565.037292942},"geometry":{"type":"Polygon","coordinates":[[[-73.14636843473865,-13.430833160842818],[-73.14637537495729,-13.429929395551948],[-73.14729866225566,-13.429936187089197],[-73.14729172548911,-13.430839952853638],[-73.14636843473865,-13.430833160842818]]]}},{"type":"Feature","properties":{"Cell_ID":110,"Area_ha":1.0,"LC":"3:0.098419,9:0.326866,13:0.031011,14:0.543705","XMIN":700589.3903163396,"YMIN":8514365.037292942,"XMAX":700689.3903163396,"YMAX":8514465.037292942},"geometry":{"type":"Polygon","coordinates":[[[-73.14636149400962,-13.431736926065467],[-73.14636843473865,-13.430833160842818],[-73.14729172548911,-13.430839952853638],[-73.14728478821242,-13.431743718549862],[-73.14636149400962,-13.431736926065467]]]}},{"type":"Feature","properties":{"Cell_ID":111,"Area_ha":1.0,"LC":"9:0.754769,13:0.198909,14:0.046322","XMIN":700589.3903163396,"YMIN":8514265.037292942,"XMAX":700689.3903163396,"YMAX":8514365.037292942},"geometry":{"type":"Polygon","coordinates":[[[-73.14635455277018,-13.432640691219888],[-73.14636149400962,-13.431736926065467],[-73.14728478821242,-13.431743718549862],[-73.14727785042557,-13.432647484177856],[-73.14635455277018,-13.432640691219888]]]}},{"type":"Feature","properties":{"Cell_ID":112,"Area_ha":1.0,"LC":"3:0.090517,5:0.034118,9:0.632698,14:0.242667","XMIN":700589.3903163396,"YMIN":8514165.037292942,"XMAX":700689.3903163396,"YMAX":8514265.037292942},"geometry":{"type":"Polygon","coordinates":[[[-73.14634761102032,-13.433544456306073],[-73.14635455277018,-13.432640691219888],[-73.14727785042557,-13.432647484177856],[-73.14727091212856,-13.433551249737617],[-73.14634761102032,-13.433544456306073]]]}},{"type":"Feature","properties":{"Cell_ID":113,"Area_ha":1.0,"LC":"3:0.409537,5:0.025721,7:0.024145,9:0.463157,14:0.077440","XMIN":700589.3903163396,"YMIN":8514065.037292942,"XMAX":700689.3903163396,"YMAX":8514165.037292942},"geometry":{"type":"Polygon","coordinates":[[[-73.14634066876005,-13.434448221324018],[-73.14634761102032,-13.433544456306073],[-73.14727091212856,-13.433551249737617],[-73.14726397332139,-13.43445501522915],[-73.14634066876005,-13.434448221324018]]]}},{"type":"Feature","properties":{"Cell_ID":114,"Area_ha":1.0,"LC":"7:0.818959,9:0.181041","XMIN":700589.3903163396,"YMIN":8513965.037292942,"XMAX":700689.3903163396,"YMAX":8514065.037292942},"geometry":{"type":"Polygon","coordinates":[[[-73.14633372598932,-13.435351986273725],[-73.14634066876005,-13.434448221324018],[-73.14726397332139,-13.43445501522915],[-73.14725703400403,-13.43535878065244],[-73.14633372598932,-13.435351986273725]]]}},{"type":"Feature","properties":{"Cell_ID":115,"Area_ha":1.0,"LC":"7:0.086869,9:0.418855,13:0.193678,16:0.300598","XMIN":700589.3903163396,"YMIN":8513865.037292942,"XMAX":700689.3903163396,"YMAX":8513965.037292942},"geometry":{"type":"Polygon","coordinates":[[[-73.14632678270817,-13.436255751155182],[-73.14633372598932,-13.435351986273725],[-73.14725703400403,-13.43535878065244],[-73.14725009417648,-13.436262546007486],[-73.14632678270817,-13.436255751155182]]]}},{"type":"Feature","properties":{"Cell_ID":116,"Area_ha":1.0,"LC":"9:0.029480,13:0.266376,16:0.466376,18:0.237769","XMIN":700589.3903163396,"YMIN":8513765.037292942,"XMAX":700689.3903163396,"YMAX":8513865.037292942},"geometry":{"type":"Polygon","coordinates":[[[-73.14631983891657,-13.43715951596839],[-73.14632678270817,-13.436255751155182],[-73.14725009417648,-13.436262546007486],[-73.14724315383874,-13.437166311294286],[-73.14631983891657,-13.43715951596839]]]}},{"type":"Feature","properties":{"Cell_ID":117,"Area_ha":1.0,"LC":"9:0.920544,16:0.023161,18:0.056295","XMIN":700589.3903163396,"YMIN":8513665.037292942,"XMAX":700689.3903163396,"YMAX":8513765.037292942},"geometry":{"type":"Polygon","coordinates":[[[-73.14631289461448,-13.438063280713342],[-73.14631983891657,-13.43715951596839],[-73.14724315383874,-13.437166311294286],[-73.14723621299079,-13.438070076512835],[-73.14631289461448,-13.438063280713342]]]}},{"type":"Feature","properties":{"Cell_ID":118,"Area_ha":1.0,"LC":"9:0.537934,14:0.396345,18:0.065721","XMIN":700589.3903163396,"YMIN":8513565.037292942,"XMAX":700689.3903163396,"YMAX":8513665.037292942},"geometry":{"type":"Polygon","coordinates":[[[-73.14630594980196,-13.438967045390035],[-73.14631289461448,-13.438063280713342],[-73.14723621299079,-13.438070076512835],[-73.14722927163263,-13.438973841663124],[-73.14630594980196,-13.438967045390035]]]}},{"type":"Feature","properties":{"Cell_ID":119,"Area_ha":1.0,"LC":"5:0.479996,9:0.236241,14:0.283762","XMIN":700589.3903163396,"YMIN":8513465.037292942,"XMAX":700689.3903163396,"YMAX":8513565.037292942},"geometry":{"type":"Polygon","coordinates":[[[-73.14629900447893,-13.439870809998462],[-73.14630594980196,-13.438967045390035],[-73.14722927163263,-13.438973841663124],[-73.14722232976425,-13.439877606745156],[-73.14629900447893,-13.439870809998462]]]}},{"type":"Feature","properties":{"Cell_ID":120,"Area_ha":1.0,"LC":"5:0.490084,9:0.136184,14:0.373732","XMIN":700589.3903163396,"YMIN":8513365.037292942,"XMAX":700689.3903163396,"YMAX":8513465.037292942},"geometry":{"type":"Polygon","coordinates":[[[-73.14629205864543,-13.440774574538622],[-73.14629900447893,-13.439870809998462],[-73.14722232976425,-13.439877606745156],[-73.14721538738563,-13.440781371758924],[-73.14629205864543,-13.440774574538622]]]}},{"type":"Feature","properties":{"Cell_ID":121,"Area_ha":1.0,"LC":"5:0.099506,9:0.654172,14:0.246322","XMIN":700589.3903163396,"YMIN":8513265.037292942,"XMAX":700689.3903163396,"YMAX":8513365.037292942},"geometry":{"type":"Polygon","coordinates":[[[-73.14628511230144,-13.441678339010512],[-73.14629205864543,-13.440774574538622],[-73.14721538738563,-13.440781371758924],[-73.14720844449675,-13.44168513670442],[-73.14628511230144,-13.441678339010512]]]}},{"type":"Feature","properties":{"Cell_ID":122,"Area_ha":1.0,"LC":"9:0.227356,16:0.242483,17:0.373656","XMIN":700689.3903163396,"YMIN":8515565.037292942,"XMAX":700789.3903163396,"YMAX":8515665.037292942},"geometry":{"type":"Polygon","coordinates":[[[-73.14552149679277,-13.420884948713203],[-73.14552843484694,-13.419981183145902],[-73.14645168367878,-13.419987972850699],[-73.14644474907391,-13.420891738891767],[-73.14552149679277,-13.420884948713203]]]}},{"type":"Feature","properties":{"Cell_ID":123,"Area_ha":1.0,"LC":"9:0.942614,13:0.004198,16:0.047413,17:0.005775","XMIN":700689.3903163396,"YMIN":8515465.037292942,"XMAX":700789.3903163396,"YMAX":8515565.037292942},"geometry":{"type":"Polygon","coordinates":[[[-73.14551455822806,-13.421788714212324],[-73.14552149679277,-13.420884948713203],[-73.14644474907391,-13.420891738891767],[-73.14643781395873,-13.421795504864658],[-73.14551455822806,-13.421788714212324]]]}},{"type":"Feature","properties":{"Cell_ID":124,"Area_ha":1.0,"LC":"7:0.152694,9:0.807413,13:0.035694,16:0.004198","XMIN":700689.3903163396,"YMIN":8515365.037292942,"XMAX":700789.3903163396,"YMAX":8515465.037292942},"geometry":{"type":"Polygon","coordinates":[[[-73.14550761915278,-13.422692479643256],[-73.14551455822806,-13.421788714212324],[-73.14643781395873,-13.421795504864658],[-73.14643087833325,-13.422699270769362],[-73.14550761915278,-13.422692479643256]]]}},{"type":"Feature","properties":{"Cell_ID":125,"Area_ha":1.0,"LC":"5:0.132748,7:0.017386,9:0.503161,16:0.346705","XMIN":700689.3903163396,"YMIN":8515265.037292942,"XMAX":700789.3903163396,"YMAX":8515365.037292942},"geometry":{"type":"Polygon","coordinates":[[[-73.14550067956692,-13.423596245006001],[-73.14550761915278,-13.422692479643256],[-73.14643087833325,-13.422699270769362],[-73.14642394219744,-13.423603036605884],[-73.14550067956692,-13.423596245006001]]]}},{"type":"Feature","properties":{"Cell_ID":126,"Area_ha":1.0,"LC":"5:0.060054,9:0.530081,16:0.409866","XMIN":700689.3903163396,"YMIN":8515165.037292942,"XMAX":700789.3903163396,"YMAX":8515265.037292942},"geometry":{"type":"Polygon","coordinates":[[[-73.14549373947051,-13.42450001030055],[-73.14550067956692,-13.423596245006001],[-73.14642394219744,-13.423603036605884],[-73.14641700555133,-13.424506802374216],[-73.14549373947051,-13.42450001030055]]]}},{"type":"Feature","properties":{"Cell_ID":127,"Area_ha":1.0,"LC":"5:0.107467,7:0.236785,9:0.545828,14:0.031011,16:0.078909","XMIN":700689.3903163396,"YMIN":8515065.037292942,"XMAX":700789.3903163396,"YMAX":8515165.037292942},"geometry":{"type":"Polygon","coordinates":[[[-73.1454867988635,-13.425403775526902],[-73.14549373947051,-13.42450001030055],[-73.14641700555133,-13.424506802374216],[-73.14641006839487,-13.42541056807435],[-73.1454867988635,-13.425403775526902]]]}},{"type":"Feature","properties":{"Cell_ID":128,"Area_ha":1.0,"LC":"5:0.102721,6:0.157876,7:0.526758,9:0.133735,14:0.078909","XMIN":700689.3903163396,"YMIN":8514965.037292942,"XMAX":700789.3903163396,"YMAX":8515065.037292942},"geometry":{"type":"Polygon","coordinates":[[[-73.14547985774588,-13.42630754068505],[-73.1454867988635,-13.425403775526902],[-73.14641006839487,-13.42541056807435],[-73.14640313072807,-13.426314333706282],[-73.14547985774588,-13.42630754068505]]]}},{"type":"Feature","properties":{"Cell_ID":129,"Area_ha":1.0,"LC":"3:0.120984,5:0.150134,6:0.352043,7:0.086322,14:0.290517","XMIN":700689.3903163396,"YMIN":8514865.037292942,"XMAX":700789.3903163396,"YMAX":8514965.037292942},"geometry":{"type":"Polygon","coordinates":[[[-73.14547291611767,-13.427211305774991],[-73.14547985774588,-13.42630754068505],[-73.14640313072807,-13.426314333706282],[-73.14639619255094,-13.427218099270016],[-73.14547291611767,-13.427211305774991]]]}},{"type":"Feature","properties":{"Cell_ID":130,"Area_ha":1.0,"LC":"3:0.028936,5:0.137494,7:0.012641,14:0.820930","XMIN":700689.3903163396,"YMIN":8514765.037292942,"XMAX":700789.3903163396,"YMAX":8514865.037292942},"geometry":{"type":"Polygon","coordinates":[[[-73.14546597397886,-13.428115070796718],[-73.14547291611767,-13.427211305774991],[-73.14639619255094,-13.427218099270016],[-73.14638925386343,-13.428121864765536],[-73.14546597397886,-13.428115070796718]]]}},{"type":"Feature","properties":{"Cell_ID":131,"Area_ha":1.0,"LC":"3:0.220490,7:0.077440,14:0.702070","XMIN":700689.3903163396,"YMIN":8514665.037292942,"XMAX":700789.3903163396,"YMAX":8514765.037292942},"geometry":{"type":"Polygon","coordinates":[[[-73.14545903132941,-13.429018835750233],[-73.14546597397886,-13.428115070796718],[-73.14638925386343,-13.428121864765536],[-73.14638231466556,-13.429025630192852],[-73.14545903132941,-13.429018835750233]]]}},{"type":"Feature","properties":{"Cell_ID":132,"Area_ha":1.0,"LC":"3:0.069483,9:0.623157,14:0.307359","XMIN":700689.3903163396,"YMIN":8514565.037292942,"XMAX":700789.3903163396,"YMAX":8514665.037292942},"geometry":{"type":"Polygon","coordinates":[[[-73.14545208816932,-13.429922600635528],[-73.14545903132941,-13.429018835750233],[-73.14638231466556,-13.429025630192852],[-73.14637537495729,-13.429929395551948],[-73.14545208816932,-13.429922600635528]]]}},{"type":"Feature","properties":{"Cell_ID":133,"Area_ha":1.0,"LC":"9:0.971064,14:0.028936","XMIN":700689.3903163396,"YMIN":8514465.037292942,"XMAX":700789.3903163396,"YMAX":8514565.037292942},"geometry":{"type":"Polygon","coordinates":[[[-73.1454451444986,-13.430826365452598],[-73.14545208816932,-13.429922600635528],[-73.14637537495729,-13.429929395551948],[-73.14636843473865,-13.430833160842818],[-73.1454451444986,-13.430826365452598]]]}},{"type":"Feature","properties":{"Cell_ID":134,"Area_ha":1.0,"LC":"9:0.980054,14:0.019946","XMIN":700689.3903163396,"YMIN":8514365.037292942,"XMAX":700789.3903163396,"YMAX":8514465.037292942},"geometry":{"type":"Polygon","coordinates":[[[-73.14543820031723,-13.431730130201437],[-73.1454451444986,-13.430826365452598],[-73.14636843473865,-13.430833160842818],[-73.14636149400962,-13.431736926065467],[-73.14543820031723,-13.431730130201437]]]}},{"type":"Feature","properties":{"Cell_ID":135,"Area_ha":1.0,"LC":"9:0.779946,13:0.220054","XMIN":700689.3903163396,"YMIN":8514265.037292942,"XMAX":700789.3903163396,"YMAX":8514365.037292942},"geometry":{"type":"Polygon","coordinates":[[[-73.1454312556252,-13.432633894882049],[-73.14543820031723,-13.431730130201437],[-73.14636149400962,-13.431736926065467],[-73.14635455277018,-13.432640691219888],[-73.1454312556252,-13.432633894882049]]]}},{"type":"Feature","properties":{"Cell_ID":136,"Area_ha":1.0,"LC":"9:0.662617,14:0.264688,18:0.072694","XMIN":700689.3903163396,"YMIN":8514165.037292942,"XMAX":700789.3903163396,"YMAX":8514265.037292942},"geometry":{"type":"Polygon","coordinates":[[[-73.14542431042251,-13.43353765949442],[-73.1454312556252,-13.432633894882049],[-73.14635455277018,-13.432640691219888],[-73.14634761102032,-13.433544456306073],[-73.14542431042251,-13.43353765949442]]]}},{"type":"Feature","properties":{"Cell_ID":137,"Area_ha":1.0,"LC":"3:0.019946,9:0.427356,14:0.175204,18:0.377494","XMIN":700689.3903163396,"YMIN":8514065.037292942,"XMAX":700789.3903163396,"YMAX":8514165.037292942},"geometry":{"type":"Polygon","coordinates":[[[-73.14541736470913,-13.434441424038544],[-73.14542431042251,-13.43353765949442],[-73.14634761102032,-13.433544456306073],[-73.14634066876005,-13.434448221324018],[-73.14541736470913,-13.434441424038544]]]}},{"type":"Feature","properties":{"Cell_ID":138,"Area_ha":1.0,"LC":"7:0.120436,9:0.725886,16:0.153678","XMIN":700689.3903163396,"YMIN":8513965.037292942,"XMAX":700789.3903163396,"YMAX":8514065.037292942},"geometry":{"type":"Polygon","coordinates":[[[-73.14541041848507,-13.43534518851443],[-73.14541736470913,-13.434441424038544],[-73.14634066876005,-13.434448221324018],[-73.14633372598932,-13.435351986273725],[-73.14541041848507,-13.43534518851443]]]}},{"type":"Feature","properties":{"Cell_ID":139,"Area_ha":1.0,"LC":"7:0.069483,16:0.600984,17:0.150027,18:0.179506","XMIN":700689.3903163396,"YMIN":8513865.037292942,"XMAX":700789.3903163396,"YMAX":8513965.037292942},"geometry":{"type":"Polygon","coordinates":[[[-73.1454034717503,-13.436248952922066],[-73.14541041848507,-13.43534518851443],[-73.14633372598932,-13.435351986273725],[-73.14632678270817,-13.436255751155182],[-73.1454034717503,-13.436248952922066]]]}},{"type":"Feature","properties":{"Cell_ID":140,"Area_ha":1.0,"LC":"9:0.021037,13:0.139946,16:0.455204,18:0.383812","XMIN":700689.3903163396,"YMIN":8513765.037292942,"XMAX":700789.3903163396,"YMAX":8513865.037292942},"geometry":{"type":"Polygon","coordinates":[[[-73.14539652450483,-13.437152717261446],[-73.1454034717503,-13.436248952922066],[-73.14632678270817,-13.436255751155182],[-73.14631983891657,-13.43715951596839],[-73.14539652450483,-13.437152717261446]]]}},{"type":"Feature","properties":{"Cell_ID":141,"Area_ha":1.0,"LC":"9:0.443543,18:0.556457","XMIN":700689.3903163396,"YMIN":8513665.037292942,"XMAX":700789.3903163396,"YMAX":8513765.037292942},"geometry":{"type":"Polygon","coordinates":[[[-73.14538957674866,-13.438056481532564],[-73.14539652450483,-13.437152717261446],[-73.14631983891657,-13.43715951596839],[-73.14631289461448,-13.438063280713342],[-73.14538957674866,-13.438056481532564]]]}},{"type":"Feature","properties":{"Cell_ID":142,"Area_ha":1.0,"LC":"9:0.645231,14:0.284195,18:0.070574","XMIN":700689.3903163396,"YMIN":8513565.037292942,"XMAX":700789.3903163396,"YMAX":8513665.037292942},"geometry":{"type":"Polygon","coordinates":[[[-73.14538262848176,-13.43896024573542],[-73.14538957674866,-13.438056481532564],[-73.14631289461448,-13.438063280713342],[-73.14630594980196,-13.438967045390035],[-73.14538262848176,-13.43896024573542]]]}},{"type":"Feature","properties":{"Cell_ID":143,"Area_ha":1.0,"LC":"5:0.344141,9:0.030027,14:0.625832","XMIN":700689.3903163396,"YMIN":8513465.037292942,"XMAX":700789.3903163396,"YMAX":8513565.037292942},"geometry":{"type":"Polygon","coordinates":[[[-73.14537567970413,-13.439864009870012],[-73.14538262848176,-13.43896024573542],[-73.14630594980196,-13.438967045390035],[-73.14629900447893,-13.439870809998462],[-73.14537567970413,-13.439864009870012]]]}},{"type":"Feature","properties":{"Cell_ID":144,"Area_ha":1.0,"LC":"5:0.485778,9:0.494276,14:0.019946","XMIN":700689.3903163396,"YMIN":8513365.037292942,"XMAX":700789.3903163396,"YMAX":8513465.037292942},"geometry":{"type":"Polygon","coordinates":[[[-73.14536873041574,-13.440767773936331],[-73.14537567970413,-13.439864009870012],[-73.14629900447893,-13.439870809998462],[-73.14629205864543,-13.440774574538622],[-73.14536873041574,-13.440767773936331]]]}},{"type":"Feature","properties":{"Cell_ID":145,"Area_ha":1.0,"LC":"5:0.087849,9:0.912151","XMIN":700689.3903163396,"YMIN":8513265.037292942,"XMAX":700789.3903163396,"YMAX":8513365.037292942},"geometry":{"type":"Polygon","coordinates":[[[-73.14536178061662,-13.441671537934372],[-73.14536873041574,-13.440767773936331],[-73.14629205864543,-13.440774574538622],[-73.14628511230144,-13.441678339010512],[-73.14536178061662,-13.441671537934372]]]}},{"type":"Feature","properties":{"Cell_ID":146,"Area_ha":1.0,"LC":"9:0.202667,16:0.471554,17:0.325778","XMIN":700789.3903163396,"YMIN":8515565.037292942,"XMAX":700889.3903163396,"YMAX":8515665.037292942},"geometry":{"type":"Polygon","coordinates":[[[-73.14459824502221,-13.420878155157844],[-73.14460518652565,-13.419974390064542],[-73.14552843484694,-13.419981183145902],[-73.14552149679277,-13.420884948713203],[-73.14459824502221,-13.420878155157844]]]}},{"type":"Feature","properties":{"Cell_ID":147,"Area_ha":1.0,"LC":"5:0.029480,9:0.702129,16:0.268392","XMIN":700789.3903163396,"YMIN":8515465.037292942,"XMAX":700889.3903163396,"YMAX":8515565.037292942},"geometry":{"type":"Polygon","coordinates":[[[-73.14459130300794,-13.421781920182955],[-73.14459824502221,-13.420878155157844],[-73.14552149679277,-13.420884948713203],[-73.14551455822806,-13.421788714212324],[-73.14459130300794,-13.421781920182955]]]}},{"type":"Feature","properties":{"Cell_ID":148,"Area_ha":1.0,"LC":"3:0.132748,5:0.394225,7:0.217823,9:0.255204","XMIN":700789.3903163396,"YMIN":8515365.037292942,"XMAX":700889.3903163396,"YMAX":8515465.037292942},"geometry":{"type":"Polygon","coordinates":[[[-73.14458436048287,-13.42268568513988],[-73.14459130300794,-13.421781920182955],[-73.14551455822806,-13.421788714212324],[-73.14550761915278,-13.422692479643256],[-73.14458436048287,-13.42268568513988]]]}},{"type":"Feature","properties":{"Cell_ID":149,"Area_ha":1.0,"LC":"3:0.060054,5:0.591011,7:0.348936","XMIN":700789.3903163396,"YMIN":8515265.037292942,"XMAX":700889.3903163396,"YMAX":8515365.037292942},"geometry":{"type":"Polygon","coordinates":[[[-73.14457741744698,-13.423589450028608],[-73.14458436048287,-13.42268568513988],[-73.14550761915278,-13.422692479643256],[-73.14550067956692,-13.423596245006001],[-73.14457741744698,-13.423589450028608]]]}},{"type":"Feature","properties":{"Cell_ID":150,"Area_ha":1.0,"LC":"3:0.166973,5:0.779946,7:0.023161,9:0.029919","XMIN":700789.3903163396,"YMIN":8515165.037292942,"XMAX":700889.3903163396,"YMAX":8515265.037292942},"geometry":{"type":"Polygon","coordinates":[[[-73.14457047390026,-13.424493214849146],[-73.14457741744698,-13.423589450028608],[-73.14550067956692,-13.423596245006001],[-73.14549373947051,-13.42450001030055],[-73.14457047390026,-13.424493214849146]]]}},{"type":"Feature","properties":{"Cell_ID":151,"Area_ha":1.0,"LC":"3:0.620601,5:0.365227,9:0.014172","XMIN":700789.3903163396,"YMIN":8515065.037292942,"XMAX":700889.3903163396,"YMAX":8515165.037292942},"geometry":{"type":"Polygon","coordinates":[[[-73.14456352984271,-13.425396979601475],[-73.14457047390026,-13.424493214849146],[-73.14549373947051,-13.42450001030055],[-73.1454867988635,-13.425403775526902],[-73.14456352984271,-13.425396979601475]]]}},{"type":"Feature","properties":{"Cell_ID":152,"Area_ha":1.0,"LC":"5:0.797333,9:0.202667","XMIN":700789.3903163396,"YMIN":8514965.037292942,"XMAX":700889.3903163396,"YMAX":8515065.037292942},"geometry":{"type":"Polygon","coordinates":[[[-73.1445565852743,-13.4263007442856],[-73.14456352984271,-13.425396979601475],[-73.1454867988635,-13.425403775526902],[-73.14547985774588,-13.42630754068505],[-73.1445565852743,-13.4263007442856]]]}},{"type":"Feature","properties":{"Cell_ID":153,"Area_ha":1.0,"LC":"3:0.060054,5:0.619946,9:0.320000","XMIN":700789.3903163396,"YMIN":8514865.037292942,"XMAX":700889.3903163396,"YMAX":8514965.037292942},"geometry":{"type":"Polygon","coordinates":[[[-73.14454964019504,-13.427204508901518],[-73.1445565852743,-13.4263007442856],[-73.14547985774588,-13.42630754068505],[-73.14547291611767,-13.427211305774991],[-73.14454964019504,-13.427204508901518]]]}},{"type":"Feature","properties":{"Cell_ID":154,"Area_ha":1.0,"LC":"5:0.922124,7:0.054715,9:0.023161","XMIN":700789.3903163396,"YMIN":8514765.037292942,"XMAX":700889.3903163396,"YMAX":8514865.037292942},"geometry":{"type":"Polygon","coordinates":[[[-73.1445426946049,-13.428108273449219],[-73.14454964019504,-13.427204508901518],[-73.14547291611767,-13.427211305774991],[-73.14546597397886,-13.428115070796718],[-73.1445426946049,-13.428108273449219]]]}},{"type":"Feature","properties":{"Cell_ID":155,"Area_ha":1.0,"LC":"3:0.004198,5:0.343812,7:0.535204,14:0.116785","XMIN":700789.3903163396,"YMIN":8514665.037292942,"XMAX":700889.3903163396,"YMAX":8514765.037292942},"geometry":{"type":"Polygon","coordinates":[[[-73.14453574850388,-13.4290120379287],[-73.1445426946049,-13.428108273449219],[-73.14546597397886,-13.428115070796718],[-73.14545903132941,-13.429018835750233],[-73.14453574850388,-13.4290120379287]]]}},{"type":"Feature","properties":{"Cell_ID":156,"Area_ha":1.0,"LC":"3:0.005775,5:0.670134,9:0.200984,14:0.123107","XMIN":700789.3903163396,"YMIN":8514565.037292942,"XMAX":700889.3903163396,"YMAX":8514665.037292942},"geometry":{"type":"Polygon","coordinates":[[[-73.144528801892,-13.429915802339957],[-73.14453574850388,-13.4290120379287],[-73.14545903132941,-13.429018835750233],[-73.14545208816932,-13.429922600635528],[-73.144528801892,-13.429915802339957]]]}},{"type":"Feature","properties":{"Cell_ID":157,"Area_ha":1.0,"LC":"5:0.573295,9:0.426705","XMIN":700789.3903163396,"YMIN":8514465.037292942,"XMAX":700889.3903163396,"YMAX":8514565.037292942},"geometry":{"type":"Polygon","coordinates":[[[-73.14452185476921,-13.430819566682981],[-73.144528801892,-13.429915802339957],[-73.14545208816932,-13.429922600635528],[-73.1454451444986,-13.430826365452598],[-73.14452185476921,-13.430819566682981]]]}},{"type":"Feature","properties":{"Cell_ID":158,"Area_ha":1.0,"LC":"5:0.143708,9:0.856292","XMIN":700789.3903163396,"YMIN":8514365.037292942,"XMAX":700889.3903163396,"YMAX":8514465.037292942},"geometry":{"type":"Polygon","coordinates":[[[-73.1445149071355,-13.431723330957782],[-73.14452185476921,-13.430819566682981],[-73.1454451444986,-13.430826365452598],[-73.14543820031723,-13.431730130201437],[-73.1445149071355,-13.431723330957782]]]}},{"type":"Feature","properties":{"Cell_ID":159,"Area_ha":1.0,"LC":"9:0.700054,13:0.299946","XMIN":700789.3903163396,"YMIN":8514265.037292942,"XMAX":700889.3903163396,"YMAX":8514365.037292942},"geometry":{"type":"Polygon","coordinates":[[[-73.14450795899089,-13.432627095164346],[-73.1445149071355,-13.431723330957782],[-73.14543820031723,-13.431730130201437],[-73.1454312556252,-13.432633894882049],[-73.14450795899089,-13.432627095164346]]]}},{"type":"Feature","properties":{"Cell_ID":160,"Area_ha":1.0,"LC":"7:0.029480,9:0.815859,18:0.154662","XMIN":700789.3903163396,"YMIN":8514165.037292942,"XMAX":700889.3903163396,"YMAX":8514265.037292942},"geometry":{"type":"Polygon","coordinates":[[[-73.14450101033536,-13.433530859302662],[-73.14450795899089,-13.432627095164346],[-73.1454312556252,-13.432633894882049],[-73.14542431042251,-13.43353765949442],[-73.14450101033536,-13.433530859302662]]]}},{"type":"Feature","properties":{"Cell_ID":161,"Area_ha":1.0,"LC":"7:0.180598,9:0.384252,18:0.435150","XMIN":700789.3903163396,"YMIN":8514065.037292942,"XMAX":700889.3903163396,"YMAX":8514165.037292942},"geometry":{"type":"Polygon","coordinates":[[[-73.1444940611689,-13.434434623372738],[-73.14450101033536,-13.433530859302662],[-73.14542431042251,-13.43353765949442],[-73.14541736470913,-13.434441424038544],[-73.1444940611689,-13.434434623372738]]]}},{"type":"Feature","properties":{"Cell_ID":162,"Area_ha":1.0,"LC":"7:0.964306,9:0.035694","XMIN":700789.3903163396,"YMIN":8513965.037292942,"XMAX":700889.3903163396,"YMAX":8514065.037292942},"geometry":{"type":"Polygon","coordinates":[[[-73.1444871114915,-13.435338387374568],[-73.1444940611689,-13.434434623372738],[-73.14541736470913,-13.434441424038544],[-73.14541041848507,-13.43534518851443],[-73.1444871114915,-13.435338387374568]]]}},{"type":"Feature","properties":{"Cell_ID":163,"Area_ha":1.0,"LC":"7:0.455859,16:0.059946,17:0.350027,18:0.134168","XMIN":700789.3903163396,"YMIN":8513865.037292942,"XMAX":700889.3903163396,"YMAX":8513965.037292942},"geometry":{"type":"Polygon","coordinates":[[[-73.14448016130314,-13.436242151308141],[-73.1444871114915,-13.435338387374568],[-73.14541041848507,-13.43534518851443],[-73.1454034717503,-13.436248952922066],[-73.14448016130314,-13.436242151308141]]]}},{"type":"Feature","properties":{"Cell_ID":164,"Area_ha":1.0,"LC":"7:0.193678,9:0.149480,18:0.656843","XMIN":700789.3903163396,"YMIN":8513765.037292942,"XMAX":700889.3903163396,"YMAX":8513865.037292942},"geometry":{"type":"Polygon","coordinates":[[[-73.14447321060383,-13.437145915173458],[-73.14448016130314,-13.436242151308141],[-73.1454034717503,-13.436248952922066],[-73.14539652450483,-13.437152717261446],[-73.14447321060383,-13.437145915173458]]]}},{"type":"Feature","properties":{"Cell_ID":165,"Area_ha":1.0,"LC":"7:0.566430,9:0.053188,18:0.380382","XMIN":700789.3903163396,"YMIN":8513665.037292942,"XMAX":700889.3903163396,"YMAX":8513765.037292942},"geometry":{"type":"Polygon","coordinates":[[[-73.14446625939355,-13.438049678970508],[-73.14447321060383,-13.437145915173458],[-73.14539652450483,-13.437152717261446],[-73.14538957674866,-13.438056481532564],[-73.14446625939355,-13.438049678970508]]]}},{"type":"Feature","properties":{"Cell_ID":166,"Area_ha":1.0,"LC":"9:0.563759,14:0.047849,18:0.388392","XMIN":700789.3903163396,"YMIN":8513565.037292942,"XMAX":700889.3903163396,"YMAX":8513665.037292942},"geometry":{"type":"Polygon","coordinates":[[[-73.14445930767229,-13.438953442699292],[-73.14446625939355,-13.438049678970508],[-73.14538957674866,-13.438056481532564],[-73.14538262848176,-13.43896024573542],[-73.14445930767229,-13.438953442699292]]]}},{"type":"Feature","properties":{"Cell_ID":167,"Area_ha":1.0,"LC":"5:0.084195,9:0.293735,14:0.622070","XMIN":700789.3903163396,"YMIN":8513465.037292942,"XMAX":700889.3903163396,"YMAX":8513565.037292942},"geometry":{"type":"Polygon","coordinates":[[[-73.14445235544005,-13.439857206359811],[-73.14445930767229,-13.438953442699292],[-73.14538262848176,-13.43896024573542],[-73.14537567970413,-13.439864009870012],[-73.14445235544005,-13.439857206359811]]]}},{"type":"Feature","properties":{"Cell_ID":168,"Area_ha":1.0,"LC":"5:0.425832,9:0.431011,13:0.143157","XMIN":700789.3903163396,"YMIN":8513365.037292942,"XMAX":700889.3903163396,"YMAX":8513465.037292942},"geometry":{"type":"Polygon","coordinates":[[[-73.1444454026968,-13.440760969952054],[-73.14445235544005,-13.439857206359811],[-73.14537567970413,-13.439864009870012],[-73.14536873041574,-13.440767773936331],[-73.1444454026968,-13.440760969952054]]]}},{"type":"Feature","properties":{"Cell_ID":169,"Area_ha":1.0,"LC":"5:0.050713,7:0.446096,17:0.414168","XMIN":700889.3903163396,"YMIN":8515665.037292942,"XMAX":700989.3903163396,"YMAX":8515765.037292942},"geometry":{"type":"Polygon","coordinates":[[[-73.14368193871513,-13.419967593606625],[-73.14368888315681,-13.419063828919382],[-73.1446121275183,-13.419070624903068],[-73.14460518652565,-13.419974390064542],[-73.14368193871513,-13.419967593606625]]]}},{"type":"Feature","properties":{"Cell_ID":170,"Area_ha":1.0,"LC":"9:0.634222,16:0.019946,17:0.345832","XMIN":700889.3903163396,"YMIN":8515565.037292942,"XMAX":700989.3903163396,"YMAX":8515665.037292942},"geometry":{"type":"Polygon","coordinates":[[[-73.14367499376242,-13.420871358225684],[-73.14368193871513,-13.419967593606625],[-73.14460518652565,-13.419974390064542],[-73.14459824502221,-13.420878155157844],[-73.14367499376242,-13.420871358225684]]]}},{"type":"Feature","properties":{"Cell_ID":171,"Area_ha":1.0,"LC":"3:0.033678,5:0.490624,9:0.475698","XMIN":700889.3903163396,"YMIN":8515465.037292942,"XMAX":700989.3903163396,"YMAX":8515565.037292942},"geometry":{"type":"Polygon","coordinates":[[[-73.14366804829865,-13.421775122776559],[-73.14367499376242,-13.420871358225684],[-73.14459824502221,-13.420878155157844],[-73.14459130300794,-13.421781920182955],[-73.14366804829865,-13.421775122776559]]]}},{"type":"Feature","properties":{"Cell_ID":172,"Area_ha":1.0,"LC":"3:0.860490,5:0.139510","XMIN":700889.3903163396,"YMIN":8515365.037292942,"XMAX":700989.3903163396,"YMAX":8515465.037292942},"geometry":{"type":"Polygon","coordinates":[[[-73.1436611023238,-13.422678887259236],[-73.14366804829865,-13.421775122776559],[-73.14459130300794,-13.421781920182955],[-73.14458436048287,-13.42268568513988],[-73.1436611023238,-13.422678887259236]]]}},{"type":"Feature","properties":{"Cell_ID":173,"Area_ha":1.0,"LC":"3:0.770081,5:0.229919","XMIN":700889.3903163396,"YMIN":8515265.037292942,"XMAX":700989.3903163396,"YMAX":8515365.037292942},"geometry":{"type":"Polygon","coordinates":[[[-73.14365415583788,-13.42358265167372],[-73.1436611023238,-13.422678887259236],[-73.14458436048287,-13.42268568513988],[-73.14457741744698,-13.423589450028608],[-73.14365415583788,-13.42358265167372]]]}},{"type":"Feature","properties":{"Cell_ID":174,"Area_ha":1.0,"LC":"3:1.000000","XMIN":700889.3903163396,"YMIN":8515165.037292942,"XMAX":700989.3903163396,"YMAX":8515265.037292942},"geometry":{"type":"Polygon","coordinates":[[[-73.14364720884087,-13.424486416020006],[-73.14365415583788,-13.42358265167372],[-73.14457741744698,-13.423589450028608],[-73.14457047390026,-13.424493214849146],[-73.14364720884087,-13.424486416020006]]]}},{"type":"Feature","properties":{"Cell_ID":175,"Area_ha":1.0,"LC":"3:0.178419,5:0.371501,9:0.450081","XMIN":700889.3903163396,"YMIN":8515065.037292942,"XMAX":700989.3903163396,"YMAX":8515165.037292942},"geometry":{"type":"Polygon","coordinates":[[[-73.14364026133278,-13.42539018029808],[-73.14364720884087,-13.424486416020006],[-73.14457047390026,-13.424493214849146],[-73.14456352984271,-13.425396979601475],[-73.14364026133278,-13.42539018029808]]]}},{"type":"Feature","properties":{"Cell_ID":176,"Area_ha":1.0,"LC":"3:0.047413,5:0.802667,9:0.149919","XMIN":700889.3903163396,"YMIN":8514965.037292942,"XMAX":700989.3903163396,"YMAX":8515065.037292942},"geometry":{"type":"Polygon","coordinates":[[[-73.14363331331357,-13.426293944507945],[-73.14364026133278,-13.42539018029808],[-73.14456352984271,-13.425396979601475],[-73.1445565852743,-13.4263007442856],[-73.14363331331357,-13.426293944507945]]]}},{"type":"Feature","properties":{"Cell_ID":177,"Area_ha":1.0,"LC":"3:0.590027,5:0.409973","XMIN":700889.3903163396,"YMIN":8514865.037292942,"XMAX":700989.3903163396,"YMAX":8514965.037292942},"geometry":{"type":"Polygon","coordinates":[[[-73.14362636478326,-13.427197708649599],[-73.14363331331357,-13.426293944507945],[-73.1445565852743,-13.4263007442856],[-73.14454964019504,-13.427204508901518],[-73.14362636478326,-13.427197708649599]]]}},{"type":"Feature","properties":{"Cell_ID":178,"Area_ha":1.0,"LC":"5:1.000000","XMIN":700889.3903163396,"YMIN":8514765.037292942,"XMAX":700989.3903163396,"YMAX":8514865.037292942},"geometry":{"type":"Polygon","coordinates":[[[-73.14361941574182,-13.428101472723036],[-73.14362636478326,-13.427197708649599],[-73.14454964019504,-13.427204508901518],[-73.1445426946049,-13.428108273449219],[-73.14361941574182,-13.428101472723036]]]}},{"type":"Feature","properties":{"Cell_ID":179,"Area_ha":1.0,"LC":"5:1.000000","XMIN":700889.3903163396,"YMIN":8514665.037292942,"XMAX":700989.3903163396,"YMAX":8514765.037292942},"geometry":{"type":"Polygon","coordinates":[[[-73.14361246618925,-13.42900523672825],[-73.14361941574182,-13.428101472723036],[-73.1445426946049,-13.428108273449219],[-73.14453574850388,-13.4290120379287],[-73.14361246618925,-13.42900523672825]]]}},{"type":"Feature","properties":{"Cell_ID":180,"Area_ha":1.0,"LC":"5:1.000000","XMIN":700889.3903163396,"YMIN":8514565.037292942,"XMAX":700989.3903163396,"YMAX":8514665.037292942},"geometry":{"type":"Polygon","coordinates":[[[-73.14360551612555,-13.429909000665234],[-73.14361246618925,-13.42900523672825],[-73.14453574850388,-13.4290120379287],[-73.144528801892,-13.429915802339957],[-73.14360551612555,-13.429909000665234]]]}},{"type":"Feature","properties":{"Cell_ID":181,"Area_ha":1.0,"LC":"5:1.000000","XMIN":700889.3903163396,"YMIN":8514465.037292942,"XMAX":700989.3903163396,"YMAX":8514565.037292942},"geometry":{"type":"Polygon","coordinates":[[[-73.14359856555069,-13.430812764533986],[-73.14360551612555,-13.429909000665234],[-73.144528801892,-13.429915802339957],[-73.14452185476921,-13.430819566682981],[-73.14359856555069,-13.430812764533986]]]}},{"type":"Feature","properties":{"Cell_ID":182,"Area_ha":1.0,"LC":"5:0.955909,9:0.044091","XMIN":700889.3903163396,"YMIN":8514365.037292942,"XMAX":700989.3903163396,"YMAX":8514465.037292942},"geometry":{"type":"Polygon","coordinates":[[[-73.14359161446468,-13.431716528334505],[-73.14359856555069,-13.430812764533986],[-73.14452185476921,-13.430819566682981],[-73.1445149071355,-13.431723330957782],[-73.14359161446468,-13.431716528334505]]]}},{"type":"Feature","properties":{"Cell_ID":183,"Area_ha":1.0,"LC":"5:0.762779,7:0.033678,9:0.203543","XMIN":700889.3903163396,"YMIN":8514265.037292942,"XMAX":700989.3903163396,"YMAX":8514365.037292942},"geometry":{"type":"Polygon","coordinates":[[[-73.14358466286751,-13.432620292066785],[-73.14359161446468,-13.431716528334505],[-73.1445149071355,-13.431723330957782],[-73.14450795899089,-13.432627095164346],[-73.14358466286751,-13.432620292066785]]]}},{"type":"Feature","properties":{"Cell_ID":184,"Area_ha":1.0,"LC":"5:0.166973,7:0.421037,9:0.411989","XMIN":700889.3903163396,"YMIN":8514165.037292942,"XMAX":700989.3903163396,"YMAX":8514265.037292942},"geometry":{"type":"Polygon","coordinates":[[[-73.14357771075916,-13.43352405573082],[-73.14358466286751,-13.432620292066785],[-73.14450795899089,-13.432627095164346],[-73.14450101033536,-13.433530859302662],[-73.14357771075916,-13.43352405573082]]]}},{"type":"Feature","properties":{"Cell_ID":185,"Area_ha":1.0,"LC":"5:0.180601,7:0.539402,9:0.279996","XMIN":700889.3903163396,"YMIN":8514065.037292942,"XMAX":700989.3903163396,"YMAX":8514165.037292942},"geometry":{"type":"Polygon","coordinates":[[[-73.1435707581396,-13.434427819326608],[-73.14357771075916,-13.43352405573082],[-73.14450101033536,-13.433530859302662],[-73.1444940611689,-13.434434623372738],[-73.1435707581396,-13.434427819326608]]]}},{"type":"Feature","properties":{"Cell_ID":186,"Area_ha":1.0,"LC":"7:0.300382,9:0.699618","XMIN":700889.3903163396,"YMIN":8513965.037292942,"XMAX":700989.3903163396,"YMAX":8514065.037292942},"geometry":{"type":"Polygon","coordinates":[[[-73.14356380500888,-13.435331582854142],[-73.1435707581396,-13.434427819326608],[-73.1444940611689,-13.434434623372738],[-73.1444871114915,-13.435338387374568],[-73.14356380500888,-13.435331582854142]]]}},{"type":"Feature","properties":{"Cell_ID":187,"Area_ha":1.0,"LC":"7:0.918469,9:0.040547,17:0.019946,18:0.021037","XMIN":700889.3903163396,"YMIN":8513865.037292942,"XMAX":700989.3903163396,"YMAX":8513965.037292942},"geometry":{"type":"Polygon","coordinates":[[[-73.14355685136694,-13.43623534631342],[-73.14356380500888,-13.435331582854142],[-73.1444871114915,-13.435338387374568],[-73.14448016130314,-13.436242151308141],[-73.14355685136694,-13.43623534631342]]]}},{"type":"Feature","properties":{"Cell_ID":188,"Area_ha":1.0,"LC":"5:0.012641,7:0.306923,9:0.157876,16:0.116893,18:0.405667","XMIN":700889.3903163396,"YMIN":8513765.037292942,"XMAX":700989.3903163396,"YMAX":8513865.037292942},"geometry":{"type":"Polygon","coordinates":[[[-73.14354989721379,-13.437139109704436],[-73.14355685136694,-13.43623534631342],[-73.14448016130314,-13.436242151308141],[-73.14447321060383,-13.437145915173458],[-73.14354989721379,-13.437139109704436]]]}},{"type":"Feature","properties":{"Cell_ID":189,"Area_ha":1.0,"LC":"5:0.150134,7:0.039892,9:0.763651,16:0.023161,18:0.023161","XMIN":700889.3903163396,"YMIN":8513665.037292942,"XMAX":700989.3903163396,"YMAX":8513765.037292942},"geometry":{"type":"Polygon","coordinates":[[[-73.14354294254942,-13.438042873027184],[-73.14354989721379,-13.437139109704436],[-73.14447321060383,-13.437145915173458],[-73.14446625939355,-13.438049678970508],[-73.14354294254942,-13.438042873027184]]]}},{"type":"Feature","properties":{"Cell_ID":190,"Area_ha":1.0,"LC":"5:0.047413,9:0.889429,13:0.063157","XMIN":700889.3903163396,"YMIN":8513565.037292942,"XMAX":700989.3903163396,"YMAX":8513665.037292942},"geometry":{"type":"Polygon","coordinates":[[[-73.14353598737381,-13.438946636281665],[-73.14354294254942,-13.438042873027184],[-73.14446625939355,-13.438049678970508],[-73.14445930767229,-13.438953442699292],[-73.14353598737381,-13.438946636281665]]]}},{"type":"Feature","properties":{"Cell_ID":191,"Area_ha":1.0,"LC":"5:0.094715,9:0.208882,13:0.676457,14:0.019946","XMIN":700889.3903163396,"YMIN":8513465.037292942,"XMAX":700989.3903163396,"YMAX":8513565.037292942},"geometry":{"type":"Polygon","coordinates":[[[-73.14352903168697,-13.439850399467874],[-73.14353598737381,-13.438946636281665],[-73.14445930767229,-13.438953442699292],[-73.14445235544005,-13.439857206359811],[-73.14352903168697,-13.439850399467874]]]}},{"type":"Feature","properties":{"Cell_ID":192,"Area_ha":1.0,"LC":"5:0.335204,9:0.099946,13:0.564850","XMIN":700889.3903163396,"YMIN":8513365.037292942,"XMAX":700989.3903163396,"YMAX":8513465.037292942},"geometry":{"type":"Polygon","coordinates":[[[-73.14352207548887,-13.440754162585801],[-73.14352903168697,-13.439850399467874],[-73.14445235544005,-13.439857206359811],[-73.1444454026968,-13.440760969952054],[-73.14352207548887,-13.440754162585801]]]}},{"type":"Feature","properties":{"Cell_ID":193,"Area_ha":1.0,"LC":"3:0.186979,5:0.005708,7:0.662388,17:0.094168","XMIN":700989.3903163396,"YMIN":8515665.037292942,"XMAX":701089.3903163396,"YMAX":8515765.037292942},"geometry":{"type":"Polygon","coordinates":[[[-73.1427586914157,-13.41996079377216],[-73.14276563930636,-13.419057029559387],[-73.14368888315681,-13.419063828919382],[-73.14368193871513,-13.419967593606625],[-73.1427586914157,-13.41996079377216]]]}},{"type":"Feature","properties":{"Cell_ID":194,"Area_ha":1.0,"LC":"9:0.264141,17:0.735859","XMIN":700989.3903163396,"YMIN":8515565.037292942,"XMAX":701089.3903163396,"YMAX":8515665.037292942},"geometry":{"type":"Polygon","coordinates":[[[-73.14275174301369,-13.42086455791675],[-73.1427586914157,-13.41996079377216],[-73.14368193871513,-13.419967593606625],[-73.14367499376242,-13.420871358225684],[-73.14275174301369,-13.42086455791675]]]}},{"type":"Feature","properties":{"Cell_ID":195,"Area_ha":1.0,"LC":"5:0.814168,9:0.185832","XMIN":700989.3903163396,"YMIN":8515465.037292942,"XMAX":701089.3903163396,"YMAX":8515565.037292942},"geometry":{"type":"Polygon","coordinates":[[[-73.14274479410041,-13.421768321993143],[-73.14275174301369,-13.42086455791675],[-73.14367499376242,-13.420871358225684],[-73.14366804829865,-13.421775122776559],[-73.14274479410041,-13.421768321993143]]]}},{"type":"Feature","properties":{"Cell_ID":196,"Area_ha":1.0,"LC":"3:0.227796,5:0.615859,6:0.156345","XMIN":700989.3903163396,"YMIN":8515365.037292942,"XMAX":701089.3903163396,"YMAX":8515465.037292942},"geometry":{"type":"Polygon","coordinates":[[[-73.14273784467579,-13.422672086001342],[-73.14274479410041,-13.421768321993143],[-73.14366804829865,-13.421775122776559],[-73.1436611023238,-13.422678887259236],[-73.14273784467579,-13.422672086001342]]]}},{"type":"Feature","properties":{"Cell_ID":197,"Area_ha":1.0,"LC":"3:0.509372,6:0.490628","XMIN":700989.3903163396,"YMIN":8515265.037292942,"XMAX":701089.3903163396,"YMAX":8515365.037292942},"geometry":{"type":"Polygon","coordinates":[[[-73.14273089473986,-13.423575849941342],[-73.14273784467579,-13.422672086001342],[-73.1436611023238,-13.422678887259236],[-73.14365415583788,-13.42358265167372],[-73.14273089473986,-13.423575849941342]]]}},{"type":"Feature","properties":{"Cell_ID":198,"Area_ha":1.0,"LC":"3:0.930520,6:0.023161,9:0.046318","XMIN":700989.3903163396,"YMIN":8515165.037292942,"XMAX":701089.3903163396,"YMAX":8515265.037292942},"geometry":{"type":"Polygon","coordinates":[[[-73.14272394429257,-13.424479613813137],[-73.14273089473986,-13.423575849941342],[-73.14365415583788,-13.42358265167372],[-73.14364720884087,-13.424486416020006],[-73.14272394429257,-13.424479613813137]]]}},{"type":"Feature","properties":{"Cell_ID":199,"Area_ha":1.0,"LC":"3:0.303161,5:0.063157,9:0.633682","XMIN":700989.3903163396,"YMIN":8515065.037292942,"XMAX":701089.3903163396,"YMAX":8515165.037292942},"geometry":{"type":"Polygon","coordinates":[[[-73.14271699333395,-13.425383377616724],[-73.14272394429257,-13.424479613813137],[-73.14364720884087,-13.424486416020006],[-73.14364026133278,-13.42539018029808],[-73.14271699333395,-13.425383377616724]]]}},{"type":"Feature","properties":{"Cell_ID":200,"Area_ha":1.0,"LC":"3:0.552147,5:0.447853","XMIN":700989.3903163396,"YMIN":8514965.037292942,"XMAX":701089.3903163396,"YMAX":8515065.037292942},"geometry":{"type":"Polygon","coordinates":[[[-73.14271004186396,-13.426287141352093],[-73.14271699333395,-13.425383377616724],[-73.14364026133278,-13.42539018029808],[-73.14363331331357,-13.426293944507945],[-73.14271004186396,-13.426287141352093]]]}},{"type":"Feature","properties":{"Cell_ID":201,"Area_ha":1.0,"LC":"3:0.956893,5:0.043107","XMIN":700989.3903163396,"YMIN":8514865.037292942,"XMAX":701089.3903163396,"YMAX":8514965.037292942},"geometry":{"type":"Polygon","coordinates":[[[-73.1427030898826,-13.427190905019252],[-73.14271004186396,-13.426287141352093],[-73.14363331331357,-13.426293944507945],[-73.14362636478326,-13.427197708649599],[-73.1427030898826,-13.427190905019252]]]}},{"type":"Feature","properties":{"Cell_ID":202,"Area_ha":1.0,"LC":"3:0.562779,5:0.437221","XMIN":700989.3903163396,"YMIN":8514765.037292942,"XMAX":701089.3903163396,"YMAX":8514865.037292942},"geometry":{"type":"Polygon","coordinates":[[[-73.14269613738988,-13.428094668618185],[-73.1427030898826,-13.427190905019252],[-73.14362636478326,-13.427197708649599],[-73.14361941574182,-13.428101472723036],[-73.14269613738988,-13.428094668618185]]]}},{"type":"Feature","properties":{"Cell_ID":203,"Area_ha":1.0,"LC":"3:0.390134,5:0.609866","XMIN":700989.3903163396,"YMIN":8514665.037292942,"XMAX":701089.3903163396,"YMAX":8514765.037292942},"geometry":{"type":"Polygon","coordinates":[[[-73.14268918438576,-13.428998432148894],[-73.14269613738988,-13.428094668618185],[-73.14361941574182,-13.428101472723036],[-73.14361246618925,-13.42900523672825],[-73.14268918438576,-13.428998432148894]]]}},{"type":"Feature","properties":{"Cell_ID":204,"Area_ha":1.0,"LC":"3:0.077440,5:0.922560","XMIN":700989.3903163396,"YMIN":8514565.037292942,"XMAX":701089.3903163396,"YMAX":8514665.037292942},"geometry":{"type":"Polygon","coordinates":[[[-73.14268223087026,-13.42990219561137],[-73.14268918438576,-13.428998432148894],[-73.14361246618925,-13.42900523672825],[-73.14360551612555,-13.429909000665234],[-73.14268223087026,-13.42990219561137]]]}},{"type":"Feature","properties":{"Cell_ID":205,"Area_ha":1.0,"LC":"3:0.513238,5:0.486762","XMIN":700989.3903163396,"YMIN":8514465.037292942,"XMAX":701089.3903163396,"YMAX":8514565.037292942},"geometry":{"type":"Polygon","coordinates":[[[-73.14267527684336,-13.430805959005612],[-73.14268223087026,-13.42990219561137],[-73.14360551612555,-13.429909000665234],[-73.14359856555069,-13.430812764533986],[-73.14267527684336,-13.430805959005612]]]}},{"type":"Feature","properties":{"Cell_ID":206,"Area_ha":1.0,"LC":"3:0.316896,5:0.683104","XMIN":700989.3903163396,"YMIN":8514365.037292942,"XMAX":701089.3903163396,"YMAX":8514465.037292942},"geometry":{"type":"Polygon","coordinates":[[[-73.14266832230504,-13.431709722331618],[-73.14267527684336,-13.430805959005612],[-73.14359856555069,-13.430812764533986],[-73.14359161446468,-13.431716528334505],[-73.14266832230504,-13.431709722331618]]]}},{"type":"Feature","properties":{"Cell_ID":207,"Area_ha":1.0,"LC":"5:1.000000","XMIN":700989.3903163396,"YMIN":8514265.037292942,"XMAX":701089.3903163396,"YMAX":8514365.037292942},"geometry":{"type":"Polygon","coordinates":[[[-73.1426613672553,-13.432613485589378],[-73.14266832230504,-13.431709722331618],[-73.14359161446468,-13.431716528334505],[-73.14358466286751,-13.432620292066785],[-73.1426613672553,-13.432613485589378]]]}},{"type":"Feature","properties":{"Cell_ID":208,"Area_ha":1.0,"LC":"5:1.000000","XMIN":700989.3903163396,"YMIN":8514165.037292942,"XMAX":701089.3903163396,"YMAX":8514265.037292942},"geometry":{"type":"Polygon","coordinates":[[[-73.14265441169412,-13.433517248778893],[-73.1426613672553,-13.432613485589378],[-73.14358466286751,-13.432620292066785],[-73.14357771075916,-13.43352405573082],[-73.14265441169412,-13.433517248778893]]]}},{"type":"Feature","properties":{"Cell_ID":209,"Area_ha":1.0,"LC":"5:0.799016,9:0.200984","XMIN":700989.3903163396,"YMIN":8514065.037292942,"XMAX":701089.3903163396,"YMAX":8514165.037292942},"geometry":{"type":"Polygon","coordinates":[[[-73.14264745562151,-13.434421011900154],[-73.14265441169412,-13.433517248778893],[-73.14357771075916,-13.43352405573082],[-73.1435707581396,-13.434427819326608],[-73.14264745562151,-13.434421011900154]]]}},{"type":"Feature","properties":{"Cell_ID":210,"Area_ha":1.0,"LC":"5:0.476457,9:0.523543","XMIN":700989.3903163396,"YMIN":8513965.037292942,"XMAX":701089.3903163396,"YMAX":8514065.037292942},"geometry":{"type":"Polygon","coordinates":[[[-73.14264049903747,-13.435324774953163],[-73.14264745562151,-13.434421011900154],[-73.1435707581396,-13.434427819326608],[-73.14356380500888,-13.435331582854142],[-73.14264049903747,-13.435324774953163]]]}},{"type":"Feature","properties":{"Cell_ID":211,"Area_ha":1.0,"LC":"5:0.150574,7:0.197769,9:0.305285,13:0.346372","XMIN":700989.3903163396,"YMIN":8513865.037292942,"XMAX":701089.3903163396,"YMAX":8513965.037292942},"geometry":{"type":"Polygon","coordinates":[[[-73.14263354194195,-13.436228537937907],[-73.14264049903747,-13.435324774953163],[-73.14356380500888,-13.435331582854142],[-73.14355685136694,-13.43623534631342],[-73.14263354194195,-13.436228537937907]]]}},{"type":"Feature","properties":{"Cell_ID":212,"Area_ha":1.0,"LC":"5:0.004198,7:0.312043,13:0.470134,16:0.213624","XMIN":700989.3903163396,"YMIN":8513765.037292942,"XMAX":701089.3903163396,"YMAX":8513865.037292942},"geometry":{"type":"Polygon","coordinates":[[[-73.14262658433498,-13.43713230085439],[-73.14263354194195,-13.436228537937907],[-73.14355685136694,-13.43623534631342],[-73.14354989721379,-13.437139109704436],[-73.14262658433498,-13.43713230085439]]]}},{"type":"Feature","properties":{"Cell_ID":213,"Area_ha":1.0,"LC":"5:0.226705,13:0.436457,16:0.336839","XMIN":700989.3903163396,"YMIN":8513665.037292942,"XMAX":701089.3903163396,"YMAX":8513765.037292942},"geometry":{"type":"Polygon","coordinates":[[[-73.14261962621651,-13.4380360637026],[-73.14262658433498,-13.43713230085439],[-73.14354989721379,-13.437139109704436],[-73.14354294254942,-13.438042873027184],[-73.14261962621651,-13.4380360637026]]]}},{"type":"Feature","properties":{"Cell_ID":214,"Area_ha":1.0,"LC":"5:0.358905,9:0.550027,13:0.021585,16:0.069483","XMIN":700989.3903163396,"YMIN":8513565.037292942,"XMAX":701089.3903163396,"YMAX":8513665.037292942},"geometry":{"type":"Polygon","coordinates":[[[-73.14261266758658,-13.438939826482537],[-73.14261962621651,-13.4380360637026],[-73.14354294254942,-13.438042873027184],[-73.14353598737381,-13.438946636281665],[-73.14261266758658,-13.438939826482537]]]}},{"type":"Feature","properties":{"Cell_ID":215,"Area_ha":1.0,"LC":"5:0.005729,7:0.530244,17:0.004198","XMIN":701089.3903163396,"YMIN":8515665.037292942,"XMAX":701189.3903163396,"YMAX":8515765.037292942},"geometry":{"type":"Polygon","coordinates":[[[-73.14183544462753,-13.419953990561153],[-73.14184239596722,-13.419050226823089],[-73.14276563930636,-13.419057029559387],[-73.1427586914157,-13.41996079377216],[-73.14183544462753,-13.419953990561153]]]}},{"type":"Feature","properties":{"Cell_ID":216,"Area_ha":1.0,"LC":"7:0.470138,9:0.004198,17:0.525664","XMIN":701089.3903163396,"YMIN":8515565.037292942,"XMAX":701189.3903163396,"YMAX":8515665.037292942},"geometry":{"type":"Polygon","coordinates":[[[-73.1418284927763,-13.420857754231035],[-73.14183544462753,-13.419953990561153],[-73.1427586914157,-13.41996079377216],[-73.14275174301369,-13.42086455791675],[-73.1418284927763,-13.420857754231035]]]}},{"type":"Feature","properties":{"Cell_ID":217,"Area_ha":1.0,"LC":"5:0.090957,9:0.548932,17:0.360111","XMIN":701089.3903163396,"YMIN":8515465.037292942,"XMAX":701189.3903163396,"YMAX":8515565.037292942},"geometry":{"type":"Polygon","coordinates":[[[-73.1418215404135,-13.421761517832719],[-73.1418284927763,-13.420857754231035],[-73.14275174301369,-13.42086455791675],[-73.14274479410041,-13.421768321993143],[-73.1418215404135,-13.421761517832719]]]}},{"type":"Feature","properties":{"Cell_ID":218,"Area_ha":1.0,"LC":"5:0.429372,6:0.014172,9:0.556457","XMIN":701089.3903163396,"YMIN":8515365.037292942,"XMAX":701189.3903163396,"YMAX":8515465.037292942},"geometry":{"type":"Polygon","coordinates":[[[-73.14181458753913,-13.422665281366198],[-73.1418215404135,-13.421761517832719],[-73.14274479410041,-13.421768321993143],[-73.14273784467579,-13.422672086001342],[-73.14181458753913,-13.422665281366198]]]}},{"type":"Feature","properties":{"Cell_ID":219,"Area_ha":1.0,"LC":"3:0.634222,5:0.229483,6:0.035694,9:0.100601","XMIN":701089.3903163396,"YMIN":8515265.037292942,"XMAX":701189.3903163396,"YMAX":8515365.037292942},"geometry":{"type":"Polygon","coordinates":[[[-73.14180763415317,-13.42356904483148],[-73.14181458753913,-13.422665281366198],[-73.14273784467579,-13.422672086001342],[-73.14273089473986,-13.423575849941342],[-73.14180763415317,-13.42356904483148]]]}},{"type":"Feature","properties":{"Cell_ID":220,"Area_ha":1.0,"LC":"3:0.915805,5:0.063157,9:0.021037","XMIN":701089.3903163396,"YMIN":8515165.037292942,"XMAX":701189.3903163396,"YMAX":8515265.037292942},"geometry":{"type":"Polygon","coordinates":[[[-73.14180068025563,-13.424472808228554],[-73.14180763415317,-13.42356904483148],[-73.14273089473986,-13.423575849941342],[-73.14272394429257,-13.424479613813137],[-73.14180068025563,-13.424472808228554]]]}},{"type":"Feature","properties":{"Cell_ID":221,"Area_ha":1.0,"LC":"3:0.279453,5:0.591665,9:0.128882","XMIN":701089.3903163396,"YMIN":8515065.037292942,"XMAX":701189.3903163396,"YMAX":8515165.037292942},"geometry":{"type":"Polygon","coordinates":[[[-73.14179372584647,-13.425376571557413],[-73.14180068025563,-13.424472808228554],[-73.14272394429257,-13.424479613813137],[-73.14271699333395,-13.425383377616724],[-73.14179372584647,-13.425376571557413]]]}},{"type":"Feature","properties":{"Cell_ID":222,"Area_ha":1.0,"LC":"3:0.714662,5:0.165231,14:0.120108","XMIN":701089.3903163396,"YMIN":8514965.037292942,"XMAX":701189.3903163396,"YMAX":8515065.037292942},"geometry":{"type":"Polygon","coordinates":[[[-73.1417867709257,-13.426280334818056],[-73.14179372584647,-13.425376571557413],[-73.14271699333395,-13.425383377616724],[-73.14271004186396,-13.426287141352093],[-73.1417867709257,-13.426280334818056]]]}},{"type":"Feature","properties":{"Cell_ID":223,"Area_ha":1.0,"LC":"3:1.000000","XMIN":701089.3903163396,"YMIN":8514865.037292942,"XMAX":701189.3903163396,"YMAX":8514965.037292942},"geometry":{"type":"Polygon","coordinates":[[[-73.14177981549334,-13.427184098010478],[-73.1417867709257,-13.426280334818056],[-73.14271004186396,-13.426287141352093],[-73.1427030898826,-13.427190905019252],[-73.14177981549334,-13.427184098010478]]]}},{"type":"Feature","properties":{"Cell_ID":224,"Area_ha":1.0,"LC":"3:1.000000","XMIN":701089.3903163396,"YMIN":8514765.037292942,"XMAX":701189.3903163396,"YMAX":8514865.037292942},"geometry":{"type":"Polygon","coordinates":[[[-73.14177285954932,-13.428087861134676],[-73.14177981549334,-13.427184098010478],[-73.1427030898826,-13.427190905019252],[-73.14269613738988,-13.428094668618185],[-73.14177285954932,-13.428087861134676]]]}},{"type":"Feature","properties":{"Cell_ID":225,"Area_ha":1.0,"LC":"3:0.836789,5:0.163211","XMIN":701089.3903163396,"YMIN":8514665.037292942,"XMAX":701189.3903163396,"YMAX":8514765.037292942},"geometry":{"type":"Polygon","coordinates":[[[-73.14176590309368,-13.428991624190644],[-73.14177285954932,-13.428087861134676],[-73.14269613738988,-13.428094668618185],[-73.14268918438576,-13.428998432148894],[-73.14176590309368,-13.428991624190644]]]}},{"type":"Feature","properties":{"Cell_ID":226,"Area_ha":1.0,"LC":"3:0.372093,5:0.627907","XMIN":701089.3903163396,"YMIN":8514565.037292942,"XMAX":701189.3903163396,"YMAX":8514665.037292942},"geometry":{"type":"Polygon","coordinates":[[[-73.14175894612637,-13.42989538717838],[-73.14176590309368,-13.428991624190644],[-73.14268918438576,-13.428998432148894],[-73.14268223087026,-13.42990219561137],[-73.14175894612637,-13.42989538717838]]]}},{"type":"Feature","properties":{"Cell_ID":227,"Area_ha":1.0,"LC":"3:0.927413,5:0.072587","XMIN":701089.3903163396,"YMIN":8514465.037292942,"XMAX":701189.3903163396,"YMAX":8514565.037292942},"geometry":{"type":"Polygon","coordinates":[[[-73.14175198864743,-13.430799150097874],[-73.14175894612637,-13.42989538717838],[-73.14268223087026,-13.42990219561137],[-73.14267527684336,-13.430805959005612],[-73.14175198864743,-13.430799150097874]]]}},{"type":"Feature","properties":{"Cell_ID":228,"Area_ha":1.0,"LC":"3:0.152151,5:0.847849","XMIN":701089.3903163396,"YMIN":8514365.037292942,"XMAX":701189.3903163396,"YMAX":8514465.037292942},"geometry":{"type":"Polygon","coordinates":[[[-73.14174503065682,-13.431702912949127],[-73.14175198864743,-13.430799150097874],[-73.14267527684336,-13.430805959005612],[-73.14266832230504,-13.431709722331618],[-73.14174503065682,-13.431702912949127]]]}},{"type":"Feature","properties":{"Cell_ID":229,"Area_ha":1.0,"LC":"3:0.017386,5:0.982614","XMIN":701089.3903163396,"YMIN":8514265.037292942,"XMAX":701189.3903163396,"YMAX":8514365.037292942},"geometry":{"type":"Polygon","coordinates":[[[-73.14173807215451,-13.432606675732139],[-73.14174503065682,-13.431702912949127],[-73.14266832230504,-13.431709722331618],[-73.1426613672553,-13.432613485589378],[-73.14173807215451,-13.432606675732139]]]}},{"type":"Feature","properties":{"Cell_ID":230,"Area_ha":1.0,"LC":"5:1.000000","XMIN":701089.3903163396,"YMIN":8514165.037292942,"XMAX":701189.3903163396,"YMAX":8514265.037292942},"geometry":{"type":"Polygon","coordinates":[[[-73.14173111314054,-13.433510438446893],[-73.14173807215451,-13.432606675732139],[-73.1426613672553,-13.432613485589378],[-73.14265441169412,-13.433517248778893],[-73.14173111314054,-13.433510438446893]]]}},{"type":"Feature","properties":{"Cell_ID":231,"Area_ha":1.0,"LC":"5:1.000000","XMIN":701089.3903163396,"YMIN":8514065.037292942,"XMAX":701189.3903163396,"YMAX":8514165.037292942},"geometry":{"type":"Polygon","coordinates":[[[-73.14172415361487,-13.434414201093396],[-73.14173111314054,-13.433510438446893],[-73.14265441169412,-13.433517248778893],[-73.14264745562151,-13.434421011900154],[-73.14172415361487,-13.434414201093396]]]}},{"type":"Feature","properties":{"Cell_ID":232,"Area_ha":1.0,"LC":"5:1.000000","XMIN":701089.3903163396,"YMIN":8513965.037292942,"XMAX":701189.3903163396,"YMAX":8514065.037292942},"geometry":{"type":"Polygon","coordinates":[[[-73.1417171935775,-13.435317963671638],[-73.14172415361487,-13.434414201093396],[-73.14264745562151,-13.434421011900154],[-73.14264049903747,-13.435324774953163],[-73.1417171935775,-13.435317963671638]]]}},{"type":"Feature","properties":{"Cell_ID":233,"Area_ha":1.0,"LC":"5:0.965882,9:0.009973,13:0.024145","XMIN":701089.3903163396,"YMIN":8513865.037292942,"XMAX":701189.3903163396,"YMAX":8513965.037292942},"geometry":{"type":"Polygon","coordinates":[[[-73.14171023302842,-13.43622172618162],[-73.1417171935775,-13.435317963671638],[-73.14264049903747,-13.435324774953163],[-73.14263354194195,-13.436228537937907],[-73.14171023302842,-13.43622172618162]]]}},{"type":"Feature","properties":{"Cell_ID":234,"Area_ha":1.0,"LC":"5:0.556457,13:0.443543","XMIN":701089.3903163396,"YMIN":8513765.037292942,"XMAX":701189.3903163396,"YMAX":8513865.037292942},"geometry":{"type":"Polygon","coordinates":[[[-73.14170327196763,-13.437125488623328],[-73.14171023302842,-13.43622172618162],[-73.14263354194195,-13.436228537937907],[-73.14262658433498,-13.43713230085439],[-73.14170327196763,-13.437125488623328]]]}},{"type":"Feature","properties":{"Cell_ID":235,"Area_ha":1.0,"LC":"5:0.063708,9:0.326426,13:0.609866","XMIN":701089.3903163396,"YMIN":8513665.037292942,"XMAX":701189.3903163396,"YMAX":8513765.037292942},"geometry":{"type":"Polygon","coordinates":[[[-73.14169631039509,-13.438029250996765],[-73.14170327196763,-13.437125488623328],[-73.14262658433498,-13.43713230085439],[-73.14261962621651,-13.4380360637026],[-73.14169631039509,-13.438029250996765]]]}},{"type":"Feature","properties":{"Cell_ID":236,"Area_ha":1.0,"LC":"5:0.037876,9:0.910027,13:0.052097","XMIN":701089.3903163396,"YMIN":8513565.037292942,"XMAX":701189.3903163396,"YMAX":8513665.037292942},"geometry":{"type":"Polygon","coordinates":[[[-73.14168934831083,-13.438933013301927],[-73.14169631039509,-13.438029250996765],[-73.14261962621651,-13.4380360637026],[-73.14261266758658,-13.438939826482537],[-73.14168934831083,-13.438933013301927]]]}},{"type":"Feature","properties":{"Cell_ID":237,"Area_ha":1.0,"LC":"5:0.182070,9:0.716349,13:0.101581","XMIN":701089.3903163396,"YMIN":8513465.037292942,"XMAX":701189.3903163396,"YMAX":8513565.037292942},"geometry":{"type":"Polygon","coordinates":[[[-73.14168238571482,-13.43983677553881],[-73.14168934831083,-13.438933013301927],[-73.14261266758658,-13.438939826482537],[-73.14260570844513,-13.439843589194203],[-73.14168238571482,-13.43983677553881]]]}},{"type":"Feature","properties":{"Cell_ID":238,"Area_ha":1.0,"LC":"3:0.059506,5:0.000362,7:0.555132,9:0.131576,17:0.054715","XMIN":701189.3903163396,"YMIN":8515565.037292942,"XMAX":701289.3903163396,"YMAX":8515665.037292942},"geometry":{"type":"Polygon","coordinates":[[[-73.14090524305045,-13.420850947168555],[-73.14091219835093,-13.41994718397362],[-73.14183544462753,-13.419953990561153],[-73.1418284927763,-13.420857754231035],[-73.14090524305045,-13.420850947168555]]]}},{"type":"Feature","properties":{"Cell_ID":239,"Area_ha":1.0,"LC":"3:0.100601,7:0.232694,9:0.031011,17:0.635694","XMIN":701189.3903163396,"YMIN":8515465.037292942,"XMAX":701289.3903163396,"YMAX":8515565.037292942},"geometry":{"type":"Polygon","coordinates":[[[-73.14089828723816,-13.42175471029529],[-73.14090524305045,-13.420850947168555],[-73.1418284927763,-13.420857754231035],[-73.1418215404135,-13.421761517832719],[-73.14089828723816,-13.42175471029529]]]}},{"type":"Feature","properties":{"Cell_ID":240,"Area_ha":1.0,"LC":"7:0.047413,9:0.420382,17:0.532204","XMIN":701189.3903163396,"YMIN":8515365.037292942,"XMAX":701289.3903163396,"YMAX":8515465.037292942},"geometry":{"type":"Polygon","coordinates":[[[-73.14089133091403,-13.42265847335382],[-73.14089828723816,-13.42175471029529],[-73.1418215404135,-13.421761517832719],[-73.14181458753913,-13.422665281366198],[-73.14089133091403,-13.42265847335382]]]}},{"type":"Feature","properties":{"Cell_ID":241,"Area_ha":1.0,"LC":"3:0.154662,9:0.767898,17:0.077440","XMIN":701189.3903163396,"YMIN":8515265.037292942,"XMAX":701289.3903163396,"YMAX":8515365.037292942},"geometry":{"type":"Polygon","coordinates":[[[-73.14088437407808,-13.423562236344145],[-73.14089133091403,-13.42265847335382],[-73.14181458753913,-13.422665281366198],[-73.14180763415317,-13.42356904483148],[-73.14088437407808,-13.423562236344145]]]}},{"type":"Feature","properties":{"Cell_ID":242,"Area_ha":1.0,"LC":"3:0.875258,5:0.084195,9:0.040547","XMIN":701189.3903163396,"YMIN":8515165.037292942,"XMAX":701289.3903163396,"YMAX":8515265.037292942},"geometry":{"type":"Polygon","coordinates":[[[-73.14087741673026,-13.42446599926626],[-73.14088437407808,-13.423562236344145],[-73.14180763415317,-13.42356904483148],[-73.14180068025563,-13.424472808228554],[-73.14087741673026,-13.42446599926626]]]}},{"type":"Feature","properties":{"Cell_ID":243,"Area_ha":1.0,"LC":"3:0.071011,5:0.739510,9:0.189480","XMIN":701189.3903163396,"YMIN":8515065.037292942,"XMAX":701289.3903163396,"YMAX":8515165.037292942},"geometry":{"type":"Polygon","coordinates":[[[-73.14087045887061,-13.425369762120157],[-73.14087741673026,-13.42446599926626],[-73.14180068025563,-13.424472808228554],[-73.14179372584647,-13.425376571557413],[-73.14087045887061,-13.425369762120157]]]}},{"type":"Feature","properties":{"Cell_ID":244,"Area_ha":1.0,"LC":"3:0.033134,5:0.046322,9:0.526973,14:0.393570","XMIN":701189.3903163396,"YMIN":8514965.037292942,"XMAX":701289.3903163396,"YMAX":8515065.037292942},"geometry":{"type":"Polygon","coordinates":[[[-73.14086350049908,-13.426273524905833],[-73.14087045887061,-13.425369762120157],[-73.14179372584647,-13.425376571557413],[-73.1417867709257,-13.426280334818056],[-73.14086350049908,-13.426273524905833]]]}},{"type":"Feature","properties":{"Cell_ID":245,"Area_ha":1.0,"LC":"3:0.557221,9:0.246430,14:0.196349","XMIN":701189.3903163396,"YMIN":8514865.037292942,"XMAX":701289.3903163396,"YMAX":8514965.037292942},"geometry":{"type":"Polygon","coordinates":[[[-73.14085654161568,-13.427177287623289],[-73.14086350049908,-13.426273524905833],[-73.1417867709257,-13.426280334818056],[-73.14177981549334,-13.427184098010478],[-73.14085654161568,-13.427177287623289]]]}},{"type":"Feature","properties":{"Cell_ID":246,"Area_ha":1.0,"LC":"3:0.948936,5:0.033678,9:0.017386","XMIN":701189.3903163396,"YMIN":8514765.037292942,"XMAX":701289.3903163396,"YMAX":8514865.037292942},"geometry":{"type":"Polygon","coordinates":[[[-73.1408495822204,-13.428081050272514],[-73.14085654161568,-13.427177287623289],[-73.14177981549334,-13.427184098010478],[-73.14177285954932,-13.428087861134676],[-73.1408495822204,-13.428081050272514]]]}},{"type":"Feature","properties":{"Cell_ID":247,"Area_ha":1.0,"LC":"3:0.229483,5:0.770517","XMIN":701189.3903163396,"YMIN":8514665.037292942,"XMAX":701289.3903163396,"YMAX":8514765.037292942},"geometry":{"type":"Polygon","coordinates":[[[-73.14084262231322,-13.42898481285351],[-73.1408495822204,-13.428081050272514],[-73.14177285954932,-13.428087861134676],[-73.14176590309368,-13.428991624190644],[-73.14084262231322,-13.42898481285351]]]}},{"type":"Feature","properties":{"Cell_ID":248,"Area_ha":1.0,"LC":"3:0.074662,5:0.925338","XMIN":701189.3903163396,"YMIN":8514565.037292942,"XMAX":701289.3903163396,"YMAX":8514665.037292942},"geometry":{"type":"Polygon","coordinates":[[[-73.14083566189416,-13.429888575366263],[-73.14084262231322,-13.42898481285351],[-73.14176590309368,-13.428991624190644],[-73.14175894612637,-13.42989538717838],[-73.14083566189416,-13.429888575366263]]]}},{"type":"Feature","properties":{"Cell_ID":249,"Area_ha":1.0,"LC":"3:0.889426,5:0.110574","XMIN":701189.3903163396,"YMIN":8514465.037292942,"XMAX":701289.3903163396,"YMAX":8514565.037292942},"geometry":{"type":"Polygon","coordinates":[[[-73.14082870096317,-13.430792337810779],[-73.14083566189416,-13.429888575366263],[-73.14175894612637,-13.42989538717838],[-73.14175198864743,-13.430799150097874],[-73.14082870096317,-13.430792337810779]]]}},{"type":"Feature","properties":{"Cell_ID":250,"Area_ha":1.0,"LC":"3:0.850520,5:0.149480","XMIN":701189.3903163396,"YMIN":8514365.037292942,"XMAX":701289.3903163396,"YMAX":8514465.037292942},"geometry":{"type":"Polygon","coordinates":[[[-73.14082173952025,-13.431696100187045],[-73.14082870096317,-13.430792337810779],[-73.14175198864743,-13.430799150097874],[-73.14174503065682,-13.431702912949127],[-73.14082173952025,-13.431696100187045]]]}},{"type":"Feature","properties":{"Cell_ID":251,"Area_ha":1.0,"LC":"3:0.235258,5:0.764742","XMIN":701189.3903163396,"YMIN":8514265.037292942,"XMAX":701289.3903163396,"YMAX":8514365.037292942},"geometry":{"type":"Polygon","coordinates":[[[-73.14081477756542,-13.432599862495065],[-73.14082173952025,-13.431696100187045],[-73.14174503065682,-13.431702912949127],[-73.14173807215451,-13.432606675732139],[-73.14081477756542,-13.432599862495065]]]}},{"type":"Feature","properties":{"Cell_ID":252,"Area_ha":1.0,"LC":"5:1.000000","XMIN":701189.3903163396,"YMIN":8514165.037292942,"XMAX":701289.3903163396,"YMAX":8514265.037292942},"geometry":{"type":"Polygon","coordinates":[[[-73.14080781509865,-13.43350362473483],[-73.14081477756542,-13.432599862495065],[-73.14173807215451,-13.432606675732139],[-73.14173111314054,-13.433510438446893],[-73.14080781509865,-13.43350362473483]]]}},{"type":"Feature","properties":{"Cell_ID":253,"Area_ha":1.0,"LC":"3:0.102721,5:0.897279","XMIN":701189.3903163396,"YMIN":8514065.037292942,"XMAX":701289.3903163396,"YMAX":8514165.037292942},"geometry":{"type":"Polygon","coordinates":[[[-73.14080085211994,-13.434407386906337],[-73.14080781509865,-13.43350362473483],[-73.14173111314054,-13.433510438446893],[-73.14172415361487,-13.434414201093396],[-73.14080085211994,-13.434407386906337]]]}},{"type":"Feature","properties":{"Cell_ID":254,"Area_ha":1.0,"LC":"3:0.017386,5:0.982614","XMIN":701189.3903163396,"YMIN":8513965.037292942,"XMAX":701289.3903163396,"YMAX":8514065.037292942},"geometry":{"type":"Polygon","coordinates":[[[-73.14079388862926,-13.43531114900958],[-73.14080085211994,-13.434407386906337],[-73.14172415361487,-13.434414201093396],[-73.1417171935775,-13.435317963671638],[-73.14079388862926,-13.43531114900958]]]}},{"type":"Feature","properties":{"Cell_ID":255,"Area_ha":1.0,"LC":"5:1.000000","XMIN":701189.3903163396,"YMIN":8513865.037292942,"XMAX":701289.3903163396,"YMAX":8513965.037292942},"geometry":{"type":"Polygon","coordinates":[[[-73.14078692462661,-13.436214911044555],[-73.14079388862926,-13.43531114900958],[-73.1417171935775,-13.435317963671638],[-73.14171023302842,-13.43622172618162],[-73.14078692462661,-13.436214911044555]]]}},{"type":"Feature","properties":{"Cell_ID":256,"Area_ha":1.0,"LC":"5:0.636789,9:0.363211","XMIN":701189.3903163396,"YMIN":8513765.037292942,"XMAX":701289.3903163396,"YMAX":8513865.037292942},"geometry":{"type":"Polygon","coordinates":[[[-73.14077996011201,-13.43711867301126],[-73.14078692462661,-13.436214911044555],[-73.14171023302842,-13.43622172618162],[-73.14170327196763,-13.437125488623328],[-73.14077996011201,-13.43711867301126]]]}},{"type":"Feature","properties":{"Cell_ID":257,"Area_ha":1.0,"LC":"5:0.505281,9:0.494719","XMIN":701189.3903163396,"YMIN":8513665.037292942,"XMAX":701289.3903163396,"YMAX":8513765.037292942},"geometry":{"type":"Polygon","coordinates":[[[-73.14077299508541,-13.438022434909689],[-73.14077996011201,-13.43711867301126],[-73.14170327196763,-13.437125488623328],[-73.14169631039509,-13.438029250996765],[-73.14077299508541,-13.438022434909689]]]}},{"type":"Feature","properties":{"Cell_ID":258,"Area_ha":1.0,"LC":"5:0.203762,9:0.529866,13:0.266372","XMIN":701189.3903163396,"YMIN":8513565.037292942,"XMAX":701289.3903163396,"YMAX":8513665.037292942},"geometry":{"type":"Polygon","coordinates":[[[-73.14076602954682,-13.438926196739835],[-73.14077299508541,-13.438022434909689],[-73.14169631039509,-13.438029250996765],[-73.14168934831083,-13.438933013301927],[-73.14076602954682,-13.438926196739835]]]}},{"type":"Feature","properties":{"Cell_ID":259,"Area_ha":1.0,"LC":"9:0.136731,13:0.863269","XMIN":701189.3903163396,"YMIN":8513465.037292942,"XMAX":701289.3903163396,"YMAX":8513565.037292942},"geometry":{"type":"Polygon","coordinates":[[[-73.14075906349623,-13.439829958501704],[-73.14076602954682,-13.438926196739835],[-73.14168934831083,-13.438933013301927],[-73.14168238571482,-13.43983677553881],[-73.14075906349623,-13.439829958501704]]]}},{"type":"Feature","properties":{"Cell_ID":260,"Area_ha":1.0,"LC":"3:0.488704,7:0.097361,14:0.035431","XMIN":701289.3903163396,"YMIN":8515465.037292942,"XMAX":701389.3903163396,"YMAX":8515565.037292942},"geometry":{"type":"Polygon","coordinates":[[[-73.13997503457465,-13.421747899380868],[-73.13998199383643,-13.420844136729318],[-73.14090524305045,-13.420850947168555],[-73.14089828723816,-13.42175471029529],[-73.13997503457465,-13.421747899380868]]]}},{"type":"Feature","properties":{"Cell_ID":261,"Area_ha":1.0,"LC":"7:0.850034,17:0.147796","XMIN":701289.3903163396,"YMIN":8515365.037292942,"XMAX":701389.3903163396,"YMAX":8515465.037292942},"geometry":{"type":"Polygon","coordinates":[[[-73.13996807480079,-13.422651661964212],[-73.13997503457465,-13.421747899380868],[-73.14089828723816,-13.42175471029529],[-73.14089133091403,-13.42265847335382],[-73.13996807480079,-13.422651661964212]]]}},{"type":"Feature","properties":{"Cell_ID":262,"Area_ha":1.0,"LC":"7:0.203762,9:0.080984,17:0.715254","XMIN":701289.3903163396,"YMIN":8515265.037292942,"XMAX":701389.3903163396,"YMAX":8515365.037292942},"geometry":{"type":"Polygon","coordinates":[[[-73.13996111451483,-13.423555424479346],[-73.13996807480079,-13.422651661964212],[-73.14089133091403,-13.42265847335382],[-73.14088437407808,-13.423562236344145],[-73.13996111451483,-13.423555424479346]]]}},{"type":"Feature","properties":{"Cell_ID":263,"Area_ha":1.0,"LC":"3:0.273570,5:0.004198,9:0.302614,17:0.419618","XMIN":701289.3903163396,"YMIN":8515165.037292942,"XMAX":701389.3903163396,"YMAX":8515265.037292942},"geometry":{"type":"Polygon","coordinates":[[[-73.13995415371677,-13.424459186926267],[-73.13996111451483,-13.423555424479346],[-73.14088437407808,-13.423562236344145],[-73.14087741673026,-13.42446599926626],[-73.13995415371677,-13.424459186926267]]]}},{"type":"Feature","properties":{"Cell_ID":264,"Area_ha":1.0,"LC":"3:0.503161,5:0.045667,9:0.373732,17:0.077440","XMIN":701289.3903163396,"YMIN":8515065.037292942,"XMAX":701389.3903163396,"YMAX":8515165.037292942},"geometry":{"type":"Polygon","coordinates":[[[-73.13994719240661,-13.425362949304969],[-73.13995415371677,-13.424459186926267],[-73.14087741673026,-13.42446599926626],[-73.14087045887061,-13.425369762120157],[-73.13994719240661,-13.425362949304969]]]}},{"type":"Feature","properties":{"Cell_ID":265,"Area_ha":1.0,"LC":"3:0.103161,9:0.753682,14:0.143157","XMIN":701289.3903163396,"YMIN":8514965.037292942,"XMAX":701389.3903163396,"YMAX":8515065.037292942},"geometry":{"type":"Polygon","coordinates":[[[-73.13994023058432,-13.426266711615442],[-73.13994719240661,-13.425362949304969],[-73.14087045887061,-13.425369762120157],[-73.14086350049908,-13.426273524905833],[-73.13994023058432,-13.426266711615442]]]}},{"type":"Feature","properties":{"Cell_ID":266,"Area_ha":1.0,"LC":"9:0.713131,14:0.286869","XMIN":701289.3903163396,"YMIN":8514865.037292942,"XMAX":701389.3903163396,"YMAX":8514965.037292942},"geometry":{"type":"Polygon","coordinates":[[[-73.1399332682499,-13.427170473857695],[-73.13994023058432,-13.426266711615442],[-73.14086350049908,-13.426273524905833],[-73.14085654161568,-13.427177287623289],[-73.1399332682499,-13.427170473857695]]]}},{"type":"Feature","properties":{"Cell_ID":267,"Area_ha":1.0,"LC":"3:0.420930,5:0.173184,9:0.405886","XMIN":701289.3903163396,"YMIN":8514765.037292942,"XMAX":701389.3903163396,"YMAX":8514865.037292942},"geometry":{"type":"Polygon","coordinates":[[[-73.13992630540336,-13.428074236031712],[-73.1399332682499,-13.427170473857695],[-73.14085654161568,-13.427177287623289],[-73.1408495822204,-13.428081050272514],[-73.13992630540336,-13.428074236031712]]]}},{"type":"Feature","properties":{"Cell_ID":268,"Area_ha":1.0,"LC":"3:0.356238,5:0.613735,9:0.030027","XMIN":701289.3903163396,"YMIN":8514665.037292942,"XMAX":701389.3903163396,"YMAX":8514765.037292942},"geometry":{"type":"Polygon","coordinates":[[[-73.13991934204468,-13.428977998137496],[-73.13992630540336,-13.428074236031712],[-73.1408495822204,-13.428081050272514],[-73.14084262231322,-13.42898481285351],[-73.13991934204468,-13.428977998137496]]]}},{"type":"Feature","properties":{"Cell_ID":269,"Area_ha":1.0,"LC":"3:0.532644,5:0.237333,9:0.230023","XMIN":701289.3903163396,"YMIN":8514565.037292942,"XMAX":701389.3903163396,"YMAX":8514665.037292942},"geometry":{"type":"Polygon","coordinates":[[[-73.13991237817383,-13.429881760175038],[-73.13991934204468,-13.428977998137496],[-73.14084262231322,-13.42898481285351],[-73.14083566189416,-13.429888575366263],[-73.13991237817383,-13.429881760175038]]]}},{"type":"Feature","properties":{"Cell_ID":270,"Area_ha":1.0,"LC":"3:0.467796,5:0.162120,9:0.370084","XMIN":701289.3903163396,"YMIN":8514465.037292942,"XMAX":701389.3903163396,"YMAX":8514565.037292942},"geometry":{"type":"Polygon","coordinates":[[[-73.13990541379083,-13.43078552214433],[-73.13991237817383,-13.429881760175038],[-73.14083566189416,-13.429888575366263],[-73.14082870096317,-13.430792337810779],[-73.13990541379083,-13.43078552214433]]]}},{"type":"Feature","properties":{"Cell_ID":271,"Area_ha":1.0,"LC":"3:0.072043,5:0.927957","XMIN":701289.3903163396,"YMIN":8514365.037292942,"XMAX":701389.3903163396,"YMAX":8514465.037292942},"geometry":{"type":"Polygon","coordinates":[[[-73.13989844889564,-13.43168928404538],[-73.13990541379083,-13.43078552214433],[-73.14082870096317,-13.430792337810779],[-73.14082173952025,-13.431696100187045],[-73.13989844889564,-13.43168928404538]]]}},{"type":"Feature","properties":{"Cell_ID":272,"Area_ha":1.0,"LC":"5:1.000000","XMIN":701289.3903163396,"YMIN":8514265.037292942,"XMAX":701389.3903163396,"YMAX":8514365.037292942},"geometry":{"type":"Polygon","coordinates":[[[-73.13989148348827,-13.432593045878173],[-73.13989844889564,-13.43168928404538],[-73.14082173952025,-13.431696100187045],[-73.14081477756542,-13.432599862495065],[-73.13989148348827,-13.432593045878173]]]}},{"type":"Feature","properties":{"Cell_ID":273,"Area_ha":1.0,"LC":"5:1.000000","XMIN":701289.3903163396,"YMIN":8514165.037292942,"XMAX":701389.3903163396,"YMAX":8514265.037292942},"geometry":{"type":"Polygon","coordinates":[[[-73.1398845175687,-13.433496807642712],[-73.13989148348827,-13.432593045878173],[-73.14081477756542,-13.432599862495065],[-73.14080781509865,-13.43350362473483],[-73.1398845175687,-13.433496807642712]]]}},{"type":"Feature","properties":{"Cell_ID":274,"Area_ha":1.0,"LC":"3:0.484635,5:0.515365","XMIN":701289.3903163396,"YMIN":8514065.037292942,"XMAX":701389.3903163396,"YMAX":8514165.037292942},"geometry":{"type":"Polygon","coordinates":[[[-73.13987755113695,-13.434400569338985],[-73.1398845175687,-13.433496807642712],[-73.14080781509865,-13.43350362473483],[-73.14080085211994,-13.434407386906337],[-73.13987755113695,-13.434400569338985]]]}},{"type":"Feature","properties":{"Cell_ID":275,"Area_ha":1.0,"LC":"3:0.075258,5:0.924742","XMIN":701289.3903163396,"YMIN":8513965.037292942,"XMAX":701389.3903163396,"YMAX":8514065.037292942},"geometry":{"type":"Polygon","coordinates":[[[-73.13987058419299,-13.435304330966993],[-73.13987755113695,-13.434400569338985],[-73.14080085211994,-13.434407386906337],[-73.14079388862926,-13.43531114900958],[-73.13987058419299,-13.435304330966993]]]}},{"type":"Feature","properties":{"Cell_ID":276,"Area_ha":1.0,"LC":"3:0.340050,5:0.659950","XMIN":701289.3903163396,"YMIN":8513865.037292942,"XMAX":701389.3903163396,"YMAX":8513965.037292942},"geometry":{"type":"Polygon","coordinates":[[[-73.1398636167368,-13.43620809252673],[-73.13987058419299,-13.435304330966993],[-73.14079388862926,-13.43531114900958],[-73.14078692462661,-13.436214911044555],[-73.1398636167368,-13.43620809252673]]]}},{"type":"Feature","properties":{"Cell_ID":277,"Area_ha":1.0,"LC":"3:0.110030,5:0.688986,9:0.200984","XMIN":701289.3903163396,"YMIN":8513765.037292942,"XMAX":701389.3903163396,"YMAX":8513865.037292942},"geometry":{"type":"Polygon","coordinates":[[[-73.13985664876839,-13.437111854018193],[-73.1398636167368,-13.43620809252673],[-73.14078692462661,-13.436214911044555],[-73.14077996011201,-13.43711867301126],[-73.13985664876839,-13.437111854018193]]]}},{"type":"Feature","properties":{"Cell_ID":278,"Area_ha":1.0,"LC":"5:0.608397,9:0.391603","XMIN":701289.3903163396,"YMIN":8513665.037292942,"XMAX":701389.3903163396,"YMAX":8513765.037292942},"geometry":{"type":"Polygon","coordinates":[[[-73.13984968028772,-13.438015615441376],[-73.13985664876839,-13.437111854018193],[-73.14077996011201,-13.43711867301126],[-73.14077299508541,-13.438022434909689],[-73.13984968028772,-13.438015615441376]]]}},{"type":"Feature","properties":{"Cell_ID":279,"Area_ha":1.0,"LC":"5:0.518365,9:0.063705,13:0.417930","XMIN":701289.3903163396,"YMIN":8513565.037292942,"XMAX":701389.3903163396,"YMAX":8513665.037292942},"geometry":{"type":"Polygon","coordinates":[[[-73.13984271129482,-13.438919376796276],[-73.13984968028772,-13.438015615441376],[-73.14077299508541,-13.438022434909689],[-73.14076602954682,-13.438926196739835],[-73.13984271129482,-13.438919376796276]]]}},{"type":"Feature","properties":{"Cell_ID":280,"Area_ha":1.0,"LC":"9:0.173735,13:0.826265","XMIN":701289.3903163396,"YMIN":8513465.037292942,"XMAX":701389.3903163396,"YMAX":8513565.037292942},"geometry":{"type":"Polygon","coordinates":[[[-73.13983574178968,-13.439823138082888],[-73.13984271129482,-13.438919376796276],[-73.14076602954682,-13.438926196739835],[-73.14075906349623,-13.439829958501704],[-73.13983574178968,-13.439823138082888]]]}},{"type":"Feature","properties":{"Cell_ID":281,"Area_ha":1.0,"LC":"3:0.225240,7:0.312043,9:0.016839,17:0.040984,18:0.033880","XMIN":701389.3903163396,"YMIN":8515265.037292942,"XMAX":701489.3903163396,"YMAX":8515365.037292942},"geometry":{"type":"Polygon","coordinates":[[[-73.13903785546368,-13.423548609237091],[-73.13904481919963,-13.422644847197384],[-73.13996807480079,-13.422651661964212],[-73.13996111451483,-13.423555424479346],[-73.13903785546368,-13.423548609237091]]]}},{"type":"Feature","properties":{"Cell_ID":282,"Area_ha":1.0,"LC":"3:0.054899,9:0.274217,17:0.523543","XMIN":701389.3903163396,"YMIN":8515165.037292942,"XMAX":701489.3903163396,"YMAX":8515265.037292942},"geometry":{"type":"Polygon","coordinates":[[[-73.13903089121538,-13.42445237120858],[-73.13903785546368,-13.423548609237091],[-73.13996111451483,-13.423555424479346],[-73.13995415371677,-13.424459186926267],[-73.13903089121538,-13.42445237120858]]]}},{"type":"Feature","properties":{"Cell_ID":283,"Area_ha":1.0,"LC":"7:0.096839,9:0.266610,17:0.625721","XMIN":701389.3903163396,"YMIN":8515065.037292942,"XMAX":701489.3903163396,"YMAX":8515165.037292942},"geometry":{"type":"Polygon","coordinates":[[[-73.13902392645473,-13.42535613311185],[-73.13903089121538,-13.42445237120858],[-73.13995415371677,-13.424459186926267],[-73.13994719240661,-13.425362949304969],[-73.13902392645473,-13.42535613311185]]]}},{"type":"Feature","properties":{"Cell_ID":284,"Area_ha":1.0,"LC":"7:0.332748,9:0.063053,14:0.004198,17:0.600000","XMIN":701389.3903163396,"YMIN":8514965.037292942,"XMAX":701489.3903163396,"YMAX":8515065.037292942},"geometry":{"type":"Polygon","coordinates":[[[-73.1390169611817,-13.42625989494689],[-73.13902392645473,-13.42535613311185],[-73.13994719240661,-13.425362949304969],[-73.13994023058432,-13.426266711615442],[-73.1390169611817,-13.42625989494689]]]}},{"type":"Feature","properties":{"Cell_ID":285,"Area_ha":1.0,"LC":"7:0.213295,9:0.170957,14:0.015748,17:0.600000","XMIN":701389.3903163396,"YMIN":8514865.037292942,"XMAX":701489.3903163396,"YMAX":8514965.037292942},"geometry":{"type":"Polygon","coordinates":[[[-73.13900999539628,-13.427163656713699],[-73.1390169611817,-13.42625989494689],[-73.13994023058432,-13.426266711615442],[-73.1399332682499,-13.427170473857695],[-73.13900999539628,-13.427163656713699]]]}},{"type":"Feature","properties":{"Cell_ID":286,"Area_ha":1.0,"LC":"5:0.094172,7:0.157440,9:0.172533,17:0.575855","XMIN":701389.3903163396,"YMIN":8514765.037292942,"XMAX":701489.3903163396,"YMAX":8514865.037292942},"geometry":{"type":"Polygon","coordinates":[[[-73.13900302909848,-13.428067418412276],[-73.13900999539628,-13.427163656713699],[-73.1399332682499,-13.427170473857695],[-73.13992630540336,-13.428074236031712],[-73.13900302909848,-13.428067418412276]]]}},{"type":"Feature","properties":{"Cell_ID":287,"Area_ha":1.0,"LC":"5:0.039892,9:0.546812,17:0.413295","XMIN":701389.3903163396,"YMIN":8514665.037292942,"XMAX":701489.3903163396,"YMAX":8514765.037292942},"geometry":{"type":"Polygon","coordinates":[[[-73.13899606228829,-13.42897118004261],[-73.13900302909848,-13.428067418412276],[-73.13992630540336,-13.428074236031712],[-73.13991934204468,-13.428977998137496],[-73.13899606228829,-13.42897118004261]]]}},{"type":"Feature","properties":{"Cell_ID":288,"Area_ha":1.0,"LC":"5:0.095200,9:0.724198,17:0.180601","XMIN":701389.3903163396,"YMIN":8514565.037292942,"XMAX":701489.3903163396,"YMAX":8514665.037292942},"geometry":{"type":"Polygon","coordinates":[[[-73.13898909496568,-13.429874941604703],[-73.13899606228829,-13.42897118004261],[-73.13991934204468,-13.428977998137496],[-73.13991237817383,-13.429881760175038],[-73.13898909496568,-13.429874941604703]]]}},{"type":"Feature","properties":{"Cell_ID":289,"Area_ha":1.0,"LC":"3:0.067356,5:0.314773,9:0.617871","XMIN":701389.3903163396,"YMIN":8514465.037292942,"XMAX":701489.3903163396,"YMAX":8514565.037292942},"geometry":{"type":"Polygon","coordinates":[[[-73.13898212713065,-13.430778703098545],[-73.13898909496568,-13.429874941604703],[-73.13991237817383,-13.429881760175038],[-73.13990541379083,-13.43078552214433],[-73.13898212713065,-13.430778703098545]]]}},{"type":"Feature","properties":{"Cell_ID":290,"Area_ha":1.0,"LC":"3:0.452644,5:0.499943,9:0.047413","XMIN":701389.3903163396,"YMIN":8514365.037292942,"XMAX":701489.3903163396,"YMAX":8514465.037292942},"geometry":{"type":"Polygon","coordinates":[[[-73.1389751587832,-13.431682464524137],[-73.13898212713065,-13.430778703098545],[-73.13990541379083,-13.43078552214433],[-73.13989844889564,-13.43168928404538],[-73.1389751587832,-13.431682464524137]]]}},{"type":"Feature","properties":{"Cell_ID":291,"Area_ha":1.0,"LC":"5:1.000000","XMIN":701389.3903163396,"YMIN":8514265.037292942,"XMAX":701489.3903163396,"YMAX":8514365.037292942},"geometry":{"type":"Polygon","coordinates":[[[-73.1389681899233,-13.43258622588147],[-73.1389751587832,-13.431682464524137],[-73.13989844889564,-13.43168928404538],[-73.13989148348827,-13.432593045878173],[-73.1389681899233,-13.43258622588147]]]}},{"type":"Feature","properties":{"Cell_ID":292,"Area_ha":1.0,"LC":"5:1.000000","XMIN":701389.3903163396,"YMIN":8514165.037292942,"XMAX":701489.3903163396,"YMAX":8514265.037292942},"geometry":{"type":"Polygon","coordinates":[[[-73.13896122055097,-13.433489987170542],[-73.1389681899233,-13.43258622588147],[-73.13989148348827,-13.432593045878173],[-73.1398845175687,-13.433496807642712],[-73.13896122055097,-13.433489987170542]]]}},{"type":"Feature","properties":{"Cell_ID":293,"Area_ha":1.0,"LC":"5:1.000000","XMIN":701389.3903163396,"YMIN":8514065.037292942,"XMAX":701489.3903163396,"YMAX":8514165.037292942},"geometry":{"type":"Polygon","coordinates":[[[-73.13895425066617,-13.43439374839135],[-73.13896122055097,-13.433489987170542],[-73.1398845175687,-13.433496807642712],[-73.13987755113695,-13.434400569338985],[-73.13895425066617,-13.43439374839135]]]}},{"type":"Feature","properties":{"Cell_ID":294,"Area_ha":1.0,"LC":"5:1.000000","XMIN":701389.3903163396,"YMIN":8513965.037292942,"XMAX":701489.3903163396,"YMAX":8514065.037292942},"geometry":{"type":"Polygon","coordinates":[[[-73.13894728026891,-13.435297509543888],[-73.13895425066617,-13.43439374839135],[-73.13987755113695,-13.434400569338985],[-73.13987058419299,-13.435304330966993],[-73.13894728026891,-13.435297509543888]]]}},{"type":"Feature","properties":{"Cell_ID":295,"Area_ha":1.0,"LC":"3:0.514225,5:0.455748,6:0.030027","XMIN":701389.3903163396,"YMIN":8513865.037292942,"XMAX":701489.3903163396,"YMAX":8513965.037292942},"geometry":{"type":"Polygon","coordinates":[[[-73.1389403093592,-13.436201270628153],[-73.13894728026891,-13.435297509543888],[-73.13987058419299,-13.435304330966993],[-73.1398636167368,-13.43620809252673],[-73.1389403093592,-13.436201270628153]]]}},{"type":"Feature","properties":{"Cell_ID":296,"Area_ha":1.0,"LC":"3:0.005775,5:0.450960,9:0.306372,13:0.236893","XMIN":701389.3903163396,"YMIN":8513765.037292942,"XMAX":701489.3903163396,"YMAX":8513865.037292942},"geometry":{"type":"Polygon","coordinates":[[[-73.13893333793699,-13.437105031644135],[-73.1389403093592,-13.436201270628153],[-73.1398636167368,-13.43620809252673],[-73.13985664876839,-13.437111854018193],[-73.13893333793699,-13.437105031644135]]]}},{"type":"Feature","properties":{"Cell_ID":297,"Area_ha":1.0,"LC":"5:0.168442,9:0.477880,13:0.353678","XMIN":701389.3903163396,"YMIN":8513665.037292942,"XMAX":701489.3903163396,"YMAX":8513765.037292942},"geometry":{"type":"Polygon","coordinates":[[[-73.13892636600228,-13.438008792591837],[-73.13893333793699,-13.437105031644135],[-73.13985664876839,-13.437111854018193],[-73.13984968028772,-13.438015615441376],[-73.13892636600228,-13.438008792591837]]]}},{"type":"Feature","properties":{"Cell_ID":298,"Area_ha":1.0,"LC":"5:0.100601,9:0.790023,13:0.109376","XMIN":701389.3903163396,"YMIN":8513565.037292942,"XMAX":701489.3903163396,"YMAX":8513665.037292942},"geometry":{"type":"Polygon","coordinates":[[[-73.13891939355508,-13.438912553471253],[-73.13892636600228,-13.438008792591837],[-73.13984968028772,-13.438015615441376],[-73.13984271129482,-13.438919376796276],[-73.13891939355508,-13.438912553471253]]]}},{"type":"Feature","properties":{"Cell_ID":299,"Area_ha":1.0,"LC":"9:0.445886,13:0.554114","XMIN":701389.3903163396,"YMIN":8513465.037292942,"XMAX":701489.3903163396,"YMAX":8513565.037292942},"geometry":{"type":"Polygon","coordinates":[[[-73.13891242059539,-13.439816314282378],[-73.13891939355508,-13.438912553471253],[-73.13984271129482,-13.438919376796276],[-73.13983574178968,-13.439823138082888],[-73.13891242059539,-13.439816314282378]]]}},{"type":"Feature","properties":{"Cell_ID":300,"Area_ha":1.0,"LC":"5:0.140490,9:0.073678,13:0.785832","XMIN":701389.3903163396,"YMIN":8513365.037292942,"XMAX":701489.3903163396,"YMAX":8513465.037292942},"geometry":{"type":"Polygon","coordinates":[[[-73.13890544712315,-13.44072007502521],[-73.13891242059539,-13.439816314282378],[-73.13983574178968,-13.439823138082888],[-73.13982877177226,-13.440726899301211],[-73.13890544712315,-13.44072007502521]]]}},{"type":"Feature","properties":{"Cell_ID":301,"Area_ha":1.0,"LC":"3:0.146882,5:0.160606,7:0.385721,17:0.160984","XMIN":701489.3903163396,"YMIN":8514765.037292942,"XMAX":701589.3903163396,"YMAX":8514865.037292942},"geometry":{"type":"Polygon","coordinates":[[[-73.138079753306,-13.428060597414214],[-73.13808672305504,-13.427156836191319],[-73.13900999539628,-13.427163656713699],[-73.13900302909848,-13.428067418412276],[-73.138079753306,-13.428060597414214]]]}},{"type":"Feature","properties":{"Cell_ID":302,"Area_ha":1.0,"LC":"5:0.180601,7:0.226376,17:0.593023","XMIN":701489.3903163396,"YMIN":8514665.037292942,"XMAX":701589.3903163396,"YMAX":8514765.037292942},"geometry":{"type":"Polygon","coordinates":[[[-73.1380727830443,-13.428964358568868],[-73.138079753306,-13.428060597414214],[-73.13900302909848,-13.428067418412276],[-73.13899606228829,-13.42897118004261],[-73.1380727830443,-13.428964358568868]]]}},{"type":"Feature","properties":{"Cell_ID":303,"Area_ha":1.0,"LC":"5:0.201527,9:0.492641,17:0.305832","XMIN":701489.3903163396,"YMIN":8514565.037292942,"XMAX":701589.3903163396,"YMAX":8514665.037292942},"geometry":{"type":"Polygon","coordinates":[[[-73.13806581226994,-13.429868119655275],[-73.1380727830443,-13.428964358568868],[-73.13899606228829,-13.42897118004261],[-73.13898909496568,-13.429874941604703],[-73.13806581226994,-13.429868119655275]]]}},{"type":"Feature","properties":{"Cell_ID":304,"Area_ha":1.0,"LC":"5:0.668392,9:0.331608","XMIN":701489.3903163396,"YMIN":8514465.037292942,"XMAX":701589.3903163396,"YMAX":8514565.037292942},"geometry":{"type":"Polygon","coordinates":[[[-73.13805884098291,-13.430771880673428],[-73.13806581226994,-13.429868119655275],[-73.13898909496568,-13.429874941604703],[-73.13898212713065,-13.430778703098545],[-73.13805884098291,-13.430771880673428]]]}},{"type":"Feature","properties":{"Cell_ID":305,"Area_ha":1.0,"LC":"5:0.644195,9:0.355805","XMIN":701489.3903163396,"YMIN":8514365.037292942,"XMAX":701589.3903163396,"YMAX":8514465.037292942},"geometry":{"type":"Polygon","coordinates":[[[-73.13805186918319,-13.431675641623325],[-73.13805884098291,-13.430771880673428],[-73.13898212713065,-13.430778703098545],[-73.1389751587832,-13.431682464524137],[-73.13805186918319,-13.431675641623325]]]}},{"type":"Feature","properties":{"Cell_ID":306,"Area_ha":1.0,"LC":"5:1.000000","XMIN":701489.3903163396,"YMIN":8514265.037292942,"XMAX":701589.3903163396,"YMAX":8514365.037292942},"geometry":{"type":"Polygon","coordinates":[[[-73.13804489687078,-13.432579402504963],[-73.13805186918319,-13.431675641623325],[-73.1389751587832,-13.431682464524137],[-73.1389681899233,-13.43258622588147],[-73.13804489687078,-13.432579402504963]]]}},{"type":"Feature","properties":{"Cell_ID":307,"Area_ha":1.0,"LC":"5:1.000000","XMIN":701489.3903163396,"YMIN":8514165.037292942,"XMAX":701589.3903163396,"YMAX":8514265.037292942},"geometry":{"type":"Polygon","coordinates":[[[-73.13803792404568,-13.433483163318337],[-73.13804489687078,-13.432579402504963],[-73.1389681899233,-13.43258622588147],[-73.13896122055097,-13.433489987170542],[-73.13803792404568,-13.433483163318337]]]}},{"type":"Feature","properties":{"Cell_ID":308,"Area_ha":1.0,"LC":"5:1.000000","XMIN":701489.3903163396,"YMIN":8514065.037292942,"XMAX":701589.3903163396,"YMAX":8514165.037292942},"geometry":{"type":"Polygon","coordinates":[[[-73.13803095070786,-13.434386924063439],[-73.13803792404568,-13.433483163318337],[-73.13896122055097,-13.433489987170542],[-73.13895425066617,-13.43439374839135],[-73.13803095070786,-13.434386924063439]]]}},{"type":"Feature","properties":{"Cell_ID":309,"Area_ha":1.0,"LC":"5:0.900494,6:0.099506","XMIN":701489.3903163396,"YMIN":8513965.037292942,"XMAX":701589.3903163396,"YMAX":8514065.037292942},"geometry":{"type":"Polygon","coordinates":[[[-73.13802397685734,-13.435290684740275],[-73.13803095070786,-13.434386924063439],[-73.13895425066617,-13.43439374839135],[-73.13894728026891,-13.435297509543888],[-73.13802397685734,-13.435290684740275]]]}},{"type":"Feature","properties":{"Cell_ID":310,"Area_ha":1.0,"LC":"3:0.189919,5:0.479560,6:0.330520","XMIN":701489.3903163396,"YMIN":8513865.037292942,"XMAX":701589.3903163396,"YMAX":8513965.037292942},"geometry":{"type":"Polygon","coordinates":[[[-73.13801700249408,-13.436194445348825],[-73.13802397685734,-13.435290684740275],[-73.13894728026891,-13.435297509543888],[-73.1389403093592,-13.436201270628153],[-73.13801700249408,-13.436194445348825]]]}},{"type":"Feature","properties":{"Cell_ID":311,"Area_ha":1.0,"LC":"5:0.779070,9:0.200984,13:0.019946","XMIN":701489.3903163396,"YMIN":8513765.037292942,"XMAX":701589.3903163396,"YMAX":8513865.037292942},"geometry":{"type":"Polygon","coordinates":[[[-73.13801002761808,-13.4370982058891],[-73.13801700249408,-13.436194445348825],[-73.1389403093592,-13.436201270628153],[-73.13893333793699,-13.437105031644135],[-73.13801002761808,-13.4370982058891]]]}},{"type":"Feature","properties":{"Cell_ID":312,"Area_ha":1.0,"LC":"5:0.781145,9:0.218855","XMIN":701489.3903163396,"YMIN":8513665.037292942,"XMAX":701589.3903163396,"YMAX":8513765.037292942},"geometry":{"type":"Polygon","coordinates":[[[-73.13800305222935,-13.438001966361085],[-73.13801002761808,-13.4370982058891],[-73.13893333793699,-13.437105031644135],[-73.13892636600228,-13.438008792591837],[-73.13800305222935,-13.438001966361085]]]}},{"type":"Feature","properties":{"Cell_ID":313,"Area_ha":1.0,"LC":"5:0.975855,9:0.024145","XMIN":701489.3903163396,"YMIN":8513565.037292942,"XMAX":701589.3903163396,"YMAX":8513665.037292942},"geometry":{"type":"Polygon","coordinates":[[[-73.13799607632785,-13.438905726764782],[-73.13800305222935,-13.438001966361085],[-73.13892636600228,-13.438008792591837],[-73.13891939355508,-13.438912553471253],[-73.13799607632785,-13.438905726764782]]]}},{"type":"Feature","properties":{"Cell_ID":314,"Area_ha":1.0,"LC":"5:0.670138,9:0.279345,13:0.050517","XMIN":701489.3903163396,"YMIN":8513465.037292942,"XMAX":701589.3903163396,"YMAX":8513565.037292942},"geometry":{"type":"Polygon","coordinates":[[[-73.13798909991361,-13.439809487100183],[-73.13799607632785,-13.438905726764782],[-73.13891939355508,-13.438912553471253],[-73.13891242059539,-13.439816314282378],[-73.13798909991361,-13.439809487100183]]]}},{"type":"Feature","properties":{"Cell_ID":315,"Area_ha":1.0,"LC":"9:0.680544,13:0.319456","XMIN":701489.3903163396,"YMIN":8513365.037292942,"XMAX":701589.3903163396,"YMAX":8513465.037292942},"geometry":{"type":"Polygon","coordinates":[[[-73.13798212298657,-13.440713247367286],[-73.13798909991361,-13.439809487100183],[-73.13891242059539,-13.439816314282378],[-73.13890544712315,-13.44072007502521],[-73.13798212298657,-13.440713247367286]]]}},{"type":"Feature","properties":{"Cell_ID":316,"Area_ha":1.0,"LC":"5:0.147199,7:0.259943,14:0.340017,17:0.004198","XMIN":701589.3903163396,"YMIN":8514665.037292942,"XMAX":701689.3903163396,"YMAX":8514765.037292942},"geometry":{"type":"Polygon","coordinates":[[[-73.13714950431297,-13.428957533716272],[-73.13715647802617,-13.428053773037535],[-73.138079753306,-13.428060597414214],[-73.1380727830443,-13.428964358568868],[-73.13714950431297,-13.428957533716272]]]}},{"type":"Feature","properties":{"Cell_ID":317,"Area_ha":1.0,"LC":"7:0.330084,9:0.144688,17:0.525227","XMIN":701589.3903163396,"YMIN":8514565.037292942,"XMAX":701689.3903163396,"YMAX":8514665.037292942},"geometry":{"type":"Polygon","coordinates":[[[-73.13714253008686,-13.429861294326757],[-73.13714950431297,-13.428957533716272],[-73.1380727830443,-13.428964358568868],[-73.13806581226994,-13.429868119655275],[-73.13714253008686,-13.429861294326757]]]}},{"type":"Feature","properties":{"Cell_ID":318,"Area_ha":1.0,"LC":"5:0.339946,9:0.619506,17:0.040547","XMIN":701589.3903163396,"YMIN":8514465.037292942,"XMAX":701689.3903163396,"YMAX":8514565.037292942},"geometry":{"type":"Polygon","coordinates":[[[-73.13713555534784,-13.430765054868983],[-73.13714253008686,-13.429861294326757],[-73.13806581226994,-13.429868119655275],[-73.13805884098291,-13.430771880673428],[-73.13713555534784,-13.430765054868983]]]}},{"type":"Feature","properties":{"Cell_ID":319,"Area_ha":1.0,"LC":"5:0.774715,9:0.225285","XMIN":701589.3903163396,"YMIN":8514365.037292942,"XMAX":701689.3903163396,"YMAX":8514465.037292942},"geometry":{"type":"Polygon","coordinates":[[[-73.13712858009588,-13.431668815342954],[-73.13713555534784,-13.430765054868983],[-73.13805884098291,-13.430771880673428],[-73.13805186918319,-13.431675641623325],[-73.13712858009588,-13.431668815342954]]]}},{"type":"Feature","properties":{"Cell_ID":320,"Area_ha":1.0,"LC":"5:0.532533,9:0.467467","XMIN":701589.3903163396,"YMIN":8514265.037292942,"XMAX":701689.3903163396,"YMAX":8514365.037292942},"geometry":{"type":"Polygon","coordinates":[[[-73.13712160433096,-13.432572575748663],[-73.13712858009588,-13.431668815342954],[-73.13805186918319,-13.431675641623325],[-73.13804489687078,-13.432579402504963],[-73.13712160433096,-13.432572575748663]]]}},{"type":"Feature","properties":{"Cell_ID":321,"Area_ha":1.0,"LC":"5:0.976839,9:0.023161","XMIN":701589.3903163396,"YMIN":8514165.037292942,"XMAX":701689.3903163396,"YMAX":8514265.037292942},"geometry":{"type":"Polygon","coordinates":[[[-73.1371146280531,-13.4334763360861],[-73.13712160433096,-13.432572575748663],[-73.13804489687078,-13.432579402504963],[-73.13803792404568,-13.433483163318337],[-73.1371146280531,-13.4334763360861]]]}},{"type":"Feature","properties":{"Cell_ID":322,"Area_ha":1.0,"LC":"5:1.000000","XMIN":701589.3903163396,"YMIN":8514065.037292942,"XMAX":701689.3903163396,"YMAX":8514165.037292942},"geometry":{"type":"Polygon","coordinates":[[[-73.13710765126227,-13.434380096355264],[-73.1371146280531,-13.4334763360861],[-73.13803792404568,-13.433483163318337],[-73.13803095070786,-13.434386924063439],[-73.13710765126227,-13.434380096355264]]]}},{"type":"Feature","properties":{"Cell_ID":323,"Area_ha":1.0,"LC":"5:0.542617,6:0.014172,9:0.443211","XMIN":701589.3903163396,"YMIN":8513965.037292942,"XMAX":701689.3903163396,"YMAX":8514065.037292942},"geometry":{"type":"Polygon","coordinates":[[[-73.13710067395847,-13.435283856556156],[-73.13710765126227,-13.434380096355264],[-73.13803095070786,-13.434386924063439],[-73.13802397685734,-13.435290684740275],[-73.13710067395847,-13.435283856556156]]]}},{"type":"Feature","properties":{"Cell_ID":324,"Area_ha":1.0,"LC":"5:0.067252,6:0.005775,9:0.446430,13:0.480544","XMIN":701589.3903163396,"YMIN":8513865.037292942,"XMAX":701689.3903163396,"YMAX":8513965.037292942},"geometry":{"type":"Polygon","coordinates":[[[-73.13709369614169,-13.436187616688764],[-73.13710067395847,-13.435283856556156],[-73.13802397685734,-13.435290684740275],[-73.13801700249408,-13.436194445348825],[-73.13709369614169,-13.436187616688764]]]}},{"type":"Feature","properties":{"Cell_ID":325,"Area_ha":1.0,"LC":"5:0.049866,9:0.331064,13:0.619070","XMIN":701589.3903163396,"YMIN":8513765.037292942,"XMAX":701689.3903163396,"YMAX":8513865.037292942},"geometry":{"type":"Polygon","coordinates":[[[-73.13708671781193,-13.437091376753088],[-73.13709369614169,-13.436187616688764],[-73.13801700249408,-13.436194445348825],[-73.13801002761808,-13.4370982058891],[-73.13708671781193,-13.437091376753088]]]}},{"type":"Feature","properties":{"Cell_ID":326,"Area_ha":1.0,"LC":"5:0.489862,9:0.469591,13:0.040547","XMIN":701589.3903163396,"YMIN":8513665.037292942,"XMAX":701689.3903163396,"YMAX":8513765.037292942},"geometry":{"type":"Polygon","coordinates":[[[-73.13707973896916,-13.437995136749125],[-73.13708671781193,-13.437091376753088],[-73.13801002761808,-13.4370982058891],[-73.13800305222935,-13.438001966361085],[-73.13707973896916,-13.437995136749125]]]}},{"type":"Feature","properties":{"Cell_ID":327,"Area_ha":1.0,"LC":"5:1.000000","XMIN":701589.3903163396,"YMIN":8513565.037292942,"XMAX":701689.3903163396,"YMAX":8513665.037292942},"geometry":{"type":"Polygon","coordinates":[[[-73.13707275961337,-13.438898896676864],[-73.13707973896916,-13.437995136749125],[-73.13800305222935,-13.438001966361085],[-73.13799607632785,-13.438905726764782],[-73.13707275961337,-13.438898896676864]]]}},{"type":"Feature","properties":{"Cell_ID":328,"Area_ha":1.0,"LC":"5:0.995802,13:0.004198","XMIN":701589.3903163396,"YMIN":8513465.037292942,"XMAX":701689.3903163396,"YMAX":8513565.037292942},"geometry":{"type":"Polygon","coordinates":[[[-73.1370657797446,-13.439802656536306],[-73.13707275961337,-13.438898896676864],[-73.13799607632785,-13.438905726764782],[-73.13798909991361,-13.439809487100183],[-73.1370657797446,-13.439802656536306]]]}},{"type":"Feature","properties":{"Cell_ID":329,"Area_ha":1.0,"LC":"7:0.568442,14:0.161233,17:0.211501","XMIN":701689.3903163396,"YMIN":8514565.037292942,"XMAX":701789.3903163396,"YMAX":8514665.037292942},"geometry":{"type":"Polygon","coordinates":[[[-73.13621924841674,-13.429854465619163],[-73.13622622609456,-13.428950705484832],[-73.13714950431297,-13.428957533716272],[-73.13714253008686,-13.429861294326757],[-73.13621924841674,-13.429854465619163]]]}},{"type":"Feature","properties":{"Cell_ID":330,"Area_ha":1.0,"LC":"7:0.047413,9:0.444087,17:0.508499","XMIN":701689.3903163396,"YMIN":8514465.037292942,"XMAX":701789.3903163396,"YMAX":8514565.037292942},"geometry":{"type":"Polygon","coordinates":[[[-73.1362122702257,-13.43075822568523],[-73.13621924841674,-13.429854465619163],[-73.13714253008686,-13.429861294326757],[-73.13713555534784,-13.430765054868983],[-73.1362122702257,-13.43075822568523]]]}},{"type":"Feature","properties":{"Cell_ID":331,"Area_ha":1.0,"LC":"5:0.609973,9:0.390027","XMIN":701689.3903163396,"YMIN":8514365.037292942,"XMAX":701789.3903163396,"YMAX":8514465.037292942},"geometry":{"type":"Polygon","coordinates":[[[-73.1362052915215,-13.431661985683037],[-73.1362122702257,-13.43075822568523],[-73.13713555534784,-13.430765054868983],[-73.13712858009588,-13.431668815342954],[-73.1362052915215,-13.431661985683037]]]}},{"type":"Feature","properties":{"Cell_ID":332,"Area_ha":1.0,"LC":"5:0.174168,9:0.795805,13:0.030027","XMIN":701689.3903163396,"YMIN":8514265.037292942,"XMAX":701789.3903163396,"YMAX":8514365.037292942},"geometry":{"type":"Polygon","coordinates":[[[-73.13619831230409,-13.432565745612575],[-73.1362052915215,-13.431661985683037],[-73.13712858009588,-13.431668815342954],[-73.13712160433096,-13.432572575748663],[-73.13619831230409,-13.432565745612575]]]}},{"type":"Feature","properties":{"Cell_ID":333,"Area_ha":1.0,"LC":"5:1.000000","XMIN":701689.3903163396,"YMIN":8514165.037292942,"XMAX":701789.3903163396,"YMAX":8514265.037292942},"geometry":{"type":"Polygon","coordinates":[[[-73.13619133257347,-13.433469505473843],[-73.13619831230409,-13.432565745612575],[-73.13712160433096,-13.432572575748663],[-73.1371146280531,-13.4334763360861],[-73.13619133257347,-13.433469505473843]]]}},{"type":"Feature","properties":{"Cell_ID":334,"Area_ha":1.0,"LC":"5:1.000000","XMIN":701689.3903163396,"YMIN":8514065.037292942,"XMAX":701789.3903163396,"YMAX":8514165.037292942},"geometry":{"type":"Polygon","coordinates":[[[-73.13618435232964,-13.434373265266835],[-73.13619133257347,-13.433469505473843],[-73.1371146280531,-13.4334763360861],[-73.13710765126227,-13.434380096355264],[-73.13618435232964,-13.434373265266835]]]}},{"type":"Feature","properties":{"Cell_ID":335,"Area_ha":1.0,"LC":"5:0.375751,9:0.624249","XMIN":701689.3903163396,"YMIN":8513965.037292942,"XMAX":701789.3903163396,"YMAX":8514065.037292942},"geometry":{"type":"Polygon","coordinates":[[[-73.13617737157259,-13.435277024991546],[-73.13618435232964,-13.434373265266835],[-73.13710765126227,-13.434380096355264],[-73.13710067395847,-13.435283856556156],[-73.13617737157259,-13.435277024991546]]]}},{"type":"Feature","properties":{"Cell_ID":336,"Area_ha":1.0,"LC":"9:0.770520,13:0.229480","XMIN":701689.3903163396,"YMIN":8513865.037292942,"XMAX":701789.3903163396,"YMAX":8513965.037292942},"geometry":{"type":"Polygon","coordinates":[[[-73.1361703903023,-13.436180784647975],[-73.13617737157259,-13.435277024991546],[-73.13710067395847,-13.435283856556156],[-73.13709369614169,-13.436187616688764],[-73.1361703903023,-13.436180784647975]]]}},{"type":"Feature","properties":{"Cell_ID":337,"Area_ha":1.0,"LC":"9:0.201576,13:0.798424","XMIN":701689.3903163396,"YMIN":8513765.037292942,"XMAX":701789.3903163396,"YMAX":8513865.037292942},"geometry":{"type":"Polygon","coordinates":[[[-73.13616340851877,-13.437084544236116],[-73.1361703903023,-13.436180784647975],[-73.13709369614169,-13.436187616688764],[-73.13708671781193,-13.437091376753088],[-73.13616340851877,-13.437084544236116]]]}},{"type":"Feature","properties":{"Cell_ID":338,"Area_ha":1.0,"LC":"5:0.210624,9:0.537279,13:0.252097","XMIN":701689.3903163396,"YMIN":8513665.037292942,"XMAX":701789.3903163396,"YMAX":8513765.037292942},"geometry":{"type":"Polygon","coordinates":[[[-73.13615642622199,-13.437988303755962],[-73.13616340851877,-13.437084544236116],[-73.13708671781193,-13.437091376753088],[-73.13707973896916,-13.437995136749125],[-73.13615642622199,-13.437988303755962]]]}},{"type":"Feature","properties":{"Cell_ID":339,"Area_ha":1.0,"LC":"5:0.893624,9:0.106376","XMIN":701689.3903163396,"YMIN":8513565.037292942,"XMAX":701789.3903163396,"YMAX":8513665.037292942},"geometry":{"type":"Polygon","coordinates":[[[-73.13614944341194,-13.438892063207511],[-73.13615642622199,-13.437988303755962],[-73.13707973896916,-13.437995136749125],[-73.13707275961337,-13.438898896676864],[-73.13614944341194,-13.438892063207511]]]}},{"type":"Feature","properties":{"Cell_ID":340,"Area_ha":1.0,"LC":"5:1.000000","XMIN":701689.3903163396,"YMIN":8513465.037292942,"XMAX":701789.3903163396,"YMAX":8513565.037292942},"geometry":{"type":"Polygon","coordinates":[[[-73.1361424600886,-13.43979582259076],[-73.13614944341194,-13.438892063207511],[-73.13707275961337,-13.438898896676864],[-73.1370657797446,-13.439802656536306],[-73.1361424600886,-13.43979582259076]]]}},{"type":"Feature","properties":{"Cell_ID":341,"Area_ha":1.0,"LC":"3:0.256403,7:0.142070,9:0.037876,14:0.010084,17:0.546265","XMIN":701789.3903163396,"YMIN":8514465.037292942,"XMAX":701889.3903163396,"YMAX":8514565.037292942},"geometry":{"type":"Polygon","coordinates":[[[-73.13528898561677,-13.430751393122167],[-73.13529596725976,-13.429847633532495],[-73.13621924841674,-13.429854465619163],[-73.1362122702257,-13.43075822568523],[-73.13528898561677,-13.430751393122167]]]}},{"type":"Feature","properties":{"Cell_ID":342,"Area_ha":1.0,"LC":"5:0.099946,9:0.489426,13:0.136839,17:0.273789","XMIN":701789.3903163396,"YMIN":8514365.037292942,"XMAX":701889.3903163396,"YMAX":8514465.037292942},"geometry":{"type":"Polygon","coordinates":[[[-73.13528200346032,-13.431655152643575],[-73.13528898561677,-13.430751393122167],[-73.1362122702257,-13.43075822568523],[-73.1362052915215,-13.431661985683037],[-73.13528200346032,-13.431655152643575]]]}},{"type":"Feature","properties":{"Cell_ID":343,"Area_ha":1.0,"LC":"5:0.016839,9:0.436349,13:0.546812","XMIN":701789.3903163396,"YMIN":8514265.037292942,"XMAX":701889.3903163396,"YMAX":8514365.037292942},"geometry":{"type":"Polygon","coordinates":[[[-73.13527502079043,-13.432558912096713],[-73.13528200346032,-13.431655152643575],[-73.1362052915215,-13.431661985683037],[-73.13619831230409,-13.432565745612575],[-73.13527502079043,-13.432558912096713]]]}},{"type":"Feature","properties":{"Cell_ID":344,"Area_ha":1.0,"LC":"5:0.097279,9:0.586920,13:0.315802","XMIN":701789.3903163396,"YMIN":8514165.037292942,"XMAX":701889.3903163396,"YMAX":8514265.037292942},"geometry":{"type":"Polygon","coordinates":[[[-73.13526803760708,-13.433462671481573],[-73.13527502079043,-13.432558912096713],[-73.13619831230409,-13.432565745612575],[-73.13619133257347,-13.433469505473843],[-73.13526803760708,-13.433462671481573]]]}},{"type":"Feature","properties":{"Cell_ID":345,"Area_ha":1.0,"LC":"5:0.089866,9:0.769533,13:0.140601","XMIN":701789.3903163396,"YMIN":8514065.037292942,"XMAX":701889.3903163396,"YMAX":8514165.037292942},"geometry":{"type":"Polygon","coordinates":[[[-73.13526105391024,-13.434366430798153],[-73.13526803760708,-13.433462671481573],[-73.13619133257347,-13.433469505473843],[-73.13618435232964,-13.434373265266835],[-73.13526105391024,-13.434366430798153]]]}},{"type":"Feature","properties":{"Cell_ID":346,"Area_ha":1.0,"LC":"5:0.005775,9:0.994225","XMIN":701789.3903163396,"YMIN":8513965.037292942,"XMAX":701889.3903163396,"YMAX":8514065.037292942},"geometry":{"type":"Polygon","coordinates":[[[-73.13525406969994,-13.435270190046458],[-73.13526105391024,-13.434366430798153],[-73.13618435232964,-13.434373265266835],[-73.13617737157259,-13.435277024991546],[-73.13525406969994,-13.435270190046458]]]}},{"type":"Feature","properties":{"Cell_ID":347,"Area_ha":1.0,"LC":"9:0.848989,13:0.151011","XMIN":701789.3903163396,"YMIN":8513865.037292942,"XMAX":701889.3903163396,"YMAX":8513965.037292942},"geometry":{"type":"Polygon","coordinates":[[[-73.13524708497616,-13.436173949226465],[-73.13525406969994,-13.435270190046458],[-73.13617737157259,-13.435277024991546],[-73.1361703903023,-13.436180784647975],[-73.13524708497616,-13.436173949226465]]]}},{"type":"Feature","properties":{"Cell_ID":348,"Area_ha":1.0,"LC":"9:0.611172,13:0.388828","XMIN":701789.3903163396,"YMIN":8513765.037292942,"XMAX":701889.3903163396,"YMAX":8513865.037292942},"geometry":{"type":"Polygon","coordinates":[[[-73.13524009973887,-13.437077708338187],[-73.13524708497616,-13.436173949226465],[-73.1361703903023,-13.436180784647975],[-73.13616340851877,-13.437084544236116],[-73.13524009973887,-13.437077708338187]]]}},{"type":"Feature","properties":{"Cell_ID":349,"Area_ha":1.0,"LC":"5:0.557769,9:0.442231","XMIN":701789.3903163396,"YMIN":8513665.037292942,"XMAX":701889.3903163396,"YMAX":8513765.037292942},"geometry":{"type":"Polygon","coordinates":[[[-73.13523311398806,-13.43798146738161],[-73.13524009973887,-13.437077708338187],[-73.13616340851877,-13.437084544236116],[-73.13615642622199,-13.437988303755962],[-73.13523311398806,-13.43798146738161]]]}},{"type":"Feature","properties":{"Cell_ID":350,"Area_ha":1.0,"LC":"5:0.269919,9:0.730081","XMIN":701789.3903163396,"YMIN":8513565.037292942,"XMAX":701889.3903163396,"YMAX":8513665.037292942},"geometry":{"type":"Polygon","coordinates":[[[-73.13522612772375,-13.438885226356732],[-73.13523311398806,-13.43798146738161],[-73.13615642622199,-13.437988303755962],[-73.13614944341194,-13.438892063207511],[-73.13522612772375,-13.438885226356732]]]}},{"type":"Feature","properties":{"Cell_ID":351,"Area_ha":1.0,"LC":"5:0.393027,9:0.606973","XMIN":701789.3903163396,"YMIN":8513465.037292942,"XMAX":701889.3903163396,"YMAX":8513565.037292942},"geometry":{"type":"Polygon","coordinates":[[[-73.13521914094592,-13.439788985263553],[-73.13522612772375,-13.438885226356732],[-73.13614944341194,-13.438892063207511],[-73.1361424600886,-13.43979582259076],[-73.13521914094592,-13.439788985263553]]]}},{"type":"Feature","properties":{"Cell_ID":352,"Area_ha":1.0,"LC":"5:0.176740,9:0.031011,17:0.792039","XMIN":701889.3903163396,"YMIN":8514365.037292942,"XMAX":701989.3903163396,"YMAX":8514465.037292942},"geometry":{"type":"Polygon","coordinates":[[[-73.1343587159126,-13.43164831622458],[-73.13436570152128,-13.430744557179807],[-73.13528898561677,-13.430751393122167],[-73.13528200346032,-13.431655152643575],[-73.1343587159126,-13.43164831622458]]]}},{"type":"Feature","properties":{"Cell_ID":353,"Area_ha":1.0,"LC":"5:0.004198,9:0.519345,16:0.056839,17:0.419618","XMIN":701889.3903163396,"YMIN":8514265.037292942,"XMAX":701989.3903163396,"YMAX":8514365.037292942},"geometry":{"type":"Polygon","coordinates":[[[-73.13435172979023,-13.432552075201082],[-73.1343587159126,-13.43164831622458],[-73.13528200346032,-13.431655152643575],[-73.13527502079043,-13.432558912096713],[-73.13435172979023,-13.432552075201082]]]}},{"type":"Feature","properties":{"Cell_ID":354,"Area_ha":1.0,"LC":"5:0.515254,9:0.259402,13:0.054715,16:0.153242,17:0.017386","XMIN":701889.3903163396,"YMIN":8514165.037292942,"XMAX":701989.3903163396,"YMAX":8514265.037292942},"geometry":{"type":"Polygon","coordinates":[[[-73.13434474315414,-13.433455834109301],[-73.13435172979023,-13.432552075201082],[-73.13527502079043,-13.432558912096713],[-73.13526803760708,-13.433462671481573],[-73.13434474315414,-13.433455834109301]]]}},{"type":"Feature","properties":{"Cell_ID":355,"Area_ha":1.0,"LC":"5:0.040547,9:0.024145,13:0.862614,16:0.030027,18:0.042667","XMIN":701889.3903163396,"YMIN":8514065.037292942,"XMAX":701989.3903163396,"YMAX":8514165.037292942},"geometry":{"type":"Polygon","coordinates":[[[-73.13433775600433,-13.434359592949237],[-73.13434474315414,-13.433455834109301],[-73.13526803760708,-13.433462671481573],[-73.13526105391024,-13.434366430798153],[-73.13433775600433,-13.434359592949237]]]}},{"type":"Feature","properties":{"Cell_ID":356,"Area_ha":1.0,"LC":"9:0.889970,13:0.092644,18:0.017386","XMIN":701889.3903163396,"YMIN":8513965.037292942,"XMAX":701989.3903163396,"YMAX":8514065.037292942},"geometry":{"type":"Polygon","coordinates":[[[-73.13433076834079,-13.435263351720888],[-73.13433775600433,-13.434359592949237],[-73.13526105391024,-13.434366430798153],[-73.13525406969994,-13.435270190046458],[-73.13433076834079,-13.435263351720888]]]}},{"type":"Feature","properties":{"Cell_ID":357,"Area_ha":1.0,"LC":"5:0.500050,9:0.439896,13:0.060054","XMIN":701889.3903163396,"YMIN":8513865.037292942,"XMAX":701989.3903163396,"YMAX":8513965.037292942},"geometry":{"type":"Polygon","coordinates":[[[-73.1343237801635,-13.436167110424247],[-73.13433076834079,-13.435263351720888],[-73.13525406969994,-13.435270190046458],[-73.13524708497616,-13.436173949226465],[-73.1343237801635,-13.436167110424247]]]}},{"type":"Feature","properties":{"Cell_ID":358,"Area_ha":1.0,"LC":"5:0.420057,9:0.340382,13:0.239560","XMIN":701889.3903163396,"YMIN":8513765.037292942,"XMAX":701989.3903163396,"YMAX":8513865.037292942},"geometry":{"type":"Polygon","coordinates":[[[-73.13431679147246,-13.437070869059312],[-73.1343237801635,-13.436167110424247],[-73.13524708497616,-13.436173949226465],[-73.13524009973887,-13.437077708338187],[-73.13431679147246,-13.437070869059312]]]}},{"type":"Feature","properties":{"Cell_ID":359,"Area_ha":1.0,"LC":"9:0.656188,13:0.100601,16:0.243211","XMIN":701889.3903163396,"YMIN":8513665.037292942,"XMAX":701989.3903163396,"YMAX":8513765.037292942},"geometry":{"type":"Polygon","coordinates":[[[-73.13430980226767,-13.437974627626074],[-73.13431679147246,-13.437070869059312],[-73.13524009973887,-13.437077708338187],[-73.13523311398806,-13.43798146738161],[-73.13430980226767,-13.437974627626074]]]}},{"type":"Feature","properties":{"Cell_ID":360,"Area_ha":1.0,"LC":"5:0.082667,9:0.640436,16:0.276896","XMIN":701889.3903163396,"YMIN":8513565.037292942,"XMAX":701989.3903163396,"YMAX":8513665.037292942},"geometry":{"type":"Polygon","coordinates":[[[-73.1343028125491,-13.438878386124538],[-73.13430980226767,-13.437974627626074],[-73.13523311398806,-13.43798146738161],[-73.13522612772375,-13.438885226356732],[-73.1343028125491,-13.438878386124538]]]}},{"type":"Feature","properties":{"Cell_ID":361,"Area_ha":1.0,"LC":"5:0.017386,9:0.982614","XMIN":701889.3903163396,"YMIN":8513465.037292942,"XMAX":701989.3903163396,"YMAX":8513565.037292942},"geometry":{"type":"Polygon","coordinates":[[[-73.13429582231676,-13.43978214455469],[-73.1343028125491,-13.438878386124538],[-73.13522612772375,-13.438885226356732],[-73.13521914094592,-13.439788985263553],[-73.13429582231676,-13.43978214455469]]]}},{"type":"Feature","properties":{"Cell_ID":362,"Area_ha":1.0,"LC":"3:0.127445,17:0.806211","XMIN":701989.3903163396,"YMIN":8514265.037292942,"XMAX":702089.3903163396,"YMAX":8514365.037292942},"geometry":{"type":"Polygon","coordinates":[[[-73.13342843930374,-13.432545234925689],[-73.13343542887857,-13.431641476426062],[-73.1343587159126,-13.43164831622458],[-73.13435172979023,-13.432552075201082],[-73.13342843930374,-13.432545234925689]]]}},{"type":"Feature","properties":{"Cell_ID":363,"Area_ha":1.0,"LC":"5:0.014172,16:0.143597,17:0.842231","XMIN":701989.3903163396,"YMIN":8514165.037292942,"XMAX":702089.3903163396,"YMAX":8514265.037292942},"geometry":{"type":"Polygon","coordinates":[[[-73.13342144921492,-13.43344899335703],[-73.13342843930374,-13.432545234925689],[-73.13435172979023,-13.432552075201082],[-73.13434474315414,-13.433455834109301],[-73.13342144921492,-13.43344899335703]]]}},{"type":"Feature","properties":{"Cell_ID":364,"Area_ha":1.0,"LC":"5:0.005775,13:0.019946,16:0.576295,17:0.233789,18:0.164195","XMIN":701989.3903163396,"YMIN":8514065.037292942,"XMAX":702089.3903163396,"YMAX":8514165.037292942},"geometry":{"type":"Polygon","coordinates":[[[-73.13341445861214,-13.434352751720088],[-73.13342144921492,-13.43344899335703],[-73.13434474315414,-13.433455834109301],[-73.13433775600433,-13.434359592949237],[-73.13341445861214,-13.434352751720088]]]}},{"type":"Feature","properties":{"Cell_ID":365,"Area_ha":1.0,"LC":"9:0.636785,13:0.107356,18:0.255859","XMIN":701989.3903163396,"YMIN":8513965.037292942,"XMAX":702089.3903163396,"YMAX":8514065.037292942},"geometry":{"type":"Polygon","coordinates":[[[-73.13340746749537,-13.435256510014854],[-73.13341445861214,-13.434352751720088],[-73.13433775600433,-13.434359592949237],[-73.13433076834079,-13.435263351720888],[-73.13340746749537,-13.435256510014854]]]}},{"type":"Feature","properties":{"Cell_ID":366,"Area_ha":1.0,"LC":"5:0.024145,9:0.239560,13:0.719456,16:0.016839","XMIN":701989.3903163396,"YMIN":8513865.037292942,"XMAX":702089.3903163396,"YMAX":8513965.037292942},"geometry":{"type":"Polygon","coordinates":[[[-73.13340047586459,-13.436160268241325],[-73.13340746749537,-13.435256510014854],[-73.13433076834079,-13.435263351720888],[-73.1343237801635,-13.436167110424247],[-73.13340047586459,-13.436160268241325]]]}},{"type":"Feature","properties":{"Cell_ID":367,"Area_ha":1.0,"LC":"5:0.015748,9:0.063708,13:0.490957,16:0.429587","XMIN":701989.3903163396,"YMIN":8513765.037292942,"XMAX":702089.3903163396,"YMAX":8513865.037292942},"geometry":{"type":"Polygon","coordinates":[[[-73.13339348371983,-13.437064026399499],[-73.13340047586459,-13.436160268241325],[-73.1343237801635,-13.436167110424247],[-73.13431679147246,-13.437070869059312],[-73.13339348371983,-13.437064026399499]]]}},{"type":"Feature","properties":{"Cell_ID":368,"Area_ha":1.0,"LC":"9:0.226372,13:0.112043,16:0.661585","XMIN":701989.3903163396,"YMIN":8513665.037292942,"XMAX":702089.3903163396,"YMAX":8513765.037292942},"geometry":{"type":"Polygon","coordinates":[[[-73.13338649106103,-13.43796778448937],[-73.13339348371983,-13.437064026399499],[-73.13431679147246,-13.437070869059312],[-73.13430980226767,-13.437974627626074],[-73.13338649106103,-13.43796778448937]]]}},{"type":"Feature","properties":{"Cell_ID":369,"Area_ha":1.0,"LC":"5:0.304688,9:0.593242,16:0.102070","XMIN":701989.3903163396,"YMIN":8513565.037292942,"XMAX":702089.3903163396,"YMAX":8513665.037292942},"geometry":{"type":"Polygon","coordinates":[[[-73.13337949788823,-13.438871542510933],[-73.13338649106103,-13.43796778448937],[-73.13430980226767,-13.437974627626074],[-73.1343028125491,-13.438878386124538],[-73.13337949788823,-13.438871542510933]]]}},{"type":"Feature","properties":{"Cell_ID":370,"Area_ha":1.0,"LC":"3:0.060054,5:0.195258,9:0.744688","XMIN":701989.3903163396,"YMIN":8513465.037292942,"XMAX":702089.3903163396,"YMAX":8513565.037292942},"geometry":{"type":"Polygon","coordinates":[[[-73.13337250420138,-13.43977530046418],[-73.13337949788823,-13.438871542510933],[-73.1343028125491,-13.438878386124538],[-73.13429582231676,-13.43978214455469],[-73.13337250420138,-13.43977530046418]]]}},{"type":"Feature","properties":{"Cell_ID":371,"Area_ha":1.0,"LC":"3:0.228043,17:0.527388","XMIN":702089.3903163396,"YMIN":8514165.037292942,"XMAX":702189.3903163396,"YMAX":8514265.037292942},"geometry":{"type":"Polygon","coordinates":[[[-73.1324981557897,-13.433442149224774],[-73.13250514933121,-13.432538391270544],[-73.13342843930374,-13.432545234925689],[-73.13342144921492,-13.43344899335703],[-73.1324981557897,-13.433442149224774]]]}},{"type":"Feature","properties":{"Cell_ID":372,"Area_ha":1.0,"LC":"3:0.193789,17:0.792039,18:0.014172","XMIN":702089.3903163396,"YMIN":8514065.037292942,"XMAX":702189.3903163396,"YMAX":8514165.037292942},"geometry":{"type":"Polygon","coordinates":[[[-73.13249116173394,-13.434345907110714],[-73.1324981557897,-13.433442149224774],[-73.13342144921492,-13.43344899335703],[-73.13341445861214,-13.434352751720088],[-73.13249116173394,-13.434345907110714]]]}},{"type":"Feature","properties":{"Cell_ID":373,"Area_ha":1.0,"LC":"9:0.464141,17:0.430138,18:0.105721","XMIN":702089.3903163396,"YMIN":8513965.037292942,"XMAX":702189.3903163396,"YMAX":8514065.037292942},"geometry":{"type":"Polygon","coordinates":[[[-73.13248416716394,-13.43524966492836],[-73.13249116173394,-13.434345907110714],[-73.13341445861214,-13.434352751720088],[-73.13340746749537,-13.435256510014854],[-73.13248416716394,-13.43524966492836]]]}},{"type":"Feature","properties":{"Cell_ID":374,"Area_ha":1.0,"LC":"9:0.990027,13:0.009973","XMIN":702089.3903163396,"YMIN":8513865.037292942,"XMAX":702189.3903163396,"YMAX":8513965.037292942},"geometry":{"type":"Polygon","coordinates":[[[-73.1324771720797,-13.43615342267771],[-73.13248416716394,-13.43524966492836],[-73.13340746749537,-13.435256510014854],[-73.13340047586459,-13.436160268241325],[-73.1324771720797,-13.43615342267771]]]}},{"type":"Feature","properties":{"Cell_ID":375,"Area_ha":1.0,"LC":"9:0.465392,16:0.534608","XMIN":702089.3903163396,"YMIN":8513765.037292942,"XMAX":702189.3903163396,"YMAX":8513865.037292942},"geometry":{"type":"Polygon","coordinates":[[[-73.13247017648119,-13.437057180358758],[-73.1324771720797,-13.43615342267771],[-73.13340047586459,-13.436160268241325],[-73.13339348371983,-13.437064026399499],[-73.13247017648119,-13.437057180358758]]]}},{"type":"Feature","properties":{"Cell_ID":376,"Area_ha":1.0,"LC":"9:0.744796,16:0.255204","XMIN":702089.3903163396,"YMIN":8513665.037292942,"XMAX":702189.3903163396,"YMAX":8513765.037292942},"geometry":{"type":"Polygon","coordinates":[[[-73.13246318036843,-13.437960937971498],[-73.13247017648119,-13.437057180358758],[-73.13339348371983,-13.437064026399499],[-73.13338649106103,-13.43796778448937],[-73.13246318036843,-13.437960937971498]]]}},{"type":"Feature","properties":{"Cell_ID":377,"Area_ha":1.0,"LC":"3:0.079996,5:0.230027,9:0.689977","XMIN":702089.3903163396,"YMIN":8513565.037292942,"XMAX":702189.3903163396,"YMAX":8513665.037292942},"geometry":{"type":"Polygon","coordinates":[[[-73.13245618374138,-13.438864695515928],[-73.13246318036843,-13.437960937971498],[-73.13338649106103,-13.43796778448937],[-73.13337949788823,-13.438871542510933],[-73.13245618374138,-13.438864695515928]]]}},{"type":"Feature","properties":{"Cell_ID":378,"Area_ha":1.0,"LC":"3:0.873242,9:0.126758","XMIN":702089.3903163396,"YMIN":8513465.037292942,"XMAX":702189.3903163396,"YMAX":8513565.037292942},"geometry":{"type":"Polygon","coordinates":[[[-73.13244918660004,-13.439768452992041],[-73.13245618374138,-13.438864695515928],[-73.13337949788823,-13.438871542510933],[-73.13337250420138,-13.43977530046418],[-73.13244918660004,-13.439768452992041]]]}},{"type":"Feature","properties":{"Cell_ID":379,"Area_ha":1.0,"LC":"3:0.455881,7:0.086651,17:0.031011","XMIN":702189.3903163396,"YMIN":8514065.037292942,"XMAX":702289.3903163396,"YMAX":8514165.037292942},"geometry":{"type":"Polygon","coordinates":[[[-73.13156786536997,-13.434339059121129],[-73.1315748628787,-13.433435301712537],[-73.1324981557897,-13.433442149224774],[-73.13249116173394,-13.434345907110714],[-73.13156786536997,-13.434339059121129]]]}},{"type":"Feature","properties":{"Cell_ID":380,"Area_ha":1.0,"LC":"3:0.429591,7:0.086498,9:0.004198,17:0.479345","XMIN":702189.3903163396,"YMIN":8513965.037292942,"XMAX":702289.3903163396,"YMAX":8514065.037292942},"geometry":{"type":"Polygon","coordinates":[[[-73.13156086734676,-13.43524281646142],[-73.13156786536997,-13.434339059121129],[-73.13249116173394,-13.434345907110714],[-73.13248416716394,-13.43524966492836],[-73.13156086734676,-13.43524281646142]]]}},{"type":"Feature","properties":{"Cell_ID":381,"Area_ha":1.0,"LC":"7:0.100601,9:0.397221,17:0.502177","XMIN":702189.3903163396,"YMIN":8513865.037292942,"XMAX":702289.3903163396,"YMAX":8513965.037292942},"geometry":{"type":"Polygon","coordinates":[[[-73.13155386880906,-13.43614657373341],[-73.13156086734676,-13.43524281646142],[-73.13248416716394,-13.43524966492836],[-73.1324771720797,-13.43615342267771],[-73.13155386880906,-13.43614657373341]]]}},{"type":"Feature","properties":{"Cell_ID":382,"Area_ha":1.0,"LC":"9:0.656188,17:0.047413,18:0.296399","XMIN":702189.3903163396,"YMIN":8513765.037292942,"XMAX":702289.3903163396,"YMAX":8513865.037292942},"geometry":{"type":"Polygon","coordinates":[[[-73.13154686975683,-13.437050330937096],[-73.13155386880906,-13.43614657373341],[-73.1324771720797,-13.43615342267771],[-73.13247017648119,-13.437057180358758],[-73.13154686975683,-13.437050330937096]]]}},{"type":"Feature","properties":{"Cell_ID":383,"Area_ha":1.0,"LC":"5:0.012641,9:0.813624,18:0.173735","XMIN":702189.3903163396,"YMIN":8513665.037292942,"XMAX":702289.3903163396,"YMAX":8513765.037292942},"geometry":{"type":"Polygon","coordinates":[[[-73.1315398701901,-13.437954088072468],[-73.13154686975683,-13.437050330937096],[-73.13247017648119,-13.437057180358758],[-73.13246318036843,-13.437960937971498],[-73.1315398701901,-13.437954088072468]]]}},{"type":"Feature","properties":{"Cell_ID":384,"Area_ha":1.0,"LC":"3:0.184249,5:0.607413,9:0.208338","XMIN":702189.3903163396,"YMIN":8513565.037292942,"XMAX":702289.3903163396,"YMAX":8513665.037292942},"geometry":{"type":"Polygon","coordinates":[[[-73.13153287010881,-13.43885784513953],[-73.1315398701901,-13.437954088072468],[-73.13246318036843,-13.437960937971498],[-73.13245618374138,-13.438864695515928],[-73.13153287010881,-13.43885784513953]]]}},{"type":"Feature","properties":{"Cell_ID":385,"Area_ha":1.0,"LC":"3:0.353789,7:0.502070,17:0.144141","XMIN":702289.3903163396,"YMIN":8513865.037292942,"XMAX":702389.3903163396,"YMAX":8513965.037292942},"geometry":{"type":"Polygon","coordinates":[[[-73.13063056605294,-13.436139721408432],[-73.13063756804411,-13.435235964614039],[-73.13156086734676,-13.43524281646142],[-73.13155386880906,-13.43614657373341],[-73.13063056605294,-13.436139721408432]]]}},{"type":"Feature","properties":{"Cell_ID":386,"Area_ha":1.0,"LC":"17:0.535859,18:0.464141","XMIN":702289.3903163396,"YMIN":8513765.037292942,"XMAX":702389.3903163396,"YMAX":8513865.037292942},"geometry":{"type":"Polygon","coordinates":[[[-73.130623563547,-13.43704347813452],[-73.13063056605294,-13.436139721408432],[-73.13155386880906,-13.43614657373341],[-73.13154686975683,-13.437050330937096],[-73.130623563547,-13.43704347813452]]]}},{"type":"Feature","properties":{"Cell_ID":387,"Area_ha":1.0,"LC":"5:0.134715,9:0.739506,18:0.125778","XMIN":702289.3903163396,"YMIN":8513665.037292942,"XMAX":702389.3903163396,"YMAX":8513765.037292942},"geometry":{"type":"Polygon","coordinates":[[[-73.1306165605263,-13.437947234792295],[-73.130623563547,-13.43704347813452],[-73.13154686975683,-13.437050330937096],[-73.1315398701901,-13.437954088072468],[-73.1306165605263,-13.437947234792295]]]}},{"type":"Feature","properties":{"Cell_ID":388,"Area_ha":1.0,"LC":"3:0.424613,7:0.169973,9:0.217639,17:0.084195","XMIN":702389.3903163396,"YMIN":8513865.037292942,"XMAX":702489.3903163396,"YMAX":8513965.037292942},"geometry":{"type":"Polygon","coordinates":[[[-73.12970726381158,-13.436132865702788],[-73.1297142692562,-13.435229109386226],[-73.13063756804411,-13.435235964614039],[-73.13063056605294,-13.436139721408432],[-73.12970726381158,-13.436132865702788]]]}}]}