{"type":"FeatureCollection","features":[{"type":"Feature","properties":{"Cell_ID":1,"Area_ha":1.0,"LC":"13:1.000000","XMIN":725454.86160847,"YMIN":8515273.59738907,"XMAX":725554.86160847,"YMAX":8515373.59738907},"geometry":{"type":"Polygon","coordinates":[[[-72.91686736816551,-13.421732948969542],[-72.9168751618313,-13.420829308186084],[-72.91779828652297,-13.42083693538958],[-72.91779049630482,-13.421740576705137],[-72.91686736816551,-13.421732948969542]]]}},{"type":"Feature","properties":{"Cell_ID":2,"Area_ha":1.0,"LC":"13:1.000000","XMIN":725554.86160847,"YMIN":8515373.59738907,"XMAX":725654.86160847,"YMAX":8515473.59738907},"geometry":{"type":"Polygon","coordinates":[[[-72.91595203771301,-13.42082167760761],[-72.91595983425277,-13.419918037287406],[-72.9168829549237,-13.419925667333551],[-72.9168751618313,-13.420829308186084],[-72.91595203771301,-13.42082167760761]]]}},{"type":"Feature","properties":{"Cell_ID":3,"Area_ha":1.0,"LC":"13:1.000000","XMIN":725554.86160847,"YMIN":8515273.59738907,"XMAX":725654.86160847,"YMAX":8515373.59738907},"geometry":{"type":"Polygon","coordinates":[[[-72.91594424059961,-13.421725317858726],[-72.91595203771301,-13.42082167760761],[-72.9168751618313,-13.420829308186084],[-72.91686736816551,-13.421732948969542],[-72.91594424059961,-13.421725317858726]]]}},{"type":"Feature","properties":{"Cell_ID":4,"Area_ha":1.0,"LC":"13:1.000000","XMIN":725554.86160847,"YMIN":8515173.59738907,"XMAX":725654.86160847,"YMAX":8515273.59738907},"geometry":{"type":"Polygon","coordinates":[[[-72.91593644291255,-13.422628958040754],[-72.91594424059961,-13.421725317858726],[-72.91686736816551,-13.421732948969542],[-72.91685957392633,-13.422636589683906],[-72.91593644291255,-13.422628958040754]]]}},{"type":"Feature","properties":{"Cell_ID":5,"Area_ha":1.0,"LC":"13:1.000000","XMIN":725654.86160847,"YMIN":8515373.59738907,"XMAX":725754.86160847,"YMAX":8515473.59738907},"geometry":{"type":"Polygon","coordinates":[[[-72.91502891416837,-13.42081404365416],[-72.91503671415549,-13.419910403866524],[-72.91595983425277,-13.419918037287406],[-72.91595203771301,-13.42082167760761],[-72.91502891416837,-13.42081404365416]]]}},{"type":"Feature","properties":{"Cell_ID":6,"Area_ha":1.0,"LC":"13:1.000000","XMIN":725654.86160847,"YMIN":8515273.59738907,"XMAX":725754.86160847,"YMAX":8515373.59738907},"geometry":{"type":"Polygon","coordinates":[[[-72.91502111360735,-13.421717683372707],[-72.91502891416837,-13.42081404365416],[-72.91595203771301,-13.42082167760761],[-72.91594424059961,-13.421725317858726],[-72.91502111360735,-13.421717683372707]]]}},{"type":"Feature","properties":{"Cell_ID":7,"Area_ha":1.0,"LC":"13:1.000000","XMIN":725654.86160847,"YMIN":8515173.59738907,"XMAX":725754.86160847,"YMAX":8515273.59738907},"geometry":{"type":"Polygon","coordinates":[[[-72.91501331247242,-13.42262132302216],[-72.91502111360735,-13.421717683372707],[-72.91594424059961,-13.421725317858726],[-72.91593644291255,-13.422628958040754],[-72.91501331247242,-13.42262132302216]]]}},{"type":"Feature","properties":{"Cell_ID":8,"Area_ha":1.0,"LC":"5:0.435834,6:0.525410,13:0.038756","XMIN":725754.86160847,"YMIN":8515473.59738907,"XMAX":725854.86160847,"YMAX":8515573.59738907},"geometry":{"type":"Polygon","coordinates":[[[-72.91411359463211,-13.419902767070914],[-72.91412139749244,-13.418999127746986],[-72.91504451356872,-13.419006764009797],[-72.91503671415549,-13.419910403866524],[-72.91411359463211,-13.419902767070914]]]}},{"type":"Feature","properties":{"Cell_ID":9,"Area_ha":1.0,"LC":"5:0.520400,6:0.121539,7:0.002908,13:0.355153","XMIN":725754.86160847,"YMIN":8515373.59738907,"XMAX":725854.86160847,"YMAX":8515473.59738907},"geometry":{"type":"Polygon","coordinates":[[[-72.91410579119764,-13.420806406325747],[-72.91411359463211,-13.419902767070914],[-72.91503671415549,-13.419910403866524],[-72.91502891416837,-13.42081404365416],[-72.91410579119764,-13.420806406325747]]]}},{"type":"Feature","properties":{"Cell_ID":10,"Area_ha":1.0,"LC":"5:0.365129,13:0.634871","XMIN":725754.86160847,"YMIN":8515273.59738907,"XMAX":725854.86160847,"YMAX":8515373.59738907},"geometry":{"type":"Polygon","coordinates":[[[-72.91409798718902,-13.421710045511489],[-72.91410579119764,-13.420806406325747],[-72.91502891416837,-13.42081404365416],[-72.91502111360735,-13.421717683372707],[-72.91409798718902,-13.421710045511489]]]}},{"type":"Feature","properties":{"Cell_ID":11,"Area_ha":1.0,"LC":"5:0.244728,13:0.755272","XMIN":725754.86160847,"YMIN":8515173.59738907,"XMAX":725854.86160847,"YMAX":8515273.59738907},"geometry":{"type":"Polygon","coordinates":[[[-72.91409018260624,-13.422613684628129],[-72.91409798718902,-13.421710045511489],[-72.91502111360735,-13.421717683372707],[-72.91501331247242,-13.42262132302216],[-72.91409018260624,-13.422613684628129]]]}},{"type":"Feature","properties":{"Cell_ID":12,"Area_ha":1.0,"LC":"9:0.078475,13:0.921525","XMIN":725754.86160847,"YMIN":8515073.59738907,"XMAX":725854.86160847,"YMAX":8515173.59738907},"geometry":{"type":"Polygon","coordinates":[[[-72.91408237744928,-13.423517323675663],[-72.91409018260624,-13.422613684628129],[-72.91501331247242,-13.42262132302216],[-72.91500551076358,-13.423524962602508],[-72.91408237744928,-13.423517323675663]]]}},{"type":"Feature","properties":{"Cell_ID":13,"Area_ha":1.0,"LC":"2:0.078475,3:0.921525","XMIN":725854.86160847,"YMIN":8515673.59738907,"XMAX":725954.86160847,"YMAX":8515773.59738907},"geometry":{"type":"Polygon","coordinates":[[[-72.9132060877233,-13.418087849249705],[-72.91321389288194,-13.417184210320633],[-72.91413700149069,-13.417191848891868],[-72.91412919977863,-13.418095488353968],[-72.9132060877233,-13.418087849249705]]]}},{"type":"Feature","properties":{"Cell_ID":14,"Area_ha":1.0,"LC":"2:0.118617,3:0.443759,6:0.437624","XMIN":725854.86160847,"YMIN":8515573.59738907,"XMAX":725954.86160847,"YMAX":8515673.59738907},"geometry":{"type":"Polygon","coordinates":[[[-72.91319828199028,-13.41899148810969],[-72.9132060877233,-13.418087849249705],[-72.91412919977863,-13.418095488353968],[-72.91412139749244,-13.418999127746986],[-72.91319828199028,-13.41899148810969]]]}},{"type":"Feature","properties":{"Cell_ID":15,"Area_ha":1.0,"LC":"6:1.000000","XMIN":725854.86160847,"YMIN":8515473.59738907,"XMAX":725954.86160847,"YMAX":8515573.59738907},"geometry":{"type":"Polygon","coordinates":[[[-72.91319047568287,-13.419895126900585],[-72.91319828199028,-13.41899148810969],[-72.91412139749244,-13.418999127746986],[-72.91411359463211,-13.419902767070914],[-72.91319047568287,-13.419895126900585]]]}},{"type":"Feature","properties":{"Cell_ID":16,"Area_ha":1.0,"LC":"3:0.082902,5:0.038756,6:0.202376,7:0.675967","XMIN":725854.86160847,"YMIN":8515373.59738907,"XMAX":725954.86160847,"YMAX":8515473.59738907},"geometry":{"type":"Polygon","coordinates":[[[-72.91318266880106,-13.420798765622383],[-72.91319047568287,-13.419895126900585],[-72.91411359463211,-13.419902767070914],[-72.91410579119764,-13.420806406325747],[-72.91318266880106,-13.420798765622383]]]}},{"type":"Feature","properties":{"Cell_ID":17,"Area_ha":1.0,"LC":"3:0.001946,5:0.394871,6:0.360119,7:0.243064","XMIN":725854.86160847,"YMIN":8515273.59738907,"XMAX":725954.86160847,"YMAX":8515373.59738907},"geometry":{"type":"Polygon","coordinates":[[[-72.91317486134484,-13.421702404275079],[-72.91318266880106,-13.420798765622383],[-72.91410579119764,-13.420806406325747],[-72.91409798718902,-13.421710045511489],[-72.91317486134484,-13.421702404275079]]]}},{"type":"Feature","properties":{"Cell_ID":18,"Area_ha":1.0,"LC":"5:0.840274,6:0.001813,13:0.157912","XMIN":725854.86160847,"YMIN":8515173.59738907,"XMAX":725954.86160847,"YMAX":8515273.59738907},"geometry":{"type":"Polygon","coordinates":[[[-72.91316705331421,-13.422606042858673],[-72.91317486134484,-13.421702404275079],[-72.91409798718902,-13.421710045511489],[-72.91409018260624,-13.422613684628129],[-72.91316705331421,-13.422606042858673]]]}},{"type":"Feature","properties":{"Cell_ID":19,"Area_ha":1.0,"LC":"5:0.080681,6:0.000976,13:0.918342","XMIN":725854.86160847,"YMIN":8515073.59738907,"XMAX":725954.86160847,"YMAX":8515173.59738907},"geometry":{"type":"Polygon","coordinates":[[[-72.91315924470916,-13.423509681373158],[-72.91316705331421,-13.422606042858673],[-72.91409018260624,-13.422613684628129],[-72.91408237744928,-13.423517323675663],[-72.91315924470916,-13.423509681373158]]]}},{"type":"Feature","properties":{"Cell_ID":20,"Area_ha":1.0,"LC":"3:0.561651,6:0.438349","XMIN":725954.86160847,"YMIN":8515873.59738907,"XMAX":726054.86160847,"YMAX":8515973.59738907},"geometry":{"type":"Polygon","coordinates":[[[-72.91229859287814,-13.416272929910498],[-72.91230640033415,-13.415369291376518],[-72.91322950147615,-13.415376932255246],[-72.91322169746623,-13.416280571322478],[-72.91229859287814,-13.416272929910498]]]}},{"type":"Feature","properties":{"Cell_ID":21,"Area_ha":1.0,"LC":"3:0.881383,6:0.118617","XMIN":725954.86160847,"YMIN":8515773.59738907,"XMAX":726054.86160847,"YMAX":8515873.59738907},"geometry":{"type":"Polygon","coordinates":[[[-72.91229078484756,-13.417176568375394],[-72.91229859287814,-13.416272929910498],[-72.91322169746623,-13.416280571322478],[-72.91321389288194,-13.417184210320633],[-72.91229078484756,-13.417176568375394]]]}},{"type":"Feature","properties":{"Cell_ID":22,"Area_ha":1.0,"LC":"3:1.000000","XMIN":725954.86160847,"YMIN":8515673.59738907,"XMAX":726054.86160847,"YMAX":8515773.59738907},"geometry":{"type":"Polygon","coordinates":[[[-72.91228297624234,-13.418080206771203],[-72.91229078484756,-13.417176568375394],[-72.91321389288194,-13.417184210320633],[-72.9132060877233,-13.418087849249705],[-72.91228297624234,-13.418080206771203]]]}},{"type":"Feature","properties":{"Cell_ID":23,"Area_ha":1.0,"LC":"3:0.683338,6:0.316662","XMIN":725954.86160847,"YMIN":8515573.59738907,"XMAX":726054.86160847,"YMAX":8515673.59738907},"geometry":{"type":"Polygon","coordinates":[[[-72.9122751670625,-13.418983845097923],[-72.91228297624234,-13.418080206771203],[-72.9132060877233,-13.418087849249705],[-72.91319828199028,-13.41899148810969],[-72.9122751670625,-13.418983845097923]]]}},{"type":"Feature","properties":{"Cell_ID":24,"Area_ha":1.0,"LC":"3:0.001946,6:0.998054","XMIN":725954.86160847,"YMIN":8515473.59738907,"XMAX":726054.86160847,"YMAX":8515573.59738907},"geometry":{"type":"Polygon","coordinates":[[[-72.91226735730802,-13.419887483355547],[-72.9122751670625,-13.418983845097923],[-72.91319828199028,-13.41899148810969],[-72.91319047568287,-13.419895126900585],[-72.91226735730802,-13.419887483355547]]]}},{"type":"Feature","properties":{"Cell_ID":25,"Area_ha":1.0,"LC":"3:0.598594,6:0.401406","XMIN":725954.86160847,"YMIN":8515373.59738907,"XMAX":726054.86160847,"YMAX":8515473.59738907},"geometry":{"type":"Polygon","coordinates":[[[-72.91225954697887,-13.42079112154407],[-72.91226735730802,-13.419887483355547],[-72.91319047568287,-13.419895126900585],[-72.91318266880106,-13.420798765622383],[-72.91225954697887,-13.42079112154407]]]}},{"type":"Feature","properties":{"Cell_ID":26,"Area_ha":1.0,"LC":"3:0.563745,6:0.078475,7:0.357780","XMIN":725954.86160847,"YMIN":8515273.59738907,"XMAX":726054.86160847,"YMAX":8515373.59738907},"geometry":{"type":"Polygon","coordinates":[[[-72.91225173607508,-13.421694759663492],[-72.91225954697887,-13.42079112154407],[-72.91318266880106,-13.420798765622383],[-72.91317486134484,-13.421702404275079],[-72.91225173607508,-13.421694759663492]]]}},{"type":"Feature","properties":{"Cell_ID":27,"Area_ha":1.0,"LC":"3:0.081539,5:0.316522,6:0.440688,7:0.161251","XMIN":725954.86160847,"YMIN":8515173.59738907,"XMAX":726054.86160847,"YMAX":8515273.59738907},"geometry":{"type":"Polygon","coordinates":[[[-72.91224392459662,-13.422598397713806],[-72.91225173607508,-13.421694759663492],[-72.91317486134484,-13.421702404275079],[-72.91316705331421,-13.422606042858673],[-72.91224392459662,-13.422598397713806]]]}},{"type":"Feature","properties":{"Cell_ID":28,"Area_ha":1.0,"LC":"3:1.000000","XMIN":726054.86160847,"YMIN":8516173.59738907,"XMAX":726154.86160847,"YMAX":8516273.59738907},"geometry":{"type":"Polygon","coordinates":[[[-72.91139891984625,-13.413554370916053],[-72.91140672902377,-13.412650732708334],[-72.91232981925454,-13.412658375360134],[-72.91232201352233,-13.41356201410133],[-72.91139891984625,-13.413554370916053]]]}},{"type":"Feature","properties":{"Cell_ID":29,"Area_ha":1.0,"LC":"3:0.404315,5:0.116817,6:0.478868","XMIN":726054.86160847,"YMIN":8516073.59738907,"XMAX":726154.86160847,"YMAX":8516173.59738907},"geometry":{"type":"Polygon","coordinates":[[[-72.9113911100939,-13.4144580090547],[-72.91139891984625,-13.413554370916053],[-72.91232201352233,-13.41356201410133],[-72.91231420721553,-13.414465652773464],[-72.9113911100939,-13.4144580090547]]]}},{"type":"Feature","properties":{"Cell_ID":30,"Area_ha":1.0,"LC":"3:0.279563,5:0.039305,6:0.681132","XMIN":726054.86160847,"YMIN":8515973.59738907,"XMAX":726154.86160847,"YMAX":8516073.59738907},"geometry":{"type":"Polygon","coordinates":[[[-72.91138329976673,-13.41536164712427],[-72.9113911100939,-13.4144580090547],[-72.91231420721553,-13.414465652773464],[-72.91230640033415,-13.415369291376518],[-72.91138329976673,-13.41536164712427]]]}},{"type":"Feature","properties":{"Cell_ID":31,"Area_ha":1.0,"LC":"3:1.000000","XMIN":726054.86160847,"YMIN":8515873.59738907,"XMAX":726154.86160847,"YMAX":8515973.59738907},"geometry":{"type":"Polygon","coordinates":[[[-72.91137548886469,-13.41626528512476],[-72.91138329976673,-13.41536164712427],[-72.91230640033415,-13.415369291376518],[-72.91229859287814,-13.416272929910498],[-72.91137548886469,-13.41626528512476]]]}},{"type":"Feature","properties":{"Cell_ID":32,"Area_ha":1.0,"LC":"3:1.000000","XMIN":726054.86160847,"YMIN":8515773.59738907,"XMAX":726154.86160847,"YMAX":8515873.59738907},"geometry":{"type":"Polygon","coordinates":[[[-72.91136767738779,-13.417168923056163],[-72.91137548886469,-13.41626528512476],[-72.91229859287814,-13.416272929910498],[-72.91229078484756,-13.417176568375394],[-72.91136767738779,-13.417168923056163]]]}},{"type":"Feature","properties":{"Cell_ID":33,"Area_ha":1.0,"LC":"3:1.000000","XMIN":726054.86160847,"YMIN":8515673.59738907,"XMAX":726154.86160847,"YMAX":8515773.59738907},"geometry":{"type":"Polygon","coordinates":[[[-72.91135986533602,-13.418072560918471],[-72.91136767738779,-13.417168923056163],[-72.91229078484756,-13.417176568375394],[-72.91228297624234,-13.418080206771203],[-72.91135986533602,-13.418072560918471]]]}},{"type":"Feature","properties":{"Cell_ID":34,"Area_ha":1.0,"LC":"3:1.000000","XMIN":726054.86160847,"YMIN":8515573.59738907,"XMAX":726154.86160847,"YMAX":8515673.59738907},"geometry":{"type":"Polygon","coordinates":[[[-72.91135205270936,-13.418976198711691],[-72.91135986533602,-13.418072560918471],[-72.91228297624234,-13.418080206771203],[-72.9122751670625,-13.418983845097923],[-72.91135205270936,-13.418976198711691]]]}},{"type":"Feature","properties":{"Cell_ID":35,"Area_ha":1.0,"LC":"3:0.843464,6:0.156536","XMIN":726054.86160847,"YMIN":8515473.59738907,"XMAX":726154.86160847,"YMAX":8515573.59738907},"geometry":{"type":"Polygon","coordinates":[[[-72.91134423950781,-13.419879836435811],[-72.91135205270936,-13.418976198711691],[-72.9122751670625,-13.418983845097923],[-72.91226735730802,-13.419887483355547],[-72.91134423950781,-13.419879836435811]]]}},{"type":"Feature","properties":{"Cell_ID":36,"Area_ha":1.0,"LC":"3:0.557512,6:0.442488","XMIN":726054.86160847,"YMIN":8515373.59738907,"XMAX":726154.86160847,"YMAX":8515473.59738907},"geometry":{"type":"Polygon","coordinates":[[[-72.91133642573136,-13.420783474090829],[-72.91134423950781,-13.419879836435811],[-72.91226735730802,-13.419887483355547],[-72.91225954697887,-13.42079112154407],[-72.91133642573136,-13.420783474090829]]]}},{"type":"Feature","properties":{"Cell_ID":37,"Area_ha":1.0,"LC":"3:0.999024,6:0.000976","XMIN":726054.86160847,"YMIN":8515273.59738907,"XMAX":726154.86160847,"YMAX":8515373.59738907},"geometry":{"type":"Polygon","coordinates":[[[-72.91132861137999,-13.421687111676732],[-72.91133642573136,-13.420783474090829],[-72.91225954697887,-13.42079112154407],[-72.91225173607508,-13.421694759663492],[-72.91132861137999,-13.421687111676732]]]}},{"type":"Feature","properties":{"Cell_ID":38,"Area_ha":1.0,"LC":"3:0.322376,5:0.197631,6:0.400963,7:0.079031","XMIN":726054.86160847,"YMIN":8515173.59738907,"XMAX":726154.86160847,"YMAX":8515273.59738907},"geometry":{"type":"Polygon","coordinates":[[[-72.9113207964537,-13.42259074919353],[-72.91132861137999,-13.421687111676732],[-72.91225173607508,-13.421694759663492],[-72.91224392459662,-13.422598397713806],[-72.9113207964537,-13.42259074919353]]]}},{"type":"Feature","properties":{"Cell_ID":39,"Area_ha":1.0,"LC":"3:0.804285,5:0.116817,6:0.078898","XMIN":726154.86160847,"YMIN":8516373.59738907,"XMAX":726254.86160847,"YMAX":8516473.59738907},"geometry":{"type":"Polygon","coordinates":[[[-72.91049145141551,-13.411739448940649],[-72.91049926288815,-13.410835811128502],[-72.91142234565433,-13.41084345608569],[-72.91141453762644,-13.411747094431545],[-72.91049145141551,-13.411739448940649]]]}},{"type":"Feature","properties":{"Cell_ID":40,"Area_ha":1.0,"LC":"3:0.483604,5:0.516396","XMIN":726154.86160847,"YMIN":8516273.59738907,"XMAX":726254.86160847,"YMAX":8516373.59738907},"geometry":{"type":"Polygon","coordinates":[[[-72.9104836393678,-13.412643086683726],[-72.91049145141551,-13.411739448940649],[-72.91141453762644,-13.411747094431545],[-72.91140672902377,-13.412650732708334],[-72.9104836393678,-13.412643086683726]]]}},{"type":"Feature","properties":{"Cell_ID":41,"Area_ha":1.0,"LC":"3:1.000000","XMIN":726154.86160847,"YMIN":8516173.59738907,"XMAX":726254.86160847,"YMAX":8516273.59738907},"geometry":{"type":"Polygon","coordinates":[[[-72.91047582674501,-13.413546724357731],[-72.9104836393678,-13.412643086683726],[-72.91140672902377,-13.412650732708334],[-72.91139891984625,-13.413554370916053],[-72.91047582674501,-13.413546724357731]]]}},{"type":"Feature","properties":{"Cell_ID":42,"Area_ha":1.0,"LC":"3:0.842213,6:0.157787","XMIN":726154.86160847,"YMIN":8516073.59738907,"XMAX":726254.86160847,"YMAX":8516173.59738907},"geometry":{"type":"Polygon","coordinates":[[[-72.91046801354715,-13.414450361962663],[-72.91047582674501,-13.413546724357731],[-72.91139891984625,-13.413554370916053],[-72.9113911100939,-13.4144580090547],[-72.91046801354715,-13.414450361962663]]]}},{"type":"Feature","properties":{"Cell_ID":43,"Area_ha":1.0,"LC":"3:0.722634,6:0.277366","XMIN":726154.86160847,"YMIN":8515973.59738907,"XMAX":726254.86160847,"YMAX":8516073.59738907},"geometry":{"type":"Polygon","coordinates":[[[-72.91046019977416,-13.41535399949851],[-72.91046801354715,-13.414450361962663],[-72.9113911100939,-13.4144580090547],[-72.91138329976673,-13.41536164712427],[-72.91046019977416,-13.41535399949851]]]}},{"type":"Feature","properties":{"Cell_ID":44,"Area_ha":1.0,"LC":"3:1.000000","XMIN":726154.86160847,"YMIN":8515873.59738907,"XMAX":726254.86160847,"YMAX":8515973.59738907},"geometry":{"type":"Polygon","coordinates":[[[-72.9104523854261,-13.416257636965273],[-72.91046019977416,-13.41535399949851],[-72.91138329976673,-13.41536164712427],[-72.91137548886469,-13.41626528512476],[-72.9104523854261,-13.416257636965273]]]}},{"type":"Feature","properties":{"Cell_ID":45,"Area_ha":1.0,"LC":"3:1.000000","XMIN":726154.86160847,"YMIN":8515773.59738907,"XMAX":726254.86160847,"YMAX":8515873.59738907},"geometry":{"type":"Polygon","coordinates":[[[-72.91044457050289,-13.417161274362945],[-72.9104523854261,-13.416257636965273],[-72.91137548886469,-13.41626528512476],[-72.91136767738779,-13.417168923056163],[-72.91044457050289,-13.417161274362945]]]}},{"type":"Feature","properties":{"Cell_ID":46,"Area_ha":1.0,"LC":"3:1.000000","XMIN":726154.86160847,"YMIN":8515673.59738907,"XMAX":726254.86160847,"YMAX":8515773.59738907},"geometry":{"type":"Polygon","coordinates":[[[-72.91043675500457,-13.418064911691523],[-72.91044457050289,-13.417161274362945],[-72.91136767738779,-13.417168923056163],[-72.91135986533602,-13.418072560918471],[-72.91043675500457,-13.418064911691523]]]}},{"type":"Feature","properties":{"Cell_ID":47,"Area_ha":1.0,"LC":"2:0.478875,3:0.521125","XMIN":726154.86160847,"YMIN":8515573.59738907,"XMAX":726254.86160847,"YMAX":8515673.59738907},"geometry":{"type":"Polygon","coordinates":[[[-72.91042893893112,-13.418968548951009],[-72.91043675500457,-13.418064911691523],[-72.91135986533602,-13.418072560918471],[-72.91135205270936,-13.418976198711691],[-72.91042893893112,-13.418968548951009]]]}},{"type":"Feature","properties":{"Cell_ID":48,"Area_ha":1.0,"LC":"2:0.001125,3:0.998875","XMIN":726154.86160847,"YMIN":8515473.59738907,"XMAX":726254.86160847,"YMAX":8515573.59738907},"geometry":{"type":"Polygon","coordinates":[[[-72.91042112228253,-13.419872186141387],[-72.91042893893112,-13.418968548951009],[-72.91135205270936,-13.418976198711691],[-72.91134423950781,-13.419879836435811],[-72.91042112228253,-13.419872186141387]]]}},{"type":"Feature","properties":{"Cell_ID":49,"Area_ha":1.0,"LC":"3:0.644434,6:0.355566","XMIN":726154.86160847,"YMIN":8515373.59738907,"XMAX":726254.86160847,"YMAX":8515473.59738907},"geometry":{"type":"Polygon","coordinates":[[[-72.91041330505875,-13.420775823262657],[-72.91042112228253,-13.419872186141387],[-72.91134423950781,-13.419879836435811],[-72.91133642573136,-13.420783474090829],[-72.91041330505875,-13.420775823262657]]]}},{"type":"Feature","properties":{"Cell_ID":50,"Area_ha":1.0,"LC":"3:0.758482,6:0.241518","XMIN":726154.86160847,"YMIN":8515273.59738907,"XMAX":726254.86160847,"YMAX":8515373.59738907},"geometry":{"type":"Polygon","coordinates":[[[-72.91040548725982,-13.421679460314815],[-72.91041330505875,-13.420775823262657],[-72.91133642573136,-13.420783474090829],[-72.91132861137999,-13.421687111676732],[-72.91040548725982,-13.421679460314815]]]}},{"type":"Feature","properties":{"Cell_ID":51,"Area_ha":1.0,"LC":"3:0.399460,6:0.600540","XMIN":726154.86160847,"YMIN":8515173.59738907,"XMAX":726254.86160847,"YMAX":8515273.59738907},"geometry":{"type":"Polygon","coordinates":[[[-72.91039766888572,-13.422583097297858],[-72.91040548725982,-13.421679460314815],[-72.91132861137999,-13.421687111676732],[-72.9113207964537,-13.42259074919353],[-72.91039766888572,-13.422583097297858]]]}},{"type":"Feature","properties":{"Cell_ID":52,"Area_ha":1.0,"LC":"5:0.754716,6:0.245284","XMIN":726154.86160847,"YMIN":8515073.59738907,"XMAX":726254.86160847,"YMAX":8515173.59738907},"geometry":{"type":"Polygon","coordinates":[[[-72.91038984993642,-13.423486734211782],[-72.91039766888572,-13.422583097297858],[-72.9113207964537,-13.42259074919353],[-72.91131298095247,-13.423494386641206],[-72.91038984993642,-13.423486734211782]]]}},{"type":"Feature","properties":{"Cell_ID":53,"Area_ha":1.0,"LC":"3:0.879851,5:0.120149","XMIN":726254.86160847,"YMIN":8516473.59738907,"XMAX":726354.86160847,"YMAX":8516573.59738907},"geometry":{"type":"Polygon","coordinates":[[[-72.90957618069706,-13.410828162798982],[-72.90958399503916,-13.409924525451707],[-72.91050707378575,-13.409932173247288],[-72.91049926288815,-13.410835811128502],[-72.90957618069706,-13.410828162798982]]]}},{"type":"Feature","properties":{"Cell_ID":54,"Area_ha":1.0,"LC":"3:1.000000","XMIN":726254.86160847,"YMIN":8516373.59738907,"XMAX":726354.86160847,"YMAX":8516473.59738907},"geometry":{"type":"Polygon","coordinates":[[[-72.90956836577965,-13.411731800077188],[-72.90957618069706,-13.410828162798982],[-72.91049926288815,-13.410835811128502],[-72.91049145141551,-13.411739448940649],[-72.90956836577965,-13.411731800077188]]]}},{"type":"Feature","properties":{"Cell_ID":55,"Area_ha":1.0,"LC":"2:0.002902,3:0.997098","XMIN":726254.86160847,"YMIN":8516273.59738907,"XMAX":726354.86160847,"YMAX":8516373.59738907},"geometry":{"type":"Polygon","coordinates":[[[-72.90956055028691,-13.41263543728632],[-72.90956836577965,-13.411731800077188],[-72.91049145141551,-13.411739448940649],[-72.9104836393678,-13.412643086683726],[-72.90956055028691,-13.41263543728632]]]}},{"type":"Feature","properties":{"Cell_ID":56,"Area_ha":1.0,"LC":"2:0.000007,3:0.999031,5:0.000963","XMIN":726254.86160847,"YMIN":8516173.59738907,"XMAX":726354.86160847,"YMAX":8516273.59738907},"geometry":{"type":"Polygon","coordinates":[[[-72.90955273421885,-13.413539074426376],[-72.90956055028691,-13.41263543728632],[-72.9104836393678,-13.412643086683726],[-72.91047582674501,-13.413546724357731],[-72.90955273421885,-13.413539074426376]]]}},{"type":"Feature","properties":{"Cell_ID":57,"Area_ha":1.0,"LC":"3:0.396277,5:0.603723","XMIN":726254.86160847,"YMIN":8516073.59738907,"XMAX":726354.86160847,"YMAX":8516173.59738907},"geometry":{"type":"Polygon","coordinates":[[[-72.90954491757546,-13.414442711497355],[-72.90955273421885,-13.413539074426376],[-72.91047582674501,-13.413546724357731],[-72.91046801354715,-13.414450361962663],[-72.90954491757546,-13.414442711497355]]]}},{"type":"Feature","properties":{"Cell_ID":58,"Area_ha":1.0,"LC":"3:0.958868,5:0.041132","XMIN":726254.86160847,"YMIN":8515973.59738907,"XMAX":726354.86160847,"YMAX":8516073.59738907},"geometry":{"type":"Polygon","coordinates":[[[-72.90953710035672,-13.415346348499247],[-72.90954491757546,-13.414442711497355],[-72.91046801354715,-13.414450361962663],[-72.91046019977416,-13.41535399949851],[-72.90953710035672,-13.415346348499247]]]}},{"type":"Feature","properties":{"Cell_ID":59,"Area_ha":1.0,"LC":"3:1.000000","XMIN":726254.86160847,"YMIN":8515873.59738907,"XMAX":726354.86160847,"YMAX":8515973.59738907},"geometry":{"type":"Polygon","coordinates":[[[-72.9095292825626,-13.41624998543205],[-72.90953710035672,-13.415346348499247],[-72.91046019977416,-13.41535399949851],[-72.9104523854261,-13.416257636965273],[-72.9095292825626,-13.41624998543205]]]}},{"type":"Feature","properties":{"Cell_ID":60,"Area_ha":1.0,"LC":"3:1.000000","XMIN":726254.86160847,"YMIN":8515773.59738907,"XMAX":726354.86160847,"YMAX":8515873.59738907},"geometry":{"type":"Polygon","coordinates":[[[-72.90952146419312,-13.417153622295759],[-72.9095292825626,-13.41624998543205],[-72.9104523854261,-13.416257636965273],[-72.91044457050289,-13.417161274362945],[-72.90952146419312,-13.417153622295759]]]}},{"type":"Feature","properties":{"Cell_ID":61,"Area_ha":1.0,"LC":"3:1.000000","XMIN":726254.86160847,"YMIN":8515673.59738907,"XMAX":726354.86160847,"YMAX":8515773.59738907},"geometry":{"type":"Polygon","coordinates":[[[-72.90951364524827,-13.418057259090368],[-72.90952146419312,-13.417153622295759],[-72.91044457050289,-13.417161274362945],[-72.91043675500457,-13.418064911691523],[-72.90951364524827,-13.418057259090368]]]}},{"type":"Feature","properties":{"Cell_ID":62,"Area_ha":1.0,"LC":"3:1.000000","XMIN":726254.86160847,"YMIN":8515573.59738907,"XMAX":726354.86160847,"YMAX":8515673.59738907},"geometry":{"type":"Polygon","coordinates":[[[-72.90950582572802,-13.418960895815879],[-72.90951364524827,-13.418057259090368],[-72.91043675500457,-13.418064911691523],[-72.91042893893112,-13.418968548951009],[-72.90950582572802,-13.418960895815879]]]}},{"type":"Feature","properties":{"Cell_ID":63,"Area_ha":1.0,"LC":"3:1.000000","XMIN":726254.86160847,"YMIN":8515473.59738907,"XMAX":726354.86160847,"YMAX":8515573.59738907},"geometry":{"type":"Polygon","coordinates":[[[-72.90949800563237,-13.419864532472278],[-72.90950582572802,-13.418960895815879],[-72.91042893893112,-13.418968548951009],[-72.91042112228253,-13.419872186141387],[-72.90949800563237,-13.419864532472278]]]}},{"type":"Feature","properties":{"Cell_ID":64,"Area_ha":1.0,"LC":"3:1.000000","XMIN":726254.86160847,"YMIN":8515373.59738907,"XMAX":726354.86160847,"YMAX":8515473.59738907},"geometry":{"type":"Polygon","coordinates":[[[-72.90949018496133,-13.42076816905957],[-72.90949800563237,-13.419864532472278],[-72.91042112228253,-13.419872186141387],[-72.91041330505875,-13.420775823262657],[-72.90949018496133,-13.42076816905957]]]}},{"type":"Feature","properties":{"Cell_ID":65,"Area_ha":1.0,"LC":"3:0.842495,6:0.157505","XMIN":726254.86160847,"YMIN":8515273.59738907,"XMAX":726354.86160847,"YMAX":8515373.59738907},"geometry":{"type":"Polygon","coordinates":[[[-72.90948236371484,-13.421671805577745],[-72.90949018496133,-13.42076816905957],[-72.91041330505875,-13.420775823262657],[-72.91040548725982,-13.421679460314815],[-72.90948236371484,-13.421671805577745]]]}},{"type":"Feature","properties":{"Cell_ID":66,"Area_ha":1.0,"LC":"3:0.005691,6:0.994309","XMIN":726254.86160847,"YMIN":8515173.59738907,"XMAX":726354.86160847,"YMAX":8515273.59738907},"geometry":{"type":"Polygon","coordinates":[[[-72.90947454189293,-13.422575442026801],[-72.90948236371484,-13.421671805577745],[-72.91040548725982,-13.421679460314815],[-72.91039766888572,-13.422583097297858],[-72.90947454189293,-13.422575442026801]]]}},{"type":"Feature","properties":{"Cell_ID":67,"Area_ha":1.0,"LC":"3:0.283597,5:0.157912,6:0.558491","XMIN":726254.86160847,"YMIN":8515073.59738907,"XMAX":726354.86160847,"YMAX":8515173.59738907},"geometry":{"type":"Polygon","coordinates":[[[-72.90946671949558,-13.423479078406736],[-72.90947454189293,-13.422575442026801],[-72.91039766888572,-13.422583097297858],[-72.91038984993642,-13.423486734211782],[-72.90946671949558,-13.423479078406736]]]}},{"type":"Feature","properties":{"Cell_ID":68,"Area_ha":1.0,"LC":"3:0.000288,5:0.723057,6:0.276655","XMIN":726254.86160847,"YMIN":8514973.59738907,"XMAX":726354.86160847,"YMAX":8515073.59738907},"geometry":{"type":"Polygon","coordinates":[[[-72.90945889652278,-13.424382714717536],[-72.90946671949558,-13.423479078406736],[-72.91038984993642,-13.423486734211782],[-72.91038203041195,-13.424390371056578],[-72.90945889652278,-13.424382714717536]]]}},{"type":"Feature","properties":{"Cell_ID":69,"Area_ha":1.0,"LC":"3:0.999150,5:0.000850","XMIN":726354.86160847,"YMIN":8516473.59738907,"XMAX":726454.86160847,"YMAX":8516573.59738907},"geometry":{"type":"Polygon","coordinates":[[[-72.90865309908125,-13.410820511097148],[-72.90866091686785,-13.409916874284049],[-72.90958399503916,-13.409924525451707],[-72.90957618069706,-13.410828162798982],[-72.90865309908125,-13.410820511097148]]]}},{"type":"Feature","properties":{"Cell_ID":70,"Area_ha":1.0,"LC":"3:0.998068,5:0.001932","XMIN":726354.86160847,"YMIN":8516373.59738907,"XMAX":726454.86160847,"YMAX":8516473.59738907},"geometry":{"type":"Polygon","coordinates":[[[-72.90864528071909,-13.411724147841179],[-72.90865309908125,-13.410820511097148],[-72.90957618069706,-13.410828162798982],[-72.90956836577965,-13.411731800077188],[-72.90864528071909,-13.411724147841179]]]}},{"type":"Feature","properties":{"Cell_ID":71,"Area_ha":1.0,"LC":"2:0.516936,3:0.483057,5:0.000007","XMIN":726354.86160847,"YMIN":8516273.59738907,"XMAX":726454.86160847,"YMAX":8516373.59738907},"geometry":{"type":"Polygon","coordinates":[[[-72.90863746178135,-13.41262778451613],[-72.90864528071909,-13.411724147841179],[-72.90956836577965,-13.411731800077188],[-72.90956055028691,-13.41263543728632],[-72.90863746178135,-13.41262778451613]]]}},{"type":"Feature","properties":{"Cell_ID":72,"Area_ha":1.0,"LC":"2:0.081125,3:0.597373,5:0.321502","XMIN":726354.86160847,"YMIN":8516173.59738907,"XMAX":726454.86160847,"YMAX":8516273.59738907},"geometry":{"type":"Polygon","coordinates":[[[-72.90862964226804,-13.413531421122002],[-72.90863746178135,-13.41262778451613],[-72.90956055028691,-13.41263543728632],[-72.90955273421885,-13.413539074426376],[-72.90862964226804,-13.413531421122002]]]}},{"type":"Feature","properties":{"Cell_ID":73,"Area_ha":1.0,"LC":"3:0.081651,5:0.918349","XMIN":726354.86160847,"YMIN":8516073.59738907,"XMAX":726454.86160847,"YMAX":8516173.59738907},"geometry":{"type":"Polygon","coordinates":[[[-72.90862182217913,-13.41443505765879],[-72.90862964226804,-13.413531421122002],[-72.90955273421885,-13.413539074426376],[-72.90954491757546,-13.414442711497355],[-72.90862182217913,-13.41443505765879]]]}},{"type":"Feature","properties":{"Cell_ID":74,"Area_ha":1.0,"LC":"3:0.918882,5:0.081118","XMIN":726354.86160847,"YMIN":8515973.59738907,"XMAX":726454.86160847,"YMAX":8516073.59738907},"geometry":{"type":"Polygon","coordinates":[[[-72.90861400151462,-13.415338694126492],[-72.90862182217913,-13.41443505765879],[-72.90954491757546,-13.414442711497355],[-72.90953710035672,-13.415346348499247],[-72.90861400151462,-13.415338694126492]]]}},{"type":"Feature","properties":{"Cell_ID":75,"Area_ha":1.0,"LC":"3:1.000000","XMIN":726354.86160847,"YMIN":8515873.59738907,"XMAX":726454.86160847,"YMAX":8515973.59738907},"geometry":{"type":"Polygon","coordinates":[[[-72.90860618027449,-13.416242330525098],[-72.90861400151462,-13.415338694126492],[-72.90953710035672,-13.415346348499247],[-72.9095292825626,-13.41624998543205],[-72.90860618027449,-13.416242330525098]]]}},{"type":"Feature","properties":{"Cell_ID":76,"Area_ha":1.0,"LC":"3:1.000000","XMIN":726354.86160847,"YMIN":8515773.59738907,"XMAX":726454.86160847,"YMAX":8515873.59738907},"geometry":{"type":"Polygon","coordinates":[[[-72.90859835845873,-13.417145966854607],[-72.90860618027449,-13.416242330525098],[-72.9095292825626,-13.41624998543205],[-72.90952146419312,-13.417153622295759],[-72.90859835845873,-13.417145966854607]]]}},{"type":"Feature","properties":{"Cell_ID":77,"Area_ha":1.0,"LC":"3:1.000000","XMIN":726354.86160847,"YMIN":8515673.59738907,"XMAX":726454.86160847,"YMAX":8515773.59738907},"geometry":{"type":"Polygon","coordinates":[[[-72.90859053606735,-13.418049603115016],[-72.90859835845873,-13.417145966854607],[-72.90952146419312,-13.417153622295759],[-72.90951364524827,-13.418057259090368],[-72.90859053606735,-13.418049603115016]]]}},{"type":"Feature","properties":{"Cell_ID":78,"Area_ha":1.0,"LC":"3:1.000000","XMIN":726354.86160847,"YMIN":8515573.59738907,"XMAX":726454.86160847,"YMAX":8515673.59738907},"geometry":{"type":"Polygon","coordinates":[[[-72.90858271310033,-13.418953239306315],[-72.90859053606735,-13.418049603115016],[-72.90951364524827,-13.418057259090368],[-72.90950582572802,-13.418960895815879],[-72.90858271310033,-13.418953239306315]]]}},{"type":"Feature","properties":{"Cell_ID":79,"Area_ha":1.0,"LC":"3:1.000000","XMIN":726354.86160847,"YMIN":8515473.59738907,"XMAX":726454.86160847,"YMAX":8515573.59738907},"geometry":{"type":"Polygon","coordinates":[[[-72.90857488955766,-13.419856875428506],[-72.90858271310033,-13.418953239306315],[-72.90950582572802,-13.418960895815879],[-72.90949800563237,-13.419864532472278],[-72.90857488955766,-13.419856875428506]]]}},{"type":"Feature","properties":{"Cell_ID":80,"Area_ha":1.0,"LC":"3:1.000000","XMIN":726354.86160847,"YMIN":8515373.59738907,"XMAX":726454.86160847,"YMAX":8515473.59738907},"geometry":{"type":"Polygon","coordinates":[[[-72.9085670654393,-13.42076051148158],[-72.90857488955766,-13.419856875428506],[-72.90949800563237,-13.419864532472278],[-72.90949018496133,-13.42076816905957],[-72.9085670654393,-13.42076051148158]]]}},{"type":"Feature","properties":{"Cell_ID":81,"Area_ha":1.0,"LC":"3:0.999031,6:0.000969","XMIN":726354.86160847,"YMIN":8515273.59738907,"XMAX":726454.86160847,"YMAX":8515373.59738907},"geometry":{"type":"Polygon","coordinates":[[[-72.90855924074529,-13.421664147465536],[-72.9085670654393,-13.42076051148158],[-72.90949018496133,-13.42076816905957],[-72.90948236371484,-13.421671805577745],[-72.90855924074529,-13.421664147465536]]]}},{"type":"Feature","properties":{"Cell_ID":82,"Area_ha":1.0,"LC":"3:0.717092,6:0.282908","XMIN":726354.86160847,"YMIN":8515173.59738907,"XMAX":726454.86160847,"YMAX":8515273.59738907},"geometry":{"type":"Polygon","coordinates":[[[-72.90855141547559,-13.422567783380373],[-72.90855924074529,-13.421664147465536],[-72.90948236371484,-13.421671805577745],[-72.90947454189293,-13.422575442026801],[-72.90855141547559,-13.422567783380373]]]}},{"type":"Feature","properties":{"Cell_ID":83,"Area_ha":1.0,"LC":"3:0.960969,6:0.039031","XMIN":726354.86160847,"YMIN":8515073.59738907,"XMAX":726454.86160847,"YMAX":8515173.59738907},"geometry":{"type":"Polygon","coordinates":[[[-72.9085435896302,-13.423471419226074],[-72.90855141547559,-13.422567783380373],[-72.90947454189293,-13.422575442026801],[-72.90946671949558,-13.423479078406736],[-72.9085435896302,-13.423471419226074]]]}},{"type":"Feature","properties":{"Cell_ID":84,"Area_ha":1.0,"LC":"3:0.001406,5:0.598061,6:0.400533","XMIN":726354.86160847,"YMIN":8514973.59738907,"XMAX":726454.86160847,"YMAX":8515073.59738907},"geometry":{"type":"Polygon","coordinates":[[[-72.90853576320909,-13.424375055002647],[-72.9085435896302,-13.423471419226074],[-72.90946671949558,-13.423479078406736],[-72.90945889652278,-13.424382714717536],[-72.90853576320909,-13.424375055002647]]]}},{"type":"Feature","properties":{"Cell_ID":85,"Area_ha":1.0,"LC":"3:0.080400,5:0.281118,6:0.638482","XMIN":726454.86160847,"YMIN":8516773.59738907,"XMAX":726554.86160847,"YMAX":8516873.59738907},"geometry":{"type":"Polygon","coordinates":[[[-72.90775348000687,-13.408101946979729],[-72.90776129951058,-13.40719831049384],[-72.90868436677438,-13.407205963430366],[-72.9086765507144,-13.408109600450656],[-72.90775348000687,-13.408101946979729]]]}},{"type":"Feature","properties":{"Cell_ID":86,"Area_ha":1.0,"LC":"3:0.404447,5:0.554716,6:0.040837","XMIN":726454.86160847,"YMIN":8516673.59738907,"XMAX":726554.86160847,"YMAX":8516773.59738907},"geometry":{"type":"Polygon","coordinates":[[[-72.90774565992739,-13.409005583396558],[-72.90775348000687,-13.408101946979729],[-72.9086765507144,-13.408109600450656],[-72.9086687340789,-13.409013237401883],[-72.90774565992739,-13.409005583396558]]]}},{"type":"Feature","properties":{"Cell_ID":87,"Area_ha":1.0,"LC":"5:1.000000","XMIN":726454.86160847,"YMIN":8516573.59738907,"XMAX":726554.86160847,"YMAX":8516673.59738907},"geometry":{"type":"Polygon","coordinates":[[[-72.9077378392721,-13.40990921974432],[-72.90774565992739,-13.409005583396558],[-72.9086687340789,-13.409013237401883],[-72.90866091686785,-13.409916874284049],[-72.9077378392721,-13.40990921974432]]]}},{"type":"Feature","properties":{"Cell_ID":88,"Area_ha":1.0,"LC":"3:0.917624,5:0.082376","XMIN":726454.86160847,"YMIN":8516473.59738907,"XMAX":726554.86160847,"YMAX":8516573.59738907},"geometry":{"type":"Polygon","coordinates":[[[-72.90773001804101,-13.41081285602301],[-72.9077378392721,-13.40990921974432],[-72.90866091686785,-13.409916874284049],[-72.90865309908125,-13.410820511097148],[-72.90773001804101,-13.41081285602301]]]}},{"type":"Feature","properties":{"Cell_ID":89,"Area_ha":1.0,"LC":"3:0.639305,5:0.360695","XMIN":726454.86160847,"YMIN":8516373.59738907,"XMAX":726554.86160847,"YMAX":8516473.59738907},"geometry":{"type":"Polygon","coordinates":[[[-72.9077221962341,-13.411716492232626],[-72.90773001804101,-13.41081285602301],[-72.90865309908125,-13.410820511097148],[-72.90864528071909,-13.411724147841179],[-72.9077221962341,-13.411716492232626]]]}},{"type":"Feature","properties":{"Cell_ID":90,"Area_ha":1.0,"LC":"2:0.038756,3:0.960007,5:0.001237","XMIN":726454.86160847,"YMIN":8516273.59738907,"XMAX":726554.86160847,"YMAX":8516373.59738907},"geometry":{"type":"Polygon","coordinates":[[[-72.90771437385136,-13.412620128373165],[-72.9077221962341,-13.411716492232626],[-72.90864528071909,-13.411724147841179],[-72.90863746178135,-13.41262778451613],[-72.90771437385136,-13.412620128373165]]]}},{"type":"Feature","properties":{"Cell_ID":91,"Area_ha":1.0,"LC":"2:0.000274,3:0.120155,5:0.877638,6:0.001932","XMIN":726454.86160847,"YMIN":8516173.59738907,"XMAX":726554.86160847,"YMAX":8516273.59738907},"geometry":{"type":"Polygon","coordinates":[[[-72.9077065508928,-13.413523764444616],[-72.90771437385136,-13.412620128373165],[-72.90863746178135,-13.41262778451613],[-72.90862964226804,-13.413531421122002],[-72.9077065508928,-13.413523764444616]]]}},{"type":"Feature","properties":{"Cell_ID":92,"Area_ha":1.0,"LC":"3:0.600533,5:0.158491,6:0.240976","XMIN":726454.86160847,"YMIN":8516073.59738907,"XMAX":726554.86160847,"YMAX":8516173.59738907},"geometry":{"type":"Polygon","coordinates":[[[-72.9076987273584,-13.41442740044698],[-72.9077065508928,-13.413523764444616],[-72.90862964226804,-13.413531421122002],[-72.90862182217913,-13.41443505765879],[-72.9076987273584,-13.41442740044698]]]}},{"type":"Feature","properties":{"Cell_ID":93,"Area_ha":1.0,"LC":"3:1.000000","XMIN":726454.86160847,"YMIN":8515973.59738907,"XMAX":726554.86160847,"YMAX":8516073.59738907},"geometry":{"type":"Polygon","coordinates":[[[-72.90769090324812,-13.415331036380252],[-72.9076987273584,-13.41442740044698],[-72.90862182217913,-13.41443505765879],[-72.90861400151462,-13.415338694126492],[-72.90769090324812,-13.415331036380252]]]}},{"type":"Feature","properties":{"Cell_ID":94,"Area_ha":1.0,"LC":"3:1.000000","XMIN":726454.86160847,"YMIN":8515873.59738907,"XMAX":726554.86160847,"YMAX":8515973.59738907},"geometry":{"type":"Polygon","coordinates":[[[-72.907683078562,-13.416234672244425],[-72.90769090324812,-13.415331036380252],[-72.90861400151462,-13.415338694126492],[-72.90860618027449,-13.416242330525098],[-72.907683078562,-13.416234672244425]]]}},{"type":"Feature","properties":{"Cell_ID":95,"Area_ha":1.0,"LC":"3:1.000000","XMIN":726454.86160847,"YMIN":8515773.59738907,"XMAX":726554.86160847,"YMAX":8515873.59738907},"geometry":{"type":"Polygon","coordinates":[[[-72.90767525329998,-13.417138308039503],[-72.907683078562,-13.416234672244425],[-72.90860618027449,-13.416242330525098],[-72.90859835845873,-13.417145966854607],[-72.90767525329998,-13.417138308039503]]]}},{"type":"Feature","properties":{"Cell_ID":96,"Area_ha":1.0,"LC":"3:1.000000","XMIN":726454.86160847,"YMIN":8515673.59738907,"XMAX":726554.86160847,"YMAX":8515773.59738907},"geometry":{"type":"Polygon","coordinates":[[[-72.90766742746209,-13.418041943765468],[-72.90767525329998,-13.417138308039503],[-72.90859835845873,-13.417145966854607],[-72.90859053606735,-13.418049603115016],[-72.90766742746209,-13.418041943765468]]]}},{"type":"Feature","properties":{"Cell_ID":97,"Area_ha":1.0,"LC":"3:0.877661,6:0.122339","XMIN":726454.86160847,"YMIN":8515573.59738907,"XMAX":726554.86160847,"YMAX":8515673.59738907},"geometry":{"type":"Polygon","coordinates":[[[-72.90765960104828,-13.418945579422326],[-72.90766742746209,-13.418041943765468],[-72.90859053606735,-13.418049603115016],[-72.90858271310033,-13.418953239306315],[-72.90765960104828,-13.418945579422326]]]}},{"type":"Feature","properties":{"Cell_ID":98,"Area_ha":1.0,"LC":"3:0.999431,6:0.000569","XMIN":726454.86160847,"YMIN":8515473.59738907,"XMAX":726554.86160847,"YMAX":8515573.59738907},"geometry":{"type":"Polygon","coordinates":[[[-72.90765177405858,-13.419849215010071],[-72.90765960104828,-13.418945579422326],[-72.90858271310033,-13.418953239306315],[-72.90857488955766,-13.419856875428506],[-72.90765177405858,-13.419849215010071]]]}},{"type":"Feature","properties":{"Cell_ID":99,"Area_ha":1.0,"LC":"3:0.960281,6:0.039719","XMIN":726454.86160847,"YMIN":8515373.59738907,"XMAX":726554.86160847,"YMAX":8515473.59738907},"geometry":{"type":"Polygon","coordinates":[[[-72.90764394649297,-13.420752850528695],[-72.90765177405858,-13.419849215010071],[-72.90857488955766,-13.419856875428506],[-72.9085670654393,-13.42076051148158],[-72.90764394649297,-13.420752850528695]]]}},{"type":"Feature","properties":{"Cell_ID":100,"Area_ha":1.0,"LC":"3:0.361813,6:0.638187","XMIN":726454.86160847,"YMIN":8515273.59738907,"XMAX":726554.86160847,"YMAX":8515373.59738907},"geometry":{"type":"Polygon","coordinates":[[[-72.90763611835142,-13.421656485978197],[-72.90764394649297,-13.420752850528695],[-72.9085670654393,-13.42076051148158],[-72.90855924074529,-13.421664147465536],[-72.90763611835142,-13.421656485978197]]]}},{"type":"Feature","properties":{"Cell_ID":101,"Area_ha":1.0,"LC":"3:0.561784,6:0.438216","XMIN":726454.86160847,"YMIN":8515173.59738907,"XMAX":726554.86160847,"YMAX":8515273.59738907},"geometry":{"type":"Polygon","coordinates":[[[-72.90762828963393,-13.422560121358572],[-72.90763611835142,-13.421656485978197],[-72.90855924074529,-13.421664147465536],[-72.90855141547559,-13.422567783380373],[-72.90762828963393,-13.422560121358572]]]}},{"type":"Feature","properties":{"Cell_ID":102,"Area_ha":1.0,"LC":"3:1.000000","XMIN":726454.86160847,"YMIN":8515073.59738907,"XMAX":726554.86160847,"YMAX":8515173.59738907},"geometry":{"type":"Polygon","coordinates":[[[-72.9076204603405,-13.423463756669813],[-72.90762828963393,-13.422560121358572],[-72.90855141547559,-13.422567783380373],[-72.9085435896302,-13.423471419226074],[-72.9076204603405,-13.423463756669813]]]}},{"type":"Feature","properties":{"Cell_ID":103,"Area_ha":1.0,"LC":"3:0.365965,5:0.078061,6:0.555974","XMIN":726454.86160847,"YMIN":8514973.59738907,"XMAX":726554.86160847,"YMAX":8515073.59738907},"geometry":{"type":"Polygon","coordinates":[[[-72.9076126304711,-13.424367391911918],[-72.9076204603405,-13.423463756669813],[-72.9085435896302,-13.423471419226074],[-72.90853576320909,-13.424375055002647],[-72.9076126304711,-13.424367391911918]]]}},{"type":"Feature","properties":{"Cell_ID":104,"Area_ha":1.0,"LC":"3:0.000288,5:0.080400,6:0.919312","XMIN":726454.86160847,"YMIN":8514873.59738907,"XMAX":726554.86160847,"YMAX":8514973.59738907},"geometry":{"type":"Polygon","coordinates":[[[-72.90760480002574,-13.425271027084886],[-72.9076126304711,-13.424367391911918],[-72.90853576320909,-13.424375055002647],[-72.90852793621225,-13.425278690710083],[-72.90760480002574,-13.425271027084886]]]}},{"type":"Feature","properties":{"Cell_ID":105,"Area_ha":1.0,"LC":"3:0.000969,5:0.564715,6:0.434316","XMIN":726554.86160847,"YMIN":8516973.59738907,"XMAX":726654.86160847,"YMAX":8517073.59738907},"geometry":{"type":"Polygon","coordinates":[[[-72.90684605519392,-13.406287018165637],[-72.9068538769893,-13.405383382076261],[-72.90777693679067,-13.40539103731489],[-72.90776911843851,-13.406294673938891],[-72.90684605519392,-13.406287018165637]]]}},{"type":"Feature","properties":{"Cell_ID":106,"Area_ha":1.0,"LC":"5:0.524566,6:0.475434","XMIN":726554.86160847,"YMIN":8516873.59738907,"XMAX":726654.86160847,"YMAX":8516973.59738907},"geometry":{"type":"Polygon","coordinates":[[[-72.90683823282254,-13.407190654185955],[-72.90684605519392,-13.406287018165637],[-72.90776911843851,-13.406294673938891],[-72.90776129951058,-13.40719831049384],[-72.90683823282254,-13.407190654185955]]]}},{"type":"Feature","properties":{"Cell_ID":107,"Area_ha":1.0,"LC":"3:0.561502,5:0.121820,6:0.316678","XMIN":726554.86160847,"YMIN":8516773.59738907,"XMAX":726654.86160847,"YMAX":8516873.59738907},"geometry":{"type":"Polygon","coordinates":[[[-72.90683040987511,-13.408094290137216],[-72.90683823282254,-13.407190654185955],[-72.90776129951058,-13.40719831049384],[-72.90775348000687,-13.408101946979729],[-72.90683040987511,-13.408094290137216]]]}},{"type":"Feature","properties":{"Cell_ID":108,"Area_ha":1.0,"LC":"3:0.597528,5:0.402472","XMIN":726554.86160847,"YMIN":8516673.59738907,"XMAX":726654.86160847,"YMAX":8516773.59738907},"geometry":{"type":"Polygon","coordinates":[[[-72.90682258635165,-13.408997926019406],[-72.90683040987511,-13.408094290137216],[-72.90775348000687,-13.408101946979729],[-72.90774565992739,-13.409005583396558],[-72.90682258635165,-13.408997926019406]]]}},{"type":"Feature","properties":{"Cell_ID":109,"Area_ha":1.0,"LC":"5:1.000000","XMIN":726554.86160847,"YMIN":8516573.59738907,"XMAX":726654.86160847,"YMAX":8516673.59738907},"geometry":{"type":"Polygon","coordinates":[[[-72.90681476225214,-13.409901561832527],[-72.90682258635165,-13.408997926019406],[-72.90774565992739,-13.409005583396558],[-72.9077378392721,-13.40990921974432],[-72.90681476225214,-13.409901561832527]]]}},{"type":"Feature","properties":{"Cell_ID":110,"Area_ha":1.0,"LC":"3:0.798594,5:0.201406","XMIN":726554.86160847,"YMIN":8516473.59738907,"XMAX":726654.86160847,"YMAX":8516573.59738907},"geometry":{"type":"Polygon","coordinates":[[[-72.90680693757658,-13.410805197576577],[-72.90681476225214,-13.409901561832527],[-72.9077378392721,-13.40990921974432],[-72.90773001804101,-13.41081285602301],[-72.90680693757658,-13.410805197576577]]]}},{"type":"Feature","properties":{"Cell_ID":111,"Area_ha":1.0,"LC":"3:0.440969,5:0.559031","XMIN":726554.86160847,"YMIN":8516373.59738907,"XMAX":726654.86160847,"YMAX":8516473.59738907},"geometry":{"type":"Polygon","coordinates":[[[-72.90679911232495,-13.411708833251543],[-72.90680693757658,-13.410805197576577],[-72.90773001804101,-13.41081285602301],[-72.9077221962341,-13.411716492232626],[-72.90679911232495,-13.411708833251543]]]}},{"type":"Feature","properties":{"Cell_ID":112,"Area_ha":1.0,"LC":"3:0.842088,5:0.157912","XMIN":726554.86160847,"YMIN":8516273.59738907,"XMAX":726654.86160847,"YMAX":8516373.59738907},"geometry":{"type":"Polygon","coordinates":[[[-72.90679128649722,-13.412612468857429],[-72.90679911232495,-13.411708833251543],[-72.9077221962341,-13.411716492232626],[-72.90771437385136,-13.412620128373165],[-72.90679128649722,-13.412612468857429]]]}},{"type":"Feature","properties":{"Cell_ID":113,"Area_ha":1.0,"LC":"3:0.404004,5:0.398210,6:0.197787","XMIN":726554.86160847,"YMIN":8516173.59738907,"XMAX":726654.86160847,"YMAX":8516273.59738907},"geometry":{"type":"Polygon","coordinates":[[[-72.90678346009342,-13.413516104394226],[-72.90679128649722,-13.412612468857429],[-72.90771437385136,-13.412620128373165],[-72.9077065508928,-13.413523764444616],[-72.90678346009342,-13.413516104394226]]]}},{"type":"Feature","properties":{"Cell_ID":114,"Area_ha":1.0,"LC":"3:0.960695,6:0.039305","XMIN":726554.86160847,"YMIN":8516073.59738907,"XMAX":726654.86160847,"YMAX":8516173.59738907},"geometry":{"type":"Polygon","coordinates":[[[-72.90677563311353,-13.41441973986193],[-72.90678346009342,-13.413516104394226],[-72.9077065508928,-13.413523764444616],[-72.9076987273584,-13.41442740044698],[-72.90677563311353,-13.41441973986193]]]}},{"type":"Feature","properties":{"Cell_ID":115,"Area_ha":1.0,"LC":"3:1.000000","XMIN":726554.86160847,"YMIN":8515973.59738907,"XMAX":726654.86160847,"YMAX":8516073.59738907},"geometry":{"type":"Polygon","coordinates":[[[-72.90676780555752,-13.415323375260538],[-72.90677563311353,-13.41441973986193],[-72.9076987273584,-13.41442740044698],[-72.90769090324812,-13.415331036380252],[-72.90676780555752,-13.415323375260538]]]}},{"type":"Feature","properties":{"Cell_ID":116,"Area_ha":1.0,"LC":"3:1.000000","XMIN":726554.86160847,"YMIN":8515873.59738907,"XMAX":726654.86160847,"YMAX":8515973.59738907},"geometry":{"type":"Polygon","coordinates":[[[-72.90675997742538,-13.416227010590049],[-72.90676780555752,-13.415323375260538],[-72.90769090324812,-13.415331036380252],[-72.907683078562,-13.416234672244425],[-72.90675997742538,-13.416227010590049]]]}},{"type":"Feature","properties":{"Cell_ID":117,"Area_ha":1.0,"LC":"3:1.000000","XMIN":726554.86160847,"YMIN":8515773.59738907,"XMAX":726654.86160847,"YMAX":8515873.59738907},"geometry":{"type":"Polygon","coordinates":[[[-72.90675214871712,-13.417130645850452],[-72.90675997742538,-13.416227010590049],[-72.907683078562,-13.416234672244425],[-72.90767525329998,-13.417138308039503],[-72.90675214871712,-13.417130645850452]]]}},{"type":"Feature","properties":{"Cell_ID":118,"Area_ha":1.0,"LC":"3:1.000000","XMIN":726554.86160847,"YMIN":8515673.59738907,"XMAX":726654.86160847,"YMAX":8515773.59738907},"geometry":{"type":"Polygon","coordinates":[[[-72.9067443194327,-13.418034281041743],[-72.90675214871712,-13.417130645850452],[-72.90767525329998,-13.417138308039503],[-72.90766742746209,-13.418041943765468],[-72.9067443194327,-13.418034281041743]]]}},{"type":"Feature","properties":{"Cell_ID":119,"Area_ha":1.0,"LC":"3:0.643745,6:0.356255","XMIN":726554.86160847,"YMIN":8515573.59738907,"XMAX":726654.86160847,"YMAX":8515673.59738907},"geometry":{"type":"Polygon","coordinates":[[[-72.90673648957215,-13.418937916163923],[-72.9067443194327,-13.418034281041743],[-72.90766742746209,-13.418041943765468],[-72.90765960104828,-13.418945579422326],[-72.90673648957215,-13.418937916163923]]]}},{"type":"Feature","properties":{"Cell_ID":120,"Area_ha":1.0,"LC":"3:0.838194,6:0.161806","XMIN":726554.86160847,"YMIN":8515473.59738907,"XMAX":726654.86160847,"YMAX":8515573.59738907},"geometry":{"type":"Polygon","coordinates":[[[-72.90672865913544,-13.419841551216985],[-72.90673648957215,-13.418937916163923],[-72.90765960104828,-13.418945579422326],[-72.90765177405858,-13.419849215010071],[-72.90672865913544,-13.419841551216985]]]}},{"type":"Feature","properties":{"Cell_ID":121,"Area_ha":1.0,"LC":"3:1.000000","XMIN":726554.86160847,"YMIN":8515373.59738907,"XMAX":726654.86160847,"YMAX":8515473.59738907},"geometry":{"type":"Polygon","coordinates":[[[-72.90672082812254,-13.420745186200923],[-72.90672865913544,-13.419841551216985],[-72.90765177405858,-13.419849215010071],[-72.90764394649297,-13.420752850528695],[-72.90672082812254,-13.420745186200923]]]}},{"type":"Feature","properties":{"Cell_ID":122,"Area_ha":1.0,"LC":"3:1.000000","XMIN":726554.86160847,"YMIN":8515273.59738907,"XMAX":726654.86160847,"YMAX":8515373.59738907},"geometry":{"type":"Polygon","coordinates":[[[-72.90671299653349,-13.421648821115733],[-72.90672082812254,-13.420745186200923],[-72.90764394649297,-13.420752850528695],[-72.90763611835142,-13.421656485978197],[-72.90671299653349,-13.421648821115733]]]}},{"type":"Feature","properties":{"Cell_ID":123,"Area_ha":1.0,"LC":"3:1.000000","XMIN":726554.86160847,"YMIN":8515173.59738907,"XMAX":726654.86160847,"YMAX":8515273.59738907},"geometry":{"type":"Polygon","coordinates":[[[-72.90670516436822,-13.422552455961416],[-72.90671299653349,-13.421648821115733],[-72.90763611835142,-13.421656485978197],[-72.90762828963393,-13.422560121358572],[-72.90670516436822,-13.422552455961416]]]}},{"type":"Feature","properties":{"Cell_ID":124,"Area_ha":1.0,"LC":"3:1.000000","XMIN":726554.86160847,"YMIN":8515073.59738907,"XMAX":726654.86160847,"YMAX":8515173.59738907},"geometry":{"type":"Polygon","coordinates":[[[-72.90669733162677,-13.423456090737961],[-72.90670516436822,-13.422552455961416],[-72.90762828963393,-13.422560121358572],[-72.9076204603405,-13.423463756669813],[-72.90669733162677,-13.423456090737961]]]}},{"type":"Feature","properties":{"Cell_ID":125,"Area_ha":1.0,"LC":"3:1.000000","XMIN":726554.86160847,"YMIN":8514973.59738907,"XMAX":726654.86160847,"YMAX":8515073.59738907},"geometry":{"type":"Polygon","coordinates":[[[-72.90668949830909,-13.424359725445367],[-72.90669733162677,-13.423456090737961],[-72.9076204603405,-13.423463756669813],[-72.9076126304711,-13.424367391911918],[-72.90668949830909,-13.424359725445367]]]}},{"type":"Feature","properties":{"Cell_ID":126,"Area_ha":1.0,"LC":"3:0.405965,5:0.038756,6:0.555278","XMIN":726554.86160847,"YMIN":8514873.59738907,"XMAX":726654.86160847,"YMAX":8514973.59738907},"geometry":{"type":"Polygon","coordinates":[[[-72.90668166441519,-13.425263360083626],[-72.90668949830909,-13.424359725445367],[-72.9076126304711,-13.424367391911918],[-72.90760480002574,-13.425271027084886],[-72.90668166441519,-13.425263360083626]]]}},{"type":"Feature","properties":{"Cell_ID":127,"Area_ha":1.0,"LC":"3:0.040983,5:0.639143,6:0.319874","XMIN":726554.86160847,"YMIN":8514773.59738907,"XMAX":726654.86160847,"YMAX":8514873.59738907},"geometry":{"type":"Polygon","coordinates":[[[-72.90667382994505,-13.426166994652734],[-72.90668166441519,-13.425263360083626],[-72.90760480002574,-13.425271027084886],[-72.9075969690044,-13.426174662188705],[-72.90667382994505,-13.426166994652734]]]}},{"type":"Feature","properties":{"Cell_ID":128,"Area_ha":1.0,"LC":"3:0.238187,5:0.559193,14:0.202620","XMIN":726654.86160847,"YMIN":8516973.59738907,"XMAX":726754.86160847,"YMAX":8517073.59738907},"geometry":{"type":"Polygon","coordinates":[[[-72.90592299252538,-13.406279359021275],[-72.90593081776395,-13.405375723466756],[-72.9068538769893,-13.405383382076261],[-72.90684605519392,-13.406287018165637],[-72.90592299252538,-13.406279359021275]]]}},{"type":"Feature","properties":{"Cell_ID":129,"Area_ha":1.0,"LC":"3:0.524841,5:0.474871,14:0.000288","XMIN":726654.86160847,"YMIN":8516873.59738907,"XMAX":726754.86160847,"YMAX":8516973.59738907},"geometry":{"type":"Polygon","coordinates":[[[-72.90591516671053,-13.40718299450673],[-72.90592299252538,-13.406279359021275],[-72.90684605519392,-13.406287018165637],[-72.90683823282254,-13.407190654185955],[-72.90591516671053,-13.40718299450673]]]}},{"type":"Feature","properties":{"Cell_ID":130,"Area_ha":1.0,"LC":"3:0.838763,5:0.161237","XMIN":726654.86160847,"YMIN":8516773.59738907,"XMAX":726754.86160847,"YMAX":8516873.59738907},"geometry":{"type":"Polygon","coordinates":[[[-72.90590734031939,-13.408086629923119],[-72.90591516671053,-13.40718299450673],[-72.90683823282254,-13.407190654185955],[-72.90683040987511,-13.408094290137216],[-72.90590734031939,-13.408086629923119]]]}},{"type":"Feature","properties":{"Cell_ID":131,"Area_ha":1.0,"LC":"3:0.041118,5:0.958882","XMIN":726654.86160847,"YMIN":8516673.59738907,"XMAX":726754.86160847,"YMAX":8516773.59738907},"geometry":{"type":"Polygon","coordinates":[[[-72.90589951335197,-13.40899026527044],[-72.90590734031939,-13.408086629923119],[-72.90683040987511,-13.408094290137216],[-72.90682258635165,-13.408997926019406],[-72.90589951335197,-13.40899026527044]]]}},{"type":"Feature","properties":{"Cell_ID":132,"Area_ha":1.0,"LC":"5:0.919600,9:0.080400","XMIN":726654.86160847,"YMIN":8516573.59738907,"XMAX":726754.86160847,"YMAX":8516673.59738907},"geometry":{"type":"Polygon","coordinates":[[[-72.90589168580826,-13.409893900548683],[-72.90589951335197,-13.40899026527044],[-72.90682258635165,-13.408997926019406],[-72.90681476225214,-13.409901561832527],[-72.90589168580826,-13.409893900548683]]]}},{"type":"Feature","properties":{"Cell_ID":133,"Area_ha":1.0,"LC":"3:0.757624,5:0.200837,7:0.040969,9:0.000569","XMIN":726654.86160847,"YMIN":8516473.59738907,"XMAX":726754.86160847,"YMAX":8516573.59738907},"geometry":{"type":"Polygon","coordinates":[[[-72.90588385768822,-13.410797535757855],[-72.90589168580826,-13.409893900548683],[-72.90681476225214,-13.409901561832527],[-72.90680693757658,-13.410805197576577],[-72.90588385768822,-13.410797535757855]]]}},{"type":"Feature","properties":{"Cell_ID":134,"Area_ha":1.0,"LC":"3:0.600000,5:0.400000","XMIN":726654.86160847,"YMIN":8516373.59738907,"XMAX":726754.86160847,"YMAX":8516473.59738907},"geometry":{"type":"Polygon","coordinates":[[[-72.90587602899186,-13.411701170897938],[-72.90588385768822,-13.410797535757855],[-72.90680693757658,-13.410805197576577],[-72.90679911232495,-13.411708833251543],[-72.90587602899186,-13.411701170897938]]]}},{"type":"Feature","properties":{"Cell_ID":135,"Area_ha":1.0,"LC":"3:1.000000","XMIN":726654.86160847,"YMIN":8516273.59738907,"XMAX":726754.86160847,"YMAX":8516373.59738907},"geometry":{"type":"Polygon","coordinates":[[[-72.90586819971918,-13.412604805968938],[-72.90587602899186,-13.411701170897938],[-72.90679911232495,-13.411708833251543],[-72.90679128649722,-13.412612468857429],[-72.90586819971918,-13.412604805968938]]]}},{"type":"Feature","properties":{"Cell_ID":136,"Area_ha":1.0,"LC":"3:0.517254,5:0.482746","XMIN":726654.86160847,"YMIN":8516173.59738907,"XMAX":726754.86160847,"YMAX":8516273.59738907},"geometry":{"type":"Polygon","coordinates":[[[-72.90586036987015,-13.413508440970842],[-72.90586819971918,-13.412604805968938],[-72.90679128649722,-13.412612468857429],[-72.90678346009342,-13.413516104394226],[-72.90586036987015,-13.413508440970842]]]}},{"type":"Feature","properties":{"Cell_ID":137,"Area_ha":1.0,"LC":"3:0.677899,5:0.322101","XMIN":726654.86160847,"YMIN":8516073.59738907,"XMAX":726754.86160847,"YMAX":8516173.59738907},"geometry":{"type":"Polygon","coordinates":[[[-72.90585253944477,-13.414412075903654],[-72.90586036987015,-13.413508440970842],[-72.90678346009342,-13.413516104394226],[-72.90677563311353,-13.41441973986193],[-72.90585253944477,-13.414412075903654]]]}},{"type":"Feature","properties":{"Cell_ID":138,"Area_ha":1.0,"LC":"3:1.000000","XMIN":726654.86160847,"YMIN":8515973.59738907,"XMAX":726754.86160847,"YMAX":8516073.59738907},"geometry":{"type":"Polygon","coordinates":[[[-72.90584470844303,-13.415315710767365],[-72.90585253944477,-13.414412075903654],[-72.90677563311353,-13.41441973986193],[-72.90676780555752,-13.415323375260538],[-72.90584470844303,-13.415315710767365]]]}},{"type":"Feature","properties":{"Cell_ID":139,"Area_ha":1.0,"LC":"3:1.000000","XMIN":726654.86160847,"YMIN":8515873.59738907,"XMAX":726754.86160847,"YMAX":8515973.59738907},"geometry":{"type":"Polygon","coordinates":[[[-72.9058368768649,-13.41621934556197],[-72.90584470844303,-13.415315710767365],[-72.90676780555752,-13.415323375260538],[-72.90675997742538,-13.416227010590049],[-72.9058368768649,-13.41621934556197]]]}},{"type":"Feature","properties":{"Cell_ID":140,"Area_ha":1.0,"LC":"3:1.000000","XMIN":726654.86160847,"YMIN":8515773.59738907,"XMAX":726754.86160847,"YMAX":8515873.59738907},"geometry":{"type":"Polygon","coordinates":[[[-72.9058290447104,-13.417122980287465],[-72.9058368768649,-13.41621934556197],[-72.90675997742538,-13.416227010590049],[-72.90675214871712,-13.417130645850452],[-72.9058290447104,-13.417122980287465]]]}},{"type":"Feature","properties":{"Cell_ID":141,"Area_ha":1.0,"LC":"3:1.000000","XMIN":726654.86160847,"YMIN":8515673.59738907,"XMAX":726754.86160847,"YMAX":8515773.59738907},"geometry":{"type":"Polygon","coordinates":[[[-72.90582121197949,-13.418026614943848],[-72.9058290447104,-13.417122980287465],[-72.90675214871712,-13.417130645850452],[-72.9067443194327,-13.418034281041743],[-72.90582121197949,-13.418026614943848]]]}},{"type":"Feature","properties":{"Cell_ID":142,"Area_ha":1.0,"LC":"3:0.999037,6:0.000963","XMIN":726654.86160847,"YMIN":8515573.59738907,"XMAX":726754.86160847,"YMAX":8515673.59738907},"geometry":{"type":"Polygon","coordinates":[[[-72.90581337867219,-13.418930249531115],[-72.90582121197949,-13.418026614943848],[-72.9067443194327,-13.418034281041743],[-72.90673648957215,-13.418937916163923],[-72.90581337867219,-13.418930249531115]]]}},{"type":"Feature","properties":{"Cell_ID":143,"Area_ha":1.0,"LC":"3:0.880963,6:0.119037","XMIN":726654.86160847,"YMIN":8515473.59738907,"XMAX":726754.86160847,"YMAX":8515573.59738907},"geometry":{"type":"Polygon","coordinates":[[[-72.90580554478846,-13.419833884049261],[-72.90581337867219,-13.418930249531115],[-72.90673648957215,-13.418937916163923],[-72.90672865913544,-13.419841551216985],[-72.90580554478846,-13.419833884049261]]]}},{"type":"Feature","properties":{"Cell_ID":144,"Area_ha":1.0,"LC":"3:1.000000","XMIN":726654.86160847,"YMIN":8515373.59738907,"XMAX":726754.86160847,"YMAX":8515473.59738907},"geometry":{"type":"Polygon","coordinates":[[[-72.90579771032833,-13.420737518498274],[-72.90580554478846,-13.419833884049261],[-72.90672865913544,-13.419841551216985],[-72.90672082812254,-13.420745186200923],[-72.90579771032833,-13.420737518498274]]]}},{"type":"Feature","properties":{"Cell_ID":145,"Area_ha":1.0,"LC":"3:1.000000","XMIN":726654.86160847,"YMIN":8515273.59738907,"XMAX":726754.86160847,"YMAX":8515373.59738907},"geometry":{"type":"Polygon","coordinates":[[[-72.90578987529175,-13.421641152878163],[-72.90579771032833,-13.420737518498274],[-72.90672082812254,-13.420745186200923],[-72.90671299653349,-13.421648821115733],[-72.90578987529175,-13.421641152878163]]]}},{"type":"Feature","properties":{"Cell_ID":146,"Area_ha":1.0,"LC":"3:1.000000","XMIN":726654.86160847,"YMIN":8515173.59738907,"XMAX":726754.86160847,"YMAX":8515273.59738907},"geometry":{"type":"Polygon","coordinates":[[[-72.90578203967873,-13.422544787188915],[-72.90578987529175,-13.421641152878163],[-72.90671299653349,-13.421648821115733],[-72.90670516436822,-13.422552455961416],[-72.90578203967873,-13.422544787188915]]]}},{"type":"Feature","properties":{"Cell_ID":147,"Area_ha":1.0,"LC":"3:1.000000","XMIN":726654.86160847,"YMIN":8515073.59738907,"XMAX":726754.86160847,"YMAX":8515173.59738907},"geometry":{"type":"Polygon","coordinates":[[[-72.90577420348924,-13.423448421430525],[-72.90578203967873,-13.422544787188915],[-72.90670516436822,-13.422552455961416],[-72.90669733162677,-13.423456090737961],[-72.90577420348924,-13.423448421430525]]]}},{"type":"Feature","properties":{"Cell_ID":148,"Area_ha":1.0,"LC":"3:1.000000","XMIN":726654.86160847,"YMIN":8514973.59738907,"XMAX":726754.86160847,"YMAX":8515073.59738907},"geometry":{"type":"Polygon","coordinates":[[[-72.9057663667233,-13.424352055602993],[-72.90577420348924,-13.423448421430525],[-72.90669733162677,-13.423456090737961],[-72.90668949830909,-13.424359725445367],[-72.9057663667233,-13.424352055602993]]]}},{"type":"Feature","properties":{"Cell_ID":149,"Area_ha":1.0,"LC":"3:1.000000","XMIN":726654.86160847,"YMIN":8514873.59738907,"XMAX":726754.86160847,"YMAX":8514973.59738907},"geometry":{"type":"Polygon","coordinates":[[[-72.90575852938088,-13.425255689706313],[-72.9057663667233,-13.424352055602993],[-72.90668949830909,-13.424359725445367],[-72.90668166441519,-13.425263360083626],[-72.90575852938088,-13.425255689706313]]]}},{"type":"Feature","properties":{"Cell_ID":150,"Area_ha":1.0,"LC":"3:0.399467,5:0.599563,6:0.000969","XMIN":726654.86160847,"YMIN":8514773.59738907,"XMAX":726754.86160847,"YMAX":8514873.59738907},"geometry":{"type":"Polygon","coordinates":[[[-72.90575069146196,-13.426159323740476],[-72.90575852938088,-13.425255689706313],[-72.90668166441519,-13.425263360083626],[-72.90667382994505,-13.426166994652734],[-72.90575069146196,-13.426159323740476]]]}},{"type":"Feature","properties":{"Cell_ID":151,"Area_ha":1.0,"LC":"5:0.559044,6:0.156396,9:0.283597,14:0.000963","XMIN":726754.86160847,"YMIN":8517073.59738907,"XMAX":726854.86160847,"YMAX":8517173.59738907},"geometry":{"type":"Polygon","coordinates":[[[-72.90500775911485,-13.40536806148639],[-72.9050155872201,-13.40446442639791],[-72.90593864242626,-13.404472087843185],[-72.90593081776395,-13.405375723466756],[-72.90500775911485,-13.40536806148639]]]}},{"type":"Feature","properties":{"Cell_ID":152,"Area_ha":1.0,"LC":"5:0.519179,9:0.042220,14:0.438601","XMIN":726754.86160847,"YMIN":8516973.59738907,"XMAX":726854.86160847,"YMAX":8517073.59738907},"geometry":{"type":"Polygon","coordinates":[[[-72.90499993043308,-13.406271696505808],[-72.90500775911485,-13.40536806148639],[-72.90593081776395,-13.405375723466756],[-72.90592299252538,-13.406279359021275],[-72.90499993043308,-13.406271696505808]]]}},{"type":"Feature","properties":{"Cell_ID":153,"Area_ha":1.0,"LC":"3:0.915685,14:0.084315","XMIN":726754.86160847,"YMIN":8516873.59738907,"XMAX":726854.86160847,"YMAX":8516973.59738907},"geometry":{"type":"Polygon","coordinates":[[[-72.9049921011748,-13.407175331456166],[-72.90499993043308,-13.406271696505808],[-72.90592299252538,-13.406279359021275],[-72.90591516671053,-13.40718299450673],[-72.9049921011748,-13.407175331456166]]]}},{"type":"Feature","properties":{"Cell_ID":154,"Area_ha":1.0,"LC":"3:0.279467,5:0.720533","XMIN":726754.86160847,"YMIN":8516773.59738907,"XMAX":726854.86160847,"YMAX":8516873.59738907},"geometry":{"type":"Polygon","coordinates":[[[-72.90498427133997,-13.408078966337452],[-72.9049921011748,-13.407175331456166],[-72.90591516671053,-13.40718299450673],[-72.90590734031939,-13.408086629923119],[-72.90498427133997,-13.408078966337452]]]}},{"type":"Feature","properties":{"Cell_ID":155,"Area_ha":1.0,"LC":"5:1.000000","XMIN":726754.86160847,"YMIN":8516673.59738907,"XMAX":726854.86160847,"YMAX":8516773.59738907},"geometry":{"type":"Polygon","coordinates":[[[-72.9049764409286,-13.408982601149667],[-72.90498427133997,-13.408078966337452],[-72.90590734031939,-13.408086629923119],[-72.90589951335197,-13.40899026527044],[-72.9049764409286,-13.408982601149667]]]}},{"type":"Feature","properties":{"Cell_ID":156,"Area_ha":1.0,"LC":"5:0.842088,9:0.157912","XMIN":726754.86160847,"YMIN":8516573.59738907,"XMAX":726854.86160847,"YMAX":8516673.59738907},"geometry":{"type":"Polygon","coordinates":[[[-72.90496860994068,-13.409886235892802],[-72.9049764409286,-13.408982601149667],[-72.90589951335197,-13.40899026527044],[-72.90589168580826,-13.409893900548683],[-72.90496860994068,-13.409886235892802]]]}},{"type":"Feature","properties":{"Cell_ID":157,"Area_ha":1.0,"LC":"2:0.000963,3:0.476662,5:0.039319,7:0.320969,9:0.162088","XMIN":726754.86160847,"YMIN":8516473.59738907,"XMAX":726854.86160847,"YMAX":8516573.59738907},"geometry":{"type":"Polygon","coordinates":[[[-72.90496077837618,-13.410789870566855],[-72.90496860994068,-13.409886235892802],[-72.90589168580826,-13.409893900548683],[-72.90588385768822,-13.410797535757855],[-72.90496077837618,-13.410789870566855]]]}},{"type":"Feature","properties":{"Cell_ID":158,"Area_ha":1.0,"LC":"2:0.081946,3:0.559024,5:0.359031","XMIN":726754.86160847,"YMIN":8516373.59738907,"XMAX":726854.86160847,"YMAX":8516473.59738907},"geometry":{"type":"Polygon","coordinates":[[[-72.90495294623511,-13.411693505171822],[-72.90496077837618,-13.410789870566855],[-72.90588385768822,-13.410797535757855],[-72.90587602899186,-13.411701170897938],[-72.90495294623511,-13.411693505171822]]]}},{"type":"Feature","properties":{"Cell_ID":159,"Area_ha":1.0,"LC":"3:1.000000","XMIN":726754.86160847,"YMIN":8516273.59738907,"XMAX":726854.86160847,"YMAX":8516373.59738907},"geometry":{"type":"Polygon","coordinates":[[[-72.90494511351746,-13.412597139707698],[-72.90495294623511,-13.411693505171822],[-72.90587602899186,-13.411701170897938],[-72.90586819971918,-13.412604805968938],[-72.90494511351746,-13.412597139707698]]]}},{"type":"Feature","properties":{"Cell_ID":160,"Area_ha":1.0,"LC":"3:0.603064,5:0.396936","XMIN":726754.86160847,"YMIN":8516173.59738907,"XMAX":726854.86160847,"YMAX":8516273.59738907},"geometry":{"type":"Polygon","coordinates":[[[-72.90493728022321,-13.413500774174475],[-72.90494511351746,-13.412597139707698],[-72.90586819971918,-13.412604805968938],[-72.90586036987015,-13.413508440970842],[-72.90493728022321,-13.413500774174475]]]}},{"type":"Feature","properties":{"Cell_ID":161,"Area_ha":1.0,"LC":"3:0.477499,5:0.522501","XMIN":726754.86160847,"YMIN":8516073.59738907,"XMAX":726854.86160847,"YMAX":8516173.59738907},"geometry":{"type":"Polygon","coordinates":[[[-72.90492944635236,-13.414404408572157],[-72.90493728022321,-13.413500774174475],[-72.90586036987015,-13.413508440970842],[-72.90585253944477,-13.414412075903654],[-72.90492944635236,-13.414404408572157]]]}},{"type":"Feature","properties":{"Cell_ID":162,"Area_ha":1.0,"LC":"3:0.999438,5:0.000562","XMIN":726754.86160847,"YMIN":8515973.59738907,"XMAX":726854.86160847,"YMAX":8516073.59738907},"geometry":{"type":"Polygon","coordinates":[[[-72.9049216119049,-13.415308042900733],[-72.90492944635236,-13.414404408572157],[-72.90585253944477,-13.414412075903654],[-72.90584470844303,-13.415315710767365],[-72.9049216119049,-13.415308042900733]]]}},{"type":"Feature","properties":{"Cell_ID":163,"Area_ha":1.0,"LC":"3:0.798342,6:0.201658","XMIN":726754.86160847,"YMIN":8515873.59738907,"XMAX":726854.86160847,"YMAX":8515973.59738907},"geometry":{"type":"Polygon","coordinates":[[[-72.90491377688079,-13.416211677160202],[-72.9049216119049,-13.415308042900733],[-72.90584470844303,-13.415315710767365],[-72.9058368768649,-13.41621934556197],[-72.90491377688079,-13.416211677160202]]]}},{"type":"Feature","properties":{"Cell_ID":164,"Area_ha":1.0,"LC":"3:0.917780,5:0.081939,6:0.000281","XMIN":726754.86160847,"YMIN":8515773.59738907,"XMAX":726854.86160847,"YMAX":8515873.59738907},"geometry":{"type":"Polygon","coordinates":[[[-72.90490594128006,-13.417115311350559],[-72.90491377688079,-13.416211677160202],[-72.9058368768649,-13.41621934556197],[-72.9058290447104,-13.417122980287465],[-72.90490594128006,-13.417115311350559]]]}},{"type":"Feature","properties":{"Cell_ID":165,"Area_ha":1.0,"LC":"3:0.680562,6:0.319438","XMIN":726754.86160847,"YMIN":8515673.59738907,"XMAX":726854.86160847,"YMAX":8515773.59738907},"geometry":{"type":"Polygon","coordinates":[[[-72.90489810510267,-13.418018945471793],[-72.90490594128006,-13.417115311350559],[-72.9058290447104,-13.417122980287465],[-72.90582121197949,-13.418026614943848],[-72.90489810510267,-13.418018945471793]]]}},{"type":"Feature","properties":{"Cell_ID":166,"Area_ha":1.0,"LC":"3:0.560963,6:0.439037","XMIN":726754.86160847,"YMIN":8515573.59738907,"XMAX":726854.86160847,"YMAX":8515673.59738907},"geometry":{"type":"Polygon","coordinates":[[[-72.90489026834864,-13.418922579523912],[-72.90489810510267,-13.418018945471793],[-72.90582121197949,-13.418026614943848],[-72.90581337867219,-13.418930249531115],[-72.90489026834864,-13.418922579523912]]]}},{"type":"Feature","properties":{"Cell_ID":167,"Area_ha":1.0,"LC":"3:0.998482,5:0.000963,6:0.000556","XMIN":726754.86160847,"YMIN":8515473.59738907,"XMAX":726854.86160847,"YMAX":8515573.59738907},"geometry":{"type":"Polygon","coordinates":[[[-72.90488243101791,-13.419826213506903],[-72.90489026834864,-13.418922579523912],[-72.90581337867219,-13.418930249531115],[-72.90580554478846,-13.419833884049261],[-72.90488243101791,-13.419826213506903]]]}},{"type":"Feature","properties":{"Cell_ID":168,"Area_ha":1.0,"LC":"3:0.959024,5:0.040976","XMIN":726754.86160847,"YMIN":8515373.59738907,"XMAX":726854.86160847,"YMAX":8515473.59738907},"geometry":{"type":"Polygon","coordinates":[[[-72.90487459311053,-13.42072984742076],[-72.90488243101791,-13.419826213506903],[-72.90580554478846,-13.419833884049261],[-72.90579771032833,-13.420737518498274],[-72.90487459311053,-13.42072984742076]]]}},{"type":"Feature","properties":{"Cell_ID":169,"Area_ha":1.0,"LC":"3:1.000000","XMIN":726754.86160847,"YMIN":8515273.59738907,"XMAX":726854.86160847,"YMAX":8515373.59738907},"geometry":{"type":"Polygon","coordinates":[[[-72.90486675462645,-13.421633481265488],[-72.90487459311053,-13.42072984742076],[-72.90579771032833,-13.420737518498274],[-72.90578987529175,-13.421641152878163],[-72.90486675462645,-13.421633481265488]]]}},{"type":"Feature","properties":{"Cell_ID":170,"Area_ha":1.0,"LC":"3:1.000000","XMIN":726754.86160847,"YMIN":8515173.59738907,"XMAX":726854.86160847,"YMAX":8515273.59738907},"geometry":{"type":"Polygon","coordinates":[[[-72.90485891556567,-13.422537115041075],[-72.90486675462645,-13.421633481265488],[-72.90578987529175,-13.421641152878163],[-72.90578203967873,-13.422544787188915],[-72.90485891556567,-13.422537115041075]]]}},{"type":"Feature","properties":{"Cell_ID":171,"Area_ha":1.0,"LC":"3:1.000000","XMIN":726754.86160847,"YMIN":8515073.59738907,"XMAX":726854.86160847,"YMAX":8515173.59738907},"geometry":{"type":"Polygon","coordinates":[[[-72.90485107592819,-13.423440748747517],[-72.90485891556567,-13.422537115041075],[-72.90578203967873,-13.422544787188915],[-72.90577420348924,-13.423448421430525],[-72.90485107592819,-13.423440748747517]]]}},{"type":"Feature","properties":{"Cell_ID":172,"Area_ha":1.0,"LC":"3:1.000000","XMIN":726754.86160847,"YMIN":8514973.59738907,"XMAX":726854.86160847,"YMAX":8515073.59738907},"geometry":{"type":"Polygon","coordinates":[[[-72.90484323571398,-13.424344382384815],[-72.90485107592819,-13.423440748747517],[-72.90577420348924,-13.423448421430525],[-72.9057663667233,-13.424352055602993],[-72.90484323571398,-13.424344382384815]]]}},{"type":"Feature","properties":{"Cell_ID":173,"Area_ha":1.0,"LC":"3:0.919600,6:0.080400","XMIN":726754.86160847,"YMIN":8514873.59738907,"XMAX":726854.86160847,"YMAX":8514973.59738907},"geometry":{"type":"Polygon","coordinates":[[[-72.90483539492304,-13.425248015952956],[-72.90484323571398,-13.424344382384815],[-72.9057663667233,-13.424352055602993],[-72.90575852938088,-13.425255689706313],[-72.90483539492304,-13.425248015952956]]]}},{"type":"Feature","properties":{"Cell_ID":174,"Area_ha":1.0,"LC":"3:0.001799,5:0.797631,6:0.200569","XMIN":726754.86160847,"YMIN":8514773.59738907,"XMAX":726854.86160847,"YMAX":8514873.59738907},"geometry":{"type":"Polygon","coordinates":[[[-72.90482755355538,-13.42615164945194],[-72.90483539492304,-13.425248015952956],[-72.90575852938088,-13.425255689706313],[-72.90575069146196,-13.426159323740476],[-72.90482755355538,-13.42615164945194]]]}},{"type":"Feature","properties":{"Cell_ID":175,"Area_ha":1.0,"LC":"5:0.000556,9:0.756410,13:0.122908,14:0.120126","XMIN":726854.86160847,"YMIN":8517073.59738907,"XMAX":726954.86160847,"YMAX":8517173.59738907},"geometry":{"type":"Polygon","coordinates":[[[-72.90408470104227,-13.405360396135166],[-72.90409253259045,-13.404456761582013],[-72.9050155872201,-13.40446442639791],[-72.90500775911485,-13.40536806148639],[-72.90408470104227,-13.405360396135166]]]}},{"type":"Feature","properties":{"Cell_ID":176,"Area_ha":1.0,"LC":"9:0.521370,14:0.478630","XMIN":726854.86160847,"YMIN":8516973.59738907,"XMAX":726954.86160847,"YMAX":8517073.59738907},"geometry":{"type":"Polygon","coordinates":[[[-72.90407686891733,-13.406264030619255],[-72.90408470104227,-13.405360396135166],[-72.90500775911485,-13.40536806148639],[-72.90499993043308,-13.406271696505808],[-72.90407686891733,-13.406264030619255]]]}},{"type":"Feature","properties":{"Cell_ID":177,"Area_ha":1.0,"LC":"3:0.398594,9:0.082101,14:0.519305","XMIN":726854.86160847,"YMIN":8516873.59738907,"XMAX":726954.86160847,"YMAX":8516973.59738907},"geometry":{"type":"Polygon","coordinates":[[[-72.9040690362156,-13.407167665034276],[-72.90407686891733,-13.406264030619255],[-72.90499993043308,-13.406271696505808],[-72.9049921011748,-13.407175331456166],[-72.9040690362156,-13.407167665034276]]]}},{"type":"Feature","properties":{"Cell_ID":178,"Area_ha":1.0,"LC":"3:0.283345,5:0.716655","XMIN":726854.86160847,"YMIN":8516773.59738907,"XMAX":726954.86160847,"YMAX":8516873.59738907},"geometry":{"type":"Polygon","coordinates":[[[-72.9040612029371,-13.408071299380227],[-72.9040690362156,-13.407167665034276],[-72.9049921011748,-13.407175331456166],[-72.90498427133997,-13.408078966337452],[-72.9040612029371,-13.408071299380227]]]}},{"type":"Feature","properties":{"Cell_ID":179,"Area_ha":1.0,"LC":"5:1.000000","XMIN":726854.86160847,"YMIN":8516673.59738907,"XMAX":726954.86160847,"YMAX":8516773.59738907},"geometry":{"type":"Polygon","coordinates":[[[-72.90405336908178,-13.408974933657095],[-72.9040612029371,-13.408071299380227],[-72.90498427133997,-13.408078966337452],[-72.9049764409286,-13.408982601149667],[-72.90405336908178,-13.408974933657095]]]}},{"type":"Feature","properties":{"Cell_ID":180,"Area_ha":1.0,"LC":"5:0.960281,9:0.039719","XMIN":726854.86160847,"YMIN":8516573.59738907,"XMAX":726954.86160847,"YMAX":8516673.59738907},"geometry":{"type":"Polygon","coordinates":[[[-72.90404553464965,-13.409878567864887],[-72.90405336908178,-13.408974933657095],[-72.9049764409286,-13.408982601149667],[-72.90496860994068,-13.409886235892802],[-72.90404553464965,-13.409878567864887]]]}},{"type":"Feature","properties":{"Cell_ID":181,"Area_ha":1.0,"LC":"2:0.198594,3:0.200000,5:0.243064,7:0.279031,9:0.079312","XMIN":726854.86160847,"YMIN":8516473.59738907,"XMAX":726954.86160847,"YMAX":8516573.59738907},"geometry":{"type":"Polygon","coordinates":[[[-72.90403769964072,-13.410782202003588],[-72.90404553464965,-13.409878567864887],[-72.90496860994068,-13.409886235892802],[-72.90496077837618,-13.410789870566855],[-72.90403769964072,-13.410782202003588]]]}},{"type":"Feature","properties":{"Cell_ID":182,"Area_ha":1.0,"LC":"2:0.401406,3:0.559563,5:0.039031","XMIN":726854.86160847,"YMIN":8516373.59738907,"XMAX":726954.86160847,"YMAX":8516473.59738907},"geometry":{"type":"Polygon","coordinates":[[[-72.90402986405496,-13.411685836073202],[-72.90403769964072,-13.410782202003588],[-72.90496077837618,-13.410789870566855],[-72.90495294623511,-13.411693505171822],[-72.90402986405496,-13.411685836073202]]]}},{"type":"Feature","properties":{"Cell_ID":183,"Area_ha":1.0,"LC":"3:1.000000","XMIN":726854.86160847,"YMIN":8516273.59738907,"XMAX":726954.86160847,"YMAX":8516373.59738907},"geometry":{"type":"Polygon","coordinates":[[[-72.90402202789235,-13.412589470073721],[-72.90402986405496,-13.411685836073202],[-72.90495294623511,-13.411693505171822],[-72.90494511351746,-13.412597139707698],[-72.90402202789235,-13.412589470073721]]]}},{"type":"Feature","properties":{"Cell_ID":184,"Area_ha":1.0,"LC":"3:0.802776,5:0.197224","XMIN":726854.86160847,"YMIN":8516173.59738907,"XMAX":726954.86160847,"YMAX":8516273.59738907},"geometry":{"type":"Polygon","coordinates":[[[-72.9040141911529,-13.413493104005138],[-72.90402202789235,-13.412589470073721],[-72.90494511351746,-13.412597139707698],[-72.90493728022321,-13.413500774174475],[-72.9040141911529,-13.413493104005138]]]}},{"type":"Feature","properties":{"Cell_ID":185,"Area_ha":1.0,"LC":"3:0.680133,5:0.319867","XMIN":726854.86160847,"YMIN":8516073.59738907,"XMAX":726954.86160847,"YMAX":8516173.59738907},"geometry":{"type":"Polygon","coordinates":[[[-72.90400635383658,-13.414396737867454],[-72.9040141911529,-13.413493104005138],[-72.90493728022321,-13.413500774174475],[-72.90492944635236,-13.414404408572157],[-72.90400635383658,-13.414396737867454]]]}},{"type":"Feature","properties":{"Cell_ID":186,"Area_ha":1.0,"LC":"3:0.556284,5:0.124841,6:0.318875","XMIN":726854.86160847,"YMIN":8515973.59738907,"XMAX":726954.86160847,"YMAX":8516073.59738907},"geometry":{"type":"Polygon","coordinates":[[[-72.9039985159434,-13.415300371660662],[-72.90400635383658,-13.414396737867454],[-72.90492944635236,-13.414404408572157],[-72.9049216119049,-13.415308042900733],[-72.9039985159434,-13.415300371660662]]]}},{"type":"Feature","properties":{"Cell_ID":187,"Area_ha":1.0,"LC":"3:0.316810,5:0.000007,6:0.683183","XMIN":726854.86160847,"YMIN":8515873.59738907,"XMAX":726954.86160847,"YMAX":8515973.59738907},"geometry":{"type":"Polygon","coordinates":[[[-72.90399067747333,-13.416204005384756],[-72.9039985159434,-13.415300371660662],[-72.9049216119049,-13.415308042900733],[-72.90491377688079,-13.416211677160202],[-72.90399067747333,-13.416204005384756]]]}},{"type":"Feature","properties":{"Cell_ID":188,"Area_ha":1.0,"LC":"3:0.317211,5:0.518061,6:0.164728","XMIN":726854.86160847,"YMIN":8515773.59738907,"XMAX":726954.86160847,"YMAX":8515873.59738907},"geometry":{"type":"Polygon","coordinates":[[[-72.90398283842636,-13.417107639039733],[-72.90399067747333,-13.416204005384756],[-72.90491377688079,-13.416211677160202],[-72.90490594128006,-13.417115311350559],[-72.90398283842636,-13.417107639039733]]]}},{"type":"Feature","properties":{"Cell_ID":189,"Area_ha":1.0,"LC":"3:1.000000","XMIN":726854.86160847,"YMIN":8515673.59738907,"XMAX":726954.86160847,"YMAX":8515773.59738907},"geometry":{"type":"Polygon","coordinates":[[[-72.90397499880251,-13.41801127262559],[-72.90398283842636,-13.417107639039733],[-72.90490594128006,-13.417115311350559],[-72.90489810510267,-13.418018945471793],[-72.90397499880251,-13.41801127262559]]]}},{"type":"Feature","properties":{"Cell_ID":190,"Area_ha":1.0,"LC":"3:0.999037,5:0.000963","XMIN":726854.86160847,"YMIN":8515573.59738907,"XMAX":726954.86160847,"YMAX":8515673.59738907},"geometry":{"type":"Polygon","coordinates":[[[-72.90396715860173,-13.418914906142321],[-72.90397499880251,-13.41801127262559],[-72.90489810510267,-13.418018945471793],[-72.90489026834864,-13.418922579523912],[-72.90396715860173,-13.418914906142321]]]}},{"type":"Feature","properties":{"Cell_ID":191,"Area_ha":1.0,"LC":"3:0.801399,5:0.198601","XMIN":726854.86160847,"YMIN":8515473.59738907,"XMAX":726954.86160847,"YMAX":8515573.59738907},"geometry":{"type":"Polygon","coordinates":[[[-72.90395931782405,-13.419818539589926],[-72.90396715860173,-13.418914906142321],[-72.90489026834864,-13.418922579523912],[-72.90488243101791,-13.419826213506903],[-72.90395931782405,-13.419818539589926]]]}},{"type":"Feature","properties":{"Cell_ID":192,"Area_ha":1.0,"LC":"3:0.555685,5:0.444315","XMIN":726854.86160847,"YMIN":8515373.59738907,"XMAX":726954.86160847,"YMAX":8515473.59738907},"geometry":{"type":"Polygon","coordinates":[[[-72.90395147646943,-13.420722172968391],[-72.90395931782405,-13.419818539589926],[-72.90488243101791,-13.419826213506903],[-72.90487459311053,-13.42072984742076],[-72.90395147646943,-13.420722172968391]]]}},{"type":"Feature","properties":{"Cell_ID":193,"Area_ha":1.0,"LC":"3:1.000000","XMIN":726854.86160847,"YMIN":8515273.59738907,"XMAX":726954.86160847,"YMAX":8515373.59738907},"geometry":{"type":"Polygon","coordinates":[[[-72.90394363453785,-13.42162580627772],[-72.90395147646943,-13.420722172968391],[-72.90487459311053,-13.42072984742076],[-72.90486675462645,-13.421633481265488],[-72.90394363453785,-13.42162580627772]]]}},{"type":"Feature","properties":{"Cell_ID":194,"Area_ha":1.0,"LC":"3:1.000000","XMIN":726854.86160847,"YMIN":8515173.59738907,"XMAX":726954.86160847,"YMAX":8515273.59738907},"geometry":{"type":"Polygon","coordinates":[[[-72.90393579202934,-13.422529439517907],[-72.90394363453785,-13.42162580627772],[-72.90486675462645,-13.421633481265488],[-72.90485891556567,-13.422537115041075],[-72.90393579202934,-13.422529439517907]]]}},{"type":"Feature","properties":{"Cell_ID":195,"Area_ha":1.0,"LC":"3:1.000000","XMIN":726854.86160847,"YMIN":8515073.59738907,"XMAX":726954.86160847,"YMAX":8515173.59738907},"geometry":{"type":"Polygon","coordinates":[[[-72.90392794894386,-13.423433072688946],[-72.90393579202934,-13.422529439517907],[-72.90485891556567,-13.422537115041075],[-72.90485107592819,-13.423440748747517],[-72.90392794894386,-13.423433072688946]]]}},{"type":"Feature","properties":{"Cell_ID":196,"Area_ha":1.0,"LC":"3:0.999037,5:0.000963","XMIN":726854.86160847,"YMIN":8514973.59738907,"XMAX":726954.86160847,"YMAX":8515073.59738907},"geometry":{"type":"Polygon","coordinates":[[[-72.9039201052814,-13.424336705790836],[-72.90392794894386,-13.423433072688946],[-72.90485107592819,-13.423440748747517],[-72.90484323571398,-13.424344382384815],[-72.9039201052814,-13.424336705790836]]]}},{"type":"Feature","properties":{"Cell_ID":197,"Area_ha":1.0,"LC":"3:0.357521,5:0.484004,6:0.158475","XMIN":726854.86160847,"YMIN":8514873.59738907,"XMAX":726954.86160847,"YMAX":8514973.59738907},"geometry":{"type":"Polygon","coordinates":[[[-72.90391226104195,-13.425240338823567],[-72.9039201052814,-13.424336705790836],[-72.90484323571398,-13.424344382384815],[-72.90483539492304,-13.425248015952956],[-72.90391226104195,-13.425240338823567]]]}},{"type":"Feature","properties":{"Cell_ID":198,"Area_ha":1.0,"LC":"9:0.562479,13:0.437521","XMIN":726954.86160847,"YMIN":8517173.59738907,"XMAX":727054.86160847,"YMAX":8517273.59738907},"geometry":{"type":"Polygon","coordinates":[[[-72.90316947853755,-13.404449093395508],[-72.90317731295163,-13.403545459308852],[-72.90410036356187,-13.403553126959801],[-72.90409253259045,-13.404456761582013],[-72.90316947853755,-13.404449093395508]]]}},{"type":"Feature","properties":{"Cell_ID":199,"Area_ha":1.0,"LC":"9:0.043345,13:0.799150,14:0.157505","XMIN":726954.86160847,"YMIN":8517073.59738907,"XMAX":727054.86160847,"YMAX":8517173.59738907},"geometry":{"type":"Polygon","coordinates":[[[-72.90316164354645,-13.405352727413097],[-72.90316947853755,-13.404449093395508],[-72.90409253259045,-13.404456761582013],[-72.90408470104227,-13.405360396135166],[-72.90316164354645,-13.405352727413097]]]}},{"type":"Feature","properties":{"Cell_ID":200,"Area_ha":1.0,"LC":"5:0.241088,9:0.435566,13:0.243759,14:0.079586","XMIN":726954.86160847,"YMIN":8516973.59738907,"XMAX":727054.86160847,"YMAX":8517073.59738907},"geometry":{"type":"Polygon","coordinates":[[[-72.90315380797833,-13.406256361361624],[-72.90316164354645,-13.405352727413097],[-72.90408470104227,-13.405360396135166],[-72.90407686891733,-13.406264030619255],[-72.90315380797833,-13.406256361361624]]]}},{"type":"Feature","properties":{"Cell_ID":201,"Area_ha":1.0,"LC":"3:0.117505,5:0.362908,9:0.119586,14:0.400000","XMIN":726954.86160847,"YMIN":8516873.59738907,"XMAX":727054.86160847,"YMAX":8516973.59738907},"geometry":{"type":"Polygon","coordinates":[[[-72.90314597183318,-13.407159995241074],[-72.90315380797833,-13.406256361361624],[-72.90407686891733,-13.406264030619255],[-72.9040690362156,-13.407167665034276],[-72.90314597183318,-13.407159995241074]]]}},{"type":"Feature","properties":{"Cell_ID":202,"Area_ha":1.0,"LC":"3:0.559586,5:0.358475,6:0.081939","XMIN":726954.86160847,"YMIN":8516773.59738907,"XMAX":727054.86160847,"YMAX":8516873.59738907},"geometry":{"type":"Polygon","coordinates":[[[-72.903138135111,-13.408063629051446],[-72.90314597183318,-13.407159995241074],[-72.9040690362156,-13.407167665034276],[-72.9040612029371,-13.408071299380227],[-72.903138135111,-13.408063629051446]]]}},{"type":"Feature","properties":{"Cell_ID":203,"Area_ha":1.0,"LC":"5:1.000000","XMIN":726954.86160847,"YMIN":8516673.59738907,"XMAX":727054.86160847,"YMAX":8516773.59738907},"geometry":{"type":"Polygon","coordinates":[[[-72.90313029781177,-13.408967262792741],[-72.903138135111,-13.408063629051446],[-72.9040612029371,-13.408071299380227],[-72.90405336908178,-13.408974933657095],[-72.90313029781177,-13.408967262792741]]]}},{"type":"Feature","properties":{"Cell_ID":204,"Area_ha":1.0,"LC":"5:1.000000","XMIN":726954.86160847,"YMIN":8516573.59738907,"XMAX":727054.86160847,"YMAX":8516673.59738907},"geometry":{"type":"Polygon","coordinates":[[[-72.90312245993547,-13.409870896464946],[-72.90313029781177,-13.408967262792741],[-72.90405336908178,-13.408974933657095],[-72.90404553464965,-13.409878567864887],[-72.90312245993547,-13.409870896464946]]]}},{"type":"Feature","properties":{"Cell_ID":205,"Area_ha":1.0,"LC":"2:0.078475,3:0.320119,5:0.482376,7:0.119031","XMIN":726954.86160847,"YMIN":8516473.59738907,"XMAX":727054.86160847,"YMAX":8516573.59738907},"geometry":{"type":"Polygon","coordinates":[[[-72.90311462148209,-13.410774530068064],[-72.90312245993547,-13.409870896464946],[-72.90404553464965,-13.409878567864887],[-72.90403769964072,-13.410782202003588],[-72.90311462148209,-13.410774530068064]]]}},{"type":"Feature","properties":{"Cell_ID":206,"Area_ha":1.0,"LC":"2:0.158617,3:0.841383","XMIN":726954.86160847,"YMIN":8516373.59738907,"XMAX":727054.86160847,"YMAX":8516473.59738907},"geometry":{"type":"Polygon","coordinates":[[[-72.90310678245164,-13.41167816360209],[-72.90311462148209,-13.410774530068064],[-72.90403769964072,-13.410782202003588],[-72.90402986405496,-13.411685836073202],[-72.90310678245164,-13.41167816360209]]]}},{"type":"Feature","properties":{"Cell_ID":207,"Area_ha":1.0,"LC":"3:0.278223,5:0.721777","XMIN":726954.86160847,"YMIN":8516273.59738907,"XMAX":727054.86160847,"YMAX":8516373.59738907},"geometry":{"type":"Polygon","coordinates":[[[-72.9030989428441,-13.412581797067013],[-72.90310678245164,-13.41167816360209],[-72.90402986405496,-13.411685836073202],[-72.90402202789235,-13.412589470073721],[-72.9030989428441,-13.412581797067013]]]}},{"type":"Feature","properties":{"Cell_ID":208,"Area_ha":1.0,"LC":"3:0.998868,5:0.001132","XMIN":726954.86160847,"YMIN":8516173.59738907,"XMAX":727054.86160847,"YMAX":8516273.59738907},"geometry":{"type":"Polygon","coordinates":[[[-72.90309110265945,-13.413485430462835],[-72.9030989428441,-13.412581797067013],[-72.90402202789235,-13.412589470073721],[-72.9040141911529,-13.413493104005138],[-72.90309110265945,-13.413485430462835]]]}},{"type":"Feature","properties":{"Cell_ID":209,"Area_ha":1.0,"LC":"3:0.197942,5:0.802058","XMIN":726954.86160847,"YMIN":8516073.59738907,"XMAX":727054.86160847,"YMAX":8516173.59738907},"geometry":{"type":"Polygon","coordinates":[[[-72.90308326189768,-13.41438906378955],[-72.90309110265945,-13.413485430462835],[-72.9040141911529,-13.413493104005138],[-72.90400635383658,-13.414396737867454],[-72.90308326189768,-13.41438906378955]]]}},{"type":"Feature","properties":{"Cell_ID":210,"Area_ha":1.0,"LC":"3:0.000556,5:0.999444","XMIN":726954.86160847,"YMIN":8515973.59738907,"XMAX":727054.86160847,"YMAX":8516073.59738907},"geometry":{"type":"Polygon","coordinates":[[[-72.90307542055878,-13.415292697047152],[-72.90308326189768,-13.41438906378955],[-72.90400635383658,-13.414396737867454],[-72.9039985159434,-13.415300371660662],[-72.90307542055878,-13.415292697047152]]]}},{"type":"Feature","properties":{"Cell_ID":211,"Area_ha":1.0,"LC":"5:0.564434,6:0.394597,9:0.040969","XMIN":726954.86160847,"YMIN":8515873.59738907,"XMAX":727054.86160847,"YMAX":8515973.59738907},"geometry":{"type":"Polygon","coordinates":[[[-72.90306757864275,-13.416196330235637],[-72.90307542055878,-13.415292697047152],[-72.9039985159434,-13.415300371660662],[-72.90399067747333,-13.416204005384756],[-72.90306757864275,-13.416196330235637]]]}},{"type":"Feature","properties":{"Cell_ID":212,"Area_ha":1.0,"LC":"3:0.197631,5:0.485691,6:0.316678","XMIN":726954.86160847,"YMIN":8515773.59738907,"XMAX":727054.86160847,"YMAX":8515873.59738907},"geometry":{"type":"Polygon","coordinates":[[[-72.90305973614959,-13.417099963355001],[-72.90306757864275,-13.416196330235637],[-72.90399067747333,-13.416204005384756],[-72.90398283842636,-13.417107639039733],[-72.90305973614959,-13.417099963355001]]]}},{"type":"Feature","properties":{"Cell_ID":213,"Area_ha":1.0,"LC":"3:0.999993,5:0.000007","XMIN":726954.86160847,"YMIN":8515673.59738907,"XMAX":727054.86160847,"YMAX":8515773.59738907},"geometry":{"type":"Polygon","coordinates":[[[-72.90305189307927,-13.418003596405242],[-72.90305973614959,-13.417099963355001],[-72.90398283842636,-13.417107639039733],[-72.90397499880251,-13.41801127262559],[-72.90305189307927,-13.418003596405242]]]}},{"type":"Feature","properties":{"Cell_ID":214,"Area_ha":1.0,"LC":"3:0.480437,5:0.519563","XMIN":726954.86160847,"YMIN":8515573.59738907,"XMAX":727054.86160847,"YMAX":8515673.59738907},"geometry":{"type":"Polygon","coordinates":[[[-72.90304404943177,-13.418907229386356],[-72.90305189307927,-13.418003596405242],[-72.90397499880251,-13.41801127262559],[-72.90396715860173,-13.418914906142321],[-72.90304404943177,-13.418907229386356]]]}},{"type":"Feature","properties":{"Cell_ID":215,"Area_ha":1.0,"LC":"3:0.637499,5:0.362501","XMIN":726954.86160847,"YMIN":8515473.59738907,"XMAX":727054.86160847,"YMAX":8515573.59738907},"geometry":{"type":"Polygon","coordinates":[[[-72.90303620520712,-13.419810862298338],[-72.90304404943177,-13.418907229386356],[-72.90396715860173,-13.418914906142321],[-72.90395931782405,-13.419818539589926],[-72.90303620520712,-13.419810862298338]]]}},{"type":"Feature","properties":{"Cell_ID":216,"Area_ha":1.0,"LC":"3:0.239438,5:0.760562","XMIN":726954.86160847,"YMIN":8515373.59738907,"XMAX":727054.86160847,"YMAX":8515473.59738907},"geometry":{"type":"Polygon","coordinates":[[[-72.90302836040526,-13.420714495141173],[-72.90303620520712,-13.419810862298338],[-72.90395931782405,-13.419818539589926],[-72.90395147646943,-13.420722172968391],[-72.90302836040526,-13.420714495141173]]]}},{"type":"Feature","properties":{"Cell_ID":217,"Area_ha":1.0,"LC":"3:0.959719,5:0.040281","XMIN":726954.86160847,"YMIN":8515273.59738907,"XMAX":727054.86160847,"YMAX":8515373.59738907},"geometry":{"type":"Polygon","coordinates":[[[-72.90302051502621,-13.421618127914872],[-72.90302836040526,-13.420714495141173],[-72.90395147646943,-13.420722172968391],[-72.90394363453785,-13.42162580627772],[-72.90302051502621,-13.421618127914872]]]}},{"type":"Feature","properties":{"Cell_ID":218,"Area_ha":1.0,"LC":"3:1.000000","XMIN":726954.86160847,"YMIN":8515173.59738907,"XMAX":727054.86160847,"YMAX":8515273.59738907},"geometry":{"type":"Polygon","coordinates":[[[-72.90301266906997,-13.422521760619423],[-72.90302051502621,-13.421618127914872],[-72.90394363453785,-13.42162580627772],[-72.90393579202934,-13.422529439517907],[-72.90301266906997,-13.422521760619423]]]}},{"type":"Feature","properties":{"Cell_ID":219,"Area_ha":1.0,"LC":"3:1.000000","XMIN":726954.86160847,"YMIN":8515073.59738907,"XMAX":727054.86160847,"YMAX":8515173.59738907},"geometry":{"type":"Polygon","coordinates":[[[-72.90300482253649,-13.423425393254822],[-72.90301266906997,-13.422521760619423],[-72.90393579202934,-13.422529439517907],[-72.90392794894386,-13.423433072688946],[-72.90300482253649,-13.423425393254822]]]}},{"type":"Feature","properties":{"Cell_ID":220,"Area_ha":1.0,"LC":"3:0.557528,5:0.399851,9:0.042620","XMIN":726954.86160847,"YMIN":8514973.59738907,"XMAX":727054.86160847,"YMAX":8515073.59738907},"geometry":{"type":"Polygon","coordinates":[[[-72.90299697542581,-13.424329025821066],[-72.90300482253649,-13.423425393254822],[-72.90392794894386,-13.423433072688946],[-72.9039201052814,-13.424336705790836],[-72.90299697542581,-13.424329025821066]]]}},{"type":"Feature","properties":{"Cell_ID":221,"Area_ha":1.0,"LC":"5:0.555715,9:0.444285","XMIN":726954.86160847,"YMIN":8514873.59738907,"XMAX":727054.86160847,"YMAX":8514973.59738907},"geometry":{"type":"Polygon","coordinates":[[[-72.90298912773787,-13.425232658318151],[-72.90299697542581,-13.424329025821066],[-72.9039201052814,-13.424336705790836],[-72.90391226104195,-13.425240338823567],[-72.90298912773787,-13.425232658318151]]]}},{"type":"Feature","properties":{"Cell_ID":222,"Area_ha":1.0,"LC":"5:0.283309,9:0.635153,13:0.081539","XMIN":727054.86160847,"YMIN":8517173.59738907,"XMAX":727154.86160847,"YMAX":8517273.59738907},"geometry":{"type":"Polygon","coordinates":[[[-72.90224642506165,-13.404441421838401],[-72.90225426291839,-13.403537788287542],[-72.90317731295163,-13.403545459308852],[-72.90316947853755,-13.404449093395508],[-72.90224642506165,-13.404441421838401]]]}},{"type":"Feature","properties":{"Cell_ID":223,"Area_ha":1.0,"LC":"5:0.121658,9:0.318898,13:0.156536,14:0.402908","XMIN":727054.86160847,"YMIN":8517073.59738907,"XMAX":727154.86160847,"YMAX":8517173.59738907},"geometry":{"type":"Polygon","coordinates":[[[-72.90223858662765,-13.405345055320195],[-72.90224642506165,-13.404441421838401],[-72.90316947853755,-13.404449093395508],[-72.90316164354645,-13.405352727413097],[-72.90223858662765,-13.405345055320195]]]}},{"type":"Feature","properties":{"Cell_ID":224,"Area_ha":1.0,"LC":"5:0.562353,13:0.437647","XMIN":727054.86160847,"YMIN":8516973.59738907,"XMAX":727154.86160847,"YMAX":8517073.59738907},"geometry":{"type":"Polygon","coordinates":[[[-72.90223074761639,-13.406248688732916],[-72.90223858662765,-13.405345055320195],[-72.90316164354645,-13.405352727413097],[-72.90315380797833,-13.406256361361624],[-72.90223074761639,-13.406248688732916]]]}},{"type":"Feature","properties":{"Cell_ID":225,"Area_ha":1.0,"LC":"5:0.921939,14:0.078061","XMIN":727054.86160847,"YMIN":8516873.59738907,"XMAX":727154.86160847,"YMAX":8516973.59738907},"geometry":{"type":"Polygon","coordinates":[[[-72.90222290802782,-13.40715232207656],[-72.90223074761639,-13.406248688732916],[-72.90315380797833,-13.406256361361624],[-72.90314597183318,-13.407159995241074],[-72.90222290802782,-13.40715232207656]]]}},{"type":"Feature","properties":{"Cell_ID":226,"Area_ha":1.0,"LC":"3:0.318061,5:0.200288,6:0.481651","XMIN":727054.86160847,"YMIN":8516773.59738907,"XMAX":727154.86160847,"YMAX":8516873.59738907},"geometry":{"type":"Polygon","coordinates":[[[-72.90221506786199,-13.408055955351129],[-72.90222290802782,-13.40715232207656],[-72.90314597183318,-13.407159995241074],[-72.903138135111,-13.408063629051446],[-72.90221506786199,-13.408055955351129]]]}},{"type":"Feature","properties":{"Cell_ID":227,"Area_ha":1.0,"LC":"5:0.999712,6:0.000288","XMIN":727054.86160847,"YMIN":8516673.59738907,"XMAX":727154.86160847,"YMAX":8516773.59738907},"geometry":{"type":"Polygon","coordinates":[[[-72.90220722711882,-13.408959588556607],[-72.90221506786199,-13.408055955351129],[-72.903138135111,-13.408063629051446],[-72.90313029781177,-13.408967262792741],[-72.90220722711882,-13.408959588556607]]]}},{"type":"Feature","properties":{"Cell_ID":228,"Area_ha":1.0,"LC":"5:1.000000","XMIN":727054.86160847,"YMIN":8516573.59738907,"XMAX":727154.86160847,"YMAX":8516673.59738907},"geometry":{"type":"Polygon","coordinates":[[[-72.90219938579834,-13.409863221692996],[-72.90220722711882,-13.408959588556607],[-72.90313029781177,-13.408967262792741],[-72.90312245993547,-13.409870896464946],[-72.90219938579834,-13.409863221692996]]]}},{"type":"Feature","properties":{"Cell_ID":229,"Area_ha":1.0,"LC":"3:0.398594,5:0.601406","XMIN":727054.86160847,"YMIN":8516473.59738907,"XMAX":727154.86160847,"YMAX":8516573.59738907},"geometry":{"type":"Polygon","coordinates":[[[-72.90219154390054,-13.410766854760293],[-72.90219938579834,-13.409863221692996],[-72.90312245993547,-13.409870896464946],[-72.90311462148209,-13.410774530068064],[-72.90219154390054,-13.410766854760293]]]}},{"type":"Feature","properties":{"Cell_ID":230,"Area_ha":1.0,"LC":"3:1.000000","XMIN":727054.86160847,"YMIN":8516373.59738907,"XMAX":727154.86160847,"YMAX":8516473.59738907},"geometry":{"type":"Polygon","coordinates":[[[-72.90218370142541,-13.411670487758496],[-72.90219154390054,-13.410766854760293],[-72.90311462148209,-13.410774530068064],[-72.90310678245164,-13.41167816360209],[-72.90218370142541,-13.411670487758496]]]}},{"type":"Feature","properties":{"Cell_ID":231,"Area_ha":1.0,"LC":"3:0.883183,5:0.116817","XMIN":727054.86160847,"YMIN":8516273.59738907,"XMAX":727154.86160847,"YMAX":8516373.59738907},"geometry":{"type":"Polygon","coordinates":[[[-72.90217585837293,-13.412574120687589],[-72.90218370142541,-13.411670487758496],[-72.90310678245164,-13.41167816360209],[-72.9030989428441,-13.412581797067013],[-72.90217585837293,-13.412574120687589]]]}},{"type":"Feature","properties":{"Cell_ID":232,"Area_ha":1.0,"LC":"3:0.596979,5:0.403021","XMIN":727054.86160847,"YMIN":8516173.59738907,"XMAX":727154.86160847,"YMAX":8516273.59738907},"geometry":{"type":"Polygon","coordinates":[[[-72.90216801474308,-13.413477753547578],[-72.90217585837293,-13.412574120687589],[-72.9030989428441,-13.412581797067013],[-72.90309110265945,-13.413485430462835],[-72.90216801474308,-13.413477753547578]]]}},{"type":"Feature","properties":{"Cell_ID":233,"Area_ha":1.0,"LC":"3:0.000274,5:0.997793,13:0.001932","XMIN":727054.86160847,"YMIN":8516073.59738907,"XMAX":727154.86160847,"YMAX":8516173.59738907},"geometry":{"type":"Polygon","coordinates":[[[-72.90216017053588,-13.414381386338457],[-72.90216801474308,-13.413477753547578],[-72.90309110265945,-13.413485430462835],[-72.90308326189768,-13.41438906378955],[-72.90216017053588,-13.414381386338457]]]}},{"type":"Feature","properties":{"Cell_ID":234,"Area_ha":1.0,"LC":"5:0.880837,9:0.119156,13:0.000007","XMIN":727054.86160847,"YMIN":8515973.59738907,"XMAX":727154.86160847,"YMAX":8516073.59738907},"geometry":{"type":"Polygon","coordinates":[[[-72.9021523257513,-13.415285019060219],[-72.90216017053588,-13.414381386338457],[-72.90308326189768,-13.41438906378955],[-72.90307542055878,-13.415292697047152],[-72.9021523257513,-13.415285019060219]]]}},{"type":"Feature","properties":{"Cell_ID":235,"Area_ha":1.0,"LC":"5:0.440407,9:0.559593","XMIN":727054.86160847,"YMIN":8515873.59738907,"XMAX":727154.86160847,"YMAX":8515973.59738907},"geometry":{"type":"Polygon","coordinates":[[[-72.90214448038932,-13.416188651712861],[-72.9021523257513,-13.415285019060219],[-72.90307542055878,-13.415292697047152],[-72.90306757864275,-13.416196330235637],[-72.90214448038932,-13.416188651712861]]]}},{"type":"Feature","properties":{"Cell_ID":236,"Area_ha":1.0,"LC":"3:0.239156,5:0.760562,9:0.000281","XMIN":727054.86160847,"YMIN":8515773.59738907,"XMAX":727154.86160847,"YMAX":8515873.59738907},"geometry":{"type":"Polygon","coordinates":[[[-72.90213663444996,-13.417092284296379],[-72.90214448038932,-13.416188651712861],[-72.90306757864275,-13.416196330235637],[-72.90305973614959,-13.417099963355001],[-72.90213663444996,-13.417092284296379]]]}},{"type":"Feature","properties":{"Cell_ID":237,"Area_ha":1.0,"LC":"3:0.954597,5:0.045403","XMIN":727054.86160847,"YMIN":8515673.59738907,"XMAX":727154.86160847,"YMAX":8515773.59738907},"geometry":{"type":"Polygon","coordinates":[[[-72.90212878793318,-13.417995916810767],[-72.90213663444996,-13.417092284296379],[-72.90305973614959,-13.417099963355001],[-72.90305189307927,-13.418003596405242],[-72.90212878793318,-13.417995916810767]]]}},{"type":"Feature","properties":{"Cell_ID":238,"Area_ha":1.0,"LC":"3:0.800549,5:0.199451","XMIN":727054.86160847,"YMIN":8515573.59738907,"XMAX":727154.86160847,"YMAX":8515673.59738907},"geometry":{"type":"Polygon","coordinates":[[[-72.90212094083898,-13.418899549256023],[-72.90212878793318,-13.417995916810767],[-72.90305189307927,-13.418003596405242],[-72.90304404943177,-13.418907229386356],[-72.90212094083898,-13.418899549256023]]]}},{"type":"Feature","properties":{"Cell_ID":239,"Area_ha":1.0,"LC":"3:0.882627,5:0.117373","XMIN":727054.86160847,"YMIN":8515473.59738907,"XMAX":727154.86160847,"YMAX":8515573.59738907},"geometry":{"type":"Polygon","coordinates":[[[-72.90211309316736,-13.419803181632144],[-72.90212094083898,-13.418899549256023],[-72.90304404943177,-13.418907229386356],[-72.90303620520712,-13.419810862298338],[-72.90211309316736,-13.419803181632144]]]}},{"type":"Feature","properties":{"Cell_ID":240,"Area_ha":1.0,"LC":"3:0.843604,5:0.156396","XMIN":727054.86160847,"YMIN":8515373.59738907,"XMAX":727154.86160847,"YMAX":8515473.59738907},"geometry":{"type":"Polygon","coordinates":[[[-72.90210524491829,-13.420706813939118],[-72.90211309316736,-13.419803181632144],[-72.90303620520712,-13.419810862298338],[-72.90302836040526,-13.420714495141173],[-72.90210524491829,-13.420706813939118]]]}},{"type":"Feature","properties":{"Cell_ID":241,"Area_ha":1.0,"LC":"3:1.000000","XMIN":727054.86160847,"YMIN":8515273.59738907,"XMAX":727154.86160847,"YMAX":8515373.59738907},"geometry":{"type":"Polygon","coordinates":[[[-72.90209739609178,-13.42161044617695],[-72.90210524491829,-13.420706813939118],[-72.90302836040526,-13.420714495141173],[-72.90302051502621,-13.421618127914872],[-72.90209739609178,-13.42161044617695]]]}},{"type":"Feature","properties":{"Cell_ID":242,"Area_ha":1.0,"LC":"3:1.000000","XMIN":727054.86160847,"YMIN":8515173.59738907,"XMAX":727154.86160847,"YMAX":8515273.59738907},"geometry":{"type":"Polygon","coordinates":[[[-72.9020895466878,-13.42251407834563],[-72.90209739609178,-13.42161044617695],[-72.90302051502621,-13.421618127914872],[-72.90301266906997,-13.422521760619423],[-72.9020895466878,-13.42251407834563]]]}},{"type":"Feature","properties":{"Cell_ID":243,"Area_ha":1.0,"LC":"3:0.197254,5:0.802746","XMIN":727054.86160847,"YMIN":8515073.59738907,"XMAX":727154.86160847,"YMAX":8515173.59738907},"geometry":{"type":"Polygon","coordinates":[[[-72.90208169670636,-13.423417710445156],[-72.9020895466878,-13.42251407834563],[-72.90301266906997,-13.422521760619423],[-72.90300482253649,-13.423425393254822],[-72.90208169670636,-13.423417710445156]]]}},{"type":"Feature","properties":{"Cell_ID":244,"Area_ha":1.0,"LC":"3:0.000274,5:0.763190,9:0.236536","XMIN":727054.86160847,"YMIN":8514973.59738907,"XMAX":727154.86160847,"YMAX":8515073.59738907},"geometry":{"type":"Polygon","coordinates":[[[-72.90207384614743,-13.424321342475523],[-72.90208169670636,-13.423417710445156],[-72.90300482253649,-13.423425393254822],[-72.90299697542581,-13.424329025821066],[-72.90207384614743,-13.424321342475523]]]}},{"type":"Feature","properties":{"Cell_ID":245,"Area_ha":1.0,"LC":"5:0.201658,9:0.798342","XMIN":727054.86160847,"YMIN":8514873.59738907,"XMAX":727154.86160847,"YMAX":8514973.59738907},"geometry":{"type":"Polygon","coordinates":[[[-72.90206599501101,-13.425224974436722],[-72.90207384614743,-13.424321342475523],[-72.90299697542581,-13.424329025821066],[-72.90298912773787,-13.425232658318151],[-72.90206599501101,-13.425224974436722]]]}},{"type":"Feature","properties":{"Cell_ID":246,"Area_ha":1.0,"LC":"5:0.839851,13:0.160149","XMIN":727154.86160847,"YMIN":8517173.59738907,"XMAX":727254.86160847,"YMAX":8517273.59738907},"geometry":{"type":"Polygon","coordinates":[[[-72.90132337216302,-13.404433746910701],[-72.90133121346241,-13.403530113895872],[-72.90225426291839,-13.403537788287542],[-72.90224642506165,-13.404441421838401],[-72.90132337216302,-13.404433746910701]]]}},{"type":"Feature","properties":{"Cell_ID":247,"Area_ha":1.0,"LC":"5:0.399031,14:0.600969","XMIN":727154.86160847,"YMIN":8517073.59738907,"XMAX":727254.86160847,"YMAX":8517173.59738907},"geometry":{"type":"Polygon","coordinates":[[[-72.90131553028614,-13.405337379856464],[-72.90132337216302,-13.404433746910701],[-72.90224642506165,-13.404441421838401],[-72.90223858662765,-13.405345055320195],[-72.90131553028614,-13.405337379856464]]]}},{"type":"Feature","properties":{"Cell_ID":248,"Area_ha":1.0,"LC":"5:1.000000","XMIN":727154.86160847,"YMIN":8516973.59738907,"XMAX":727254.86160847,"YMAX":8517073.59738907},"geometry":{"type":"Polygon","coordinates":[[[-72.90130768783172,-13.40624101273315],[-72.90131553028614,-13.405337379856464],[-72.90223858662765,-13.405345055320195],[-72.90223074761639,-13.406248688732916],[-72.90130768783172,-13.40624101273315]]]}},{"type":"Feature","properties":{"Cell_ID":249,"Area_ha":1.0,"LC":"5:1.000000","XMIN":727154.86160847,"YMIN":8516873.59738907,"XMAX":727254.86160847,"YMAX":8516973.59738907},"geometry":{"type":"Polygon","coordinates":[[[-72.90129984479975,-13.407144645540754],[-72.90130768783172,-13.40624101273315],[-72.90223074761639,-13.406248688732916],[-72.90222290802782,-13.40715232207656],[-72.90129984479975,-13.407144645540754]]]}},{"type":"Feature","properties":{"Cell_ID":250,"Area_ha":1.0,"LC":"5:0.121406,6:0.878594","XMIN":727154.86160847,"YMIN":8516773.59738907,"XMAX":727254.86160847,"YMAX":8516873.59738907},"geometry":{"type":"Polygon","coordinates":[[[-72.90129200119026,-13.408048278279274],[-72.90129984479975,-13.407144645540754],[-72.90222290802782,-13.40715232207656],[-72.90221506786199,-13.408055955351129],[-72.90129200119026,-13.408048278279274]]]}},{"type":"Feature","properties":{"Cell_ID":251,"Area_ha":1.0,"LC":"5:0.998594,6:0.001406","XMIN":727154.86160847,"YMIN":8516673.59738907,"XMAX":727254.86160847,"YMAX":8516773.59738907},"geometry":{"type":"Polygon","coordinates":[[[-72.90128415700318,-13.408951910948707],[-72.90129200119026,-13.408048278279274],[-72.90221506786199,-13.408055955351129],[-72.90220722711882,-13.408959588556607],[-72.90128415700318,-13.408951910948707]]]}},{"type":"Feature","properties":{"Cell_ID":252,"Area_ha":1.0,"LC":"5:1.000000","XMIN":727154.86160847,"YMIN":8516573.59738907,"XMAX":727254.86160847,"YMAX":8516673.59738907},"geometry":{"type":"Polygon","coordinates":[[[-72.90127631223855,-13.409855543549044],[-72.90128415700318,-13.408951910948707],[-72.90220722711882,-13.408959588556607],[-72.90219938579834,-13.409863221692996],[-72.90127631223855,-13.409855543549044]]]}},{"type":"Feature","properties":{"Cell_ID":253,"Area_ha":1.0,"LC":"3:0.237624,5:0.762376","XMIN":727154.86160847,"YMIN":8516473.59738907,"XMAX":727254.86160847,"YMAX":8516573.59738907},"geometry":{"type":"Polygon","coordinates":[[[-72.90126846689634,-13.410759176080283],[-72.90127631223855,-13.409855543549044],[-72.90219938579834,-13.409863221692996],[-72.90219154390054,-13.410766854760293],[-72.90126846689634,-13.410759176080283]]]}},{"type":"Feature","properties":{"Cell_ID":254,"Area_ha":1.0,"LC":"3:0.999031,5:0.000969","XMIN":727154.86160847,"YMIN":8516373.59738907,"XMAX":727254.86160847,"YMAX":8516473.59738907},"geometry":{"type":"Polygon","coordinates":[[[-72.90126062097653,-13.411662808542422],[-72.90126846689634,-13.410759176080283],[-72.90219154390054,-13.410766854760293],[-72.90218370142541,-13.411670487758496],[-72.90126062097653,-13.411662808542422]]]}},{"type":"Feature","properties":{"Cell_ID":255,"Area_ha":1.0,"LC":"3:1.000000","XMIN":727154.86160847,"YMIN":8516273.59738907,"XMAX":727254.86160847,"YMAX":8516373.59738907},"geometry":{"type":"Polygon","coordinates":[[[-72.90125277447912,-13.412566440935455],[-72.90126062097653,-13.411662808542422],[-72.90218370142541,-13.411670487758496],[-72.90217585837293,-13.412574120687589],[-72.90125277447912,-13.412566440935455]]]}},{"type":"Feature","properties":{"Cell_ID":256,"Area_ha":1.0,"LC":"3:0.322376,5:0.677624","XMIN":727154.86160847,"YMIN":8516173.59738907,"XMAX":727254.86160847,"YMAX":8516273.59738907},"geometry":{"type":"Polygon","coordinates":[[[-72.90124492740411,-13.413470073259377],[-72.90125277447912,-13.412566440935455],[-72.90217585837293,-13.412574120687589],[-72.90216801474308,-13.413477753547578],[-72.90124492740411,-13.413470073259377]]]}},{"type":"Feature","properties":{"Cell_ID":257,"Area_ha":1.0,"LC":"5:0.321406,13:0.678594","XMIN":727154.86160847,"YMIN":8516073.59738907,"XMAX":727254.86160847,"YMAX":8516173.59738907},"geometry":{"type":"Polygon","coordinates":[[[-72.90123707975147,-13.414373705514185],[-72.90124492740411,-13.413470073259377],[-72.90216801474308,-13.413477753547578],[-72.90216017053588,-13.414381386338457],[-72.90123707975147,-13.414373705514185]]]}},{"type":"Feature","properties":{"Cell_ID":258,"Area_ha":1.0,"LC":"5:0.875685,13:0.124315","XMIN":727154.86160847,"YMIN":8515973.59738907,"XMAX":727254.86160847,"YMAX":8516073.59738907},"geometry":{"type":"Polygon","coordinates":[[[-72.90122923152121,-13.41527733769987],[-72.90123707975147,-13.414373705514185],[-72.90216017053588,-13.414381386338457],[-72.9021523257513,-13.415285019060219],[-72.90122923152121,-13.41527733769987]]]}},{"type":"Feature","properties":{"Cell_ID":259,"Area_ha":1.0,"LC":"5:1.000000","XMIN":727154.86160847,"YMIN":8515873.59738907,"XMAX":727254.86160847,"YMAX":8515973.59738907},"geometry":{"type":"Polygon","coordinates":[[[-72.9012213827133,-13.416180969816432],[-72.90122923152121,-13.41527733769987],[-72.9021523257513,-13.415285019060219],[-72.90214448038932,-13.416188651712861],[-72.9012213827133,-13.416180969816432]]]}},{"type":"Feature","properties":{"Cell_ID":260,"Area_ha":1.0,"LC":"3:0.081651,5:0.918349","XMIN":727154.86160847,"YMIN":8515773.59738907,"XMAX":727254.86160847,"YMAX":8515873.59738907},"geometry":{"type":"Polygon","coordinates":[[[-72.90121353332773,-13.417084601863866],[-72.9012213827133,-13.416180969816432],[-72.90214448038932,-13.416188651712861],[-72.90213663444996,-13.417092284296379],[-72.90121353332773,-13.417084601863866]]]}},{"type":"Feature","properties":{"Cell_ID":261,"Area_ha":1.0,"LC":"3:0.204566,5:0.795434","XMIN":727154.86160847,"YMIN":8515673.59738907,"XMAX":727254.86160847,"YMAX":8515773.59738907},"geometry":{"type":"Polygon","coordinates":[[[-72.90120568336451,-13.417988233842168],[-72.90121353332773,-13.417084601863866],[-72.90213663444996,-13.417092284296379],[-72.90212878793318,-13.417995916810767],[-72.90120568336451,-13.417988233842168]]]}},{"type":"Feature","properties":{"Cell_ID":262,"Area_ha":1.0,"LC":"3:0.396824,5:0.603176","XMIN":727154.86160847,"YMIN":8515573.59738907,"XMAX":727254.86160847,"YMAX":8515673.59738907},"geometry":{"type":"Polygon","coordinates":[[[-72.90119783282363,-13.418891865751336],[-72.90120568336451,-13.417988233842168],[-72.90212878793318,-13.417995916810767],[-72.90212094083898,-13.418899549256023],[-72.90119783282363,-13.418891865751336]]]}},{"type":"Feature","properties":{"Cell_ID":263,"Area_ha":1.0,"LC":"3:0.919431,5:0.080569","XMIN":727154.86160847,"YMIN":8515473.59738907,"XMAX":727254.86160847,"YMAX":8515573.59738907},"geometry":{"type":"Polygon","coordinates":[[[-72.90118998170504,-13.41979549759136],[-72.90119783282363,-13.418891865751336],[-72.90212094083898,-13.418899549256023],[-72.90211309316736,-13.419803181632144],[-72.90118998170504,-13.41979549759136]]]}},{"type":"Feature","properties":{"Cell_ID":264,"Area_ha":1.0,"LC":"3:1.000000","XMIN":727154.86160847,"YMIN":8515373.59738907,"XMAX":727254.86160847,"YMAX":8515473.59738907},"geometry":{"type":"Polygon","coordinates":[[[-72.90118213000878,-13.420699129362237],[-72.90118998170504,-13.41979549759136],[-72.90211309316736,-13.419803181632144],[-72.90210524491829,-13.420706813939118],[-72.90118213000878,-13.420699129362237]]]}},{"type":"Feature","properties":{"Cell_ID":265,"Area_ha":1.0,"LC":"3:0.875441,6:0.124559","XMIN":727154.86160847,"YMIN":8515273.59738907,"XMAX":727254.86160847,"YMAX":8515373.59738907},"geometry":{"type":"Polygon","coordinates":[[[-72.90117427773481,-13.421602761063966],[-72.90118213000878,-13.420699129362237],[-72.90210524491829,-13.420706813939118],[-72.90209739609178,-13.42161044617695],[-72.90117427773481,-13.421602761063966]]]}},{"type":"Feature","properties":{"Cell_ID":266,"Area_ha":1.0,"LC":"3:0.635434,5:0.082620,6:0.281946","XMIN":727154.86160847,"YMIN":8515173.59738907,"XMAX":727254.86160847,"YMAX":8515273.59738907},"geometry":{"type":"Polygon","coordinates":[[[-72.90116642488313,-13.422506392696542],[-72.90117427773481,-13.421602761063966],[-72.90209739609178,-13.42161044617695],[-72.9020895466878,-13.42251407834563],[-72.90116642488313,-13.422506392696542]]]}},{"type":"Feature","properties":{"Cell_ID":267,"Area_ha":1.0,"LC":"3:0.119867,5:0.839851,6:0.040281","XMIN":727154.86160847,"YMIN":8515073.59738907,"XMAX":727254.86160847,"YMAX":8515173.59738907},"geometry":{"type":"Polygon","coordinates":[[[-72.90115857145372,-13.423410024259955],[-72.90116642488313,-13.422506392696542],[-72.9020895466878,-13.42251407834563],[-72.90208169670636,-13.423417710445156],[-72.90115857145372,-13.423410024259955]]]}},{"type":"Feature","properties":{"Cell_ID":268,"Area_ha":1.0,"LC":"5:1.000000","XMIN":727154.86160847,"YMIN":8514973.59738907,"XMAX":727254.86160847,"YMAX":8515073.59738907},"geometry":{"type":"Polygon","coordinates":[[[-72.90115071744655,-13.424313655754206],[-72.90115857145372,-13.423410024259955],[-72.90208169670636,-13.423417710445156],[-72.90207384614743,-13.424321342475523],[-72.90115071744655,-13.424313655754206]]]}},{"type":"Feature","properties":{"Cell_ID":269,"Area_ha":1.0,"LC":"5:0.838061,13:0.161939","XMIN":727254.86160847,"YMIN":8517173.59738907,"XMAX":727354.86160847,"YMAX":8517273.59738907},"geometry":{"type":"Polygon","coordinates":[[[-72.90040031984192,-13.404426068612427],[-72.90040816458392,-13.40352243613386],[-72.90133121346241,-13.403530113895872],[-72.90132337216302,-13.404433746910701],[-72.90040031984192,-13.404426068612427]]]}},{"type":"Feature","properties":{"Cell_ID":270,"Area_ha":1.0,"LC":"5:0.481939,14:0.518061","XMIN":727254.86160847,"YMIN":8517073.59738907,"XMAX":727354.86160847,"YMAX":8517173.59738907},"geometry":{"type":"Polygon","coordinates":[[[-72.90039247452215,-13.40532970102192],[-72.90040031984192,-13.404426068612427],[-72.90132337216302,-13.404433746910701],[-72.90131553028614,-13.405337379856464],[-72.90039247452215,-13.40532970102192]]]}},{"type":"Feature","properties":{"Cell_ID":271,"Area_ha":1.0,"LC":"5:1.000000","XMIN":727254.86160847,"YMIN":8516973.59738907,"XMAX":727354.86160847,"YMAX":8517073.59738907},"geometry":{"type":"Polygon","coordinates":[[[-72.90038462862458,-13.406233333362332],[-72.90039247452215,-13.40532970102192],[-72.90131553028614,-13.405337379856464],[-72.90130768783172,-13.40624101273315],[-72.90038462862458,-13.406233333362332]]]}},{"type":"Feature","properties":{"Cell_ID":272,"Area_ha":1.0,"LC":"5:1.000000","XMIN":727254.86160847,"YMIN":8516873.59738907,"XMAX":727354.86160847,"YMAX":8516973.59738907},"geometry":{"type":"Polygon","coordinates":[[[-72.90037678214924,-13.407136965633658],[-72.90038462862458,-13.406233333362332],[-72.90130768783172,-13.40624101273315],[-72.90129984479975,-13.407144645540754],[-72.90037678214924,-13.407136965633658]]]}},{"type":"Feature","properties":{"Cell_ID":273,"Area_ha":1.0,"LC":"5:0.285277,6:0.714723","XMIN":727254.86160847,"YMIN":8516773.59738907,"XMAX":727354.86160847,"YMAX":8516873.59738907},"geometry":{"type":"Polygon","coordinates":[[[-72.90036893509608,-13.408040597835901],[-72.90037678214924,-13.407136965633658],[-72.90129984479975,-13.407144645540754],[-72.90129200119026,-13.408048278279274],[-72.90036893509608,-13.408040597835901]]]}},{"type":"Feature","properties":{"Cell_ID":274,"Area_ha":1.0,"LC":"5:0.998601,6:0.001399","XMIN":727254.86160847,"YMIN":8516673.59738907,"XMAX":727354.86160847,"YMAX":8516773.59738907},"geometry":{"type":"Polygon","coordinates":[[[-72.90036108746513,-13.408944229969046],[-72.90036893509608,-13.408040597835901],[-72.90129200119026,-13.408048278279274],[-72.90128415700318,-13.408951910948707],[-72.90036108746513,-13.408944229969046]]]}},{"type":"Feature","properties":{"Cell_ID":275,"Area_ha":1.0,"LC":"5:1.000000","XMIN":727254.86160847,"YMIN":8516573.59738907,"XMAX":727354.86160847,"YMAX":8516673.59738907},"geometry":{"type":"Polygon","coordinates":[[[-72.90035323925633,-13.409847862033098],[-72.90036108746513,-13.408944229969046],[-72.90128415700318,-13.408951910948707],[-72.90127631223855,-13.409855543549044],[-72.90035323925633,-13.409847862033098]]]}},{"type":"Feature","properties":{"Cell_ID":276,"Area_ha":1.0,"LC":"3:0.118194,5:0.881806","XMIN":727254.86160847,"YMIN":8516473.59738907,"XMAX":727354.86160847,"YMAX":8516573.59738907},"geometry":{"type":"Polygon","coordinates":[[[-72.90034539046971,-13.410751494028046],[-72.90035323925633,-13.409847862033098],[-72.90127631223855,-13.409855543549044],[-72.90126846689634,-13.410759176080283],[-72.90034539046971,-13.410751494028046]]]}},{"type":"Feature","properties":{"Cell_ID":277,"Area_ha":1.0,"LC":"3:0.276685,5:0.723315","XMIN":727254.86160847,"YMIN":8516373.59738907,"XMAX":727354.86160847,"YMAX":8516473.59738907},"geometry":{"type":"Polygon","coordinates":[[[-72.90033754110526,-13.41165512595389],[-72.90034539046971,-13.410751494028046],[-72.90126846689634,-13.410759176080283],[-72.90126062097653,-13.411662808542422],[-72.90033754110526,-13.41165512595389]]]}},{"type":"Feature","properties":{"Cell_ID":278,"Area_ha":1.0,"LC":"3:0.514997,5:0.485003","XMIN":727254.86160847,"YMIN":8516273.59738907,"XMAX":727354.86160847,"YMAX":8516373.59738907},"geometry":{"type":"Polygon","coordinates":[[[-72.90032969116292,-13.412558757810622],[-72.90033754110526,-13.41165512595389],[-72.90126062097653,-13.411662808542422],[-72.90125277447912,-13.412566440935455],[-72.90032969116292,-13.412558757810622]]]}},{"type":"Feature","properties":{"Cell_ID":279,"Area_ha":1.0,"LC":"3:0.360430,5:0.639570","XMIN":727254.86160847,"YMIN":8516173.59738907,"XMAX":727354.86160847,"YMAX":8516273.59738907},"geometry":{"type":"Polygon","coordinates":[[[-72.90032184064275,-13.41346238959824],[-72.90032969116292,-13.412558757810622],[-72.90125277447912,-13.412566440935455],[-72.90124492740411,-13.413470073259377],[-72.90032184064275,-13.41346238959824]]]}},{"type":"Feature","properties":{"Cell_ID":280,"Area_ha":1.0,"LC":"5:0.758623,13:0.241377","XMIN":727254.86160847,"YMIN":8516073.59738907,"XMAX":727354.86160847,"YMAX":8516173.59738907},"geometry":{"type":"Polygon","coordinates":[[[-72.90031398954469,-13.41436602131674],[-72.90032184064275,-13.41346238959824],[-72.90124492740411,-13.413470073259377],[-72.90123707975147,-13.414373705514185],[-72.90031398954469,-13.41436602131674]]]}},{"type":"Feature","properties":{"Cell_ID":281,"Area_ha":1.0,"LC":"5:0.357787,9:0.524559,13:0.117654","XMIN":727254.86160847,"YMIN":8515973.59738907,"XMAX":727354.86160847,"YMAX":8516073.59738907},"geometry":{"type":"Polygon","coordinates":[[[-72.90030613786875,-13.415269652966117],[-72.90031398954469,-13.41436602131674],[-72.90123707975147,-13.414373705514185],[-72.90122923152121,-13.41527733769987],[-72.90030613786875,-13.415269652966117]]]}},{"type":"Feature","properties":{"Cell_ID":282,"Area_ha":1.0,"LC":"5:0.999712,9:0.000288","XMIN":727254.86160847,"YMIN":8515873.59738907,"XMAX":727354.86160847,"YMAX":8515973.59738907},"geometry":{"type":"Polygon","coordinates":[[[-72.90029828561492,-13.416173284546367],[-72.90030613786875,-13.415269652966117],[-72.90122923152121,-13.41527733769987],[-72.9012213827133,-13.416180969816432],[-72.90029828561492,-13.416173284546367]]]}},{"type":"Feature","properties":{"Cell_ID":283,"Area_ha":1.0,"LC":"3:0.077787,5:0.922213","XMIN":727254.86160847,"YMIN":8515773.59738907,"XMAX":727354.86160847,"YMAX":8515873.59738907},"geometry":{"type":"Polygon","coordinates":[[[-72.90029043278318,-13.41707691605748],[-72.90029828561492,-13.416173284546367],[-72.9012213827133,-13.416180969816432],[-72.90121353332773,-13.417084601863866],[-72.90029043278318,-13.41707691605748]]]}},{"type":"Feature","properties":{"Cell_ID":284,"Area_ha":1.0,"LC":"3:0.555153,5:0.444847","XMIN":727254.86160847,"YMIN":8515673.59738907,"XMAX":727354.86160847,"YMAX":8515773.59738907},"geometry":{"type":"Polygon","coordinates":[[[-72.90028257937352,-13.417980547499461],[-72.90029043278318,-13.41707691605748],[-72.90121353332773,-13.417084601863866],[-72.90120568336451,-13.417988233842168],[-72.90028257937352,-13.417980547499461]]]}},{"type":"Feature","properties":{"Cell_ID":285,"Area_ha":1.0,"LC":"3:0.000274,5:0.999726","XMIN":727254.86160847,"YMIN":8515573.59738907,"XMAX":727354.86160847,"YMAX":8515673.59738907},"geometry":{"type":"Polygon","coordinates":[[[-72.90027472538594,-13.418884178872302],[-72.90028257937352,-13.417980547499461],[-72.90120568336451,-13.417988233842168],[-72.90119783282363,-13.418891865751336],[-72.90027472538594,-13.418884178872302]]]}},{"type":"Feature","properties":{"Cell_ID":286,"Area_ha":1.0,"LC":"3:0.594316,5:0.405684","XMIN":727254.86160847,"YMIN":8515473.59738907,"XMAX":727354.86160847,"YMAX":8515573.59738907},"geometry":{"type":"Polygon","coordinates":[[[-72.90026687082043,-13.419787810175995],[-72.90027472538594,-13.418884178872302],[-72.90119783282363,-13.418891865751336],[-72.90118998170504,-13.41979549759136],[-72.90026687082043,-13.419787810175995]]]}},{"type":"Feature","properties":{"Cell_ID":287,"Area_ha":1.0,"LC":"3:0.595153,5:0.404847","XMIN":727254.86160847,"YMIN":8515373.59738907,"XMAX":727354.86160847,"YMAX":8515473.59738907},"geometry":{"type":"Polygon","coordinates":[[[-72.90025901567695,-13.420691441410536],[-72.90026687082043,-13.419787810175995],[-72.90118998170504,-13.41979549759136],[-72.90118213000878,-13.420699129362237],[-72.90025901567695,-13.420691441410536]]]}},{"type":"Feature","properties":{"Cell_ID":288,"Area_ha":1.0,"LC":"3:0.160837,5:0.404566,6:0.434597","XMIN":727254.86160847,"YMIN":8515273.59738907,"XMAX":727354.86160847,"YMAX":8515373.59738907},"geometry":{"type":"Polygon","coordinates":[[[-72.90025115995553,-13.42159507257593],[-72.90025901567695,-13.420691441410536],[-72.90118213000878,-13.420699129362237],[-72.90117427773481,-13.421602761063966],[-72.90025115995553,-13.42159507257593]]]}},{"type":"Feature","properties":{"Cell_ID":289,"Area_ha":1.0,"LC":"5:0.881383,6:0.118617","XMIN":727254.86160847,"YMIN":8515173.59738907,"XMAX":727354.86160847,"YMAX":8515273.59738907},"geometry":{"type":"Polygon","coordinates":[[[-72.90024330365615,-13.422498703672161],[-72.90025115995553,-13.42159507257593],[-72.90117427773481,-13.421602761063966],[-72.90116642488313,-13.422506392696542],[-72.90024330365615,-13.422498703672161]]]}},{"type":"Feature","properties":{"Cell_ID":290,"Area_ha":1.0,"LC":"5:1.000000","XMIN":727254.86160847,"YMIN":8515073.59738907,"XMAX":727354.86160847,"YMAX":8515173.59738907},"geometry":{"type":"Polygon","coordinates":[[[-72.90023544677878,-13.42340233469923],[-72.90024330365615,-13.422498703672161],[-72.90116642488313,-13.422506392696542],[-72.90115857145372,-13.423410024259955],[-72.90023544677878,-13.42340233469923]]]}},{"type":"Feature","properties":{"Cell_ID":291,"Area_ha":1.0,"LC":"3:0.000963,5:0.999037","XMIN":727254.86160847,"YMIN":8514973.59738907,"XMAX":727354.86160847,"YMAX":8515073.59738907},"geometry":{"type":"Polygon","coordinates":[[[-72.90022758932344,-13.424305965657135],[-72.90023544677878,-13.42340233469923],[-72.90115857145372,-13.423410024259955],[-72.90115071744655,-13.424313655754206],[-72.90022758932344,-13.424305965657135]]]}},{"type":"Feature","properties":{"Cell_ID":292,"Area_ha":1.0,"LC":"5:0.560000,9:0.121939,13:0.318061","XMIN":727354.86160847,"YMIN":8517173.59738907,"XMAX":727454.86160847,"YMAX":8517273.59738907},"geometry":{"type":"Polygon","coordinates":[[[-72.89947726809858,-13.40441838694358],[-72.89948511628322,-13.403514755001511],[-72.90040816458392,-13.40352243613386],[-72.90040031984192,-13.404426068612427],[-72.89947726809858,-13.40441838694358]]]}},{"type":"Feature","properties":{"Cell_ID":293,"Area_ha":1.0,"LC":"5:0.841939,14:0.158061","XMIN":727354.86160847,"YMIN":8517073.59738907,"XMAX":727454.86160847,"YMAX":8517173.59738907},"geometry":{"type":"Polygon","coordinates":[[[-72.89946941933594,-13.40532201881657],[-72.89947726809858,-13.40441838694358],[-72.90040031984192,-13.404426068612427],[-72.90039247452215,-13.40532970102192],[-72.89946941933594,-13.40532201881657]]]}},{"type":"Feature","properties":{"Cell_ID":294,"Area_ha":1.0,"LC":"5:1.000000","XMIN":727354.86160847,"YMIN":8516973.59738907,"XMAX":727454.86160847,"YMAX":8517073.59738907},"geometry":{"type":"Polygon","coordinates":[[[-72.89946156999524,-13.406225650620474],[-72.89946941933594,-13.40532201881657],[-72.90039247452215,-13.40532970102192],[-72.90038462862458,-13.406233333362332],[-72.89946156999524,-13.406225650620474]]]}},{"type":"Feature","properties":{"Cell_ID":295,"Area_ha":1.0,"LC":"5:1.000000","XMIN":727354.86160847,"YMIN":8516873.59738907,"XMAX":727454.86160847,"YMAX":8516973.59738907},"geometry":{"type":"Polygon","coordinates":[[[-72.89945372007652,-13.407129282355287],[-72.89946156999524,-13.406225650620474],[-72.90038462862458,-13.406233333362332],[-72.90037678214924,-13.407136965633658],[-72.89945372007652,-13.407129282355287]]]}},{"type":"Feature","properties":{"Cell_ID":296,"Area_ha":1.0,"LC":"5:1.000000","XMIN":727354.86160847,"YMIN":8516773.59738907,"XMAX":727454.86160847,"YMAX":8516873.59738907},"geometry":{"type":"Polygon","coordinates":[[[-72.89944586957974,-13.408032914021014],[-72.89945372007652,-13.407129282355287],[-72.90037678214924,-13.407136965633658],[-72.90036893509608,-13.408040597835901],[-72.89944586957974,-13.408032914021014]]]}},{"type":"Feature","properties":{"Cell_ID":297,"Area_ha":1.0,"LC":"5:1.000000","XMIN":727354.86160847,"YMIN":8516673.59738907,"XMAX":727454.86160847,"YMAX":8516773.59738907},"geometry":{"type":"Polygon","coordinates":[[[-72.89943801850487,-13.40893654561764],[-72.89944586957974,-13.408032914021014],[-72.90036893509608,-13.408040597835901],[-72.90036108746513,-13.408944229969046],[-72.89943801850487,-13.40893654561764]]]}},{"type":"Feature","properties":{"Cell_ID":298,"Area_ha":1.0,"LC":"5:1.000000","XMIN":727354.86160847,"YMIN":8516573.59738907,"XMAX":727454.86160847,"YMAX":8516673.59738907},"geometry":{"type":"Polygon","coordinates":[[[-72.89943016685194,-13.409840177145167],[-72.89943801850487,-13.40893654561764],[-72.90036108746513,-13.408944229969046],[-72.90035323925633,-13.409847862033098],[-72.89943016685194,-13.409840177145167]]]}},{"type":"Feature","properties":{"Cell_ID":299,"Area_ha":1.0,"LC":"5:1.000000","XMIN":727354.86160847,"YMIN":8516473.59738907,"XMAX":727454.86160847,"YMAX":8516573.59738907},"geometry":{"type":"Polygon","coordinates":[[[-72.89942231462092,-13.410743808603591],[-72.89943016685194,-13.409840177145167],[-72.90035323925633,-13.409847862033098],[-72.90034539046971,-13.410751494028046],[-72.89942231462092,-13.410743808603591]]]}},{"type":"Feature","properties":{"Cell_ID":300,"Area_ha":1.0,"LC":"3:0.200969,5:0.799031","XMIN":727354.86160847,"YMIN":8516373.59738907,"XMAX":727454.86160847,"YMAX":8516473.59738907},"geometry":{"type":"Polygon","coordinates":[[[-72.89941446181183,-13.411647439992905],[-72.89942231462092,-13.410743808603591],[-72.90034539046971,-13.410751494028046],[-72.90033754110526,-13.41165512595389],[-72.89941446181183,-13.411647439992905]]]}},{"type":"Feature","properties":{"Cell_ID":301,"Area_ha":1.0,"LC":"3:0.079031,5:0.920969","XMIN":727354.86160847,"YMIN":8516273.59738907,"XMAX":727454.86160847,"YMAX":8516373.59738907},"geometry":{"type":"Polygon","coordinates":[[[-72.8994066084246,-13.412551071313104],[-72.89941446181183,-13.411647439992905],[-72.90033754110526,-13.41165512595389],[-72.90032969116292,-13.412558757810622],[-72.8994066084246,-13.412551071313104]]]}},{"type":"Feature","properties":{"Cell_ID":302,"Area_ha":1.0,"LC":"3:0.039031,5:0.561132,13:0.399838","XMIN":727354.86160847,"YMIN":8516173.59738907,"XMAX":727454.86160847,"YMAX":8516273.59738907},"geometry":{"type":"Polygon","coordinates":[[[-72.89939875445927,-13.41345470256418],[-72.8994066084246,-13.412551071313104],[-72.90032969116292,-13.412558757810622],[-72.90032184064275,-13.41346238959824],[-72.89939875445927,-13.41345470256418]]]}},{"type":"Feature","properties":{"Cell_ID":303,"Area_ha":1.0,"LC":"5:0.121237,13:0.878763","XMIN":727354.86160847,"YMIN":8516073.59738907,"XMAX":727454.86160847,"YMAX":8516173.59738907},"geometry":{"type":"Polygon","coordinates":[[[-72.8993908999158,-13.41435833374614],[-72.89939875445927,-13.41345470256418],[-72.90032184064275,-13.41346238959824],[-72.90031398954469,-13.41436602131674],[-72.8993908999158,-13.41435833374614]]]}},{"type":"Feature","properties":{"Cell_ID":304,"Area_ha":1.0,"LC":"5:0.000007,9:0.718594,13:0.281399","XMIN":727354.86160847,"YMIN":8515973.59738907,"XMAX":727454.86160847,"YMAX":8516073.59738907},"geometry":{"type":"Polygon","coordinates":[[[-72.89938304479419,-13.415261964858969],[-72.8993908999158,-13.41435833374614],[-72.90031398954469,-13.41436602131674],[-72.90030613786875,-13.415269652966117],[-72.89938304479419,-13.415261964858969]]]}},{"type":"Feature","properties":{"Cell_ID":305,"Area_ha":1.0,"LC":"5:0.517624,9:0.482376","XMIN":727354.86160847,"YMIN":8515873.59738907,"XMAX":727454.86160847,"YMAX":8515973.59738907},"geometry":{"type":"Polygon","coordinates":[[[-72.89937518909446,-13.416165595902667],[-72.89938304479419,-13.415261964858969],[-72.90030613786875,-13.415269652966117],[-72.90029828561492,-13.416173284546367],[-72.89937518909446,-13.416165595902667]]]}},{"type":"Feature","properties":{"Cell_ID":306,"Area_ha":1.0,"LC":"5:0.959319,13:0.040681","XMIN":727354.86160847,"YMIN":8515773.59738907,"XMAX":727454.86160847,"YMAX":8515873.59738907},"geometry":{"type":"Polygon","coordinates":[[[-72.89936733281654,-13.41706922687723],[-72.89937518909446,-13.416165595902667],[-72.90029828561492,-13.416173284546367],[-72.90029043278318,-13.41707691605748],[-72.89936733281654,-13.41706922687723]]]}},{"type":"Feature","properties":{"Cell_ID":307,"Area_ha":1.0,"LC":"5:0.958742,13:0.041258","XMIN":727354.86160847,"YMIN":8515673.59738907,"XMAX":727454.86160847,"YMAX":8515773.59738907},"geometry":{"type":"Polygon","coordinates":[[[-72.89935947596045,-13.41797285778265],[-72.89936733281654,-13.41706922687723],[-72.90029043278318,-13.41707691605748],[-72.90028257937352,-13.417980547499461],[-72.89935947596045,-13.41797285778265]]]}},{"type":"Feature","properties":{"Cell_ID":308,"Area_ha":1.0,"LC":"5:1.000000","XMIN":727354.86160847,"YMIN":8515573.59738907,"XMAX":727454.86160847,"YMAX":8515673.59738907},"geometry":{"type":"Polygon","coordinates":[[[-72.8993516185262,-13.41887648861893],[-72.89935947596045,-13.41797285778265],[-72.90028257937352,-13.417980547499461],[-72.90027472538594,-13.418884178872302],[-72.8993516185262,-13.41887648861893]]]}},{"type":"Feature","properties":{"Cell_ID":309,"Area_ha":1.0,"LC":"5:1.000000","XMIN":727354.86160847,"YMIN":8515473.59738907,"XMAX":727454.86160847,"YMAX":8515573.59738907},"geometry":{"type":"Polygon","coordinates":[[[-72.89934376051374,-13.41978011938606],[-72.8993516185262,-13.41887648861893],[-72.90027472538594,-13.418884178872302],[-72.90026687082043,-13.419787810175995],[-72.89934376051374,-13.41978011938606]]]}},{"type":"Feature","properties":{"Cell_ID":310,"Area_ha":1.0,"LC":"5:1.000000","XMIN":727354.86160847,"YMIN":8515373.59738907,"XMAX":727454.86160847,"YMAX":8515473.59738907},"geometry":{"type":"Polygon","coordinates":[[[-72.89933590192311,-13.42068375008403],[-72.89934376051374,-13.41978011938606],[-72.90026687082043,-13.419787810175995],[-72.90025901567695,-13.420691441410536],[-72.89933590192311,-13.42068375008403]]]}},{"type":"Feature","properties":{"Cell_ID":311,"Area_ha":1.0,"LC":"5:1.000000","XMIN":727354.86160847,"YMIN":8515273.59738907,"XMAX":727454.86160847,"YMAX":8515373.59738907},"geometry":{"type":"Polygon","coordinates":[[[-72.89932804275425,-13.421587380712847],[-72.89933590192311,-13.42068375008403],[-72.90025901567695,-13.420691441410536],[-72.90025115995553,-13.42159507257593],[-72.89932804275425,-13.421587380712847]]]}},{"type":"Feature","properties":{"Cell_ID":312,"Area_ha":1.0,"LC":"5:1.000000","XMIN":727354.86160847,"YMIN":8515173.59738907,"XMAX":727454.86160847,"YMAX":8515273.59738907},"geometry":{"type":"Polygon","coordinates":[[[-72.89932018300716,-13.422491011272502],[-72.89932804275425,-13.421587380712847],[-72.90025115995553,-13.42159507257593],[-72.90024330365615,-13.422498703672161],[-72.89932018300716,-13.422491011272502]]]}},{"type":"Feature","properties":{"Cell_ID":313,"Area_ha":1.0,"LC":"5:1.000000","XMIN":727354.86160847,"YMIN":8515073.59738907,"XMAX":727454.86160847,"YMAX":8515173.59738907},"geometry":{"type":"Polygon","coordinates":[[[-72.89931232268187,-13.423394641762993],[-72.89932018300716,-13.422491011272502],[-72.90024330365615,-13.422498703672161],[-72.90023544677878,-13.42340233469923],[-72.89931232268187,-13.423394641762993]]]}},{"type":"Feature","properties":{"Cell_ID":314,"Area_ha":1.0,"LC":"3:0.078475,5:0.921525","XMIN":727354.86160847,"YMIN":8514973.59738907,"XMAX":727454.86160847,"YMAX":8515073.59738907},"geometry":{"type":"Polygon","coordinates":[[[-72.8993044617783,-13.424298272184311],[-72.89931232268187,-13.423394641762993],[-72.90023544677878,-13.42340233469923],[-72.90022758932344,-13.424305965657135],[-72.8993044617783,-13.424298272184311]]]}},{"type":"Feature","properties":{"Cell_ID":315,"Area_ha":1.0,"LC":"5:0.998187,9:0.001813","XMIN":727454.86160847,"YMIN":8517073.59738907,"XMAX":727554.86160847,"YMAX":8517173.59738907},"geometry":{"type":"Polygon","coordinates":[[[-72.89854636472776,-13.405314333240419],[-72.89855421693328,-13.40441070190417],[-72.89947726809858,-13.40441838694358],[-72.89946941933594,-13.40532201881657],[-72.89854636472776,-13.405314333240419]]]}},{"type":"Feature","properties":{"Cell_ID":316,"Area_ha":1.0,"LC":"5:0.999993,9:0.000007","XMIN":727454.86160847,"YMIN":8516973.59738907,"XMAX":727554.86160847,"YMAX":8517073.59738907},"geometry":{"type":"Polygon","coordinates":[[[-72.89853851194395,-13.406217964507581],[-72.89854636472776,-13.405314333240419],[-72.89946941933594,-13.40532201881657],[-72.89946156999524,-13.406225650620474],[-72.89853851194395,-13.406217964507581]]]}},{"type":"Feature","properties":{"Cell_ID":317,"Area_ha":1.0,"LC":"5:1.000000","XMIN":727454.86160847,"YMIN":8516873.59738907,"XMAX":727554.86160847,"YMAX":8516973.59738907},"geometry":{"type":"Polygon","coordinates":[[[-72.89853065858186,-13.40712159570565],[-72.89853851194395,-13.406217964507581],[-72.89946156999524,-13.406225650620474],[-72.89945372007652,-13.407129282355287],[-72.89853065858186,-13.40712159570565]]]}},{"type":"Feature","properties":{"Cell_ID":318,"Area_ha":1.0,"LC":"5:1.000000","XMIN":727454.86160847,"YMIN":8516773.59738907,"XMAX":727554.86160847,"YMAX":8516873.59738907},"geometry":{"type":"Polygon","coordinates":[[[-72.89852280464144,-13.408025226834624],[-72.89853065858186,-13.40712159570565],[-72.89945372007652,-13.407129282355287],[-72.89944586957974,-13.408032914021014],[-72.89852280464144,-13.408025226834624]]]}},{"type":"Feature","properties":{"Cell_ID":319,"Area_ha":1.0,"LC":"5:1.000000","XMIN":727454.86160847,"YMIN":8516673.59738907,"XMAX":727554.86160847,"YMAX":8516773.59738907},"geometry":{"type":"Polygon","coordinates":[[[-72.8985149501227,-13.408928857894498],[-72.89852280464144,-13.408025226834624],[-72.89944586957974,-13.408032914021014],[-72.89943801850487,-13.40893654561764],[-72.8985149501227,-13.408928857894498]]]}},{"type":"Feature","properties":{"Cell_ID":320,"Area_ha":1.0,"LC":"5:0.436685,9:0.563315","XMIN":727454.86160847,"YMIN":8516573.59738907,"XMAX":727554.86160847,"YMAX":8516673.59738907},"geometry":{"type":"Polygon","coordinates":[[[-72.89850709502565,-13.409832488885266],[-72.8985149501227,-13.408928857894498],[-72.89943801850487,-13.40893654561764],[-72.89943016685194,-13.409840177145167],[-72.89850709502565,-13.409832488885266]]]}},{"type":"Feature","properties":{"Cell_ID":321,"Area_ha":1.0,"LC":"5:0.919438,9:0.080562","XMIN":727454.86160847,"YMIN":8516473.59738907,"XMAX":727554.86160847,"YMAX":8516573.59738907},"geometry":{"type":"Polygon","coordinates":[[[-72.89849923935026,-13.410736119806929],[-72.89850709502565,-13.409832488885266],[-72.89943016685194,-13.409840177145167],[-72.89942231462092,-13.410743808603591],[-72.89849923935026,-13.410736119806929]]]}},{"type":"Feature","properties":{"Cell_ID":322,"Area_ha":1.0,"LC":"3:0.240969,5:0.759031","XMIN":727454.86160847,"YMIN":8516373.59738907,"XMAX":727554.86160847,"YMAX":8516473.59738907},"geometry":{"type":"Polygon","coordinates":[[[-72.8984913830965,-13.411639750659473],[-72.89849923935026,-13.410736119806929],[-72.89942231462092,-13.410743808603591],[-72.89941446181183,-13.411647439992905],[-72.8984913830965,-13.411639750659473]]]}},{"type":"Feature","properties":{"Cell_ID":323,"Area_ha":1.0,"LC":"5:1.000000","XMIN":727454.86160847,"YMIN":8516273.59738907,"XMAX":727554.86160847,"YMAX":8516373.59738907},"geometry":{"type":"Polygon","coordinates":[[[-72.89848352626439,-13.412543381442902],[-72.8984913830965,-13.411639750659473],[-72.89941446181183,-13.411647439992905],[-72.8994066084246,-13.412551071313104],[-72.89848352626439,-13.412543381442902]]]}},{"type":"Feature","properties":{"Cell_ID":324,"Area_ha":1.0,"LC":"5:0.756685,13:0.243315","XMIN":727454.86160847,"YMIN":8516173.59738907,"XMAX":727554.86160847,"YMAX":8516273.59738907},"geometry":{"type":"Polygon","coordinates":[[[-72.8984756688539,-13.413447012157206],[-72.89848352626439,-13.412543381442902],[-72.8994066084246,-13.412551071313104],[-72.89939875445927,-13.41345470256418],[-72.8984756688539,-13.413447012157206]]]}},{"type":"Feature","properties":{"Cell_ID":325,"Area_ha":1.0,"LC":"5:0.678468,9:0.000969,13:0.320562","XMIN":727454.86160847,"YMIN":8516073.59738907,"XMAX":727554.86160847,"YMAX":8516173.59738907},"geometry":{"type":"Polygon","coordinates":[[[-72.89846781086504,-13.414350642802388],[-72.8984756688539,-13.413447012157206],[-72.89939875445927,-13.41345470256418],[-72.8993908999158,-13.41435833374614],[-72.89846781086504,-13.414350642802388]]]}},{"type":"Feature","properties":{"Cell_ID":326,"Area_ha":1.0,"LC":"5:0.485965,9:0.514035","XMIN":727454.86160847,"YMIN":8515973.59738907,"XMAX":727554.86160847,"YMAX":8516073.59738907},"geometry":{"type":"Polygon","coordinates":[[[-72.89845995229778,-13.415254273378434],[-72.89846781086504,-13.414350642802388],[-72.8993908999158,-13.41435833374614],[-72.89938304479419,-13.415261964858969],[-72.89845995229778,-13.415254273378434]]]}},{"type":"Feature","properties":{"Cell_ID":327,"Area_ha":1.0,"LC":"5:0.959851,9:0.040149","XMIN":727454.86160847,"YMIN":8515873.59738907,"XMAX":727554.86160847,"YMAX":8515973.59738907},"geometry":{"type":"Polygon","coordinates":[[[-72.89845209315213,-13.416157903885347],[-72.89845995229778,-13.415254273378434],[-72.89938304479419,-13.415261964858969],[-72.89937518909446,-13.416165595902667],[-72.89845209315213,-13.416157903885347]]]}},{"type":"Feature","properties":{"Cell_ID":328,"Area_ha":1.0,"LC":"5:0.680149,13:0.319851","XMIN":727454.86160847,"YMIN":8515773.59738907,"XMAX":727554.86160847,"YMAX":8515873.59738907},"geometry":{"type":"Polygon","coordinates":[[[-72.89844423342805,-13.417061534323123],[-72.89845209315213,-13.416157903885347],[-72.89937518909446,-13.416165595902667],[-72.89936733281654,-13.41706922687723],[-72.89844423342805,-13.417061534323123]]]}},{"type":"Feature","properties":{"Cell_ID":329,"Area_ha":1.0,"LC":"5:0.839851,13:0.160149","XMIN":727454.86160847,"YMIN":8515673.59738907,"XMAX":727554.86160847,"YMAX":8515773.59738907},"geometry":{"type":"Polygon","coordinates":[[[-72.89843637312558,-13.41796516469175],[-72.89844423342805,-13.417061534323123],[-72.89936733281654,-13.41706922687723],[-72.89935947596045,-13.41797285778265],[-72.89843637312558,-13.41796516469175]]]}},{"type":"Feature","properties":{"Cell_ID":330,"Area_ha":1.0,"LC":"5:1.000000","XMIN":727454.86160847,"YMIN":8515573.59738907,"XMAX":727554.86160847,"YMAX":8515673.59738907},"geometry":{"type":"Polygon","coordinates":[[[-72.89842851224464,-13.418868794991228],[-72.89843637312558,-13.41796516469175],[-72.89935947596045,-13.41797285778265],[-72.8993516185262,-13.41887648861893],[-72.89842851224464,-13.418868794991228]]]}},{"type":"Feature","properties":{"Cell_ID":331,"Area_ha":1.0,"LC":"5:0.877380,9:0.122620","XMIN":727454.86160847,"YMIN":8515473.59738907,"XMAX":727554.86160847,"YMAX":8515573.59738907},"geometry":{"type":"Polygon","coordinates":[[[-72.89842065078527,-13.419772425221556],[-72.89842851224464,-13.418868794991228],[-72.8993516185262,-13.41887648861893],[-72.89934376051374,-13.41978011938606],[-72.89842065078527,-13.419772425221556]]]}},{"type":"Feature","properties":{"Cell_ID":332,"Area_ha":1.0,"LC":"5:0.754871,9:0.245129","XMIN":727454.86160847,"YMIN":8515373.59738907,"XMAX":727554.86160847,"YMAX":8515473.59738907},"geometry":{"type":"Polygon","coordinates":[[[-72.89841278874746,-13.420676055382724],[-72.89842065078527,-13.419772425221556],[-72.89934376051374,-13.41978011938606],[-72.89933590192311,-13.42068375008403],[-72.89841278874746,-13.420676055382724]]]}},{"type":"Feature","properties":{"Cell_ID":333,"Area_ha":1.0,"LC":"5:0.997085,9:0.000007,13:0.002908","XMIN":727454.86160847,"YMIN":8515273.59738907,"XMAX":727554.86160847,"YMAX":8515373.59738907},"geometry":{"type":"Polygon","coordinates":[[[-72.89840492613116,-13.421579685474738],[-72.89841278874746,-13.420676055382724],[-72.89933590192311,-13.42068375008403],[-72.89932804275425,-13.421587380712847],[-72.89840492613116,-13.421579685474738]]]}},{"type":"Feature","properties":{"Cell_ID":334,"Area_ha":1.0,"LC":"5:1.000000","XMIN":727454.86160847,"YMIN":8515173.59738907,"XMAX":727554.86160847,"YMAX":8515273.59738907},"geometry":{"type":"Polygon","coordinates":[[[-72.89839706293641,-13.42248331549758],[-72.89840492613116,-13.421579685474738],[-72.89932804275425,-13.421587380712847],[-72.89932018300716,-13.422491011272502],[-72.89839706293641,-13.42248331549758]]]}},{"type":"Feature","properties":{"Cell_ID":335,"Area_ha":1.0,"LC":"5:1.000000","XMIN":727454.86160847,"YMIN":8515073.59738907,"XMAX":727554.86160847,"YMAX":8515173.59738907},"geometry":{"type":"Polygon","coordinates":[[[-72.89838919916316,-13.42338694545125],[-72.89839706293641,-13.42248331549758],[-72.89932018300716,-13.422491011272502],[-72.89931232268187,-13.423394641762993],[-72.89838919916316,-13.42338694545125]]]}},{"type":"Feature","properties":{"Cell_ID":336,"Area_ha":1.0,"LC":"3:0.081651,5:0.877380,14:0.040969","XMIN":727454.86160847,"YMIN":8514973.59738907,"XMAX":727554.86160847,"YMAX":8515073.59738907},"geometry":{"type":"Polygon","coordinates":[[[-72.89838133481142,-13.42429057533575],[-72.89838919916316,-13.42338694545125],[-72.89931232268187,-13.423394641762993],[-72.8993044617783,-13.424298272184311],[-72.89838133481142,-13.42429057533575]]]}},{"type":"Feature","properties":{"Cell_ID":337,"Area_ha":1.0,"LC":"5:0.639031,9:0.360969","XMIN":727554.86160847,"YMIN":8517073.59738907,"XMAX":727654.86160847,"YMAX":8517173.59738907},"geometry":{"type":"Polygon","coordinates":[[[-72.89762331069788,-13.405306644293486],[-72.89763116634623,-13.404403013494212],[-72.89855421693328,-13.40441070190417],[-72.89854636472776,-13.405314333240419],[-72.89762331069788,-13.405306644293486]]]}},{"type":"Feature","properties":{"Cell_ID":338,"Area_ha":1.0,"LC":"5:0.958594,9:0.041406","XMIN":727554.86160847,"YMIN":8516973.59738907,"XMAX":727654.86160847,"YMAX":8517073.59738907},"geometry":{"type":"Polygon","coordinates":[[[-72.89761545447097,-13.406210275023668],[-72.89762331069788,-13.405306644293486],[-72.89854636472776,-13.405314333240419],[-72.89853851194395,-13.406217964507581],[-72.89761545447097,-13.406210275023668]]]}},{"type":"Feature","properties":{"Cell_ID":339,"Area_ha":1.0,"LC":"5:1.000000","XMIN":727554.86160847,"YMIN":8516873.59738907,"XMAX":727654.86160847,"YMAX":8516973.59738907},"geometry":{"type":"Polygon","coordinates":[[[-72.8976075976655,-13.407113905684755],[-72.89761545447097,-13.406210275023668],[-72.89853851194395,-13.406217964507581],[-72.89853065858186,-13.40712159570565],[-72.8976075976655,-13.407113905684755]]]}},{"type":"Feature","properties":{"Cell_ID":340,"Area_ha":1.0,"LC":"5:1.000000","XMIN":727554.86160847,"YMIN":8516773.59738907,"XMAX":727654.86160847,"YMAX":8516873.59738907},"geometry":{"type":"Polygon","coordinates":[[[-72.89759974028148,-13.408017536276745],[-72.8976075976655,-13.407113905684755],[-72.89853065858186,-13.40712159570565],[-72.89852280464144,-13.408025226834624],[-72.89759974028148,-13.408017536276745]]]}},{"type":"Feature","properties":{"Cell_ID":341,"Area_ha":1.0,"LC":"5:0.959319,9:0.040681","XMIN":727554.86160847,"YMIN":8516673.59738907,"XMAX":727654.86160847,"YMAX":8516773.59738907},"geometry":{"type":"Polygon","coordinates":[[[-72.89759188231886,-13.408921166799628],[-72.89759974028148,-13.408017536276745],[-72.89852280464144,-13.408025226834624],[-72.8985149501227,-13.408928857894498],[-72.89759188231886,-13.408921166799628]]]}},{"type":"Feature","properties":{"Cell_ID":342,"Area_ha":1.0,"LC":"5:0.602620,9:0.397380","XMIN":727554.86160847,"YMIN":8516573.59738907,"XMAX":727654.86160847,"YMAX":8516673.59738907},"geometry":{"type":"Polygon","coordinates":[[[-72.8975840237777,-13.409824797253398],[-72.89759188231886,-13.408921166799628],[-72.8985149501227,-13.408928857894498],[-72.89850709502565,-13.409832488885266],[-72.8975840237777,-13.409824797253398]]]}},{"type":"Feature","properties":{"Cell_ID":343,"Area_ha":1.0,"LC":"5:1.000000","XMIN":727554.86160847,"YMIN":8516473.59738907,"XMAX":727654.86160847,"YMAX":8516573.59738907},"geometry":{"type":"Polygon","coordinates":[[[-72.89757616465792,-13.410728427638062],[-72.8975840237777,-13.409824797253398],[-72.89850709502565,-13.409832488885266],[-72.89849923935026,-13.410736119806929],[-72.89757616465792,-13.410728427638062]]]}},{"type":"Feature","properties":{"Cell_ID":344,"Area_ha":1.0,"LC":"3:0.481095,5:0.518905","XMIN":727554.86160847,"YMIN":8516373.59738907,"XMAX":727654.86160847,"YMAX":8516473.59738907},"geometry":{"type":"Polygon","coordinates":[[[-72.89756830495955,-13.411632057953609],[-72.89757616465792,-13.410728427638062],[-72.89849923935026,-13.410736119806929],[-72.8984913830965,-13.411639750659473],[-72.89756830495955,-13.411632057953609]]]}},{"type":"Feature","properties":{"Cell_ID":345,"Area_ha":1.0,"LC":"3:0.120844,5:0.879156","XMIN":727554.86160847,"YMIN":8516273.59738907,"XMAX":727654.86160847,"YMAX":8516373.59738907},"geometry":{"type":"Polygon","coordinates":[[[-72.89756044468255,-13.41253568820003],[-72.89756830495955,-13.411632057953609],[-72.8984913830965,-13.411639750659473],[-72.89848352626439,-13.412543381442902],[-72.89756044468255,-13.41253568820003]]]}},{"type":"Feature","properties":{"Cell_ID":346,"Area_ha":1.0,"LC":"5:0.002376,9:0.483027,13:0.514597","XMIN":727554.86160847,"YMIN":8516173.59738907,"XMAX":727654.86160847,"YMAX":8516273.59738907},"geometry":{"type":"Polygon","coordinates":[[[-72.89755258382692,-13.413439318377325],[-72.89756044468255,-13.41253568820003],[-72.89848352626439,-13.412543381442902],[-72.8984756688539,-13.413447012157206],[-72.89755258382692,-13.413439318377325]]]}},{"type":"Feature","properties":{"Cell_ID":347,"Area_ha":1.0,"LC":"5:0.237912,9:0.564440,13:0.197647","XMIN":727554.86160847,"YMIN":8516073.59738907,"XMAX":727654.86160847,"YMAX":8516173.59738907},"geometry":{"type":"Polygon","coordinates":[[[-72.89754472239267,-13.414342948485496],[-72.89755258382692,-13.413439318377325],[-72.8984756688539,-13.413447012157206],[-72.89846781086504,-13.414350642802388],[-72.89754472239267,-13.414342948485496]]]}},{"type":"Feature","properties":{"Cell_ID":348,"Area_ha":1.0,"LC":"5:0.516678,9:0.242915,13:0.240407","XMIN":727554.86160847,"YMIN":8515973.59738907,"XMAX":727654.86160847,"YMAX":8516073.59738907},"geometry":{"type":"Polygon","coordinates":[[[-72.89753686037979,-13.415246578524522],[-72.89754472239267,-13.414342948485496],[-72.89846781086504,-13.414350642802388],[-72.89845995229778,-13.415254273378434],[-72.89753686037979,-13.415246578524522]]]}},{"type":"Feature","properties":{"Cell_ID":349,"Area_ha":1.0,"LC":"5:0.396129,9:0.122220,13:0.481651","XMIN":727554.86160847,"YMIN":8515873.59738907,"XMAX":727654.86160847,"YMAX":8515973.59738907},"geometry":{"type":"Polygon","coordinates":[[[-72.89752899778823,-13.416150208494415],[-72.89753686037979,-13.415246578524522],[-72.89845995229778,-13.415254273378434],[-72.89845209315213,-13.416157903885347],[-72.89752899778823,-13.416150208494415]]]}},{"type":"Feature","properties":{"Cell_ID":350,"Area_ha":1.0,"LC":"5:0.559150,13:0.440850","XMIN":727554.86160847,"YMIN":8515773.59738907,"XMAX":727654.86160847,"YMAX":8515873.59738907},"geometry":{"type":"Polygon","coordinates":[[[-72.897521134618,-13.417053838395166],[-72.89752899778823,-13.416150208494415],[-72.89845209315213,-13.416157903885347],[-72.89844423342805,-13.417061534323123],[-72.897521134618,-13.417053838395166]]]}},{"type":"Feature","properties":{"Cell_ID":351,"Area_ha":1.0,"LC":"5:1.000000","XMIN":727554.86160847,"YMIN":8515673.59738907,"XMAX":727654.86160847,"YMAX":8515773.59738907},"geometry":{"type":"Polygon","coordinates":[[[-72.89751327086911,-13.417957468226762],[-72.897521134618,-13.417053838395166],[-72.89844423342805,-13.417061534323123],[-72.89843637312558,-13.41796516469175],[-72.89751327086911,-13.417957468226762]]]}},{"type":"Feature","properties":{"Cell_ID":352,"Area_ha":1.0,"LC":"5:1.000000","XMIN":727554.86160847,"YMIN":8515573.59738907,"XMAX":727654.86160847,"YMAX":8515673.59738907},"geometry":{"type":"Polygon","coordinates":[[[-72.89750540654153,-13.418861097989211],[-72.89751327086911,-13.417957468226762],[-72.89843637312558,-13.41796516469175],[-72.89842851224464,-13.418868794991228],[-72.89750540654153,-13.418861097989211]]]}},{"type":"Feature","properties":{"Cell_ID":353,"Area_ha":1.0,"LC":"5:0.603745,9:0.396255","XMIN":727554.86160847,"YMIN":8515473.59738907,"XMAX":727654.86160847,"YMAX":8515573.59738907},"geometry":{"type":"Polygon","coordinates":[[[-72.89749754163525,-13.419764727682505],[-72.89750540654153,-13.418861097989211],[-72.89842851224464,-13.418868794991228],[-72.89842065078527,-13.419772425221556],[-72.89749754163525,-13.419764727682505]]]}},{"type":"Feature","properties":{"Cell_ID":354,"Area_ha":1.0,"LC":"5:0.080569,9:0.718054,13:0.201377","XMIN":727554.86160847,"YMIN":8515373.59738907,"XMAX":727654.86160847,"YMAX":8515473.59738907},"geometry":{"type":"Polygon","coordinates":[[[-72.89748967615027,-13.420668357306633],[-72.89749754163525,-13.419764727682505],[-72.89842065078527,-13.419772425221556],[-72.89841278874746,-13.420676055382724],[-72.89748967615027,-13.420668357306633]]]}},{"type":"Feature","properties":{"Cell_ID":355,"Area_ha":1.0,"LC":"5:0.359563,9:0.202783,13:0.437654","XMIN":727554.86160847,"YMIN":8515273.59738907,"XMAX":727654.86160847,"YMAX":8515373.59738907},"geometry":{"type":"Polygon","coordinates":[[[-72.89748181008657,-13.421571986861597],[-72.89748967615027,-13.420668357306633],[-72.89841278874746,-13.420676055382724],[-72.89840492613116,-13.421579685474738],[-72.89748181008657,-13.421571986861597]]]}},{"type":"Feature","properties":{"Cell_ID":356,"Area_ha":1.0,"LC":"5:1.000000","XMIN":727554.86160847,"YMIN":8515173.59738907,"XMAX":727654.86160847,"YMAX":8515273.59738907},"geometry":{"type":"Polygon","coordinates":[[[-72.89747394344414,-13.422475616347393],[-72.89748181008657,-13.421571986861597],[-72.89840492613116,-13.421579685474738],[-72.89839706293641,-13.42248331549758],[-72.89747394344414,-13.422475616347393]]]}},{"type":"Feature","properties":{"Cell_ID":357,"Area_ha":1.0,"LC":"5:1.000000","XMIN":727554.86160847,"YMIN":8515073.59738907,"XMAX":727654.86160847,"YMAX":8515173.59738907},"geometry":{"type":"Polygon","coordinates":[[[-72.89746607622297,-13.423379245764014],[-72.89747394344414,-13.422475616347393],[-72.89839706293641,-13.42248331549758],[-72.89838919916316,-13.42338694545125],[-72.89746607622297,-13.423379245764014]]]}},{"type":"Feature","properties":{"Cell_ID":358,"Area_ha":1.0,"LC":"5:0.398061,9:0.398868,13:0.001132,14:0.201939","XMIN":727654.86160847,"YMIN":8517073.59738907,"XMAX":727754.86160847,"YMAX":8517173.59738907},"geometry":{"type":"Polygon","coordinates":[[[-72.89670025724652,-13.405298951975773],[-72.89670811633773,-13.404395321713707],[-72.89763116634623,-13.404403013494212],[-72.89762331069788,-13.405306644293486],[-72.89670025724652,-13.405298951975773]]]}},{"type":"Feature","properties":{"Cell_ID":359,"Area_ha":1.0,"LC":"5:0.998594,9:0.001406","XMIN":727654.86160847,"YMIN":8516973.59738907,"XMAX":727754.86160847,"YMAX":8517073.59738907},"geometry":{"type":"Polygon","coordinates":[[[-72.89669239757652,-13.406202582168744],[-72.89670025724652,-13.405298951975773],[-72.89762331069788,-13.405306644293486],[-72.89761545447097,-13.406210275023668],[-72.89669239757652,-13.406202582168744]]]}},{"type":"Feature","properties":{"Cell_ID":360,"Area_ha":1.0,"LC":"5:1.000000","XMIN":727654.86160847,"YMIN":8516873.59738907,"XMAX":727754.86160847,"YMAX":8516973.59738907},"geometry":{"type":"Polygon","coordinates":[[[-72.8966845373277,-13.407106212292613],[-72.89669239757652,-13.406202582168744],[-72.89761545447097,-13.406210275023668],[-72.8976075976655,-13.407113905684755],[-72.8966845373277,-13.407106212292613]]]}},{"type":"Feature","properties":{"Cell_ID":361,"Area_ha":1.0,"LC":"5:1.000000","XMIN":727654.86160847,"YMIN":8516773.59738907,"XMAX":727754.86160847,"YMAX":8516873.59738907},"geometry":{"type":"Polygon","coordinates":[[[-72.89667667650008,-13.40800984234738],[-72.8966845373277,-13.407106212292613],[-72.8976075976655,-13.407113905684755],[-72.89759974028148,-13.408017536276745],[-72.89667667650008,-13.40800984234738]]]}},{"type":"Feature","properties":{"Cell_ID":362,"Area_ha":1.0,"LC":"5:0.961244,9:0.038756","XMIN":727654.86160847,"YMIN":8516673.59738907,"XMAX":727754.86160847,"YMAX":8516773.59738907},"geometry":{"type":"Polygon","coordinates":[[[-72.89666881509362,-13.408913472333037],[-72.89667667650008,-13.40800984234738],[-72.89759974028148,-13.408017536276745],[-72.89759188231886,-13.408921166799628],[-72.89666881509362,-13.408913472333037]]]}},{"type":"Feature","properties":{"Cell_ID":363,"Area_ha":1.0,"LC":"5:0.880695,9:0.119305","XMIN":727654.86160847,"YMIN":8516573.59738907,"XMAX":727754.86160847,"YMAX":8516673.59738907},"geometry":{"type":"Polygon","coordinates":[[[-72.89666095310832,-13.409817102249582],[-72.89666881509362,-13.408913472333037],[-72.89759188231886,-13.408921166799628],[-72.8975840237777,-13.409824797253398],[-72.89666095310832,-13.409817102249582]]]}},{"type":"Feature","properties":{"Cell_ID":364,"Area_ha":1.0,"LC":"5:1.000000","XMIN":727654.86160847,"YMIN":8516473.59738907,"XMAX":727754.86160847,"YMAX":8516573.59738907},"geometry":{"type":"Polygon","coordinates":[[[-72.89665309054419,-13.410720732097012],[-72.89666095310832,-13.409817102249582],[-72.8975840237777,-13.409824797253398],[-72.89757616465792,-13.410728427638062],[-72.89665309054419,-13.410720732097012]]]}},{"type":"Feature","properties":{"Cell_ID":365,"Area_ha":1.0,"LC":"3:0.677092,5:0.322908","XMIN":727654.86160847,"YMIN":8516373.59738907,"XMAX":727754.86160847,"YMAX":8516473.59738907},"geometry":{"type":"Polygon","coordinates":[[[-72.8966452274012,-13.411624361875319],[-72.89665309054419,-13.410720732097012],[-72.89757616465792,-13.410728427638062],[-72.89756830495955,-13.411632057953609],[-72.8966452274012,-13.411624361875319]]]}},{"type":"Feature","properties":{"Cell_ID":366,"Area_ha":1.0,"LC":"5:0.837661,16:0.162339","XMIN":727654.86160847,"YMIN":8516273.59738907,"XMAX":727754.86160847,"YMAX":8516373.59738907},"geometry":{"type":"Polygon","coordinates":[[[-72.89663736367933,-13.4125279915845],[-72.8966452274012,-13.411624361875319],[-72.89756830495955,-13.411632057953609],[-72.89756044468255,-13.41253568820003],[-72.89663736367933,-13.4125279915845]]]}},{"type":"Feature","properties":{"Cell_ID":367,"Area_ha":1.0,"LC":"5:0.239867,9:0.676662,13:0.002902,16:0.080569","XMIN":727654.86160847,"YMIN":8516173.59738907,"XMAX":727754.86160847,"YMAX":8516273.59738907},"geometry":{"type":"Polygon","coordinates":[[[-72.89662949937859,-13.413431621224552],[-72.89663736367933,-13.4125279915845],[-72.89756044468255,-13.41253568820003],[-72.89755258382692,-13.413439318377325],[-72.89662949937859,-13.413431621224552]]]}},{"type":"Feature","properties":{"Cell_ID":368,"Area_ha":1.0,"LC":"9:0.878054,13:0.121946","XMIN":727654.86160847,"YMIN":8516073.59738907,"XMAX":727754.86160847,"YMAX":8516173.59738907},"geometry":{"type":"Polygon","coordinates":[[[-72.89662163449896,-13.414335250795471],[-72.89662949937859,-13.413431621224552],[-72.89755258382692,-13.413439318377325],[-72.89754472239267,-13.414342948485496],[-72.89662163449896,-13.414335250795471]]]}},{"type":"Feature","properties":{"Cell_ID":369,"Area_ha":1.0,"LC":"5:0.199563,9:0.601406,13:0.199031","XMIN":727654.86160847,"YMIN":8515973.59738907,"XMAX":727754.86160847,"YMAX":8516073.59738907},"geometry":{"type":"Polygon","coordinates":[[[-72.89661376904043,-13.415238880297247],[-72.89662163449896,-13.414335250795471],[-72.89754472239267,-13.414342948485496],[-72.89753686037979,-13.415246578524522],[-72.89661376904043,-13.415238880297247]]]}},{"type":"Feature","properties":{"Cell_ID":370,"Area_ha":1.0,"LC":"5:0.201406,9:0.281651,13:0.516943","XMIN":727654.86160847,"YMIN":8515873.59738907,"XMAX":727754.86160847,"YMAX":8515973.59738907},"geometry":{"type":"Polygon","coordinates":[[[-72.89660590300299,-13.416142509729884],[-72.89661376904043,-13.415238880297247],[-72.89753686037979,-13.415246578524522],[-72.89752899778823,-13.416150208494415],[-72.89660590300299,-13.416142509729884]]]}},{"type":"Feature","properties":{"Cell_ID":371,"Area_ha":1.0,"LC":"5:0.637624,6:0.081939,9:0.081258,13:0.199179","XMIN":727654.86160847,"YMIN":8515773.59738907,"XMAX":727754.86160847,"YMAX":8515873.59738907},"geometry":{"type":"Polygon","coordinates":[[[-72.89659803638664,-13.41704613909337],[-72.89660590300299,-13.416142509729884],[-72.89752899778823,-13.416150208494415],[-72.897521134618,-13.417053838395166],[-72.89659803638664,-13.41704613909337]]]}},{"type":"Feature","properties":{"Cell_ID":372,"Area_ha":1.0,"LC":"5:1.000000","XMIN":727654.86160847,"YMIN":8515673.59738907,"XMAX":727754.86160847,"YMAX":8515773.59738907},"geometry":{"type":"Polygon","coordinates":[[[-72.89659016919134,-13.41794976838771],[-72.89659803638664,-13.41704613909337],[-72.897521134618,-13.417053838395166],[-72.89751327086911,-13.417957468226762],[-72.89659016919134,-13.41794976838771]]]}},{"type":"Feature","properties":{"Cell_ID":373,"Area_ha":1.0,"LC":"5:1.000000","XMIN":727654.86160847,"YMIN":8515573.59738907,"XMAX":727754.86160847,"YMAX":8515673.59738907},"geometry":{"type":"Polygon","coordinates":[[[-72.89658230141711,-13.41885339761289],[-72.89659016919134,-13.41794976838771],[-72.89751327086911,-13.417957468226762],[-72.89750540654153,-13.418861097989211],[-72.89658230141711,-13.41885339761289]]]}},{"type":"Feature","properties":{"Cell_ID":374,"Area_ha":1.0,"LC":"5:0.635722,9:0.283878,13:0.080400","XMIN":727654.86160847,"YMIN":8515473.59738907,"XMAX":727754.86160847,"YMAX":8515573.59738907},"geometry":{"type":"Polygon","coordinates":[[[-72.89657443306395,-13.419757026768908],[-72.89658230141711,-13.41885339761289],[-72.89750540654153,-13.418861097989211],[-72.89749754163525,-13.419764727682505],[-72.89657443306395,-13.419757026768908]]]}},{"type":"Feature","properties":{"Cell_ID":375,"Area_ha":1.0,"LC":"5:0.000837,9:0.715974,13:0.283190","XMIN":727654.86160847,"YMIN":8515373.59738907,"XMAX":727754.86160847,"YMAX":8515473.59738907},"geometry":{"type":"Polygon","coordinates":[[[-72.8965665641318,-13.420660655855759],[-72.89657443306395,-13.419757026768908],[-72.89749754163525,-13.419764727682505],[-72.89748967615027,-13.420668357306633],[-72.8965665641318,-13.420660655855759]]]}},{"type":"Feature","properties":{"Cell_ID":376,"Area_ha":1.0,"LC":"5:0.436655,9:0.319179,13:0.244166","XMIN":727654.86160847,"YMIN":8515273.59738907,"XMAX":727754.86160847,"YMAX":8515373.59738907},"geometry":{"type":"Polygon","coordinates":[[[-72.8965586946207,-13.421564284873446],[-72.8965665641318,-13.420660655855759],[-72.89748967615027,-13.420668357306633],[-72.89748181008657,-13.421571986861597],[-72.8965586946207,-13.421564284873446]]]}},{"type":"Feature","properties":{"Cell_ID":377,"Area_ha":1.0,"LC":"5:1.000000","XMIN":727654.86160847,"YMIN":8515173.59738907,"XMAX":727754.86160847,"YMAX":8515273.59738907},"geometry":{"type":"Polygon","coordinates":[[[-72.8965508245306,-13.42246791382196],[-72.8965586946207,-13.421564284873446],[-72.89748181008657,-13.421571986861597],[-72.89747394344414,-13.422475616347393],[-72.8965508245306,-13.42246791382196]]]}},{"type":"Feature","properties":{"Cell_ID":378,"Area_ha":1.0,"LC":"5:1.000000","XMIN":727654.86160847,"YMIN":8515073.59738907,"XMAX":727754.86160847,"YMAX":8515173.59738907},"geometry":{"type":"Polygon","coordinates":[[[-72.89654295386153,-13.423371542701291],[-72.8965508245306,-13.42246791382196],[-72.89747394344414,-13.422475616347393],[-72.89746607622297,-13.423379245764014],[-72.89654295386153,-13.423371542701291]]]}},{"type":"Feature","properties":{"Cell_ID":379,"Area_ha":1.0,"LC":"5:0.119031,9:0.278882,13:0.243345,14:0.358742","XMIN":727754.86160847,"YMIN":8517073.59738907,"XMAX":727854.86160847,"YMAX":8517173.59738907},"geometry":{"type":"Polygon","coordinates":[[[-72.89577720437397,-13.405291256287295],[-72.89578506690802,-13.404387626562675],[-72.89670811633773,-13.404395321713707],[-72.89670025724652,-13.405298951975773],[-72.89577720437397,-13.405291256287295]]]}},{"type":"Feature","properties":{"Cell_ID":380,"Area_ha":1.0,"LC":"5:0.755685,9:0.244026,14:0.000288","XMIN":727754.86160847,"YMIN":8516973.59738907,"XMAX":727854.86160847,"YMAX":8517073.59738907},"geometry":{"type":"Polygon","coordinates":[[[-72.89576934126087,-13.406194885942817],[-72.89577720437397,-13.405291256287295],[-72.89670025724652,-13.405298951975773],[-72.89669239757652,-13.406202582168744],[-72.89576934126087,-13.406194885942817]]]}},{"type":"Feature","properties":{"Cell_ID":381,"Area_ha":1.0,"LC":"5:0.437254,9:0.562746","XMIN":727754.86160847,"YMIN":8516873.59738907,"XMAX":727854.86160847,"YMAX":8516973.59738907},"geometry":{"type":"Polygon","coordinates":[[[-72.89576147756874,-13.407098515529231],[-72.89576934126087,-13.406194885942817],[-72.89669239757652,-13.406202582168744],[-72.8966845373277,-13.407106212292613],[-72.89576147756874,-13.407098515529231]]]}},{"type":"Feature","properties":{"Cell_ID":382,"Area_ha":1.0,"LC":"5:0.834990,9:0.165010","XMIN":727754.86160847,"YMIN":8516773.59738907,"XMAX":727854.86160847,"YMAX":8516873.59738907},"geometry":{"type":"Polygon","coordinates":[[[-72.8957536132975,-13.408002145046542],[-72.89576147756874,-13.407098515529231],[-72.8966845373277,-13.407106212292613],[-72.89667667650008,-13.40800984234738],[-72.8957536132975,-13.408002145046542]]]}},{"type":"Feature","properties":{"Cell_ID":383,"Area_ha":1.0,"LC":"5:1.000000","XMIN":727754.86160847,"YMIN":8516673.59738907,"XMAX":727854.86160847,"YMAX":8516773.59738907},"geometry":{"type":"Polygon","coordinates":[[[-72.8957457484472,-13.40890577449474],[-72.8957536132975,-13.408002145046542],[-72.89667667650008,-13.40800984234738],[-72.89666881509362,-13.408913472333037],[-72.8957457484472,-13.40890577449474]]]}},{"type":"Feature","properties":{"Cell_ID":384,"Area_ha":1.0,"LC":"5:1.000000","XMIN":727754.86160847,"YMIN":8516573.59738907,"XMAX":727854.86160847,"YMAX":8516673.59738907},"geometry":{"type":"Polygon","coordinates":[[[-72.89573788301782,-13.409809403873817],[-72.8957457484472,-13.40890577449474],[-72.89666881509362,-13.408913472333037],[-72.89666095310832,-13.409817102249582],[-72.89573788301782,-13.409809403873817]]]}},{"type":"Feature","properties":{"Cell_ID":385,"Area_ha":1.0,"LC":"5:0.879881,9:0.120119","XMIN":727754.86160847,"YMIN":8516473.59738907,"XMAX":727854.86160847,"YMAX":8516573.59738907},"geometry":{"type":"Polygon","coordinates":[[[-72.89573001700931,-13.410713033183779],[-72.89573788301782,-13.409809403873817],[-72.89666095310832,-13.409817102249582],[-72.89665309054419,-13.410720732097012],[-72.89573001700931,-13.410713033183779]]]}},{"type":"Feature","properties":{"Cell_ID":386,"Area_ha":1.0,"LC":"3:0.199031,5:0.675841,9:0.002789,13:0.000963,16:0.121377","XMIN":727754.86160847,"YMIN":8516373.59738907,"XMAX":727854.86160847,"YMAX":8516473.59738907},"geometry":{"type":"Polygon","coordinates":[[[-72.89572215042172,-13.411616662424613],[-72.89573001700931,-13.410713033183779],[-72.89665309054419,-13.410720732097012],[-72.8966452274012,-13.411624361875319],[-72.89572215042172,-13.411616662424613]]]}},{"type":"Feature","properties":{"Cell_ID":387,"Area_ha":1.0,"LC":"5:0.119867,13:0.362753,16:0.517380","XMIN":727754.86160847,"YMIN":8516273.59738907,"XMAX":727854.86160847,"YMAX":8516373.59738907},"geometry":{"type":"Polygon","coordinates":[[[-72.89571428325499,-13.412520291596321],[-72.89572215042172,-13.411616662424613],[-72.8966452274012,-13.411624361875319],[-72.89663736367933,-13.4125279915845],[-72.89571428325499,-13.412520291596321]]]}},{"type":"Feature","properties":{"Cell_ID":388,"Area_ha":1.0,"LC":"5:0.160969,9:0.239031,13:0.599726,16:0.000274","XMIN":727754.86160847,"YMIN":8516173.59738907,"XMAX":727854.86160847,"YMAX":8516273.59738907},"geometry":{"type":"Polygon","coordinates":[[[-72.89570641550912,-13.413423920698891],[-72.89571428325499,-13.412520291596321],[-72.89663736367933,-13.4125279915845],[-72.89662949937859,-13.413431621224552],[-72.89570641550912,-13.413423920698891]]]}},{"type":"Feature","properties":{"Cell_ID":389,"Area_ha":1.0,"LC":"9:0.276817,13:0.239467,16:0.483716","XMIN":727754.86160847,"YMIN":8516073.59738907,"XMAX":727854.86160847,"YMAX":8516173.59738907},"geometry":{"type":"Polygon","coordinates":[[[-72.89569854718414,-13.414327549732327],[-72.89570641550912,-13.413423920698891],[-72.89662949937859,-13.413431621224552],[-72.89662163449896,-13.414335250795471],[-72.89569854718414,-13.414327549732327]]]}},{"type":"Feature","properties":{"Cell_ID":390,"Area_ha":1.0,"LC":"5:0.197787,9:0.556241,16:0.245972","XMIN":727754.86160847,"YMIN":8515973.59738907,"XMAX":727854.86160847,"YMAX":8516073.59738907},"geometry":{"type":"Polygon","coordinates":[[[-72.89569067827999,-13.415231178696615],[-72.89569854718414,-13.414327549732327],[-72.89662163449896,-13.414335250795471],[-72.89661376904043,-13.415238880297247],[-72.89569067827999,-13.415231178696615]]]}},{"type":"Feature","properties":{"Cell_ID":391,"Area_ha":1.0,"LC":"5:0.039305,9:0.876810,16:0.083885","XMIN":727754.86160847,"YMIN":8515873.59738907,"XMAX":727854.86160847,"YMAX":8515973.59738907},"geometry":{"type":"Polygon","coordinates":[[[-72.89568280879666,-13.41613480759176],[-72.89569067827999,-13.415231178696615],[-72.89661376904043,-13.415238880297247],[-72.89660590300299,-13.416142509729884],[-72.89568280879666,-13.41613480759176]]]}},{"type":"Feature","properties":{"Cell_ID":392,"Area_ha":1.0,"LC":"5:0.398594,6:0.400000,9:0.201406","XMIN":727754.86160847,"YMIN":8515773.59738907,"XMAX":727854.86160847,"YMAX":8515873.59738907},"geometry":{"type":"Polygon","coordinates":[[[-72.89567493873419,-13.417038436417752],[-72.89568280879666,-13.41613480759176],[-72.89660590300299,-13.416142509729884],[-72.89659803638664,-13.41704613909337],[-72.89567493873419,-13.417038436417752]]]}},{"type":"Feature","properties":{"Cell_ID":393,"Area_ha":1.0,"LC":"5:1.000000","XMIN":727754.86160847,"YMIN":8515673.59738907,"XMAX":727854.86160847,"YMAX":8515773.59738907},"geometry":{"type":"Polygon","coordinates":[[[-72.89566706809252,-13.417942065174586],[-72.89567493873419,-13.417038436417752],[-72.89659803638664,-13.41704613909337],[-72.89659016919134,-13.41794976838771],[-72.89566706809252,-13.417942065174586]]]}},{"type":"Feature","properties":{"Cell_ID":394,"Area_ha":1.0,"LC":"5:1.000000","XMIN":727754.86160847,"YMIN":8515573.59738907,"XMAX":727854.86160847,"YMAX":8515673.59738907},"geometry":{"type":"Polygon","coordinates":[[[-72.89565919687166,-13.418845693862266],[-72.89566706809252,-13.417942065174586],[-72.89659016919134,-13.41794976838771],[-72.89658230141711,-13.41885339761289],[-72.89565919687166,-13.418845693862266]]]}},{"type":"Feature","properties":{"Cell_ID":395,"Area_ha":1.0,"LC":"5:0.445965,9:0.475560,13:0.078475","XMIN":727754.86160847,"YMIN":8515473.59738907,"XMAX":727854.86160847,"YMAX":8515573.59738907},"geometry":{"type":"Polygon","coordinates":[[[-72.8956513250716,-13.41974932248078],[-72.89565919687166,-13.418845693862266],[-72.89658230141711,-13.41885339761289],[-72.89657443306395,-13.419757026768908],[-72.8956513250716,-13.41974932248078]]]}},{"type":"Feature","properties":{"Cell_ID":396,"Area_ha":1.0,"LC":"5:0.000288,9:0.121532,13:0.878180","XMIN":727754.86160847,"YMIN":8515373.59738907,"XMAX":727854.86160847,"YMAX":8515473.59738907},"geometry":{"type":"Polygon","coordinates":[[[-72.89564345269231,-13.420652951030121],[-72.8956513250716,-13.41974932248078],[-72.89657443306395,-13.419757026768908],[-72.8965665641318,-13.420660655855759],[-72.89564345269231,-13.420652951030121]]]}},{"type":"Feature","properties":{"Cell_ID":397,"Area_ha":1.0,"LC":"5:0.522472,13:0.477528","XMIN":727754.86160847,"YMIN":8515273.59738907,"XMAX":727854.86160847,"YMAX":8515373.59738907},"geometry":{"type":"Polygon","coordinates":[[[-72.89563557973379,-13.42155657951029],[-72.89564345269231,-13.420652951030121],[-72.8965665641318,-13.420660655855759],[-72.8965586946207,-13.421564284873446],[-72.89563557973379,-13.42155657951029]]]}},{"type":"Feature","properties":{"Cell_ID":398,"Area_ha":1.0,"LC":"5:1.000000","XMIN":727754.86160847,"YMIN":8515173.59738907,"XMAX":727854.86160847,"YMAX":8515273.59738907},"geometry":{"type":"Polygon","coordinates":[[[-72.89562770619607,-13.422460207921285],[-72.89563557973379,-13.42155657951029],[-72.8965586946207,-13.421564284873446],[-72.8965508245306,-13.42246791382196],[-72.89562770619607,-13.422460207921285]]]}},{"type":"Feature","properties":{"Cell_ID":399,"Area_ha":1.0,"LC":"5:1.000000","XMIN":727754.86160847,"YMIN":8515073.59738907,"XMAX":727854.86160847,"YMAX":8515173.59738907},"geometry":{"type":"Polygon","coordinates":[[[-72.89561983207908,-13.423363836263094],[-72.89562770619607,-13.422460207921285],[-72.8965508245306,-13.42246791382196],[-72.89654295386153,-13.423371542701291],[-72.89561983207908,-13.423363836263094]]]}},{"type":"Feature","properties":{"Cell_ID":400,"Area_ha":1.0,"LC":"9:0.437499,13:0.118335,14:0.118194,16:0.325972","XMIN":727854.86160847,"YMIN":8517073.59738907,"XMAX":727954.86160847,"YMAX":8517173.59738907},"geometry":{"type":"Polygon","coordinates":[[[-72.89485415208048,-13.405283557228058],[-72.89486201805734,-13.404379928041122],[-72.89578506690802,-13.404387626562675],[-72.89577720437397,-13.405291256287295],[-72.89485415208048,-13.405283557228058]]]}},{"type":"Feature","properties":{"Cell_ID":401,"Area_ha":1.0,"LC":"5:0.157224,9:0.838054,14:0.000837,16:0.003885","XMIN":727854.86160847,"YMIN":8516973.59738907,"XMAX":727954.86160847,"YMAX":8517073.59738907},"geometry":{"type":"Polygon","coordinates":[[[-72.89484628552431,-13.406187186345894],[-72.89485415208048,-13.405283557228058],[-72.89577720437397,-13.405291256287295],[-72.89576934126087,-13.406194885942817],[-72.89484628552431,-13.406187186345894]]]}},{"type":"Feature","properties":{"Cell_ID":402,"Area_ha":1.0,"LC":"5:0.319705,9:0.680295","XMIN":727854.86160847,"YMIN":8516873.59738907,"XMAX":727954.86160847,"YMAX":8516973.59738907},"geometry":{"type":"Polygon","coordinates":[[[-72.89483841838882,-13.407090815394625],[-72.89484628552431,-13.406187186345894],[-72.89576934126087,-13.406194885942817],[-72.89576147756874,-13.407098515529231],[-72.89483841838882,-13.407090815394625]]]}},{"type":"Feature","properties":{"Cell_ID":403,"Area_ha":1.0,"LC":"5:0.561665,9:0.438335","XMIN":727854.86160847,"YMIN":8516773.59738907,"XMAX":727954.86160847,"YMAX":8516873.59738907},"geometry":{"type":"Polygon","coordinates":[[[-72.89483055067402,-13.40799444437424],[-72.89483841838882,-13.407090815394625],[-72.89576147756874,-13.407098515529231],[-72.8957536132975,-13.408002145046542],[-72.89483055067402,-13.40799444437424]]]}},{"type":"Feature","properties":{"Cell_ID":404,"Area_ha":1.0,"LC":"5:0.999031,9:0.000969","XMIN":727854.86160847,"YMIN":8516673.59738907,"XMAX":727954.86160847,"YMAX":8516773.59738907},"geometry":{"type":"Polygon","coordinates":[[[-72.89482268237988,-13.408898073284739],[-72.89483055067402,-13.40799444437424],[-72.8957536132975,-13.408002145046542],[-72.8957457484472,-13.40890577449474],[-72.89482268237988,-13.408898073284739]]]}},{"type":"Feature","properties":{"Cell_ID":405,"Area_ha":1.0,"LC":"5:1.000000","XMIN":727854.86160847,"YMIN":8516573.59738907,"XMAX":727954.86160847,"YMAX":8516673.59738907},"geometry":{"type":"Polygon","coordinates":[[[-72.8948148135064,-13.409801702126122],[-72.89482268237988,-13.408898073284739],[-72.8957457484472,-13.40890577449474],[-72.89573788301782,-13.409809403873817],[-72.8948148135064,-13.409801702126122]]]}},{"type":"Feature","properties":{"Cell_ID":406,"Area_ha":1.0,"LC":"5:0.718498,9:0.198594,13:0.082908","XMIN":727854.86160847,"YMIN":8516473.59738907,"XMAX":727954.86160847,"YMAX":8516573.59738907},"geometry":{"type":"Polygon","coordinates":[[[-72.89480694405356,-13.410705330898379],[-72.8948148135064,-13.409801702126122],[-72.89573788301782,-13.409809403873817],[-72.89573001700931,-13.410713033183779],[-72.89480694405356,-13.410705330898379]]]}},{"type":"Feature","properties":{"Cell_ID":407,"Area_ha":1.0,"LC":"5:0.079438,9:0.240437,13:0.038756,16:0.641370","XMIN":727854.86160847,"YMIN":8516373.59738907,"XMAX":727954.86160847,"YMAX":8516473.59738907},"geometry":{"type":"Polygon","coordinates":[[[-72.89479907402135,-13.411608959601505],[-72.89480694405356,-13.410705330898379],[-72.89573001700931,-13.410713033183779],[-72.89572215042172,-13.411616662424613],[-72.89479907402135,-13.411608959601505]]]}},{"type":"Feature","properties":{"Cell_ID":408,"Area_ha":1.0,"LC":"5:0.478749,13:0.156122,16:0.365129","XMIN":727854.86160847,"YMIN":8516273.59738907,"XMAX":727954.86160847,"YMAX":8516373.59738907},"geometry":{"type":"Polygon","coordinates":[[[-72.89479120340978,-13.412512588235499],[-72.89479907402135,-13.411608959601505],[-72.89572215042172,-13.411616662424613],[-72.89571428325499,-13.412520291596321],[-72.89479120340978,-13.412512588235499]]]}},{"type":"Feature","properties":{"Cell_ID":409,"Area_ha":1.0,"LC":"5:0.159874,9:0.119031,13:0.436810,16:0.284285","XMIN":727854.86160847,"YMIN":8516173.59738907,"XMAX":727954.86160847,"YMAX":8516273.59738907},"geometry":{"type":"Polygon","coordinates":[[[-72.89478333221882,-13.413416216800355],[-72.89479120340978,-13.412512588235499],[-72.89571428325499,-13.412520291596321],[-72.89570641550912,-13.413423920698891],[-72.89478333221882,-13.413416216800355]]]}},{"type":"Feature","properties":{"Cell_ID":410,"Area_ha":1.0,"LC":"13:0.000556,16:0.999444","XMIN":727854.86160847,"YMIN":8516073.59738907,"XMAX":727954.86160847,"YMAX":8516173.59738907},"geometry":{"type":"Polygon","coordinates":[[[-72.89477546044847,-13.41431984529607],[-72.89478333221882,-13.413416216800355],[-72.89570641550912,-13.413423920698891],[-72.89569854718414,-13.414327549732327],[-72.89477546044847,-13.41431984529607]]]}},{"type":"Feature","properties":{"Cell_ID":411,"Area_ha":1.0,"LC":"16:1.000000","XMIN":727854.86160847,"YMIN":8515973.59738907,"XMAX":727954.86160847,"YMAX":8516073.59738907},"geometry":{"type":"Polygon","coordinates":[[[-72.89476758809872,-13.415223473722635],[-72.89477546044847,-13.41431984529607],[-72.89569854718414,-13.414327549732327],[-72.89569067827999,-13.415231178696615],[-72.89476758809872,-13.415223473722635]]]}},{"type":"Feature","properties":{"Cell_ID":412,"Area_ha":1.0,"LC":"5:0.000969,9:0.238594,16:0.760437","XMIN":727854.86160847,"YMIN":8515873.59738907,"XMAX":727954.86160847,"YMAX":8515973.59738907},"geometry":{"type":"Polygon","coordinates":[[[-72.89475971516953,-13.416127102080054],[-72.89476758809872,-13.415223473722635],[-72.89569067827999,-13.415231178696615],[-72.89568280879666,-13.41613480759176],[-72.89475971516953,-13.416127102080054]]]}},{"type":"Feature","properties":{"Cell_ID":413,"Area_ha":1.0,"LC":"5:0.680533,6:0.118061,9:0.201406","XMIN":727854.86160847,"YMIN":8515773.59738907,"XMAX":727954.86160847,"YMAX":8515873.59738907},"geometry":{"type":"Polygon","coordinates":[[[-72.89475184166092,-13.417030730368316],[-72.89475971516953,-13.416127102080054],[-72.89568280879666,-13.41613480759176],[-72.89567493873419,-13.417038436417752],[-72.89475184166092,-13.417030730368316]]]}},{"type":"Feature","properties":{"Cell_ID":414,"Area_ha":1.0,"LC":"5:1.000000","XMIN":727854.86160847,"YMIN":8515673.59738907,"XMAX":727954.86160847,"YMAX":8515773.59738907},"geometry":{"type":"Polygon","coordinates":[[[-72.89474396757288,-13.417934358587418],[-72.89475184166092,-13.417030730368316],[-72.89567493873419,-13.417038436417752],[-72.89566706809252,-13.417942065174586],[-72.89474396757288,-13.417934358587418]]]}},{"type":"Feature","properties":{"Cell_ID":415,"Area_ha":1.0,"LC":"5:1.000000","XMIN":727854.86160847,"YMIN":8515573.59738907,"XMAX":727954.86160847,"YMAX":8515673.59738907},"geometry":{"type":"Polygon","coordinates":[[[-72.89473609290539,-13.418837986737355],[-72.89474396757288,-13.417934358587418],[-72.89566706809252,-13.417942065174586],[-72.89565919687166,-13.418845693862266],[-72.89473609290539,-13.418837986737355]]]}},{"type":"Feature","properties":{"Cell_ID":416,"Area_ha":1.0,"LC":"5:0.679193,9:0.320807","XMIN":727854.86160847,"YMIN":8515473.59738907,"XMAX":727954.86160847,"YMAX":8515573.59738907},"geometry":{"type":"Polygon","coordinates":[[[-72.89472821765845,-13.419741614818125],[-72.89473609290539,-13.418837986737355],[-72.89565919687166,-13.418845693862266],[-72.8956513250716,-13.41974932248078],[-72.89472821765845,-13.419741614818125]]]}},{"type":"Feature","properties":{"Cell_ID":417,"Area_ha":1.0,"LC":"5:0.000274,9:0.201132,13:0.798594","XMIN":727854.86160847,"YMIN":8515373.59738907,"XMAX":727954.86160847,"YMAX":8515473.59738907},"geometry":{"type":"Polygon","coordinates":[[[-72.89472034183204,-13.420645242829718],[-72.89472821765845,-13.419741614818125],[-72.8956513250716,-13.41974932248078],[-72.89564345269231,-13.420652951030121],[-72.89472034183204,-13.420645242829718]]]}},{"type":"Feature","properties":{"Cell_ID":418,"Area_ha":1.0,"LC":"5:0.314878,13:0.685122","XMIN":727854.86160847,"YMIN":8515273.59738907,"XMAX":727954.86160847,"YMAX":8515373.59738907},"geometry":{"type":"Polygon","coordinates":[[[-72.89471246542614,-13.421548870772142],[-72.89472034183204,-13.420645242829718],[-72.89564345269231,-13.420652951030121],[-72.89563557973379,-13.42155657951029],[-72.89471246542614,-13.421548870772142]]]}},{"type":"Feature","properties":{"Cell_ID":419,"Area_ha":1.0,"LC":"5:0.394990,13:0.605010","XMIN":727854.86160847,"YMIN":8515173.59738907,"XMAX":727954.86160847,"YMAX":8515273.59738907},"geometry":{"type":"Polygon","coordinates":[[[-72.89470458844076,-13.422452498645383],[-72.89471246542614,-13.421548870772142],[-72.89563557973379,-13.42155657951029],[-72.89562770619607,-13.422460207921285],[-72.89470458844076,-13.422452498645383]]]}},{"type":"Feature","properties":{"Cell_ID":420,"Area_ha":1.0,"LC":"16:0.880281,18:0.119719","XMIN":727954.86160847,"YMIN":8517073.59738907,"XMAX":728054.86160847,"YMAX":8517173.59738907},"geometry":{"type":"Polygon","coordinates":[[[-72.89393110036627,-13.405275854798077],[-72.89393896978595,-13.404372226149054],[-72.89486201805734,-13.404379928041122],[-72.89485415208048,-13.405283557228058],[-72.89393110036627,-13.405275854798077]]]}},{"type":"Feature","properties":{"Cell_ID":421,"Area_ha":1.0,"LC":"9:0.038756,16:0.359186,18:0.602058","XMIN":727954.86160847,"YMIN":8516973.59738907,"XMAX":728054.86160847,"YMAX":8517073.59738907},"geometry":{"type":"Polygon","coordinates":[[[-72.89392323036704,-13.406179483377992],[-72.89393110036627,-13.405275854798077],[-72.89485415208048,-13.405283557228058],[-72.89484628552431,-13.406187186345894],[-72.89392323036704,-13.406179483377992]]]}},{"type":"Feature","properties":{"Cell_ID":422,"Area_ha":1.0,"LC":"5:0.038756,9:0.276115,18:0.685129","XMIN":727954.86160847,"YMIN":8516873.59738907,"XMAX":728054.86160847,"YMAX":8516973.59738907},"geometry":{"type":"Polygon","coordinates":[[[-72.89391535978824,-13.407083111888799],[-72.89392323036704,-13.406179483377992],[-72.89484628552431,-13.406187186345894],[-72.89483841838882,-13.407090815394625],[-72.89391535978824,-13.407083111888799]]]}},{"type":"Feature","properties":{"Cell_ID":423,"Area_ha":1.0,"LC":"5:0.117092,9:0.557499,13:0.004841,16:0.039719,18:0.280850","XMIN":727954.86160847,"YMIN":8516773.59738907,"XMAX":728054.86160847,"YMAX":8516873.59738907},"geometry":{"type":"Polygon","coordinates":[[[-72.89390748862986,-13.407986740330488],[-72.89391535978824,-13.407083111888799],[-72.89483841838882,-13.407090815394625],[-72.89483055067402,-13.40799444437424],[-72.89390748862986,-13.407986740330488]]]}},{"type":"Feature","properties":{"Cell_ID":424,"Area_ha":1.0,"LC":"5:0.475560,9:0.319593,13:0.002915,16:0.201932","XMIN":727954.86160847,"YMIN":8516673.59738907,"XMAX":728054.86160847,"YMAX":8516773.59738907},"geometry":{"type":"Polygon","coordinates":[[[-72.89389961689189,-13.408890368703053],[-72.89390748862986,-13.407986740330488],[-72.89483055067402,-13.40799444437424],[-72.89482268237988,-13.408898073284739],[-72.89389961689189,-13.408890368703053]]]}},{"type":"Feature","properties":{"Cell_ID":425,"Area_ha":1.0,"LC":"5:0.595153,9:0.399719,16:0.005129","XMIN":727954.86160847,"YMIN":8516573.59738907,"XMAX":728054.86160847,"YMAX":8516673.59738907},"geometry":{"type":"Polygon","coordinates":[[[-72.89389174457433,-13.409793997006501],[-72.89389961689189,-13.408890368703053],[-72.89482268237988,-13.408898073284739],[-72.8948148135064,-13.409801702126122],[-72.89389174457433,-13.409793997006501]]]}},{"type":"Feature","properties":{"Cell_ID":426,"Area_ha":1.0,"LC":"5:0.039867,9:0.439726,13:0.477780,16:0.042627","XMIN":727954.86160847,"YMIN":8516473.59738907,"XMAX":728054.86160847,"YMAX":8516573.59738907},"geometry":{"type":"Polygon","coordinates":[[[-72.89388387167716,-13.410697625240818],[-72.89389174457433,-13.409793997006501],[-72.8948148135064,-13.409801702126122],[-72.89480694405356,-13.410705330898379],[-72.89388387167716,-13.410697625240818]]]}},{"type":"Feature","properties":{"Cell_ID":427,"Area_ha":1.0,"LC":"9:0.119867,13:0.000281,16:0.879851","XMIN":727954.86160847,"YMIN":8516373.59738907,"XMAX":728054.86160847,"YMAX":8516473.59738907},"geometry":{"type":"Polygon","coordinates":[[[-72.89387599820037,-13.411601253406001],[-72.89388387167716,-13.410697625240818],[-72.89480694405356,-13.410705330898379],[-72.89479907402135,-13.411608959601505],[-72.89387599820037,-13.411601253406001]]]}},{"type":"Feature","properties":{"Cell_ID":428,"Area_ha":1.0,"LC":"16:1.000000","XMIN":727954.86160847,"YMIN":8516273.59738907,"XMAX":728054.86160847,"YMAX":8516373.59738907},"geometry":{"type":"Polygon","coordinates":[[[-72.89386812414395,-13.412504881502047],[-72.89387599820037,-13.411601253406001],[-72.89479907402135,-13.411608959601505],[-72.89479120340978,-13.412512588235499],[-72.89386812414395,-13.412504881502047]]]}},{"type":"Feature","properties":{"Cell_ID":429,"Area_ha":1.0,"LC":"16:1.000000","XMIN":727954.86160847,"YMIN":8516173.59738907,"XMAX":728054.86160847,"YMAX":8516273.59738907},"geometry":{"type":"Polygon","coordinates":[[[-72.89386024950791,-13.413408509528951],[-72.89386812414395,-13.412504881502047],[-72.89479120340978,-13.412512588235499],[-72.89478333221882,-13.413416216800355],[-72.89386024950791,-13.413408509528951]]]}},{"type":"Feature","properties":{"Cell_ID":430,"Area_ha":1.0,"LC":"16:1.000000","XMIN":727954.86160847,"YMIN":8516073.59738907,"XMAX":728054.86160847,"YMAX":8516173.59738907},"geometry":{"type":"Polygon","coordinates":[[[-72.89385237429221,-13.414312137486712],[-72.89386024950791,-13.413408509528951],[-72.89478333221882,-13.413416216800355],[-72.89477546044847,-13.41431984529607],[-72.89385237429221,-13.414312137486712]]]}},{"type":"Feature","properties":{"Cell_ID":431,"Area_ha":1.0,"LC":"16:1.000000","XMIN":727954.86160847,"YMIN":8515973.59738907,"XMAX":728054.86160847,"YMAX":8516073.59738907},"geometry":{"type":"Polygon","coordinates":[[[-72.89384449849683,-13.41521576537532],[-72.89385237429221,-13.414312137486712],[-72.89477546044847,-13.41431984529607],[-72.89476758809872,-13.415223473722635],[-72.89384449849683,-13.41521576537532]]]}},{"type":"Feature","properties":{"Cell_ID":432,"Area_ha":1.0,"LC":"5:0.317906,9:0.323597,16:0.358498","XMIN":727954.86160847,"YMIN":8515873.59738907,"XMAX":728054.86160847,"YMAX":8515973.59738907},"geometry":{"type":"Polygon","coordinates":[[[-72.89383662212181,-13.416119393194776],[-72.89384449849683,-13.41521576537532],[-72.89476758809872,-13.415223473722635],[-72.89475971516953,-13.416127102080054],[-72.89383662212181,-13.416119393194776]]]}},{"type":"Feature","properties":{"Cell_ID":433,"Area_ha":1.0,"LC":"5:0.837098,9:0.039312,13:0.123590","XMIN":727954.86160847,"YMIN":8515773.59738907,"XMAX":728054.86160847,"YMAX":8515873.59738907},"geometry":{"type":"Polygon","coordinates":[[[-72.8938287451671,-13.41702302094507],[-72.89383662212181,-13.416119393194776],[-72.89475971516953,-13.416127102080054],[-72.89475184166092,-13.417030730368316],[-72.8938287451671,-13.41702302094507]]]}},{"type":"Feature","properties":{"Cell_ID":434,"Area_ha":1.0,"LC":"5:0.999712,13:0.000288","XMIN":727954.86160847,"YMIN":8515673.59738907,"XMAX":728054.86160847,"YMAX":8515773.59738907},"geometry":{"type":"Polygon","coordinates":[[[-72.8938208676327,-13.417926648626201],[-72.8938287451671,-13.41702302094507],[-72.89475184166092,-13.417030730368316],[-72.89474396757288,-13.417934358587418],[-72.8938208676327,-13.417926648626201]]]}},{"type":"Feature","properties":{"Cell_ID":435,"Area_ha":1.0,"LC":"5:1.000000","XMIN":727954.86160847,"YMIN":8515573.59738907,"XMAX":728054.86160847,"YMAX":8515673.59738907},"geometry":{"type":"Polygon","coordinates":[[[-72.8938129895186,-13.418830276238165],[-72.8938208676327,-13.417926648626201],[-72.89474396757288,-13.417934358587418],[-72.89473609290539,-13.418837986737355],[-72.8938129895186,-13.418830276238165]]]}},{"type":"Feature","properties":{"Cell_ID":436,"Area_ha":1.0,"LC":"5:0.842495,9:0.157505","XMIN":727954.86160847,"YMIN":8515473.59738907,"XMAX":728054.86160847,"YMAX":8515573.59738907},"geometry":{"type":"Polygon","coordinates":[[[-72.89380511082477,-13.419733903780962],[-72.8938129895186,-13.418830276238165],[-72.89473609290539,-13.418837986737355],[-72.89472821765845,-13.419741614818125],[-72.89380511082477,-13.419733903780962]]]}},{"type":"Feature","properties":{"Cell_ID":437,"Area_ha":1.0,"LC":"5:0.204728,9:0.079586,13:0.715685","XMIN":727954.86160847,"YMIN":8515373.59738907,"XMAX":728054.86160847,"YMAX":8515473.59738907},"geometry":{"type":"Polygon","coordinates":[[[-72.89379723155125,-13.420637531254572],[-72.89380511082477,-13.419733903780962],[-72.89472821765845,-13.419741614818125],[-72.89472034183204,-13.420645242829718],[-72.89379723155125,-13.420637531254572]]]}},{"type":"Feature","properties":{"Cell_ID":438,"Area_ha":1.0,"LC":"5:0.002902,13:0.997098","XMIN":727954.86160847,"YMIN":8515273.59738907,"XMAX":728054.86160847,"YMAX":8515373.59738907},"geometry":{"type":"Polygon","coordinates":[[[-72.89378935169798,-13.421541158659007],[-72.89379723155125,-13.420637531254572],[-72.89472034183204,-13.420645242829718],[-72.89471246542614,-13.421548870772142],[-72.89378935169798,-13.421541158659007]]]}},{"type":"Feature","properties":{"Cell_ID":439,"Area_ha":1.0,"LC":"5:0.319570,9:0.122908,13:0.557521","XMIN":727954.86160847,"YMIN":8515173.59738907,"XMAX":728054.86160847,"YMAX":8515273.59738907},"geometry":{"type":"Polygon","coordinates":[[[-72.89378147126497,-13.422444785994257],[-72.89378935169798,-13.421541158659007],[-72.89471246542614,-13.421548870772142],[-72.89470458844076,-13.422452498645383],[-72.89378147126497,-13.422444785994257]]]}},{"type":"Feature","properties":{"Cell_ID":440,"Area_ha":1.0,"LC":"13:0.000844,16:0.999156","XMIN":728054.86160847,"YMIN":8517073.59738907,"XMAX":728154.86160847,"YMAX":8517173.59738907},"geometry":{"type":"Polygon","coordinates":[[[-72.89300804923164,-13.405268148997354],[-72.89301592209412,-13.404364520886483],[-72.89393896978595,-13.404372226149054],[-72.89393110036627,-13.405275854798077],[-72.89300804923164,-13.405268148997354]]]}},{"type":"Feature","properties":{"Cell_ID":441,"Area_ha":1.0,"LC":"16:0.723745,18:0.276255","XMIN":728054.86160847,"YMIN":8516973.59738907,"XMAX":728154.86160847,"YMAX":8517073.59738907},"geometry":{"type":"Polygon","coordinates":[[[-72.89300017578934,-13.406171777039114],[-72.89300804923164,-13.405268148997354],[-72.89393110036627,-13.405275854798077],[-72.89392323036704,-13.406179483377992],[-72.89300017578934,-13.406171777039114]]]}},{"type":"Feature","properties":{"Cell_ID":442,"Area_ha":1.0,"LC":"16:0.203597,18:0.796403","XMIN":728054.86160847,"YMIN":8516873.59738907,"XMAX":728154.86160847,"YMAX":8516973.59738907},"geometry":{"type":"Polygon","coordinates":[[[-72.89299230176724,-13.407075405011762],[-72.89300017578934,-13.406171777039114],[-72.89392323036704,-13.406179483377992],[-72.89391535978824,-13.407083111888799],[-72.89299230176724,-13.407075405011762]]]}},{"type":"Feature","properties":{"Cell_ID":443,"Area_ha":1.0,"LC":"13:0.314597,16:0.604847,18:0.080556","XMIN":728054.86160847,"YMIN":8516773.59738907,"XMAX":728154.86160847,"YMAX":8516873.59738907},"geometry":{"type":"Polygon","coordinates":[[[-72.89298442716529,-13.407979032915286],[-72.89299230176724,-13.407075405011762],[-72.89391535978824,-13.407083111888799],[-72.89390748862986,-13.407986740330488],[-72.89298442716529,-13.407979032915286]]]}},{"type":"Feature","properties":{"Cell_ID":444,"Area_ha":1.0,"LC":"13:0.317366,16:0.682634","XMIN":728054.86160847,"YMIN":8516673.59738907,"XMAX":728154.86160847,"YMAX":8516773.59738907},"geometry":{"type":"Polygon","coordinates":[[[-72.89297655198352,-13.40888266074969],[-72.89298442716529,-13.407979032915286],[-72.89390748862986,-13.407986740330488],[-72.89389961689189,-13.408890368703053],[-72.89297655198352,-13.40888266074969]]]}},{"type":"Feature","properties":{"Cell_ID":445,"Area_ha":1.0,"LC":"13:0.040281,16:0.959719","XMIN":728054.86160847,"YMIN":8516573.59738907,"XMAX":728154.86160847,"YMAX":8516673.59738907},"geometry":{"type":"Polygon","coordinates":[[[-72.89296867622188,-13.409786288514962],[-72.89297655198352,-13.40888266074969],[-72.89389961689189,-13.408890368703053],[-72.89389174457433,-13.409793997006501],[-72.89296867622188,-13.409786288514962]]]}},{"type":"Feature","properties":{"Cell_ID":446,"Area_ha":1.0,"LC":"9:0.119031,13:0.039031,16:0.841939","XMIN":728054.86160847,"YMIN":8516473.59738907,"XMAX":728154.86160847,"YMAX":8516573.59738907},"geometry":{"type":"Polygon","coordinates":[[[-72.89296079988038,-13.410689916211105],[-72.89296867622188,-13.409786288514962],[-72.89389174457433,-13.409793997006501],[-72.89388387167716,-13.410697625240818],[-72.89296079988038,-13.410689916211105]]]}},{"type":"Feature","properties":{"Cell_ID":447,"Area_ha":1.0,"LC":"16:1.000000","XMIN":728054.86160847,"YMIN":8516373.59738907,"XMAX":728154.86160847,"YMAX":8516473.59738907},"geometry":{"type":"Polygon","coordinates":[[[-72.89295292295903,-13.411593543838112],[-72.89296079988038,-13.410689916211105],[-72.89388387167716,-13.410697625240818],[-72.89387599820037,-13.411601253406001],[-72.89295292295903,-13.411593543838112]]]}},{"type":"Feature","properties":{"Cell_ID":448,"Area_ha":1.0,"LC":"16:1.000000","XMIN":728054.86160847,"YMIN":8516273.59738907,"XMAX":728154.86160847,"YMAX":8516373.59738907},"geometry":{"type":"Polygon","coordinates":[[[-72.89294504545776,-13.412497171395977],[-72.89295292295903,-13.411593543838112],[-72.89387599820037,-13.411601253406001],[-72.89386812414395,-13.412504881502047],[-72.89294504545776,-13.412497171395977]]]}},{"type":"Feature","properties":{"Cell_ID":449,"Area_ha":1.0,"LC":"16:1.000000","XMIN":728054.86160847,"YMIN":8516173.59738907,"XMAX":728154.86160847,"YMAX":8516273.59738907},"geometry":{"type":"Polygon","coordinates":[[[-72.89293716737664,-13.413400798884696],[-72.89294504545776,-13.412497171395977],[-72.89386812414395,-13.412504881502047],[-72.89386024950791,-13.413408509528951],[-72.89293716737664,-13.413400798884696]]]}},{"type":"Feature","properties":{"Cell_ID":450,"Area_ha":1.0,"LC":"16:1.000000","XMIN":728054.86160847,"YMIN":8516073.59738907,"XMAX":728154.86160847,"YMAX":8516173.59738907},"geometry":{"type":"Polygon","coordinates":[[[-72.8929292887156,-13.414304426304264],[-72.89293716737664,-13.413400798884696],[-72.89386024950791,-13.413408509528951],[-72.89385237429221,-13.414312137486712],[-72.8929292887156,-13.414304426304264]]]}},{"type":"Feature","properties":{"Cell_ID":451,"Area_ha":1.0,"LC":"16:0.476410,18:0.523590","XMIN":728054.86160847,"YMIN":8515973.59738907,"XMAX":728154.86160847,"YMAX":8516073.59738907},"geometry":{"type":"Polygon","coordinates":[[[-72.89292140947464,-13.41520805365468],[-72.8929292887156,-13.414304426304264],[-72.89385237429221,-13.414312137486712],[-72.89384449849683,-13.41521576537532],[-72.89292140947464,-13.41520805365468]]]}},{"type":"Feature","properties":{"Cell_ID":452,"Area_ha":1.0,"LC":"9:0.474316,16:0.401518,18:0.124166","XMIN":728054.86160847,"YMIN":8515873.59738907,"XMAX":728154.86160847,"YMAX":8515973.59738907},"geometry":{"type":"Polygon","coordinates":[[[-72.89291352965378,-13.416111680935936],[-72.89292140947464,-13.41520805365468],[-72.89384449849683,-13.41521576537532],[-72.89383662212181,-13.416119393194776],[-72.89291352965378,-13.416111680935936]]]}},{"type":"Feature","properties":{"Cell_ID":453,"Area_ha":1.0,"LC":"5:0.039031,9:0.000837,13:0.754723,16:0.205410","XMIN":728054.86160847,"YMIN":8515773.59738907,"XMAX":728154.86160847,"YMAX":8515873.59738907},"geometry":{"type":"Polygon","coordinates":[[[-72.89290564925295,-13.417015308148029],[-72.89291352965378,-13.416111680935936],[-72.89383662212181,-13.416119393194776],[-72.8938287451671,-13.41702302094507],[-72.89290564925295,-13.417015308148029]]]}},{"type":"Feature","properties":{"Cell_ID":454,"Area_ha":1.0,"LC":"5:0.394316,9:0.204278,13:0.401399,16:0.000007","XMIN":728054.86160847,"YMIN":8515673.59738907,"XMAX":728154.86160847,"YMAX":8515773.59738907},"geometry":{"type":"Polygon","coordinates":[[[-72.8928977682722,-13.417918935290954],[-72.89290564925295,-13.417015308148029],[-72.8938287451671,-13.41702302094507],[-72.8938208676327,-13.417926648626201],[-72.8928977682722,-13.417918935290954]]]}},{"type":"Feature","properties":{"Cell_ID":455,"Area_ha":1.0,"LC":"5:0.999431,9:0.000569","XMIN":728054.86160847,"YMIN":8515573.59738907,"XMAX":728154.86160847,"YMAX":8515673.59738907},"geometry":{"type":"Polygon","coordinates":[[[-72.8928898867115,-13.418822562364708],[-72.8928977682722,-13.417918935290954],[-72.8938208676327,-13.417926648626201],[-72.8938129895186,-13.418830276238165],[-72.8928898867115,-13.418822562364708]]]}},{"type":"Feature","properties":{"Cell_ID":456,"Area_ha":1.0,"LC":"5:1.000000","XMIN":728054.86160847,"YMIN":8515473.59738907,"XMAX":728154.86160847,"YMAX":8515573.59738907},"geometry":{"type":"Polygon","coordinates":[[[-72.89288200457084,-13.419726189369289],[-72.8928898867115,-13.418822562364708],[-72.8938129895186,-13.418830276238165],[-72.89380511082477,-13.419733903780962],[-72.89288200457084,-13.419726189369289]]]}},{"type":"Feature","properties":{"Cell_ID":457,"Area_ha":1.0,"LC":"5:0.921525,13:0.078475","XMIN":728054.86160847,"YMIN":8515373.59738907,"XMAX":728154.86160847,"YMAX":8515473.59738907},"geometry":{"type":"Polygon","coordinates":[[[-72.89287412185018,-13.420629816304684],[-72.89288200457084,-13.419726189369289],[-72.89380511082477,-13.419733903780962],[-72.89379723155125,-13.420637531254572],[-72.89287412185018,-13.420629816304684]]]}},{"type":"Feature","properties":{"Cell_ID":458,"Area_ha":1.0,"LC":"5:0.841665,9:0.039719,13:0.118617","XMIN":728054.86160847,"YMIN":8515273.59738907,"XMAX":728154.86160847,"YMAX":8515373.59738907},"geometry":{"type":"Polygon","coordinates":[[[-72.89286623854954,-13.4215334431709],[-72.89287412185018,-13.420629816304684],[-72.89379723155125,-13.420637531254572],[-72.89378935169798,-13.421541158659007],[-72.89286623854954,-13.4215334431709]]]}},{"type":"Feature","properties":{"Cell_ID":459,"Area_ha":1.0,"LC":"5:0.520688,9:0.479312","XMIN":728054.86160847,"YMIN":8515173.59738907,"XMAX":728154.86160847,"YMAX":8515273.59738907},"geometry":{"type":"Polygon","coordinates":[[[-72.89285835466892,-13.422437069967923],[-72.89286623854954,-13.4215334431709],[-72.89378935169798,-13.421541158659007],[-72.89378147126497,-13.422444785994257],[-72.89285835466892,-13.422437069967923]]]}},{"type":"Feature","properties":{"Cell_ID":460,"Area_ha":1.0,"LC":"5:0.362908,16:0.637092","XMIN":728154.86160847,"YMIN":8517073.59738907,"XMAX":728254.86160847,"YMAX":8517173.59738907},"geometry":{"type":"Polygon","coordinates":[[[-72.8920849986768,-13.405260439825906],[-72.89209287498207,-13.404356812253422],[-72.89301592209412,-13.404364520886483],[-72.89300804923164,-13.405268148997354],[-72.8920849986768,-13.405260439825906]]]}},{"type":"Feature","properties":{"Cell_ID":461,"Area_ha":1.0,"LC":"16:1.000000","XMIN":728154.86160847,"YMIN":8516973.59738907,"XMAX":728254.86160847,"YMAX":8517073.59738907},"geometry":{"type":"Polygon","coordinates":[[[-72.89207712179147,-13.406164067329275],[-72.8920849986768,-13.405260439825906],[-72.89300804923164,-13.405268148997354],[-72.89300017578934,-13.406171777039114],[-72.89207712179147,-13.406164067329275]]]}},{"type":"Feature","properties":{"Cell_ID":462,"Area_ha":1.0,"LC":"16:0.960969,18:0.039031","XMIN":728154.86160847,"YMIN":8516873.59738907,"XMAX":728254.86160847,"YMAX":8516973.59738907},"geometry":{"type":"Polygon","coordinates":[[[-72.89206924432605,-13.407067694763523],[-72.89207712179147,-13.406164067329275],[-72.89300017578934,-13.406171777039114],[-72.89299230176724,-13.407075405011762],[-72.89206924432605,-13.407067694763523]]]}},{"type":"Feature","properties":{"Cell_ID":463,"Area_ha":1.0,"LC":"16:0.918349,18:0.081651","XMIN":728154.86160847,"YMIN":8516773.59738907,"XMAX":728254.86160847,"YMAX":8516873.59738907},"geometry":{"type":"Polygon","coordinates":[[[-72.89206136628057,-13.407971322128654],[-72.89206924432605,-13.407067694763523],[-72.89299230176724,-13.407075405011762],[-72.89298442716529,-13.407979032915286],[-72.89206136628057,-13.407971322128654]]]}},{"type":"Feature","properties":{"Cell_ID":464,"Area_ha":1.0,"LC":"16:0.917773,18:0.082227","XMIN":728154.86160847,"YMIN":8516673.59738907,"XMAX":728254.86160847,"YMAX":8516773.59738907},"geometry":{"type":"Polygon","coordinates":[[[-72.89205348765498,-13.408874949424654],[-72.89206136628057,-13.407971322128654],[-72.89298442716529,-13.407979032915286],[-72.89297655198352,-13.40888266074969],[-72.89205348765498,-13.408874949424654]]]}},{"type":"Feature","properties":{"Cell_ID":465,"Area_ha":1.0,"LC":"16:1.000000","XMIN":728154.86160847,"YMIN":8516573.59738907,"XMAX":728254.86160847,"YMAX":8516673.59738907},"geometry":{"type":"Polygon","coordinates":[[[-72.89204560844928,-13.40977857665152],[-72.89205348765498,-13.408874949424654],[-72.89297655198352,-13.40888266074969],[-72.89296867622188,-13.409786288514962],[-72.89204560844928,-13.40977857665152]]]}},{"type":"Feature","properties":{"Cell_ID":466,"Area_ha":1.0,"LC":"16:1.000000","XMIN":728154.86160847,"YMIN":8516473.59738907,"XMAX":728254.86160847,"YMAX":8516573.59738907},"geometry":{"type":"Polygon","coordinates":[[[-72.89203772866348,-13.410682203809253],[-72.89204560844928,-13.40977857665152],[-72.89296867622188,-13.409786288514962],[-72.89296079988038,-13.410689916211105],[-72.89203772866348,-13.410682203809253]]]}},{"type":"Feature","properties":{"Cell_ID":467,"Area_ha":1.0,"LC":"16:1.000000","XMIN":728154.86160847,"YMIN":8516373.59738907,"XMAX":728254.86160847,"YMAX":8516473.59738907},"geometry":{"type":"Polygon","coordinates":[[[-72.89202984829755,-13.411585830897845],[-72.89203772866348,-13.410682203809253],[-72.89296079988038,-13.410689916211105],[-72.89295292295903,-13.411593543838112],[-72.89202984829755,-13.411585830897845]]]}},{"type":"Feature","properties":{"Cell_ID":468,"Area_ha":1.0,"LC":"16:1.000000","XMIN":728154.86160847,"YMIN":8516273.59738907,"XMAX":728254.86160847,"YMAX":8516373.59738907},"geometry":{"type":"Polygon","coordinates":[[[-72.89202196735148,-13.412489457917296],[-72.89202984829755,-13.411585830897845],[-72.89295292295903,-13.411593543838112],[-72.89294504545776,-13.412497171395977],[-72.89202196735148,-13.412489457917296]]]}},{"type":"Feature","properties":{"Cell_ID":469,"Area_ha":1.0,"LC":"16:1.000000","XMIN":728154.86160847,"YMIN":8516173.59738907,"XMAX":728254.86160847,"YMAX":8516273.59738907},"geometry":{"type":"Polygon","coordinates":[[[-72.89201408582528,-13.413393084867588],[-72.89202196735148,-13.412489457917296],[-72.89294504545776,-13.412497171395977],[-72.89293716737664,-13.413400798884696],[-72.89201408582528,-13.413393084867588]]]}},{"type":"Feature","properties":{"Cell_ID":470,"Area_ha":1.0,"LC":"16:1.000000","XMIN":728154.86160847,"YMIN":8516073.59738907,"XMAX":728254.86160847,"YMAX":8516173.59738907},"geometry":{"type":"Polygon","coordinates":[[[-72.8920062037189,-13.414296711748735],[-72.89201408582528,-13.413393084867588],[-72.89293716737664,-13.413400798884696],[-72.8929292887156,-13.414304426304264],[-72.8920062037189,-13.414296711748735]]]}},{"type":"Feature","properties":{"Cell_ID":471,"Area_ha":1.0,"LC":"9:0.081651,16:0.563345,18:0.355004","XMIN":728154.86160847,"YMIN":8515973.59738907,"XMAX":728254.86160847,"YMAX":8516073.59738907},"geometry":{"type":"Polygon","coordinates":[[[-72.89199832103237,-13.415200338560718],[-72.8920062037189,-13.414296711748735],[-72.8929292887156,-13.414304426304264],[-72.89292140947464,-13.41520805365468],[-72.89199832103237,-13.415200338560718]]]}},{"type":"Feature","properties":{"Cell_ID":472,"Area_ha":1.0,"LC":"9:0.041258,16:0.521502,18:0.437240","XMIN":728154.86160847,"YMIN":8515873.59738907,"XMAX":728254.86160847,"YMAX":8515973.59738907},"geometry":{"type":"Polygon","coordinates":[[[-72.89199043776567,-13.416103965303543],[-72.89199832103237,-13.415200338560718],[-72.89292140947464,-13.41520805365468],[-72.89291352965378,-13.416111680935936],[-72.89199043776567,-13.416103965303543]]]}},{"type":"Feature","properties":{"Cell_ID":473,"Area_ha":1.0,"LC":"16:1.000000","XMIN":728154.86160847,"YMIN":8515773.59738907,"XMAX":728254.86160847,"YMAX":8515873.59738907},"geometry":{"type":"Polygon","coordinates":[[[-72.89198255391877,-13.417007591977198],[-72.89199043776567,-13.416103965303543],[-72.89291352965378,-13.416111680935936],[-72.89290564925295,-13.417015308148029],[-72.89198255391877,-13.417007591977198]]]}},{"type":"Feature","properties":{"Cell_ID":474,"Area_ha":1.0,"LC":"9:0.314597,13:0.523027,16:0.162376","XMIN":728154.86160847,"YMIN":8515673.59738907,"XMAX":728254.86160847,"YMAX":8515773.59738907},"geometry":{"type":"Polygon","coordinates":[[[-72.89197466949167,-13.417911218581683],[-72.89198255391877,-13.417007591977198],[-72.89290564925295,-13.417015308148029],[-72.8928977682722,-13.417918935290954],[-72.89197466949167,-13.417911218581683]]]}},{"type":"Feature","properties":{"Cell_ID":475,"Area_ha":1.0,"LC":"5:0.635685,9:0.280556,13:0.083759","XMIN":728154.86160847,"YMIN":8515573.59738907,"XMAX":728254.86160847,"YMAX":8515673.59738907},"geometry":{"type":"Polygon","coordinates":[[[-72.89196678448437,-13.418814845116994],[-72.89197466949167,-13.417911218581683],[-72.8928977682722,-13.417918935290954],[-72.8928898867115,-13.418822562364708],[-72.89196678448437,-13.418814845116994]]]}},{"type":"Feature","properties":{"Cell_ID":476,"Area_ha":1.0,"LC":"5:1.000000","XMIN":728154.86160847,"YMIN":8515473.59738907,"XMAX":728254.86160847,"YMAX":8515573.59738907},"geometry":{"type":"Polygon","coordinates":[[[-72.89195889889685,-13.419718471583124],[-72.89196678448437,-13.418814845116994],[-72.8928898867115,-13.418822562364708],[-72.89288200457084,-13.419726189369289],[-72.89195889889685,-13.419718471583124]]]}},{"type":"Feature","properties":{"Cell_ID":477,"Area_ha":1.0,"LC":"5:0.756973,13:0.243027","XMIN":728154.86160847,"YMIN":8515373.59738907,"XMAX":728254.86160847,"YMAX":8515473.59738907},"geometry":{"type":"Polygon","coordinates":[[[-72.8919510127291,-13.420622097980072],[-72.89195889889685,-13.419718471583124],[-72.89288200457084,-13.419726189369289],[-72.89287412185018,-13.420629816304684],[-72.8919510127291,-13.420622097980072]]]}},{"type":"Feature","properties":{"Cell_ID":478,"Area_ha":1.0,"LC":"5:0.277366,9:0.201658,13:0.520976","XMIN":728154.86160847,"YMIN":8515273.59738907,"XMAX":728254.86160847,"YMAX":8515373.59738907},"geometry":{"type":"Polygon","coordinates":[[[-72.89194312598111,-13.421525724307825],[-72.8919510127291,-13.420622097980072],[-72.89287412185018,-13.420629816304684],[-72.89286623854954,-13.4215334431709],[-72.89194312598111,-13.421525724307825]]]}},{"type":"Feature","properties":{"Cell_ID":479,"Area_ha":1.0,"LC":"5:0.600814,9:0.158342,13:0.240844","XMIN":728154.86160847,"YMIN":8515173.59738907,"XMAX":728254.86160847,"YMAX":8515273.59738907},"geometry":{"type":"Polygon","coordinates":[[[-72.89193523865288,-13.42242935056639],[-72.89194312598111,-13.421525724307825],[-72.89286623854954,-13.4215334431709],[-72.89285835466892,-13.422437069967923],[-72.89193523865288,-13.42242935056639]]]}},{"type":"Feature","properties":{"Cell_ID":480,"Area_ha":1.0,"LC":"16:0.999719,18:0.000281","XMIN":728254.86160847,"YMIN":8516473.59738907,"XMAX":728354.86160847,"YMAX":8516573.59738907},"geometry":{"type":"Polygon","coordinates":[[[-72.8911146580267,-13.410674488035275],[-72.8911225412568,-13.409770861416185],[-72.89204560844928,-13.40977857665152],[-72.89203772866348,-13.410682203809253],[-72.8911146580267,-13.410674488035275]]]}},{"type":"Feature","properties":{"Cell_ID":481,"Area_ha":1.0,"LC":"16:1.000000","XMIN":728254.86160847,"YMIN":8516373.59738907,"XMAX":728354.86160847,"YMAX":8516473.59738907},"geometry":{"type":"Polygon","coordinates":[[[-72.89110677421621,-13.411578114585215],[-72.8911146580267,-13.410674488035275],[-72.89203772866348,-13.410682203809253],[-72.89202984829755,-13.411585830897845],[-72.89110677421621,-13.411578114585215]]]}},{"type":"Feature","properties":{"Cell_ID":482,"Area_ha":1.0,"LC":"16:1.000000","XMIN":728254.86160847,"YMIN":8516273.59738907,"XMAX":728354.86160847,"YMAX":8516373.59738907},"geometry":{"type":"Polygon","coordinates":[[[-72.89109888982533,-13.412481741066008],[-72.89110677421621,-13.411578114585215],[-72.89202984829755,-13.411585830897845],[-72.89202196735148,-13.412489457917296],[-72.89109888982533,-13.412481741066008]]]}},{"type":"Feature","properties":{"Cell_ID":483,"Area_ha":1.0,"LC":"16:1.000000","XMIN":728254.86160847,"YMIN":8516173.59738907,"XMAX":728354.86160847,"YMAX":8516273.59738907},"geometry":{"type":"Polygon","coordinates":[[[-72.89109100485408,-13.413385367477648],[-72.89109888982533,-13.412481741066008],[-72.89202196735148,-13.412489457917296],[-72.89201408582528,-13.413393084867588],[-72.89109100485408,-13.413385367477648]]]}},{"type":"Feature","properties":{"Cell_ID":484,"Area_ha":1.0,"LC":"16:1.000000","XMIN":728254.86160847,"YMIN":8516073.59738907,"XMAX":728354.86160847,"YMAX":8516173.59738907},"geometry":{"type":"Polygon","coordinates":[[[-72.89108311930238,-13.414288993820133],[-72.89109100485408,-13.413385367477648],[-72.89201408582528,-13.413393084867588],[-72.8920062037189,-13.414296711748735],[-72.89108311930238,-13.414288993820133]]]}},{"type":"Feature","properties":{"Cell_ID":485,"Area_ha":1.0,"LC":"13:0.241658,16:0.758342","XMIN":728254.86160847,"YMIN":8515773.59738907,"XMAX":728354.86160847,"YMAX":8515873.59738907},"geometry":{"type":"Polygon","coordinates":[[[-72.89105945916477,-13.416999872432593],[-72.89106734645775,-13.416096246297608],[-72.89199043776567,-13.416103965303543],[-72.89198255391877,-13.417007591977198],[-72.89105945916477,-13.416999872432593]]]}},{"type":"Feature","properties":{"Cell_ID":486,"Area_ha":1.0,"LC":"13:0.880133,16:0.119867","XMIN":728254.86160847,"YMIN":8515673.59738907,"XMAX":728354.86160847,"YMAX":8515773.59738907},"geometry":{"type":"Polygon","coordinates":[[[-72.89105157129136,-13.417903498498397],[-72.89105945916477,-13.416999872432593],[-72.89198255391877,-13.417007591977198],[-72.89197466949167,-13.417911218581683],[-72.89105157129136,-13.417903498498397]]]}},{"type":"Feature","properties":{"Cell_ID":487,"Area_ha":1.0,"LC":"5:0.196943,13:0.803057","XMIN":728254.86160847,"YMIN":8515573.59738907,"XMAX":728354.86160847,"YMAX":8515673.59738907},"geometry":{"type":"Polygon","coordinates":[[[-72.89104368283746,-13.418807124495032],[-72.89105157129136,-13.417903498498397],[-72.89197466949167,-13.417911218581683],[-72.89196678448437,-13.418814845116994],[-72.89104368283746,-13.418807124495032]]]}},{"type":"Feature","properties":{"Cell_ID":488,"Area_ha":1.0,"LC":"5:0.998742,13:0.001258","XMIN":728254.86160847,"YMIN":8515473.59738907,"XMAX":728354.86160847,"YMAX":8515573.59738907},"geometry":{"type":"Polygon","coordinates":[[[-72.89103579380311,-13.419710750422476],[-72.89104368283746,-13.418807124495032],[-72.89196678448437,-13.418814845116994],[-72.89195889889685,-13.419718471583124],[-72.89103579380311,-13.419710750422476]]]}},{"type":"Feature","properties":{"Cell_ID":489,"Area_ha":1.0,"LC":"5:0.684434,9:0.159719,13:0.155848","XMIN":728254.86160847,"YMIN":8515373.59738907,"XMAX":728354.86160847,"YMAX":8515473.59738907},"geometry":{"type":"Polygon","coordinates":[[[-72.89102790418828,-13.420614376280732],[-72.89103579380311,-13.419710750422476],[-72.89195889889685,-13.419718471583124],[-72.8919510127291,-13.420622097980072],[-72.89102790418828,-13.420614376280732]]]}},{"type":"Feature","properties":{"Cell_ID":490,"Area_ha":1.0,"LC":"5:0.440702,9:0.519993,13:0.039305","XMIN":728254.86160847,"YMIN":8515273.59738907,"XMAX":728354.86160847,"YMAX":8515373.59738907},"geometry":{"type":"Polygon","coordinates":[[[-72.89102001399293,-13.421518002069798],[-72.89102790418828,-13.420614376280732],[-72.8919510127291,-13.420622097980072],[-72.89194312598111,-13.421525724307825],[-72.89102001399293,-13.421518002069798]]]}},{"type":"Feature","properties":{"Cell_ID":491,"Area_ha":1.0,"LC":"16:1.000000","XMIN":728354.86160847,"YMIN":8516373.59738907,"XMAX":728454.86160847,"YMAX":8516473.59738907},"geometry":{"type":"Polygon","coordinates":[[[-72.89018370071526,-13.41157039490023],[-72.8901915879703,-13.410666768889168],[-72.8911146580267,-13.410674488035275],[-72.89110677421621,-13.411578114585215],[-72.89018370071526,-13.41157039490023]]]}},{"type":"Feature","properties":{"Cell_ID":492,"Area_ha":1.0,"LC":"16:1.000000","XMIN":728354.86160847,"YMIN":8516273.59738907,"XMAX":728454.86160847,"YMAX":8516373.59738907},"geometry":{"type":"Polygon","coordinates":[[[-72.89017581287959,-13.412474020842133],[-72.89018370071526,-13.41157039490023],[-72.89110677421621,-13.411578114585215],[-72.89109888982533,-13.412481741066008],[-72.89017581287959,-13.412474020842133]]]}},{"type":"Feature","properties":{"Cell_ID":493,"Area_ha":1.0,"LC":"16:1.000000","XMIN":728354.86160847,"YMIN":8516173.59738907,"XMAX":728454.86160847,"YMAX":8516273.59738907},"geometry":{"type":"Polygon","coordinates":[[[-72.89016792446326,-13.41337764671488],[-72.89017581287959,-13.412474020842133],[-72.89109888982533,-13.412481741066008],[-72.89109100485408,-13.413385367477648],[-72.89016792446326,-13.41337764671488]]]}},{"type":"Feature","properties":{"Cell_ID":494,"Area_ha":1.0,"LC":"13:1.000000","XMIN":728354.86160847,"YMIN":8515573.59738907,"XMAX":728454.86160847,"YMAX":8515673.59738907},"geometry":{"type":"Polygon","coordinates":[[[-72.89012058177103,-13.418799400498825],[-72.8901284736715,-13.417895775041112],[-72.89105157129136,-13.417903498498397],[-72.89104368283746,-13.418807124495032],[-72.89012058177103,-13.418799400498825]]]}},{"type":"Feature","properties":{"Cell_ID":495,"Area_ha":1.0,"LC":"5:0.195566,13:0.804434","XMIN":728354.86160847,"YMIN":8515473.59738907,"XMAX":728454.86160847,"YMAX":8515573.59738907},"geometry":{"type":"Polygon","coordinates":[[[-72.89011268928984,-13.419703025887353],[-72.89012058177103,-13.418799400498825],[-72.89104368283746,-13.418807124495032],[-72.89103579380311,-13.419710750422476],[-72.89011268928984,-13.419703025887353]]]}},{"type":"Feature","properties":{"Cell_ID":496,"Area_ha":1.0,"LC":"5:0.959150,13:0.040850","XMIN":728354.86160847,"YMIN":8515373.59738907,"XMAX":728454.86160847,"YMAX":8515473.59738907},"geometry":{"type":"Polygon","coordinates":[[[-72.89010479622792,-13.420606651206684],[-72.89011268928984,-13.419703025887353],[-72.89103579380311,-13.419710750422476],[-72.89102790418828,-13.420614376280732],[-72.89010479622792,-13.420606651206684]]]}},{"type":"Feature","properties":{"Cell_ID":497,"Area_ha":1.0,"LC":"5:0.919312,9:0.077787,16:0.002902","XMIN":728354.86160847,"YMIN":8515273.59738907,"XMAX":728454.86160847,"YMAX":8515373.59738907},"geometry":{"type":"Polygon","coordinates":[[[-72.89009690258526,-13.421510276456821],[-72.89010479622792,-13.420606651206684],[-72.89102790418828,-13.420614376280732],[-72.89102001399293,-13.421518002069798],[-72.89009690258526,-13.421510276456821]]]}}]}