{"type":"FeatureCollection","features":[{"type":"Feature","properties":{"Cell_ID":1,"Area_ha":1.0,"LC":"6:0.398905,7:0.601095","XMIN":727044.86160847,"YMIN":8511073.59738907,"XMAX":727144.86160847,"YMAX":8511173.59738907},"geometry":{"type":"Polygon","coordinates":[[[-72.90185955017432,-13.459563708246034],[-72.90186742291722,-13.458660078862675],[-72.90279068347402,-13.458667782235992],[-72.90278281418924,-13.459571412155356],[-72.90185955017432,-13.459563708246034]]]}},{"type":"Feature","properties":{"Cell_ID":2,"Area_ha":1.0,"LC":"3:0.000562,6:0.635131,7:0.364307","XMIN":727144.86160847,"YMIN":8511173.59738907,"XMAX":727244.86160847,"YMAX":8511273.59738907},"geometry":{"type":"Polygon","coordinates":[[[-72.90094416293829,-13.458652372104645],[-72.90095203856119,-13.457748743188194],[-72.90187529508228,-13.457756449409988],[-72.90186742291722,-13.458660078862675],[-72.90094416293829,-13.458652372104645]]]}},{"type":"Feature","properties":{"Cell_ID":3,"Area_ha":1.0,"LC":"6:0.943042,7:0.056958","XMIN":727144.86160847,"YMIN":8511073.59738907,"XMAX":727244.86160847,"YMAX":8511173.59738907},"geometry":{"type":"Polygon","coordinates":[[[-72.90093628673728,-13.45955600095176],[-72.90094416293829,-13.458652372104645],[-72.90186742291722,-13.458660078862675],[-72.90185955017432,-13.459563708246034],[-72.90093628673728,-13.45955600095176]]]}},{"type":"Feature","properties":{"Cell_ID":4,"Area_ha":1.0,"LC":"6:0.461546,7:0.538454","XMIN":727144.86160847,"YMIN":8510973.59738907,"XMAX":727244.86160847,"YMAX":8511073.59738907},"geometry":{"type":"Polygon","coordinates":[[[-72.90092840995814,-13.460459629729538],[-72.90093628673728,-13.45955600095176],[-72.90185955017432,-13.459563708246034],[-72.90185167685355,-13.460467337560058],[-72.90092840995814,-13.460459629729538]]]}},{"type":"Feature","properties":{"Cell_ID":5,"Area_ha":1.0,"LC":"2:0.019031,3:0.376677,6:0.019164,7:0.585129","XMIN":727244.86160847,"YMIN":8511473.59738907,"XMAX":727344.86160847,"YMAX":8511573.59738907},"geometry":{"type":"Polygon","coordinates":[[[-72.90004453904466,-13.455933776613978],[-72.90005241639038,-13.455030148026022],[-72.90097566196134,-13.45503785602289],[-72.9009677880727,-13.455941485147312],[-72.90004453904466,-13.455933776613978]]]}},{"type":"Feature","properties":{"Cell_ID":6,"Area_ha":1.0,"LC":"3:0.118476,6:0.621502,7:0.260022","XMIN":727244.86160847,"YMIN":8511373.59738907,"XMAX":727344.86160847,"YMAX":8511473.59738907},"geometry":{"type":"Polygon","coordinates":[[[-72.90003666112061,-13.456837405132617],[-72.90004453904466,-13.455933776613978],[-72.9009677880727,-13.455941485147312],[-72.90095991360599,-13.456845114202414],[-72.90003666112061,-13.456837405132617]]]}},{"type":"Feature","properties":{"Cell_ID":7,"Area_ha":1.0,"LC":"3:0.461917,6:0.382094,7:0.155988","XMIN":727244.86160847,"YMIN":8511273.59738907,"XMAX":727344.86160847,"YMAX":8511373.59738907},"geometry":{"type":"Polygon","coordinates":[[[-72.90002878261822,-13.457741033581927],[-72.90003666112061,-13.456837405132617],[-72.90095991360599,-13.456845114202414],[-72.90095203856119,-13.457748743188194],[-72.90002878261822,-13.457741033581927]]]}},{"type":"Feature","properties":{"Cell_ID":8,"Area_ha":1.0,"LC":"3:0.202930,6:0.640814,7:0.156256","XMIN":727244.86160847,"YMIN":8511173.59738907,"XMAX":727344.86160847,"YMAX":8511273.59738907},"geometry":{"type":"Polygon","coordinates":[[[-72.90002090353747,-13.458644661961904],[-72.90002878261822,-13.457741033581927],[-72.90095203856119,-13.457748743188194],[-72.90094416293829,-13.458652372104645],[-72.90002090353747,-13.458644661961904]]]}},{"type":"Feature","properties":{"Cell_ID":9,"Area_ha":1.0,"LC":"3:0.020822,6:0.979178","XMIN":727244.86160847,"YMIN":8511073.59738907,"XMAX":727344.86160847,"YMAX":8511173.59738907},"geometry":{"type":"Polygon","coordinates":[[[-72.90001302387834,-13.459548290272544],[-72.90002090353747,-13.458644661961904],[-72.90094416293829,-13.458652372104645],[-72.90093628673728,-13.45955600095176],[-72.90001302387834,-13.459548290272544]]]}},{"type":"Feature","properties":{"Cell_ID":10,"Area_ha":1.0,"LC":"3:0.000147,6:0.802769,7:0.197084","XMIN":727244.86160847,"YMIN":8510973.59738907,"XMAX":727344.86160847,"YMAX":8511073.59738907},"geometry":{"type":"Polygon","coordinates":[[[-72.90000514364085,-13.460451918513842],[-72.90001302387834,-13.459548290272544],[-72.90093628673728,-13.45955600095176],[-72.90092840995814,-13.460459629729538],[-72.90000514364085,-13.460451918513842]]]}},{"type":"Feature","properties":{"Cell_ID":11,"Area_ha":1.0,"LC":"3:0.157365,6:0.719719,7:0.122916","XMIN":727244.86160847,"YMIN":8510873.59738907,"XMAX":727344.86160847,"YMAX":8510973.59738907},"geometry":{"type":"Polygon","coordinates":[[[-72.89999726282498,-13.461355546685795],[-72.90000514364085,-13.460451918513842],[-72.90092840995814,-13.460459629729538],[-72.90092053260088,-13.461363258437972],[-72.89999726282498,-13.461355546685795]]]}},{"type":"Feature","properties":{"Cell_ID":12,"Area_ha":1.0,"LC":"2:0.536663,3:0.441377,6:0.021961","XMIN":727344.86160847,"YMIN":8511773.59738907,"XMAX":727444.86160847,"YMAX":8511873.59738907},"geometry":{"type":"Polygon","coordinates":[[[-72.89914493126763,-13.453215180334894],[-72.89915281033471,-13.45231155207567],[-72.90007604495764,-13.452319261846233],[-72.90006816934687,-13.453222890642138],[-72.89914493126763,-13.453215180334894]]]}},{"type":"Feature","properties":{"Cell_ID":13,"Area_ha":1.0,"LC":"2:0.596122,3:0.384981,7:0.018897","XMIN":727344.86160847,"YMIN":8511673.59738907,"XMAX":727444.86160847,"YMAX":8511773.59738907},"geometry":{"type":"Polygon","coordinates":[[[-72.89913705162198,-13.4541188085248],[-72.89914493126763,-13.453215180334894],[-72.90006816934687,-13.453222890642138],[-72.90006029315776,-13.454126519368735],[-72.89913705162198,-13.4541188085248]]]}},{"type":"Feature","properties":{"Cell_ID":14,"Area_ha":1.0,"LC":"2:0.280844,3:0.264847,6:0.079438,7:0.374871","XMIN":727344.86160847,"YMIN":8511573.59738907,"XMAX":727444.86160847,"YMAX":8511673.59738907},"geometry":{"type":"Polygon","coordinates":[[[-72.89912917139775,-13.45502243664539],[-72.89913705162198,-13.4541188085248],[-72.90006029315776,-13.454126519368735],[-72.90005241639038,-13.455030148026022],[-72.89912917139775,-13.45502243664539]]]}},{"type":"Feature","properties":{"Cell_ID":15,"Area_ha":1.0,"LC":"3:0.184847,6:0.520000,7:0.295153","XMIN":727344.86160847,"YMIN":8511473.59738907,"XMAX":727444.86160847,"YMAX":8511573.59738907},"geometry":{"type":"Polygon","coordinates":[[[-72.89912129059496,-13.455926064696653],[-72.89912917139775,-13.45502243664539],[-72.90005241639038,-13.455030148026022],[-72.90004453904466,-13.455933776613978],[-72.89912129059496,-13.455926064696653]]]}},{"type":"Feature","properties":{"Cell_ID":16,"Area_ha":1.0,"LC":"3:0.082368,6:0.917217,7:0.000415","XMIN":727344.86160847,"YMIN":8511373.59738907,"XMAX":727444.86160847,"YMAX":8511473.59738907},"geometry":{"type":"Polygon","coordinates":[[[-72.89911340921357,-13.456829692678593],[-72.89912129059496,-13.455926064696653],[-72.90004453904466,-13.455933776613978],[-72.90003666112061,-13.456837405132617],[-72.89911340921357,-13.456829692678593]]]}},{"type":"Feature","properties":{"Cell_ID":17,"Area_ha":1.0,"LC":"3:0.640533,6:0.359467","XMIN":727344.86160847,"YMIN":8511273.59738907,"XMAX":727444.86160847,"YMAX":8511373.59738907},"geometry":{"type":"Polygon","coordinates":[[[-72.8991055272536,-13.457733320591199],[-72.89911340921357,-13.456829692678593],[-72.90003666112061,-13.456837405132617],[-72.90002878261822,-13.457741033581927],[-72.8991055272536,-13.457733320591199]]]}},{"type":"Feature","properties":{"Cell_ID":18,"Area_ha":1.0,"LC":"3:0.943042,6:0.056958","XMIN":727344.86160847,"YMIN":8511173.59738907,"XMAX":727444.86160847,"YMAX":8511273.59738907},"geometry":{"type":"Polygon","coordinates":[[[-72.899097644715,-13.458636948434467],[-72.8991055272536,-13.457733320591199],[-72.90002878261822,-13.457741033581927],[-72.90002090353747,-13.458644661961904],[-72.899097644715,-13.458636948434467]]]}},{"type":"Feature","properties":{"Cell_ID":19,"Area_ha":1.0,"LC":"3:0.683744,6:0.316256","XMIN":727344.86160847,"YMIN":8511073.59738907,"XMAX":727444.86160847,"YMAX":8511173.59738907},"geometry":{"type":"Polygon","coordinates":[[[-72.89908976159779,-13.459540576208395],[-72.899097644715,-13.458636948434467],[-72.90002090353747,-13.458644661961904],[-72.90001302387834,-13.459548290272544],[-72.89908976159779,-13.459540576208395]]]}},{"type":"Feature","properties":{"Cell_ID":20,"Area_ha":1.0,"LC":"3:0.825262,6:0.095019,7:0.079719","XMIN":727344.86160847,"YMIN":8510973.59738907,"XMAX":727444.86160847,"YMAX":8511073.59738907},"geometry":{"type":"Polygon","coordinates":[[[-72.89908187790196,-13.460444203912978],[-72.89908976159779,-13.459540576208395],[-72.90001302387834,-13.459548290272544],[-72.90000514364085,-13.460451918513842],[-72.89908187790196,-13.460444203912978]]]}},{"type":"Feature","properties":{"Cell_ID":21,"Area_ha":1.0,"LC":"3:0.082930,6:0.577758,7:0.339312","XMIN":727344.86160847,"YMIN":8510873.59738907,"XMAX":727444.86160847,"YMAX":8510973.59738907},"geometry":{"type":"Polygon","coordinates":[[[-72.89907399362748,-13.46134783154821],[-72.89908187790196,-13.460444203912978],[-72.90000514364085,-13.460451918513842],[-72.89999726282498,-13.461355546685795],[-72.89907399362748,-13.46134783154821]]]}},{"type":"Feature","properties":{"Cell_ID":22,"Area_ha":1.0,"LC":"3:1.000000","XMIN":727444.86160847,"YMIN":8511973.59738907,"XMAX":727544.86160847,"YMAX":8512073.59738907},"geometry":{"type":"Polygon","coordinates":[[[-72.89823745823495,-13.451400211130457],[-72.89824533960075,-13.450496583269526],[-72.89916856673327,-13.4505042953493],[-72.89916068882326,-13.451407923747139],[-72.89823745823495,-13.451400211130457]]]}},{"type":"Feature","properties":{"Cell_ID":23,"Area_ha":1.0,"LC":"3:0.823323,6:0.176677","XMIN":727444.86160847,"YMIN":8511873.59738907,"XMAX":727544.86160847,"YMAX":8511973.59738907},"geometry":{"type":"Polygon","coordinates":[[[-72.89822957629035,-13.45230383892207],[-72.89823745823495,-13.451400211130457],[-72.89916068882326,-13.451407923747139],[-72.89915281033471,-13.45231155207567],[-72.89822957629035,-13.45230383892207]]]}},{"type":"Feature","properties":{"Cell_ID":24,"Area_ha":1.0,"LC":"2:0.037927,3:0.942627,6:0.019446","XMIN":727444.86160847,"YMIN":8511773.59738907,"XMAX":727544.86160847,"YMAX":8511873.59738907},"geometry":{"type":"Polygon","coordinates":[[[-72.89822169376694,-13.45320746664437],[-72.89822957629035,-13.45230383892207],[-72.89915281033471,-13.45231155207567],[-72.89914493126763,-13.453215180334894],[-72.89822169376694,-13.45320746664437]]]}},{"type":"Feature","properties":{"Cell_ID":25,"Area_ha":1.0,"LC":"2:0.000134,3:0.999866","XMIN":727444.86160847,"YMIN":8511673.59738907,"XMAX":727544.86160847,"YMAX":8511773.59738907},"geometry":{"type":"Polygon","coordinates":[[[-72.89821381066473,-13.454111094297359],[-72.89822169376694,-13.45320746664437],[-72.89914493126763,-13.453215180334894],[-72.89913705162198,-13.4541188085248],[-72.89821381066473,-13.454111094297359]]]}},{"type":"Feature","properties":{"Cell_ID":26,"Area_ha":1.0,"LC":"3:1.000000","XMIN":727444.86160847,"YMIN":8511573.59738907,"XMAX":727544.86160847,"YMAX":8511673.59738907},"geometry":{"type":"Polygon","coordinates":[[[-72.8982059269837,-13.455014721881021],[-72.89821381066473,-13.454111094297359],[-72.89913705162198,-13.4541188085248],[-72.89912917139775,-13.45502243664539],[-72.8982059269837,-13.455014721881021]]]}},{"type":"Feature","properties":{"Cell_ID":27,"Area_ha":1.0,"LC":"3:1.000000","XMIN":727444.86160847,"YMIN":8511473.59738907,"XMAX":727544.86160847,"YMAX":8511573.59738907},"geometry":{"type":"Polygon","coordinates":[[[-72.89819804272383,-13.45591834939535],[-72.8982059269837,-13.455014721881021],[-72.89912917139775,-13.45502243664539],[-72.89912129059496,-13.455926064696653],[-72.89819804272383,-13.45591834939535]]]}},{"type":"Feature","properties":{"Cell_ID":28,"Area_ha":1.0,"LC":"3:0.863323,6:0.136677","XMIN":727444.86160847,"YMIN":8511373.59738907,"XMAX":727544.86160847,"YMAX":8511473.59738907},"geometry":{"type":"Polygon","coordinates":[[[-72.89819015788514,-13.456821976840352],[-72.89819804272383,-13.45591834939535],[-72.89912129059496,-13.455926064696653],[-72.89911340921357,-13.456829692678593],[-72.89819015788514,-13.456821976840352]]]}},{"type":"Feature","properties":{"Cell_ID":29,"Area_ha":1.0,"LC":"3:0.959585,6:0.040415","XMIN":727444.86160847,"YMIN":8511273.59738907,"XMAX":727544.86160847,"YMAX":8511373.59738907},"geometry":{"type":"Polygon","coordinates":[[[-72.89818227246758,-13.457725604216018],[-72.89819015788514,-13.456821976840352],[-72.89911340921357,-13.456829692678593],[-72.8991055272536,-13.457733320591199],[-72.89818227246758,-13.457725604216018]]]}},{"type":"Feature","properties":{"Cell_ID":30,"Area_ha":1.0,"LC":"3:1.000000","XMIN":727444.86160847,"YMIN":8511173.59738907,"XMAX":727544.86160847,"YMAX":8511273.59738907},"geometry":{"type":"Polygon","coordinates":[[[-72.89817438647115,-13.458629231522345],[-72.89818227246758,-13.457725604216018],[-72.8991055272536,-13.457733320591199],[-72.899097644715,-13.458636948434467],[-72.89817438647115,-13.458629231522345]]]}},{"type":"Feature","properties":{"Cell_ID":31,"Area_ha":1.0,"LC":"3:1.000000","XMIN":727444.86160847,"YMIN":8511073.59738907,"XMAX":727544.86160847,"YMAX":8511173.59738907},"geometry":{"type":"Polygon","coordinates":[[[-72.89816649989586,-13.459532858759328],[-72.89817438647115,-13.458629231522345],[-72.899097644715,-13.458636948434467],[-72.89908976159779,-13.459540576208395],[-72.89816649989586,-13.459532858759328]]]}},{"type":"Feature","properties":{"Cell_ID":32,"Area_ha":1.0,"LC":"3:1.000000","XMIN":727444.86160847,"YMIN":8510973.59738907,"XMAX":727544.86160847,"YMAX":8511073.59738907},"geometry":{"type":"Polygon","coordinates":[[[-72.8981586127417,-13.460436485926955],[-72.89816649989586,-13.459532858759328],[-72.89908976159779,-13.459540576208395],[-72.89908187790196,-13.460444203912978],[-72.8981586127417,-13.460436485926955]]]}},{"type":"Feature","properties":{"Cell_ID":33,"Area_ha":1.0,"LC":"2:0.262480,3:0.600562,6:0.037927,7:0.099031","XMIN":727444.86160847,"YMIN":8510873.59738907,"XMAX":727544.86160847,"YMAX":8510973.59738907},"geometry":{"type":"Polygon","coordinates":[[[-72.89815072500863,-13.461340113025233],[-72.8981586127417,-13.460436485926955],[-72.89908187790196,-13.460444203912978],[-72.89907399362748,-13.46134783154821],[-72.89815072500863,-13.461340113025233]]]}},{"type":"Feature","properties":{"Cell_ID":34,"Area_ha":1.0,"LC":"2:0.000429,3:0.603315,6:0.396256","XMIN":727444.86160847,"YMIN":8510773.59738907,"XMAX":727544.86160847,"YMAX":8510873.59738907},"geometry":{"type":"Polygon","coordinates":[[[-72.89814283669665,-13.462243740054152],[-72.89815072500863,-13.461340113025233],[-72.89907399362748,-13.46134783154821],[-72.89906610877435,-13.46225145911409],[-72.89814283669665,-13.462243740054152]]]}},{"type":"Feature","properties":{"Cell_ID":35,"Area_ha":1.0,"LC":"3:1.000000","XMIN":727544.86160847,"YMIN":8511973.59738907,"XMAX":727644.86160847,"YMAX":8512073.59738907},"geometry":{"type":"Polygon","coordinates":[[[-72.89731422822541,-13.451392495130975],[-72.89732211304701,-13.450488867807197],[-72.89824533960075,-13.450496583269526],[-72.89823745823495,-13.451400211130457],[-72.89731422822541,-13.451392495130975]]]}},{"type":"Feature","properties":{"Cell_ID":36,"Area_ha":1.0,"LC":"2:0.142761,3:0.857239","XMIN":727544.86160847,"YMIN":8511873.59738907,"XMAX":727644.86160847,"YMAX":8511973.59738907},"geometry":{"type":"Polygon","coordinates":[[[-72.89730634282476,-13.45229612238544],[-72.89731422822541,-13.451392495130975],[-72.89823745823495,-13.451400211130457],[-72.89822957629035,-13.45230383892207],[-72.89730634282476,-13.45229612238544]]]}},{"type":"Feature","properties":{"Cell_ID":37,"Area_ha":1.0,"LC":"2:0.021117,3:0.978883","XMIN":727544.86160847,"YMIN":8511773.59738907,"XMAX":727644.86160847,"YMAX":8511873.59738907},"geometry":{"type":"Polygon","coordinates":[[[-72.89729845684508,-13.453199749570587],[-72.89730634282476,-13.45229612238544],[-72.89822957629035,-13.45230383892207],[-72.89822169376694,-13.45320746664437],[-72.89729845684508,-13.453199749570587]]]}},{"type":"Feature","properties":{"Cell_ID":38,"Area_ha":1.0,"LC":"3:1.000000","XMIN":727544.86160847,"YMIN":8511673.59738907,"XMAX":727644.86160847,"YMAX":8511773.59738907},"geometry":{"type":"Polygon","coordinates":[[[-72.89729057028632,-13.45410337668641],[-72.89729845684508,-13.453199749570587],[-72.89822169376694,-13.45320746664437],[-72.89821381066473,-13.454111094297359],[-72.89729057028632,-13.45410337668641]]]}},{"type":"Feature","properties":{"Cell_ID":39,"Area_ha":1.0,"LC":"3:1.000000","XMIN":727544.86160847,"YMIN":8511573.59738907,"XMAX":727644.86160847,"YMAX":8511673.59738907},"geometry":{"type":"Polygon","coordinates":[[[-72.89728268314848,-13.455007003732913],[-72.89729057028632,-13.45410337668641],[-72.89821381066473,-13.454111094297359],[-72.8982059269837,-13.455014721881021],[-72.89728268314848,-13.455007003732913]]]}},{"type":"Feature","properties":{"Cell_ID":40,"Area_ha":1.0,"LC":"3:1.000000","XMIN":727544.86160847,"YMIN":8511473.59738907,"XMAX":727644.86160847,"YMAX":8511573.59738907},"geometry":{"type":"Polygon","coordinates":[[[-72.89727479543157,-13.455910630710076],[-72.89728268314848,-13.455007003732913],[-72.8982059269837,-13.455014721881021],[-72.89819804272383,-13.45591834939535],[-72.89727479543157,-13.455910630710076]]]}},{"type":"Feature","properties":{"Cell_ID":41,"Area_ha":1.0,"LC":"3:1.000000","XMIN":727544.86160847,"YMIN":8511373.59738907,"XMAX":727644.86160847,"YMAX":8511473.59738907},"geometry":{"type":"Polygon","coordinates":[[[-72.89726690713556,-13.456814257617905],[-72.89727479543157,-13.455910630710076],[-72.89819804272383,-13.45591834939535],[-72.89819015788514,-13.456821976840352],[-72.89726690713556,-13.456814257617905]]]}},{"type":"Feature","properties":{"Cell_ID":42,"Area_ha":1.0,"LC":"3:1.000000","XMIN":727544.86160847,"YMIN":8511273.59738907,"XMAX":727644.86160847,"YMAX":8511373.59738907},"geometry":{"type":"Polygon","coordinates":[[[-72.89725901826043,-13.457717884456395],[-72.89726690713556,-13.456814257617905],[-72.89819015788514,-13.456821976840352],[-72.89818227246758,-13.457725604216018],[-72.89725901826043,-13.457717884456395]]]}},{"type":"Feature","properties":{"Cell_ID":43,"Area_ha":1.0,"LC":"3:1.000000","XMIN":727544.86160847,"YMIN":8511173.59738907,"XMAX":727644.86160847,"YMAX":8511273.59738907},"geometry":{"type":"Polygon","coordinates":[[[-72.89725112880619,-13.458621511225543],[-72.89725901826043,-13.457717884456395],[-72.89818227246758,-13.457725604216018],[-72.89817438647115,-13.458629231522345],[-72.89725112880619,-13.458621511225543]]]}},{"type":"Feature","properties":{"Cell_ID":44,"Area_ha":1.0,"LC":"3:1.000000","XMIN":727544.86160847,"YMIN":8511073.59738907,"XMAX":727644.86160847,"YMAX":8511173.59738907},"geometry":{"type":"Polygon","coordinates":[[[-72.89724323877283,-13.459525137925342],[-72.89725112880619,-13.458621511225543],[-72.89817438647115,-13.458629231522345],[-72.89816649989586,-13.459532858759328],[-72.89724323877283,-13.459525137925342]]]}},{"type":"Feature","properties":{"Cell_ID":45,"Area_ha":1.0,"LC":"3:1.000000","XMIN":727544.86160847,"YMIN":8510973.59738907,"XMAX":727644.86160847,"YMAX":8511073.59738907},"geometry":{"type":"Polygon","coordinates":[[[-72.89723534816032,-13.460428764555786],[-72.89724323877283,-13.459525137925342],[-72.89816649989586,-13.459532858759328],[-72.8981586127417,-13.460436485926955],[-72.89723534816032,-13.460428764555786]]]}},{"type":"Feature","properties":{"Cell_ID":46,"Area_ha":1.0,"LC":"2:0.296677,3:0.640562,6:0.041939,7:0.020822","XMIN":727544.86160847,"YMIN":8510873.59738907,"XMAX":727644.86160847,"YMAX":8510973.59738907},"geometry":{"type":"Polygon","coordinates":[[[-72.89722745696868,-13.461332391116873],[-72.89723534816032,-13.460428764555786],[-72.8981586127417,-13.460436485926955],[-72.89815072500863,-13.461340113025233],[-72.89722745696868,-13.461332391116873]]]}},{"type":"Feature","properties":{"Cell_ID":47,"Area_ha":1.0,"LC":"2:0.000415,3:0.255862,5:0.642606,7:0.101117","XMIN":727544.86160847,"YMIN":8510773.59738907,"XMAX":727644.86160847,"YMAX":8510873.59738907},"geometry":{"type":"Polygon","coordinates":[[[-72.89721956519787,-13.462236017608598],[-72.89722745696868,-13.461332391116873],[-72.89815072500863,-13.461340113025233],[-72.89814283669665,-13.462243740054152],[-72.89721956519787,-13.462236017608598]]]}},{"type":"Feature","properties":{"Cell_ID":48,"Area_ha":1.0,"LC":"3:0.461931,5:0.040281,6:0.416810,13:0.080977","XMIN":727644.86160847,"YMIN":8512173.59738907,"XMAX":727744.86160847,"YMAX":8512273.59738907},"geometry":{"type":"Polygon","coordinates":[[[-72.89640677477038,-13.449577522106612],[-72.8964146618892,-13.448673895181592],[-72.89733788095312,-13.448681612951715],[-72.89732999728956,-13.44958524041411],[-72.89640677477038,-13.449577522106612]]]}},{"type":"Feature","properties":{"Cell_ID":49,"Area_ha":1.0,"LC":"3:0.959719,6:0.040281","XMIN":727644.86160847,"YMIN":8512073.59738907,"XMAX":727744.86160847,"YMAX":8512173.59738907},"geometry":{"type":"Polygon","coordinates":[[[-72.8963988870723,-13.450481148962316],[-72.89640677477038,-13.449577522106612],[-72.89732999728956,-13.44958524041411],[-72.89732211304701,-13.450488867807197],[-72.8963988870723,-13.450481148962316]]]}},{"type":"Feature","properties":{"Cell_ID":50,"Area_ha":1.0,"LC":"3:1.000000","XMIN":727644.86160847,"YMIN":8511973.59738907,"XMAX":727744.86160847,"YMAX":8512073.59738907},"geometry":{"type":"Polygon","coordinates":[[[-72.89639099879493,-13.45138477574871],[-72.8963988870723,-13.450481148962316],[-72.89732211304701,-13.450488867807197],[-72.89731422822541,-13.451392495130975],[-72.89639099879493,-13.45138477574871]]]}},{"type":"Feature","properties":{"Cell_ID":51,"Area_ha":1.0,"LC":"2:0.699563,3:0.300437","XMIN":727644.86160847,"YMIN":8511873.59738907,"XMAX":727744.86160847,"YMAX":8511973.59738907},"geometry":{"type":"Polygon","coordinates":[[[-72.89638310993824,-13.45228840246579],[-72.89639099879493,-13.45138477574871],[-72.89731422822541,-13.451392495130975],[-72.89730634282476,-13.45229612238544],[-72.89638310993824,-13.45228840246579]]]}},{"type":"Feature","properties":{"Cell_ID":52,"Area_ha":1.0,"LC":"2:0.281406,3:0.718594","XMIN":727644.86160847,"YMIN":8511773.59738907,"XMAX":727744.86160847,"YMAX":8511873.59738907},"geometry":{"type":"Polygon","coordinates":[[[-72.89637522050226,-13.453192029113545],[-72.89638310993824,-13.45228840246579],[-72.89730634282476,-13.45229612238544],[-72.89729845684508,-13.453199749570587],[-72.89637522050226,-13.453192029113545]]]}},{"type":"Feature","properties":{"Cell_ID":53,"Area_ha":1.0,"LC":"3:1.000000","XMIN":727644.86160847,"YMIN":8511673.59738907,"XMAX":727744.86160847,"YMAX":8511773.59738907},"geometry":{"type":"Polygon","coordinates":[[[-72.89636733048698,-13.454095655691978],[-72.89637522050226,-13.453192029113545],[-72.89729845684508,-13.453199749570587],[-72.89729057028632,-13.45410337668641],[-72.89636733048698,-13.454095655691978]]]}},{"type":"Feature","properties":{"Cell_ID":54,"Area_ha":1.0,"LC":"3:1.000000","XMIN":727644.86160847,"YMIN":8511573.59738907,"XMAX":727744.86160847,"YMAX":8511673.59738907},"geometry":{"type":"Polygon","coordinates":[[[-72.89635943989234,-13.454999282201074],[-72.89636733048698,-13.454095655691978],[-72.89729057028632,-13.45410337668641],[-72.89728268314848,-13.455007003732913],[-72.89635943989234,-13.454999282201074]]]}},{"type":"Feature","properties":{"Cell_ID":55,"Area_ha":1.0,"LC":"3:1.000000","XMIN":727644.86160847,"YMIN":8511473.59738907,"XMAX":727744.86160847,"YMAX":8511573.59738907},"geometry":{"type":"Polygon","coordinates":[[[-72.89635154871839,-13.455902908640834],[-72.89635943989234,-13.454999282201074],[-72.89728268314848,-13.455007003732913],[-72.89727479543157,-13.455910630710076],[-72.89635154871839,-13.455902908640834]]]}},{"type":"Feature","properties":{"Cell_ID":56,"Area_ha":1.0,"LC":"3:1.000000","XMIN":727644.86160847,"YMIN":8511373.59738907,"XMAX":727744.86160847,"YMAX":8511473.59738907},"geometry":{"type":"Polygon","coordinates":[[[-72.89634365696507,-13.456806535011262],[-72.89635154871839,-13.455902908640834],[-72.89727479543157,-13.455910630710076],[-72.89726690713556,-13.456814257617905],[-72.89634365696507,-13.456806535011262]]]}},{"type":"Feature","properties":{"Cell_ID":57,"Area_ha":1.0,"LC":"3:1.000000","XMIN":727644.86160847,"YMIN":8511273.59738907,"XMAX":727744.86160847,"YMAX":8511373.59738907},"geometry":{"type":"Polygon","coordinates":[[[-72.89633576463238,-13.457710161312342],[-72.89634365696507,-13.456806535011262],[-72.89726690713556,-13.456814257617905],[-72.89725901826043,-13.457717884456395],[-72.89633576463238,-13.457710161312342]]]}},{"type":"Feature","properties":{"Cell_ID":58,"Area_ha":1.0,"LC":"3:1.000000","XMIN":727644.86160847,"YMIN":8511173.59738907,"XMAX":727744.86160847,"YMAX":8511273.59738907},"geometry":{"type":"Polygon","coordinates":[[[-72.89632787172035,-13.458613787544074],[-72.89633576463238,-13.457710161312342],[-72.89725901826043,-13.457717884456395],[-72.89725112880619,-13.458621511225543],[-72.89632787172035,-13.458613787544074]]]}},{"type":"Feature","properties":{"Cell_ID":59,"Area_ha":1.0,"LC":"3:1.000000","XMIN":727644.86160847,"YMIN":8511073.59738907,"XMAX":727744.86160847,"YMAX":8511173.59738907},"geometry":{"type":"Polygon","coordinates":[[[-72.89631997822892,-13.459517413706452],[-72.89632787172035,-13.458613787544074],[-72.89725112880619,-13.458621511225543],[-72.89724323877283,-13.459525137925342],[-72.89631997822892,-13.459517413706452]]]}},{"type":"Feature","properties":{"Cell_ID":60,"Area_ha":1.0,"LC":"3:1.000000","XMIN":727644.86160847,"YMIN":8510973.59738907,"XMAX":727744.86160847,"YMAX":8511073.59738907},"geometry":{"type":"Polygon","coordinates":[[[-72.89631208415811,-13.460421039799476],[-72.89631997822892,-13.459517413706452],[-72.89724323877283,-13.459525137925342],[-72.89723534816032,-13.460428764555786],[-72.89631208415811,-13.460421039799476]]]}},{"type":"Feature","properties":{"Cell_ID":61,"Area_ha":1.0,"LC":"3:0.260437,6:0.601510,7:0.138053","XMIN":727644.86160847,"YMIN":8510873.59738907,"XMAX":727744.86160847,"YMAX":8510973.59738907},"geometry":{"type":"Polygon","coordinates":[[[-72.89630418950789,-13.461324665823136],[-72.89631208415811,-13.460421039799476],[-72.89723534816032,-13.460428764555786],[-72.89722745696868,-13.461332391116873],[-72.89630418950789,-13.461324665823136]]]}},{"type":"Feature","properties":{"Cell_ID":62,"Area_ha":1.0,"LC":"5:0.436655,6:0.202368,7:0.360977","XMIN":727644.86160847,"YMIN":8510773.59738907,"XMAX":727744.86160847,"YMAX":8510873.59738907},"geometry":{"type":"Polygon","coordinates":[[[-72.89629629427827,-13.462228291777434],[-72.89630418950789,-13.461324665823136],[-72.89722745696868,-13.461332391116873],[-72.89721956519787,-13.462236017608598],[-72.89629629427827,-13.462228291777434]]]}},{"type":"Feature","properties":{"Cell_ID":63,"Area_ha":1.0,"LC":"3:0.060541,5:0.058616,9:0.342376,14:0.538468","XMIN":727744.86160847,"YMIN":8512373.59738907,"XMAX":727844.86160847,"YMAX":8512473.59738907},"geometry":{"type":"Polygon","coordinates":[[[-72.8954993333991,-13.447762547572687],[-72.89550722281415,-13.446858921046667],[-72.89643043438903,-13.446866641123648],[-72.89642254842873,-13.44777026818727],[-72.8954993333991,-13.447762547572687]]]}},{"type":"Feature","properties":{"Cell_ID":64,"Area_ha":1.0,"LC":"3:0.762900,5:0.196537,14:0.040562","XMIN":727744.86160847,"YMIN":8512273.59738907,"XMAX":727844.86160847,"YMAX":8512373.59738907},"geometry":{"type":"Polygon","coordinates":[[[-72.89549144340455,-13.4486661740294],[-72.8954993333991,-13.447762547572687],[-72.89642254842873,-13.44777026818727],[-72.8964146618892,-13.448673895181592],[-72.89549144340455,-13.4486661740294]]]}},{"type":"Feature","properties":{"Cell_ID":65,"Area_ha":1.0,"LC":"3:1.000000","XMIN":727744.86160847,"YMIN":8512173.59738907,"XMAX":727844.86160847,"YMAX":8512273.59738907},"geometry":{"type":"Polygon","coordinates":[[[-72.89548355283047,-13.449569800416805],[-72.89549144340455,-13.4486661740294],[-72.8964146618892,-13.448673895181592],[-72.89640677477038,-13.449577522106612],[-72.89548355283047,-13.449569800416805]]]}},{"type":"Feature","properties":{"Cell_ID":66,"Area_ha":1.0,"LC":"3:1.000000","XMIN":727744.86160847,"YMIN":8512073.59738907,"XMAX":727844.86160847,"YMAX":8512173.59738907},"geometry":{"type":"Polygon","coordinates":[[[-72.89547566167687,-13.4504734267349],[-72.89548355283047,-13.449569800416805],[-72.89640677477038,-13.449577522106612],[-72.8963988870723,-13.450481148962316],[-72.89547566167687,-13.4504734267349]]]}},{"type":"Feature","properties":{"Cell_ID":67,"Area_ha":1.0,"LC":"3:1.000000","XMIN":727744.86160847,"YMIN":8511973.59738907,"XMAX":727844.86160847,"YMAX":8512073.59738907},"geometry":{"type":"Polygon","coordinates":[[[-72.89546776994374,-13.451377052983679],[-72.89547566167687,-13.4504734267349],[-72.8963988870723,-13.450481148962316],[-72.89639099879493,-13.45138477574871],[-72.89546776994374,-13.451377052983679]]]}},{"type":"Feature","properties":{"Cell_ID":68,"Area_ha":1.0,"LC":"2:0.336529,3:0.663471","XMIN":727744.86160847,"YMIN":8511873.59738907,"XMAX":727844.86160847,"YMAX":8511973.59738907},"geometry":{"type":"Polygon","coordinates":[[[-72.89545987763104,-13.452280679163131],[-72.89546776994374,-13.451377052983679],[-72.89639099879493,-13.45138477574871],[-72.89638310993824,-13.45228840246579],[-72.89545987763104,-13.452280679163131]]]}},{"type":"Feature","properties":{"Cell_ID":69,"Area_ha":1.0,"LC":"2:0.423323,3:0.576677","XMIN":727744.86160847,"YMIN":8511773.59738907,"XMAX":727844.86160847,"YMAX":8511873.59738907},"geometry":{"type":"Polygon","coordinates":[[[-72.89545198473878,-13.45318430527326],[-72.89545987763104,-13.452280679163131],[-72.89638310993824,-13.45228840246579],[-72.89637522050226,-13.453192029113545],[-72.89545198473878,-13.45318430527326]]]}},{"type":"Feature","properties":{"Cell_ID":70,"Area_ha":1.0,"LC":"2:0.000147,3:0.999853","XMIN":727744.86160847,"YMIN":8511673.59738907,"XMAX":727844.86160847,"YMAX":8511773.59738907},"geometry":{"type":"Polygon","coordinates":[[[-72.89544409126695,-13.45408793131406],[-72.89545198473878,-13.45318430527326],[-72.89637522050226,-13.453192029113545],[-72.89636733048698,-13.454095655691978],[-72.89544409126695,-13.45408793131406]]]}},{"type":"Feature","properties":{"Cell_ID":71,"Area_ha":1.0,"LC":"3:1.000000","XMIN":727744.86160847,"YMIN":8511573.59738907,"XMAX":727844.86160847,"YMAX":8511673.59738907},"geometry":{"type":"Polygon","coordinates":[[[-72.89543619721555,-13.454991557285522],[-72.89544409126695,-13.45408793131406],[-72.89636733048698,-13.454095655691978],[-72.89635943989234,-13.454999282201074],[-72.89543619721555,-13.454991557285522]]]}},{"type":"Feature","properties":{"Cell_ID":72,"Area_ha":1.0,"LC":"3:0.937092,14:0.062908","XMIN":727744.86160847,"YMIN":8511473.59738907,"XMAX":727844.86160847,"YMAX":8511573.59738907},"geometry":{"type":"Polygon","coordinates":[[[-72.89542830258455,-13.455895183187648],[-72.89543619721555,-13.454991557285522],[-72.89635943989234,-13.454999282201074],[-72.89635154871839,-13.455902908640834],[-72.89542830258455,-13.455895183187648]]]}},{"type":"Feature","properties":{"Cell_ID":73,"Area_ha":1.0,"LC":"3:1.000000","XMIN":727744.86160847,"YMIN":8511373.59738907,"XMAX":727844.86160847,"YMAX":8511473.59738907},"geometry":{"type":"Polygon","coordinates":[[[-72.89542040737395,-13.456798809020428],[-72.89542830258455,-13.455895183187648],[-72.89635154871839,-13.455902908640834],[-72.89634365696507,-13.456806535011262],[-72.89542040737395,-13.456798809020428]]]}},{"type":"Feature","properties":{"Cell_ID":74,"Area_ha":1.0,"LC":"3:1.000000","XMIN":727744.86160847,"YMIN":8511273.59738907,"XMAX":727844.86160847,"YMAX":8511373.59738907},"geometry":{"type":"Polygon","coordinates":[[[-72.89541251158373,-13.457702434783862],[-72.89542040737395,-13.456798809020428],[-72.89634365696507,-13.456806535011262],[-72.89633576463238,-13.457710161312342],[-72.89541251158373,-13.457702434783862]]]}},{"type":"Feature","properties":{"Cell_ID":75,"Area_ha":1.0,"LC":"3:1.000000","XMIN":727744.86160847,"YMIN":8511173.59738907,"XMAX":727844.86160847,"YMAX":8511273.59738907},"geometry":{"type":"Polygon","coordinates":[[[-72.89540461521389,-13.458606060477948],[-72.89541251158373,-13.457702434783862],[-72.89633576463238,-13.457710161312342],[-72.89632787172035,-13.458613787544074],[-72.89540461521389,-13.458606060477948]]]}},{"type":"Feature","properties":{"Cell_ID":76,"Area_ha":1.0,"LC":"3:1.000000","XMIN":727744.86160847,"YMIN":8511073.59738907,"XMAX":727844.86160847,"YMAX":8511173.59738907},"geometry":{"type":"Polygon","coordinates":[[[-72.89539671826442,-13.459509686102676],[-72.89540461521389,-13.458606060477948],[-72.89632787172035,-13.458613787544074],[-72.89631997822892,-13.459517413706452],[-72.89539671826442,-13.459509686102676]]]}},{"type":"Feature","properties":{"Cell_ID":77,"Area_ha":1.0,"LC":"3:1.000000","XMIN":727744.86160847,"YMIN":8510973.59738907,"XMAX":727844.86160847,"YMAX":8511073.59738907},"geometry":{"type":"Polygon","coordinates":[[[-72.89538882073529,-13.460413311658035],[-72.89539671826442,-13.459509686102676],[-72.89631997822892,-13.459517413706452],[-72.89631208415811,-13.460421039799476],[-72.89538882073529,-13.460413311658035]]]}},{"type":"Feature","properties":{"Cell_ID":78,"Area_ha":1.0,"LC":"3:0.243345,5:0.379978,6:0.376677","XMIN":727744.86160847,"YMIN":8510873.59738907,"XMAX":727844.86160847,"YMAX":8510973.59738907},"geometry":{"type":"Polygon","coordinates":[[[-72.89538092262652,-13.461316937144034],[-72.89538882073529,-13.460413311658035],[-72.89631208415811,-13.460421039799476],[-72.89630418950789,-13.461324665823136],[-72.89538092262652,-13.461316937144034]]]}},{"type":"Feature","properties":{"Cell_ID":79,"Area_ha":1.0,"LC":"3:0.283878,5:0.118918,6:0.578173,7:0.019031","XMIN":727744.86160847,"YMIN":8510773.59738907,"XMAX":727844.86160847,"YMAX":8510873.59738907},"geometry":{"type":"Polygon","coordinates":[[[-72.89537302393808,-13.462220562560667],[-72.89538092262652,-13.461316937144034],[-72.89630418950789,-13.461324665823136],[-72.89629629427827,-13.462228291777434],[-72.89537302393808,-13.462220562560667]]]}},{"type":"Feature","properties":{"Cell_ID":80,"Area_ha":1.0,"LC":"3:0.683463,9:0.118476,14:0.198061","XMIN":727844.86160847,"YMIN":8512373.59738907,"XMAX":727944.86160847,"YMAX":8512473.59738907},"geometry":{"type":"Polygon","coordinates":[[[-72.89457611894896,-13.447754823576279],[-72.89458401181875,-13.446851197588101],[-72.89550722281415,-13.446858921046667],[-72.8954993333991,-13.447762547572687],[-72.89457611894896,-13.447754823576279]]]}},{"type":"Feature","properties":{"Cell_ID":81,"Area_ha":1.0,"LC":"3:1.000000","XMIN":727844.86160847,"YMIN":8512273.59738907,"XMAX":727944.86160847,"YMAX":8512373.59738907},"geometry":{"type":"Polygon","coordinates":[[[-72.89456822549943,-13.448658449495149],[-72.89457611894896,-13.447754823576279],[-72.8954993333991,-13.447762547572687],[-72.89549144340455,-13.4486661740294],[-72.89456822549943,-13.448658449495149]]]}},{"type":"Feature","properties":{"Cell_ID":82,"Area_ha":1.0,"LC":"3:1.000000","XMIN":727844.86160847,"YMIN":8512173.59738907,"XMAX":727944.86160847,"YMAX":8512273.59738907},"geometry":{"type":"Polygon","coordinates":[[[-72.89456033147009,-13.449562075344708],[-72.89456822549943,-13.448658449495149],[-72.89549144340455,-13.4486661740294],[-72.89548355283047,-13.449569800416805],[-72.89456033147009,-13.449562075344708]]]}},{"type":"Feature","properties":{"Cell_ID":83,"Area_ha":1.0,"LC":"2:0.262480,3:0.737520","XMIN":727844.86160847,"YMIN":8512073.59738907,"XMAX":727944.86160847,"YMAX":8512173.59738907},"geometry":{"type":"Polygon","coordinates":[[[-72.89455243686099,-13.450465701124951],[-72.89456033147009,-13.449562075344708],[-72.89548355283047,-13.449569800416805],[-72.89547566167687,-13.4504734267349],[-72.89455243686099,-13.450465701124951]]]}},{"type":"Feature","properties":{"Cell_ID":84,"Area_ha":1.0,"LC":"2:0.384285,3:0.615715","XMIN":727844.86160847,"YMIN":8511973.59738907,"XMAX":727944.86160847,"YMAX":8512073.59738907},"geometry":{"type":"Polygon","coordinates":[[[-72.8945445416721,-13.451369326835877],[-72.89455243686099,-13.450465701124951],[-72.89547566167687,-13.4504734267349],[-72.89546776994374,-13.451377052983679],[-72.8945445416721,-13.451369326835877]]]}},{"type":"Feature","properties":{"Cell_ID":85,"Area_ha":1.0,"LC":"2:0.101827,3:0.898173","XMIN":727844.86160847,"YMIN":8511873.59738907,"XMAX":727944.86160847,"YMAX":8511973.59738907},"geometry":{"type":"Polygon","coordinates":[[[-72.89453664590339,-13.452272952477472],[-72.8945445416721,-13.451369326835877],[-72.89546776994374,-13.451377052983679],[-72.89545987763104,-13.452280679163131],[-72.89453664590339,-13.452272952477472]]]}},{"type":"Feature","properties":{"Cell_ID":86,"Area_ha":1.0,"LC":"2:0.115841,3:0.884159","XMIN":727844.86160847,"YMIN":8511773.59738907,"XMAX":727944.86160847,"YMAX":8511873.59738907},"geometry":{"type":"Polygon","coordinates":[[[-72.89452874955487,-13.453176578049739],[-72.89453664590339,-13.452272952477472],[-72.89545987763104,-13.452280679163131],[-72.89545198473878,-13.45318430527326],[-72.89452874955487,-13.453176578049739]]]}},{"type":"Feature","properties":{"Cell_ID":87,"Area_ha":1.0,"LC":"2:0.040415,3:0.959585","XMIN":727844.86160847,"YMIN":8511673.59738907,"XMAX":727944.86160847,"YMAX":8511773.59738907},"geometry":{"type":"Polygon","coordinates":[[[-72.89452085262653,-13.454080203552673],[-72.89452874955487,-13.453176578049739],[-72.89545198473878,-13.45318430527326],[-72.89544409126695,-13.45408793131406],[-72.89452085262653,-13.454080203552673]]]}},{"type":"Feature","properties":{"Cell_ID":88,"Area_ha":1.0,"LC":"3:0.960281,14:0.039719","XMIN":727844.86160847,"YMIN":8511573.59738907,"XMAX":727944.86160847,"YMAX":8511673.59738907},"geometry":{"type":"Polygon","coordinates":[[[-72.89451295511834,-13.454983828986268],[-72.89452085262653,-13.454080203552673],[-72.89544409126695,-13.45408793131406],[-72.89543619721555,-13.454991557285522],[-72.89451295511834,-13.454983828986268]]]}},{"type":"Feature","properties":{"Cell_ID":89,"Area_ha":1.0,"LC":"3:0.319719,14:0.680281","XMIN":727844.86160847,"YMIN":8511473.59738907,"XMAX":727944.86160847,"YMAX":8511573.59738907},"geometry":{"type":"Polygon","coordinates":[[[-72.89450505703032,-13.455887454350517],[-72.89451295511834,-13.454983828986268],[-72.89543619721555,-13.454991557285522],[-72.89542830258455,-13.455895183187648],[-72.89450505703032,-13.455887454350517]]]}},{"type":"Feature","properties":{"Cell_ID":90,"Area_ha":1.0,"LC":"3:0.937239,5:0.062761","XMIN":727844.86160847,"YMIN":8511373.59738907,"XMAX":727944.86160847,"YMAX":8511473.59738907},"geometry":{"type":"Polygon","coordinates":[[[-72.89449715836244,-13.45679107964542],[-72.89450505703032,-13.455887454350517],[-72.89542830258455,-13.455895183187648],[-72.89542040737395,-13.456798809020428],[-72.89449715836244,-13.45679107964542]]]}},{"type":"Feature","properties":{"Cell_ID":91,"Area_ha":1.0,"LC":"3:0.978883,5:0.021117","XMIN":727844.86160847,"YMIN":8511273.59738907,"XMAX":727944.86160847,"YMAX":8511373.59738907},"geometry":{"type":"Polygon","coordinates":[[[-72.89448925911469,-13.457694704870976],[-72.89449715836244,-13.45679107964542],[-72.89542040737395,-13.456798809020428],[-72.89541251158373,-13.457702434783862],[-72.89448925911469,-13.457694704870976]]]}},{"type":"Feature","properties":{"Cell_ID":92,"Area_ha":1.0,"LC":"3:1.000000","XMIN":727844.86160847,"YMIN":8511173.59738907,"XMAX":727944.86160847,"YMAX":8511273.59738907},"geometry":{"type":"Polygon","coordinates":[[[-72.89448135928707,-13.45859833002717],[-72.89448925911469,-13.457694704870976],[-72.89541251158373,-13.457702434783862],[-72.89540461521389,-13.458606060477948],[-72.89448135928707,-13.45859833002717]]]}},{"type":"Feature","properties":{"Cell_ID":93,"Area_ha":1.0,"LC":"3:1.000000","XMIN":727844.86160847,"YMIN":8511073.59738907,"XMAX":727944.86160847,"YMAX":8511173.59738907},"geometry":{"type":"Polygon","coordinates":[[[-72.89447345887953,-13.459501955114007],[-72.89448135928707,-13.45859833002717],[-72.89540461521389,-13.458606060477948],[-72.89539671826442,-13.459509686102676],[-72.89447345887953,-13.459501955114007]]]}},{"type":"Feature","properties":{"Cell_ID":94,"Area_ha":1.0,"LC":"3:1.000000","XMIN":727844.86160847,"YMIN":8510973.59738907,"XMAX":727944.86160847,"YMAX":8511073.59738907},"geometry":{"type":"Polygon","coordinates":[[[-72.89446555789213,-13.460405580131479],[-72.89447345887953,-13.459501955114007],[-72.89539671826442,-13.459509686102676],[-72.89538882073529,-13.460413311658035],[-72.89446555789213,-13.460405580131479]]]}},{"type":"Feature","properties":{"Cell_ID":95,"Area_ha":1.0,"LC":"3:1.000000","XMIN":727944.86160847,"YMIN":8512373.59738907,"XMAX":728044.86160847,"YMAX":8512473.59738907},"geometry":{"type":"Polygon","coordinates":[[[-72.8936529050786,-13.44774709619806],[-72.8936608014031,-13.446843470747956],[-72.89458401181875,-13.446851197588101],[-72.89457611894896,-13.447754823576279],[-72.8936529050786,-13.44774709619806]]]}},{"type":"Feature","properties":{"Cell_ID":96,"Area_ha":1.0,"LC":"3:1.000000","XMIN":727944.86160847,"YMIN":8512273.59738907,"XMAX":728044.86160847,"YMAX":8512373.59738907},"geometry":{"type":"Polygon","coordinates":[[[-72.89364500817406,-13.448650721578852],[-72.8936529050786,-13.44774709619806],[-72.89457611894896,-13.447754823576279],[-72.89456822549943,-13.448658449495149],[-72.89364500817406,-13.448650721578852]]]}},{"type":"Feature","properties":{"Cell_ID":97,"Area_ha":1.0,"LC":"3:1.000000","XMIN":727944.86160847,"YMIN":8512173.59738907,"XMAX":728044.86160847,"YMAX":8512273.59738907},"geometry":{"type":"Polygon","coordinates":[[[-72.8936371106895,-13.449554346890332],[-72.89364500817406,-13.448650721578852],[-72.89456822549943,-13.448658449495149],[-72.89456033147009,-13.449562075344708],[-72.8936371106895,-13.449554346890332]]]}},{"type":"Feature","properties":{"Cell_ID":98,"Area_ha":1.0,"LC":"2:0.417624,3:0.582376","XMIN":727944.86160847,"YMIN":8512073.59738907,"XMAX":728044.86160847,"YMAX":8512173.59738907},"geometry":{"type":"Polygon","coordinates":[[[-72.8936292126249,-13.450457972132488],[-72.8936371106895,-13.449554346890332],[-72.89456033147009,-13.449562075344708],[-72.89455243686099,-13.450465701124951],[-72.8936292126249,-13.450457972132488]]]}},{"type":"Feature","properties":{"Cell_ID":99,"Area_ha":1.0,"LC":"2:0.918208,3:0.081792","XMIN":727944.86160847,"YMIN":8511973.59738907,"XMAX":728044.86160847,"YMAX":8512073.59738907},"geometry":{"type":"Polygon","coordinates":[[[-72.89362131398026,-13.451361597305322],[-72.8936292126249,-13.450457972132488],[-72.89455243686099,-13.450465701124951],[-72.8945445416721,-13.451369326835877],[-72.89362131398026,-13.451361597305322]]]}},{"type":"Feature","properties":{"Cell_ID":100,"Area_ha":1.0,"LC":"2:0.741518,3:0.258482","XMIN":727944.86160847,"YMIN":8511873.59738907,"XMAX":728044.86160847,"YMAX":8511973.59738907},"geometry":{"type":"Polygon","coordinates":[[[-72.89361341475556,-13.452265222408824],[-72.89362131398026,-13.451361597305322],[-72.8945445416721,-13.451369326835877],[-72.89453664590339,-13.452272952477472],[-72.89361341475556,-13.452265222408824]]]}},{"type":"Feature","properties":{"Cell_ID":101,"Area_ha":1.0,"LC":"2:0.284588,3:0.715412","XMIN":727944.86160847,"YMIN":8511773.59738907,"XMAX":728044.86160847,"YMAX":8511873.59738907},"geometry":{"type":"Polygon","coordinates":[[[-72.89360551495078,-13.45316884744299],[-72.89361341475556,-13.452265222408824],[-72.89453664590339,-13.452272952477472],[-72.89452874955487,-13.453176578049739],[-72.89360551495078,-13.45316884744299]]]}},{"type":"Feature","properties":{"Cell_ID":102,"Area_ha":1.0,"LC":"3:1.000000","XMIN":727944.86160847,"YMIN":8511673.59738907,"XMAX":728044.86160847,"YMAX":8511773.59738907},"geometry":{"type":"Polygon","coordinates":[[[-72.89359761456593,-13.454072472407823],[-72.89360551495078,-13.45316884744299],[-72.89452874955487,-13.453176578049739],[-72.89452085262653,-13.454080203552673],[-72.89359761456593,-13.454072472407823]]]}},{"type":"Feature","properties":{"Cell_ID":103,"Area_ha":1.0,"LC":"3:0.960281,14:0.039719","XMIN":727944.86160847,"YMIN":8511573.59738907,"XMAX":728044.86160847,"YMAX":8511673.59738907},"geometry":{"type":"Polygon","coordinates":[[[-72.89358971360099,-13.454976097303312],[-72.89359761456593,-13.454072472407823],[-72.89452085262653,-13.454080203552673],[-72.89451295511834,-13.454983828986268],[-72.89358971360099,-13.454976097303312]]]}},{"type":"Feature","properties":{"Cell_ID":104,"Area_ha":1.0,"LC":"3:0.742627,14:0.257373","XMIN":727944.86160847,"YMIN":8511473.59738907,"XMAX":728044.86160847,"YMAX":8511573.59738907},"geometry":{"type":"Polygon","coordinates":[[[-72.89358181205594,-13.455879722129453],[-72.89358971360099,-13.454976097303312],[-72.89451295511834,-13.454983828986268],[-72.89450505703032,-13.455887454350517],[-72.89358181205594,-13.455879722129453]]]}},{"type":"Feature","properties":{"Cell_ID":105,"Area_ha":1.0,"LC":"3:0.481406,5:0.518594","XMIN":727944.86160847,"YMIN":8511373.59738907,"XMAX":728044.86160847,"YMAX":8511473.59738907},"geometry":{"type":"Polygon","coordinates":[[[-72.8935739099308,-13.456783346886244],[-72.89358181205594,-13.455879722129453],[-72.89450505703032,-13.455887454350517],[-72.89449715836244,-13.45679107964542],[-72.8935739099308,-13.456783346886244]]]}},{"type":"Feature","properties":{"Cell_ID":106,"Area_ha":1.0,"LC":"3:0.416248,5:0.583752","XMIN":727944.86160847,"YMIN":8511273.59738907,"XMAX":728044.86160847,"YMAX":8511373.59738907},"geometry":{"type":"Polygon","coordinates":[[[-72.89356600722552,-13.457686971573677],[-72.8935739099308,-13.456783346886244],[-72.89449715836244,-13.45679107964542],[-72.89448925911469,-13.457694704870976],[-72.89356600722552,-13.457686971573677]]]}},{"type":"Feature","properties":{"Cell_ID":107,"Area_ha":1.0,"LC":"3:1.000000","XMIN":728044.86160847,"YMIN":8512373.59738907,"XMAX":728144.86160847,"YMAX":8512473.59738907},"geometry":{"type":"Polygon","coordinates":[[[-72.89272969178825,-13.447739365438034],[-72.89273759156748,-13.446835740526241],[-72.8936608014031,-13.446843470747956],[-72.8936529050786,-13.44774709619806],[-72.89272969178825,-13.447739365438034]]]}},{"type":"Feature","properties":{"Cell_ID":108,"Area_ha":1.0,"LC":"3:1.000000","XMIN":728044.86160847,"YMIN":8512273.59738907,"XMAX":728144.86160847,"YMAX":8512373.59738907},"geometry":{"type":"Polygon","coordinates":[[[-72.89272179142874,-13.448642990280517],[-72.89272969178825,-13.447739365438034],[-72.8936529050786,-13.44774709619806],[-72.89364500817406,-13.448650721578852],[-72.89272179142874,-13.448642990280517]]]}},{"type":"Feature","properties":{"Cell_ID":109,"Area_ha":1.0,"LC":"3:1.000000","XMIN":728044.86160847,"YMIN":8512173.59738907,"XMAX":728144.86160847,"YMAX":8512273.59738907},"geometry":{"type":"Polygon","coordinates":[[[-72.89271389048895,-13.449546615053677],[-72.89272179142874,-13.448642990280517],[-72.89364500817406,-13.448650721578852],[-72.8936371106895,-13.449554346890332],[-72.89271389048895,-13.449546615053677]]]}},{"type":"Feature","properties":{"Cell_ID":110,"Area_ha":1.0,"LC":"2:0.077646,3:0.922354","XMIN":728044.86160847,"YMIN":8512073.59738907,"XMAX":728144.86160847,"YMAX":8512173.59738907},"geometry":{"type":"Polygon","coordinates":[[[-72.89270598896887,-13.450450239757512],[-72.89271389048895,-13.449546615053677],[-72.8936371106895,-13.449554346890332],[-72.8936292126249,-13.450457972132488],[-72.89270598896887,-13.450450239757512]]]}},{"type":"Feature","properties":{"Cell_ID":111,"Area_ha":1.0,"LC":"2:0.177507,3:0.822493","XMIN":728044.86160847,"YMIN":8511973.59738907,"XMAX":728144.86160847,"YMAX":8512073.59738907},"geometry":{"type":"Polygon","coordinates":[[[-72.89269808686848,-13.451353864392017],[-72.89270598896887,-13.450450239757512],[-72.8936292126249,-13.450457972132488],[-72.89362131398026,-13.451361597305322],[-72.89269808686848,-13.451353864392017]]]}},{"type":"Feature","properties":{"Cell_ID":112,"Area_ha":1.0,"LC":"2:0.256114,3:0.743886","XMIN":728044.86160847,"YMIN":8511873.59738907,"XMAX":728144.86160847,"YMAX":8511973.59738907},"geometry":{"type":"Polygon","coordinates":[[[-72.89269018418779,-13.452257488957192],[-72.89269808686848,-13.451353864392017],[-72.89362131398026,-13.451361597305322],[-72.89361341475556,-13.452265222408824],[-72.89269018418779,-13.452257488957192]]]}},{"type":"Feature","properties":{"Cell_ID":113,"Area_ha":1.0,"LC":"2:0.237100,3:0.762900","XMIN":728044.86160847,"YMIN":8511773.59738907,"XMAX":728144.86160847,"YMAX":8511873.59738907},"geometry":{"type":"Polygon","coordinates":[[[-72.89268228092676,-13.453161113453028],[-72.89269018418779,-13.452257488957192],[-72.89361341475556,-13.452265222408824],[-72.89360551495078,-13.45316884744299],[-72.89268228092676,-13.453161113453028]]]}},{"type":"Feature","properties":{"Cell_ID":114,"Area_ha":1.0,"LC":"3:1.000000","XMIN":728044.86160847,"YMIN":8511673.59738907,"XMAX":728144.86160847,"YMAX":8511773.59738907},"geometry":{"type":"Polygon","coordinates":[[[-72.89267437708543,-13.454064737879524],[-72.89268228092676,-13.453161113453028],[-72.89360551495078,-13.45316884744299],[-72.89359761456593,-13.454072472407823],[-72.89267437708543,-13.454064737879524]]]}},{"type":"Feature","properties":{"Cell_ID":115,"Area_ha":1.0,"LC":"3:0.979178,5:0.020822","XMIN":728044.86160847,"YMIN":8511573.59738907,"XMAX":728144.86160847,"YMAX":8511673.59738907},"geometry":{"type":"Polygon","coordinates":[[[-72.89266647266373,-13.454968362236674],[-72.89267437708543,-13.454064737879524],[-72.89359761456593,-13.454072472407823],[-72.89358971360099,-13.454976097303312],[-72.89266647266373,-13.454968362236674]]]}},{"type":"Feature","properties":{"Cell_ID":116,"Area_ha":1.0,"LC":"3:0.957914,5:0.042086","XMIN":728044.86160847,"YMIN":8511473.59738907,"XMAX":728144.86160847,"YMAX":8511573.59738907},"geometry":{"type":"Polygon","coordinates":[[[-72.89265856766168,-13.455871986524468],[-72.89266647266373,-13.454968362236674],[-72.89358971360099,-13.454976097303312],[-72.89358181205594,-13.455879722129453],[-72.89265856766168,-13.455871986524468]]]}},{"type":"Feature","properties":{"Cell_ID":117,"Area_ha":1.0,"LC":"3:0.903323,5:0.096677","XMIN":728044.86160847,"YMIN":8511373.59738907,"XMAX":728144.86160847,"YMAX":8511473.59738907},"geometry":{"type":"Polygon","coordinates":[[[-72.89265066207928,-13.45677561074291],[-72.89265856766168,-13.455871986524468],[-72.89358181205594,-13.455879722129453],[-72.8935739099308,-13.456783346886244],[-72.89265066207928,-13.45677561074291]]]}},{"type":"Feature","properties":{"Cell_ID":118,"Area_ha":1.0,"LC":"3:0.244307,5:0.755693","XMIN":728044.86160847,"YMIN":8511273.59738907,"XMAX":728144.86160847,"YMAX":8511373.59738907},"geometry":{"type":"Polygon","coordinates":[[[-72.89264275591648,-13.457679234891994],[-72.89265066207928,-13.45677561074291],[-72.8935739099308,-13.456783346886244],[-72.89356600722552,-13.457686971573677],[-72.89264275591648,-13.457679234891994]]]}},{"type":"Feature","properties":{"Cell_ID":119,"Area_ha":1.0,"LC":"3:0.978883,6:0.021117","XMIN":728144.86160847,"YMIN":8512373.59738907,"XMAX":728244.86160847,"YMAX":8512473.59738907},"geometry":{"type":"Polygon","coordinates":[[[-72.89180647907816,-13.447731631296223],[-72.8918143823121,-13.44682800692297],[-72.89273759156748,-13.446835740526241],[-72.89272969178825,-13.447739365438034],[-72.89180647907816,-13.447731631296223]]]}},{"type":"Feature","properties":{"Cell_ID":120,"Area_ha":1.0,"LC":"3:1.000000","XMIN":728144.86160847,"YMIN":8512273.59738907,"XMAX":728244.86160847,"YMAX":8512373.59738907},"geometry":{"type":"Polygon","coordinates":[[[-72.89179857526369,-13.448635255600154],[-72.89180647907816,-13.447731631296223],[-72.89272969178825,-13.447739365438034],[-72.89272179142874,-13.448642990280517],[-72.89179857526369,-13.448635255600154]]]}},{"type":"Feature","properties":{"Cell_ID":121,"Area_ha":1.0,"LC":"3:1.000000","XMIN":728144.86160847,"YMIN":8512173.59738907,"XMAX":728244.86160847,"YMAX":8512273.59738907},"geometry":{"type":"Polygon","coordinates":[[[-72.89179067086869,-13.44953887983476],[-72.89179857526369,-13.448635255600154],[-72.89272179142874,-13.448642990280517],[-72.89271389048895,-13.449546615053677],[-72.89179067086869,-13.44953887983476]]]}},{"type":"Feature","properties":{"Cell_ID":122,"Area_ha":1.0,"LC":"3:0.737239,7:0.041792,14:0.220969","XMIN":728144.86160847,"YMIN":8512073.59738907,"XMAX":728244.86160847,"YMAX":8512173.59738907},"geometry":{"type":"Polygon","coordinates":[[[-72.89178276589313,-13.450442504000035],[-72.89179067086869,-13.44953887983476],[-72.89271389048895,-13.449546615053677],[-72.89270598896887,-13.450450239757512],[-72.89178276589313,-13.450442504000035]]]}},{"type":"Feature","properties":{"Cell_ID":123,"Area_ha":1.0,"LC":"3:0.999853,7:0.000147","XMIN":728144.86160847,"YMIN":8511973.59738907,"XMAX":728244.86160847,"YMAX":8512073.59738907},"geometry":{"type":"Polygon","coordinates":[[[-72.89177486033702,-13.451346128095983],[-72.89178276589313,-13.450442504000035],[-72.89270598896887,-13.450450239757512],[-72.89269808686848,-13.451353864392017],[-72.89177486033702,-13.451346128095983]]]}},{"type":"Feature","properties":{"Cell_ID":124,"Area_ha":1.0,"LC":"3:0.737520,5:0.262480","XMIN":728144.86160847,"YMIN":8511873.59738907,"XMAX":728244.86160847,"YMAX":8511973.59738907},"geometry":{"type":"Polygon","coordinates":[[[-72.89176695420035,-13.452249752122592],[-72.89177486033702,-13.451346128095983],[-72.89269808686848,-13.451353864392017],[-72.89269018418779,-13.452257488957192],[-72.89176695420035,-13.452249752122592]]]}},{"type":"Feature","properties":{"Cell_ID":125,"Area_ha":1.0,"LC":"3:0.696663,5:0.303337","XMIN":728144.86160847,"YMIN":8511773.59738907,"XMAX":728244.86160847,"YMAX":8511873.59738907},"geometry":{"type":"Polygon","coordinates":[[[-72.8917590474831,-13.45315337607986],[-72.89176695420035,-13.452249752122592],[-72.89269018418779,-13.452257488957192],[-72.89268228092676,-13.453161113453028],[-72.8917590474831,-13.45315337607986]]]}},{"type":"Feature","properties":{"Cell_ID":126,"Area_ha":1.0,"LC":"3:0.958061,5:0.041939","XMIN":728144.86160847,"YMIN":8511673.59738907,"XMAX":728244.86160847,"YMAX":8511773.59738907},"geometry":{"type":"Polygon","coordinates":[[[-72.89175114018526,-13.454056999967781],[-72.8917590474831,-13.45315337607986],[-72.89268228092676,-13.453161113453028],[-72.89267437708543,-13.454064737879524],[-72.89175114018526,-13.454056999967781]]]}},{"type":"Feature","properties":{"Cell_ID":127,"Area_ha":1.0,"LC":"3:0.740437,5:0.259563","XMIN":728144.86160847,"YMIN":8511573.59738907,"XMAX":728244.86160847,"YMAX":8511673.59738907},"geometry":{"type":"Polygon","coordinates":[[[-72.89174323230682,-13.454960623786356],[-72.89175114018526,-13.454056999967781],[-72.89267437708543,-13.454064737879524],[-72.89266647266373,-13.454968362236674],[-72.89174323230682,-13.454960623786356]]]}},{"type":"Feature","properties":{"Cell_ID":128,"Area_ha":1.0,"LC":"3:0.660273,5:0.339727","XMIN":728144.86160847,"YMIN":8511473.59738907,"XMAX":728244.86160847,"YMAX":8511573.59738907},"geometry":{"type":"Polygon","coordinates":[[[-72.8917353238478,-13.45586424753557],[-72.89174323230682,-13.454960623786356],[-72.89266647266373,-13.454968362236674],[-72.89265856766168,-13.455871986524468],[-72.8917353238478,-13.45586424753557]]]}},{"type":"Feature","properties":{"Cell_ID":129,"Area_ha":1.0,"LC":"3:0.917351,5:0.082649","XMIN":728144.86160847,"YMIN":8511373.59738907,"XMAX":728244.86160847,"YMAX":8511473.59738907},"geometry":{"type":"Polygon","coordinates":[[[-72.89172741480813,-13.45676787121543],[-72.8917353238478,-13.45586424753557],[-72.89265856766168,-13.455871986524468],[-72.89265066207928,-13.45677561074291],[-72.89172741480813,-13.45676787121543]]]}},{"type":"Feature","properties":{"Cell_ID":130,"Area_ha":1.0,"LC":"3:0.275707,6:0.379727,14:0.344566","XMIN":728244.86160847,"YMIN":8512373.59738907,"XMAX":728344.86160847,"YMAX":8512473.59738907},"geometry":{"type":"Polygon","coordinates":[[[-72.89088326694859,-13.44772389377262],[-72.89089117363724,-13.446820269938152],[-72.8918143823121,-13.44682800692297],[-72.89180647907816,-13.447731631296223],[-72.89088326694859,-13.44772389377262]]]}},{"type":"Feature","properties":{"Cell_ID":131,"Area_ha":1.0,"LC":"3:0.999571,14:0.000429","XMIN":728244.86160847,"YMIN":8512273.59738907,"XMAX":728344.86160847,"YMAX":8512373.59738907},"geometry":{"type":"Polygon","coordinates":[[[-72.89087535967917,-13.448627517537767],[-72.89088326694859,-13.44772389377262],[-72.89180647907816,-13.447731631296223],[-72.89179857526369,-13.448635255600154],[-72.89087535967917,-13.448627517537767]]]}},{"type":"Feature","properties":{"Cell_ID":132,"Area_ha":1.0,"LC":"3:0.920281,14:0.079719","XMIN":728244.86160847,"YMIN":8512173.59738907,"XMAX":728344.86160847,"YMAX":8512273.59738907},"geometry":{"type":"Polygon","coordinates":[[[-72.89086745182897,-13.449531141233587],[-72.89087535967917,-13.448627517537767],[-72.89179857526369,-13.448635255600154],[-72.89179067086869,-13.44953887983476],[-72.89086745182897,-13.449531141233587]]]}},{"type":"Feature","properties":{"Cell_ID":133,"Area_ha":1.0,"LC":"3:0.343605,7:0.357084,14:0.299312","XMIN":728244.86160847,"YMIN":8512073.59738907,"XMAX":728344.86160847,"YMAX":8512173.59738907},"geometry":{"type":"Polygon","coordinates":[[[-72.89085954339795,-13.450434764860073],[-72.89086745182897,-13.449531141233587],[-72.89179067086869,-13.44953887983476],[-72.89178276589313,-13.450442504000035],[-72.89085954339795,-13.450434764860073]]]}},{"type":"Feature","properties":{"Cell_ID":134,"Area_ha":1.0,"LC":"3:0.597793,7:0.402207","XMIN":728244.86160847,"YMIN":8511973.59738907,"XMAX":728344.86160847,"YMAX":8512073.59738907},"geometry":{"type":"Polygon","coordinates":[[[-72.89085163438612,-13.451338388417222],[-72.89085954339795,-13.450434764860073],[-72.89178276589313,-13.450442504000035],[-72.89177486033702,-13.451346128095983],[-72.89085163438612,-13.451338388417222]]]}},{"type":"Feature","properties":{"Cell_ID":135,"Area_ha":1.0,"LC":"3:0.118757,5:0.336114,7:0.021679,9:0.361510,16:0.161939","XMIN":728244.86160847,"YMIN":8511873.59738907,"XMAX":728344.86160847,"YMAX":8511973.59738907},"geometry":{"type":"Polygon","coordinates":[[[-72.89084372479348,-13.452242011905032],[-72.89085163438612,-13.451338388417222],[-72.89177486033702,-13.451346128095983],[-72.89176695420035,-13.452249752122592],[-72.89084372479348,-13.452242011905032]]]}},{"type":"Feature","properties":{"Cell_ID":136,"Area_ha":1.0,"LC":"3:0.197365,5:0.598757,6:0.182480,9:0.021398","XMIN":728244.86160847,"YMIN":8511773.59738907,"XMAX":728344.86160847,"YMAX":8511873.59738907},"geometry":{"type":"Polygon","coordinates":[[[-72.89083581462002,-13.453145635323494],[-72.89084372479348,-13.452242011905032],[-72.89176695420035,-13.452249752122592],[-72.8917590474831,-13.45315337607986],[-72.89083581462002,-13.453145635323494]]]}},{"type":"Feature","properties":{"Cell_ID":137,"Area_ha":1.0,"LC":"3:0.339593,5:0.379031,6:0.000429,14:0.280948","XMIN":728244.86160847,"YMIN":8511673.59738907,"XMAX":728344.86160847,"YMAX":8511773.59738907},"geometry":{"type":"Polygon","coordinates":[[[-72.8908279038657,-13.454049258672608],[-72.89083581462002,-13.453145635323494],[-72.8917590474831,-13.45315337607986],[-72.89175114018526,-13.454056999967781],[-72.8908279038657,-13.454049258672608]]]}},{"type":"Feature","properties":{"Cell_ID":138,"Area_ha":1.0,"LC":"3:0.157485,5:0.319585,14:0.522930","XMIN":728244.86160847,"YMIN":8511573.59738907,"XMAX":728344.86160847,"YMAX":8511673.59738907},"geometry":{"type":"Polygon","coordinates":[[[-72.89081999253054,-13.454952881952373],[-72.8908279038657,-13.454049258672608],[-72.89175114018526,-13.454056999967781],[-72.89174323230682,-13.454960623786356],[-72.89081999253054,-13.454952881952373]]]}},{"type":"Feature","properties":{"Cell_ID":139,"Area_ha":1.0,"LC":"3:0.499031,5:0.500969","XMIN":728244.86160847,"YMIN":8511473.59738907,"XMAX":728344.86160847,"YMAX":8511573.59738907},"geometry":{"type":"Polygon","coordinates":[[[-72.89081208061451,-13.455856505162771],[-72.89081999253054,-13.454952881952373],[-72.89174323230682,-13.454960623786356],[-72.8917353238478,-13.45586424753557],[-72.89081208061451,-13.455856505162771]]]}},{"type":"Feature","properties":{"Cell_ID":140,"Area_ha":1.0,"LC":"3:0.881243,5:0.118757","XMIN":728244.86160847,"YMIN":8511373.59738907,"XMAX":728344.86160847,"YMAX":8511473.59738907},"geometry":{"type":"Polygon","coordinates":[[[-72.89080416811761,-13.456760128303813],[-72.89081208061451,-13.455856505162771],[-72.8917353238478,-13.45586424753557],[-72.89172741480813,-13.45676787121543],[-72.89080416811761,-13.456760128303813]]]}},{"type":"Feature","properties":{"Cell_ID":141,"Area_ha":1.0,"LC":"6:0.436403,9:0.243449,14:0.320147","XMIN":728344.86160847,"YMIN":8512473.59738907,"XMAX":728444.86160847,"YMAX":8512573.59738907},"geometry":{"type":"Polygon","coordinates":[[[-72.88996796554316,-13.446812529571796],[-72.88997587510549,-13.44590890620702],[-72.89089907974513,-13.445916646034362],[-72.89089117363724,-13.446820269938152],[-72.88996796554316,-13.446812529571796]]]}},{"type":"Feature","properties":{"Cell_ID":142,"Area_ha":1.0,"LC":"3:0.062761,9:0.000429,14:0.936810","XMIN":728344.86160847,"YMIN":8512373.59738907,"XMAX":728444.86160847,"YMAX":8512473.59738907},"geometry":{"type":"Polygon","coordinates":[[[-72.88996005539983,-13.44771615286725],[-72.88996796554316,-13.446812529571796],[-72.89089117363724,-13.446820269938152],[-72.89088326694859,-13.44772389377262],[-72.88996005539983,-13.44771615286725]]]}},{"type":"Feature","properties":{"Cell_ID":143,"Area_ha":1.0,"LC":"3:0.918741,14:0.081259","XMIN":728344.86160847,"YMIN":8512273.59738907,"XMAX":728444.86160847,"YMAX":8512373.59738907},"geometry":{"type":"Polygon","coordinates":[[[-72.88995214467545,-13.448619776093373],[-72.88996005539983,-13.44771615286725],[-72.89088326694859,-13.44772389377262],[-72.89087535967917,-13.448627517537767],[-72.88995214467545,-13.448619776093373]]]}},{"type":"Feature","properties":{"Cell_ID":144,"Area_ha":1.0,"LC":"3:1.000000","XMIN":728344.86160847,"YMIN":8512173.59738907,"XMAX":728444.86160847,"YMAX":8512273.59738907},"geometry":{"type":"Polygon","coordinates":[[[-72.88994423337004,-13.44952339925017],[-72.88995214467545,-13.448619776093373],[-72.89087535967917,-13.448627517537767],[-72.89086745182897,-13.449531141233587],[-72.88994423337004,-13.44952339925017]]]}},{"type":"Feature","properties":{"Cell_ID":145,"Area_ha":1.0,"LC":"3:1.000000","XMIN":728344.86160847,"YMIN":8512073.59738907,"XMAX":728444.86160847,"YMAX":8512173.59738907},"geometry":{"type":"Polygon","coordinates":[[[-72.88993632148357,-13.450427022337628],[-72.88994423337004,-13.44952339925017],[-72.89086745182897,-13.449531141233587],[-72.89085954339795,-13.450434764860073],[-72.88993632148357,-13.450427022337628]]]}},{"type":"Feature","properties":{"Cell_ID":146,"Area_ha":1.0,"LC":"3:0.700437,7:0.199304,16:0.100260","XMIN":728344.86160847,"YMIN":8511973.59738907,"XMAX":728444.86160847,"YMAX":8512073.59738907},"geometry":{"type":"Polygon","coordinates":[[[-72.88992840901605,-13.451330645355744],[-72.88993632148357,-13.450427022337628],[-72.89085954339795,-13.450434764860073],[-72.89085163438612,-13.451338388417222],[-72.88992840901605,-13.451330645355744]]]}},{"type":"Feature","properties":{"Cell_ID":147,"Area_ha":1.0,"LC":"5:0.060541,7:0.099727,9:0.400962,16:0.438771","XMIN":728344.86160847,"YMIN":8511873.59738907,"XMAX":728444.86160847,"YMAX":8511973.59738907},"geometry":{"type":"Polygon","coordinates":[[[-72.88992049596744,-13.452234268304522],[-72.88992840901605,-13.451330645355744],[-72.89085163438612,-13.451338388417222],[-72.89084372479348,-13.452242011905032],[-72.88992049596744,-13.452234268304522]]]}},{"type":"Feature","properties":{"Cell_ID":148,"Area_ha":1.0,"LC":"5:0.320429,6:0.415833,9:0.263738","XMIN":728344.86160847,"YMIN":8511773.59738907,"XMAX":728444.86160847,"YMAX":8511873.59738907},"geometry":{"type":"Polygon","coordinates":[[[-72.88991258233776,-13.453137891183944],[-72.88992049596744,-13.452234268304522],[-72.89084372479348,-13.452242011905032],[-72.89083581462002,-13.453145635323494],[-72.88991258233776,-13.453137891183944]]]}},{"type":"Feature","properties":{"Cell_ID":149,"Area_ha":1.0,"LC":"3:0.118061,5:0.538187,6:0.121259,9:0.084025,14:0.138468","XMIN":728344.86160847,"YMIN":8511673.59738907,"XMAX":728444.86160847,"YMAX":8511773.59738907},"geometry":{"type":"Polygon","coordinates":[[[-72.88990466812699,-13.454041513994017],[-72.88991258233776,-13.453137891183944],[-72.89083581462002,-13.453145635323494],[-72.8908279038657,-13.454049258672608],[-72.88990466812699,-13.454041513994017]]]}},{"type":"Feature","properties":{"Cell_ID":150,"Area_ha":1.0,"LC":"3:0.297772,5:0.358905,14:0.343323","XMIN":728344.86160847,"YMIN":8511573.59738907,"XMAX":728444.86160847,"YMAX":8511673.59738907},"geometry":{"type":"Polygon","coordinates":[[[-72.88989675333511,-13.454945136734729],[-72.88990466812699,-13.454041513994017],[-72.8908279038657,-13.454049258672608],[-72.89081999253054,-13.454952881952373],[-72.88989675333511,-13.454945136734729]]]}},{"type":"Feature","properties":{"Cell_ID":151,"Area_ha":1.0,"LC":"3:0.961792,5:0.038061,14:0.000147","XMIN":728344.86160847,"YMIN":8511473.59738907,"XMAX":728444.86160847,"YMAX":8511573.59738907},"geometry":{"type":"Polygon","coordinates":[[[-72.8898888379621,-13.455848759406077],[-72.88989675333511,-13.454945136734729],[-72.89081999253054,-13.454952881952373],[-72.89081208061451,-13.455856505162771],[-72.8898888379621,-13.455848759406077]]]}},{"type":"Feature","properties":{"Cell_ID":152,"Area_ha":1.0,"LC":"3:1.000000","XMIN":728344.86160847,"YMIN":8511373.59738907,"XMAX":728444.86160847,"YMAX":8511473.59738907},"geometry":{"type":"Polygon","coordinates":[[[-72.88988092200798,-13.456752382008064],[-72.8898888379621,-13.455848759406077],[-72.89081208061451,-13.455856505162771],[-72.89080416811761,-13.456760128303813],[-72.88988092200798,-13.456752382008064]]]}},{"type":"Feature","properties":{"Cell_ID":153,"Area_ha":1.0,"LC":"3:0.121229,9:0.458230,14:0.420541","XMIN":728444.86160847,"YMIN":8512473.59738907,"XMAX":728544.86160847,"YMAX":8512573.59738907},"geometry":{"type":"Polygon","coordinates":[[[-72.8890447580301,-13.446804785823911],[-72.88905267104684,-13.445901162998382],[-72.88997587510549,-13.44590890620702],[-72.88996796554316,-13.446812529571796],[-72.8890447580301,-13.446804785823911]]]}},{"type":"Feature","properties":{"Cell_ID":154,"Area_ha":1.0,"LC":"3:0.881243,9:0.000134,14:0.118623","XMIN":728444.86160847,"YMIN":8512373.59738907,"XMAX":728544.86160847,"YMAX":8512473.59738907},"geometry":{"type":"Polygon","coordinates":[[[-72.88903684443208,-13.447708408580112],[-72.8890447580301,-13.446804785823911],[-72.88996796554316,-13.446812529571796],[-72.88996005539983,-13.44771615286725],[-72.88903684443208,-13.447708408580112]]]}},{"type":"Feature","properties":{"Cell_ID":155,"Area_ha":1.0,"LC":"3:1.000000","XMIN":728444.86160847,"YMIN":8512273.59738907,"XMAX":728544.86160847,"YMAX":8512373.59738907},"geometry":{"type":"Polygon","coordinates":[[[-72.88902893025278,-13.44861203126698],[-72.88903684443208,-13.447708408580112],[-72.88996005539983,-13.44771615286725],[-72.88995214467545,-13.448619776093373],[-72.88902893025278,-13.44861203126698]]]}},{"type":"Feature","properties":{"Cell_ID":156,"Area_ha":1.0,"LC":"3:0.596832,9:0.403168","XMIN":728444.86160847,"YMIN":8512173.59738907,"XMAX":728544.86160847,"YMAX":8512273.59738907},"geometry":{"type":"Polygon","coordinates":[[[-72.88902101549216,-13.449515653884516],[-72.88902893025278,-13.44861203126698],[-72.88995214467545,-13.448619776093373],[-72.88994423337004,-13.44952339925017],[-72.88902101549216,-13.449515653884516]]]}},{"type":"Feature","properties":{"Cell_ID":157,"Area_ha":1.0,"LC":"3:0.999290,9:0.000710","XMIN":728444.86160847,"YMIN":8512073.59738907,"XMAX":728544.86160847,"YMAX":8512173.59738907},"geometry":{"type":"Polygon","coordinates":[[[-72.88901310015027,-13.450419276432715],[-72.88902101549216,-13.449515653884516],[-72.88994423337004,-13.44952339925017],[-72.88993632148357,-13.450427022337628],[-72.88901310015027,-13.450419276432715]]]}},{"type":"Feature","properties":{"Cell_ID":158,"Area_ha":1.0,"LC":"3:0.401125,5:0.180407,7:0.339031,9:0.060541,16:0.018897","XMIN":728444.86160847,"YMIN":8511973.59738907,"XMAX":728544.86160847,"YMAX":8512073.59738907},"geometry":{"type":"Polygon","coordinates":[[[-72.88900518422705,-13.451322898911565],[-72.88901310015027,-13.450419276432715],[-72.88993632148357,-13.450427022337628],[-72.88992840901605,-13.451330645355744],[-72.88900518422705,-13.451322898911565]]]}},{"type":"Feature","properties":{"Cell_ID":159,"Area_ha":1.0,"LC":"3:0.040281,5:0.418897,9:0.540688,16:0.000134","XMIN":728444.86160847,"YMIN":8511873.59738907,"XMAX":728544.86160847,"YMAX":8511973.59738907},"geometry":{"type":"Polygon","coordinates":[[[-72.88899726772249,-13.452226521321068],[-72.88900518422705,-13.451322898911565],[-72.88992840901605,-13.451330645355744],[-72.88992049596744,-13.452234268304522],[-72.88899726772249,-13.452226521321068]]]}},{"type":"Feature","properties":{"Cell_ID":160,"Area_ha":1.0,"LC":"5:0.381666,9:0.379459,14:0.238875","XMIN":728444.86160847,"YMIN":8511773.59738907,"XMAX":728544.86160847,"YMAX":8511873.59738907},"geometry":{"type":"Polygon","coordinates":[[[-72.8889893506366,-13.453130143661216],[-72.88899726772249,-13.452226521321068],[-72.88992049596744,-13.452234268304522],[-72.88991258233776,-13.453137891183944],[-72.8889893506366,-13.453130143661216]]]}},{"type":"Feature","properties":{"Cell_ID":161,"Area_ha":1.0,"LC":"9:0.439009,14:0.560991","XMIN":728444.86160847,"YMIN":8511673.59738907,"XMAX":728544.86160847,"YMAX":8511773.59738907},"geometry":{"type":"Polygon","coordinates":[[[-72.88898143296937,-13.45403376593201],[-72.8889893506366,-13.453130143661216],[-72.88991258233776,-13.453137891183944],[-72.88990466812699,-13.454041513994017],[-72.88898143296937,-13.45403376593201]]]}},{"type":"Feature","properties":{"Cell_ID":162,"Area_ha":1.0,"LC":"9:0.545691,14:0.454309","XMIN":728444.86160847,"YMIN":8511573.59738907,"XMAX":728544.86160847,"YMAX":8511673.59738907},"geometry":{"type":"Polygon","coordinates":[[[-72.88897351472079,-13.454937388133443],[-72.88898143296937,-13.45403376593201],[-72.88990466812699,-13.454041513994017],[-72.88989675333511,-13.454945136734729],[-72.88897351472079,-13.454937388133443]]]}},{"type":"Feature","properties":{"Cell_ID":163,"Area_ha":1.0,"LC":"3:0.456529,9:0.343337,14:0.200134","XMIN":728444.86160847,"YMIN":8511473.59738907,"XMAX":728544.86160847,"YMAX":8511573.59738907},"geometry":{"type":"Polygon","coordinates":[[[-72.88896559589081,-13.455841010265502],[-72.88897351472079,-13.454937388133443],[-72.88989675333511,-13.454945136734729],[-72.8898888379621,-13.455848759406077],[-72.88896559589081,-13.455841010265502]]]}},{"type":"Feature","properties":{"Cell_ID":164,"Area_ha":1.0,"LC":"3:0.538334,14:0.461666","XMIN":728444.86160847,"YMIN":8511373.59738907,"XMAX":728544.86160847,"YMAX":8511473.59738907},"geometry":{"type":"Polygon","coordinates":[[[-72.88895767647946,-13.456744632328196],[-72.88896559589081,-13.455841010265502],[-72.8898888379621,-13.455848759406077],[-72.88988092200798,-13.456752382008064],[-72.88895767647946,-13.456744632328196]]]}},{"type":"Feature","properties":{"Cell_ID":165,"Area_ha":1.0,"LC":"3:0.638594,5:0.062908,9:0.140437,14:0.158061","XMIN":728544.86160847,"YMIN":8512473.59738907,"XMAX":728644.86160847,"YMAX":8512573.59738907},"geometry":{"type":"Polygon","coordinates":[[[-72.88812155109831,-13.446797038694505],[-72.88812946756947,-13.445893416408463],[-72.88905267104684,-13.445901162998382],[-72.8890447580301,-13.446804785823911],[-72.88812155109831,-13.446797038694505]]]}},{"type":"Feature","properties":{"Cell_ID":166,"Area_ha":1.0,"LC":"3:1.000000","XMIN":728544.86160847,"YMIN":8512373.59738907,"XMAX":728644.86160847,"YMAX":8512473.59738907},"geometry":{"type":"Polygon","coordinates":[[[-72.88811363404561,-13.447700660911222],[-72.88812155109831,-13.446797038694505],[-72.8890447580301,-13.446804785823911],[-72.88903684443208,-13.447708408580112],[-72.88811363404561,-13.447700660911222]]]}},{"type":"Feature","properties":{"Cell_ID":167,"Area_ha":1.0,"LC":"3:0.838208,14:0.161792","XMIN":728544.86160847,"YMIN":8512273.59738907,"XMAX":728644.86160847,"YMAX":8512373.59738907},"geometry":{"type":"Polygon","coordinates":[[[-72.88810571641139,-13.448604283058598],[-72.88811363404561,-13.447700660911222],[-72.88903684443208,-13.447708408580112],[-72.88902893025278,-13.44861203126698],[-72.88810571641139,-13.448604283058598]]]}},{"type":"Feature","properties":{"Cell_ID":168,"Area_ha":1.0,"LC":"3:0.644989,9:0.354863,14:0.000147","XMIN":728544.86160847,"YMIN":8512173.59738907,"XMAX":728644.86160847,"YMAX":8512273.59738907},"geometry":{"type":"Polygon","coordinates":[[[-72.88809779819562,-13.449507905136642],[-72.88810571641139,-13.448604283058598],[-72.88902893025278,-13.44861203126698],[-72.88902101549216,-13.449515653884516],[-72.88809779819562,-13.449507905136642]]]}},{"type":"Feature","properties":{"Cell_ID":169,"Area_ha":1.0,"LC":"3:0.458334,7:0.260407,9:0.281259","XMIN":728544.86160847,"YMIN":8512073.59738907,"XMAX":728644.86160847,"YMAX":8512173.59738907},"geometry":{"type":"Polygon","coordinates":[[[-72.88808987939828,-13.450411527145341],[-72.88809779819562,-13.449507905136642],[-72.88902101549216,-13.449515653884516],[-72.88901310015027,-13.450419276432715],[-72.88808987939828,-13.450411527145341]]]}},{"type":"Feature","properties":{"Cell_ID":170,"Area_ha":1.0,"LC":"3:0.682783,5:0.238728,7:0.059593,9:0.018897","XMIN":728544.86160847,"YMIN":8511973.59738907,"XMAX":728644.86160847,"YMAX":8512073.59738907},"geometry":{"type":"Polygon","coordinates":[[[-72.88808196001936,-13.451315149084689],[-72.88808987939828,-13.450411527145341],[-72.88901310015027,-13.450419276432715],[-72.88900518422705,-13.451322898911565],[-72.88808196001936,-13.451315149084689]]]}},{"type":"Feature","properties":{"Cell_ID":171,"Area_ha":1.0,"LC":"5:0.505129,9:0.494871","XMIN":728544.86160847,"YMIN":8511873.59738907,"XMAX":728644.86160847,"YMAX":8511973.59738907},"geometry":{"type":"Polygon","coordinates":[[[-72.88807404005888,-13.452218770954683],[-72.88808196001936,-13.451315149084689],[-72.88900518422705,-13.451322898911565],[-72.88899726772249,-13.452226521321068],[-72.88807404005888,-13.452218770954683]]]}},{"type":"Feature","properties":{"Cell_ID":172,"Area_ha":1.0,"LC":"5:0.359052,9:0.640948","XMIN":728544.86160847,"YMIN":8511773.59738907,"XMAX":728644.86160847,"YMAX":8511873.59738907},"geometry":{"type":"Polygon","coordinates":[[[-72.88806611951681,-13.453122392755322],[-72.88807404005888,-13.452218770954683],[-72.88899726772249,-13.452226521321068],[-72.8889893506366,-13.453130143661216],[-72.88806611951681,-13.453122392755322]]]}},{"type":"Feature","properties":{"Cell_ID":173,"Area_ha":1.0,"LC":"2:0.083878,5:0.020822,9:0.756270,14:0.139031","XMIN":728544.86160847,"YMIN":8511673.59738907,"XMAX":728644.86160847,"YMAX":8511773.59738907},"geometry":{"type":"Polygon","coordinates":[[[-72.88805819839311,-13.454026014486601],[-72.88806611951681,-13.453122392755322],[-72.8889893506366,-13.453130143661216],[-72.88898143296937,-13.45403376593201],[-72.88805819839311,-13.454026014486601]]]}},{"type":"Feature","properties":{"Cell_ID":174,"Area_ha":1.0,"LC":"5:0.021117,9:0.978883","XMIN":728544.86160847,"YMIN":8511573.59738907,"XMAX":728644.86160847,"YMAX":8511673.59738907},"geometry":{"type":"Polygon","coordinates":[[[-72.88805027668784,-13.454929636148513],[-72.88805819839311,-13.454026014486601],[-72.88898143296937,-13.45403376593201],[-72.88897351472079,-13.454937388133443],[-72.88805027668784,-13.454929636148513]]]}},{"type":"Feature","properties":{"Cell_ID":175,"Area_ha":1.0,"LC":"3:0.117646,5:0.239438,9:0.642916","XMIN":728544.86160847,"YMIN":8511473.59738907,"XMAX":728644.86160847,"YMAX":8511573.59738907},"geometry":{"type":"Polygon","coordinates":[[[-72.88804235440091,-13.455833257741054],[-72.88805027668784,-13.454929636148513],[-72.88897351472079,-13.454937388133443],[-72.88896559589081,-13.455841010265502],[-72.88804235440091,-13.455833257741054]]]}},{"type":"Feature","properties":{"Cell_ID":176,"Area_ha":1.0,"LC":"3:0.640533,5:0.358771,9:0.000696","XMIN":728644.86160847,"YMIN":8512473.59738907,"XMAX":728744.86160847,"YMAX":8512573.59738907},"geometry":{"type":"Polygon","coordinates":[[[-72.88719834474804,-13.446789288183597],[-72.88720626467361,-13.445885666437267],[-72.88812946756947,-13.445893416408463],[-72.88812155109831,-13.446797038694505],[-72.88719834474804,-13.446789288183597]]]}},{"type":"Feature","properties":{"Cell_ID":177,"Area_ha":1.0,"LC":"3:0.920562,14:0.079438","XMIN":728644.86160847,"YMIN":8512373.59738907,"XMAX":728744.86160847,"YMAX":8512473.59738907},"geometry":{"type":"Polygon","coordinates":[[[-72.8871904242407,-13.447692909860589],[-72.88719834474804,-13.446789288183597],[-72.88812155109831,-13.446797038694505],[-72.88811363404561,-13.447700660911222],[-72.8871904242407,-13.447692909860589]]]}},{"type":"Feature","properties":{"Cell_ID":178,"Area_ha":1.0,"LC":"3:0.337935,5:0.041939,14:0.620126","XMIN":728644.86160847,"YMIN":8512273.59738907,"XMAX":728744.86160847,"YMAX":8512373.59738907},"geometry":{"type":"Polygon","coordinates":[[[-72.88718250315155,-13.448596531468242],[-72.8871904242407,-13.447692909860589],[-72.88811363404561,-13.447700660911222],[-72.88810571641139,-13.448604283058598],[-72.88718250315155,-13.448596531468242]]]}},{"type":"Feature","properties":{"Cell_ID":179,"Area_ha":1.0,"LC":"3:0.897624,14:0.102376","XMIN":728644.86160847,"YMIN":8512173.59738907,"XMAX":728744.86160847,"YMAX":8512273.59738907},"geometry":{"type":"Polygon","coordinates":[[[-72.88717458148061,-13.44950015300655],[-72.88718250315155,-13.448596531468242],[-72.88810571641139,-13.448604283058598],[-72.88809779819562,-13.449507905136642],[-72.88717458148061,-13.44950015300655]]]}},{"type":"Feature","properties":{"Cell_ID":180,"Area_ha":1.0,"LC":"3:0.940969,7:0.059031","XMIN":728644.86160847,"YMIN":8512073.59738907,"XMAX":728744.86160847,"YMAX":8512173.59738907},"geometry":{"type":"Polygon","coordinates":[[[-72.88716665922786,-13.450403774475514],[-72.88717458148061,-13.44950015300655],[-72.88809779819562,-13.449507905136642],[-72.88808987939828,-13.450411527145341],[-72.88716665922786,-13.450403774475514]]]}},{"type":"Feature","properties":{"Cell_ID":181,"Area_ha":1.0,"LC":"3:0.599467,5:0.279023,9:0.121510","XMIN":728644.86160847,"YMIN":8511973.59738907,"XMAX":728744.86160847,"YMAX":8512073.59738907},"geometry":{"type":"Polygon","coordinates":[[[-72.88715873639327,-13.451307395875126],[-72.88716665922786,-13.450403774475514],[-72.88808987939828,-13.450411527145341],[-72.88808196001936,-13.451315149084689],[-72.88715873639327,-13.451307395875126]]]}},{"type":"Feature","properties":{"Cell_ID":182,"Area_ha":1.0,"LC":"5:0.917914,9:0.082086","XMIN":728644.86160847,"YMIN":8511873.59738907,"XMAX":728744.86160847,"YMAX":8511973.59738907},"geometry":{"type":"Polygon","coordinates":[[[-72.88715081297686,-13.45221101720538],[-72.88715873639327,-13.451307395875126],[-72.88808196001936,-13.451315149084689],[-72.88807404005888,-13.452218770954683],[-72.88715081297686,-13.45221101720538]]]}},{"type":"Feature","properties":{"Cell_ID":183,"Area_ha":1.0,"LC":"2:0.503856,5:0.001125,9:0.495019","XMIN":728644.86160847,"YMIN":8511773.59738907,"XMAX":728744.86160847,"YMAX":8511873.59738907},"geometry":{"type":"Polygon","coordinates":[[[-72.8871428889786,-13.453114638466271],[-72.88715081297686,-13.45221101720538],[-72.88807404005888,-13.452218770954683],[-72.88806611951681,-13.453122392755322],[-72.8871428889786,-13.453114638466271]]]}},{"type":"Feature","properties":{"Cell_ID":184,"Area_ha":1.0,"LC":"2:0.639052,5:0.360533,9:0.000415","XMIN":728644.86160847,"YMIN":8511673.59738907,"XMAX":728744.86160847,"YMAX":8511773.59738907},"geometry":{"type":"Polygon","coordinates":[[[-72.88713496439847,-13.454018259657802],[-72.8871428889786,-13.453114638466271],[-72.88806611951681,-13.453122392755322],[-72.88805819839311,-13.454026014486601],[-72.88713496439847,-13.454018259657802]]]}},{"type":"Feature","properties":{"Cell_ID":185,"Area_ha":1.0,"LC":"5:0.081406,9:0.918594","XMIN":728644.86160847,"YMIN":8511573.59738907,"XMAX":728744.86160847,"YMAX":8511673.59738907},"geometry":{"type":"Polygon","coordinates":[[[-72.8871270392365,-13.454921880779962],[-72.88713496439847,-13.454018259657802],[-72.88805819839311,-13.454026014486601],[-72.88805027668784,-13.454929636148513],[-72.8871270392365,-13.454921880779962]]]}},{"type":"Feature","properties":{"Cell_ID":186,"Area_ha":1.0,"LC":"3:0.777624,5:0.222228,14:0.000147","XMIN":728744.86160847,"YMIN":8512473.59738907,"XMAX":728844.86160847,"YMAX":8512573.59738907},"geometry":{"type":"Polygon","coordinates":[[[-72.88627513897957,-13.446781534291185],[-72.88628306235952,-13.44587791308481],[-72.88720626467361,-13.445885666437267],[-72.88719834474804,-13.446789288183597],[-72.88627513897957,-13.446781534291185]]]}},{"type":"Feature","properties":{"Cell_ID":187,"Area_ha":1.0,"LC":"3:0.756832,5:0.243168","XMIN":728744.86160847,"YMIN":8512373.59738907,"XMAX":728844.86160847,"YMAX":8512473.59738907},"geometry":{"type":"Polygon","coordinates":[[[-72.88626721501757,-13.447685155428218],[-72.88627513897957,-13.446781534291185],[-72.88719834474804,-13.446789288183597],[-72.8871904242407,-13.447692909860589],[-72.88626721501757,-13.447685155428218]]]}},{"type":"Feature","properties":{"Cell_ID":188,"Area_ha":1.0,"LC":"3:0.040696,5:0.541117,14:0.418187","XMIN":728744.86160847,"YMIN":8512273.59738907,"XMAX":728844.86160847,"YMAX":8512373.59738907},"geometry":{"type":"Polygon","coordinates":[[[-72.88625929047352,-13.44858877649591],[-72.88626721501757,-13.447685155428218],[-72.8871904242407,-13.447692909860589],[-72.88718250315155,-13.448596531468242],[-72.88625929047352,-13.44858877649591]]]}},{"type":"Feature","properties":{"Cell_ID":189,"Area_ha":1.0,"LC":"3:0.316655,5:0.000562,14:0.682783","XMIN":728744.86160847,"YMIN":8512173.59738907,"XMAX":728844.86160847,"YMAX":8512273.59738907},"geometry":{"type":"Polygon","coordinates":[[[-72.88625136534742,-13.449492397494254],[-72.88625929047352,-13.44858877649591],[-72.88718250315155,-13.448596531468242],[-72.88717458148061,-13.44950015300655],[-72.88625136534742,-13.449492397494254]]]}},{"type":"Feature","properties":{"Cell_ID":190,"Area_ha":1.0,"LC":"3:1.000000","XMIN":728744.86160847,"YMIN":8512073.59738907,"XMAX":728844.86160847,"YMAX":8512173.59738907},"geometry":{"type":"Polygon","coordinates":[[[-72.88624343963926,-13.450396018423248],[-72.88625136534742,-13.449492397494254],[-72.88717458148061,-13.44950015300655],[-72.88716665922786,-13.450403774475514],[-72.88624343963926,-13.450396018423248]]]}},{"type":"Feature","properties":{"Cell_ID":191,"Area_ha":1.0,"LC":"3:0.401406,5:0.220822,9:0.377772","XMIN":728744.86160847,"YMIN":8511973.59738907,"XMAX":728844.86160847,"YMAX":8512073.59738907},"geometry":{"type":"Polygon","coordinates":[[[-72.886235513349,-13.451299639282885],[-72.88624343963926,-13.450396018423248],[-72.88716665922786,-13.450403774475514],[-72.88715873639327,-13.451307395875126],[-72.886235513349,-13.451299639282885]]]}},{"type":"Feature","properties":{"Cell_ID":192,"Area_ha":1.0,"LC":"5:0.560680,9:0.439320","XMIN":728744.86160847,"YMIN":8511873.59738907,"XMAX":728844.86160847,"YMAX":8511973.59738907},"geometry":{"type":"Polygon","coordinates":[[[-72.88622758647668,-13.452203260073164],[-72.886235513349,-13.451299639282885],[-72.88715873639327,-13.451307395875126],[-72.88715081297686,-13.45221101720538],[-72.88622758647668,-13.452203260073164]]]}},{"type":"Feature","properties":{"Cell_ID":193,"Area_ha":1.0,"LC":"2:0.515426,3:0.260969,5:0.223605","XMIN":728744.86160847,"YMIN":8511773.59738907,"XMAX":728844.86160847,"YMAX":8511873.59738907},"geometry":{"type":"Polygon","coordinates":[[[-72.88621965902225,-13.453106880794074],[-72.88622758647668,-13.452203260073164],[-72.88715081297686,-13.45221101720538],[-72.8871428889786,-13.453114638466271],[-72.88621965902225,-13.453106880794074]]]}},{"type":"Feature","properties":{"Cell_ID":194,"Area_ha":1.0,"LC":"2:0.158757,5:0.841243","XMIN":728744.86160847,"YMIN":8511673.59738907,"XMAX":728844.86160847,"YMAX":8511773.59738907},"geometry":{"type":"Polygon","coordinates":[[[-72.8862117309857,-13.454010501445618],[-72.88621965902225,-13.453106880794074],[-72.8871428889786,-13.453114638466271],[-72.88713496439847,-13.454018259657802],[-72.8862117309857,-13.454010501445618]]]}},{"type":"Feature","properties":{"Cell_ID":195,"Area_ha":1.0,"LC":"3:0.136677,5:0.458321,14:0.405003","XMIN":728844.86160847,"YMIN":8512473.59738907,"XMAX":728944.86160847,"YMAX":8512573.59738907},"geometry":{"type":"Polygon","coordinates":[[[-72.88535193379312,-13.446773777017285],[-72.88535986062745,-13.4458701563511],[-72.88628306235952,-13.44587791308481],[-72.88627513897957,-13.446781534291185],[-72.88535193379312,-13.446773777017285]]]}},{"type":"Feature","properties":{"Cell_ID":196,"Area_ha":1.0,"LC":"3:0.019446,5:0.579325,14:0.401229","XMIN":728844.86160847,"YMIN":8512373.59738907,"XMAX":728944.86160847,"YMAX":8512473.59738907},"geometry":{"type":"Polygon","coordinates":[[[-72.88534400637649,-13.447677397614125],[-72.88535193379312,-13.446773777017285],[-72.88627513897957,-13.446781534291185],[-72.88626721501757,-13.447685155428218],[-72.88534400637649,-13.447677397614125]]]}},{"type":"Feature","properties":{"Cell_ID":197,"Area_ha":1.0,"LC":"3:0.020822,5:0.177507,14:0.801671","XMIN":728844.86160847,"YMIN":8512273.59738907,"XMAX":728944.86160847,"YMAX":8512373.59738907},"geometry":{"type":"Polygon","coordinates":[[[-72.88533607837755,-13.44858101814162],[-72.88534400637649,-13.447677397614125],[-72.88626721501757,-13.447685155428218],[-72.88625929047352,-13.44858877649591],[-72.88533607837755,-13.44858101814162]]]}},{"type":"Feature","properties":{"Cell_ID":198,"Area_ha":1.0,"LC":"3:0.701650,14:0.298350","XMIN":728844.86160847,"YMIN":8512173.59738907,"XMAX":728944.86160847,"YMAX":8512273.59738907},"geometry":{"type":"Polygon","coordinates":[[[-72.8853281497963,-13.449484638599767],[-72.88533607837755,-13.44858101814162],[-72.88625929047352,-13.44858877649591],[-72.88625136534742,-13.449492397494254],[-72.8853281497963,-13.449484638599767]]]}},{"type":"Feature","properties":{"Cell_ID":199,"Area_ha":1.0,"LC":"3:1.000000","XMIN":728844.86160847,"YMIN":8512073.59738907,"XMAX":728944.86160847,"YMAX":8512173.59738907},"geometry":{"type":"Polygon","coordinates":[[[-72.88532022063274,-13.450388258988552],[-72.8853281497963,-13.449484638599767],[-72.88625136534742,-13.449492397494254],[-72.88624343963926,-13.450396018423248],[-72.88532022063274,-13.450388258988552]]]}},{"type":"Feature","properties":{"Cell_ID":200,"Area_ha":1.0,"LC":"3:0.260437,5:0.117646,9:0.621917","XMIN":728844.86160847,"YMIN":8511973.59738907,"XMAX":728944.86160847,"YMAX":8512073.59738907},"geometry":{"type":"Polygon","coordinates":[[[-72.88531229088683,-13.451291879307984],[-72.88532022063274,-13.450388258988552],[-72.88624343963926,-13.450396018423248],[-72.886235513349,-13.451299639282885],[-72.88531229088683,-13.451291879307984]]]}},{"type":"Feature","properties":{"Cell_ID":201,"Area_ha":1.0,"LC":"3:0.200667,5:0.516403,9:0.282930","XMIN":728844.86160847,"YMIN":8511873.59738907,"XMAX":728944.86160847,"YMAX":8511973.59738907},"geometry":{"type":"Polygon","coordinates":[[[-72.88530436055859,-13.452195499558044],[-72.88531229088683,-13.451291879307984],[-72.886235513349,-13.451299639282885],[-72.88622758647668,-13.452203260073164],[-72.88530436055859,-13.452195499558044]]]}},{"type":"Feature","properties":{"Cell_ID":202,"Area_ha":1.0,"LC":"2:0.019031,3:0.321272,5:0.659697","XMIN":728844.86160847,"YMIN":8511773.59738907,"XMAX":728944.86160847,"YMAX":8511873.59738907},"geometry":{"type":"Polygon","coordinates":[[[-72.88529642964801,-13.45309911973874],[-72.88530436055859,-13.452195499558044],[-72.88622758647668,-13.452203260073164],[-72.88621965902225,-13.453106880794074],[-72.88529642964801,-13.45309911973874]]]}},{"type":"Feature","properties":{"Cell_ID":203,"Area_ha":1.0,"LC":"5:1.000000","XMIN":728844.86160847,"YMIN":8511673.59738907,"XMAX":728944.86160847,"YMAX":8511773.59738907},"geometry":{"type":"Polygon","coordinates":[[[-72.88528849815505,-13.454002739850063],[-72.88529642964801,-13.45309911973874],[-72.88621965902225,-13.453106880794074],[-72.8862117309857,-13.454010501445618],[-72.88528849815505,-13.454002739850063]]]}},{"type":"Feature","properties":{"Cell_ID":204,"Area_ha":1.0,"LC":"5:0.538468,9:0.221103,13:0.001272,14:0.239156","XMIN":728944.86160847,"YMIN":8512573.59738907,"XMAX":729044.86160847,"YMAX":8512673.59738907},"geometry":{"type":"Polygon","coordinates":[[[-72.88443665947767,-13.445862396236148],[-72.88444458918386,-13.444958776041045],[-72.88536778687953,-13.44496653561558],[-72.88535986062745,-13.4458701563511],[-72.88443665947767,-13.445862396236148]]]}},{"type":"Feature","properties":{"Cell_ID":205,"Area_ha":1.0,"LC":"3:0.219978,5:0.139459,14:0.640562","XMIN":728944.86160847,"YMIN":8512473.59738907,"XMAX":729044.86160847,"YMAX":8512573.59738907},"geometry":{"type":"Polygon","coordinates":[[[-72.88442872918897,-13.446766016361908],[-72.88443665947767,-13.445862396236148],[-72.88535986062745,-13.4458701563511],[-72.88535193379312,-13.446773777017285],[-72.88442872918897,-13.446766016361908]]]}},{"type":"Feature","properties":{"Cell_ID":206,"Area_ha":1.0,"LC":"3:0.503900,5:0.097225,14:0.398875","XMIN":728944.86160847,"YMIN":8512373.59738907,"XMAX":729044.86160847,"YMAX":8512473.59738907},"geometry":{"type":"Polygon","coordinates":[[[-72.88442079831769,-13.447669636418322],[-72.88442872918897,-13.446766016361908],[-72.88535193379312,-13.446773777017285],[-72.88534400637649,-13.447677397614125],[-72.88442079831769,-13.447669636418322]]]}},{"type":"Feature","properties":{"Cell_ID":207,"Area_ha":1.0,"LC":"2:0.060541,3:0.621931,14:0.317528","XMIN":728944.86160847,"YMIN":8512273.59738907,"XMAX":729044.86160847,"YMAX":8512373.59738907},"geometry":{"type":"Polygon","coordinates":[[[-72.88441286686388,-13.44857325640538],[-72.88442079831769,-13.447669636418322],[-72.88534400637649,-13.447677397614125],[-72.88533607837755,-13.44858101814162],[-72.88441286686388,-13.44857325640538]]]}},{"type":"Feature","properties":{"Cell_ID":208,"Area_ha":1.0,"LC":"2:0.501398,3:0.498602","XMIN":728944.86160847,"YMIN":8512173.59738907,"XMAX":729044.86160847,"YMAX":8512273.59738907},"geometry":{"type":"Polygon","coordinates":[[[-72.8844049348275,-13.449476876323088],[-72.88441286686388,-13.44857325640538],[-72.88533607837755,-13.44858101814162],[-72.8853281497963,-13.449484638599767],[-72.8844049348275,-13.449476876323088]]]}},{"type":"Feature","properties":{"Cell_ID":209,"Area_ha":1.0,"LC":"3:0.496144,5:0.443168,9:0.020969,13:0.039719","XMIN":728944.86160847,"YMIN":8512073.59738907,"XMAX":729044.86160847,"YMAX":8512173.59738907},"geometry":{"type":"Polygon","coordinates":[[[-72.88439700220854,-13.450380496171434],[-72.8844049348275,-13.449476876323088],[-72.8853281497963,-13.449484638599767],[-72.88532022063274,-13.450388258988552],[-72.88439700220854,-13.450380496171434]]]}},{"type":"Feature","properties":{"Cell_ID":210,"Area_ha":1.0,"LC":"3:0.040268,5:0.404307,9:0.075988,13:0.479438","XMIN":728944.86160847,"YMIN":8511973.59738907,"XMAX":729044.86160847,"YMAX":8512073.59738907},"geometry":{"type":"Polygon","coordinates":[[[-72.884389069007,-13.45128411595042],[-72.88439700220854,-13.450380496171434],[-72.88532022063274,-13.450388258988552],[-72.88531229088683,-13.451291879307984],[-72.884389069007,-13.45128411595042]]]}},{"type":"Feature","properties":{"Cell_ID":211,"Area_ha":1.0,"LC":"3:0.240014,5:0.600948,9:0.158195,13:0.000844","XMIN":728944.86160847,"YMIN":8511873.59738907,"XMAX":729044.86160847,"YMAX":8511973.59738907},"geometry":{"type":"Polygon","coordinates":[[[-72.88438113522288,-13.452187735660035],[-72.884389069007,-13.45128411595042],[-72.88531229088683,-13.451291879307984],[-72.88530436055859,-13.452195499558044],[-72.88438113522288,-13.452187735660035]]]}},{"type":"Feature","properties":{"Cell_ID":212,"Area_ha":1.0,"LC":"3:0.019164,5:0.980836","XMIN":728944.86160847,"YMIN":8511773.59738907,"XMAX":729044.86160847,"YMAX":8511873.59738907},"geometry":{"type":"Polygon","coordinates":[[[-72.88437320085612,-13.453091355300277],[-72.88438113522288,-13.452187735660035],[-72.88530436055859,-13.452195499558044],[-72.88529642964801,-13.45309911973874],[-72.88437320085612,-13.453091355300277]]]}},{"type":"Feature","properties":{"Cell_ID":213,"Area_ha":1.0,"LC":"5:0.939459,9:0.060541","XMIN":728944.86160847,"YMIN":8511673.59738907,"XMAX":729044.86160847,"YMAX":8511773.59738907},"geometry":{"type":"Polygon","coordinates":[[[-72.88436526590677,-13.453994974871145],[-72.88437320085612,-13.453091355300277],[-72.88529642964801,-13.45309911973874],[-72.88528849815505,-13.454002739850063],[-72.88436526590677,-13.453994974871145]]]}},{"type":"Feature","properties":{"Cell_ID":214,"Area_ha":1.0,"LC":"5:0.019031,9:0.538321,13:0.325003,14:0.117646","XMIN":729044.86160847,"YMIN":8512573.59738907,"XMAX":729144.86160847,"YMAX":8512673.59738907},"geometry":{"type":"Polygon","coordinates":[[[-72.88351345891043,-13.44585463273996],[-72.88352139207073,-13.444951013085516],[-72.88444458918386,-13.444958776041045],[-72.88443665947767,-13.445862396236148],[-72.88351345891043,-13.44585463273996]]]}},{"type":"Feature","properties":{"Cell_ID":215,"Area_ha":1.0,"LC":"3:0.018897,9:0.000991,14:0.980112","XMIN":729044.86160847,"YMIN":8512473.59738907,"XMAX":729144.86160847,"YMAX":8512573.59738907},"geometry":{"type":"Polygon","coordinates":[[[-72.88350552516735,-13.44675825232506],[-72.88351345891043,-13.44585463273996],[-72.88443665947767,-13.445862396236148],[-72.88442872918897,-13.446766016361908],[-72.88350552516735,-13.44675825232506]]]}},{"type":"Feature","properties":{"Cell_ID":216,"Area_ha":1.0,"LC":"3:0.177225,14:0.822775","XMIN":729044.86160847,"YMIN":8512373.59738907,"XMAX":729144.86160847,"YMAX":8512473.59738907},"geometry":{"type":"Polygon","coordinates":[[[-72.88349759084147,-13.447661871840806],[-72.88350552516735,-13.44675825232506],[-72.88442872918897,-13.446766016361908],[-72.88442079831769,-13.447669636418322],[-72.88349759084147,-13.447661871840806]]]}},{"type":"Feature","properties":{"Cell_ID":217,"Area_ha":1.0,"LC":"2:0.018897,3:0.475278,9:0.243449,14:0.262376","XMIN":729044.86160847,"YMIN":8512273.59738907,"XMAX":729144.86160847,"YMAX":8512373.59738907},"geometry":{"type":"Polygon","coordinates":[[[-72.88348965593278,-13.4485654912872],[-72.88349759084147,-13.447661871840806],[-72.88442079831769,-13.447669636418322],[-72.88441286686388,-13.44857325640538],[-72.88348965593278,-13.4485654912872]]]}},{"type":"Feature","properties":{"Cell_ID":218,"Area_ha":1.0,"LC":"2:0.019164,3:0.396832,9:0.584004","XMIN":729044.86160847,"YMIN":8512173.59738907,"XMAX":729144.86160847,"YMAX":8512273.59738907},"geometry":{"type":"Polygon","coordinates":[[[-72.88348172044128,-13.449469110664236],[-72.88348965593278,-13.4485654912872],[-72.88441286686388,-13.44857325640538],[-72.8844049348275,-13.449476876323088],[-72.88348172044128,-13.449469110664236]]]}},{"type":"Feature","properties":{"Cell_ID":219,"Area_ha":1.0,"LC":"3:0.201363,5:0.195707,9:0.602930","XMIN":729044.86160847,"YMIN":8512073.59738907,"XMAX":729144.86160847,"YMAX":8512173.59738907},"geometry":{"type":"Polygon","coordinates":[[[-72.88347378436694,-13.450372729971907],[-72.88348172044128,-13.449469110664236],[-72.8844049348275,-13.449476876323088],[-72.88439700220854,-13.450380496171434],[-72.88347378436694,-13.450372729971907]]]}},{"type":"Feature","properties":{"Cell_ID":220,"Area_ha":1.0,"LC":"3:0.640295,5:0.219446,9:0.079719,13:0.060541","XMIN":729044.86160847,"YMIN":8511973.59738907,"XMAX":729144.86160847,"YMAX":8512073.59738907},"geometry":{"type":"Polygon","coordinates":[[[-72.88346584770977,-13.45127634921021],[-72.88347378436694,-13.450372729971907],[-72.88439700220854,-13.450380496171434],[-72.884389069007,-13.45128411595042],[-72.88346584770977,-13.45127634921021]]]}},{"type":"Feature","properties":{"Cell_ID":221,"Area_ha":1.0,"LC":"3:0.038476,5:0.136677,9:0.824419,13:0.000429","XMIN":729044.86160847,"YMIN":8511873.59738907,"XMAX":729144.86160847,"YMAX":8511973.59738907},"geometry":{"type":"Polygon","coordinates":[[[-72.88345791046974,-13.452179968379143],[-72.88346584770977,-13.45127634921021],[-72.884389069007,-13.45128411595042],[-72.88438113522288,-13.452187735660035],[-72.88345791046974,-13.452179968379143]]]}},{"type":"Feature","properties":{"Cell_ID":222,"Area_ha":1.0,"LC":"5:0.374871,9:0.625129","XMIN":729044.86160847,"YMIN":8511773.59738907,"XMAX":729144.86160847,"YMAX":8511873.59738907},"geometry":{"type":"Polygon","coordinates":[[[-72.88344997264687,-13.453083587478696],[-72.88345791046974,-13.452179968379143],[-72.88438113522288,-13.452187735660035],[-72.88437320085612,-13.453091355300277],[-72.88344997264687,-13.453083587478696]]]}},{"type":"Feature","properties":{"Cell_ID":223,"Area_ha":1.0,"LC":"5:0.718757,9:0.281243","XMIN":729044.86160847,"YMIN":8511673.59738907,"XMAX":729144.86160847,"YMAX":8511773.59738907},"geometry":{"type":"Polygon","coordinates":[[[-72.88344203424111,-13.453987206508874],[-72.88344997264687,-13.453083587478696],[-72.88437320085612,-13.453091355300277],[-72.88436526590677,-13.453994974871145],[-72.88344203424111,-13.453987206508874]]]}},{"type":"Feature","properties":{"Cell_ID":224,"Area_ha":1.0,"LC":"9:0.059325,13:0.940675","XMIN":729144.86160847,"YMIN":8512573.59738907,"XMAX":729244.86160847,"YMAX":8512673.59738907},"geometry":{"type":"Polygon","coordinates":[[[-72.88259025892596,-13.44584686586255],[-72.88259819554037,-13.444943246748995],[-72.88352139207073,-13.444951013085516],[-72.88351345891043,-13.44585463273996],[-72.88259025892596,-13.44584686586255]]]}},{"type":"Feature","properties":{"Cell_ID":225,"Area_ha":1.0,"LC":"9:0.000415,13:0.705129,14:0.294456","XMIN":729144.86160847,"YMIN":8512473.59738907,"XMAX":729244.86160847,"YMAX":8512573.59738907},"geometry":{"type":"Polygon","coordinates":[[[-72.88258232172852,-13.446750484906751],[-72.88259025892596,-13.44584686586255],[-72.88351345891043,-13.44585463273996],[-72.88350552516735,-13.44675825232506],[-72.88258232172852,-13.446750484906751]]]}},{"type":"Feature","properties":{"Cell_ID":226,"Area_ha":1.0,"LC":"9:0.304419,13:0.000710,14:0.694871","XMIN":729144.86160847,"YMIN":8512373.59738907,"XMAX":729244.86160847,"YMAX":8512473.59738907},"geometry":{"type":"Polygon","coordinates":[[[-72.88257438394804,-13.447654103881602],[-72.88258232172852,-13.446750484906751],[-72.88350552516735,-13.44675825232506],[-72.88349759084147,-13.447661871840806],[-72.88257438394804,-13.447654103881602]]]}},{"type":"Feature","properties":{"Cell_ID":227,"Area_ha":1.0,"LC":"9:0.979992,14:0.020008","XMIN":729144.86160847,"YMIN":8512273.59738907,"XMAX":729244.86160847,"YMAX":8512373.59738907},"geometry":{"type":"Polygon","coordinates":[[[-72.88256644558449,-13.44855772278709],[-72.88257438394804,-13.447654103881602],[-72.88349759084147,-13.447661871840806],[-72.88348965593278,-13.4485654912872],[-72.88256644558449,-13.44855772278709]]]}},{"type":"Feature","properties":{"Cell_ID":228,"Area_ha":1.0,"LC":"9:1.000000","XMIN":729144.86160847,"YMIN":8512173.59738907,"XMAX":729244.86160847,"YMAX":8512273.59738907},"geometry":{"type":"Polygon","coordinates":[[[-72.88255850663788,-13.449461341623218],[-72.88256644558449,-13.44855772278709],[-72.88348965593278,-13.4485654912872],[-72.88348172044128,-13.449469110664236],[-72.88255850663788,-13.449461341623218]]]}},{"type":"Feature","properties":{"Cell_ID":229,"Area_ha":1.0,"LC":"3:0.397646,5:0.180260,9:0.422094","XMIN":729144.86160847,"YMIN":8512073.59738907,"XMAX":729244.86160847,"YMAX":8512173.59738907},"geometry":{"type":"Polygon","coordinates":[[[-72.88255056710818,-13.450364960389978],[-72.88255850663788,-13.449461341623218],[-72.88348172044128,-13.449469110664236],[-72.88347378436694,-13.450372729971907],[-72.88255056710818,-13.450364960389978]]]}},{"type":"Feature","properties":{"Cell_ID":230,"Area_ha":1.0,"LC":"3:0.059446,5:0.720710,9:0.000281,13:0.219563","XMIN":729144.86160847,"YMIN":8511973.59738907,"XMAX":729244.86160847,"YMAX":8512073.59738907},"geometry":{"type":"Polygon","coordinates":[[[-72.88254262699539,-13.451268579087369],[-72.88255056710818,-13.450364960389978],[-72.88347378436694,-13.450372729971907],[-72.88346584770977,-13.45127634921021],[-72.88254262699539,-13.451268579087369]]]}},{"type":"Feature","properties":{"Cell_ID":231,"Area_ha":1.0,"LC":"5:0.020822,9:0.434863,13:0.544315","XMIN":729144.86160847,"YMIN":8511873.59738907,"XMAX":729244.86160847,"YMAX":8511973.59738907},"geometry":{"type":"Polygon","coordinates":[[[-72.88253468629948,-13.45217219771538],[-72.88254262699539,-13.451268579087369],[-72.88346584770977,-13.45127634921021],[-72.88345791046974,-13.452179968379143],[-72.88253468629948,-13.45217219771538]]]}},{"type":"Feature","properties":{"Cell_ID":232,"Area_ha":1.0,"LC":"5:0.464566,9:0.535434","XMIN":729144.86160847,"YMIN":8511773.59738907,"XMAX":729244.86160847,"YMAX":8511873.59738907},"geometry":{"type":"Polygon","coordinates":[[[-72.88252674502048,-13.453075816274014],[-72.88253468629948,-13.45217219771538],[-72.88345791046974,-13.452179968379143],[-72.88344997264687,-13.453083587478696],[-72.88252674502048,-13.453075816274014]]]}},{"type":"Feature","properties":{"Cell_ID":233,"Area_ha":1.0,"LC":"5:0.160429,9:0.640415,13:0.199156","XMIN":729144.86160847,"YMIN":8511673.59738907,"XMAX":729244.86160847,"YMAX":8511773.59738907},"geometry":{"type":"Polygon","coordinates":[[[-72.88251880315833,-13.453979434763262],[-72.88252674502048,-13.453075816274014],[-72.88344997264687,-13.453083587478696],[-72.88344203424111,-13.453987206508874],[-72.88251880315833,-13.453979434763262]]]}},{"type":"Feature","properties":{"Cell_ID":234,"Area_ha":1.0,"LC":"5:0.360844,9:0.244440,13:0.394716","XMIN":729244.86160847,"YMIN":8512573.59738907,"XMAX":729344.86160847,"YMAX":8512673.59738907},"geometry":{"type":"Polygon","coordinates":[[[-72.88166705952455,-13.445839095603924],[-72.88167499959303,-13.444935477031498],[-72.88259819554037,-13.444943246748995],[-72.88259025892596,-13.44584686586255],[-72.88166705952455,-13.445839095603924]]]}},{"type":"Feature","properties":{"Cell_ID":235,"Area_ha":1.0,"LC":"9:0.299845,13:0.700155","XMIN":729244.86160847,"YMIN":8512473.59738907,"XMAX":729344.86160847,"YMAX":8512573.59738907},"geometry":{"type":"Polygon","coordinates":[[[-72.88165911887276,-13.446742714106994],[-72.88166705952455,-13.445839095603924],[-72.88259025892596,-13.44584686586255],[-72.88258232172852,-13.446750484906751],[-72.88165911887276,-13.446742714106994]]]}},{"type":"Feature","properties":{"Cell_ID":236,"Area_ha":1.0,"LC":"9:0.799052,13:0.159156,14:0.041792","XMIN":729244.86160847,"YMIN":8512373.59738907,"XMAX":729344.86160847,"YMAX":8512473.59738907},"geometry":{"type":"Polygon","coordinates":[[[-72.88165117763769,-13.447646332540709],[-72.88165911887276,-13.446742714106994],[-72.88258232172852,-13.446750484906751],[-72.88257438394804,-13.447654103881602],[-72.88165117763769,-13.447646332540709]]]}},{"type":"Feature","properties":{"Cell_ID":237,"Area_ha":1.0,"LC":"9:0.454028,13:0.361125,14:0.184847","XMIN":729244.86160847,"YMIN":8512273.59738907,"XMAX":729344.86160847,"YMAX":8512373.59738907},"geometry":{"type":"Polygon","coordinates":[[[-72.8816432358193,-13.44854995090506],[-72.88165117763769,-13.447646332540709],[-72.88257438394804,-13.447654103881602],[-72.88256644558449,-13.44855772278709],[-72.8816432358193,-13.44854995090506]]]}},{"type":"Feature","properties":{"Cell_ID":238,"Area_ha":1.0,"LC":"9:0.999853,14:0.000147","XMIN":729244.86160847,"YMIN":8512173.59738907,"XMAX":729344.86160847,"YMAX":8512273.59738907},"geometry":{"type":"Polygon","coordinates":[[[-72.88163529341756,-13.449453569200044],[-72.8816432358193,-13.44854995090506],[-72.88256644558449,-13.44855772278709],[-72.88255850663788,-13.449461341623218],[-72.88163529341756,-13.449453569200044]]]}},{"type":"Feature","properties":{"Cell_ID":239,"Area_ha":1.0,"LC":"5:0.339711,9:0.660289","XMIN":729244.86160847,"YMIN":8512073.59738907,"XMAX":729344.86160847,"YMAX":8512173.59738907},"geometry":{"type":"Polygon","coordinates":[[[-72.8816273504325,-13.450357187425658],[-72.88163529341756,-13.449453569200044],[-72.88255850663788,-13.449461341623218],[-72.88255056710818,-13.450364960389978],[-72.8816273504325,-13.450357187425658]]]}},{"type":"Feature","properties":{"Cell_ID":240,"Area_ha":1.0,"LC":"5:0.722769,9:0.000147,13:0.277084","XMIN":729244.86160847,"YMIN":8511973.59738907,"XMAX":729344.86160847,"YMAX":8512073.59738907},"geometry":{"type":"Polygon","coordinates":[[[-72.8816194068641,-13.451260805581898],[-72.8816273504325,-13.450357187425658],[-72.88255056710818,-13.450364960389978],[-72.88254262699539,-13.451268579087369],[-72.8816194068641,-13.451260805581898]]]}},{"type":"Feature","properties":{"Cell_ID":241,"Area_ha":1.0,"LC":"5:0.199451,9:0.178749,13:0.621799","XMIN":729244.86160847,"YMIN":8511873.59738907,"XMAX":729344.86160847,"YMAX":8511973.59738907},"geometry":{"type":"Polygon","coordinates":[[[-72.88161146271234,-13.452164423668757],[-72.8816194068641,-13.451260805581898],[-72.88254262699539,-13.451268579087369],[-72.88253468629948,-13.45217219771538],[-72.88161146271234,-13.452164423668757]]]}},{"type":"Feature","properties":{"Cell_ID":242,"Area_ha":1.0,"LC":"5:0.655434,9:0.344419,13:0.000147","XMIN":729244.86160847,"YMIN":8511773.59738907,"XMAX":729344.86160847,"YMAX":8511873.59738907},"geometry":{"type":"Polygon","coordinates":[[[-72.88160351797721,-13.453068041686228],[-72.88161146271234,-13.452164423668757],[-72.88253468629948,-13.45217219771538],[-72.88252674502048,-13.453075816274014],[-72.88160351797721,-13.453068041686228]]]}},{"type":"Feature","properties":{"Cell_ID":243,"Area_ha":1.0,"LC":"9:0.236818,13:0.198594,16:0.564588","XMIN":729344.86160847,"YMIN":8512573.59738907,"XMAX":729444.86160847,"YMAX":8512673.59738907},"geometry":{"type":"Polygon","coordinates":[[[-72.88074386070642,-13.445831321964093],[-72.88075180422899,-13.44492770393303],[-72.88167499959303,-13.444935477031498],[-72.88166705952455,-13.445839095603924],[-72.88074386070642,-13.445831321964093]]]}},{"type":"Feature","properties":{"Cell_ID":244,"Area_ha":1.0,"LC":"9:0.643730,13:0.356270","XMIN":729344.86160847,"YMIN":8512473.59738907,"XMAX":729444.86160847,"YMAX":8512573.59738907},"geometry":{"type":"Polygon","coordinates":[[[-72.88073591660032,-13.446734939925799],[-72.88074386070642,-13.445831321964093],[-72.88166705952455,-13.445839095603924],[-72.88165911887276,-13.446742714106994],[-72.88073591660032,-13.446734939925799]]]}},{"type":"Feature","properties":{"Cell_ID":245,"Area_ha":1.0,"LC":"9:0.337239,13:0.142228,14:0.520533","XMIN":729344.86160847,"YMIN":8512373.59738907,"XMAX":729444.86160847,"YMAX":8512473.59738907},"geometry":{"type":"Polygon","coordinates":[[[-72.88072797191064,-13.447638557818143],[-72.88073591660032,-13.446734939925799],[-72.88165911887276,-13.446742714106994],[-72.88165117763769,-13.447646332540709],[-72.88072797191064,-13.447638557818143]]]}},{"type":"Feature","properties":{"Cell_ID":246,"Area_ha":1.0,"LC":"9:0.020822,14:0.979178","XMIN":729344.86160847,"YMIN":8512273.59738907,"XMAX":729444.86160847,"YMAX":8512373.59738907},"geometry":{"type":"Polygon","coordinates":[[[-72.8807200266374,-13.448542175641117],[-72.88072797191064,-13.447638557818143],[-72.88165117763769,-13.447646332540709],[-72.8816432358193,-13.44854995090506],[-72.8807200266374,-13.448542175641117]]]}},{"type":"Feature","properties":{"Cell_ID":247,"Area_ha":1.0,"LC":"9:0.758741,14:0.241259","XMIN":729344.86160847,"YMIN":8512173.59738907,"XMAX":729444.86160847,"YMAX":8512273.59738907},"geometry":{"type":"Polygon","coordinates":[[[-72.88071208078058,-13.449445793394727],[-72.8807200266374,-13.448542175641117],[-72.8816432358193,-13.44854995090506],[-72.88163529341756,-13.449453569200044],[-72.88071208078058,-13.449445793394727]]]}},{"type":"Feature","properties":{"Cell_ID":248,"Area_ha":1.0,"LC":"3:0.100260,5:0.198061,9:0.701679","XMIN":729344.86160847,"YMIN":8512073.59738907,"XMAX":729444.86160847,"YMAX":8512173.59738907},"geometry":{"type":"Polygon","coordinates":[[[-72.88070413434018,-13.450349411078957],[-72.88071208078058,-13.449445793394727],[-72.88163529341756,-13.449453569200044],[-72.8816273504325,-13.450357187425658],[-72.88070413434018,-13.450349411078957]]]}},{"type":"Feature","properties":{"Cell_ID":249,"Area_ha":1.0,"LC":"3:0.322649,5:0.395988,9:0.000696,13:0.280667","XMIN":729344.86160847,"YMIN":8511973.59738907,"XMAX":729444.86160847,"YMAX":8512073.59738907},"geometry":{"type":"Polygon","coordinates":[[[-72.88069618731618,-13.45125302869381],[-72.88070413434018,-13.450349411078957],[-72.8816273504325,-13.450357187425658],[-72.8816194068641,-13.451260805581898],[-72.88069618731618,-13.45125302869381]]]}},{"type":"Feature","properties":{"Cell_ID":250,"Area_ha":1.0,"LC":"5:0.039986,13:0.960014","XMIN":729344.86160847,"YMIN":8511873.59738907,"XMAX":729444.86160847,"YMAX":8511973.59738907},"geometry":{"type":"Polygon","coordinates":[[[-72.88068823970855,-13.452156646239276],[-72.88069618731618,-13.45125302869381],[-72.8816194068641,-13.451260805581898],[-72.88161146271234,-13.452164423668757],[-72.88068823970855,-13.452156646239276]]]}},{"type":"Feature","properties":{"Cell_ID":251,"Area_ha":1.0,"LC":"5:0.282086,9:0.716655,13:0.001259","XMIN":729344.86160847,"YMIN":8511773.59738907,"XMAX":729444.86160847,"YMAX":8511873.59738907},"geometry":{"type":"Polygon","coordinates":[[[-72.88068029151731,-13.45306026371536],[-72.88068823970855,-13.452156646239276],[-72.88161146271234,-13.452164423668757],[-72.88160351797721,-13.453068041686228],[-72.88068029151731,-13.45306026371536]]]}},{"type":"Feature","properties":{"Cell_ID":252,"Area_ha":1.0,"LC":"5:0.223618,13:0.018897,16:0.757485","XMIN":729444.86160847,"YMIN":8512573.59738907,"XMAX":729544.86160847,"YMAX":8512673.59738907},"geometry":{"type":"Polygon","coordinates":[[[-72.87982066247184,-13.44582354494307],[-72.87982860944848,-13.444919927453606],[-72.88075180422899,-13.44492770393303],[-72.88074386070642,-13.445831321964093],[-72.87982066247184,-13.44582354494307]]]}},{"type":"Feature","properties":{"Cell_ID":253,"Area_ha":1.0,"LC":"9:0.475145,13:0.000134,14:0.060541,16:0.464181","XMIN":729444.86160847,"YMIN":8512473.59738907,"XMAX":729544.86160847,"YMAX":8512573.59738907},"geometry":{"type":"Polygon","coordinates":[[[-72.87981271491141,-13.446727162363175],[-72.87982066247184,-13.44582354494307],[-72.88074386070642,-13.445831321964093],[-72.88073591660032,-13.446734939925799],[-72.87981271491141,-13.446727162363175]]]}},{"type":"Feature","properties":{"Cell_ID":254,"Area_ha":1.0,"LC":"9:0.200977,13:0.019031,14:0.779992","XMIN":729444.86160847,"YMIN":8512373.59738907,"XMAX":729544.86160847,"YMAX":8512473.59738907},"geometry":{"type":"Polygon","coordinates":[[[-72.87980476676717,-13.447630779713911],[-72.87981271491141,-13.446727162363175],[-72.88073591660032,-13.446734939925799],[-72.88072797191064,-13.447638557818143],[-72.87980476676717,-13.447630779713911]]]}},{"type":"Feature","properties":{"Cell_ID":255,"Area_ha":1.0,"LC":"9:0.602472,14:0.397528","XMIN":729444.86160847,"YMIN":8512273.59738907,"XMAX":729544.86160847,"YMAX":8512373.59738907},"geometry":{"type":"Polygon","coordinates":[[[-72.8797968180391,-13.448534396995276],[-72.87980476676717,-13.447630779713911],[-72.88072797191064,-13.447638557818143],[-72.8807200266374,-13.448542175641117],[-72.8797968180391,-13.448534396995276]]]}},{"type":"Feature","properties":{"Cell_ID":256,"Area_ha":1.0,"LC":"5:0.201229,9:0.798771","XMIN":729444.86160847,"YMIN":8512173.59738907,"XMAX":729544.86160847,"YMAX":8512273.59738907},"geometry":{"type":"Polygon","coordinates":[[[-72.8797888687272,-13.44943801420727],[-72.8797968180391,-13.448534396995276],[-72.8807200266374,-13.448542175641117],[-72.88071208078058,-13.449445793394727],[-72.8797888687272,-13.44943801420727]]]}},{"type":"Feature","properties":{"Cell_ID":257,"Area_ha":1.0,"LC":"3:0.058616,5:0.402649,9:0.276818,13:0.261917","XMIN":729444.86160847,"YMIN":8512073.59738907,"XMAX":729544.86160847,"YMAX":8512173.59738907},"geometry":{"type":"Polygon","coordinates":[[[-72.87978091883146,-13.45034163134988],[-72.8797888687272,-13.44943801420727],[-72.88071208078058,-13.449445793394727],[-72.88070413434018,-13.450349411078957],[-72.87978091883146,-13.45034163134988]]]}},{"type":"Feature","properties":{"Cell_ID":258,"Area_ha":1.0,"LC":"3:0.078476,5:0.019031,13:0.902493","XMIN":729444.86160847,"YMIN":8511973.59738907,"XMAX":729544.86160847,"YMAX":8512073.59738907},"geometry":{"type":"Polygon","coordinates":[[[-72.87977296835186,-13.451245248423117],[-72.87978091883146,-13.45034163134988],[-72.88070413434018,-13.450349411078957],[-72.88069618731618,-13.45125302869381],[-72.87977296835186,-13.451245248423117]]]}},{"type":"Feature","properties":{"Cell_ID":259,"Area_ha":1.0,"LC":"5:0.138053,9:0.039719,13:0.822228","XMIN":729444.86160847,"YMIN":8511873.59738907,"XMAX":729544.86160847,"YMAX":8511973.59738907},"geometry":{"type":"Polygon","coordinates":[[[-72.87976501728839,-13.452148865426956],[-72.87977296835186,-13.451245248423117],[-72.88069618731618,-13.45125302869381],[-72.88068823970855,-13.452156646239276],[-72.87976501728839,-13.452148865426956]]]}},{"type":"Feature","properties":{"Cell_ID":260,"Area_ha":1.0,"LC":"5:0.257507,16:0.742493","XMIN":729544.86160847,"YMIN":8512573.59738907,"XMAX":729644.86160847,"YMAX":8512673.59738907},"geometry":{"type":"Polygon","coordinates":[[[-72.87889746482107,-13.44581576454086],[-72.87890541525175,-13.444912147593232],[-72.87982860944848,-13.444919927453606],[-72.87982066247184,-13.44582354494307],[-72.87889746482107,-13.44581576454086]]]}},{"type":"Feature","properties":{"Cell_ID":261,"Area_ha":1.0,"LC":"9:0.199571,14:0.138053,16:0.662376","XMIN":729544.86160847,"YMIN":8512473.59738907,"XMAX":729644.86160847,"YMAX":8512573.59738907},"geometry":{"type":"Polygon","coordinates":[[[-72.87888951380633,-13.446719381419129],[-72.87889746482107,-13.44581576454086],[-72.87982066247184,-13.44582354494307],[-72.87981271491141,-13.446727162363175],[-72.87888951380633,-13.446719381419129]]]}},{"type":"Feature","properties":{"Cell_ID":262,"Area_ha":1.0,"LC":"9:0.000429,14:0.999571","XMIN":729544.86160847,"YMIN":8512373.59738907,"XMAX":729644.86160847,"YMAX":8512473.59738907},"geometry":{"type":"Polygon","coordinates":[[[-72.87888156220751,-13.447622998228024],[-72.87888951380633,-13.446719381419129],[-72.87981271491141,-13.446727162363175],[-72.87980476676717,-13.447630779713911],[-72.87888156220751,-13.447622998228024]]]}},{"type":"Feature","properties":{"Cell_ID":263,"Area_ha":1.0,"LC":"9:0.998594,14:0.001406","XMIN":729544.86160847,"YMIN":8512273.59738907,"XMAX":729644.86160847,"YMAX":8512373.59738907},"geometry":{"type":"Polygon","coordinates":[[[-72.87887361002461,-13.448526614967545],[-72.87888156220751,-13.447622998228024],[-72.87980476676717,-13.447630779713911],[-72.8797968180391,-13.448534396995276],[-72.87887361002461,-13.448526614967545]]]}},{"type":"Feature","properties":{"Cell_ID":264,"Area_ha":1.0,"LC":"5:0.418616,9:0.319467,13:0.261917","XMIN":729544.86160847,"YMIN":8512173.59738907,"XMAX":729644.86160847,"YMAX":8512273.59738907},"geometry":{"type":"Polygon","coordinates":[[[-72.87886565725765,-13.44943023163769],[-72.87887361002461,-13.448526614967545],[-72.8797968180391,-13.448534396995276],[-72.8797888687272,-13.44943801420727],[-72.87886565725765,-13.44943023163769]]]}},{"type":"Feature","properties":{"Cell_ID":265,"Area_ha":1.0,"LC":"5:0.078476,13:0.921524","XMIN":729544.86160847,"YMIN":8512073.59738907,"XMAX":729644.86160847,"YMAX":8512173.59738907},"geometry":{"type":"Polygon","coordinates":[[[-72.87885770390658,-13.450333848238447],[-72.87886565725765,-13.44943023163769],[-72.8797888687272,-13.44943801420727],[-72.87978091883146,-13.45034163134988],[-72.87885770390658,-13.450333848238447]]]}},{"type":"Feature","properties":{"Cell_ID":266,"Area_ha":1.0,"LC":"13:1.000000","XMIN":729544.86160847,"YMIN":8511973.59738907,"XMAX":729644.86160847,"YMAX":8512073.59738907},"geometry":{"type":"Polygon","coordinates":[[[-72.87884974997141,-13.451237464769822],[-72.87885770390658,-13.450333848238447],[-72.87978091883146,-13.45034163134988],[-72.87977296835186,-13.451245248423117],[-72.87884974997141,-13.451237464769822]]]}},{"type":"Feature","properties":{"Cell_ID":267,"Area_ha":1.0,"LC":"9:0.100822,13:0.084025,16:0.815153","XMIN":729644.86160847,"YMIN":8512573.59738907,"XMAX":729744.86160847,"YMAX":8512673.59738907},"geometry":{"type":"Polygon","coordinates":[[[-72.87797426775435,-13.445807980757479],[-72.87798222163909,-13.444904364351917],[-72.87890541525175,-13.444912147593232],[-72.87889746482107,-13.44581576454086],[-72.87797426775435,-13.445807980757479]]]}},{"type":"Feature","properties":{"Cell_ID":268,"Area_ha":1.0,"LC":"9:0.522900,16:0.477100","XMIN":729644.86160847,"YMIN":8512473.59738907,"XMAX":729744.86160847,"YMAX":8512573.59738907},"geometry":{"type":"Polygon","coordinates":[[[-72.87796631328528,-13.446711597093673],[-72.87797426775435,-13.445807980757479],[-72.87889746482107,-13.44581576454086],[-72.87888951380633,-13.446719381419129],[-72.87796631328528,-13.446711597093673]]]}},{"type":"Feature","properties":{"Cell_ID":269,"Area_ha":1.0,"LC":"9:0.425262,14:0.574738","XMIN":729644.86160847,"YMIN":8512373.59738907,"XMAX":729744.86160847,"YMAX":8512473.59738907},"geometry":{"type":"Polygon","coordinates":[[[-72.87795835823194,-13.44761521336049],[-72.87796631328528,-13.446711597093673],[-72.87888951380633,-13.446719381419129],[-72.87888156220751,-13.447622998228024],[-72.87795835823194,-13.44761521336049]]]}},{"type":"Feature","properties":{"Cell_ID":270,"Area_ha":1.0,"LC":"9:0.999585,14:0.000415","XMIN":729644.86160847,"YMIN":8512273.59738907,"XMAX":729744.86160847,"YMAX":8512373.59738907},"geometry":{"type":"Polygon","coordinates":[[[-72.87795040259424,-13.448518829557932],[-72.87795835823194,-13.44761521336049],[-72.87888156220751,-13.447622998228024],[-72.87887361002461,-13.448526614967545],[-72.87795040259424,-13.448518829557932]]]}},{"type":"Feature","properties":{"Cell_ID":271,"Area_ha":1.0,"LC":"5:0.059031,9:0.382376,13:0.558594","XMIN":729644.86160847,"YMIN":8512173.59738907,"XMAX":729744.86160847,"YMAX":8512273.59738907},"geometry":{"type":"Polygon","coordinates":[[[-72.8779424463722,-13.449422445685991],[-72.87795040259424,-13.448518829557932],[-72.87887361002461,-13.448526614967545],[-72.87886565725765,-13.44943023163769],[-72.8779424463722,-13.449422445685991]]]}},{"type":"Feature","properties":{"Cell_ID":272,"Area_ha":1.0,"LC":"9:0.039719,13:0.960281","XMIN":729644.86160847,"YMIN":8512073.59738907,"XMAX":729744.86160847,"YMAX":8512173.59738907},"geometry":{"type":"Polygon","coordinates":[[[-72.87793448956582,-13.450326061744663],[-72.8779424463722,-13.449422445685991],[-72.87886565725765,-13.44943023163769],[-72.87885770390658,-13.450333848238447],[-72.87793448956582,-13.450326061744663]]]}},{"type":"Feature","properties":{"Cell_ID":273,"Area_ha":1.0,"LC":"9:0.304419,13:0.695581","XMIN":729644.86160847,"YMIN":8511973.59738907,"XMAX":729744.86160847,"YMAX":8512073.59738907},"geometry":{"type":"Polygon","coordinates":[[[-72.87792653217507,-13.451229677733943],[-72.87793448956582,-13.450326061744663],[-72.87885770390658,-13.450333848238447],[-72.87884974997141,-13.451237464769822],[-72.87792653217507,-13.451229677733943]]]}},{"type":"Feature","properties":{"Cell_ID":274,"Area_ha":1.0,"LC":"5:0.020008,9:0.537092,13:0.442900","XMIN":729744.86160847,"YMIN":8512673.59738907,"XMAX":729844.86160847,"YMAX":8512773.59738907},"geometry":{"type":"Polygon","coordinates":[[[-72.8770590286107,-13.444896577729676],[-72.87706698536492,-13.44399296179705],[-72.87799017493951,-13.444000747876993],[-72.87798222163909,-13.444904364351917],[-72.8770590286107,-13.444896577729676]]]}},{"type":"Feature","properties":{"Cell_ID":275,"Area_ha":1.0,"LC":"9:0.300126,13:0.699874","XMIN":729744.86160847,"YMIN":8512573.59738907,"XMAX":729844.86160847,"YMAX":8512673.59738907},"geometry":{"type":"Polygon","coordinates":[[[-72.87705107127194,-13.445800193592932],[-72.8770590286107,-13.444896577729676],[-72.87798222163909,-13.444904364351917],[-72.87797426775435,-13.445807980757479],[-72.87705107127194,-13.445800193592932]]]}},{"type":"Feature","properties":{"Cell_ID":276,"Area_ha":1.0,"LC":"9:0.654738,13:0.021384,18:0.323878","XMIN":729744.86160847,"YMIN":8512473.59738907,"XMAX":729844.86160847,"YMAX":8512573.59738907},"geometry":{"type":"Polygon","coordinates":[[[-72.87704311334859,-13.446703809386818],[-72.87705107127194,-13.445800193592932],[-72.87797426775435,-13.445807980757479],[-72.87796631328528,-13.446711597093673],[-72.87704311334859,-13.446703809386818]]]}},{"type":"Feature","properties":{"Cell_ID":277,"Area_ha":1.0,"LC":"9:0.637914,13:0.362086","XMIN":729744.86160847,"YMIN":8512373.59738907,"XMAX":729844.86160847,"YMAX":8512473.59738907},"geometry":{"type":"Polygon","coordinates":[[[-72.87703515484067,-13.447607425111324],[-72.87704311334859,-13.446703809386818],[-72.87796631328528,-13.446711597093673],[-72.87795835823194,-13.44761521336049],[-72.87703515484067,-13.447607425111324]]]}},{"type":"Feature","properties":{"Cell_ID":278,"Area_ha":1.0,"LC":"9:0.979178,13:0.020822","XMIN":729744.86160847,"YMIN":8512273.59738907,"XMAX":729844.86160847,"YMAX":8512373.59738907},"geometry":{"type":"Polygon","coordinates":[[[-72.87702719574818,-13.448511040766448],[-72.87703515484067,-13.447607425111324],[-72.87795835823194,-13.44761521336049],[-72.87795040259424,-13.448518829557932],[-72.87702719574818,-13.448511040766448]]]}},{"type":"Feature","properties":{"Cell_ID":279,"Area_ha":1.0,"LC":"9:0.319320,13:0.680680","XMIN":729744.86160847,"YMIN":8512173.59738907,"XMAX":729844.86160847,"YMAX":8512273.59738907},"geometry":{"type":"Polygon","coordinates":[[[-72.8770192360711,-13.449414656352186],[-72.87702719574818,-13.448511040766448],[-72.87795040259424,-13.448518829557932],[-72.8779424463722,-13.449422445685991],[-72.8770192360711,-13.449414656352186]]]}},{"type":"Feature","properties":{"Cell_ID":280,"Area_ha":1.0,"LC":"13:1.000000","XMIN":729744.86160847,"YMIN":8512073.59738907,"XMAX":729844.86160847,"YMAX":8512173.59738907},"geometry":{"type":"Polygon","coordinates":[[[-72.87701127580942,-13.450318271868536],[-72.8770192360711,-13.449414656352186],[-72.8779424463722,-13.449422445685991],[-72.87793448956582,-13.450326061744663],[-72.87701127580942,-13.450318271868536]]]}},{"type":"Feature","properties":{"Cell_ID":281,"Area_ha":1.0,"LC":"9:0.020969,13:0.979031","XMIN":729844.86160847,"YMIN":8512673.59738907,"XMAX":729944.86160847,"YMAX":8512773.59738907},"geometry":{"type":"Polygon","coordinates":[[[-72.87613583616688,-13.444888787726514],[-72.87614379637488,-13.443985172336422],[-72.87706698536492,-13.44399296179705],[-72.8770590286107,-13.444896577729676],[-72.87613583616688,-13.444888787726514]]]}},{"type":"Feature","properties":{"Cell_ID":282,"Area_ha":1.0,"LC":"9:0.377624,13:0.622376","XMIN":729844.86160847,"YMIN":8512573.59738907,"XMAX":729944.86160847,"YMAX":8512673.59738907},"geometry":{"type":"Polygon","coordinates":[[[-72.87612787537408,-13.445792403047232],[-72.87613583616688,-13.444888787726514],[-72.8770590286107,-13.444896577729676],[-72.87705107127194,-13.445800193592932],[-72.87612787537408,-13.445792403047232]]]}},{"type":"Feature","properties":{"Cell_ID":283,"Area_ha":1.0,"LC":"9:0.665262,13:0.058616,18:0.276122","XMIN":729844.86160847,"YMIN":8512473.59738907,"XMAX":729944.86160847,"YMAX":8512573.59738907},"geometry":{"type":"Polygon","coordinates":[[[-72.87611991399646,-13.446696018298574],[-72.87612787537408,-13.445792403047232],[-72.87705107127194,-13.445800193592932],[-72.87704311334859,-13.446703809386818],[-72.87611991399646,-13.446696018298574]]]}},{"type":"Feature","properties":{"Cell_ID":284,"Area_ha":1.0,"LC":"5:0.062908,9:0.898616,13:0.038476","XMIN":729844.86160847,"YMIN":8512373.59738907,"XMAX":729944.86160847,"YMAX":8512473.59738907},"geometry":{"type":"Polygon","coordinates":[[[-72.87611195203402,-13.447599633480529],[-72.87611991399646,-13.446696018298574],[-72.87704311334859,-13.446703809386818],[-72.87703515484067,-13.447607425111324],[-72.87611195203402,-13.447599633480529]]]}},{"type":"Feature","properties":{"Cell_ID":285,"Area_ha":1.0,"LC":"9:0.941384,13:0.058616","XMIN":729844.86160847,"YMIN":8512273.59738907,"XMAX":729944.86160847,"YMAX":8512373.59738907},"geometry":{"type":"Polygon","coordinates":[[[-72.87610398948674,-13.448503248593102],[-72.87611195203402,-13.447599633480529],[-72.87703515484067,-13.447607425111324],[-72.87702719574818,-13.448511040766448],[-72.87610398948674,-13.448503248593102]]]}},{"type":"Feature","properties":{"Cell_ID":286,"Area_ha":1.0,"LC":"5:0.060541,9:0.301679,13:0.637780","XMIN":729844.86160847,"YMIN":8512173.59738907,"XMAX":729944.86160847,"YMAX":8512273.59738907},"geometry":{"type":"Polygon","coordinates":[[[-72.8760960263546,-13.449406863636284],[-72.87610398948674,-13.448503248593102],[-72.87702719574818,-13.448511040766448],[-72.8770192360711,-13.449414656352186],[-72.8760960263546,-13.449406863636284]]]}},{"type":"Feature","properties":{"Cell_ID":287,"Area_ha":1.0,"LC":"9:0.120857,13:0.438476,18:0.440667","XMIN":729944.86160847,"YMIN":8512573.59738907,"XMAX":730044.86160847,"YMAX":8512673.59738907},"geometry":{"type":"Polygon","coordinates":[[[-72.87520468006103,-13.445784609120384],[-72.87521264430785,-13.444880994342443],[-72.87613583616688,-13.444888787726514],[-72.87612787537408,-13.445792403047232],[-72.87520468006103,-13.445784609120384]]]}},{"type":"Feature","properties":{"Cell_ID":288,"Area_ha":1.0,"LC":"5:0.060541,9:0.576248,18:0.363211","XMIN":729944.86160847,"YMIN":8512473.59738907,"XMAX":730044.86160847,"YMAX":8512573.59738907},"geometry":{"type":"Polygon","coordinates":[[[-72.87519671522915,-13.446688223828945],[-72.87520468006103,-13.445784609120384],[-72.87612787537408,-13.445792403047232],[-72.87611991399646,-13.446696018298574],[-72.87519671522915,-13.446688223828945]]]}},{"type":"Feature","properties":{"Cell_ID":289,"Area_ha":1.0,"LC":"5:0.820126,6:0.020969,9:0.158905","XMIN":729944.86160847,"YMIN":8512373.59738907,"XMAX":730044.86160847,"YMAX":8512473.59738907},"geometry":{"type":"Polygon","coordinates":[[[-72.8751887498122,-13.447591838468119],[-72.87519671522915,-13.446688223828945],[-72.87611991399646,-13.446696018298574],[-72.87611195203402,-13.447599633480529],[-72.8751887498122,-13.447591838468119]]]}},{"type":"Feature","properties":{"Cell_ID":290,"Area_ha":1.0,"LC":"5:0.504181,9:0.495819","XMIN":729944.86160847,"YMIN":8512273.59738907,"XMAX":730044.86160847,"YMAX":8512373.59738907},"geometry":{"type":"Polygon","coordinates":[[[-72.87518078381012,-13.448495453037907],[-72.8751887498122,-13.447591838468119],[-72.87611195203402,-13.447599633480529],[-72.87610398948674,-13.448503248593102],[-72.87518078381012,-13.448495453037907]]]}},{"type":"Feature","properties":{"Cell_ID":291,"Area_ha":1.0,"LC":"5:0.515560,6:0.299874,7:0.063337,9:0.121229","XMIN":730044.86160847,"YMIN":8512373.59738907,"XMAX":730144.86160847,"YMAX":8512473.59738907},"geometry":{"type":"Polygon","coordinates":[[[-72.87426554817544,-13.447584040074107],[-72.87427351704693,-13.44668042597795],[-72.87519671522915,-13.446688223828945],[-72.8751887498122,-13.447591838468119],[-72.87426554817544,-13.447584040074107]]]}}]}