{"type":"FeatureCollection","features":[{"type":"Feature","properties":{"Cell_ID":1,"Area_ha":1.0,"LC":"13:1.000000","XMIN":722844.86160847,"YMIN":8509613.59738907,"XMAX":722944.86160847,"YMAX":8509713.59738907},"geometry":{"type":"Polygon","coordinates":[[[-72.94052424721863,-13.473077664708974],[-72.94053198299376,-13.472174014026502],[-72.94145531811152,-13.472181582914574],[-72.94144758579864,-13.473085234123218],[-72.94052424721863,-13.473077664708974]]]}},{"type":"Feature","properties":{"Cell_ID":2,"Area_ha":1.0,"LC":"9:0.462094,14:0.537906","XMIN":722844.86160847,"YMIN":8507013.59738907,"XMAX":722944.86160847,"YMAX":8507113.59738907},"geometry":{"type":"Polygon","coordinates":[[[-72.94032291789276,-13.496572558138498],[-72.94033066842249,-13.49566890925759],[-72.94125409364152,-13.495676491827323],[-72.94124634658064,-13.496580141234501],[-72.94032291789276,-13.496572558138498]]]}},{"type":"Feature","properties":{"Cell_ID":3,"Area_ha":1.0,"LC":"9:0.121510,13:0.878490","XMIN":722944.86160847,"YMIN":8509613.59738907,"XMAX":723044.86160847,"YMAX":8509713.59738907},"geometry":{"type":"Polygon","coordinates":[[[-72.93960090920596,-13.473070091905928],[-72.93960864844337,-13.47216644174986],[-72.94053198299376,-13.472174014026502],[-72.94052424721863,-13.473077664708974],[-72.93960090920596,-13.473070091905928]]]}},{"type":"Feature","properties":{"Cell_ID":4,"Area_ha":1.0,"LC":"9:0.040429,13:0.959571","XMIN":722944.86160847,"YMIN":8509513.59738907,"XMAX":723044.86160847,"YMAX":8509613.59738907},"geometry":{"type":"Polygon","coordinates":[[[-72.93959316940098,-13.473973741992756],[-72.93960090920596,-13.473070091905928],[-72.94052424721863,-13.473077664708974],[-72.94051651087614,-13.473981315322208],[-72.93959316940098,-13.473973741992756]]]}},{"type":"Feature","properties":{"Cell_ID":5,"Area_ha":1.0,"LC":"5:0.119156,9:0.519438,13:0.361406","XMIN":722944.86160847,"YMIN":8509413.59738907,"XMAX":723044.86160847,"YMAX":8509513.59738907},"geometry":{"type":"Polygon","coordinates":[[[-72.93958542902836,-13.47487739201034],[-72.93959316940098,-13.473973741992756],[-72.94051651087614,-13.473981315322208],[-72.94050877396627,-13.474884965866206],[-72.93958542902836,-13.47487739201034]]]}},{"type":"Feature","properties":{"Cell_ID":6,"Area_ha":1.0,"LC":"5:0.742761,9:0.160562,13:0.096677","XMIN":722944.86160847,"YMIN":8509313.59738907,"XMAX":723044.86160847,"YMAX":8509413.59738907},"geometry":{"type":"Polygon","coordinates":[[[-72.93957768808811,-13.475781041958673],[-72.93958542902836,-13.47487739201034],[-72.94050877396627,-13.474884965866206],[-72.94050103648902,-13.475788616340955],[-72.93957768808811,-13.475781041958673]]]}},{"type":"Feature","properties":{"Cell_ID":7,"Area_ha":1.0,"LC":"9:0.499044,13:0.302908,14:0.198047","XMIN":722944.86160847,"YMIN":8507213.59738907,"XMAX":723044.86160847,"YMAX":8507313.59738907},"geometry":{"type":"Polygon","coordinates":[[[-72.93941499720184,-13.494757674869419],[-72.9394227500647,-13.493854026376326],[-72.94034616777917,-13.493861611287747],[-72.94033841838463,-13.49476526030734],[-72.93941499720184,-13.494757674869419]]]}},{"type":"Feature","properties":{"Cell_ID":8,"Area_ha":1.0,"LC":"9:0.762354,14:0.237646","XMIN":722944.86160847,"YMIN":8507113.59738907,"XMAX":723044.86160847,"YMAX":8507213.59738907},"geometry":{"type":"Polygon","coordinates":[[[-72.9394072437711,-13.495661323293172],[-72.93941499720184,-13.494757674869419],[-72.94033841838463,-13.49476526030734],[-72.94033066842249,-13.49566890925759],[-72.9394072437711,-13.495661323293172]]]}},{"type":"Feature","properties":{"Cell_ID":9,"Area_ha":1.0,"LC":"3:0.020969,9:0.019593,14:0.959438","XMIN":722944.86160847,"YMIN":8507013.59738907,"XMAX":723044.86160847,"YMAX":8507113.59738907},"geometry":{"type":"Polygon","coordinates":[[[-72.9393994897725,-13.496564971647574],[-72.9394072437711,-13.495661323293172],[-72.94033066842249,-13.49566890925759],[-72.94032291789276,-13.496572558138498],[-72.9393994897725,-13.496564971647574]]]}},{"type":"Feature","properties":{"Cell_ID":10,"Area_ha":1.0,"LC":"9:0.278728,14:0.721272","XMIN":722944.86160847,"YMIN":8506913.59738907,"XMAX":723044.86160847,"YMAX":8507013.59738907},"geometry":{"type":"Polygon","coordinates":[[[-72.93939173520603,-13.497468619932624],[-72.9393994897725,-13.496564971647574],[-72.94032291789276,-13.496572558138498],[-72.94031516679539,-13.49747620695006],[-72.93939173520603,-13.497468619932624]]]}},{"type":"Feature","properties":{"Cell_ID":11,"Area_ha":1.0,"LC":"9:0.461532,14:0.538468","XMIN":722944.86160847,"YMIN":8506813.59738907,"XMAX":723044.86160847,"YMAX":8506913.59738907},"geometry":{"type":"Polygon","coordinates":[[[-72.93938398007167,-13.498372268148316],[-72.93939173520603,-13.497468619932624],[-72.94031516679539,-13.49747620695006],[-72.94030741513039,-13.49837985569226],[-72.93938398007167,-13.498372268148316]]]}},{"type":"Feature","properties":{"Cell_ID":12,"Area_ha":1.0,"LC":"5:0.259978,9:0.280696,13:0.459325","XMIN":723044.86160847,"YMIN":8509513.59738907,"XMAX":723144.86160847,"YMAX":8509613.59738907},"geometry":{"type":"Polygon","coordinates":[[[-72.93866982849345,-13.473966165274279],[-72.93867757176093,-13.473062515714098],[-72.93960090920596,-13.473070091905928],[-72.93959316940098,-13.473973741992756],[-72.93866982849345,-13.473966165274279]]]}},{"type":"Feature","properties":{"Cell_ID":13,"Area_ha":1.0,"LC":"5:0.763463,13:0.236537","XMIN":723044.86160847,"YMIN":8509413.59738907,"XMAX":723144.86160847,"YMAX":8509513.59738907},"geometry":{"type":"Polygon","coordinates":[[[-72.93866208465808,-13.474869814765212],[-72.93866982849345,-13.473966165274279],[-72.93959316940098,-13.473973741992756],[-72.93958542902836,-13.47487739201034],[-72.93866208465808,-13.474869814765212]]]}},{"type":"Feature","properties":{"Cell_ID":14,"Area_ha":1.0,"LC":"5:0.859459,13:0.140541","XMIN":723044.86160847,"YMIN":8509313.59738907,"XMAX":723144.86160847,"YMAX":8509413.59738907},"geometry":{"type":"Polygon","coordinates":[[[-72.93865434025483,-13.475773464186892],[-72.93866208465808,-13.474869814765212],[-72.93958542902836,-13.47487739201034],[-72.93957768808811,-13.475781041958673],[-72.93865434025483,-13.475773464186892]]]}},{"type":"Feature","properties":{"Cell_ID":15,"Area_ha":1.0,"LC":"5:0.659579,13:0.340421","XMIN":723044.86160847,"YMIN":8509213.59738907,"XMAX":723144.86160847,"YMAX":8509313.59738907},"geometry":{"type":"Polygon","coordinates":[[[-72.93864659528367,-13.476677113539315],[-72.93865434025483,-13.475773464186892],[-72.93957768808811,-13.475781041958673],[-72.93956994658022,-13.47668469183775],[-72.93864659528367,-13.476677113539315]]]}},{"type":"Feature","properties":{"Cell_ID":16,"Area_ha":1.0,"LC":"5:0.145129,9:0.636936,13:0.217935","XMIN":723044.86160847,"YMIN":8509113.59738907,"XMAX":723144.86160847,"YMAX":8509213.59738907},"geometry":{"type":"Polygon","coordinates":[[[-72.93863884974462,-13.47758076282248],[-72.93864659528367,-13.476677113539315],[-72.93956994658022,-13.47668469183775],[-72.93956220450467,-13.477588341647571],[-72.93863884974462,-13.47758076282248]]]}},{"type":"Feature","properties":{"Cell_ID":17,"Area_ha":1.0,"LC":"9:0.716122,14:0.283878","XMIN":723044.86160847,"YMIN":8507313.59738907,"XMAX":723144.86160847,"YMAX":8507413.59738907},"geometry":{"type":"Polygon","coordinates":[[[-72.93849933291808,-13.493846438070696],[-72.93850708868118,-13.492942790034986],[-72.93943050235973,-13.492950377813884],[-72.9394227500647,-13.493854026376326],[-72.93849933291808,-13.493846438070696]]]}},{"type":"Feature","properties":{"Cell_ID":18,"Area_ha":1.0,"LC":"9:0.505825,13:0.257092,14:0.237084","XMIN":723044.86160847,"YMIN":8507213.59738907,"XMAX":723144.86160847,"YMAX":8507313.59738907},"geometry":{"type":"Polygon","coordinates":[[[-72.93849157658687,-13.494750086037058],[-72.93849933291808,-13.493846438070696],[-72.9394227500647,-13.493854026376326],[-72.93941499720184,-13.494757674869419],[-72.93849157658687,-13.494750086037058]]]}},{"type":"Feature","properties":{"Cell_ID":19,"Area_ha":1.0,"LC":"3:0.161229,9:0.400429,14:0.438342","XMIN":723044.86160847,"YMIN":8507113.59738907,"XMAX":723144.86160847,"YMAX":8507213.59738907},"geometry":{"type":"Polygon","coordinates":[[[-72.93848381968756,-13.495653733934075],[-72.93849157658687,-13.494750086037058],[-72.93941499720184,-13.494757674869419],[-72.9394072437711,-13.495661323293172],[-72.93848381968756,-13.495653733934075]]]}},{"type":"Feature","properties":{"Cell_ID":20,"Area_ha":1.0,"LC":"3:0.743618,14:0.256382","XMIN":723044.86160847,"YMIN":8507013.59738907,"XMAX":723144.86160847,"YMAX":8507113.59738907},"geometry":{"type":"Polygon","coordinates":[[[-72.93847606222013,-13.49655738176174],[-72.93848381968756,-13.495653733934075],[-72.9394072437711,-13.495661323293172],[-72.9393994897725,-13.496564971647574],[-72.93847606222013,-13.49655738176174]]]}},{"type":"Feature","properties":{"Cell_ID":21,"Area_ha":1.0,"LC":"5:0.542908,9:0.337772,14:0.119320","XMIN":723044.86160847,"YMIN":8506913.59738907,"XMAX":723144.86160847,"YMAX":8507013.59738907},"geometry":{"type":"Polygon","coordinates":[[[-72.93846830418457,-13.497461029520045],[-72.93847606222013,-13.49655738176174],[-72.9393994897725,-13.496564971647574],[-72.93939173520603,-13.497468619932624],[-72.93846830418457,-13.497461029520045]]]}},{"type":"Feature","properties":{"Cell_ID":22,"Area_ha":1.0,"LC":"9:0.779593,14:0.220407","XMIN":723044.86160847,"YMIN":8506813.59738907,"XMAX":723144.86160847,"YMAX":8506913.59738907},"geometry":{"type":"Polygon","coordinates":[[[-72.93846054558085,-13.498364677208988],[-72.93846830418457,-13.497461029520045],[-72.93939173520603,-13.497468619932624],[-72.93938398007167,-13.498372268148316],[-72.93846054558085,-13.498364677208988]]]}},{"type":"Feature","properties":{"Cell_ID":23,"Area_ha":1.0,"LC":"5:0.062761,9:0.755560,14:0.181679","XMIN":723044.86160847,"YMIN":8506713.59738907,"XMAX":723144.86160847,"YMAX":8506813.59738907},"geometry":{"type":"Polygon","coordinates":[[[-72.93845278640899,-13.499268324828561],[-72.93846054558085,-13.498364677208988],[-72.93938398007167,-13.498372268148316],[-72.93937622436943,-13.499275916294643],[-72.93845278640899,-13.499268324828561]]]}},{"type":"Feature","properties":{"Cell_ID":24,"Area_ha":1.0,"LC":"5:0.981103,13:0.018897","XMIN":723144.86160847,"YMIN":8509313.59738907,"XMAX":723244.86160847,"YMAX":8509413.59738907},"geometry":{"type":"Polygon","coordinates":[[[-72.93773099298943,-13.475765883025629],[-72.93773874085568,-13.474862234130837],[-72.93866208465808,-13.474869814765212],[-72.93865434025483,-13.475773464186892],[-72.93773099298943,-13.475765883025629]]]}},{"type":"Feature","properties":{"Cell_ID":25,"Area_ha":1.0,"LC":"5:0.381827,13:0.618173","XMIN":723144.86160847,"YMIN":8509213.59738907,"XMAX":723244.86160847,"YMAX":8509313.59738907},"geometry":{"type":"Polygon","coordinates":[[[-72.93772324455504,-13.47666953185116],[-72.93773099298943,-13.475765883025629],[-72.93865434025483,-13.475773464186892],[-72.93864659528367,-13.476677113539315],[-72.93772324455504,-13.47666953185116]]]}},{"type":"Feature","properties":{"Cell_ID":26,"Area_ha":1.0,"LC":"5:0.698039,13:0.301961","XMIN":723144.86160847,"YMIN":8509113.59738907,"XMAX":723244.86160847,"YMAX":8509213.59738907},"geometry":{"type":"Polygon","coordinates":[[[-72.9377154955525,-13.477573180607424],[-72.93772324455504,-13.47666953185116],[-72.93864659528367,-13.476677113539315],[-72.93863884974462,-13.47758076282248],[-72.9377154955525,-13.477573180607424]]]}},{"type":"Feature","properties":{"Cell_ID":27,"Area_ha":1.0,"LC":"9:0.920562,14:0.079438","XMIN":723144.86160847,"YMIN":8507413.59738907,"XMAX":723244.86160847,"YMAX":8507513.59738907},"geometry":{"type":"Polygon","coordinates":[[[-72.93758367557075,-13.492935198862124],[-72.93759143423357,-13.492031551284038],[-72.9385148438762,-13.492039141929936],[-72.93850708868118,-13.492942790034986],[-72.93758367557075,-13.492935198862124]]]}},{"type":"Feature","properties":{"Cell_ID":28,"Area_ha":1.0,"LC":"9:0.483315,14:0.516685","XMIN":723144.86160847,"YMIN":8507313.59738907,"XMAX":723244.86160847,"YMAX":8507413.59738907},"geometry":{"type":"Polygon","coordinates":[[[-72.93757591633957,-13.493838846370869],[-72.93758367557075,-13.492935198862124],[-72.93850708868118,-13.492942790034986],[-72.93849933291808,-13.493846438070696],[-72.93757591633957,-13.493838846370869]]]}},{"type":"Feature","properties":{"Cell_ID":29,"Area_ha":1.0,"LC":"9:1.000000","XMIN":723144.86160847,"YMIN":8507213.59738907,"XMAX":723244.86160847,"YMAX":8507313.59738907},"geometry":{"type":"Polygon","coordinates":[[[-72.93756815654004,-13.494742493810266],[-72.93757591633957,-13.493838846370869],[-72.93849933291808,-13.493846438070696],[-72.93849157658687,-13.494750086037058],[-72.93756815654004,-13.494742493810266]]]}},{"type":"Feature","properties":{"Cell_ID":30,"Area_ha":1.0,"LC":"3:0.277084,9:0.580437,14:0.142480","XMIN":723144.86160847,"YMIN":8507113.59738907,"XMAX":723244.86160847,"YMAX":8507213.59738907},"geometry":{"type":"Polygon","coordinates":[[[-72.93756039617215,-13.495646141180307],[-72.93756815654004,-13.494742493810266],[-72.93849157658687,-13.494750086037058],[-72.93848381968756,-13.495653733934075],[-72.93756039617215,-13.495646141180307]]]}},{"type":"Feature","properties":{"Cell_ID":31,"Area_ha":1.0,"LC":"3:0.437100,5:0.463575,14:0.099325","XMIN":723144.86160847,"YMIN":8507013.59738907,"XMAX":723244.86160847,"YMAX":8507113.59738907},"geometry":{"type":"Polygon","coordinates":[[[-72.93755263523589,-13.496549788480996],[-72.93756039617215,-13.495646141180307],[-72.93848381968756,-13.495653733934075],[-72.93847606222013,-13.49655738176174],[-72.93755263523589,-13.496549788480996]]]}},{"type":"Feature","properties":{"Cell_ID":32,"Area_ha":1.0,"LC":"5:0.359333,14:0.640667","XMIN":723144.86160847,"YMIN":8506913.59738907,"XMAX":723244.86160847,"YMAX":8507013.59738907},"geometry":{"type":"Polygon","coordinates":[[[-72.93754487373123,-13.497453435712323],[-72.93755263523589,-13.496549788480996],[-72.93847606222013,-13.49655738176174],[-72.93846830418457,-13.497461029520045],[-72.93754487373123,-13.497453435712323]]]}},{"type":"Feature","properties":{"Cell_ID":33,"Area_ha":1.0,"LC":"9:0.078061,14:0.921939","XMIN":723144.86160847,"YMIN":8506813.59738907,"XMAX":723244.86160847,"YMAX":8506913.59738907},"geometry":{"type":"Polygon","coordinates":[[[-72.93753711165817,-13.498357082874284],[-72.93754487373123,-13.497453435712323],[-72.93846830418457,-13.497461029520045],[-72.93846054558085,-13.498364677208988],[-72.93753711165817,-13.498357082874284]]]}},{"type":"Feature","properties":{"Cell_ID":34,"Area_ha":1.0,"LC":"5:0.602900,6:0.397100","XMIN":723244.86160847,"YMIN":8509413.59738907,"XMAX":723344.86160847,"YMAX":8509513.59738907},"geometry":{"type":"Polygon","coordinates":[[[-72.93681539762143,-13.47485465010722],[-72.93682314838225,-13.473951001670288],[-72.93774648815378,-13.473958585166788],[-72.93773874085568,-13.474862234130837],[-72.93681539762143,-13.47485465010722]]]}},{"type":"Feature","properties":{"Cell_ID":35,"Area_ha":1.0,"LC":"5:1.000000","XMIN":723244.86160847,"YMIN":8509313.59738907,"XMAX":723344.86160847,"YMAX":8509413.59738907},"geometry":{"type":"Polygon","coordinates":[[[-72.9368076462922,-13.475758298474888],[-72.93681539762143,-13.47485465010722],[-72.93773874085568,-13.474862234130837],[-72.93773099298943,-13.475765883025629],[-72.9368076462922,-13.475758298474888]]]}},{"type":"Feature","properties":{"Cell_ID":36,"Area_ha":1.0,"LC":"5:0.743886,13:0.256114","XMIN":723244.86160847,"YMIN":8509213.59738907,"XMAX":723344.86160847,"YMAX":8509313.59738907},"geometry":{"type":"Polygon","coordinates":[[[-72.93679989439458,-13.476661946773289],[-72.9368076462922,-13.475758298474888],[-72.93773099298943,-13.475765883025629],[-72.93772324455504,-13.47666953185116],[-72.93679989439458,-13.476661946773289]]]}},{"type":"Feature","properties":{"Cell_ID":37,"Area_ha":1.0,"LC":"5:0.619992,13:0.380008","XMIN":723244.86160847,"YMIN":8509113.59738907,"XMAX":723344.86160847,"YMAX":8509213.59738907},"geometry":{"type":"Polygon","coordinates":[[[-72.93679214192854,-13.477565595002424],[-72.93679989439458,-13.476661946773289],[-72.93772324455504,-13.47666953185116],[-72.9377154955525,-13.477573180607424],[-72.93679214192854,-13.477565595002424]]]}},{"type":"Feature","properties":{"Cell_ID":38,"Area_ha":1.0,"LC":"5:1.000000","XMIN":723244.86160847,"YMIN":8509013.59738907,"XMAX":723344.86160847,"YMAX":8509113.59738907},"geometry":{"type":"Polygon","coordinates":[[[-72.93678438889407,-13.478469243162287],[-72.93679214192854,-13.477565595002424],[-72.9377154955525,-13.477573180607424],[-72.93770774598177,-13.478476829294424],[-72.93678438889407,-13.478469243162287]]]}},{"type":"Feature","properties":{"Cell_ID":39,"Area_ha":1.0,"LC":"5:0.243345,9:0.315988,13:0.440667","XMIN":723244.86160847,"YMIN":8508913.59738907,"XMAX":723344.86160847,"YMAX":8509013.59738907},"geometry":{"type":"Polygon","coordinates":[[[-72.93677663529117,-13.479372891252867],[-72.93678438889407,-13.478469243162287],[-72.93770774598177,-13.478476829294424],[-72.93769999584286,-13.479380477912141],[-72.93677663529117,-13.479372891252867]]]}},{"type":"Feature","properties":{"Cell_ID":40,"Area_ha":1.0,"LC":"9:0.695434,16:0.243878,18:0.060688","XMIN":723244.86160847,"YMIN":8507413.59738907,"XMAX":723344.86160847,"YMAX":8507513.59738907},"geometry":{"type":"Polygon","coordinates":[[[-72.93666026302863,-13.49292760429531],[-72.93666802515926,-13.49202395724442],[-72.93759143423357,-13.492031551284038],[-72.93758367557075,-13.492935198862124],[-72.93666026302863,-13.49292760429531]]]}},{"type":"Feature","properties":{"Cell_ID":41,"Area_ha":1.0,"LC":"9:0.957632,18:0.042368","XMIN":723244.86160847,"YMIN":8507313.59738907,"XMAX":723344.86160847,"YMAX":8507413.59738907},"geometry":{"type":"Polygon","coordinates":[[[-72.9366525003294,-13.493831251276855],[-72.93666026302863,-13.49292760429531],[-72.93758367557075,-13.492935198862124],[-72.93757591633957,-13.493838846370869],[-72.9366525003294,-13.493831251276855]]]}},{"type":"Feature","properties":{"Cell_ID":42,"Area_ha":1.0,"LC":"9:0.817239,14:0.182761","XMIN":723244.86160847,"YMIN":8507213.59738907,"XMAX":723344.86160847,"YMAX":8507313.59738907},"geometry":{"type":"Polygon","coordinates":[[[-72.93664473706156,-13.49473489818905],[-72.9366525003294,-13.493831251276855],[-72.93757591633957,-13.493838846370869],[-72.93756815654004,-13.494742493810266],[-72.93664473706156,-13.49473489818905]]]}},{"type":"Feature","properties":{"Cell_ID":43,"Area_ha":1.0,"LC":"5:0.020822,9:0.359320,14:0.619858","XMIN":723244.86160847,"YMIN":8507113.59738907,"XMAX":723344.86160847,"YMAX":8507213.59738907},"geometry":{"type":"Polygon","coordinates":[[[-72.9366369732251,-13.495638545031884],[-72.93664473706156,-13.49473489818905],[-72.93756815654004,-13.494742493810266],[-72.93756039617215,-13.495646141180307],[-72.9366369732251,-13.495638545031884]]]}},{"type":"Feature","properties":{"Cell_ID":44,"Area_ha":1.0,"LC":"5:0.915011,9:0.083730,14:0.001259","XMIN":723244.86160847,"YMIN":8507013.59738907,"XMAX":723344.86160847,"YMAX":8507113.59738907},"geometry":{"type":"Polygon","coordinates":[[[-72.93662920882001,-13.496542191805364],[-72.9366369732251,-13.495638545031884],[-72.93756039617215,-13.495646141180307],[-72.93755263523589,-13.496549788480996],[-72.93662920882001,-13.496542191805364]]]}},{"type":"Feature","properties":{"Cell_ID":45,"Area_ha":1.0,"LC":"5:0.100289,9:0.303056,14:0.596655","XMIN":723244.86160847,"YMIN":8506913.59738907,"XMAX":723344.86160847,"YMAX":8507013.59738907},"geometry":{"type":"Polygon","coordinates":[[[-72.93662144384629,-13.49744583850947],[-72.93662920882001,-13.496542191805364],[-72.93755263523589,-13.496549788480996],[-72.93754487373123,-13.497453435712323],[-72.93662144384629,-13.49744583850947]]]}},{"type":"Feature","properties":{"Cell_ID":46,"Area_ha":1.0,"LC":"5:1.000000","XMIN":723344.86160847,"YMIN":8509413.59738907,"XMAX":723444.86160847,"YMAX":8509513.59738907},"geometry":{"type":"Polygon","coordinates":[[[-72.93589205495556,-13.474847062694371],[-72.9358998091791,-13.473943414784797],[-72.93682314838225,-13.473951001670288],[-72.93681539762143,-13.47485465010722],[-72.93589205495556,-13.474847062694371]]]}},{"type":"Feature","properties":{"Cell_ID":47,"Area_ha":1.0,"LC":"5:1.000000","XMIN":723344.86160847,"YMIN":8509313.59738907,"XMAX":723444.86160847,"YMAX":8509413.59738907},"geometry":{"type":"Polygon","coordinates":[[[-72.93588430016338,-13.47575071053468],[-72.93589205495556,-13.474847062694371],[-72.93681539762143,-13.47485465010722],[-72.9368076462922,-13.475758298474888],[-72.93588430016338,-13.47575071053468]]]}},{"type":"Feature","properties":{"Cell_ID":48,"Area_ha":1.0,"LC":"5:1.000000","XMIN":723344.86160847,"YMIN":8509213.59738907,"XMAX":723444.86160847,"YMAX":8509313.59738907},"geometry":{"type":"Polygon","coordinates":[[[-72.93587654480253,-13.476654358305723],[-72.93588430016338,-13.47575071053468],[-72.9368076462922,-13.475758298474888],[-72.93679989439458,-13.476661946773289],[-72.93587654480253,-13.476654358305723]]]}},{"type":"Feature","properties":{"Cell_ID":49,"Area_ha":1.0,"LC":"5:0.417801,9:0.582199","XMIN":723344.86160847,"YMIN":8509113.59738907,"XMAX":723444.86160847,"YMAX":8509213.59738907},"geometry":{"type":"Polygon","coordinates":[[[-72.93586878887301,-13.47755800600749],[-72.93587654480253,-13.476654358305723],[-72.93679989439458,-13.476661946773289],[-72.93679214192854,-13.477565595002424],[-72.93586878887301,-13.47755800600749]]]}},{"type":"Feature","properties":{"Cell_ID":50,"Area_ha":1.0,"LC":"5:0.635412,9:0.364588","XMIN":723344.86160847,"YMIN":8509013.59738907,"XMAX":723444.86160847,"YMAX":8509113.59738907},"geometry":{"type":"Polygon","coordinates":[[[-72.9358610323748,-13.47846165363998],[-72.93586878887301,-13.47755800600749],[-72.93679214192854,-13.477565595002424],[-72.93678438889407,-13.478469243162287],[-72.9358610323748,-13.47846165363998]]]}},{"type":"Feature","properties":{"Cell_ID":51,"Area_ha":1.0,"LC":"5:0.842916,13:0.157084","XMIN":723344.86160847,"YMIN":8508913.59738907,"XMAX":723444.86160847,"YMAX":8509013.59738907},"geometry":{"type":"Polygon","coordinates":[[[-72.93585327530792,-13.479365301203185],[-72.9358610323748,-13.47846165363998],[-72.93678438889407,-13.478469243162287],[-72.93677663529117,-13.479372891252867],[-72.93585327530792,-13.479365301203185]]]}},{"type":"Feature","properties":{"Cell_ID":52,"Area_ha":1.0,"LC":"5:0.424004,13:0.575996","XMIN":723344.86160847,"YMIN":8508813.59738907,"XMAX":723444.86160847,"YMAX":8508913.59738907},"geometry":{"type":"Polygon","coordinates":[[[-72.93584551767233,-13.48026894869711],[-72.93585327530792,-13.479365301203185],[-72.93677663529117,-13.479372891252867],[-72.93676888111983,-13.480276539274172],[-72.93584551767233,-13.48026894869711]]]}},{"type":"Feature","properties":{"Cell_ID":53,"Area_ha":1.0,"LC":"9:0.199571,18:0.800429","XMIN":723344.86160847,"YMIN":8507513.59738907,"XMAX":723444.86160847,"YMAX":8507613.59738907},"geometry":{"type":"Polygon","coordinates":[[[-72.93574461665355,-13.492016359811098],[-72.93575238168316,-13.491112713218286],[-72.93667578672132,-13.49112031012418],[-72.93666802515926,-13.49202395724442],[-72.93574461665355,-13.492016359811098]]]}},{"type":"Feature","properties":{"Cell_ID":54,"Area_ha":1.0,"LC":"9:0.483730,16:0.276122,18:0.240147","XMIN":723344.86160847,"YMIN":8507413.59738907,"XMAX":723444.86160847,"YMAX":8507513.59738907},"geometry":{"type":"Polygon","coordinates":[[[-72.93573685105513,-13.492920006334556],[-72.93574461665355,-13.492016359811098],[-72.93666802515926,-13.49202395724442],[-72.93666026302863,-13.49292760429531],[-72.93573685105513,-13.492920006334556]]]}},{"type":"Feature","properties":{"Cell_ID":55,"Area_ha":1.0,"LC":"9:0.481805,18:0.518195","XMIN":723344.86160847,"YMIN":8507313.59738907,"XMAX":723444.86160847,"YMAX":8507413.59738907},"geometry":{"type":"Polygon","coordinates":[[[-72.93572908488785,-13.493823652788667],[-72.93573685105513,-13.492920006334556],[-72.93666026302863,-13.49292760429531],[-72.9366525003294,-13.493831251276855],[-72.93572908488785,-13.493823652788667]]]}},{"type":"Feature","properties":{"Cell_ID":56,"Area_ha":1.0,"LC":"9:0.863042,14:0.136677,18:0.000281","XMIN":723344.86160847,"YMIN":8507213.59738907,"XMAX":723444.86160847,"YMAX":8507313.59738907},"geometry":{"type":"Polygon","coordinates":[[[-72.9357213181517,-13.49472729917342],[-72.93572908488785,-13.493823652788667],[-72.9366525003294,-13.493831251276855],[-72.93664473706156,-13.49473489818905],[-72.9357213181517,-13.49472729917342]]]}},{"type":"Feature","properties":{"Cell_ID":57,"Area_ha":1.0,"LC":"5:0.018897,9:0.421679,13:0.402887,14:0.156537","XMIN":723344.86160847,"YMIN":8507113.59738907,"XMAX":723444.86160847,"YMAX":8507213.59738907},"geometry":{"type":"Polygon","coordinates":[[[-72.93571355084669,-13.495630945488815],[-72.9357213181517,-13.49472729917342],[-72.93664473706156,-13.49473489818905],[-72.9366369732251,-13.495638545031884],[-72.93571355084669,-13.495630945488815]]]}},{"type":"Feature","properties":{"Cell_ID":58,"Area_ha":1.0,"LC":"5:0.019164,9:0.979845,13:0.000991","XMIN":723344.86160847,"YMIN":8507013.59738907,"XMAX":723444.86160847,"YMAX":8507113.59738907},"geometry":{"type":"Polygon","coordinates":[[[-72.93570578297279,-13.496534591734843],[-72.93571355084669,-13.495630945488815],[-72.9366369732251,-13.495638545031884],[-72.93662920882001,-13.496542191805364],[-72.93570578297279,-13.496534591734843]]]}},{"type":"Feature","properties":{"Cell_ID":59,"Area_ha":1.0,"LC":"9:0.420437,14:0.579563","XMIN":723344.86160847,"YMIN":8506913.59738907,"XMAX":723444.86160847,"YMAX":8507013.59738907},"geometry":{"type":"Polygon","coordinates":[[[-72.93569801453,-13.497438237911501],[-72.93570578297279,-13.496534591734843],[-72.93662920882001,-13.496542191805364],[-72.93662144384629,-13.49744583850947],[-72.93569801453,-13.497438237911501]]]}},{"type":"Feature","properties":{"Cell_ID":60,"Area_ha":1.0,"LC":"5:1.000000","XMIN":723444.86160847,"YMIN":8509413.59738907,"XMAX":723544.86160847,"YMAX":8509513.59738907},"geometry":{"type":"Polygon","coordinates":[[[-72.93496871285835,-13.4748394718923],[-72.9349764705446,-13.473935824510319],[-72.9358998091791,-13.473943414784797],[-72.93589205495556,-13.474847062694371],[-72.93496871285835,-13.4748394718923]]]}},{"type":"Feature","properties":{"Cell_ID":61,"Area_ha":1.0,"LC":"5:1.000000","XMIN":723444.86160847,"YMIN":8509313.59738907,"XMAX":723544.86160847,"YMAX":8509413.59738907},"geometry":{"type":"Polygon","coordinates":[[[-72.9349609546032,-13.475743119205015],[-72.93496871285835,-13.4748394718923],[-72.93589205495556,-13.474847062694371],[-72.93588430016338,-13.47575071053468],[-72.9349609546032,-13.475743119205015]]]}},{"type":"Feature","properties":{"Cell_ID":62,"Area_ha":1.0,"LC":"5:1.000000","XMIN":723444.86160847,"YMIN":8509213.59738907,"XMAX":723544.86160847,"YMAX":8509313.59738907},"geometry":{"type":"Polygon","coordinates":[[[-72.93495319577913,-13.476646766448457],[-72.9349609546032,-13.475743119205015],[-72.93588430016338,-13.47575071053468],[-72.93587654480253,-13.476654358305723],[-72.93495319577913,-13.476646766448457]]]}},{"type":"Feature","properties":{"Cell_ID":63,"Area_ha":1.0,"LC":"5:0.699874,9:0.178749,13:0.041939,14:0.079438","XMIN":723444.86160847,"YMIN":8509113.59738907,"XMAX":723544.86160847,"YMAX":8509213.59738907},"geometry":{"type":"Polygon","coordinates":[[[-72.93494543638614,-13.477550413622621],[-72.93495319577913,-13.476646766448457],[-72.93587654480253,-13.476654358305723],[-72.93586878887301,-13.47755800600749],[-72.93494543638614,-13.477550413622621]]]}},{"type":"Feature","properties":{"Cell_ID":64,"Area_ha":1.0,"LC":"5:0.019459,9:0.536100,14:0.444440","XMIN":723444.86160847,"YMIN":8509013.59738907,"XMAX":723544.86160847,"YMAX":8509113.59738907},"geometry":{"type":"Polygon","coordinates":[[[-72.93493767642423,-13.47845406072751],[-72.93494543638614,-13.477550413622621],[-72.93586878887301,-13.47755800600749],[-72.9358610323748,-13.47846165363998],[-72.93493767642423,-13.47845406072751]]]}},{"type":"Feature","properties":{"Cell_ID":65,"Area_ha":1.0,"LC":"5:0.937758,9:0.062242","XMIN":723444.86160847,"YMIN":8508913.59738907,"XMAX":723544.86160847,"YMAX":8509013.59738907},"geometry":{"type":"Polygon","coordinates":[[[-72.93492991589336,-13.479357707763105],[-72.93493767642423,-13.47845406072751],[-72.9358610323748,-13.47846165363998],[-72.93585327530792,-13.479365301203185],[-72.93492991589336,-13.479357707763105]]]}},{"type":"Feature","properties":{"Cell_ID":66,"Area_ha":1.0,"LC":"5:1.000000","XMIN":723444.86160847,"YMIN":8508813.59738907,"XMAX":723544.86160847,"YMAX":8508913.59738907},"geometry":{"type":"Polygon","coordinates":[[[-72.93492215479355,-13.480261354729416],[-72.93492991589336,-13.479357707763105],[-72.93585327530792,-13.479365301203185],[-72.93584551767233,-13.48026894869711],[-72.93492215479355,-13.480261354729416]]]}},{"type":"Feature","properties":{"Cell_ID":67,"Area_ha":1.0,"LC":"5:0.979178,6:0.020822","XMIN":723444.86160847,"YMIN":8508713.59738907,"XMAX":723544.86160847,"YMAX":8508813.59738907},"geometry":{"type":"Polygon","coordinates":[[[-72.93491439312477,-13.48116500162643],[-72.93492215479355,-13.480261354729416],[-72.93584551767233,-13.48026894869711],[-72.93583775946804,-13.481172596121745],[-72.93491439312477,-13.48116500162643]]]}},{"type":"Feature","properties":{"Cell_ID":68,"Area_ha":1.0,"LC":"3:0.596789,5:0.321259,6:0.063056,14:0.018897","XMIN":723444.86160847,"YMIN":8508613.59738907,"XMAX":723544.86160847,"YMAX":8508713.59738907},"geometry":{"type":"Polygon","coordinates":[[[-72.93490663088703,-13.482068648454147],[-72.93491439312477,-13.48116500162643],[-72.93583775946804,-13.481172596121745],[-72.93583000069503,-13.48207624347708],[-72.93490663088703,-13.482068648454147]]]}},{"type":"Feature","properties":{"Cell_ID":69,"Area_ha":1.0,"LC":"9:0.259593,18:0.740407","XMIN":723444.86160847,"YMIN":8507613.59738907,"XMAX":723544.86160847,"YMAX":8507713.59738907},"geometry":{"type":"Polygon","coordinates":[[[-72.93482897721381,-13.49110511291893],[-72.93483674514185,-13.49020146678444],[-72.9357601461439,-13.490209066556138],[-72.93575238168316,-13.491112713218286],[-72.93482897721381,-13.49110511291893]]]}},{"type":"Feature","properties":{"Cell_ID":70,"Area_ha":1.0,"LC":"18:1.000000","XMIN":723444.86160847,"YMIN":8507513.59738907,"XMAX":723544.86160847,"YMAX":8507613.59738907},"geometry":{"type":"Polygon","coordinates":[[[-72.93482120871668,-13.492008758984076],[-72.93482897721381,-13.49110511291893],[-72.93575238168316,-13.491112713218286],[-72.93574461665355,-13.492016359811098],[-72.93482120871668,-13.492008758984076]]]}},{"type":"Feature","properties":{"Cell_ID":71,"Area_ha":1.0,"LC":"9:0.435145,16:0.020969,18:0.543886","XMIN":723444.86160847,"YMIN":8507413.59738907,"XMAX":723544.86160847,"YMAX":8507513.59738907},"geometry":{"type":"Polygon","coordinates":[[[-72.93481343965047,-13.492912404979869],[-72.93482120871668,-13.492008758984076],[-72.93574461665355,-13.492016359811098],[-72.93573685105513,-13.492920006334556],[-72.93481343965047,-13.492912404979869]]]}},{"type":"Feature","properties":{"Cell_ID":72,"Area_ha":1.0,"LC":"9:0.999571,18:0.000429","XMIN":723444.86160847,"YMIN":8507313.59738907,"XMAX":723544.86160847,"YMAX":8507413.59738907},"geometry":{"type":"Polygon","coordinates":[[[-72.93480567001515,-13.493816050906306],[-72.93481343965047,-13.492912404979869],[-72.93573685105513,-13.492920006334556],[-72.93572908488785,-13.493823652788667],[-72.93480567001515,-13.493816050906306]]]}},{"type":"Feature","properties":{"Cell_ID":73,"Area_ha":1.0,"LC":"6:0.184419,9:0.815581","XMIN":723444.86160847,"YMIN":8507213.59738907,"XMAX":723544.86160847,"YMAX":8507313.59738907},"geometry":{"type":"Polygon","coordinates":[[[-72.93479789981072,-13.494719696763388],[-72.93480567001515,-13.493816050906306],[-72.93572908488785,-13.493823652788667],[-72.9357213181517,-13.49472729917342],[-72.93479789981072,-13.494719696763388]]]}},{"type":"Feature","properties":{"Cell_ID":74,"Area_ha":1.0,"LC":"5:0.243168,6:0.061398,9:0.099727,13:0.595707","XMIN":723444.86160847,"YMIN":8507113.59738907,"XMAX":723544.86160847,"YMAX":8507213.59738907},"geometry":{"type":"Polygon","coordinates":[[[-72.93479012903715,-13.495623342551102],[-72.93479789981072,-13.494719696763388],[-72.9357213181517,-13.49472729917342],[-72.93571355084669,-13.495630945488815],[-72.93479012903715,-13.495623342551102]]]}},{"type":"Feature","properties":{"Cell_ID":75,"Area_ha":1.0,"LC":"5:0.185410,9:0.814175,13:0.000415","XMIN":723444.86160847,"YMIN":8507013.59738907,"XMAX":723544.86160847,"YMAX":8507113.59738907},"geometry":{"type":"Polygon","coordinates":[[[-72.93478235769444,-13.49652698826945],[-72.93479012903715,-13.495623342551102],[-72.93571355084669,-13.495630945488815],[-72.93570578297279,-13.496534591734843],[-72.93478235769444,-13.49652698826945]]]}},{"type":"Feature","properties":{"Cell_ID":76,"Area_ha":1.0,"LC":"5:0.021117,9:0.659727,14:0.319156","XMIN":723444.86160847,"YMIN":8506913.59738907,"XMAX":723544.86160847,"YMAX":8507013.59738907},"geometry":{"type":"Polygon","coordinates":[[[-72.9347745857826,-13.497430633918423],[-72.93478235769444,-13.49652698826945],[-72.93570578297279,-13.496534591734843],[-72.93569801453,-13.497438237911501],[-72.9347745857826,-13.497430633918423]]]}},{"type":"Feature","properties":{"Cell_ID":77,"Area_ha":1.0,"LC":"9:0.595988,14:0.404012","XMIN":723444.86160847,"YMIN":8506813.59738907,"XMAX":723544.86160847,"YMAX":8506913.59738907},"geometry":{"type":"Polygon","coordinates":[[[-72.93476681330161,-13.49833427949802],[-72.9347745857826,-13.497430633918423],[-72.93569801453,-13.497438237911501],[-72.93569024551832,-13.498341884018789],[-72.93476681330161,-13.49833427949802]]]}},{"type":"Feature","properties":{"Cell_ID":78,"Area_ha":1.0,"LC":"5:0.779031,6:0.220969","XMIN":723544.86160847,"YMIN":8509413.59738907,"XMAX":723644.86160847,"YMAX":8509513.59738907},"geometry":{"type":"Polygon","coordinates":[[[-72.93404537133003,-13.474831877701021],[-72.93405313247898,-13.473928230846866],[-72.9349764705446,-13.473935824510319],[-72.93496871285835,-13.4748394718923],[-72.93404537133003,-13.474831877701021]]]}},{"type":"Feature","properties":{"Cell_ID":79,"Area_ha":1.0,"LC":"5:1.000000","XMIN":723544.86160847,"YMIN":8509313.59738907,"XMAX":723644.86160847,"YMAX":8509413.59738907},"geometry":{"type":"Polygon","coordinates":[[[-72.93403760961193,-13.475735524485906],[-72.93404537133003,-13.474831877701021],[-72.93496871285835,-13.4748394718923],[-72.9349609546032,-13.475743119205015],[-72.93403760961193,-13.475735524485906]]]}},{"type":"Feature","properties":{"Cell_ID":80,"Area_ha":1.0,"LC":"5:1.000000","XMIN":723544.86160847,"YMIN":8509213.59738907,"XMAX":723644.86160847,"YMAX":8509313.59738907},"geometry":{"type":"Polygon","coordinates":[[[-72.93402984732467,-13.476639171201512],[-72.93403760961193,-13.475735524485906],[-72.9349609546032,-13.475743119205015],[-72.93495319577913,-13.476646766448457],[-72.93402984732467,-13.476639171201512]]]}},{"type":"Feature","properties":{"Cell_ID":81,"Area_ha":1.0,"LC":"5:0.342376,9:0.237084,13:0.420541","XMIN":723544.86160847,"YMIN":8509113.59738907,"XMAX":723644.86160847,"YMAX":8509213.59738907},"geometry":{"type":"Polygon","coordinates":[[[-72.93402208446822,-13.47754281784784],[-72.93402984732467,-13.476639171201512],[-72.93495319577913,-13.476646766448457],[-72.93494543638614,-13.477550413622621],[-72.93402208446822,-13.47754281784784]]]}},{"type":"Feature","properties":{"Cell_ID":82,"Area_ha":1.0,"LC":"5:0.062761,9:0.499312,13:0.122368,14:0.315560","XMIN":723544.86160847,"YMIN":8509013.59738907,"XMAX":723644.86160847,"YMAX":8509113.59738907},"geometry":{"type":"Polygon","coordinates":[[[-72.9340143210426,-13.478446464424886],[-72.93402208446822,-13.47754281784784],[-72.93494543638614,-13.477550413622621],[-72.93493767642423,-13.47845406072751],[-72.9340143210426,-13.478446464424886]]]}},{"type":"Feature","properties":{"Cell_ID":83,"Area_ha":1.0,"LC":"5:0.379044,6:0.440667,9:0.179727,14:0.000562","XMIN":723544.86160847,"YMIN":8508913.59738907,"XMAX":723644.86160847,"YMAX":8509013.59738907},"geometry":{"type":"Polygon","coordinates":[[[-72.93400655704777,-13.479350110932636],[-72.9340143210426,-13.478446464424886],[-72.93493767642423,-13.47845406072751],[-72.93492991589336,-13.479357707763105],[-72.93400655704777,-13.479350110932636]]]}},{"type":"Feature","properties":{"Cell_ID":84,"Area_ha":1.0,"LC":"5:0.855819,6:0.144181","XMIN":723544.86160847,"YMIN":8508813.59738907,"XMAX":723644.86160847,"YMAX":8508913.59738907},"geometry":{"type":"Polygon","coordinates":[[[-72.93399879248373,-13.480253757371095],[-72.93400655704777,-13.479350110932636],[-72.93492991589336,-13.479357707763105],[-72.93492215479355,-13.480261354729416],[-72.93399879248373,-13.480253757371095]]]}},{"type":"Feature","properties":{"Cell_ID":85,"Area_ha":1.0,"LC":"5:0.801406,6:0.198594","XMIN":723544.86160847,"YMIN":8508713.59738907,"XMAX":723644.86160847,"YMAX":8508813.59738907},"geometry":{"type":"Polygon","coordinates":[[[-72.93399102735047,-13.481157403740259],[-72.93399879248373,-13.480253757371095],[-72.93492215479355,-13.480261354729416],[-72.93491439312477,-13.48116500162643],[-72.93399102735047,-13.481157403740259]]]}},{"type":"Feature","properties":{"Cell_ID":86,"Area_ha":1.0,"LC":"3:0.098334,5:0.300260,6:0.601406","XMIN":723544.86160847,"YMIN":8508613.59738907,"XMAX":723644.86160847,"YMAX":8508713.59738907},"geometry":{"type":"Polygon","coordinates":[[[-72.93398326164801,-13.482061050040118],[-72.93399102735047,-13.481157403740259],[-72.93491439312477,-13.48116500162643],[-72.93490663088703,-13.482068648454147],[-72.93398326164801,-13.482061050040118]]]}},{"type":"Feature","properties":{"Cell_ID":87,"Area_ha":1.0,"LC":"6:0.178350,9:0.821650","XMIN":723544.86160847,"YMIN":8507713.59738907,"XMAX":723644.86160847,"YMAX":8507813.59738907},"geometry":{"type":"Polygon","coordinates":[[[-72.93391334470886,-13.490193863619528],[-72.93392111553482,-13.489290217943585],[-72.9348445125008,-13.489297820580608],[-72.93483674514185,-13.49020146678444],[-72.93391334470886,-13.490193863619528]]]}},{"type":"Feature","properties":{"Cell_ID":88,"Area_ha":1.0,"LC":"9:0.538498,18:0.461502","XMIN":723544.86160847,"YMIN":8507613.59738907,"XMAX":723644.86160847,"YMAX":8507713.59738907},"geometry":{"type":"Polygon","coordinates":[[[-72.93390557331355,-13.49109750922612],[-72.93391334470886,-13.490193863619528],[-72.93483674514185,-13.49020146678444],[-72.93482897721381,-13.49110511291893],[-72.93390557331355,-13.49109750922612]]]}},{"type":"Feature","properties":{"Cell_ID":89,"Area_ha":1.0,"LC":"16:0.380126,18:0.619874","XMIN":723544.86160847,"YMIN":8507513.59738907,"XMAX":723644.86160847,"YMAX":8507613.59738907},"geometry":{"type":"Polygon","coordinates":[[[-72.93389780134892,-13.49200115476337],[-72.93390557331355,-13.49109750922612],[-72.93482897721381,-13.49110511291893],[-72.93482120871668,-13.492008758984076],[-72.93389780134892,-13.49200115476337]]]}},{"type":"Feature","properties":{"Cell_ID":90,"Area_ha":1.0,"LC":"16:0.259874,18:0.740126","XMIN":723544.86160847,"YMIN":8507413.59738907,"XMAX":723644.86160847,"YMAX":8507513.59738907},"geometry":{"type":"Polygon","coordinates":[[[-72.93389002881491,-13.49290480023126],[-72.93389780134892,-13.49200115476337],[-72.93482120871668,-13.492008758984076],[-72.93481343965047,-13.492912404979869],[-72.93389002881491,-13.49290480023126]]]}},{"type":"Feature","properties":{"Cell_ID":91,"Area_ha":1.0,"LC":"9:0.935685,18:0.064315","XMIN":723544.86160847,"YMIN":8507313.59738907,"XMAX":723644.86160847,"YMAX":8507413.59738907},"geometry":{"type":"Polygon","coordinates":[[[-72.93388225571157,-13.493808445629792],[-72.93389002881491,-13.49290480023126],[-72.93481343965047,-13.492912404979869],[-72.93480567001515,-13.493816050906306],[-72.93388225571157,-13.493808445629792]]]}},{"type":"Feature","properties":{"Cell_ID":92,"Area_ha":1.0,"LC":"6:0.614175,9:0.325284,14:0.060541","XMIN":723544.86160847,"YMIN":8507213.59738907,"XMAX":723644.86160847,"YMAX":8507313.59738907},"geometry":{"type":"Polygon","coordinates":[[[-72.93387448203886,-13.494712090958958],[-72.93388225571157,-13.493808445629792],[-72.93480567001515,-13.493816050906306],[-72.93479789981072,-13.494719696763388],[-72.93387448203886,-13.494712090958958]]]}},{"type":"Feature","properties":{"Cell_ID":93,"Area_ha":1.0,"LC":"5:0.195145,6:0.500008,14:0.304847","XMIN":723544.86160847,"YMIN":8507113.59738907,"XMAX":723644.86160847,"YMAX":8507213.59738907},"geometry":{"type":"Polygon","coordinates":[[[-72.93386670779675,-13.495615736218761],[-72.93387448203886,-13.494712090958958],[-72.93479789981072,-13.494719696763388],[-72.93479012903715,-13.495623342551102],[-72.93386670779675,-13.495615736218761]]]}},{"type":"Feature","properties":{"Cell_ID":94,"Area_ha":1.0,"LC":"5:0.495434,14:0.504566","XMIN":723544.86160847,"YMIN":8507013.59738907,"XMAX":723644.86160847,"YMAX":8507113.59738907},"geometry":{"type":"Polygon","coordinates":[[[-72.93385893298526,-13.496519381409191],[-72.93386670779675,-13.495615736218761],[-72.93479012903715,-13.495623342551102],[-72.93478235769444,-13.49652698826945],[-72.93385893298526,-13.496519381409191]]]}},{"type":"Feature","properties":{"Cell_ID":95,"Area_ha":1.0,"LC":"5:0.019727,9:0.281510,14:0.698763","XMIN":723544.86160847,"YMIN":8506913.59738907,"XMAX":723644.86160847,"YMAX":8507013.59738907},"geometry":{"type":"Polygon","coordinates":[[[-72.93385115760438,-13.497423026530242],[-72.93385893298526,-13.496519381409191],[-72.93478235769444,-13.49652698826945],[-72.9347745857826,-13.497430633918423],[-72.93385115760438,-13.497423026530242]]]}},{"type":"Feature","properties":{"Cell_ID":96,"Area_ha":1.0,"LC":"9:0.584847,14:0.415153","XMIN":723544.86160847,"YMIN":8506813.59738907,"XMAX":723644.86160847,"YMAX":8506913.59738907},"geometry":{"type":"Polygon","coordinates":[[[-72.93384338165409,-13.498326671581914],[-72.93385115760438,-13.497423026530242],[-72.9347745857826,-13.497430633918423],[-72.93476681330161,-13.49833427949802],[-72.93384338165409,-13.498326671581914]]]}},{"type":"Feature","properties":{"Cell_ID":97,"Area_ha":1.0,"LC":"5:0.718061,6:0.281939","XMIN":723644.86160847,"YMIN":8509413.59738907,"XMAX":723744.86160847,"YMAX":8509513.59738907},"geometry":{"type":"Polygon","coordinates":[[[-72.93312203037087,-13.47482428012054],[-72.9331297949825,-13.473920633794444],[-72.93405313247898,-13.473928230846866],[-72.93404537133003,-13.474831877701021],[-72.93312203037087,-13.47482428012054]]]}},{"type":"Feature","properties":{"Cell_ID":98,"Area_ha":1.0,"LC":"5:1.000000","XMIN":723644.86160847,"YMIN":8509313.59738907,"XMAX":723744.86160847,"YMAX":8509413.59738907},"geometry":{"type":"Polygon","coordinates":[[[-72.93311426518983,-13.475727926377358],[-72.93312203037087,-13.47482428012054],[-72.93404537133003,-13.474831877701021],[-72.93403760961193,-13.475735524485906],[-72.93311426518983,-13.475727926377358]]]}},{"type":"Feature","properties":{"Cell_ID":99,"Area_ha":1.0,"LC":"5:1.000000","XMIN":723644.86160847,"YMIN":8509213.59738907,"XMAX":723744.86160847,"YMAX":8509313.59738907},"geometry":{"type":"Polygon","coordinates":[[[-72.93310649943938,-13.476631572564894],[-72.93311426518983,-13.475727926377358],[-72.93403760961193,-13.475735524485906],[-72.93402984732467,-13.476639171201512],[-72.93310649943938,-13.476631572564894]]]}},{"type":"Feature","properties":{"Cell_ID":100,"Area_ha":1.0,"LC":"5:0.783605,13:0.216395","XMIN":723644.86160847,"YMIN":8509113.59738907,"XMAX":723744.86160847,"YMAX":8509213.59738907},"geometry":{"type":"Polygon","coordinates":[[[-72.93309873311948,-13.477535218683148],[-72.93310649943938,-13.476631572564894],[-72.93402984732467,-13.476639171201512],[-72.93402208446822,-13.47754281784784],[-72.93309873311948,-13.477535218683148]]]}},{"type":"Feature","properties":{"Cell_ID":101,"Area_ha":1.0,"LC":"5:0.441805,9:0.319438,13:0.238757","XMIN":723644.86160847,"YMIN":8509013.59738907,"XMAX":723744.86160847,"YMAX":8509113.59738907},"geometry":{"type":"Polygon","coordinates":[[[-72.93309096623014,-13.478438864732116],[-72.93309873311948,-13.477535218683148],[-72.93402208446822,-13.47754281784784],[-72.9340143210426,-13.478446464424886],[-72.93309096623014,-13.478438864732116]]]}},{"type":"Feature","properties":{"Cell_ID":102,"Area_ha":1.0,"LC":"5:0.522354,6:0.237084,9:0.240562","XMIN":723644.86160847,"YMIN":8508913.59738907,"XMAX":723744.86160847,"YMAX":8509013.59738907},"geometry":{"type":"Polygon","coordinates":[[[-72.93308319877137,-13.479342510711785],[-72.93309096623014,-13.478438864732116],[-72.9340143210426,-13.478446464424886],[-72.93400655704777,-13.479350110932636],[-72.93308319877137,-13.479342510711785]]]}},{"type":"Feature","properties":{"Cell_ID":103,"Area_ha":1.0,"LC":"5:0.220702,6:0.779298","XMIN":723644.86160847,"YMIN":8508813.59738907,"XMAX":723744.86160847,"YMAX":8508913.59738907},"geometry":{"type":"Polygon","coordinates":[[[-72.93307543074312,-13.480246156622162],[-72.93308319877137,-13.479342510711785],[-72.93400655704777,-13.479350110932636],[-72.93399879248373,-13.480253757371095],[-72.93307543074312,-13.480246156622162]]]}},{"type":"Feature","properties":{"Cell_ID":104,"Area_ha":1.0,"LC":"3:0.039719,5:0.596818,6:0.363463","XMIN":723644.86160847,"YMIN":8508713.59738907,"XMAX":723744.86160847,"YMAX":8508813.59738907},"geometry":{"type":"Polygon","coordinates":[[[-72.93306766214542,-13.481149802463236],[-72.93307543074312,-13.480246156622162],[-72.93399879248373,-13.480253757371095],[-72.93399102735047,-13.481157403740259],[-72.93306766214542,-13.481149802463236]]]}},{"type":"Feature","properties":{"Cell_ID":105,"Area_ha":1.0,"LC":"3:0.383190,5:0.197084,6:0.338216,14:0.081510","XMIN":723644.86160847,"YMIN":8508613.59738907,"XMAX":723744.86160847,"YMAX":8508713.59738907},"geometry":{"type":"Polygon","coordinates":[[[-72.93305989297822,-13.482053448235002],[-72.93306766214542,-13.481149802463236],[-72.93399102735047,-13.481157403740259],[-72.93398326164801,-13.482061050040118],[-72.93305989297822,-13.482053448235002]]]}},{"type":"Feature","properties":{"Cell_ID":106,"Area_ha":1.0,"LC":"3:0.020822,5:0.260008,14:0.719170","XMIN":723644.86160847,"YMIN":8508513.59738907,"XMAX":723744.86160847,"YMAX":8508613.59738907},"geometry":{"type":"Polygon","coordinates":[[[-72.93305212324154,-13.48295709393746],[-72.93305989297822,-13.482053448235002],[-72.93398326164801,-13.482061050040118],[-72.9339754953763,-13.482964696270669],[-72.93305212324154,-13.48295709393746]]]}},{"type":"Feature","properties":{"Cell_ID":107,"Area_ha":1.0,"LC":"3:0.400147,9:0.060541,14:0.539312","XMIN":723644.86160847,"YMIN":8508413.59738907,"XMAX":723744.86160847,"YMAX":8508513.59738907},"geometry":{"type":"Polygon","coordinates":[[[-72.93304435293535,-13.4838607395706],[-72.93305212324154,-13.48295709393746],[-72.9339754953763,-13.482964696270669],[-72.93396772853534,-13.483868342431911],[-72.93304435293535,-13.4838607395706]]]}},{"type":"Feature","properties":{"Cell_ID":108,"Area_ha":1.0,"LC":"9:0.442900,14:0.557100","XMIN":723644.86160847,"YMIN":8508313.59738907,"XMAX":723744.86160847,"YMAX":8508413.59738907},"geometry":{"type":"Polygon","coordinates":[[[-72.93303658205966,-13.484764385134422],[-72.93304435293535,-13.4838607395706],[-72.93396772853534,-13.483868342431911],[-72.93395996112513,-13.484771988523836],[-72.93303658205966,-13.484764385134422]]]}},{"type":"Feature","properties":{"Cell_ID":109,"Area_ha":1.0,"LC":"3:0.120147,5:0.442635,9:0.201510,14:0.235707","XMIN":723644.86160847,"YMIN":8507913.59738907,"XMAX":723744.86160847,"YMAX":8508013.59738907},"geometry":{"type":"Polygon","coordinates":[[[-72.93300549286157,-13.488378966696429],[-72.93301326601541,-13.48747532140993],[-72.93393665547883,-13.487482926383679],[-72.93392888579147,-13.488386572198301],[-72.93300549286157,-13.488378966696429]]]}},{"type":"Feature","properties":{"Cell_ID":110,"Area_ha":1.0,"LC":"6:0.396122,9:0.582493,14:0.021384","XMIN":723644.86160847,"YMIN":8507813.59738907,"XMAX":723744.86160847,"YMAX":8507913.59738907},"geometry":{"type":"Polygon","coordinates":[[[-72.93299771913817,-13.489282611913593],[-72.93300549286157,-13.488378966696429],[-72.93392888579147,-13.488386572198301],[-72.93392111553482,-13.489290217943585],[-72.93299771913817,-13.489282611913593]]]}},{"type":"Feature","properties":{"Cell_ID":111,"Area_ha":1.0,"LC":"9:1.000000","XMIN":723644.86160847,"YMIN":8507713.59738907,"XMAX":723744.86160847,"YMAX":8507813.59738907},"geometry":{"type":"Polygon","coordinates":[[[-72.93298994484519,-13.49018625706141],[-72.93299771913817,-13.489282611913593],[-72.93392111553482,-13.489290217943585],[-72.93391334470886,-13.490193863619528],[-72.93298994484519,-13.49018625706141]]]}},{"type":"Feature","properties":{"Cell_ID":112,"Area_ha":1.0,"LC":"9:0.483345,18:0.516655","XMIN":723644.86160847,"YMIN":8507613.59738907,"XMAX":723744.86160847,"YMAX":8507713.59738907},"geometry":{"type":"Polygon","coordinates":[[[-72.93298216998264,-13.491089902139874],[-72.93298994484519,-13.49018625706141],[-72.93391334470886,-13.490193863619528],[-72.93390557331355,-13.49109750922612],[-72.93298216998264,-13.491089902139874]]]}},{"type":"Feature","properties":{"Cell_ID":113,"Area_ha":1.0,"LC":"9:0.121510,16:0.059031,18:0.819459","XMIN":723644.86160847,"YMIN":8507513.59738907,"XMAX":723744.86160847,"YMAX":8507613.59738907},"geometry":{"type":"Polygon","coordinates":[[[-72.93297439455047,-13.491993547148985],[-72.93298216998264,-13.491089902139874],[-72.93390557331355,-13.49109750922612],[-72.93389780134892,-13.49200115476337],[-72.93297439455047,-13.491993547148985]]]}},{"type":"Feature","properties":{"Cell_ID":114,"Area_ha":1.0,"LC":"9:0.244307,18:0.755693","XMIN":723644.86160847,"YMIN":8507413.59738907,"XMAX":723744.86160847,"YMAX":8507513.59738907},"geometry":{"type":"Polygon","coordinates":[[[-72.93296661854873,-13.492897192088737],[-72.93297439455047,-13.491993547148985],[-72.93389780134892,-13.49200115476337],[-72.93389002881491,-13.49290480023126],[-72.93296661854873,-13.492897192088737]]]}},{"type":"Feature","properties":{"Cell_ID":115,"Area_ha":1.0,"LC":"9:0.539563,18:0.460437","XMIN":723644.86160847,"YMIN":8507313.59738907,"XMAX":723744.86160847,"YMAX":8507413.59738907},"geometry":{"type":"Polygon","coordinates":[[[-72.93295884197737,-13.49380083695913],[-72.93296661854873,-13.492897192088737],[-72.93389002881491,-13.49290480023126],[-72.93388225571157,-13.493808445629792],[-72.93295884197737,-13.49380083695913]]]}},{"type":"Feature","properties":{"Cell_ID":116,"Area_ha":1.0,"LC":"9:0.920562,13:0.020822,14:0.058616","XMIN":723644.86160847,"YMIN":8507213.59738907,"XMAX":723744.86160847,"YMAX":8507313.59738907},"geometry":{"type":"Polygon","coordinates":[[[-72.93295106483637,-13.494704481760149],[-72.93295884197737,-13.49380083695913],[-72.93388225571157,-13.493808445629792],[-72.93387448203886,-13.494712090958958],[-72.93295106483637,-13.494704481760149]]]}},{"type":"Feature","properties":{"Cell_ID":117,"Area_ha":1.0,"LC":"9:0.520562,13:0.144566,14:0.334871","XMIN":723644.86160847,"YMIN":8507113.59738907,"XMAX":723744.86160847,"YMAX":8507213.59738907},"geometry":{"type":"Polygon","coordinates":[[[-72.93294328712575,-13.495608126491799],[-72.93295106483637,-13.494704481760149],[-72.93387448203886,-13.494712090958958],[-72.93386670779675,-13.495615736218761],[-72.93294328712575,-13.495608126491799]]]}},{"type":"Feature","properties":{"Cell_ID":118,"Area_ha":1.0,"LC":"9:0.424419,13:0.080429,14:0.495153","XMIN":723644.86160847,"YMIN":8507013.59738907,"XMAX":723744.86160847,"YMAX":8507113.59738907},"geometry":{"type":"Polygon","coordinates":[[[-72.93293550884547,-13.496511771154076],[-72.93294328712575,-13.495608126491799],[-72.93386670779675,-13.495615736218761],[-72.93385893298526,-13.496519381409191],[-72.93293550884547,-13.496511771154076]]]}},{"type":"Feature","properties":{"Cell_ID":119,"Area_ha":1.0,"LC":"9:0.761243,14:0.238757","XMIN":723644.86160847,"YMIN":8506913.59738907,"XMAX":723744.86160847,"YMAX":8507013.59738907},"geometry":{"type":"Polygon","coordinates":[[[-72.93292772999555,-13.497415415746971],[-72.93293550884547,-13.496511771154076],[-72.93385893298526,-13.496519381409191],[-72.93385115760438,-13.497423026530242],[-72.93292772999555,-13.497415415746971]]]}},{"type":"Feature","properties":{"Cell_ID":120,"Area_ha":1.0,"LC":"5:0.541117,6:0.458883","XMIN":723744.86160847,"YMIN":8509413.59738907,"XMAX":723844.86160847,"YMAX":8509513.59738907},"geometry":{"type":"Polygon","coordinates":[[[-72.93219868998113,-13.474816679150864],[-72.93220645805543,-13.473913033353067],[-72.9331297949825,-13.473920633794444],[-72.93312203037087,-13.47482428012054],[-72.93219868998113,-13.474816679150864]]]}},{"type":"Feature","properties":{"Cell_ID":121,"Area_ha":1.0,"LC":"5:0.678623,6:0.321377","XMIN":723744.86160847,"YMIN":8509313.59738907,"XMAX":723844.86160847,"YMAX":8509413.59738907},"geometry":{"type":"Polygon","coordinates":[[[-72.93219092133715,-13.475720324879381],[-72.93219868998113,-13.474816679150864],[-72.93312203037087,-13.47482428012054],[-72.93311426518983,-13.475727926377358],[-72.93219092133715,-13.475720324879381]]]}},{"type":"Feature","properties":{"Cell_ID":122,"Area_ha":1.0,"LC":"3:0.041939,5:0.957351,6:0.000710","XMIN":723744.86160847,"YMIN":8509213.59738907,"XMAX":723844.86160847,"YMAX":8509313.59738907},"geometry":{"type":"Polygon","coordinates":[[[-72.93218315212351,-13.476623970538613],[-72.93219092133715,-13.475720324879381],[-72.93311426518983,-13.475727926377358],[-72.93310649943938,-13.476631572564894],[-72.93218315212351,-13.476623970538613]]]}},{"type":"Feature","properties":{"Cell_ID":123,"Area_ha":1.0,"LC":"5:1.000000","XMIN":723744.86160847,"YMIN":8509113.59738907,"XMAX":723844.86160847,"YMAX":8509213.59738907},"geometry":{"type":"Polygon","coordinates":[[[-72.93217538234018,-13.47752761612856],[-72.93218315212351,-13.476623970538613],[-72.93310649943938,-13.476631572564894],[-72.93309873311948,-13.477535218683148],[-72.93217538234018,-13.47752761612856]]]}},{"type":"Feature","properties":{"Cell_ID":124,"Area_ha":1.0,"LC":"5:1.000000","XMIN":723744.86160847,"YMIN":8509013.59738907,"XMAX":723844.86160847,"YMAX":8509113.59738907},"geometry":{"type":"Polygon","coordinates":[[[-72.93216761198715,-13.478431261649215],[-72.93217538234018,-13.47752761612856],[-72.93309873311948,-13.477535218683148],[-72.93309096623014,-13.478438864732116],[-72.93216761198715,-13.478431261649215]]]}},{"type":"Feature","properties":{"Cell_ID":125,"Area_ha":1.0,"LC":"5:1.000000","XMIN":723744.86160847,"YMIN":8508913.59738907,"XMAX":723844.86160847,"YMAX":8509013.59738907},"geometry":{"type":"Polygon","coordinates":[[[-72.93215984106443,-13.479334907100569],[-72.93216761198715,-13.478431261649215],[-72.93309096623014,-13.478438864732116],[-72.93308319877137,-13.479342510711785],[-72.93215984106443,-13.479334907100569]]]}},{"type":"Feature","properties":{"Cell_ID":126,"Area_ha":1.0,"LC":"5:0.819874,6:0.180126","XMIN":723744.86160847,"YMIN":8508813.59738907,"XMAX":723844.86160847,"YMAX":8508913.59738907},"geometry":{"type":"Polygon","coordinates":[[[-72.93215206957198,-13.480238552482623],[-72.93215984106443,-13.479334907100569],[-72.93308319877137,-13.479342510711785],[-72.93307543074312,-13.480246156622162],[-72.93215206957198,-13.480238552482623]]]}},{"type":"Feature","properties":{"Cell_ID":127,"Area_ha":1.0,"LC":"5:0.162501,6:0.657239,14:0.180260","XMIN":723744.86160847,"YMIN":8508713.59738907,"XMAX":723844.86160847,"YMAX":8508813.59738907},"geometry":{"type":"Polygon","coordinates":[[[-72.93214429750982,-13.481142197795371],[-72.93215206957198,-13.480238552482623],[-72.93307543074312,-13.480246156622162],[-72.93306766214542,-13.481149802463236],[-72.93214429750982,-13.481142197795371]]]}},{"type":"Feature","properties":{"Cell_ID":128,"Area_ha":1.0,"LC":"3:0.057092,6:0.120696,14:0.822212","XMIN":723744.86160847,"YMIN":8508613.59738907,"XMAX":723844.86160847,"YMAX":8508713.59738907},"geometry":{"type":"Polygon","coordinates":[[[-72.93213652487792,-13.482045843038811],[-72.93214429750982,-13.481142197795371],[-72.93306766214542,-13.481149802463236],[-72.93305989297822,-13.482053448235002],[-72.93213652487792,-13.482045843038811]]]}},{"type":"Feature","properties":{"Cell_ID":129,"Area_ha":1.0,"LC":"3:0.177772,14:0.822228","XMIN":723744.86160847,"YMIN":8508513.59738907,"XMAX":723844.86160847,"YMAX":8508613.59738907},"geometry":{"type":"Polygon","coordinates":[[[-72.93212875167629,-13.482949488212935],[-72.93213652487792,-13.482045843038811],[-72.93305989297822,-13.482053448235002],[-72.93305212324154,-13.48295709393746],[-72.93212875167629,-13.482949488212935]]]}},{"type":"Feature","properties":{"Cell_ID":130,"Area_ha":1.0,"LC":"3:0.359320,9:0.058616,14:0.582065","XMIN":723744.86160847,"YMIN":8508413.59738907,"XMAX":723844.86160847,"YMAX":8508513.59738907},"geometry":{"type":"Polygon","coordinates":[[[-72.93212097790489,-13.48385313331774],[-72.93212875167629,-13.482949488212935],[-72.93305212324154,-13.48295709393746],[-72.93304435293535,-13.4838607395706],[-72.93212097790489,-13.48385313331774]]]}},{"type":"Feature","properties":{"Cell_ID":131,"Area_ha":1.0,"LC":"9:0.898039,14:0.101961","XMIN":723744.86160847,"YMIN":8508313.59738907,"XMAX":723844.86160847,"YMAX":8508413.59738907},"geometry":{"type":"Polygon","coordinates":[[[-72.93211320356372,-13.484756778353225],[-72.93212097790489,-13.48385313331774],[-72.93304435293535,-13.4838607395706],[-72.93303658205966,-13.484764385134422],[-72.93211320356372,-13.484756778353225]]]}},{"type":"Feature","properties":{"Cell_ID":132,"Area_ha":1.0,"LC":"9:0.618083,13:0.381917","XMIN":723744.86160847,"YMIN":8508213.59738907,"XMAX":723844.86160847,"YMAX":8508313.59738907},"geometry":{"type":"Polygon","coordinates":[[[-72.93210542865279,-13.485660423319379],[-72.93211320356372,-13.484756778353225],[-72.93303658205966,-13.484764385134422],[-72.93302881061445,-13.485668030628922],[-72.93210542865279,-13.485660423319379]]]}},{"type":"Feature","properties":{"Cell_ID":133,"Area_ha":1.0,"LC":"3:0.398594,9:0.401406,14:0.200000","XMIN":723744.86160847,"YMIN":8508013.59738907,"XMAX":723844.86160847,"YMAX":8508113.59738907},"geometry":{"type":"Polygon","coordinates":[[[-72.93208987712154,-13.48746771304369],[-72.93209765317205,-13.486564068216204],[-72.9330210385997,-13.486571676054094],[-72.93301326601541,-13.48747532140993],[-72.93208987712154,-13.48746771304369]]]}},{"type":"Feature","properties":{"Cell_ID":134,"Area_ha":1.0,"LC":"3:0.463886,5:0.118061,9:0.237646,14:0.180407","XMIN":723744.86160847,"YMIN":8507913.59738907,"XMAX":723844.86160847,"YMAX":8508013.59738907},"geometry":{"type":"Polygon","coordinates":[[[-72.93208210050122,-13.488371357801837],[-72.93208987712154,-13.48746771304369],[-72.93301326601541,-13.48747532140993],[-72.93300549286157,-13.488378966696429],[-72.93208210050122,-13.488371357801837]]]}},{"type":"Feature","properties":{"Cell_ID":135,"Area_ha":1.0,"LC":"3:0.000429,9:0.477070,14:0.522501","XMIN":723744.86160847,"YMIN":8507813.59738907,"XMAX":723844.86160847,"YMAX":8507913.59738907},"geometry":{"type":"Polygon","coordinates":[[[-72.93207432331108,-13.48927500249064],[-72.93208210050122,-13.488371357801837],[-72.93300549286157,-13.488378966696429],[-72.93299771913817,-13.489282611913593],[-72.93207432331108,-13.48927500249064]]]}},{"type":"Feature","properties":{"Cell_ID":136,"Area_ha":1.0,"LC":"9:0.735300,13:0.264700","XMIN":723744.86160847,"YMIN":8507713.59738907,"XMAX":723844.86160847,"YMAX":8507813.59738907},"geometry":{"type":"Polygon","coordinates":[[[-72.93206654555111,-13.490178647110092],[-72.93207432331108,-13.48927500249064],[-72.93299771913817,-13.489282611913593],[-72.93298994484519,-13.49018625706141],[-72.93206654555111,-13.490178647110092]]]}},{"type":"Feature","properties":{"Cell_ID":137,"Area_ha":1.0,"LC":"9:0.582228,13:0.021117,18:0.396655","XMIN":723744.86160847,"YMIN":8507613.59738907,"XMAX":723844.86160847,"YMAX":8507713.59738907},"geometry":{"type":"Polygon","coordinates":[[[-72.9320587672213,-13.49108229166019],[-72.93206654555111,-13.490178647110092],[-72.93298994484519,-13.49018625706141],[-72.93298216998264,-13.491089902139874],[-72.9320587672213,-13.49108229166019]]]}},{"type":"Feature","properties":{"Cell_ID":138,"Area_ha":1.0,"LC":"9:0.501502,18:0.498498","XMIN":723744.86160847,"YMIN":8507513.59738907,"XMAX":723844.86160847,"YMAX":8507613.59738907},"geometry":{"type":"Polygon","coordinates":[[[-72.93205098832166,-13.491985936140933],[-72.9320587672213,-13.49108229166019],[-72.93298216998264,-13.491089902139874],[-72.93297439455047,-13.491993547148985],[-72.93205098832166,-13.491985936140933]]]}},{"type":"Feature","properties":{"Cell_ID":139,"Area_ha":1.0,"LC":"9:0.981103,18:0.018897","XMIN":723744.86160847,"YMIN":8507413.59738907,"XMAX":723844.86160847,"YMAX":8507513.59738907},"geometry":{"type":"Polygon","coordinates":[[[-72.93204320885215,-13.49288958055231],[-72.93205098832166,-13.491985936140933],[-72.93297439455047,-13.491993547148985],[-72.93296661854873,-13.492897192088737],[-72.93204320885215,-13.49288958055231]]]}},{"type":"Feature","properties":{"Cell_ID":140,"Area_ha":1.0,"LC":"9:0.880014,13:0.041792,18:0.078195","XMIN":723744.86160847,"YMIN":8507313.59738907,"XMAX":723844.86160847,"YMAX":8507413.59738907},"geometry":{"type":"Polygon","coordinates":[[[-72.93203542881278,-13.493793224894324],[-72.93204320885215,-13.49288958055231],[-72.93296661854873,-13.492897192088737],[-72.93295884197737,-13.49380083695913],[-72.93203542881278,-13.493793224894324]]]}},{"type":"Feature","properties":{"Cell_ID":141,"Area_ha":1.0,"LC":"9:0.556818,13:0.443182","XMIN":723744.86160847,"YMIN":8507213.59738907,"XMAX":723844.86160847,"YMAX":8507313.59738907},"geometry":{"type":"Polygon","coordinates":[[[-72.93202764820353,-13.494696869166964],[-72.93203542881278,-13.493793224894324],[-72.93295884197737,-13.49380083695913],[-72.93295106483637,-13.494704481760149],[-72.93202764820353,-13.494696869166964]]]}},{"type":"Feature","properties":{"Cell_ID":142,"Area_ha":1.0,"LC":"9:0.523168,13:0.476832","XMIN":723744.86160847,"YMIN":8507113.59738907,"XMAX":723844.86160847,"YMAX":8507213.59738907},"geometry":{"type":"Polygon","coordinates":[[[-72.93201986702438,-13.495600513370228],[-72.93202764820353,-13.494696869166964],[-72.93295106483637,-13.494704481760149],[-72.93294328712575,-13.495608126491799],[-72.93201986702438,-13.495600513370228]]]}},{"type":"Feature","properties":{"Cell_ID":143,"Area_ha":1.0,"LC":"9:0.999866,13:0.000134","XMIN":723744.86160847,"YMIN":8507013.59738907,"XMAX":723844.86160847,"YMAX":8507113.59738907},"geometry":{"type":"Polygon","coordinates":[[[-72.93201208527535,-13.496504157504118],[-72.93201986702438,-13.495600513370228],[-72.93294328712575,-13.495608126491799],[-72.93293550884547,-13.496511771154076],[-72.93201208527535,-13.496504157504118]]]}},{"type":"Feature","properties":{"Cell_ID":144,"Area_ha":1.0,"LC":"5:0.360429,6:0.398061,14:0.241510","XMIN":723844.86160847,"YMIN":8509313.59738907,"XMAX":723944.86160847,"YMAX":8509413.59738907},"geometry":{"type":"Polygon","coordinates":[[[-72.93126757805415,-13.475712719991987],[-72.93127535016104,-13.474809074792008],[-72.93219868998113,-13.474816679150864],[-72.93219092133715,-13.475720324879381],[-72.93126757805415,-13.475712719991987]]]}},{"type":"Feature","properties":{"Cell_ID":145,"Area_ha":1.0,"LC":"3:0.781917,5:0.096677,6:0.120977,14:0.000429","XMIN":723844.86160847,"YMIN":8509213.59738907,"XMAX":723944.86160847,"YMAX":8509313.59738907},"geometry":{"type":"Polygon","coordinates":[[[-72.93125980537734,-13.47661636512268],[-72.93126757805415,-13.475712719991987],[-72.93219092133715,-13.475720324879381],[-72.93218315212351,-13.476623970538613],[-72.93125980537734,-13.47661636512268]]]}},{"type":"Feature","properties":{"Cell_ID":146,"Area_ha":1.0,"LC":"3:0.665129,5:0.334871","XMIN":723844.86160847,"YMIN":8509113.59738907,"XMAX":723944.86160847,"YMAX":8509213.59738907},"geometry":{"type":"Polygon","coordinates":[[[-72.93125203213057,-13.477520010184083],[-72.93125980537734,-13.47661636512268],[-72.93218315212351,-13.476623970538613],[-72.93217538234018,-13.47752761612856],[-72.93125203213057,-13.477520010184083]]]}},{"type":"Feature","properties":{"Cell_ID":147,"Area_ha":1.0,"LC":"3:0.183618,5:0.816382","XMIN":723844.86160847,"YMIN":8509013.59738907,"XMAX":723944.86160847,"YMAX":8509113.59738907},"geometry":{"type":"Polygon","coordinates":[[[-72.93124425831387,-13.478423655176186],[-72.93125203213057,-13.477520010184083],[-72.93217538234018,-13.47752761612856],[-72.93216761198715,-13.478431261649215],[-72.93124425831387,-13.478423655176186]]]}},{"type":"Feature","properties":{"Cell_ID":148,"Area_ha":1.0,"LC":"5:0.960281,6:0.039719","XMIN":723844.86160847,"YMIN":8508913.59738907,"XMAX":723944.86160847,"YMAX":8509013.59738907},"geometry":{"type":"Polygon","coordinates":[[[-72.93123648392721,-13.479327300098987],[-72.93124425831387,-13.478423655176186],[-72.93216761198715,-13.478431261649215],[-72.93215984106443,-13.479334907100569],[-72.93123648392721,-13.479327300098987]]]}},{"type":"Feature","properties":{"Cell_ID":149,"Area_ha":1.0,"LC":"5:0.361125,6:0.456677,14:0.182199","XMIN":723844.86160847,"YMIN":8508813.59738907,"XMAX":723944.86160847,"YMAX":8508913.59738907},"geometry":{"type":"Polygon","coordinates":[[[-72.93122870897058,-13.480230944952488],[-72.93123648392721,-13.479327300098987],[-72.93215984106443,-13.479334907100569],[-72.93215206957198,-13.480238552482623],[-72.93122870897058,-13.480230944952488]]]}},{"type":"Feature","properties":{"Cell_ID":150,"Area_ha":1.0,"LC":"3:0.459845,5:0.038061,6:0.078757,9:0.041792,14:0.381546","XMIN":723844.86160847,"YMIN":8508713.59738907,"XMAX":723944.86160847,"YMAX":8508813.59738907},"geometry":{"type":"Polygon","coordinates":[[[-72.93122093344398,-13.481134589736678],[-72.93122870897058,-13.480230944952488],[-72.93215206957198,-13.480238552482623],[-72.93214429750982,-13.481142197795371],[-72.93122093344398,-13.481134589736678]]]}},{"type":"Feature","properties":{"Cell_ID":151,"Area_ha":1.0,"LC":"3:0.001125,9:0.000147,14:0.998728","XMIN":723844.86160847,"YMIN":8508613.59738907,"XMAX":723944.86160847,"YMAX":8508713.59738907},"geometry":{"type":"Polygon","coordinates":[[[-72.93121315734737,-13.48203823445155],[-72.93122093344398,-13.481134589736678],[-72.93214429750982,-13.481142197795371],[-72.93213652487792,-13.482045843038811],[-72.93121315734737,-13.48203823445155]]]}},{"type":"Feature","properties":{"Cell_ID":152,"Area_ha":1.0,"LC":"6:0.079438,14:0.920562","XMIN":723844.86160847,"YMIN":8508513.59738907,"XMAX":723944.86160847,"YMAX":8508613.59738907},"geometry":{"type":"Polygon","coordinates":[[[-72.93120538068078,-13.482941879097107],[-72.93121315734737,-13.48203823445155],[-72.93213652487792,-13.482045843038811],[-72.93212875167629,-13.482949488212935],[-72.93120538068078,-13.482941879097107]]]}},{"type":"Feature","properties":{"Cell_ID":153,"Area_ha":1.0,"LC":"6:0.400562,9:0.259978,14:0.339459","XMIN":723844.86160847,"YMIN":8508413.59738907,"XMAX":723944.86160847,"YMAX":8508513.59738907},"geometry":{"type":"Polygon","coordinates":[[[-72.93119760344419,-13.483845523673343],[-72.93120538068078,-13.482941879097107],[-72.93212875167629,-13.482949488212935],[-72.93212097790489,-13.48385313331774],[-72.93119760344419,-13.483845523673343]]]}},{"type":"Feature","properties":{"Cell_ID":154,"Area_ha":1.0,"LC":"9:0.316979,13:0.623575,14:0.059446","XMIN":723844.86160847,"YMIN":8508313.59738907,"XMAX":723944.86160847,"YMAX":8508413.59738907},"geometry":{"type":"Polygon","coordinates":[[[-72.93118982563757,-13.48474916818025],[-72.93119760344419,-13.483845523673343],[-72.93212097790489,-13.48385313331774],[-72.93211320356372,-13.484756778353225],[-72.93118982563757,-13.48474916818025]]]}},{"type":"Feature","properties":{"Cell_ID":155,"Area_ha":1.0,"LC":"9:0.518861,13:0.481139","XMIN":723844.86160847,"YMIN":8508213.59738907,"XMAX":723944.86160847,"YMAX":8508313.59738907},"geometry":{"type":"Polygon","coordinates":[[[-72.93118204726092,-13.485652812617827],[-72.93118982563757,-13.48474916818025],[-72.93211320356372,-13.484756778353225],[-72.93210542865279,-13.485660423319379],[-72.93118204726092,-13.485652812617827]]]}},{"type":"Feature","properties":{"Cell_ID":156,"Area_ha":1.0,"LC":"9:0.836136,13:0.019164,14:0.144700","XMIN":723844.86160847,"YMIN":8508113.59738907,"XMAX":723944.86160847,"YMAX":8508213.59738907},"geometry":{"type":"Polygon","coordinates":[[[-72.93117426831422,-13.48655645698607],[-72.93118204726092,-13.485652812617827],[-72.93210542865279,-13.485660423319379],[-72.93209765317205,-13.486564068216204],[-72.93117426831422,-13.48655645698607]]]}},{"type":"Feature","properties":{"Cell_ID":157,"Area_ha":1.0,"LC":"3:0.178187,9:0.279320,14:0.542493","XMIN":723844.86160847,"YMIN":8508013.59738907,"XMAX":723944.86160847,"YMAX":8508113.59738907},"geometry":{"type":"Polygon","coordinates":[[[-72.93116648879749,-13.487460101284968],[-72.93117426831422,-13.48655645698607],[-72.93209765317205,-13.486564068216204],[-72.93208987712154,-13.48746771304369],[-72.93116648879749,-13.487460101284968]]]}},{"type":"Feature","properties":{"Cell_ID":158,"Area_ha":1.0,"LC":"3:0.898468,9:0.041939,14:0.059593","XMIN":723844.86160847,"YMIN":8507913.59738907,"XMAX":723944.86160847,"YMAX":8508013.59738907},"geometry":{"type":"Polygon","coordinates":[[[-72.93115870871068,-13.488363745514526],[-72.93116648879749,-13.487460101284968],[-72.93208987712154,-13.48746771304369],[-72.93208210050122,-13.488371357801837],[-72.93115870871068,-13.488363745514526]]]}},{"type":"Feature","properties":{"Cell_ID":159,"Area_ha":1.0,"LC":"3:0.321406,9:0.398594,14:0.280000","XMIN":723844.86160847,"YMIN":8507813.59738907,"XMAX":723944.86160847,"YMAX":8507913.59738907},"geometry":{"type":"Polygon","coordinates":[[[-72.93115092805382,-13.489267389674733],[-72.93115870871068,-13.488363745514526],[-72.93208210050122,-13.488371357801837],[-72.93207432331108,-13.48927500249064],[-72.93115092805382,-13.489267389674733]]]}},{"type":"Feature","properties":{"Cell_ID":160,"Area_ha":1.0,"LC":"9:0.745262,13:0.254738","XMIN":723844.86160847,"YMIN":8507713.59738907,"XMAX":723944.86160847,"YMAX":8507813.59738907},"geometry":{"type":"Polygon","coordinates":[[[-72.93114314682687,-13.490171033765586],[-72.93115092805382,-13.489267389674733],[-72.93207432331108,-13.48927500249064],[-72.93206654555111,-13.490178647110092],[-72.93114314682687,-13.490171033765586]]]}},{"type":"Feature","properties":{"Cell_ID":161,"Area_ha":1.0,"LC":"9:0.921658,13:0.059446,18:0.018897","XMIN":723844.86160847,"YMIN":8507613.59738907,"XMAX":723944.86160847,"YMAX":8507713.59738907},"geometry":{"type":"Polygon","coordinates":[[[-72.93113536502983,-13.491074677787086],[-72.93114314682687,-13.490171033765586],[-72.93206654555111,-13.490178647110092],[-72.9320587672213,-13.49108229166019],[-72.93113536502983,-13.491074677787086]]]}},{"type":"Feature","properties":{"Cell_ID":162,"Area_ha":1.0,"LC":"9:0.999866,18:0.000134","XMIN":723844.86160847,"YMIN":8507513.59738907,"XMAX":723944.86160847,"YMAX":8507613.59738907},"geometry":{"type":"Polygon","coordinates":[[[-72.9311275826627,-13.491978321739223],[-72.93113536502983,-13.491074677787086],[-72.9320587672213,-13.49108229166019],[-72.93205098832166,-13.491985936140933],[-72.9311275826627,-13.491978321739223]]]}},{"type":"Feature","properties":{"Cell_ID":163,"Area_ha":1.0,"LC":"9:0.740303,13:0.259697","XMIN":723844.86160847,"YMIN":8507413.59738907,"XMAX":723944.86160847,"YMAX":8507513.59738907},"geometry":{"type":"Polygon","coordinates":[[[-72.93111979972544,-13.492881965621992],[-72.9311275826627,-13.491978321739223],[-72.93205098832166,-13.491985936140933],[-72.93204320885215,-13.49288958055231],[-72.93111979972544,-13.492881965621992]]]}},{"type":"Feature","properties":{"Cell_ID":164,"Area_ha":1.0,"LC":"5:0.882635,14:0.117365","XMIN":723944.86160847,"YMIN":8509313.59738907,"XMAX":724044.86160847,"YMAX":8509413.59738907},"geometry":{"type":"Polygon","coordinates":[[[-72.93034423534107,-13.47570511171518],[-72.93035201091087,-13.474801467043974],[-72.93127535016104,-13.474809074792008],[-72.93126757805415,-13.475712719991987],[-72.93034423534107,-13.47570511171518]]]}},{"type":"Feature","properties":{"Cell_ID":165,"Area_ha":1.0,"LC":"3:0.095019,5:0.145410,14:0.759571","XMIN":723944.86160847,"YMIN":8509213.59738907,"XMAX":724044.86160847,"YMAX":8509313.59738907},"geometry":{"type":"Polygon","coordinates":[[[-72.93033645920109,-13.4766087563171],[-72.93034423534107,-13.47570511171518],[-72.93126757805415,-13.475712719991987],[-72.93125980537734,-13.47661636512268],[-72.93033645920109,-13.4766087563171]]]}},{"type":"Feature","properties":{"Cell_ID":166,"Area_ha":1.0,"LC":"3:0.374309,5:0.063056,14:0.562635","XMIN":723944.86160847,"YMIN":8509113.59738907,"XMAX":724044.86160847,"YMAX":8509213.59738907},"geometry":{"type":"Polygon","coordinates":[[[-72.93032868249091,-13.477512400849722],[-72.93033645920109,-13.4766087563171],[-72.93125980537734,-13.47661636512268],[-72.93125203213057,-13.477520010184083],[-72.93032868249091,-13.477512400849722]]]}},{"type":"Feature","properties":{"Cell_ID":167,"Area_ha":1.0,"LC":"3:0.816944,5:0.037927,14:0.145129","XMIN":723944.86160847,"YMIN":8509013.59738907,"XMAX":724044.86160847,"YMAX":8509113.59738907},"geometry":{"type":"Polygon","coordinates":[[[-72.93032090521054,-13.478416045313041],[-72.93032868249091,-13.477512400849722],[-72.93125203213057,-13.477520010184083],[-72.93124425831387,-13.478423655176186],[-72.93032090521054,-13.478416045313041]]]}},{"type":"Feature","properties":{"Cell_ID":168,"Area_ha":1.0,"LC":"3:0.361125,5:0.214871,14:0.424004","XMIN":723944.86160847,"YMIN":8508913.59738907,"XMAX":724044.86160847,"YMAX":8509013.59738907},"geometry":{"type":"Polygon","coordinates":[[[-72.93031312735995,-13.479319689707056],[-72.93032090521054,-13.478416045313041],[-72.93124425831387,-13.478423655176186],[-72.93123648392721,-13.479327300098987],[-72.93031312735995,-13.479319689707056]]]}},{"type":"Feature","properties":{"Cell_ID":169,"Area_ha":1.0,"LC":"5:0.078476,14:0.921524","XMIN":723944.86160847,"YMIN":8508813.59738907,"XMAX":724044.86160847,"YMAX":8508913.59738907},"geometry":{"type":"Polygon","coordinates":[[[-72.93030534893916,-13.480223334031765],[-72.93031312735995,-13.479319689707056],[-72.93123648392721,-13.479327300098987],[-72.93122870897058,-13.480230944952488],[-72.93030534893916,-13.480223334031765]]]}},{"type":"Feature","properties":{"Cell_ID":170,"Area_ha":1.0,"LC":"3:0.119853,9:0.476802,14:0.403345","XMIN":723944.86160847,"YMIN":8508713.59738907,"XMAX":724044.86160847,"YMAX":8508813.59738907},"geometry":{"type":"Polygon","coordinates":[[[-72.93029756994811,-13.48112697828716],[-72.93030534893916,-13.480223334031765],[-72.93122870897058,-13.480230944952488],[-72.93122093344398,-13.481134589736678],[-72.93029756994811,-13.48112697828716]]]}},{"type":"Feature","properties":{"Cell_ID":171,"Area_ha":1.0,"LC":"3:0.264847,9:0.360696,14:0.374456","XMIN":723944.86160847,"YMIN":8508613.59738907,"XMAX":724044.86160847,"YMAX":8508713.59738907},"geometry":{"type":"Polygon","coordinates":[[[-72.93028979038682,-13.482030622473236],[-72.93029756994811,-13.48112697828716],[-72.93122093344398,-13.481134589736678],[-72.93121315734737,-13.48203823445155],[-72.93028979038682,-13.482030622473236]]]}},{"type":"Feature","properties":{"Cell_ID":172,"Area_ha":1.0,"LC":"3:0.000147,9:0.322501,14:0.677351","XMIN":723944.86160847,"YMIN":8508513.59738907,"XMAX":724044.86160847,"YMAX":8508613.59738907},"geometry":{"type":"Polygon","coordinates":[[[-72.9302820102553,-13.482934266589988],[-72.93028979038682,-13.482030622473236],[-72.93121315734737,-13.48203823445155],[-72.93120538068078,-13.482941879097107],[-72.9302820102553,-13.482934266589988]]]}},{"type":"Feature","properties":{"Cell_ID":173,"Area_ha":1.0,"LC":"6:0.060541,9:0.039866,14:0.899593","XMIN":723944.86160847,"YMIN":8508413.59738907,"XMAX":724044.86160847,"YMAX":8508513.59738907},"geometry":{"type":"Polygon","coordinates":[[[-72.9302742295535,-13.483837910637416],[-72.9302820102553,-13.482934266589988],[-72.93120538068078,-13.482941879097107],[-72.93119760344419,-13.483845523673343],[-72.9302742295535,-13.483837910637416]]]}},{"type":"Feature","properties":{"Cell_ID":174,"Area_ha":1.0,"LC":"6:0.183337,9:0.380541,13:0.294738,14:0.141384","XMIN":723944.86160847,"YMIN":8508313.59738907,"XMAX":724044.86160847,"YMAX":8508413.59738907},"geometry":{"type":"Polygon","coordinates":[[[-72.93026644828143,-13.484741554615512],[-72.9302742295535,-13.483837910637416],[-72.93119760344419,-13.483845523673343],[-72.93118982563757,-13.48474916818025],[-72.93026644828143,-13.484741554615512]]]}},{"type":"Feature","properties":{"Cell_ID":175,"Area_ha":1.0,"LC":"9:0.278490,13:0.057507,14:0.664004","XMIN":723944.86160847,"YMIN":8508213.59738907,"XMAX":724044.86160847,"YMAX":8508313.59738907},"geometry":{"type":"Polygon","coordinates":[[[-72.93025866643907,-13.485645198524276],[-72.93026644828143,-13.484741554615512],[-72.93118982563757,-13.48474916818025],[-72.93118204726092,-13.485652812617827],[-72.93025866643907,-13.485645198524276]]]}},{"type":"Feature","properties":{"Cell_ID":176,"Area_ha":1.0,"LC":"9:0.000134,14:0.999866","XMIN":723944.86160847,"YMIN":8508113.59738907,"XMAX":724044.86160847,"YMAX":8508213.59738907},"geometry":{"type":"Polygon","coordinates":[[[-72.93025088402644,-13.4865488423637],[-72.93025866643907,-13.485645198524276],[-72.93118204726092,-13.485652812617827],[-72.93117426831422,-13.48655645698607],[-72.93025088402644,-13.4865488423637]]]}},{"type":"Feature","properties":{"Cell_ID":177,"Area_ha":1.0,"LC":"3:0.339563,14:0.660437","XMIN":723944.86160847,"YMIN":8508013.59738907,"XMAX":724044.86160847,"YMAX":8508113.59738907},"geometry":{"type":"Polygon","coordinates":[[[-72.93024310104349,-13.487452486133776],[-72.93025088402644,-13.4865488423637],[-72.93117426831422,-13.48655645698607],[-72.93116648879749,-13.487460101284968],[-72.93024310104349,-13.487452486133776]]]}},{"type":"Feature","properties":{"Cell_ID":178,"Area_ha":1.0,"LC":"3:0.298364,6:0.142761,9:0.558875","XMIN":723944.86160847,"YMIN":8507913.59738907,"XMAX":724044.86160847,"YMAX":8508013.59738907},"geometry":{"type":"Polygon","coordinates":[[[-72.93023531749023,-13.48835612983451],[-72.93024310104349,-13.487452486133776],[-72.93116648879749,-13.487460101284968],[-72.93115870871068,-13.488363745514526],[-72.93023531749023,-13.48835612983451]]]}},{"type":"Feature","properties":{"Cell_ID":179,"Area_ha":1.0,"LC":"3:0.000134,6:0.021117,9:0.277927,14:0.700822","XMIN":723944.86160847,"YMIN":8507813.59738907,"XMAX":724044.86160847,"YMAX":8507913.59738907},"geometry":{"type":"Polygon","coordinates":[[[-72.93022753336665,-13.489259773465887],[-72.93023531749023,-13.48835612983451],[-72.93115870871068,-13.488363745514526],[-72.93115092805382,-13.489267389674733],[-72.93022753336665,-13.489259773465887]]]}},{"type":"Feature","properties":{"Cell_ID":180,"Area_ha":1.0,"LC":"9:0.957914,14:0.042086","XMIN":723944.86160847,"YMIN":8507713.59738907,"XMAX":724044.86160847,"YMAX":8507813.59738907},"geometry":{"type":"Polygon","coordinates":[[[-72.93021974867271,-13.490163417027908],[-72.93022753336665,-13.489259773465887],[-72.93115092805382,-13.489267389674733],[-72.93114314682687,-13.490171033765586],[-72.93021974867271,-13.490163417027908]]]}},{"type":"Feature","properties":{"Cell_ID":181,"Area_ha":1.0,"LC":"9:0.798771,13:0.201229","XMIN":723944.86160847,"YMIN":8507613.59738907,"XMAX":724044.86160847,"YMAX":8507713.59738907},"geometry":{"type":"Polygon","coordinates":[[[-72.93021196340845,-13.49106706052057],[-72.93021974867271,-13.490163417027908],[-72.93114314682687,-13.490171033765586],[-72.93113536502983,-13.491074677787086],[-72.93021196340845,-13.49106706052057]]]}},{"type":"Feature","properties":{"Cell_ID":182,"Area_ha":1.0,"LC":"9:0.816382,13:0.183618","XMIN":723944.86160847,"YMIN":8507513.59738907,"XMAX":724044.86160847,"YMAX":8507613.59738907},"geometry":{"type":"Polygon","coordinates":[[[-72.93020417757384,-13.491970703943865],[-72.93021196340845,-13.49106706052057],[-72.93113536502983,-13.491074677787086],[-72.9311275826627,-13.491978321739223],[-72.93020417757384,-13.491970703943865]]]}},{"type":"Feature","properties":{"Cell_ID":183,"Area_ha":1.0,"LC":"9:0.497935,13:0.258334,14:0.243730","XMIN":723944.86160847,"YMIN":8507413.59738907,"XMAX":724044.86160847,"YMAX":8507513.59738907},"geometry":{"type":"Polygon","coordinates":[[[-72.93019639116885,-13.49287434729779],[-72.93020417757384,-13.491970703943865],[-72.9311275826627,-13.491978321739223],[-72.93111979972544,-13.492881965621992],[-72.93019639116885,-13.49287434729779]]]}},{"type":"Feature","properties":{"Cell_ID":184,"Area_ha":1.0,"LC":"5:1.000000","XMIN":724044.86160847,"YMIN":8509213.59738907,"XMAX":724144.86160847,"YMAX":8509313.59738907},"geometry":{"type":"Polygon","coordinates":[[[-72.92941311359503,-13.476601144121886],[-72.92942089319817,-13.475697500048982],[-72.93034423534107,-13.47570511171518],[-72.93033645920109,-13.4766087563171],[-72.92941311359503,-13.476601144121886]]]}},{"type":"Feature","properties":{"Cell_ID":185,"Area_ha":1.0,"LC":"5:0.199467,9:0.203449,14:0.597084","XMIN":724044.86160847,"YMIN":8509113.59738907,"XMAX":724144.86160847,"YMAX":8509213.59738907},"geometry":{"type":"Polygon","coordinates":[[[-72.92940533342146,-13.477504788125493],[-72.92941311359503,-13.476601144121886],[-72.93033645920109,-13.4766087563171],[-72.93032868249091,-13.477512400849722],[-72.92940533342146,-13.477504788125493]]]}},{"type":"Feature","properties":{"Cell_ID":186,"Area_ha":1.0,"LC":"5:0.220260,9:0.000429,14:0.779312","XMIN":724044.86160847,"YMIN":8509013.59738907,"XMAX":724144.86160847,"YMAX":8509113.59738907},"geometry":{"type":"Polygon","coordinates":[[[-72.92939755267741,-13.478408432059794],[-72.92940533342146,-13.477504788125493],[-72.93032868249091,-13.477512400849722],[-72.93032090521054,-13.478416045313041],[-72.92939755267741,-13.478408432059794]]]}},{"type":"Feature","properties":{"Cell_ID":187,"Area_ha":1.0,"LC":"5:0.440710,14:0.559290","XMIN":724044.86160847,"YMIN":8508913.59738907,"XMAX":724144.86160847,"YMAX":8509013.59738907},"geometry":{"type":"Polygon","coordinates":[[[-72.92938977136292,-13.479312075924788],[-72.92939755267741,-13.478408432059794],[-72.93032090521054,-13.478416045313041],[-72.93031312735995,-13.479319689707056],[-72.92938977136292,-13.479312075924788]]]}},{"type":"Feature","properties":{"Cell_ID":188,"Area_ha":1.0,"LC":"14:1.000000","XMIN":724044.86160847,"YMIN":8508813.59738907,"XMAX":724144.86160847,"YMAX":8508913.59738907},"geometry":{"type":"Polygon","coordinates":[[[-72.92938198947796,-13.480215719720464],[-72.92938977136292,-13.479312075924788],[-72.93031312735995,-13.479319689707056],[-72.93030534893916,-13.480223334031765],[-72.92938198947796,-13.480215719720464]]]}},{"type":"Feature","properties":{"Cell_ID":189,"Area_ha":1.0,"LC":"3:0.619563,14:0.380437","XMIN":724044.86160847,"YMIN":8508713.59738907,"XMAX":724144.86160847,"YMAX":8508813.59738907},"geometry":{"type":"Polygon","coordinates":[[[-72.92937420702248,-13.481119363446831],[-72.92938198947796,-13.480215719720464],[-72.93030534893916,-13.480223334031765],[-72.93029756994811,-13.48112697828716],[-72.92937420702248,-13.481119363446831]]]}},{"type":"Feature","properties":{"Cell_ID":190,"Area_ha":1.0,"LC":"3:0.256425,9:0.722753,14:0.020822","XMIN":724044.86160847,"YMIN":8508613.59738907,"XMAX":724144.86160847,"YMAX":8508713.59738907},"geometry":{"type":"Polygon","coordinates":[[[-72.92936642399653,-13.48202300710387],[-72.92937420702248,-13.481119363446831],[-72.93029756994811,-13.48112697828716],[-72.93028979038682,-13.482030622473236],[-72.92936642399653,-13.48202300710387]]]}},{"type":"Feature","properties":{"Cell_ID":191,"Area_ha":1.0,"LC":"3:0.000134,6:0.182480,9:0.438623,14:0.378763","XMIN":724044.86160847,"YMIN":8508513.59738907,"XMAX":724144.86160847,"YMAX":8508613.59738907},"geometry":{"type":"Polygon","coordinates":[[[-72.92935864040007,-13.482926650691587],[-72.92936642399653,-13.48202300710387],[-72.93028979038682,-13.482030622473236],[-72.9302820102553,-13.482934266589988],[-72.92935864040007,-13.482926650691587]]]}},{"type":"Feature","properties":{"Cell_ID":192,"Area_ha":1.0,"LC":"6:0.199023,9:0.703471,14:0.097507","XMIN":724044.86160847,"YMIN":8508413.59738907,"XMAX":724144.86160847,"YMAX":8508513.59738907},"geometry":{"type":"Polygon","coordinates":[[[-72.92935085623309,-13.483830294209971],[-72.92935864040007,-13.482926650691587],[-72.9302820102553,-13.482934266589988],[-72.9302742295535,-13.483837910637416],[-72.92935085623309,-13.483830294209971]]]}},{"type":"Feature","properties":{"Cell_ID":193,"Area_ha":1.0,"LC":"6:0.762916,9:0.099031,14:0.138053","XMIN":724044.86160847,"YMIN":8508313.59738907,"XMAX":724144.86160847,"YMAX":8508413.59738907},"geometry":{"type":"Polygon","coordinates":[[[-72.92934307149558,-13.484733937659023],[-72.92935085623309,-13.483830294209971],[-72.9302742295535,-13.483837910637416],[-72.93026644828143,-13.484741554615512],[-72.92934307149558,-13.484733937659023]]]}},{"type":"Feature","properties":{"Cell_ID":194,"Area_ha":1.0,"LC":"6:0.000429,9:0.104700,14:0.894871","XMIN":724044.86160847,"YMIN":8508213.59738907,"XMAX":724144.86160847,"YMAX":8508313.59738907},"geometry":{"type":"Polygon","coordinates":[[[-72.92933528618754,-13.48563758103874],[-72.92934307149558,-13.484733937659023],[-72.93026644828143,-13.484741554615512],[-72.93025866643907,-13.485645198524276],[-72.92933528618754,-13.48563758103874]]]}},{"type":"Feature","properties":{"Cell_ID":195,"Area_ha":1.0,"LC":"3:0.020822,9:0.000147,14:0.979031","XMIN":724044.86160847,"YMIN":8508113.59738907,"XMAX":724144.86160847,"YMAX":8508213.59738907},"geometry":{"type":"Polygon","coordinates":[[[-72.92932750030896,-13.486541224349107],[-72.92933528618754,-13.48563758103874],[-72.93025866643907,-13.485645198524276],[-72.93025088402644,-13.4865488423637],[-72.92932750030896,-13.486541224349107]]]}},{"type":"Feature","properties":{"Cell_ID":196,"Area_ha":1.0,"LC":"3:0.419711,14:0.580289","XMIN":724044.86160847,"YMIN":8508013.59738907,"XMAX":724144.86160847,"YMAX":8508113.59738907},"geometry":{"type":"Polygon","coordinates":[[[-72.9293197138598,-13.487444867590124],[-72.92932750030896,-13.486541224349107],[-72.93025088402644,-13.4865488423637],[-72.93024310104349,-13.487452486133776],[-72.9293197138598,-13.487444867590124]]]}},{"type":"Feature","properties":{"Cell_ID":197,"Area_ha":1.0,"LC":"3:0.545544,6:0.376395,9:0.078061","XMIN":724044.86160847,"YMIN":8507913.59738907,"XMAX":724144.86160847,"YMAX":8508013.59738907},"geometry":{"type":"Polygon","coordinates":[[[-72.92931192684009,-13.488348510761796],[-72.9293197138598,-13.487444867590124],[-72.93024310104349,-13.487452486133776],[-72.93023531749023,-13.48835612983451],[-72.92931192684009,-13.488348510761796]]]}},{"type":"Feature","properties":{"Cell_ID":198,"Area_ha":1.0,"LC":"3:0.000710,6:0.200696,9:0.142908,14:0.655685","XMIN":724044.86160847,"YMIN":8507813.59738907,"XMAX":724144.86160847,"YMAX":8507913.59738907},"geometry":{"type":"Polygon","coordinates":[[[-72.9293041392498,-13.48925215386411],[-72.92931192684009,-13.488348510761796],[-72.93023531749023,-13.48835612983451],[-72.93022753336665,-13.489259773465887],[-72.9293041392498,-13.48925215386411]]]}},{"type":"Feature","properties":{"Cell_ID":199,"Area_ha":1.0,"LC":"9:0.697624,14:0.302376","XMIN":724044.86160847,"YMIN":8507713.59738907,"XMAX":724144.86160847,"YMAX":8507813.59738907},"geometry":{"type":"Polygon","coordinates":[[[-72.92929635108891,-13.490155796897062],[-72.9293041392498,-13.48925215386411],[-72.93022753336665,-13.489259773465887],[-72.93021974867271,-13.490163417027908],[-72.92929635108891,-13.490155796897062]]]}},{"type":"Feature","properties":{"Cell_ID":200,"Area_ha":1.0,"LC":"5:0.460688,9:0.339727,13:0.117646,14:0.081939","XMIN":724044.86160847,"YMIN":8507613.59738907,"XMAX":724144.86160847,"YMAX":8507713.59738907},"geometry":{"type":"Polygon","coordinates":[[[-72.92928856235743,-13.491059439860647],[-72.92929635108891,-13.490155796897062],[-72.93021974867271,-13.490163417027908],[-72.93021196340845,-13.49106706052057],[-72.92928856235743,-13.491059439860647]]]}},{"type":"Feature","properties":{"Cell_ID":201,"Area_ha":1.0,"LC":"5:0.000281,9:0.822212,13:0.177507","XMIN":724044.86160847,"YMIN":8507513.59738907,"XMAX":724144.86160847,"YMAX":8507613.59738907},"geometry":{"type":"Polygon","coordinates":[[[-72.92928077305534,-13.491963082754866],[-72.92928856235743,-13.491059439860647],[-72.93021196340845,-13.49106706052057],[-72.93020417757384,-13.491970703943865],[-72.92928077305534,-13.491963082754866]]]}},{"type":"Feature","properties":{"Cell_ID":202,"Area_ha":1.0,"LC":"5:0.724855,9:0.275145","XMIN":724144.86160847,"YMIN":8509113.59738907,"XMAX":724244.86160847,"YMAX":8509213.59738907},"geometry":{"type":"Polygon","coordinates":[[[-72.92848198492244,-13.477497172011402],[-72.92848976855943,-13.47659352853705],[-72.92941311359503,-13.476601144121886],[-72.92940533342146,-13.477504788125493],[-72.92848198492244,-13.477497172011402]]]}},{"type":"Feature","properties":{"Cell_ID":203,"Area_ha":1.0,"LC":"5:0.279451,9:0.343605,14:0.376944","XMIN":724144.86160847,"YMIN":8509013.59738907,"XMAX":724244.86160847,"YMAX":8509113.59738907},"geometry":{"type":"Polygon","coordinates":[[[-72.92847420071477,-13.478400815416451],[-72.92848198492244,-13.477497172011402],[-72.92940533342146,-13.477504788125493],[-72.92939755267741,-13.478408432059794],[-72.92847420071477,-13.478400815416451]]]}},{"type":"Feature","properties":{"Cell_ID":204,"Area_ha":1.0,"LC":"5:0.280696,9:0.241792,14:0.477512","XMIN":724144.86160847,"YMIN":8508913.59738907,"XMAX":724244.86160847,"YMAX":8509013.59738907},"geometry":{"type":"Polygon","coordinates":[[[-72.92846641593636,-13.47930445875218],[-72.92847420071477,-13.478400815416451],[-72.92939755267741,-13.478408432059794],[-72.92938977136292,-13.479312075924788],[-72.92846641593636,-13.47930445875218]]]}},{"type":"Feature","properties":{"Cell_ID":205,"Area_ha":1.0,"LC":"5:0.000281,9:0.000429,14:0.999290","XMIN":724144.86160847,"YMIN":8508813.59738907,"XMAX":724244.86160847,"YMAX":8508913.59738907},"geometry":{"type":"Polygon","coordinates":[[[-72.92845863058723,-13.4802081020186],[-72.92846641593636,-13.47930445875218],[-72.92938977136292,-13.479312075924788],[-72.92938198947796,-13.480215719720464],[-72.92845863058723,-13.4802081020186]]]}},{"type":"Feature","properties":{"Cell_ID":206,"Area_ha":1.0,"LC":"3:0.298053,14:0.701947","XMIN":724144.86160847,"YMIN":8508713.59738907,"XMAX":724244.86160847,"YMAX":8508813.59738907},"geometry":{"type":"Polygon","coordinates":[[[-72.92845084466735,-13.481111745215697],[-72.92845863058723,-13.4802081020186],[-72.92938198947796,-13.480215719720464],[-72.92937420702248,-13.481119363446831],[-72.92845084466735,-13.481111745215697]]]}},{"type":"Feature","properties":{"Cell_ID":207,"Area_ha":1.0,"LC":"3:0.402916,9:0.276122,14:0.320962","XMIN":724144.86160847,"YMIN":8508613.59738907,"XMAX":724244.86160847,"YMAX":8508713.59738907},"geometry":{"type":"Polygon","coordinates":[[[-72.92844305817674,-13.48201538834347],[-72.92845084466735,-13.481111745215697],[-72.92937420702248,-13.481119363446831],[-72.92936642399653,-13.48202300710387],[-72.92844305817674,-13.48201538834347]]]}},{"type":"Feature","properties":{"Cell_ID":208,"Area_ha":1.0,"LC":"3:0.363730,6:0.295833,14:0.340437","XMIN":724144.86160847,"YMIN":8508513.59738907,"XMAX":724244.86160847,"YMAX":8508613.59738907},"geometry":{"type":"Polygon","coordinates":[[[-72.92843527111535,-13.482919031401913],[-72.92844305817674,-13.48201538834347],[-72.92936642399653,-13.48202300710387],[-72.92935864040007,-13.482926650691587],[-72.92843527111535,-13.482919031401913]]]}},{"type":"Feature","properties":{"Cell_ID":209,"Area_ha":1.0,"LC":"3:0.122086,6:0.100155,9:0.777758","XMIN":724144.86160847,"YMIN":8508413.59738907,"XMAX":724244.86160847,"YMAX":8508513.59738907},"geometry":{"type":"Polygon","coordinates":[[[-72.9284274834832,-13.483822674391018],[-72.92843527111535,-13.482919031401913],[-72.92935864040007,-13.482926650691587],[-72.92935085623309,-13.483830294209971],[-72.9284274834832,-13.483822674391018]]]}},{"type":"Feature","properties":{"Cell_ID":210,"Area_ha":1.0,"LC":"6:0.255153,9:0.744847","XMIN":724144.86160847,"YMIN":8508313.59738907,"XMAX":724244.86160847,"YMAX":8508413.59738907},"geometry":{"type":"Polygon","coordinates":[[[-72.92841969528027,-13.484726317310788],[-72.9284274834832,-13.483822674391018],[-72.92935085623309,-13.483830294209971],[-72.92934307149558,-13.484733937659023],[-72.92841969528027,-13.484726317310788]]]}},{"type":"Feature","properties":{"Cell_ID":211,"Area_ha":1.0,"LC":"6:0.000134,9:0.999866","XMIN":724144.86160847,"YMIN":8508213.59738907,"XMAX":724244.86160847,"YMAX":8508313.59738907},"geometry":{"type":"Polygon","coordinates":[[[-72.92841190650654,-13.485629960161218],[-72.92841969528027,-13.484726317310788],[-72.92934307149558,-13.484733937659023],[-72.92933528618754,-13.48563758103874],[-72.92841190650654,-13.485629960161218]]]}},{"type":"Feature","properties":{"Cell_ID":212,"Area_ha":1.0,"LC":"3:0.098334,9:0.262376,14:0.639290","XMIN":724144.86160847,"YMIN":8508113.59738907,"XMAX":724244.86160847,"YMAX":8508213.59738907},"geometry":{"type":"Polygon","coordinates":[[[-72.92840411716202,-13.486533602942298],[-72.92841190650654,-13.485629960161218],[-72.92933528618754,-13.48563758103874],[-72.92932750030896,-13.486541224349107],[-72.92840411716202,-13.486533602942298]]]}},{"type":"Feature","properties":{"Cell_ID":213,"Area_ha":1.0,"LC":"3:0.841229,14:0.158771","XMIN":724144.86160847,"YMIN":8508013.59738907,"XMAX":724244.86160847,"YMAX":8508113.59738907},"geometry":{"type":"Polygon","coordinates":[[[-72.92839632724669,-13.487437245654023],[-72.92840411716202,-13.486533602942298],[-72.92932750030896,-13.486541224349107],[-72.9293197138598,-13.487444867590124],[-72.92839632724669,-13.487437245654023]]]}},{"type":"Feature","properties":{"Cell_ID":214,"Area_ha":1.0,"LC":"3:0.296425,5:0.419845,9:0.283730","XMIN":724144.86160847,"YMIN":8507913.59738907,"XMAX":724244.86160847,"YMAX":8508013.59738907},"geometry":{"type":"Polygon","coordinates":[[[-72.92838853676051,-13.488340888296396],[-72.92839632724669,-13.487437245654023],[-72.9293197138598,-13.487444867590124],[-72.92931192684009,-13.488348510761796],[-72.92838853676051,-13.488340888296396]]]}},{"type":"Feature","properties":{"Cell_ID":215,"Area_ha":1.0,"LC":"3:0.000134,5:0.083064,6:0.019031,9:0.878875,14:0.018897","XMIN":724144.86160847,"YMIN":8507813.59738907,"XMAX":724244.86160847,"YMAX":8507913.59738907},"geometry":{"type":"Polygon","coordinates":[[[-72.92838074570352,-13.48924453086941],[-72.92838853676051,-13.488340888296396],[-72.92931192684009,-13.488348510761796],[-72.9293041392498,-13.48925215386411],[-72.92838074570352,-13.48924453086941]]]}},{"type":"Feature","properties":{"Cell_ID":216,"Area_ha":1.0,"LC":"9:0.560295,14:0.439705","XMIN":724144.86160847,"YMIN":8507713.59738907,"XMAX":724244.86160847,"YMAX":8507813.59738907},"geometry":{"type":"Polygon","coordinates":[[[-72.9283729540757,-13.490148173373058],[-72.92838074570352,-13.48924453086941],[-72.9293041392498,-13.48925215386411],[-72.92929635108891,-13.490155796897062],[-72.9283729540757,-13.490148173373058]]]}},{"type":"Feature","properties":{"Cell_ID":217,"Area_ha":1.0,"LC":"5:0.019031,9:0.822480,14:0.158490","XMIN":724144.86160847,"YMIN":8507613.59738907,"XMAX":724244.86160847,"YMAX":8507713.59738907},"geometry":{"type":"Polygon","coordinates":[[[-72.92836516187703,-13.491051815807333],[-72.9283729540757,-13.490148173373058],[-72.92929635108891,-13.490155796897062],[-72.92928856235743,-13.491059439860647],[-72.92836516187703,-13.491051815807333]]]}},{"type":"Feature","properties":{"Cell_ID":218,"Area_ha":1.0,"LC":"9:1.000000","XMIN":724144.86160847,"YMIN":8507513.59738907,"XMAX":724244.86160847,"YMAX":8507613.59738907},"geometry":{"type":"Polygon","coordinates":[[[-72.92835736910746,-13.49195545817224],[-72.92836516187703,-13.491051815807333],[-72.92928856235743,-13.491059439860647],[-72.92928077305534,-13.491963082754866],[-72.92835736910746,-13.49195545817224]]]}},{"type":"Feature","properties":{"Cell_ID":219,"Area_ha":1.0,"LC":"5:1.000000","XMIN":724244.86160847,"YMIN":8509113.59738907,"XMAX":724344.86160847,"YMAX":8509213.59738907},"geometry":{"type":"Polygon","coordinates":[[[-72.92755863699416,-13.477489552507466],[-72.92756642409452,-13.476585909562594],[-72.92848976855943,-13.47659352853705],[-72.92848198492244,-13.477497172011402],[-72.92755863699416,-13.477489552507466]]]}},{"type":"Feature","properties":{"Cell_ID":220,"Area_ha":1.0,"LC":"5:0.422376,9:0.097092,14:0.480533","XMIN":724244.86160847,"YMIN":8509013.59738907,"XMAX":724344.86160847,"YMAX":8509113.59738907},"geometry":{"type":"Polygon","coordinates":[[[-72.92755084932284,-13.47839319538302],[-72.92755863699416,-13.477489552507466],[-72.92848198492244,-13.477497172011402],[-72.92847420071477,-13.478400815416451],[-72.92755084932284,-13.47839319538302]]]}},{"type":"Feature","properties":{"Cell_ID":221,"Area_ha":1.0,"LC":"5:0.139978,9:0.399585,14:0.460437","XMIN":724244.86160847,"YMIN":8508913.59738907,"XMAX":724344.86160847,"YMAX":8509013.59738907},"geometry":{"type":"Polygon","coordinates":[[[-72.92754306108054,-13.47929683818926],[-72.92755084932284,-13.47839319538302],[-72.92847420071477,-13.478400815416451],[-72.92846641593636,-13.47930445875218],[-72.92754306108054,-13.47929683818926]]]}},{"type":"Feature","properties":{"Cell_ID":222,"Area_ha":1.0,"LC":"5:0.181961,9:0.000415,14:0.817624","XMIN":724244.86160847,"YMIN":8508813.59738907,"XMAX":724344.86160847,"YMAX":8508913.59738907},"geometry":{"type":"Polygon","coordinates":[[[-72.92753527226725,-13.480200480926179],[-72.92754306108054,-13.47929683818926],[-72.92846641593636,-13.47930445875218],[-72.92845863058723,-13.4802081020186],[-72.92753527226725,-13.480200480926179]]]}},{"type":"Feature","properties":{"Cell_ID":223,"Area_ha":1.0,"LC":"3:0.661917,14:0.338083","XMIN":724244.86160847,"YMIN":8508713.59738907,"XMAX":724344.86160847,"YMAX":8508813.59738907},"geometry":{"type":"Polygon","coordinates":[[[-72.92752748288298,-13.481104123593777],[-72.92753527226725,-13.480200480926179],[-72.92845863058723,-13.4802081020186],[-72.92845084466735,-13.481111745215697],[-72.92752748288298,-13.481104123593777]]]}},{"type":"Feature","properties":{"Cell_ID":224,"Area_ha":1.0,"LC":"3:0.280991,14:0.719009","XMIN":724244.86160847,"YMIN":8508613.59738907,"XMAX":724344.86160847,"YMAX":8508713.59738907},"geometry":{"type":"Polygon","coordinates":[[[-72.9275196929277,-13.48200776619204],[-72.92752748288298,-13.481104123593777],[-72.92845084466735,-13.481111745215697],[-72.92844305817674,-13.48201538834347],[-72.9275196929277,-13.48200776619204]]]}},{"type":"Feature","properties":{"Cell_ID":225,"Area_ha":1.0,"LC":"3:0.515145,9:0.041939,14:0.442916","XMIN":724244.86160847,"YMIN":8508513.59738907,"XMAX":724344.86160847,"YMAX":8508613.59738907},"geometry":{"type":"Polygon","coordinates":[[[-72.9275119024014,-13.482911408720971],[-72.9275196929277,-13.48200776619204],[-72.92844305817674,-13.48201538834347],[-72.92843527111535,-13.482919031401913],[-72.9275119024014,-13.482911408720971]]]}},{"type":"Feature","properties":{"Cell_ID":226,"Area_ha":1.0,"LC":"3:0.399038,9:0.478594,14:0.122368","XMIN":724244.86160847,"YMIN":8508413.59738907,"XMAX":724344.86160847,"YMAX":8508513.59738907},"geometry":{"type":"Polygon","coordinates":[[[-72.92750411130409,-13.483815051180565],[-72.9275119024014,-13.482911408720971],[-72.92843527111535,-13.482919031401913],[-72.9284274834832,-13.483822674391018],[-72.92750411130409,-13.483815051180565]]]}},{"type":"Feature","properties":{"Cell_ID":227,"Area_ha":1.0,"LC":"9:1.000000","XMIN":724244.86160847,"YMIN":8508313.59738907,"XMAX":724344.86160847,"YMAX":8508413.59738907},"geometry":{"type":"Polygon","coordinates":[[[-72.92749631963575,-13.484718693570818],[-72.92750411130409,-13.483815051180565],[-72.9284274834832,-13.483822674391018],[-72.92841969528027,-13.484726317310788],[-72.92749631963575,-13.484718693570818]]]}},{"type":"Feature","properties":{"Cell_ID":228,"Area_ha":1.0,"LC":"9:0.500303,14:0.499697","XMIN":724244.86160847,"YMIN":8508213.59738907,"XMAX":724344.86160847,"YMAX":8508313.59738907},"geometry":{"type":"Polygon","coordinates":[[[-72.92748852739635,-13.485622335891724],[-72.92749631963575,-13.484718693570818],[-72.92841969528027,-13.484726317310788],[-72.92841190650654,-13.485629960161218],[-72.92748852739635,-13.485622335891724]]]}},{"type":"Feature","properties":{"Cell_ID":229,"Area_ha":1.0,"LC":"3:0.261917,9:0.019164,14:0.718918","XMIN":724244.86160847,"YMIN":8508113.59738907,"XMAX":724344.86160847,"YMAX":8508213.59738907},"geometry":{"type":"Polygon","coordinates":[[[-72.9274807345859,-13.486525978143282],[-72.92748852739635,-13.485622335891724],[-72.92841190650654,-13.485629960161218],[-72.92840411716202,-13.486533602942298],[-72.9274807345859,-13.486525978143282]]]}},{"type":"Feature","properties":{"Cell_ID":230,"Area_ha":1.0,"LC":"3:0.999585,14:0.000415","XMIN":724244.86160847,"YMIN":8508013.59738907,"XMAX":724344.86160847,"YMAX":8508113.59738907},"geometry":{"type":"Polygon","coordinates":[[[-72.92747294120439,-13.487429620325479],[-72.9274807345859,-13.486525978143282],[-72.92840411716202,-13.486533602942298],[-72.92839632724669,-13.487437245654023],[-72.92747294120439,-13.487429620325479]]]}},{"type":"Feature","properties":{"Cell_ID":231,"Area_ha":1.0,"LC":"3:0.001406,5:0.019031,9:0.979563","XMIN":724244.86160847,"YMIN":8507913.59738907,"XMAX":724344.86160847,"YMAX":8508013.59738907},"geometry":{"type":"Polygon","coordinates":[[[-72.9274651472518,-13.488333262438319],[-72.92747294120439,-13.487429620325479],[-72.92839632724669,-13.487437245654023],[-72.92838853676051,-13.488340888296396],[-72.9274651472518,-13.488333262438319]]]}},{"type":"Feature","properties":{"Cell_ID":232,"Area_ha":1.0,"LC":"5:0.158061,6:0.139978,9:0.701961","XMIN":724244.86160847,"YMIN":8507813.59738907,"XMAX":724344.86160847,"YMAX":8507913.59738907},"geometry":{"type":"Polygon","coordinates":[[[-72.92745735272811,-13.489236904481796],[-72.9274651472518,-13.488333262438319],[-72.92838853676051,-13.488340888296396],[-72.92838074570352,-13.48924453086941],[-72.92745735272811,-13.489236904481796]]]}},{"type":"Feature","properties":{"Cell_ID":233,"Area_ha":1.0,"LC":"6:0.505129,9:0.078195,14:0.416677","XMIN":724244.86160847,"YMIN":8507713.59738907,"XMAX":724344.86160847,"YMAX":8507813.59738907},"geometry":{"type":"Polygon","coordinates":[[[-72.92744955763334,-13.490140546455903],[-72.92745735272811,-13.489236904481796],[-72.92838074570352,-13.48924453086941],[-72.9283729540757,-13.490148173373058],[-72.92744955763334,-13.490140546455903]]]}},{"type":"Feature","properties":{"Cell_ID":234,"Area_ha":1.0,"LC":"5:1.000000","XMIN":724344.86160847,"YMIN":8509113.59738907,"XMAX":724444.86160847,"YMAX":8509213.59738907},"geometry":{"type":"Polygon","coordinates":[[[-72.92663528963682,-13.477481929613683],[-72.92664308020056,-13.476578287198539],[-72.92756642409452,-13.476585909562594],[-72.92755863699416,-13.477489552507466],[-72.92663528963682,-13.477481929613683]]]}},{"type":"Feature","properties":{"Cell_ID":235,"Area_ha":1.0,"LC":"5:0.481406,14:0.518594","XMIN":724344.86160847,"YMIN":8509013.59738907,"XMAX":724444.86160847,"YMAX":8509113.59738907},"geometry":{"type":"Polygon","coordinates":[[[-72.92662749850187,-13.478385571959514],[-72.92663528963682,-13.477481929613683],[-72.92755863699416,-13.477489552507466],[-72.92755084932284,-13.47839319538302],[-72.92662749850187,-13.478385571959514]]]}},{"type":"Feature","properties":{"Cell_ID":236,"Area_ha":1.0,"LC":"5:0.138334,9:0.038061,14:0.823605","XMIN":724344.86160847,"YMIN":8508913.59738907,"XMAX":724444.86160847,"YMAX":8509013.59738907},"geometry":{"type":"Polygon","coordinates":[[[-72.92661970679569,-13.479289214236022],[-72.92662749850187,-13.478385571959514],[-72.92755084932284,-13.47839319538302],[-72.92754306108054,-13.47929683818926],[-72.92661970679569,-13.479289214236022]]]}},{"type":"Feature","properties":{"Cell_ID":237,"Area_ha":1.0,"LC":"3:0.020822,5:0.019727,14:0.959451","XMIN":724344.86160847,"YMIN":8508813.59738907,"XMAX":724444.86160847,"YMAX":8508913.59738907},"geometry":{"type":"Polygon","coordinates":[[[-72.92661191451828,-13.480192856443209],[-72.92661970679569,-13.479289214236022],[-72.92754306108054,-13.47929683818926],[-72.92753527226725,-13.480200480926179],[-72.92661191451828,-13.480192856443209]]]}},{"type":"Feature","properties":{"Cell_ID":238,"Area_ha":1.0,"LC":"3:0.495980,14:0.504020","XMIN":724344.86160847,"YMIN":8508713.59738907,"XMAX":724444.86160847,"YMAX":8508813.59738907},"geometry":{"type":"Polygon","coordinates":[[[-72.92660412166961,-13.481096498581069],[-72.92661191451828,-13.480192856443209],[-72.92753527226725,-13.480200480926179],[-72.92752748288298,-13.481104123593777],[-72.92660412166961,-13.481096498581069]]]}},{"type":"Feature","properties":{"Cell_ID":239,"Area_ha":1.0,"LC":"3:0.119320,9:0.302199,14:0.578482","XMIN":724344.86160847,"YMIN":8508613.59738907,"XMAX":724444.86160847,"YMAX":8508713.59738907},"geometry":{"type":"Polygon","coordinates":[[[-72.92659632824969,-13.482000140649589],[-72.92660412166961,-13.481096498581069],[-72.92752748288298,-13.481104123593777],[-72.9275196929277,-13.48200776619204],[-72.92659632824969,-13.482000140649589]]]}},{"type":"Feature","properties":{"Cell_ID":240,"Area_ha":1.0,"LC":"9:0.902346,14:0.097654","XMIN":724344.86160847,"YMIN":8508513.59738907,"XMAX":724444.86160847,"YMAX":8508613.59738907},"geometry":{"type":"Polygon","coordinates":[[[-72.9265885342585,-13.482903782648778],[-72.92659632824969,-13.482000140649589],[-72.9275196929277,-13.48200776619204],[-72.9275119024014,-13.482911408720971],[-72.9265885342585,-13.482903782648778]]]}},{"type":"Feature","properties":{"Cell_ID":241,"Area_ha":1.0,"LC":"9:0.722368,14:0.118195,18:0.159438","XMIN":724344.86160847,"YMIN":8508413.59738907,"XMAX":724444.86160847,"YMAX":8508513.59738907},"geometry":{"type":"Polygon","coordinates":[[[-72.92658073969602,-13.483807424578625],[-72.9265885342585,-13.482903782648778],[-72.9275119024014,-13.482911408720971],[-72.92750411130409,-13.483815051180565],[-72.92658073969602,-13.483807424578625]]]}},{"type":"Feature","properties":{"Cell_ID":242,"Area_ha":1.0,"LC":"9:0.377801,14:0.262480,18:0.359719","XMIN":724344.86160847,"YMIN":8508313.59738907,"XMAX":724444.86160847,"YMAX":8508413.59738907},"geometry":{"type":"Polygon","coordinates":[[[-72.92657294456227,-13.484711066439122],[-72.92658073969602,-13.483807424578625],[-72.92750411130409,-13.483815051180565],[-72.92749631963575,-13.484718693570818],[-72.92657294456227,-13.484711066439122]]]}},{"type":"Feature","properties":{"Cell_ID":243,"Area_ha":1.0,"LC":"3:0.382480,9:0.438195,14:0.178482,18:0.000844","XMIN":724344.86160847,"YMIN":8508213.59738907,"XMAX":724444.86160847,"YMAX":8508313.59738907},"geometry":{"type":"Polygon","coordinates":[[[-72.92656514885721,-13.485614708230273],[-72.92657294456227,-13.484711066439122],[-72.92749631963575,-13.484718693570818],[-72.92748852739635,-13.485622335891724],[-72.92656514885721,-13.485614708230273]]]}},{"type":"Feature","properties":{"Cell_ID":244,"Area_ha":1.0,"LC":"3:0.920962,14:0.079038","XMIN":724344.86160847,"YMIN":8508113.59738907,"XMAX":724444.86160847,"YMAX":8508213.59738907},"geometry":{"type":"Polygon","coordinates":[[[-72.92655735258086,-13.486518349952071],[-72.92656514885721,-13.485614708230273],[-72.92748852739635,-13.485622335891724],[-72.9274807345859,-13.486525978143282],[-72.92655735258086,-13.486518349952071]]]}},{"type":"Feature","properties":{"Cell_ID":245,"Area_ha":1.0,"LC":"3:0.596832,5:0.159438,6:0.243730","XMIN":724344.86160847,"YMIN":8508013.59738907,"XMAX":724444.86160847,"YMAX":8508113.59738907},"geometry":{"type":"Polygon","coordinates":[[[-72.92654955573316,-13.487421991604505],[-72.92655735258086,-13.486518349952071],[-72.9274807345859,-13.486525978143282],[-72.92747294120439,-13.487429620325479],[-72.92654955573316,-13.487421991604505]]]}},{"type":"Feature","properties":{"Cell_ID":246,"Area_ha":1.0,"LC":"3:0.000696,5:0.343323,6:0.000147,9:0.613894,14:0.041939","XMIN":724344.86160847,"YMIN":8507913.59738907,"XMAX":724444.86160847,"YMAX":8508013.59738907},"geometry":{"type":"Polygon","coordinates":[[[-72.92654175831414,-13.488325633187575],[-72.92654955573316,-13.487421991604505],[-72.92747294120439,-13.487429620325479],[-72.9274651472518,-13.488333262438319],[-72.92654175831414,-13.488325633187575]]]}},{"type":"Feature","properties":{"Cell_ID":247,"Area_ha":1.0,"LC":"5:0.344847,6:0.297772,9:0.357381","XMIN":724344.86160847,"YMIN":8507813.59738907,"XMAX":724444.86160847,"YMAX":8507913.59738907},"geometry":{"type":"Polygon","coordinates":[[[-72.9265339603238,-13.489229274701282],[-72.92654175831414,-13.488325633187575],[-72.9274651472518,-13.488333262438319],[-72.92745735272811,-13.489236904481796],[-72.9265339603238,-13.489229274701282]]]}},{"type":"Feature","properties":{"Cell_ID":248,"Area_ha":1.0,"LC":"5:1.000000","XMIN":724444.86160847,"YMIN":8509213.59738907,"XMAX":724544.86160847,"YMAX":8509313.59738907},"geometry":{"type":"Polygon","coordinates":[[[-72.92571973687781,-13.476570661444883],[-72.92572753033346,-13.47566701949038],[-72.9266508701931,-13.475674644714083],[-72.92664308020056,-13.476578287198539],[-72.92571973687781,-13.476570661444883]]]}},{"type":"Feature","properties":{"Cell_ID":249,"Area_ha":1.0,"LC":"5:1.000000","XMIN":724444.86160847,"YMIN":8509113.59738907,"XMAX":724544.86160847,"YMAX":8509213.59738907},"geometry":{"type":"Polygon","coordinates":[[[-72.92571194285073,-13.477474303330071],[-72.92571973687781,-13.476570661444883],[-72.92664308020056,-13.476578287198539],[-72.92663528963682,-13.477481929613683],[-72.92571194285073,-13.477474303330071]]]}},{"type":"Feature","properties":{"Cell_ID":250,"Area_ha":1.0,"LC":"5:0.703042,14:0.296958","XMIN":724444.86160847,"YMIN":8509013.59738907,"XMAX":724544.86160847,"YMAX":8509113.59738907},"geometry":{"type":"Polygon","coordinates":[[[-72.92570414825215,-13.478377945145942],[-72.92571194285073,-13.477474303330071],[-72.92663528963682,-13.477481929613683],[-72.92662749850187,-13.478385571959514],[-72.92570414825215,-13.478377945145942]]]}},{"type":"Feature","properties":{"Cell_ID":251,"Area_ha":1.0,"LC":"5:0.283211,14:0.716789","XMIN":724444.86160847,"YMIN":8508913.59738907,"XMAX":724544.86160847,"YMAX":8509013.59738907},"geometry":{"type":"Polygon","coordinates":[[[-72.92569635308209,-13.479281586892483],[-72.92570414825215,-13.478377945145942],[-72.92662749850187,-13.478385571959514],[-72.92661970679569,-13.479289214236022],[-72.92569635308209,-13.479281586892483]]]}},{"type":"Feature","properties":{"Cell_ID":252,"Area_ha":1.0,"LC":"3:0.522472,14:0.477528","XMIN":724444.86160847,"YMIN":8508813.59738907,"XMAX":724544.86160847,"YMAX":8508913.59738907},"geometry":{"type":"Polygon","coordinates":[[[-72.92568855734055,-13.4801852285697],[-72.92569635308209,-13.479281586892483],[-72.92661970679569,-13.479289214236022],[-72.92661191451828,-13.480192856443209],[-72.92568855734055,-13.4801852285697]]]}},{"type":"Feature","properties":{"Cell_ID":253,"Area_ha":1.0,"LC":"3:0.363345,14:0.636655","XMIN":724444.86160847,"YMIN":8508713.59738907,"XMAX":724544.86160847,"YMAX":8508813.59738907},"geometry":{"type":"Polygon","coordinates":[[[-72.9256807610275,-13.481088870177587],[-72.92568855734055,-13.4801852285697],[-72.92661191451828,-13.480192856443209],[-72.92660412166961,-13.481096498581069],[-72.9256807610275,-13.481088870177587]]]}},{"type":"Feature","properties":{"Cell_ID":254,"Area_ha":1.0,"LC":"9:0.460126,14:0.539874","XMIN":724444.86160847,"YMIN":8508613.59738907,"XMAX":724544.86160847,"YMAX":8508713.59738907},"geometry":{"type":"Polygon","coordinates":[[[-72.92567296414295,-13.481992511716134],[-72.9256807610275,-13.481088870177587],[-72.92660412166961,-13.481096498581069],[-72.92659632824969,-13.482000140649589],[-72.92567296414295,-13.481992511716134]]]}},{"type":"Feature","properties":{"Cell_ID":255,"Area_ha":1.0,"LC":"9:0.999438,14:0.000562","XMIN":724444.86160847,"YMIN":8508513.59738907,"XMAX":724544.86160847,"YMAX":8508613.59738907},"geometry":{"type":"Polygon","coordinates":[[[-72.92566516668685,-13.482896153185338],[-72.92567296414295,-13.481992511716134],[-72.92659632824969,-13.482000140649589],[-72.9265885342585,-13.482903782648778],[-72.92566516668685,-13.482896153185338]]]}},{"type":"Feature","properties":{"Cell_ID":256,"Area_ha":1.0,"LC":"9:0.857801,18:0.142199","XMIN":724444.86160847,"YMIN":8508413.59738907,"XMAX":724544.86160847,"YMAX":8508513.59738907},"geometry":{"type":"Polygon","coordinates":[[[-72.92565736865924,-13.483799794585202],[-72.92566516668685,-13.482896153185338],[-72.9265885342585,-13.482903782648778],[-72.92658073969602,-13.483807424578625],[-72.92565736865924,-13.483799794585202]]]}},{"type":"Feature","properties":{"Cell_ID":257,"Area_ha":1.0,"LC":"9:0.118757,14:0.296395,18:0.584847","XMIN":724444.86160847,"YMIN":8508313.59738907,"XMAX":724544.86160847,"YMAX":8508413.59738907},"geometry":{"type":"Polygon","coordinates":[[[-72.92564957006009,-13.484703435915712],[-72.92565736865924,-13.483799794585202],[-72.92658073969602,-13.483807424578625],[-72.92657294456227,-13.484711066439122],[-72.92564957006009,-13.484703435915712]]]}},{"type":"Feature","properties":{"Cell_ID":258,"Area_ha":1.0,"LC":"3:0.417624,9:0.580969,14:0.000696,18:0.000710","XMIN":724444.86160847,"YMIN":8508213.59738907,"XMAX":724544.86160847,"YMAX":8508313.59738907},"geometry":{"type":"Polygon","coordinates":[[[-72.92564177088938,-13.485607077176867],[-72.92564957006009,-13.484703435915712],[-72.92657294456227,-13.484711066439122],[-72.92656514885721,-13.485614708230273],[-72.92564177088938,-13.485607077176867]]]}},{"type":"Feature","properties":{"Cell_ID":259,"Area_ha":1.0,"LC":"3:1.000000","XMIN":724444.86160847,"YMIN":8508113.59738907,"XMAX":724544.86160847,"YMAX":8508213.59738907},"geometry":{"type":"Polygon","coordinates":[[[-72.9256339711471,-13.486510718368669],[-72.92564177088938,-13.485607077176867],[-72.92656514885721,-13.485614708230273],[-72.92655735258086,-13.486518349952071],[-72.9256339711471,-13.486510718368669]]]}},{"type":"Feature","properties":{"Cell_ID":260,"Area_ha":1.0,"LC":"3:0.201406,6:0.616114,14:0.182480","XMIN":724444.86160847,"YMIN":8508013.59738907,"XMAX":724544.86160847,"YMAX":8508113.59738907},"geometry":{"type":"Polygon","coordinates":[[[-72.92562617083327,-13.487414359491103],[-72.9256339711471,-13.486510718368669],[-72.92655735258086,-13.486518349952071],[-72.92654955573316,-13.487421991604505],[-72.92562617083327,-13.487414359491103]]]}},{"type":"Feature","properties":{"Cell_ID":261,"Area_ha":1.0,"LC":"3:0.201229,5:0.256395,6:0.000977,14:0.541398","XMIN":724444.86160847,"YMIN":8507913.59738907,"XMAX":724544.86160847,"YMAX":8508013.59738907},"geometry":{"type":"Polygon","coordinates":[[[-72.92561836994784,-13.488318000544174],[-72.92562617083327,-13.487414359491103],[-72.92654955573316,-13.487421991604505],[-72.92654175831414,-13.488325633187575],[-72.92561836994784,-13.488318000544174]]]}},{"type":"Feature","properties":{"Cell_ID":262,"Area_ha":1.0,"LC":"5:1.000000","XMIN":724544.86160847,"YMIN":8509213.59738907,"XMAX":724644.86160847,"YMAX":8509313.59738907},"geometry":{"type":"Polygon","coordinates":[[[-72.92479639412653,-13.476563032301643],[-72.92480419104528,-13.47565939087733],[-72.92572753033346,-13.47566701949038],[-72.92571973687781,-13.476570661444883],[-72.92479639412653,-13.476563032301643]]]}},{"type":"Feature","properties":{"Cell_ID":263,"Area_ha":1.0,"LC":"5:1.000000","XMIN":724544.86160847,"YMIN":8509113.59738907,"XMAX":724644.86160847,"YMAX":8509213.59738907},"geometry":{"type":"Polygon","coordinates":[[[-72.92478859663608,-13.477466673656641],[-72.92479639412653,-13.476563032301643],[-72.92571973687781,-13.476570661444883],[-72.92571194285073,-13.477474303330071],[-72.92478859663608,-13.477466673656641]]]}},{"type":"Feature","properties":{"Cell_ID":264,"Area_ha":1.0,"LC":"5:1.000000","XMIN":724544.86160847,"YMIN":8509013.59738907,"XMAX":724644.86160847,"YMAX":8509113.59738907},"geometry":{"type":"Polygon","coordinates":[[[-72.92478079857389,-13.478370314942312],[-72.92478859663608,-13.477466673656641],[-72.92571194285073,-13.477474303330071],[-72.92570414825215,-13.478377945145942],[-72.92478079857389,-13.478370314942312]]]}},{"type":"Feature","properties":{"Cell_ID":265,"Area_ha":1.0,"LC":"5:0.401406,14:0.598594","XMIN":724544.86160847,"YMIN":8508913.59738907,"XMAX":724644.86160847,"YMAX":8509013.59738907},"geometry":{"type":"Polygon","coordinates":[[[-72.92477299993998,-13.479273956158654],[-72.92478079857389,-13.478370314942312],[-72.92570414825215,-13.478377945145942],[-72.92569635308209,-13.479281586892483],[-72.92477299993998,-13.479273956158654]]]}},{"type":"Feature","properties":{"Cell_ID":266,"Area_ha":1.0,"LC":"3:0.294738,14:0.705262","XMIN":724544.86160847,"YMIN":8508813.59738907,"XMAX":724644.86160847,"YMAX":8508913.59738907},"geometry":{"type":"Polygon","coordinates":[[[-72.92476520073431,-13.480177597305667],[-72.92477299993998,-13.479273956158654],[-72.92569635308209,-13.479281586892483],[-72.92568855734055,-13.4801852285697],[-72.92476520073431,-13.480177597305667]]]}},{"type":"Feature","properties":{"Cell_ID":267,"Area_ha":1.0,"LC":"3:0.177507,14:0.822493","XMIN":724544.86160847,"YMIN":8508713.59738907,"XMAX":724644.86160847,"YMAX":8508813.59738907},"geometry":{"type":"Polygon","coordinates":[[[-72.92475740095689,-13.481081238383343],[-72.92476520073431,-13.480177597305667],[-72.92568855734055,-13.4801852285697],[-72.9256807610275,-13.481088870177587],[-72.92475740095689,-13.481081238383343]]]}},{"type":"Feature","properties":{"Cell_ID":268,"Area_ha":1.0,"LC":"9:0.817772,14:0.140437,18:0.041792","XMIN":724544.86160847,"YMIN":8508613.59738907,"XMAX":724644.86160847,"YMAX":8508713.59738907},"geometry":{"type":"Polygon","coordinates":[[[-72.92474960060771,-13.481984879391678],[-72.92475740095689,-13.481081238383343],[-72.9256807610275,-13.481088870177587],[-72.92567296414295,-13.481992511716134],[-72.92474960060771,-13.481984879391678]]]}},{"type":"Feature","properties":{"Cell_ID":269,"Area_ha":1.0,"LC":"9:0.957914,18:0.042086","XMIN":724544.86160847,"YMIN":8508513.59738907,"XMAX":724644.86160847,"YMAX":8508613.59738907},"geometry":{"type":"Polygon","coordinates":[[[-72.92474179968674,-13.482888520330667],[-72.92474960060771,-13.481984879391678],[-72.92567296414295,-13.481992511716134],[-72.92566516668685,-13.482896153185338],[-72.92474179968674,-13.482888520330667]]]}},{"type":"Feature","properties":{"Cell_ID":270,"Area_ha":1.0,"LC":"9:0.784167,14:0.079438,18:0.136395","XMIN":724544.86160847,"YMIN":8508413.59738907,"XMAX":724644.86160847,"YMAX":8508513.59738907},"geometry":{"type":"Polygon","coordinates":[[[-72.924733998194,-13.483792161200311],[-72.92474179968674,-13.482888520330667],[-72.92566516668685,-13.482896153185338],[-72.92565736865924,-13.483799794585202],[-72.924733998194,-13.483792161200311]]]}},{"type":"Feature","properties":{"Cell_ID":271,"Area_ha":1.0,"LC":"9:0.084025,14:0.541103,18:0.374871","XMIN":724544.86160847,"YMIN":8508313.59738907,"XMAX":724644.86160847,"YMAX":8508413.59738907},"geometry":{"type":"Polygon","coordinates":[[[-72.92472619612947,-13.484695802000594],[-72.924733998194,-13.483792161200311],[-72.92565736865924,-13.483799794585202],[-72.92564957006009,-13.484703435915712],[-72.92472619612947,-13.484695802000594]]]}},{"type":"Feature","properties":{"Cell_ID":272,"Area_ha":1.0,"LC":"3:0.579563,9:0.137092,14:0.042368,18:0.240977","XMIN":724544.86160847,"YMIN":8508213.59738907,"XMAX":724644.86160847,"YMAX":8508313.59738907},"geometry":{"type":"Polygon","coordinates":[[[-72.92471839349312,-13.485599442731527],[-72.92472619612947,-13.484695802000594],[-72.92564957006009,-13.484703435915712],[-72.92564177088938,-13.485607077176867],[-72.92471839349312,-13.485599442731527]]]}},{"type":"Feature","properties":{"Cell_ID":273,"Area_ha":1.0,"LC":"3:0.860022,6:0.139978","XMIN":724544.86160847,"YMIN":8508113.59738907,"XMAX":724644.86160847,"YMAX":8508213.59738907},"geometry":{"type":"Polygon","coordinates":[[[-72.92471059028495,-13.486503083393094],[-72.92471839349312,-13.485599442731527],[-72.92564177088938,-13.485607077176867],[-72.9256339711471,-13.486510718368669],[-72.92471059028495,-13.486503083393094]]]}},{"type":"Feature","properties":{"Cell_ID":274,"Area_ha":1.0,"LC":"3:0.538883,6:0.240991,14:0.220126","XMIN":724544.86160847,"YMIN":8508013.59738907,"XMAX":724644.86160847,"YMAX":8508113.59738907},"geometry":{"type":"Polygon","coordinates":[[[-72.92470278650497,-13.487406723985291],[-72.92471059028495,-13.486503083393094],[-72.9256339711471,-13.486510718368669],[-72.92562617083327,-13.487414359491103],[-72.92470278650497,-13.487406723985291]]]}},{"type":"Feature","properties":{"Cell_ID":275,"Area_ha":1.0,"LC":"3:0.660126,14:0.339874","XMIN":724544.86160847,"YMIN":8507913.59738907,"XMAX":724644.86160847,"YMAX":8508013.59738907},"geometry":{"type":"Polygon","coordinates":[[[-72.92469498215313,-13.488310364508123],[-72.92470278650497,-13.487406723985291],[-72.92562617083327,-13.487414359491103],[-72.92561836994784,-13.488318000544174],[-72.92469498215313,-13.488310364508123]]]}},{"type":"Feature","properties":{"Cell_ID":276,"Area_ha":1.0,"LC":"5:1.000000","XMIN":724644.86160847,"YMIN":8509213.59738907,"XMAX":724744.86160847,"YMAX":8509313.59738907},"geometry":{"type":"Polygon","coordinates":[[[-72.92387305194696,-13.476555399768827],[-72.9238808523288,-13.47565175887494],[-72.92480419104528,-13.47565939087733],[-72.92479639412653,-13.476563032301643],[-72.92387305194696,-13.476555399768827]]]}},{"type":"Feature","properties":{"Cell_ID":277,"Area_ha":1.0,"LC":"5:1.000000","XMIN":724644.86160847,"YMIN":8509113.59738907,"XMAX":724744.86160847,"YMAX":8509213.59738907},"geometry":{"type":"Polygon","coordinates":[[[-72.92386525099315,-13.477459040593393],[-72.92387305194696,-13.476555399768827],[-72.92479639412653,-13.476563032301643],[-72.92478859663608,-13.477466673656641],[-72.92386525099315,-13.477459040593393]]]}},{"type":"Feature","properties":{"Cell_ID":278,"Area_ha":1.0,"LC":"3:0.041792,5:0.958208","XMIN":724644.86160847,"YMIN":8509013.59738907,"XMAX":724744.86160847,"YMAX":8509113.59738907},"geometry":{"type":"Polygon","coordinates":[[[-72.92385744946738,-13.478362681348635],[-72.92386525099315,-13.477459040593393],[-72.92478859663608,-13.477466673656641],[-72.92478079857389,-13.478370314942312],[-72.92385744946738,-13.478362681348635]]]}},{"type":"Feature","properties":{"Cell_ID":279,"Area_ha":1.0,"LC":"3:0.042086,5:0.781518,14:0.176395","XMIN":724644.86160847,"YMIN":8508913.59738907,"XMAX":724744.86160847,"YMAX":8509013.59738907},"geometry":{"type":"Polygon","coordinates":[[[-72.9238496473696,-13.47926632203454],[-72.92385744946738,-13.478362681348635],[-72.92478079857389,-13.478370314942312],[-72.92477299993998,-13.479273956158654],[-72.9238496473696,-13.47926632203454]]]}},{"type":"Feature","properties":{"Cell_ID":280,"Area_ha":1.0,"LC":"5:0.000710,14:0.999290","XMIN":724644.86160847,"YMIN":8508813.59738907,"XMAX":724744.86160847,"YMAX":8508913.59738907},"geometry":{"type":"Polygon","coordinates":[[[-72.92384184469984,-13.480169962651113],[-72.9238496473696,-13.47926632203454],[-72.92477299993998,-13.479273956158654],[-72.92476520073431,-13.480177597305667],[-72.92384184469984,-13.480169962651113]]]}},{"type":"Feature","properties":{"Cell_ID":281,"Area_ha":1.0,"LC":"6:0.160948,14:0.839052","XMIN":724644.86160847,"YMIN":8508713.59738907,"XMAX":724744.86160847,"YMAX":8508813.59738907},"geometry":{"type":"Polygon","coordinates":[[[-72.92383404145806,-13.481073603198347],[-72.92384184469984,-13.480169962651113],[-72.92476520073431,-13.480177597305667],[-72.92475740095689,-13.481081238383343],[-72.92383404145806,-13.481073603198347]]]}},{"type":"Feature","properties":{"Cell_ID":282,"Area_ha":1.0,"LC":"6:0.221961,9:0.057092,14:0.360415,18:0.360533","XMIN":724644.86160847,"YMIN":8508613.59738907,"XMAX":724744.86160847,"YMAX":8508713.59738907},"geometry":{"type":"Polygon","coordinates":[[[-72.92382623764426,-13.481977243676232],[-72.92383404145806,-13.481073603198347],[-72.92475740095689,-13.481081238383343],[-72.92474960060771,-13.481984879391678],[-72.92382623764426,-13.481977243676232]]]}},{"type":"Feature","properties":{"Cell_ID":283,"Area_ha":1.0,"LC":"9:0.760533,18:0.239467","XMIN":724644.86160847,"YMIN":8508513.59738907,"XMAX":724744.86160847,"YMAX":8508613.59738907},"geometry":{"type":"Polygon","coordinates":[[[-72.92381843325843,-13.482880884084768],[-72.92382623764426,-13.481977243676232],[-72.92474960060771,-13.481984879391678],[-72.92474179968674,-13.482888520330667],[-72.92381843325843,-13.482880884084768]]]}},{"type":"Feature","properties":{"Cell_ID":284,"Area_ha":1.0,"LC":"9:1.000000","XMIN":724644.86160847,"YMIN":8508413.59738907,"XMAX":724744.86160847,"YMAX":8508513.59738907},"geometry":{"type":"Polygon","coordinates":[[[-72.92381062830056,-13.483784524423955],[-72.92381843325843,-13.482880884084768],[-72.92474179968674,-13.482888520330667],[-72.924733998194,-13.483792161200311],[-72.92381062830056,-13.483784524423955]]]}},{"type":"Feature","properties":{"Cell_ID":285,"Area_ha":1.0,"LC":"5:0.041792,9:0.820155,14:0.138053","XMIN":724644.86160847,"YMIN":8508313.59738907,"XMAX":724744.86160847,"YMAX":8508413.59738907},"geometry":{"type":"Polygon","coordinates":[[[-72.92380282277064,-13.484688164693786],[-72.92381062830056,-13.483784524423955],[-72.924733998194,-13.483792161200311],[-72.92472619612947,-13.484695802000594],[-72.92380282277064,-13.484688164693786]]]}},{"type":"Feature","properties":{"Cell_ID":286,"Area_ha":1.0,"LC":"3:0.680533,5:0.000147,9:0.040281,14:0.279038","XMIN":724644.86160847,"YMIN":8508213.59738907,"XMAX":724744.86160847,"YMAX":8508313.59738907},"geometry":{"type":"Polygon","coordinates":[[[-72.92379501666866,-13.485591804894252],[-72.92380282277064,-13.484688164693786],[-72.92472619612947,-13.484695802000594],[-72.92471839349312,-13.485599442731527],[-72.92379501666866,-13.485591804894252]]]}},{"type":"Feature","properties":{"Cell_ID":287,"Area_ha":1.0,"LC":"3:0.981103,6:0.018897","XMIN":724644.86160847,"YMIN":8508113.59738907,"XMAX":724744.86160847,"YMAX":8508213.59738907},"geometry":{"type":"Polygon","coordinates":[[[-72.92378720999461,-13.486495445025353],[-72.92379501666866,-13.485591804894252],[-72.92471839349312,-13.485599442731527],[-72.92471059028495,-13.486503083393094],[-72.92378720999461,-13.486495445025353]]]}},{"type":"Feature","properties":{"Cell_ID":288,"Area_ha":1.0,"LC":"3:0.385691,6:0.259164,14:0.355145","XMIN":724644.86160847,"YMIN":8508013.59738907,"XMAX":724744.86160847,"YMAX":8508113.59738907},"geometry":{"type":"Polygon","coordinates":[[[-72.92377940274848,-13.487399085087079],[-72.92378720999461,-13.486495445025353],[-72.92471059028495,-13.486503083393094],[-72.92470278650497,-13.487406723985291],[-72.92377940274848,-13.487399085087079]]]}},{"type":"Feature","properties":{"Cell_ID":289,"Area_ha":1.0,"LC":"5:0.979178,14:0.020822","XMIN":724744.86160847,"YMIN":8509213.59738907,"XMAX":724844.86160847,"YMAX":8509313.59738907},"geometry":{"type":"Polygon","coordinates":[[[-72.92294971033935,-13.476547763846446],[-72.92295751418426,-13.475644123483217],[-72.9238808523288,-13.47565175887494],[-72.92387305194696,-13.476555399768827],[-72.92294971033935,-13.476547763846446]]]}},{"type":"Feature","properties":{"Cell_ID":290,"Area_ha":1.0,"LC":"5:0.937092,14:0.062908","XMIN":724744.86160847,"YMIN":8509113.59738907,"XMAX":724844.86160847,"YMAX":8509213.59738907},"geometry":{"type":"Polygon","coordinates":[[[-72.92294190592222,-13.477451404140346],[-72.92294971033935,-13.476547763846446],[-72.92387305194696,-13.476555399768827],[-72.92386525099315,-13.477459040593393],[-72.92294190592222,-13.477451404140346]]]}},{"type":"Feature","properties":{"Cell_ID":291,"Area_ha":1.0,"LC":"3:0.457624,5:0.418350,14:0.124025","XMIN":724744.86160847,"YMIN":8509013.59738907,"XMAX":724844.86160847,"YMAX":8509113.59738907},"geometry":{"type":"Polygon","coordinates":[[[-72.92293410093285,-13.47835504436492],[-72.92294190592222,-13.477451404140346],[-72.92386525099315,-13.477459040593393],[-72.92385744946738,-13.478362681348635],[-72.92293410093285,-13.47835504436492]]]}},{"type":"Feature","properties":{"Cell_ID":292,"Area_ha":1.0,"LC":"3:0.401406,5:0.598594","XMIN":724744.86160847,"YMIN":8508913.59738907,"XMAX":724844.86160847,"YMAX":8509013.59738907},"geometry":{"type":"Polygon","coordinates":[[[-72.92292629537123,-13.479258684520154],[-72.92293410093285,-13.47835504436492],[-72.92385744946738,-13.478362681348635],[-72.9238496473696,-13.47926632203454],[-72.92292629537123,-13.479258684520154]]]}},{"type":"Feature","properties":{"Cell_ID":293,"Area_ha":1.0,"LC":"3:0.062908,5:0.001406,14:0.935685","XMIN":724744.86160847,"YMIN":8508813.59738907,"XMAX":724844.86160847,"YMAX":8508913.59738907},"geometry":{"type":"Polygon","coordinates":[[[-72.92291848923736,-13.48016232460605],[-72.92292629537123,-13.479258684520154],[-72.9238496473696,-13.47926632203454],[-72.92384184469984,-13.480169962651113],[-72.92291848923736,-13.48016232460605]]]}},{"type":"Feature","properties":{"Cell_ID":294,"Area_ha":1.0,"LC":"6:0.157365,9:0.182199,14:0.660437","XMIN":724744.86160847,"YMIN":8508713.59738907,"XMAX":724844.86160847,"YMAX":8508813.59738907},"geometry":{"type":"Polygon","coordinates":[[[-72.92291068253124,-13.481065964622603],[-72.92291848923736,-13.48016232460605],[-72.92384184469984,-13.480169962651113],[-72.92383404145806,-13.481073603198347],[-72.92291068253124,-13.481065964622603]]]}},{"type":"Feature","properties":{"Cell_ID":295,"Area_ha":1.0,"LC":"6:0.099727,9:0.444307,14:0.060541,18:0.395426","XMIN":724744.86160847,"YMIN":8508613.59738907,"XMAX":724844.86160847,"YMAX":8508713.59738907},"geometry":{"type":"Polygon","coordinates":[[[-72.92290287525283,-13.481969604569805],[-72.92291068253124,-13.481065964622603],[-72.92383404145806,-13.481073603198347],[-72.92382623764426,-13.481977243676232],[-72.92290287525283,-13.481969604569805]]]}},{"type":"Feature","properties":{"Cell_ID":296,"Area_ha":1.0,"LC":"9:0.594997,14:0.404307,18:0.000696","XMIN":724744.86160847,"YMIN":8508513.59738907,"XMAX":724844.86160847,"YMAX":8508613.59738907},"geometry":{"type":"Polygon","coordinates":[[[-72.92289506740215,-13.482873244447656],[-72.92290287525283,-13.481969604569805],[-72.92382623764426,-13.481977243676232],[-72.92381843325843,-13.482880884084768],[-72.92289506740215,-13.482873244447656]]]}},{"type":"Feature","properties":{"Cell_ID":297,"Area_ha":1.0,"LC":"9:0.437113,14:0.562887","XMIN":724744.86160847,"YMIN":8508413.59738907,"XMAX":724844.86160847,"YMAX":8508513.59738907},"geometry":{"type":"Polygon","coordinates":[[[-72.92288725897917,-13.483776884256153],[-72.92289506740215,-13.482873244447656],[-72.92381843325843,-13.482880884084768],[-72.92381062830056,-13.483784524423955],[-72.92288725897917,-13.483776884256153]]]}},{"type":"Feature","properties":{"Cell_ID":298,"Area_ha":1.0,"LC":"3:0.079438,5:0.378897,9:0.177507,14:0.364159","XMIN":724744.86160847,"YMIN":8508313.59738907,"XMAX":724844.86160847,"YMAX":8508413.59738907},"geometry":{"type":"Polygon","coordinates":[[[-72.92287944998388,-13.484680523995285],[-72.92288725897917,-13.483776884256153],[-72.92381062830056,-13.483784524423955],[-72.92380282277064,-13.484688164693786],[-72.92287944998388,-13.484680523995285]]]}},{"type":"Feature","properties":{"Cell_ID":299,"Area_ha":1.0,"LC":"3:0.818187,5:0.000134,14:0.181679","XMIN":724744.86160847,"YMIN":8508213.59738907,"XMAX":724844.86160847,"YMAX":8508313.59738907},"geometry":{"type":"Polygon","coordinates":[[[-72.92287164041629,-13.485584163665054],[-72.92287944998388,-13.484680523995285],[-72.92380282277064,-13.484688164693786],[-72.92379501666866,-13.485591804894252],[-72.92287164041629,-13.485584163665054]]]}},{"type":"Feature","properties":{"Cell_ID":300,"Area_ha":1.0,"LC":"3:0.897092,6:0.102908","XMIN":724744.86160847,"YMIN":8508113.59738907,"XMAX":724844.86160847,"YMAX":8508213.59738907},"geometry":{"type":"Polygon","coordinates":[[[-72.92286383027636,-13.486487803265451],[-72.92287164041629,-13.485584163665054],[-72.92379501666866,-13.485591804894252],[-72.92378720999461,-13.486495445025353],[-72.92286383027636,-13.486487803265451]]]}},{"type":"Feature","properties":{"Cell_ID":301,"Area_ha":1.0,"LC":"3:0.100688,5:0.660437,14:0.238875","XMIN":724844.86160847,"YMIN":8509213.59738907,"XMAX":724944.86160847,"YMAX":8509313.59738907},"geometry":{"type":"Polygon","coordinates":[[[-72.92202636930396,-13.476540124534507],[-72.92203417661196,-13.475636484702175],[-72.92295751418426,-13.475644123483217],[-72.92294971033935,-13.476547763846446],[-72.92202636930396,-13.476540124534507]]]}},{"type":"Feature","properties":{"Cell_ID":302,"Area_ha":1.0,"LC":"3:0.279438,5:0.038061,14:0.682501","XMIN":724844.86160847,"YMIN":8509113.59738907,"XMAX":724944.86160847,"YMAX":8509213.59738907},"geometry":{"type":"Polygon","coordinates":[[[-72.9220185614235,-13.477443764297508],[-72.92202636930396,-13.476540124534507],[-72.92294971033935,-13.476547763846446],[-72.92294190592222,-13.477451404140346],[-72.9220185614235,-13.477443764297508]]]}},{"type":"Feature","properties":{"Cell_ID":303,"Area_ha":1.0,"LC":"3:0.639438,14:0.360562","XMIN":724844.86160847,"YMIN":8509013.59738907,"XMAX":724944.86160847,"YMAX":8509113.59738907},"geometry":{"type":"Polygon","coordinates":[[[-72.92201075297056,-13.478347403991178],[-72.9220185614235,-13.477443764297508],[-72.92294190592222,-13.477451404140346],[-72.92293410093285,-13.47835504436492],[-72.92201075297056,-13.478347403991178]]]}},{"type":"Feature","properties":{"Cell_ID":304,"Area_ha":1.0,"LC":"3:0.483345,5:0.256958,14:0.259697","XMIN":724844.86160847,"YMIN":8508913.59738907,"XMAX":724944.86160847,"YMAX":8509013.59738907},"geometry":{"type":"Polygon","coordinates":[[[-72.92200294394512,-13.479251043615502],[-72.92201075297056,-13.478347403991178],[-72.92293410093285,-13.47835504436492],[-72.92292629537123,-13.479258684520154],[-72.92200294394512,-13.479251043615502]]]}},{"type":"Feature","properties":{"Cell_ID":305,"Area_ha":1.0,"LC":"3:0.618187,5:0.000134,14:0.381679","XMIN":724844.86160847,"YMIN":8508813.59738907,"XMAX":724944.86160847,"YMAX":8508913.59738907},"geometry":{"type":"Polygon","coordinates":[[[-72.92199513434716,-13.480154683170488],[-72.92200294394512,-13.479251043615502],[-72.92292629537123,-13.479258684520154],[-72.92291848923736,-13.48016232460605],[-72.92199513434716,-13.480154683170488]]]}},{"type":"Feature","properties":{"Cell_ID":306,"Area_ha":1.0,"LC":"3:0.040844,9:0.577624,14:0.381532","XMIN":724844.86160847,"YMIN":8508713.59738907,"XMAX":724944.86160847,"YMAX":8508813.59738907},"geometry":{"type":"Polygon","coordinates":[[[-72.92198732417668,-13.481058322656127],[-72.92199513434716,-13.480154683170488],[-72.92291848923736,-13.48016232460605],[-72.92291068253124,-13.481065964622603],[-72.92198732417668,-13.481058322656127]]]}},{"type":"Feature","properties":{"Cell_ID":307,"Area_ha":1.0,"LC":"9:0.840977,14:0.159023","XMIN":724844.86160847,"YMIN":8508613.59738907,"XMAX":724944.86160847,"YMAX":8508713.59738907},"geometry":{"type":"Polygon","coordinates":[[[-72.9219795134337,-13.48196196207241],[-72.92198732417668,-13.481058322656127],[-72.92291068253124,-13.481065964622603],[-72.92290287525283,-13.481969604569805],[-72.9219795134337,-13.48196196207241]]]}},{"type":"Feature","properties":{"Cell_ID":308,"Area_ha":1.0,"LC":"9:0.059044,14:0.940956","XMIN":724844.86160847,"YMIN":8508513.59738907,"XMAX":724944.86160847,"YMAX":8508613.59738907},"geometry":{"type":"Polygon","coordinates":[[[-72.92197170211816,-13.482865601419338],[-72.9219795134337,-13.48196196207241],[-72.92290287525283,-13.481969604569805],[-72.92289506740215,-13.482873244447656],[-72.92197170211816,-13.482865601419338]]]}},{"type":"Feature","properties":{"Cell_ID":309,"Area_ha":1.0,"LC":"3:0.320667,9:0.259446,14:0.419888","XMIN":724844.86160847,"YMIN":8508413.59738907,"XMAX":724944.86160847,"YMAX":8508513.59738907},"geometry":{"type":"Polygon","coordinates":[[[-72.92196389023007,-13.483769240696908],[-72.92197170211816,-13.482865601419338],[-72.92289506740215,-13.482873244447656],[-72.92288725897917,-13.483776884256153],[-72.92196389023007,-13.483769240696908]]]}},{"type":"Feature","properties":{"Cell_ID":310,"Area_ha":1.0,"LC":"3:0.303471,5:0.179031,14:0.517499","XMIN":724844.86160847,"YMIN":8508313.59738907,"XMAX":724944.86160847,"YMAX":8508413.59738907},"geometry":{"type":"Polygon","coordinates":[[[-72.92195607776944,-13.484672879905109],[-72.92196389023007,-13.483769240696908],[-72.92288725897917,-13.483776884256153],[-72.92287944998388,-13.484680523995285],[-72.92195607776944,-13.484672879905109]]]}},{"type":"Feature","properties":{"Cell_ID":311,"Area_ha":1.0,"LC":"3:0.980273,14:0.019727","XMIN":724844.86160847,"YMIN":8508213.59738907,"XMAX":724944.86160847,"YMAX":8508313.59738907},"geometry":{"type":"Polygon","coordinates":[[[-72.92194826473623,-13.485576519043944],[-72.92195607776944,-13.484672879905109],[-72.92287944998388,-13.484680523995285],[-72.92287164041629,-13.485584163665054],[-72.92194826473623,-13.485576519043944]]]}},{"type":"Feature","properties":{"Cell_ID":312,"Area_ha":1.0,"LC":"3:0.140303,5:0.121510,6:0.539031,14:0.199156","XMIN":724844.86160847,"YMIN":8508113.59738907,"XMAX":724944.86160847,"YMAX":8508213.59738907},"geometry":{"type":"Polygon","coordinates":[[[-72.92194045113044,-13.486480158113405],[-72.92194826473623,-13.485576519043944],[-72.92287164041629,-13.485584163665054],[-72.92286383027636,-13.486487803265451],[-72.92194045113044,-13.486480158113405]]]}},{"type":"Feature","properties":{"Cell_ID":313,"Area_ha":1.0,"LC":"3:0.183900,14:0.816100","XMIN":724944.86160847,"YMIN":8509113.59738907,"XMAX":725044.86160847,"YMAX":8509213.59738907},"geometry":{"type":"Polygon","coordinates":[[[-72.92109521749728,-13.477436121064885],[-72.92110302884106,-13.476532481833019],[-72.92202636930396,-13.476540124534507],[-72.9220185614235,-13.477443764297508],[-72.92109521749728,-13.477436121064885]]]}},{"type":"Feature","properties":{"Cell_ID":314,"Area_ha":1.0,"LC":"3:0.618053,9:0.264419,14:0.117528","XMIN":724944.86160847,"YMIN":8509013.59738907,"XMAX":725044.86160847,"YMAX":8509113.59738907},"geometry":{"type":"Polygon","coordinates":[[[-72.92108740558076,-13.478339760227415],[-72.92109521749728,-13.477436121064885],[-72.9220185614235,-13.477443764297508],[-72.92201075297056,-13.478347403991178],[-72.92108740558076,-13.478339760227415]]]}},{"type":"Feature","properties":{"Cell_ID":315,"Area_ha":1.0,"LC":"3:0.657359,9:0.202368,14:0.140273","XMIN":724944.86160847,"YMIN":8508913.59738907,"XMAX":725044.86160847,"YMAX":8509013.59738907},"geometry":{"type":"Polygon","coordinates":[[[-72.9210795930915,-13.479243399320598],[-72.92108740558076,-13.478339760227415],[-72.92201075297056,-13.478347403991178],[-72.92200294394512,-13.479251043615502],[-72.9210795930915,-13.479243399320598]]]}},{"type":"Feature","properties":{"Cell_ID":316,"Area_ha":1.0,"LC":"3:0.702908,14:0.297092","XMIN":724944.86160847,"YMIN":8508813.59738907,"XMAX":725044.86160847,"YMAX":8508913.59738907},"geometry":{"type":"Polygon","coordinates":[[[-72.92107178002948,-13.480147038344438],[-72.9210795930915,-13.479243399320598],[-72.92200294394512,-13.479251043615502],[-72.92199513434716,-13.480154683170488],[-72.92107178002948,-13.480147038344438]]]}},{"type":"Feature","properties":{"Cell_ID":317,"Area_ha":1.0,"LC":"3:0.000710,9:0.558594,14:0.440696","XMIN":724944.86160847,"YMIN":8508713.59738907,"XMAX":725044.86160847,"YMAX":8508813.59738907},"geometry":{"type":"Polygon","coordinates":[[[-72.92106396639467,-13.481050677298924],[-72.92107178002948,-13.480147038344438],[-72.92199513434716,-13.480154683170488],[-72.92198732417668,-13.481058322656127],[-72.92106396639467,-13.481050677298924]]]}},{"type":"Feature","properties":{"Cell_ID":318,"Area_ha":1.0,"LC":"9:0.660022,14:0.339978","XMIN":724944.86160847,"YMIN":8508613.59738907,"XMAX":725044.86160847,"YMAX":8508713.59738907},"geometry":{"type":"Polygon","coordinates":[[[-72.92105615218709,-13.481954316184053],[-72.92106396639467,-13.481050677298924],[-72.92198732417668,-13.481058322656127],[-72.9219795134337,-13.48196196207241],[-72.92105615218709,-13.481954316184053]]]}},{"type":"Feature","properties":{"Cell_ID":319,"Area_ha":1.0,"LC":"9:0.000415,14:0.999585","XMIN":724944.86160847,"YMIN":8508513.59738907,"XMAX":725044.86160847,"YMAX":8508613.59738907},"geometry":{"type":"Polygon","coordinates":[[[-72.92104833740672,-13.482857954999824],[-72.92105615218709,-13.481954316184053],[-72.9219795134337,-13.48196196207241],[-72.92197170211816,-13.482865601419338],[-72.92104833740672,-13.482857954999824]]]}},{"type":"Feature","properties":{"Cell_ID":320,"Area_ha":1.0,"LC":"3:0.217624,14:0.782376","XMIN":724944.86160847,"YMIN":8508413.59738907,"XMAX":725044.86160847,"YMAX":8508513.59738907},"geometry":{"type":"Polygon","coordinates":[[[-72.92104052205354,-13.48376159374623],[-72.92104833740672,-13.482857954999824],[-72.92197170211816,-13.482865601419338],[-72.92196389023007,-13.483769240696908],[-72.92104052205354,-13.48376159374623]]]}},{"type":"Feature","properties":{"Cell_ID":321,"Area_ha":1.0,"LC":"3:0.659740,14:0.340260","XMIN":724944.86160847,"YMIN":8508313.59738907,"XMAX":725044.86160847,"YMAX":8508413.59738907},"geometry":{"type":"Polygon","coordinates":[[[-72.92103270612756,-13.484665232423268],[-72.92104052205354,-13.48376159374623],[-72.92196389023007,-13.483769240696908],[-72.92195607776944,-13.484672879905109],[-72.92103270612756,-13.484665232423268]]]}},{"type":"Feature","properties":{"Cell_ID":322,"Area_ha":1.0,"LC":"3:0.798342,6:0.180126,9:0.020822,14:0.000710","XMIN":724944.86160847,"YMIN":8508213.59738907,"XMAX":725044.86160847,"YMAX":8508313.59738907},"geometry":{"type":"Polygon","coordinates":[[[-72.92102488962875,-13.485568871030933],[-72.92103270612756,-13.484665232423268],[-72.92195607776944,-13.484672879905109],[-72.92194826473623,-13.485576519043944],[-72.92102488962875,-13.485568871030933]]]}},{"type":"Feature","properties":{"Cell_ID":323,"Area_ha":1.0,"LC":"3:0.139446,5:0.197365,6:0.118905,9:0.082086,14:0.462199","XMIN":724944.86160847,"YMIN":8508113.59738907,"XMAX":725044.86160847,"YMAX":8508213.59738907},"geometry":{"type":"Polygon","coordinates":[[[-72.92101707255712,-13.486472509569218],[-72.92102488962875,-13.485568871030933],[-72.92194826473623,-13.485576519043944],[-72.92194045113044,-13.486480158113405],[-72.92101707255712,-13.486472509569218]]]}},{"type":"Feature","properties":{"Cell_ID":324,"Area_ha":1.0,"LC":"3:0.021117,6:0.123730,9:0.494738,14:0.360415","XMIN":725044.86160847,"YMIN":8509013.59738907,"XMAX":725144.86160847,"YMAX":8509113.59738907},"geometry":{"type":"Polygon","coordinates":[[[-72.92016405876373,-13.478332113073645],[-72.92017187414379,-13.47742847444249],[-72.92109521749728,-13.477436121064885],[-72.92108740558076,-13.478339760227415],[-72.92016405876373,-13.478332113073645]]]}},{"type":"Feature","properties":{"Cell_ID":325,"Area_ha":1.0,"LC":"3:0.018897,6:0.021117,9:0.579164,14:0.380822","XMIN":725044.86160847,"YMIN":8508913.59738907,"XMAX":725144.86160847,"YMAX":8509013.59738907},"geometry":{"type":"Polygon","coordinates":[[[-72.92015624281065,-13.47923575163545],[-72.92016405876373,-13.478332113073645],[-72.92108740558076,-13.478339760227415],[-72.9210795930915,-13.479243399320598],[-72.92015624281065,-13.47923575163545]]]}},{"type":"Feature","properties":{"Cell_ID":326,"Area_ha":1.0,"LC":"3:0.095153,9:0.523730,14:0.381117","XMIN":725044.86160847,"YMIN":8508813.59738907,"XMAX":725144.86160847,"YMAX":8508913.59738907},"geometry":{"type":"Polygon","coordinates":[[[-72.92014842628454,-13.480139390127906],[-72.92015624281065,-13.47923575163545],[-72.9210795930915,-13.479243399320598],[-72.92107178002948,-13.480147038344438],[-72.92014842628454,-13.480139390127906]]]}},{"type":"Feature","properties":{"Cell_ID":327,"Area_ha":1.0,"LC":"3:0.000134,9:0.300273,14:0.699593","XMIN":725044.86160847,"YMIN":8508713.59738907,"XMAX":725144.86160847,"YMAX":8508813.59738907},"geometry":{"type":"Polygon","coordinates":[[[-72.92014060918542,-13.481043028551007],[-72.92014842628454,-13.480139390127906],[-72.92107178002948,-13.480147038344438],[-72.92106396639467,-13.481050677298924],[-72.92014060918542,-13.481043028551007]]]}},{"type":"Feature","properties":{"Cell_ID":328,"Area_ha":1.0,"LC":"9:0.319467,14:0.680533","XMIN":725044.86160847,"YMIN":8508613.59738907,"XMAX":725144.86160847,"YMAX":8508713.59738907},"geometry":{"type":"Polygon","coordinates":[[[-72.92013279151328,-13.481946666904747],[-72.92014060918542,-13.481043028551007],[-72.92106396639467,-13.481050677298924],[-72.92105615218709,-13.481954316184053],[-72.92013279151328,-13.481946666904747]]]}},{"type":"Feature","properties":{"Cell_ID":329,"Area_ha":1.0,"LC":"3:0.283168,14:0.716832","XMIN":725044.86160847,"YMIN":8508513.59738907,"XMAX":725144.86160847,"YMAX":8508613.59738907},"geometry":{"type":"Polygon","coordinates":[[[-72.92012497326807,-13.482850305189125],[-72.92013279151328,-13.481946666904747],[-72.92105615218709,-13.481954316184053],[-72.92104833740672,-13.482857954999824],[-72.92012497326807,-13.482850305189125]]]}},{"type":"Feature","properties":{"Cell_ID":330,"Area_ha":1.0,"LC":"3:0.239304,14:0.760696","XMIN":725044.86160847,"YMIN":8508413.59738907,"XMAX":725144.86160847,"YMAX":8508513.59738907},"geometry":{"type":"Polygon","coordinates":[[[-72.92011715444983,-13.483753943404132],[-72.92012497326807,-13.482850305189125],[-72.92104833740672,-13.482857954999824],[-72.92104052205354,-13.48376159374623],[-72.92011715444983,-13.483753943404132]]]}},{"type":"Feature","properties":{"Cell_ID":331,"Area_ha":1.0,"LC":"3:0.743323,14:0.256677","XMIN":725044.86160847,"YMIN":8508313.59738907,"XMAX":725144.86160847,"YMAX":8508413.59738907},"geometry":{"type":"Polygon","coordinates":[[[-72.9201093350585,-13.484657581549769],[-72.92011715444983,-13.483753943404132],[-72.92104052205354,-13.48376159374623],[-72.92103270612756,-13.484665232423268],[-72.9201093350585,-13.484657581549769]]]}},{"type":"Feature","properties":{"Cell_ID":332,"Area_ha":1.0,"LC":"3:0.439052,6:0.481095,9:0.058616,14:0.021237","XMIN":725044.86160847,"YMIN":8508213.59738907,"XMAX":725144.86160847,"YMAX":8508313.59738907},"geometry":{"type":"Polygon","coordinates":[[[-72.92010151509412,-13.485561219626026],[-72.9201093350585,-13.484657581549769],[-72.92103270612756,-13.484665232423268],[-72.92102488962875,-13.485568871030933],[-72.92010151509412,-13.485561219626026]]]}},{"type":"Feature","properties":{"Cell_ID":333,"Area_ha":1.0,"LC":"6:0.099727,9:0.059031,14:0.841243","XMIN":725144.86160847,"YMIN":8508913.59738907,"XMAX":725244.86160847,"YMAX":8509013.59738907},"geometry":{"type":"Polygon","coordinates":[[[-72.9192328931028,-13.479228100560068],[-72.9192407125197,-13.478324462529876],[-72.92016405876373,-13.478332113073645],[-72.92015624281065,-13.47923575163545],[-72.9192328931028,-13.479228100560068]]]}},{"type":"Feature","properties":{"Cell_ID":334,"Area_ha":1.0,"LC":"9:0.115988,14:0.884012","XMIN":725144.86160847,"YMIN":8508813.59738907,"XMAX":725244.86160847,"YMAX":8508913.59738907},"geometry":{"type":"Polygon","coordinates":[[[-72.91922507311267,-13.480131738520907],[-72.9192328931028,-13.479228100560068],[-72.92015624281065,-13.47923575163545],[-72.92014842628454,-13.480139390127906],[-72.91922507311267,-13.480131738520907]]]}},{"type":"Feature","properties":{"Cell_ID":335,"Area_ha":1.0,"LC":"9:0.376810,14:0.623190","XMIN":725144.86160847,"YMIN":8508713.59738907,"XMAX":725244.86160847,"YMAX":8508813.59738907},"geometry":{"type":"Polygon","coordinates":[[[-72.91921725254923,-13.481035376412386],[-72.91922507311267,-13.480131738520907],[-72.92014842628454,-13.480139390127906],[-72.92014060918542,-13.481043028551007],[-72.91921725254923,-13.481035376412386]]]}},{"type":"Feature","properties":{"Cell_ID":336,"Area_ha":1.0,"LC":"3:0.079438,9:0.019446,14:0.901117","XMIN":725144.86160847,"YMIN":8508613.59738907,"XMAX":725244.86160847,"YMAX":8508713.59738907},"geometry":{"type":"Polygon","coordinates":[[[-72.91920943141253,-13.481939014234499],[-72.91921725254923,-13.481035376412386],[-72.92014060918542,-13.481043028551007],[-72.92013279151328,-13.481946666904747],[-72.91920943141253,-13.481939014234499]]]}},{"type":"Feature","properties":{"Cell_ID":337,"Area_ha":1.0,"LC":"3:0.980126,14:0.019874","XMIN":725144.86160847,"YMIN":8508513.59738907,"XMAX":725244.86160847,"YMAX":8508613.59738907},"geometry":{"type":"Polygon","coordinates":[[[-72.9192016097025,-13.482842651987248],[-72.91920943141253,-13.481939014234499],[-72.92013279151328,-13.481946666904747],[-72.92012497326807,-13.482850305189125],[-72.9192016097025,-13.482842651987248]]]}},{"type":"Feature","properties":{"Cell_ID":338,"Area_ha":1.0,"LC":"3:0.683878,14:0.316122","XMIN":725144.86160847,"YMIN":8508413.59738907,"XMAX":725244.86160847,"YMAX":8508513.59738907},"geometry":{"type":"Polygon","coordinates":[[[-72.91919378741918,-13.483746289670623],[-72.9192016097025,-13.482842651987248],[-72.92012497326807,-13.482850305189125],[-72.92011715444983,-13.483753943404132],[-72.91919378741918,-13.483746289670623]]]}},{"type":"Feature","properties":{"Cell_ID":339,"Area_ha":1.0,"LC":"3:0.880844,6:0.119156","XMIN":725144.86160847,"YMIN":8508313.59738907,"XMAX":725244.86160847,"YMAX":8508413.59738907},"geometry":{"type":"Polygon","coordinates":[[[-72.91918596456253,-13.484649927284623],[-72.91919378741918,-13.483746289670623],[-72.92011715444983,-13.483753943404132],[-72.9201093350585,-13.484657581549769],[-72.91918596456253,-13.484649927284623]]]}},{"type":"Feature","properties":{"Cell_ID":340,"Area_ha":1.0,"LC":"3:0.019593,6:0.522354,14:0.458053","XMIN":725144.86160847,"YMIN":8508213.59738907,"XMAX":725244.86160847,"YMAX":8508313.59738907},"geometry":{"type":"Polygon","coordinates":[[[-72.91917814113256,-13.485553564829239],[-72.91918596456253,-13.484649927284623],[-72.9201093350585,-13.484657581549769],[-72.92010151509412,-13.485561219626026],[-72.91917814113256,-13.485553564829239]]]}},{"type":"Feature","properties":{"Cell_ID":341,"Area_ha":1.0,"LC":"9:0.743575,14:0.256425","XMIN":725244.86160847,"YMIN":8508913.59738907,"XMAX":725344.86160847,"YMAX":8509013.59738907},"geometry":{"type":"Polygon","coordinates":[[[-72.91830954396825,-13.479220446094462],[-72.91831736684891,-13.47831680859612],[-72.9192407125197,-13.478324462529876],[-72.9192328931028,-13.479228100560068],[-72.91830954396825,-13.479220446094462]]]}},{"type":"Feature","properties":{"Cell_ID":342,"Area_ha":1.0,"LC":"9:0.425691,14:0.574309","XMIN":725244.86160847,"YMIN":8508813.59738907,"XMAX":725344.86160847,"YMAX":8508913.59738907},"geometry":{"type":"Polygon","coordinates":[[[-72.91830172051405,-13.480124083523444],[-72.91830954396825,-13.479220446094462],[-72.9192328931028,-13.479228100560068],[-72.91922507311267,-13.480131738520907],[-72.91830172051405,-13.480124083523444]]]}},{"type":"Feature","properties":{"Cell_ID":343,"Area_ha":1.0,"LC":"6:0.419978,9:0.061398,14:0.518623","XMIN":725244.86160847,"YMIN":8508713.59738907,"XMAX":725344.86160847,"YMAX":8508813.59738907},"geometry":{"type":"Polygon","coordinates":[[[-72.91829389648632,-13.481027720883068],[-72.91830172051405,-13.480124083523444],[-72.91922507311267,-13.480131738520907],[-72.91921725254923,-13.481035376412386],[-72.91829389648632,-13.481027720883068]]]}},{"type":"Feature","properties":{"Cell_ID":344,"Area_ha":1.0,"LC":"3:0.621636,6:0.080991,14:0.297373","XMIN":725244.86160847,"YMIN":8508613.59738907,"XMAX":725344.86160847,"YMAX":8508713.59738907},"geometry":{"type":"Polygon","coordinates":[[[-72.91828607188505,-13.481931358173322],[-72.91829389648632,-13.481027720883068],[-72.91921725254923,-13.481035376412386],[-72.91920943141253,-13.481939014234499],[-72.91828607188505,-13.481931358173322]]]}},{"type":"Feature","properties":{"Cell_ID":345,"Area_ha":1.0,"LC":"3:0.777668,14:0.222332","XMIN":725244.86160847,"YMIN":8508513.59738907,"XMAX":725344.86160847,"YMAX":8508613.59738907},"geometry":{"type":"Polygon","coordinates":[[[-72.91827824671023,-13.482834995394207],[-72.91828607188505,-13.481931358173322],[-72.91920943141253,-13.481939014234499],[-72.9192016097025,-13.482842651987248],[-72.91827824671023,-13.482834995394207]]]}},{"type":"Feature","properties":{"Cell_ID":346,"Area_ha":1.0,"LC":"3:0.797351,14:0.202649","XMIN":725244.86160847,"YMIN":8508413.59738907,"XMAX":725344.86160847,"YMAX":8508513.59738907},"geometry":{"type":"Polygon","coordinates":[[[-72.91827042096185,-13.48373863254571],[-72.91827824671023,-13.482834995394207],[-72.9192016097025,-13.482842651987248],[-72.91919378741918,-13.483746289670623],[-72.91827042096185,-13.48373863254571]]]}},{"type":"Feature","properties":{"Cell_ID":347,"Area_ha":1.0,"LC":"2:0.020969,3:0.878771,6:0.100260","XMIN":725244.86160847,"YMIN":8508313.59738907,"XMAX":725344.86160847,"YMAX":8508413.59738907},"geometry":{"type":"Polygon","coordinates":[[[-72.91826259463988,-13.484642269627836],[-72.91827042096185,-13.48373863254571],[-72.91919378741918,-13.483746289670623],[-72.91918596456253,-13.484649927284623],[-72.91826259463988,-13.484642269627836]]]}},{"type":"Feature","properties":{"Cell_ID":348,"Area_ha":1.0,"LC":"3:0.860393,9:0.000147,14:0.139459","XMIN":725344.86160847,"YMIN":8508513.59738907,"XMAX":725444.86160847,"YMAX":8508613.59738907},"geometry":{"type":"Polygon","coordinates":[[[-72.91735488429151,-13.482827335410002],[-72.91736271293114,-13.481923698721221],[-72.91828607188505,-13.481931358173322],[-72.91827824671023,-13.482834995394207],[-72.91735488429151,-13.482827335410002]]]}},{"type":"Feature","properties":{"Cell_ID":349,"Area_ha":1.0,"LC":"3:0.881805,14:0.118195","XMIN":725344.86160847,"YMIN":8508413.59738907,"XMAX":725444.86160847,"YMAX":8508513.59738907},"geometry":{"type":"Polygon","coordinates":[[[-72.91734705507808,-13.483730972029406],[-72.91735488429151,-13.482827335410002],[-72.91827824671023,-13.482834995394207],[-72.91827042096185,-13.48373863254571],[-72.91734705507808,-13.483730972029406]]]}},{"type":"Feature","properties":{"Cell_ID":350,"Area_ha":1.0,"LC":"2:0.741636,3:0.239467,6:0.018897","XMIN":725344.86160847,"YMIN":8508313.59738907,"XMAX":725444.86160847,"YMAX":8508413.59738907},"geometry":{"type":"Polygon","coordinates":[[[-72.91733922529082,-13.484634608579423],[-72.91734705507808,-13.483730972029406],[-72.91827042096185,-13.48373863254571],[-72.91826259463988,-13.484642269627836],[-72.91733922529082,-13.484634608579423]]]}},{"type":"Feature","properties":{"Cell_ID":351,"Area_ha":1.0,"LC":"2:0.458364,3:0.482887,6:0.058749","XMIN":725344.86160847,"YMIN":8508213.59738907,"XMAX":725444.86160847,"YMAX":8508313.59738907},"geometry":{"type":"Polygon","coordinates":[[[-72.91733139492972,-13.485538245060052],[-72.91733922529082,-13.484634608579423],[-72.91826259463988,-13.484642269627836],[-72.91825476774433,-13.485545906640578],[-72.91733139492972,-13.485538245060052]]]}},{"type":"Feature","properties":{"Cell_ID":352,"Area_ha":1.0,"LC":"3:0.516655,9:0.184315,14:0.299031","XMIN":725444.86160847,"YMIN":8508513.59738907,"XMAX":725544.86160847,"YMAX":8508613.59738907},"geometry":{"type":"Polygon","coordinates":[[[-72.91643152244662,-13.482819672034655],[-72.91643935455103,-13.48191603587821],[-72.91736271293114,-13.481923698721221],[-72.91735488429151,-13.482827335410002],[-72.91643152244662,-13.482819672034655]]]}},{"type":"Feature","properties":{"Cell_ID":353,"Area_ha":1.0,"LC":"3:0.758061,14:0.241939","XMIN":725444.86160847,"YMIN":8508413.59738907,"XMAX":725544.86160847,"YMAX":8508513.59738907},"geometry":{"type":"Polygon","coordinates":[[[-72.91642368976815,-13.48372330812172],[-72.91643152244662,-13.482819672034655],[-72.91735488429151,-13.482827335410002],[-72.91734705507808,-13.483730972029406],[-72.91642368976815,-13.48372330812172]]]}},{"type":"Feature","properties":{"Cell_ID":354,"Area_ha":1.0,"LC":"2:0.075988,3:0.924012","XMIN":725444.86160847,"YMIN":8508313.59738907,"XMAX":725544.86160847,"YMAX":8508413.59738907},"geometry":{"type":"Polygon","coordinates":[[[-72.9164158565156,-13.484626944139393],[-72.91642368976815,-13.48372330812172],[-72.91734705507808,-13.483730972029406],[-72.91733922529082,-13.484634608579423],[-72.9164158565156,-13.484626944139393]]]}},{"type":"Feature","properties":{"Cell_ID":355,"Area_ha":1.0,"LC":"3:0.499697,14:0.500303","XMIN":725544.86160847,"YMIN":8508413.59738907,"XMAX":725644.86160847,"YMAX":8508513.59738907},"geometry":{"type":"Polygon","coordinates":[[[-72.9155003250323,-13.483715640822659],[-72.9155081611758,-13.48281200526817],[-72.91643152244662,-13.482819672034655],[-72.91642368976815,-13.48372330812172],[-72.9155003250323,-13.483715640822659]]]}}]}