{"type":"FeatureCollection","features":[{"type":"Feature","properties":{"Cell_ID":1,"Area_ha":1.0,"LC":"3:0.424315,5:0.575685","XMIN":730074.86160847,"YMIN":8510543.59738907,"XMAX":730174.86160847,"YMAX":8510643.59738907},"geometry":{"type":"Polygon","coordinates":[[[-72.87384263509225,-13.464117822614947],[-72.87385061571491,-13.463214209952355],[-72.87477387697926,-13.463222018756912],[-72.87476589981573,-13.464125631962663],[-72.87384263509225,-13.464117822614947]]]}},{"type":"Feature","properties":{"Cell_ID":2,"Area_ha":1.0,"LC":"5:0.302853,9:0.399031,13:0.298116","XMIN":730074.86160847,"YMIN":8510443.59738907,"XMAX":730174.86160847,"YMAX":8510543.59738907},"geometry":{"type":"Polygon","coordinates":[[[-72.87383465388395,-13.465021435208062],[-72.87384263509225,-13.464117822614947],[-72.87476589981573,-13.464125631962663],[-72.87475792206683,-13.465029245098943],[-72.87383465388395,-13.465021435208062]]]}},{"type":"Feature","properties":{"Cell_ID":3,"Area_ha":1.0,"LC":"3:0.356193,5:0.099241,9:0.544566","XMIN":730174.86160847,"YMIN":8510543.59738907,"XMAX":730274.86160847,"YMAX":8510643.59738907},"geometry":{"type":"Polygon","coordinates":[[[-72.87291937095435,-13.464110009881326],[-72.87292735503618,-13.463206397762129],[-72.87385061571491,-13.463214209952355],[-72.87384263509225,-13.464117822614947],[-72.87291937095435,-13.464110009881326]]]}},{"type":"Feature","properties":{"Cell_ID":4,"Area_ha":1.0,"LC":"5:0.435153,9:0.564847","XMIN":730174.86160847,"YMIN":8510443.59738907,"XMAX":730274.86160847,"YMAX":8510543.59738907},"geometry":{"type":"Polygon","coordinates":[[[-72.87291138628666,-13.465013621931043],[-72.87291937095435,-13.464110009881326],[-72.87384263509225,-13.464117822614947],[-72.87383465388395,-13.465021435208062],[-72.87291138628666,-13.465013621931043]]]}},{"type":"Feature","properties":{"Cell_ID":5,"Area_ha":1.0,"LC":"5:0.040071,9:0.565410,13:0.394519","XMIN":730174.86160847,"YMIN":8510343.59738907,"XMAX":730274.86160847,"YMAX":8510443.59738907},"geometry":{"type":"Polygon","coordinates":[[[-72.87290340103308,-13.465917233911272],[-72.87291138628666,-13.465013621931043],[-72.87383465388395,-13.465021435208062],[-72.87382667209002,-13.465925047731698],[-72.87290340103308,-13.465917233911272]]]}},{"type":"Feature","properties":{"Cell_ID":6,"Area_ha":1.0,"LC":"9:0.021742,13:0.975841,16:0.002417","XMIN":730174.86160847,"YMIN":8510243.59738907,"XMAX":730274.86160847,"YMAX":8510343.59738907},"geometry":{"type":"Polygon","coordinates":[[[-72.87289541519364,-13.466820845822019],[-72.87290340103308,-13.465917233911272],[-72.87382667209002,-13.465925047731698],[-72.87381868971046,-13.46682866018585],[-72.87289541519364,-13.466820845822019]]]}},{"type":"Feature","properties":{"Cell_ID":7,"Area_ha":1.0,"LC":"13:0.995631,16:0.004369","XMIN":730174.86160847,"YMIN":8510143.59738907,"XMAX":730274.86160847,"YMAX":8510243.59738907},"geometry":{"type":"Polygon","coordinates":[[[-72.87288742876828,-13.467724457663275],[-72.87289541519364,-13.466820845822019],[-72.87381868971046,-13.46682866018585],[-72.87381070674526,-13.467732272570517],[-72.87288742876828,-13.467724457663275]]]}},{"type":"Feature","properties":{"Cell_ID":8,"Area_ha":1.0,"LC":"9:0.214871,13:0.785129","XMIN":730274.86160847,"YMIN":8510443.59738907,"XMAX":730374.86160847,"YMAX":8510543.59738907},"geometry":{"type":"Polygon","coordinates":[[[-72.87198811927526,-13.465005805267896],[-72.87199610740234,-13.464102193761816],[-72.87291937095435,-13.464110009881326],[-72.87291138628666,-13.465013621931043],[-72.87198811927526,-13.465005805267896]]]}},{"type":"Feature","properties":{"Cell_ID":9,"Area_ha":1.0,"LC":"9:0.434590,13:0.565410","XMIN":730274.86160847,"YMIN":8510343.59738907,"XMAX":730374.86160847,"YMAX":8510443.59738907},"geometry":{"type":"Polygon","coordinates":[[[-72.87198013056205,-13.465909416704486],[-72.87198811927526,-13.465005805267896],[-72.87291138628666,-13.465013621931043],[-72.87290340103308,-13.465917233911272],[-72.87198013056205,-13.465909416704486]]]}},{"type":"Feature","properties":{"Cell_ID":10,"Area_ha":1.0,"LC":"9:0.841447,13:0.061251,16:0.097302","XMIN":730274.86160847,"YMIN":8510243.59738907,"XMAX":730374.86160847,"YMAX":8510343.59738907},"geometry":{"type":"Polygon","coordinates":[[[-72.8719721412627,-13.46681302807159],[-72.87198013056205,-13.465909416704486],[-72.87290340103308,-13.465917233911272],[-72.87289541519364,-13.466820845822019],[-72.8719721412627,-13.46681302807159]]]}},{"type":"Feature","properties":{"Cell_ID":11,"Area_ha":1.0,"LC":"5:0.359438,9:0.241125,13:0.024088,16:0.375349","XMIN":730274.86160847,"YMIN":8510143.59738907,"XMAX":730374.86160847,"YMAX":8510243.59738907},"geometry":{"type":"Polygon","coordinates":[[[-72.87196415137718,-13.467716639369197],[-72.8719721412627,-13.46681302807159],[-72.87289541519364,-13.466820845822019],[-72.87288742876828,-13.467724457663275],[-72.87196415137718,-13.467716639369197]]]}},{"type":"Feature","properties":{"Cell_ID":12,"Area_ha":1.0,"LC":"5:0.083471,9:0.440323,13:0.039522,16:0.436685","XMIN":730274.86160847,"YMIN":8510043.59738907,"XMAX":730374.86160847,"YMAX":8510143.59738907},"geometry":{"type":"Polygon","coordinates":[[[-72.87195616090553,-13.4686202505973],[-72.87196415137718,-13.467716639369197],[-72.87288742876828,-13.467724457663275],[-72.87287944175702,-13.46862806943503],[-72.87195616090553,-13.4686202505973]]]}},{"type":"Feature","properties":{"Cell_ID":13,"Area_ha":1.0,"LC":"9:0.804847,13:0.195153","XMIN":730274.86160847,"YMIN":8509943.59738907,"XMAX":730374.86160847,"YMAX":8510043.59738907},"geometry":{"type":"Polygon","coordinates":[[[-72.8719481698477,-13.469523861755903],[-72.87195616090553,-13.4686202505973],[-72.87287944175702,-13.46862806943503],[-72.87287145415984,-13.469531681137285],[-72.8719481698477,-13.469523861755903]]]}},{"type":"Feature","properties":{"Cell_ID":14,"Area_ha":1.0,"LC":"13:1.000000","XMIN":730374.86160847,"YMIN":8510443.59738907,"XMAX":730474.86160847,"YMAX":8510543.59738907},"geometry":{"type":"Polygon","coordinates":[[[-72.87106485284998,-13.46499798521863],[-72.87107284443644,-13.464094374256423],[-72.87199610740234,-13.464102193761816],[-72.87198811927526,-13.465005805267896],[-72.87106485284998,-13.46499798521863]]]}},{"type":"Feature","properties":{"Cell_ID":15,"Area_ha":1.0,"LC":"9:0.160885,13:0.839115","XMIN":730374.86160847,"YMIN":8510343.59738907,"XMAX":730474.86160847,"YMAX":8510443.59738907},"geometry":{"type":"Polygon","coordinates":[[[-72.87105686067714,-13.465901596111346],[-72.87106485284998,-13.46499798521863],[-72.87198811927526,-13.465005805267896],[-72.87198013056205,-13.465909416704486],[-72.87105686067714,-13.465901596111346]]]}},{"type":"Feature","properties":{"Cell_ID":16,"Area_ha":1.0,"LC":"9:0.681939,13:0.318061","XMIN":730374.86160847,"YMIN":8510243.59738907,"XMAX":730474.86160847,"YMAX":8510343.59738907},"geometry":{"type":"Polygon","coordinates":[[[-72.8710488679179,-13.46680520693457],[-72.87105686067714,-13.465901596111346],[-72.87198013056205,-13.465909416704486],[-72.8719721412627,-13.46681302807159],[-72.8710488679179,-13.46680520693457]]]}},{"type":"Feature","properties":{"Cell_ID":17,"Area_ha":1.0,"LC":"9:0.042023,13:0.957977","XMIN":730374.86160847,"YMIN":8510143.59738907,"XMAX":730474.86160847,"YMAX":8510243.59738907},"geometry":{"type":"Polygon","coordinates":[[[-72.87104087457227,-13.467708817688294],[-72.8710488679179,-13.46680520693457],[-72.8719721412627,-13.46681302807159],[-72.87196415137718,-13.467716639369197],[-72.87104087457227,-13.467708817688294]]]}},{"type":"Feature","properties":{"Cell_ID":18,"Area_ha":1.0,"LC":"5:0.496726,9:0.077990,13:0.425284","XMIN":730374.86160847,"YMIN":8510043.59738907,"XMAX":730474.86160847,"YMAX":8510143.59738907},"geometry":{"type":"Polygon","coordinates":[[[-72.87103288064021,-13.468612428372513],[-72.87104087457227,-13.467708817688294],[-72.87196415137718,-13.467716639369197],[-72.87195616090553,-13.4686202505973],[-72.87103288064021,-13.468612428372513]]]}},{"type":"Feature","properties":{"Cell_ID":19,"Area_ha":1.0,"LC":"5:0.304244,9:0.695756","XMIN":730374.86160847,"YMIN":8509943.59738907,"XMAX":730474.86160847,"YMAX":8510043.59738907},"geometry":{"type":"Polygon","coordinates":[[[-72.87102488612175,-13.469516038987223],[-72.87103288064021,-13.468612428372513],[-72.87195616090553,-13.4686202505973],[-72.8719481698477,-13.469523861755903],[-72.87102488612175,-13.469516038987223]]]}},{"type":"Feature","properties":{"Cell_ID":20,"Area_ha":1.0,"LC":"5:0.019241,9:0.899312,13:0.081447","XMIN":730374.86160847,"YMIN":8509843.59738907,"XMAX":730474.86160847,"YMAX":8509943.59738907},"geometry":{"type":"Polygon","coordinates":[[[-72.87101689101682,-13.47041964953242],[-72.87102488612175,-13.469516038987223],[-72.8719481698477,-13.469523861755903],[-72.87194017820367,-13.470427472844994],[-72.87101689101682,-13.47041964953242]]]}},{"type":"Feature","properties":{"Cell_ID":21,"Area_ha":1.0,"LC":"5:0.514590,9:0.480562,13:0.004847","XMIN":730374.86160847,"YMIN":8509743.59738907,"XMAX":730474.86160847,"YMAX":8509843.59738907},"geometry":{"type":"Polygon","coordinates":[[[-72.87100889532547,-13.4713232600081],[-72.87101689101682,-13.47041964953242],[-72.87194017820367,-13.470427472844994],[-72.87193218597348,-13.471331083864573],[-72.87100889532547,-13.4713232600081]]]}},{"type":"Feature","properties":{"Cell_ID":22,"Area_ha":1.0,"LC":"9:0.437428,13:0.562572","XMIN":730474.86160847,"YMIN":8510343.59738907,"XMAX":730574.86160847,"YMAX":8510443.59738907},"geometry":{"type":"Polygon","coordinates":[[[-72.87013359137863,-13.465893772131864],[-72.87014158701109,-13.464990161783259],[-72.87106485284998,-13.46499798521863],[-72.87105686067714,-13.465901596111346],[-72.87013359137863,-13.465893772131864]]]}},{"type":"Feature","properties":{"Cell_ID":23,"Area_ha":1.0,"LC":"9:0.496319,13:0.503681","XMIN":730474.86160847,"YMIN":8510243.59738907,"XMAX":730574.86160847,"YMAX":8510343.59738907},"geometry":{"type":"Polygon","coordinates":[[[-72.87012559515954,-13.466797382410974],[-72.87013359137863,-13.465893772131864],[-72.87105686067714,-13.465901596111346],[-72.8710488679179,-13.46680520693457],[-72.87012559515954,-13.466797382410974]]]}},{"type":"Feature","properties":{"Cell_ID":24,"Area_ha":1.0,"LC":"9:0.584230,13:0.415770","XMIN":730474.86160847,"YMIN":8510143.59738907,"XMAX":730574.86160847,"YMAX":8510243.59738907},"geometry":{"type":"Polygon","coordinates":[[[-72.87011759835377,-13.46770099262058],[-72.87012559515954,-13.466797382410974],[-72.8710488679179,-13.46680520693457],[-72.87104087457227,-13.467708817688294],[-72.87011759835377,-13.46770099262058]]]}},{"type":"Feature","properties":{"Cell_ID":25,"Area_ha":1.0,"LC":"5:0.019241,9:0.239929,13:0.740830","XMIN":730474.86160847,"YMIN":8510043.59738907,"XMAX":730574.86160847,"YMAX":8510143.59738907},"geometry":{"type":"Polygon","coordinates":[[[-72.87010960096134,-13.468604602760676],[-72.87011759835377,-13.46770099262058],[-72.87104087457227,-13.467708817688294],[-72.87103288064021,-13.468612428372513],[-72.87010960096134,-13.468604602760676]]]}},{"type":"Feature","properties":{"Cell_ID":26,"Area_ha":1.0,"LC":"5:0.616881,9:0.382627,13:0.000492","XMIN":730474.86160847,"YMIN":8509943.59738907,"XMAX":730574.86160847,"YMAX":8510043.59738907},"geometry":{"type":"Polygon","coordinates":[[[-72.87010160298223,-13.46950821283126],[-72.87010960096134,-13.468604602760676],[-72.87103288064021,-13.468612428372513],[-72.87102488612175,-13.469516038987223],[-72.87010160298223,-13.46950821283126]]]}},{"type":"Feature","properties":{"Cell_ID":27,"Area_ha":1.0,"LC":"9:0.421813,13:0.578187","XMIN":730474.86160847,"YMIN":8509843.59738907,"XMAX":730574.86160847,"YMAX":8509943.59738907},"geometry":{"type":"Polygon","coordinates":[[[-72.87009360441643,-13.470411822832327],[-72.87010160298223,-13.46950821283126],[-72.87102488612175,-13.469516038987223],[-72.87101689101682,-13.47041964953242],[-72.87009360441643,-13.470411822832327]]]}},{"type":"Feature","properties":{"Cell_ID":28,"Area_ha":1.0,"LC":"9:0.380281,13:0.619719","XMIN":730474.86160847,"YMIN":8509743.59738907,"XMAX":730574.86160847,"YMAX":8509843.59738907},"geometry":{"type":"Polygon","coordinates":[[[-72.87008560526392,-13.471315432763872],[-72.87009360441643,-13.470411822832327],[-72.87101689101682,-13.47041964953242],[-72.87100889532547,-13.4713232600081],[-72.87008560526392,-13.471315432763872]]]}},{"type":"Feature","properties":{"Cell_ID":29,"Area_ha":1.0,"LC":"9:0.020281,13:0.979719","XMIN":730474.86160847,"YMIN":8509643.59738907,"XMAX":730574.86160847,"YMAX":8509743.59738907},"geometry":{"type":"Polygon","coordinates":[[[-72.87007760552471,-13.472219042625897],[-72.87008560526392,-13.471315432763872],[-72.87100889532547,-13.4713232600081],[-72.87100089904764,-13.47222687041426],[-72.87007760552471,-13.472219042625897]]]}},{"type":"Feature","properties":{"Cell_ID":30,"Area_ha":1.0,"LC":"13:1.000000","XMIN":730574.86160847,"YMIN":8510343.59738907,"XMAX":730674.86160847,"YMAX":8510443.59738907},"geometry":{"type":"Polygon","coordinates":[[[-72.86921032266677,-13.465885944766052],[-72.86921832175885,-13.46498233496179],[-72.87014158701109,-13.464990161783259],[-72.87013359137863,-13.465893772131864],[-72.86921032266677,-13.465885944766052]]]}},{"type":"Feature","properties":{"Cell_ID":31,"Area_ha":1.0,"LC":"9:0.058271,13:0.941729","XMIN":730574.86160847,"YMIN":8510243.59738907,"XMAX":730674.86160847,"YMAX":8510343.59738907},"geometry":{"type":"Polygon","coordinates":[[[-72.86920232298782,-13.46678955450081],[-72.86921032266677,-13.465885944766052],[-72.87013359137863,-13.465893772131864],[-72.87012559515954,-13.466797382410974],[-72.86920232298782,-13.46678955450081]]]}},{"type":"Feature","properties":{"Cell_ID":32,"Area_ha":1.0,"LC":"9:0.195153,13:0.804847","XMIN":730574.86160847,"YMIN":8510143.59738907,"XMAX":730674.86160847,"YMAX":8510243.59738907},"geometry":{"type":"Polygon","coordinates":[[[-72.86919432272192,-13.467693164166063],[-72.86920232298782,-13.46678955450081],[-72.87012559515954,-13.466797382410974],[-72.87011759835377,-13.46770099262058],[-72.86919432272192,-13.467693164166063]]]}},{"type":"Feature","properties":{"Cell_ID":33,"Area_ha":1.0,"LC":"9:0.020268,13:0.979732","XMIN":730574.86160847,"YMIN":8510043.59738907,"XMAX":730674.86160847,"YMAX":8510143.59738907},"geometry":{"type":"Polygon","coordinates":[[[-72.86918632186912,-13.468596773761801],[-72.86919432272192,-13.467693164166063],[-72.87011759835377,-13.46770099262058],[-72.87010960096134,-13.468604602760676],[-72.86918632186912,-13.468596773761801]]]}},{"type":"Feature","properties":{"Cell_ID":34,"Area_ha":1.0,"LC":"9:0.858116,13:0.141884","XMIN":730574.86160847,"YMIN":8509943.59738907,"XMAX":730674.86160847,"YMAX":8510043.59738907},"geometry":{"type":"Polygon","coordinates":[[[-72.8691783204294,-13.469500383288024],[-72.86918632186912,-13.468596773761801],[-72.87010960096134,-13.468604602760676],[-72.87010160298223,-13.46950821283126],[-72.8691783204294,-13.469500383288024]]]}},{"type":"Feature","properties":{"Cell_ID":35,"Area_ha":1.0,"LC":"9:0.842979,13:0.157021","XMIN":730574.86160847,"YMIN":8509843.59738907,"XMAX":730674.86160847,"YMAX":8509943.59738907},"geometry":{"type":"Polygon","coordinates":[[[-72.86917031840272,-13.470403992744725],[-72.8691783204294,-13.469500383288024],[-72.87010160298223,-13.46950821283126],[-72.87009360441643,-13.470411822832327],[-72.86917031840272,-13.470403992744725]]]}},{"type":"Feature","properties":{"Cell_ID":36,"Area_ha":1.0,"LC":"9:0.145691,13:0.854309","XMIN":730574.86160847,"YMIN":8509743.59738907,"XMAX":730674.86160847,"YMAX":8509843.59738907},"geometry":{"type":"Polygon","coordinates":[[[-72.86916231578908,-13.4713076021319],[-72.86917031840272,-13.470403992744725],[-72.87009360441643,-13.470411822832327],[-72.87008560526392,-13.471315432763872],[-72.86916231578908,-13.4713076021319]]]}},{"type":"Feature","properties":{"Cell_ID":37,"Area_ha":1.0,"LC":"9:0.124369,13:0.875631","XMIN":730574.86160847,"YMIN":8509643.59738907,"XMAX":730674.86160847,"YMAX":8509743.59738907},"geometry":{"type":"Polygon","coordinates":[[[-72.86915431258849,-13.472211211449547],[-72.86916231578908,-13.4713076021319],[-72.87008560526392,-13.471315432763872],[-72.87007760552471,-13.472219042625897],[-72.86915431258849,-13.472211211449547]]]}},{"type":"Feature","properties":{"Cell_ID":38,"Area_ha":1.0,"LC":"13:1.000000","XMIN":730574.86160847,"YMIN":8509543.59738907,"XMAX":730674.86160847,"YMAX":8509643.59738907},"geometry":{"type":"Polygon","coordinates":[[[-72.86914630880091,-13.473114820697662],[-72.86915431258849,-13.472211211449547],[-72.87007760552471,-13.472219042625897],[-72.87006960519876,-13.473122652418386],[-72.86914630880091,-13.473114820697662]]]}},{"type":"Feature","properties":{"Cell_ID":39,"Area_ha":1.0,"LC":"9:0.244356,13:0.755644","XMIN":730674.86160847,"YMIN":8510443.59738907,"XMAX":730774.86160847,"YMAX":8510543.59738907},"geometry":{"type":"Polygon","coordinates":[[[-72.86829505709349,-13.464974504754236],[-72.86830305905801,-13.464070895425053],[-72.86922632026402,-13.464078725088028],[-72.86921832175885,-13.46498233496179],[-72.86829505709349,-13.464974504754236]]]}},{"type":"Feature","properties":{"Cell_ID":40,"Area_ha":1.0,"LC":"9:0.264651,13:0.735349","XMIN":730674.86160847,"YMIN":8510343.59738907,"XMAX":730774.86160847,"YMAX":8510443.59738907},"geometry":{"type":"Polygon","coordinates":[[[-72.86828705454182,-13.465878114013913],[-72.86829505709349,-13.464974504754236],[-72.86921832175885,-13.46498233496179],[-72.86921032266677,-13.465885944766052],[-72.86828705454182,-13.465878114013913]]]}},{"type":"Feature","properties":{"Cell_ID":41,"Area_ha":1.0,"LC":"13:1.000000","XMIN":730674.86160847,"YMIN":8510243.59738907,"XMAX":730774.86160847,"YMAX":8510343.59738907},"geometry":{"type":"Polygon","coordinates":[[[-72.86827905140301,-13.466781723204086],[-72.86828705454182,-13.465878114013913],[-72.86921032266677,-13.465885944766052],[-72.86920232298782,-13.46678955450081],[-72.86827905140301,-13.466781723204086]]]}},{"type":"Feature","properties":{"Cell_ID":42,"Area_ha":1.0,"LC":"13:1.000000","XMIN":730674.86160847,"YMIN":8510143.59738907,"XMAX":730774.86160847,"YMAX":8510243.59738907},"geometry":{"type":"Polygon","coordinates":[[[-72.86827104767703,-13.467685332324749],[-72.86827905140301,-13.466781723204086],[-72.86920232298782,-13.46678955450081],[-72.86919432272192,-13.467693164166063],[-72.86827104767703,-13.467685332324749]]]}},{"type":"Feature","properties":{"Cell_ID":43,"Area_ha":1.0,"LC":"9:0.098116,13:0.901884","XMIN":730674.86160847,"YMIN":8510043.59738907,"XMAX":730774.86160847,"YMAX":8510143.59738907},"geometry":{"type":"Polygon","coordinates":[[[-72.86826304336385,-13.468588941375893],[-72.86827104767703,-13.467685332324749],[-72.86919432272192,-13.467693164166063],[-72.86918632186912,-13.468596773761801],[-72.86826304336385,-13.468588941375893]]]}},{"type":"Feature","properties":{"Cell_ID":44,"Area_ha":1.0,"LC":"9:0.416966,13:0.583034","XMIN":730674.86160847,"YMIN":8509943.59738907,"XMAX":730774.86160847,"YMAX":8510043.59738907},"geometry":{"type":"Polygon","coordinates":[[[-72.8682550384635,-13.469492550357518],[-72.86826304336385,-13.468588941375893],[-72.86918632186912,-13.468596773761801],[-72.8691783204294,-13.469500383288024],[-72.8682550384635,-13.469492550357518]]]}},{"type":"Feature","properties":{"Cell_ID":45,"Area_ha":1.0,"LC":"9:0.395153,13:0.604847","XMIN":730674.86160847,"YMIN":8509843.59738907,"XMAX":730774.86160847,"YMAX":8509943.59738907},"geometry":{"type":"Polygon","coordinates":[[[-72.86824703297596,-13.47039615926962],[-72.8682550384635,-13.469492550357518],[-72.8691783204294,-13.469500383288024],[-72.86917031840272,-13.470403992744725],[-72.86824703297596,-13.47039615926962]]]}},{"type":"Feature","properties":{"Cell_ID":46,"Area_ha":1.0,"LC":"9:0.737695,13:0.262305","XMIN":730674.86160847,"YMIN":8509743.59738907,"XMAX":730774.86160847,"YMAX":8509843.59738907},"geometry":{"type":"Polygon","coordinates":[[[-72.86823902690121,-13.47129976811219],[-72.86824703297596,-13.47039615926962],[-72.86917031840272,-13.470403992744725],[-72.86916231578908,-13.4713076021319],[-72.86823902690121,-13.47129976811219]]]}},{"type":"Feature","properties":{"Cell_ID":47,"Area_ha":1.0,"LC":"9:0.941322,13:0.058678","XMIN":730674.86160847,"YMIN":8509643.59738907,"XMAX":730774.86160847,"YMAX":8509743.59738907},"geometry":{"type":"Polygon","coordinates":[[[-72.86823102023924,-13.472203376885231],[-72.86823902690121,-13.47129976811219],[-72.86916231578908,-13.4713076021319],[-72.86915431258849,-13.472211211449547],[-72.86823102023924,-13.472203376885231]]]}},{"type":"Feature","properties":{"Cell_ID":48,"Area_ha":1.0,"LC":"9:0.244932,13:0.755068","XMIN":730674.86160847,"YMIN":8509543.59738907,"XMAX":730774.86160847,"YMAX":8509643.59738907},"geometry":{"type":"Polygon","coordinates":[[[-72.86822301299004,-13.47310698558873],[-72.86823102023924,-13.472203376885231],[-72.86915431258849,-13.472211211449547],[-72.86914630880091,-13.473114820697662],[-72.86822301299004,-13.47310698558873]]]}},{"type":"Feature","properties":{"Cell_ID":49,"Area_ha":1.0,"LC":"9:0.414716,13:0.585284","XMIN":730774.86160847,"YMIN":8510443.59738907,"XMAX":730874.86160847,"YMAX":8510543.59738907},"geometry":{"type":"Polygon","coordinates":[[[-72.86737179301528,-13.464966671160603],[-72.86737979843912,-13.464063062376232],[-72.86830305905801,-13.464070895425053],[-72.86829505709349,-13.464974504754236],[-72.86737179301528,-13.464966671160603]]]}},{"type":"Feature","properties":{"Cell_ID":50,"Area_ha":1.0,"LC":"9:0.659467,13:0.340533","XMIN":730774.86160847,"YMIN":8510343.59738907,"XMAX":730874.86160847,"YMAX":8510443.59738907},"geometry":{"type":"Polygon","coordinates":[[[-72.86736378700402,-13.465870279875462],[-72.86737179301528,-13.464966671160603],[-72.86829505709349,-13.464974504754236],[-72.86828705454182,-13.465878114013913],[-72.86736378700402,-13.465870279875462]]]}},{"type":"Feature","properties":{"Cell_ID":51,"Area_ha":1.0,"LC":"13:1.000000","XMIN":730774.86160847,"YMIN":8510243.59738907,"XMAX":730874.86160847,"YMAX":8510343.59738907},"geometry":{"type":"Polygon","coordinates":[[[-72.86735578040538,-13.466773888520816],[-72.86736378700402,-13.465870279875462],[-72.86828705454182,-13.465878114013913],[-72.86827905140301,-13.466781723204086],[-72.86735578040538,-13.466773888520816]]]}},{"type":"Feature","properties":{"Cell_ID":52,"Area_ha":1.0,"LC":"13:1.000000","XMIN":730774.86160847,"YMIN":8510143.59738907,"XMAX":730874.86160847,"YMAX":8510243.59738907},"geometry":{"type":"Polygon","coordinates":[[[-72.86734777321928,-13.467677497096652],[-72.86735578040538,-13.466773888520816],[-72.86827905140301,-13.466781723204086],[-72.86827104767703,-13.467685332324749],[-72.86734777321928,-13.467677497096652]]]}},{"type":"Feature","properties":{"Cell_ID":53,"Area_ha":1.0,"LC":"13:1.000000","XMIN":730774.86160847,"YMIN":8510043.59738907,"XMAX":730874.86160847,"YMAX":8510143.59738907},"geometry":{"type":"Polygon","coordinates":[[[-72.86733976544578,-13.46858110560297],[-72.86734777321928,-13.467677497096652],[-72.86827104767703,-13.467685332324749],[-72.86826304336385,-13.468588941375893],[-72.86733976544578,-13.46858110560297]]]}},{"type":"Feature","properties":{"Cell_ID":54,"Area_ha":1.0,"LC":"13:1.000000","XMIN":730774.86160847,"YMIN":8509943.59738907,"XMAX":730874.86160847,"YMAX":8510043.59738907},"geometry":{"type":"Polygon","coordinates":[[[-72.86733175708483,-13.46948471403976],[-72.86733976544578,-13.46858110560297],[-72.86826304336385,-13.468588941375893],[-72.8682550384635,-13.469492550357518],[-72.86733175708483,-13.46948471403976]]]}},{"type":"Feature","properties":{"Cell_ID":55,"Area_ha":1.0,"LC":"13:0.999522,14:0.000478","XMIN":730774.86160847,"YMIN":8509843.59738907,"XMAX":730874.86160847,"YMAX":8509943.59738907},"geometry":{"type":"Polygon","coordinates":[[[-72.86732374813643,-13.470388322407025],[-72.86733175708483,-13.46948471403976],[-72.8682550384635,-13.469492550357518],[-72.86824703297596,-13.47039615926962],[-72.86732374813643,-13.470388322407025]]]}},{"type":"Feature","properties":{"Cell_ID":56,"Area_ha":1.0,"LC":"9:0.617147,13:0.219945,14:0.162908","XMIN":730774.86160847,"YMIN":8509743.59738907,"XMAX":730874.86160847,"YMAX":8509843.59738907},"geometry":{"type":"Polygon","coordinates":[[[-72.86731573860057,-13.471291930704758],[-72.86732374813643,-13.470388322407025],[-72.86824703297596,-13.47039615926962],[-72.86823902690121,-13.47129976811219],[-72.86731573860057,-13.471291930704758]]]}},{"type":"Feature","properties":{"Cell_ID":57,"Area_ha":1.0,"LC":"9:0.996600,14:0.003400","XMIN":730774.86160847,"YMIN":8509643.59738907,"XMAX":730874.86160847,"YMAX":8509743.59738907},"geometry":{"type":"Polygon","coordinates":[[[-72.86730772847723,-13.472195538932953],[-72.86731573860057,-13.471291930704758],[-72.86823902690121,-13.47129976811219],[-72.86823102023924,-13.472203376885231],[-72.86730772847723,-13.472195538932953]]]}},{"type":"Feature","properties":{"Cell_ID":58,"Area_ha":1.0,"LC":"9:0.757654,13:0.242346","XMIN":730774.86160847,"YMIN":8509543.59738907,"XMAX":730874.86160847,"YMAX":8509643.59738907},"geometry":{"type":"Polygon","coordinates":[[[-72.8672997177664,-13.473099147091602],[-72.86730772847723,-13.472195538932953],[-72.86823102023924,-13.472203376885231],[-72.86822301299004,-13.47310698558873],[-72.8672997177664,-13.473099147091602]]]}},{"type":"Feature","properties":{"Cell_ID":59,"Area_ha":1.0,"LC":"9:0.284918,13:0.715082","XMIN":730774.86160847,"YMIN":8509443.59738907,"XMAX":730874.86160847,"YMAX":8509543.59738907},"geometry":{"type":"Polygon","coordinates":[[[-72.8672917064681,-13.47400275518071],[-72.8672997177664,-13.473099147091602],[-72.86822301299004,-13.47310698558873],[-72.86821500515359,-13.47401059422269],[-72.8672917064681,-13.47400275518071]]]}},{"type":"Feature","properties":{"Cell_ID":60,"Area_ha":1.0,"LC":"9:0.019241,13:0.980759","XMIN":730874.86160847,"YMIN":8510443.59738907,"XMAX":730974.86160847,"YMAX":8510543.59738907},"geometry":{"type":"Polygon","coordinates":[[[-72.86644852952446,-13.4649588341809],[-72.86645653840763,-13.464055225941577],[-72.86737979843912,-13.464063062376232],[-72.86737179301528,-13.464966671160603],[-72.86644852952446,-13.4649588341809]]]}},{"type":"Feature","properties":{"Cell_ID":61,"Area_ha":1.0,"LC":"9:0.177851,13:0.822149","XMIN":730874.86160847,"YMIN":8510343.59738907,"XMAX":730974.86160847,"YMAX":8510443.59738907},"geometry":{"type":"Polygon","coordinates":[[[-72.86644052005363,-13.46586244235071],[-72.86644852952446,-13.4649588341809],[-72.86737179301528,-13.464966671160603],[-72.86736378700402,-13.465870279875462],[-72.86644052005363,-13.46586244235071]]]}},{"type":"Feature","properties":{"Cell_ID":62,"Area_ha":1.0,"LC":"13:1.000000","XMIN":730874.86160847,"YMIN":8510243.59738907,"XMAX":730974.86160847,"YMAX":8510343.59738907},"geometry":{"type":"Polygon","coordinates":[[[-72.86643250999515,-13.466766050451005],[-72.86644052005363,-13.46586244235071],[-72.86736378700402,-13.465870279875462],[-72.86735578040538,-13.466773888520816],[-72.86643250999515,-13.466766050451005]]]}},{"type":"Feature","properties":{"Cell_ID":63,"Area_ha":1.0,"LC":"13:1.000000","XMIN":730874.86160847,"YMIN":8510143.59738907,"XMAX":730974.86160847,"YMAX":8510243.59738907},"geometry":{"type":"Polygon","coordinates":[[[-72.86642449934898,-13.467669658481782],[-72.86643250999515,-13.466766050451005],[-72.86735578040538,-13.466773888520816],[-72.86734777321928,-13.467677497096652],[-72.86642449934898,-13.467669658481782]]]}},{"type":"Feature","properties":{"Cell_ID":64,"Area_ha":1.0,"LC":"13:1.000000","XMIN":730874.86160847,"YMIN":8510043.59738907,"XMAX":730974.86160847,"YMAX":8510143.59738907},"geometry":{"type":"Polygon","coordinates":[[[-72.86641648811514,-13.468573266443036],[-72.86642449934898,-13.467669658481782],[-72.86734777321928,-13.467677497096652],[-72.86733976544578,-13.46858110560297],[-72.86641648811514,-13.468573266443036]]]}},{"type":"Feature","properties":{"Cell_ID":65,"Area_ha":1.0,"LC":"9:0.039438,13:0.960562","XMIN":730874.86160847,"YMIN":8509943.59738907,"XMAX":730974.86160847,"YMAX":8510043.59738907},"geometry":{"type":"Polygon","coordinates":[[[-72.86640847629359,-13.469476874334758],[-72.86641648811514,-13.468573266443036],[-72.86733976544578,-13.46858110560297],[-72.86733175708483,-13.46948471403976],[-72.86640847629359,-13.469476874334758]]]}},{"type":"Feature","properties":{"Cell_ID":66,"Area_ha":1.0,"LC":"9:0.201532,13:0.457935,14:0.340533","XMIN":730874.86160847,"YMIN":8509843.59738907,"XMAX":730974.86160847,"YMAX":8509943.59738907},"geometry":{"type":"Polygon","coordinates":[[[-72.86640046388435,-13.470380482156953],[-72.86640847629359,-13.469476874334758],[-72.86733175708483,-13.46948471403976],[-72.86732374813643,-13.470388322407025],[-72.86640046388435,-13.470380482156953]]]}},{"type":"Feature","properties":{"Cell_ID":67,"Area_ha":1.0,"LC":"9:0.078061,14:0.921939","XMIN":730874.86160847,"YMIN":8509743.59738907,"XMAX":730974.86160847,"YMAX":8509843.59738907},"geometry":{"type":"Polygon","coordinates":[[[-72.86639245088739,-13.471284089909606],[-72.86640046388435,-13.470380482156953],[-72.86732374813643,-13.470388322407025],[-72.86731573860057,-13.471291930704758],[-72.86639245088739,-13.471284089909606]]]}},{"type":"Feature","properties":{"Cell_ID":68,"Area_ha":1.0,"LC":"9:0.298594,14:0.701406","XMIN":730874.86160847,"YMIN":8509643.59738907,"XMAX":730974.86160847,"YMAX":8509743.59738907},"geometry":{"type":"Polygon","coordinates":[[[-72.8663844373027,-13.472187697592721],[-72.86639245088739,-13.471284089909606],[-72.86731573860057,-13.471291930704758],[-72.86730772847723,-13.472195538932953],[-72.8663844373027,-13.472187697592721]]]}},{"type":"Feature","properties":{"Cell_ID":69,"Area_ha":1.0,"LC":"9:0.623345,13:0.255770,14:0.120885","XMIN":730874.86160847,"YMIN":8509543.59738907,"XMAX":730974.86160847,"YMAX":8509643.59738907},"geometry":{"type":"Polygon","coordinates":[[[-72.86637642313028,-13.473091305206292],[-72.8663844373027,-13.472187697592721],[-72.86730772847723,-13.472195538932953],[-72.8672997177664,-13.473099147091602],[-72.86637642313028,-13.473091305206292]]]}},{"type":"Feature","properties":{"Cell_ID":70,"Area_ha":1.0,"LC":"3:0.002417,9:0.535770,13:0.060352,14:0.401461","XMIN":730874.86160847,"YMIN":8509443.59738907,"XMAX":730974.86160847,"YMAX":8509543.59738907},"geometry":{"type":"Polygon","coordinates":[[[-72.86636840837009,-13.473994912750308],[-72.86637642313028,-13.473091305206292],[-72.8672997177664,-13.473099147091602],[-72.8672917064681,-13.47400275518071],[-72.86636840837009,-13.473994912750308]]]}},{"type":"Feature","properties":{"Cell_ID":71,"Area_ha":1.0,"LC":"3:0.000492,5:0.083386,9:0.179383,13:0.696177,14:0.040562","XMIN":730874.86160847,"YMIN":8509343.59738907,"XMAX":730974.86160847,"YMAX":8509443.59738907},"geometry":{"type":"Polygon","coordinates":[[[-72.86636039302216,-13.474898520224775],[-72.86636840837009,-13.473994912750308],[-72.8672917064681,-13.47400275518071],[-72.86728369458227,-13.474906363200265],[-72.86636039302216,-13.474898520224775]]]}},{"type":"Feature","properties":{"Cell_ID":72,"Area_ha":1.0,"LC":"5:0.000492,9:0.161784,13:0.837725","XMIN":730874.86160847,"YMIN":8509243.59738907,"XMAX":730974.86160847,"YMAX":8509343.59738907},"geometry":{"type":"Polygon","coordinates":[[[-72.86635237708646,-13.475802127629679],[-72.86636039302216,-13.474898520224775],[-72.86728369458227,-13.474906363200265],[-72.86727568210894,-13.475809971150268],[-72.86635237708646,-13.475802127629679]]]}},{"type":"Feature","properties":{"Cell_ID":73,"Area_ha":1.0,"LC":"13:1.000000","XMIN":730974.86160847,"YMIN":8510343.59738907,"XMAX":731074.86160847,"YMAX":8510443.59738907},"geometry":{"type":"Polygon","coordinates":[[[-72.86551725369091,-13.465854601439663],[-72.86552526662129,-13.464950993815144],[-72.86644852952446,-13.4649588341809],[-72.86644052005363,-13.46586244235071],[-72.86551725369091,-13.465854601439663]]]}},{"type":"Feature","properties":{"Cell_ID":74,"Area_ha":1.0,"LC":"13:1.000000","XMIN":730974.86160847,"YMIN":8510243.59738907,"XMAX":731074.86160847,"YMAX":8510343.59738907},"geometry":{"type":"Polygon","coordinates":[[[-72.8655092401726,-13.466758208994667],[-72.86551725369091,-13.465854601439663],[-72.86644052005363,-13.46586244235071],[-72.86643250999515,-13.466766050451005],[-72.8655092401726,-13.466758208994667]]]}},{"type":"Feature","properties":{"Cell_ID":75,"Area_ha":1.0,"LC":"13:1.000000","XMIN":730974.86160847,"YMIN":8510143.59738907,"XMAX":731074.86160847,"YMAX":8510243.59738907},"geometry":{"type":"Polygon","coordinates":[[[-72.86550122606637,-13.46766181648015],[-72.8655092401726,-13.466758208994667],[-72.86643250999515,-13.466766050451005],[-72.86642449934898,-13.467669658481782],[-72.86550122606637,-13.46766181648015]]]}},{"type":"Feature","properties":{"Cell_ID":76,"Area_ha":1.0,"LC":"13:1.000000","XMIN":730974.86160847,"YMIN":8510043.59738907,"XMAX":731074.86160847,"YMAX":8510143.59738907},"geometry":{"type":"Polygon","coordinates":[[[-72.86549321137218,-13.468565423896102],[-72.86550122606637,-13.46766181648015],[-72.86642449934898,-13.467669658481782],[-72.86641648811514,-13.468573266443036],[-72.86549321137218,-13.468565423896102]]]}},{"type":"Feature","properties":{"Cell_ID":77,"Area_ha":1.0,"LC":"13:1.000000","XMIN":730974.86160847,"YMIN":8509943.59738907,"XMAX":731074.86160847,"YMAX":8510043.59738907},"geometry":{"type":"Polygon","coordinates":[[[-72.86548519609006,-13.469469031242522],[-72.86549321137218,-13.468565423896102],[-72.86641648811514,-13.468573266443036],[-72.86640847629359,-13.469476874334758],[-72.86548519609006,-13.469469031242522]]]}},{"type":"Feature","properties":{"Cell_ID":78,"Area_ha":1.0,"LC":"9:0.658749,13:0.164511,14:0.176739","XMIN":730974.86160847,"YMIN":8509843.59738907,"XMAX":731074.86160847,"YMAX":8509943.59738907},"geometry":{"type":"Polygon","coordinates":[[[-72.86547718021998,-13.47037263851941],[-72.86548519609006,-13.469469031242522],[-72.86640847629359,-13.469476874334758],[-72.86640046388435,-13.470380482156953],[-72.86547718021998,-13.47037263851941]]]}},{"type":"Feature","properties":{"Cell_ID":79,"Area_ha":1.0,"LC":"9:0.643793,13:0.020773,14:0.335434","XMIN":730974.86160847,"YMIN":8509743.59738907,"XMAX":731074.86160847,"YMAX":8509843.59738907},"geometry":{"type":"Polygon","coordinates":[[[-72.86546916376193,-13.471276245726752],[-72.86547718021998,-13.47037263851941],[-72.86640046388435,-13.470380482156953],[-72.86639245088739,-13.471284089909606],[-72.86546916376193,-13.471276245726752]]]}},{"type":"Feature","properties":{"Cell_ID":80,"Area_ha":1.0,"LC":"9:0.541180,13:0.221658,14:0.237162","XMIN":730974.86160847,"YMIN":8509643.59738907,"XMAX":731074.86160847,"YMAX":8509743.59738907},"geometry":{"type":"Polygon","coordinates":[[[-72.8654611467159,-13.472179852864551],[-72.86546916376193,-13.471276245726752],[-72.86639245088739,-13.471284089909606],[-72.8663844373027,-13.472187697592721],[-72.8654611467159,-13.472179852864551]]]}},{"type":"Feature","properties":{"Cell_ID":81,"Area_ha":1.0,"LC":"9:0.782291,13:0.020281,14:0.197428","XMIN":730974.86160847,"YMIN":8509543.59738907,"XMAX":731074.86160847,"YMAX":8509643.59738907},"geometry":{"type":"Polygon","coordinates":[[[-72.86545312908187,-13.4730834599328],[-72.8654611467159,-13.472179852864551],[-72.8663844373027,-13.472187697592721],[-72.86637642313028,-13.473091305206292],[-72.86545312908187,-13.4730834599328]]]}},{"type":"Feature","properties":{"Cell_ID":82,"Area_ha":1.0,"LC":"3:0.396458,5:0.061166,9:0.142712,14:0.399664","XMIN":730974.86160847,"YMIN":8509443.59738907,"XMAX":731074.86160847,"YMAX":8509543.59738907},"geometry":{"type":"Polygon","coordinates":[[[-72.86544511085985,-13.473987066931494],[-72.86545312908187,-13.4730834599328],[-72.86637642313028,-13.473091305206292],[-72.86636840837009,-13.473994912750308],[-72.86544511085985,-13.473987066931494]]]}},{"type":"Feature","properties":{"Cell_ID":83,"Area_ha":1.0,"LC":"3:0.081603,5:0.879367,13:0.039031","XMIN":730974.86160847,"YMIN":8509343.59738907,"XMAX":731074.86160847,"YMAX":8509443.59738907},"geometry":{"type":"Polygon","coordinates":[[[-72.86543709204982,-13.474890673860635],[-72.86544511085985,-13.473987066931494],[-72.86636840837009,-13.473994912750308],[-72.86636039302216,-13.474898520224775],[-72.86543709204982,-13.474890673860635]]]}},{"type":"Feature","properties":{"Cell_ID":84,"Area_ha":1.0,"LC":"5:0.384315,9:0.614238,14:0.001447","XMIN":730974.86160847,"YMIN":8509243.59738907,"XMAX":731074.86160847,"YMAX":8509343.59738907},"geometry":{"type":"Polygon","coordinates":[[[-72.86542907265176,-13.47579428072021],[-72.86543709204982,-13.474890673860635],[-72.86636039302216,-13.474898520224775],[-72.86635237708646,-13.475802127629679],[-72.86542907265176,-13.47579428072021]]]}},{"type":"Feature","properties":{"Cell_ID":85,"Area_ha":1.0,"LC":"5:0.260437,13:0.739563","XMIN":731074.86160847,"YMIN":8510443.59738907,"XMAX":731174.86160847,"YMAX":8510543.59738907},"geometry":{"type":"Polygon","coordinates":[[[-72.86460200430604,-13.464943150063338],[-72.86461002010783,-13.464039542914817],[-72.86553327896378,-13.464047386121106],[-72.86552526662129,-13.464950993815144],[-72.86460200430604,-13.464943150063338]]]}},{"type":"Feature","properties":{"Cell_ID":86,"Area_ha":1.0,"LC":"13:1.000000","XMIN":731074.86160847,"YMIN":8510343.59738907,"XMAX":731174.86160847,"YMAX":8510443.59738907},"geometry":{"type":"Polygon","coordinates":[[[-72.8645939879161,-13.465846757142332],[-72.86460200430604,-13.464943150063338],[-72.86552526662129,-13.464950993815144],[-72.86551725369091,-13.465854601439663],[-72.8645939879161,-13.465846757142332]]]}},{"type":"Feature","properties":{"Cell_ID":87,"Area_ha":1.0,"LC":"9:0.019719,13:0.980281","XMIN":731074.86160847,"YMIN":8510243.59738907,"XMAX":731174.86160847,"YMAX":8510343.59738907},"geometry":{"type":"Polygon","coordinates":[[[-72.86458597093798,-13.466750364151812],[-72.8645939879161,-13.465846757142332],[-72.86551725369091,-13.465854601439663],[-72.8655092401726,-13.466758208994667],[-72.86458597093798,-13.466750364151812]]]}},{"type":"Feature","properties":{"Cell_ID":88,"Area_ha":1.0,"LC":"9:0.102220,13:0.897780","XMIN":731074.86160847,"YMIN":8510143.59738907,"XMAX":731174.86160847,"YMAX":8510243.59738907},"geometry":{"type":"Polygon","coordinates":[[[-72.86457795337168,-13.467653971091762],[-72.86458597093798,-13.466750364151812],[-72.8655092401726,-13.466758208994667],[-72.86550122606637,-13.46766181648015],[-72.86457795337168,-13.467653971091762]]]}},{"type":"Feature","properties":{"Cell_ID":89,"Area_ha":1.0,"LC":"13:1.000000","XMIN":731074.86160847,"YMIN":8510043.59738907,"XMAX":731174.86160847,"YMAX":8510143.59738907},"geometry":{"type":"Polygon","coordinates":[[[-72.86456993521719,-13.468557577962176],[-72.86457795337168,-13.467653971091762],[-72.86550122606637,-13.46766181648015],[-72.86549321137218,-13.468565423896102],[-72.86456993521719,-13.468557577962176]]]}},{"type":"Feature","properties":{"Cell_ID":90,"Area_ha":1.0,"LC":"9:0.001447,13:0.998553","XMIN":731074.86160847,"YMIN":8509943.59738907,"XMAX":731174.86160847,"YMAX":8510043.59738907},"geometry":{"type":"Polygon","coordinates":[[[-72.8645619164745,-13.46946118476306],[-72.86456993521719,-13.468557577962176],[-72.86549321137218,-13.468565423896102],[-72.86548519609006,-13.469469031242522],[-72.8645619164745,-13.46946118476306]]]}},{"type":"Feature","properties":{"Cell_ID":91,"Area_ha":1.0,"LC":"9:0.521306,13:0.476277,14:0.002417","XMIN":731074.86160847,"YMIN":8509843.59738907,"XMAX":731174.86160847,"YMAX":8509943.59738907},"geometry":{"type":"Polygon","coordinates":[[[-72.86455389714358,-13.470364791494404],[-72.8645619164745,-13.46946118476306],[-72.86548519609006,-13.469469031242522],[-72.86547718021998,-13.47037263851941],[-72.86455389714358,-13.470364791494404]]]}},{"type":"Feature","properties":{"Cell_ID":92,"Area_ha":1.0,"LC":"9:0.676614,13:0.321925,14:0.001461","XMIN":731074.86160847,"YMIN":8509743.59738907,"XMAX":731174.86160847,"YMAX":8509843.59738907},"geometry":{"type":"Polygon","coordinates":[[[-72.86454587722447,-13.471268398156202],[-72.86455389714358,-13.470364791494404],[-72.86547718021998,-13.47037263851941],[-72.86546916376193,-13.471276245726752],[-72.86454587722447,-13.471268398156202]]]}},{"type":"Feature","properties":{"Cell_ID":93,"Area_ha":1.0,"LC":"9:0.500759,13:0.499241","XMIN":731074.86160847,"YMIN":8509643.59738907,"XMAX":731174.86160847,"YMAX":8509743.59738907},"geometry":{"type":"Polygon","coordinates":[[[-72.86453785671709,-13.472172004748447],[-72.86454587722447,-13.471268398156202],[-72.86546916376193,-13.471276245726752],[-72.8654611467159,-13.472179852864551],[-72.86453785671709,-13.472172004748447]]]}},{"type":"Feature","properties":{"Cell_ID":94,"Area_ha":1.0,"LC":"5:0.023105,9:0.856332,13:0.120562","XMIN":731074.86160847,"YMIN":8509543.59738907,"XMAX":731174.86160847,"YMAX":8509643.59738907},"geometry":{"type":"Polygon","coordinates":[[[-72.86452983562148,-13.473075611271142],[-72.86453785671709,-13.472172004748447],[-72.8654611467159,-13.472179852864551],[-72.86545312908187,-13.4730834599328],[-72.86452983562148,-13.473075611271142]]]}},{"type":"Feature","properties":{"Cell_ID":95,"Area_ha":1.0,"LC":"5:0.802275,9:0.197725","XMIN":731074.86160847,"YMIN":8509443.59738907,"XMAX":731174.86160847,"YMAX":8509543.59738907},"geometry":{"type":"Polygon","coordinates":[[[-72.86452181393763,-13.47397921772428],[-72.86452983562148,-13.473075611271142],[-72.86545312908187,-13.4730834599328],[-72.86544511085985,-13.473987066931494],[-72.86452181393763,-13.47397921772428]]]}},{"type":"Feature","properties":{"Cell_ID":96,"Area_ha":1.0,"LC":"3:0.238468,5:0.761532","XMIN":731074.86160847,"YMIN":8509343.59738907,"XMAX":731174.86160847,"YMAX":8509443.59738907},"geometry":{"type":"Polygon","coordinates":[[[-72.8645137916655,-13.474882824107857],[-72.86452181393763,-13.47397921772428],[-72.86544511085985,-13.473987066931494],[-72.86543709204982,-13.474890673860635],[-72.8645137916655,-13.474882824107857]]]}},{"type":"Feature","properties":{"Cell_ID":97,"Area_ha":1.0,"LC":"3:0.240562,5:0.540844,14:0.218594","XMIN":731074.86160847,"YMIN":8509243.59738907,"XMAX":731174.86160847,"YMAX":8509343.59738907},"geometry":{"type":"Polygon","coordinates":[[[-72.86450576880509,-13.475786430421865],[-72.8645137916655,-13.474882824107857],[-72.86543709204982,-13.474890673860635],[-72.86542907265176,-13.47579428072021],[-72.86450576880509,-13.475786430421865]]]}},{"type":"Feature","properties":{"Cell_ID":98,"Area_ha":1.0,"LC":"9:0.435082,13:0.222543,14:0.342376","XMIN":731074.86160847,"YMIN":8509143.59738907,"XMAX":731174.86160847,"YMAX":8509243.59738907},"geometry":{"type":"Polygon","coordinates":[[[-72.8644977453564,-13.4766900366663],[-72.86450576880509,-13.475786430421865],[-72.86542907265176,-13.47579428072021],[-72.86542105266567,-13.476697887510218],[-72.8644977453564,-13.4766900366663]]]}},{"type":"Feature","properties":{"Cell_ID":99,"Area_ha":1.0,"LC":"9:0.521377,13:0.356769,14:0.121854","XMIN":731174.86160847,"YMIN":8510243.59738907,"XMAX":731274.86160847,"YMAX":8510343.59738907},"geometry":{"type":"Polygon","coordinates":[[[-72.86366270229153,-13.466742515922444],[-72.86367072272945,-13.46583890945873],[-72.8645939879161,-13.465846757142332],[-72.86458597093798,-13.466750364151812],[-72.86366270229153,-13.466742515922444]]]}},{"type":"Feature","properties":{"Cell_ID":100,"Area_ha":1.0,"LC":"9:0.458342,13:0.117092,14:0.424566","XMIN":731174.86160847,"YMIN":8510143.59738907,"XMAX":731274.86160847,"YMAX":8510243.59738907},"geometry":{"type":"Polygon","coordinates":[[[-72.86365468126519,-13.46764612231663],[-72.86366270229153,-13.466742515922444],[-72.86458597093798,-13.466750364151812],[-72.86457795337168,-13.467653971091762],[-72.86365468126519,-13.46764612231663]]]}},{"type":"Feature","properties":{"Cell_ID":101,"Area_ha":1.0,"LC":"9:0.682824,13:0.254871,14:0.062305","XMIN":731174.86160847,"YMIN":8510043.59738907,"XMAX":731274.86160847,"YMAX":8510143.59738907},"geometry":{"type":"Polygon","coordinates":[[[-72.86364665965039,-13.468549728641275],[-72.86365468126519,-13.46764612231663],[-72.86457795337168,-13.467653971091762],[-72.86456993521719,-13.468557577962176],[-72.86364665965039,-13.468549728641275]]]}},{"type":"Feature","properties":{"Cell_ID":102,"Area_ha":1.0,"LC":"9:0.421671,13:0.578329","XMIN":731174.86160847,"YMIN":8509943.59738907,"XMAX":731274.86160847,"YMAX":8510043.59738907},"geometry":{"type":"Polygon","coordinates":[[[-72.86363863744712,-13.469453334896382],[-72.86364665965039,-13.468549728641275],[-72.86456993521719,-13.468557577962176],[-72.8645619164745,-13.46946118476306],[-72.86363863744712,-13.469453334896382]]]}},{"type":"Feature","properties":{"Cell_ID":103,"Area_ha":1.0,"LC":"9:0.740830,13:0.022712,14:0.236458","XMIN":731174.86160847,"YMIN":8509843.59738907,"XMAX":731274.86160847,"YMAX":8509943.59738907},"geometry":{"type":"Polygon","coordinates":[[[-72.86363061465542,-13.470356941081947],[-72.86363863744712,-13.469453334896382],[-72.8645619164745,-13.46946118476306],[-72.86455389714358,-13.470364791494404],[-72.86363061465542,-13.470356941081947]]]}},{"type":"Feature","properties":{"Cell_ID":104,"Area_ha":1.0,"LC":"9:0.198960,13:0.137302,14:0.663738","XMIN":731174.86160847,"YMIN":8509743.59738907,"XMAX":731274.86160847,"YMAX":8509843.59738907},"geometry":{"type":"Polygon","coordinates":[[[-72.86362259127522,-13.47126054719796],[-72.86363061465542,-13.470356941081947],[-72.86455389714358,-13.470364791494404],[-72.86454587722447,-13.471268398156202],[-72.86362259127522,-13.47126054719796]]]}},{"type":"Feature","properties":{"Cell_ID":105,"Area_ha":1.0,"LC":"9:0.556529,13:0.058820,14:0.384651","XMIN":731174.86160847,"YMIN":8509643.59738907,"XMAX":731274.86160847,"YMAX":8509743.59738907},"geometry":{"type":"Polygon","coordinates":[[[-72.86361456730653,-13.472164153244425],[-72.86362259127522,-13.47126054719796],[-72.86454587722447,-13.471268398156202],[-72.86453785671709,-13.472172004748447],[-72.86361456730653,-13.472164153244425]]]}},{"type":"Feature","properties":{"Cell_ID":106,"Area_ha":1.0,"LC":"5:0.415685,9:0.584315","XMIN":731174.86160847,"YMIN":8509543.59738907,"XMAX":731274.86160847,"YMAX":8509643.59738907},"geometry":{"type":"Polygon","coordinates":[[[-72.86360654274935,-13.47306775922133],[-72.86361456730653,-13.472164153244425],[-72.86453785671709,-13.472172004748447],[-72.86452983562148,-13.473075611271142],[-72.86360654274935,-13.47306775922133]]]}},{"type":"Feature","properties":{"Cell_ID":107,"Area_ha":1.0,"LC":"5:0.999522,14:0.000478","XMIN":731174.86160847,"YMIN":8509443.59738907,"XMAX":731274.86160847,"YMAX":8509543.59738907},"geometry":{"type":"Polygon","coordinates":[[[-72.86359851760366,-13.473971365128671],[-72.86360654274935,-13.47306775922133],[-72.86452983562148,-13.473075611271142],[-72.86452181393763,-13.47397921772428],[-72.86359851760366,-13.473971365128671]]]}},{"type":"Feature","properties":{"Cell_ID":108,"Area_ha":1.0,"LC":"5:0.957654,14:0.042346","XMIN":731174.86160847,"YMIN":8509343.59738907,"XMAX":731274.86160847,"YMAX":8509443.59738907},"geometry":{"type":"Polygon","coordinates":[[[-72.86359049186946,-13.474874970966448],[-72.86359851760366,-13.473971365128671],[-72.86452181393763,-13.47397921772428],[-72.8645137916655,-13.474882824107857],[-72.86359049186946,-13.474874970966448]]]}},{"type":"Feature","properties":{"Cell_ID":109,"Area_ha":1.0,"LC":"5:0.639986,14:0.360014","XMIN":731174.86160847,"YMIN":8509243.59738907,"XMAX":731274.86160847,"YMAX":8509343.59738907},"geometry":{"type":"Polygon","coordinates":[[[-72.86358246554671,-13.475778576734657],[-72.86359049186946,-13.474874970966448],[-72.8645137916655,-13.474882824107857],[-72.86450576880509,-13.475786430421865],[-72.86358246554671,-13.475778576734657]]]}},{"type":"Feature","properties":{"Cell_ID":110,"Area_ha":1.0,"LC":"5:0.322993,9:0.102136,13:0.136332,14:0.438539","XMIN":731174.86160847,"YMIN":8509143.59738907,"XMAX":731274.86160847,"YMAX":8509243.59738907},"geometry":{"type":"Polygon","coordinates":[[[-72.86357443863542,-13.476682182433285],[-72.86358246554671,-13.475778576734657],[-72.86450576880509,-13.475786430421865],[-72.8644977453564,-13.4766900366663],[-72.86357443863542,-13.476682182433285]]]}},{"type":"Feature","properties":{"Cell_ID":111,"Area_ha":1.0,"LC":"5:0.544566,9:0.019719,14:0.435715","XMIN":731274.86160847,"YMIN":8510143.59738907,"XMAX":731374.86160847,"YMAX":8510243.59738907},"geometry":{"type":"Polygon","coordinates":[[[-72.86273140974714,-13.467638270154765],[-72.86273943423353,-13.466734664306584],[-72.86366270229153,-13.466742515922444],[-72.86365468126519,-13.46764612231663],[-72.86273140974714,-13.467638270154765]]]}},{"type":"Feature","properties":{"Cell_ID":112,"Area_ha":1.0,"LC":"5:0.101335,9:0.336332,13:0.000478,14:0.561854","XMIN":731274.86160847,"YMIN":8510043.59738907,"XMAX":731374.86160847,"YMAX":8510143.59738907},"geometry":{"type":"Polygon","coordinates":[[[-72.86272338467205,-13.468541875933404],[-72.86273140974714,-13.467638270154765],[-72.86365468126519,-13.46764612231663],[-72.86364665965039,-13.468549728641275],[-72.86272338467205,-13.468541875933404]]]}},{"type":"Feature","properties":{"Cell_ID":113,"Area_ha":1.0,"LC":"9:0.317162,13:0.581994,14:0.100844","XMIN":731274.86160847,"YMIN":8509943.59738907,"XMAX":731374.86160847,"YMAX":8510043.59738907},"geometry":{"type":"Polygon","coordinates":[[[-72.86271535900825,-13.469445481642502],[-72.86272338467205,-13.468541875933404],[-72.86364665965039,-13.468549728641275],[-72.86363863744712,-13.469453334896382],[-72.86271535900825,-13.469445481642502]]]}},{"type":"Feature","properties":{"Cell_ID":114,"Area_ha":1.0,"LC":"9:0.337624,13:0.662376","XMIN":731274.86160847,"YMIN":8509843.59738907,"XMAX":731374.86160847,"YMAX":8509943.59738907},"geometry":{"type":"Polygon","coordinates":[[[-72.86270733275573,-13.470349087282054],[-72.86271535900825,-13.469445481642502],[-72.86363863744712,-13.469453334896382],[-72.86363061465542,-13.470356941081947],[-72.86270733275573,-13.470349087282054]]]}},{"type":"Feature","properties":{"Cell_ID":115,"Area_ha":1.0,"LC":"9:0.563542,13:0.081939,14:0.354519","XMIN":731274.86160847,"YMIN":8509743.59738907,"XMAX":731374.86160847,"YMAX":8509843.59738907},"geometry":{"type":"Polygon","coordinates":[[[-72.86269930591448,-13.471252692852051],[-72.86270733275573,-13.470349087282054],[-72.86363061465542,-13.470356941081947],[-72.86362259127522,-13.47126054719796],[-72.86269930591448,-13.471252692852051]]]}},{"type":"Feature","properties":{"Cell_ID":116,"Area_ha":1.0,"LC":"9:0.239367,13:0.003878,14:0.756755","XMIN":731274.86160847,"YMIN":8509643.59738907,"XMAX":731374.86160847,"YMAX":8509743.59738907},"geometry":{"type":"Polygon","coordinates":[[[-72.86269127848448,-13.472156298352491],[-72.86269930591448,-13.471252692852051],[-72.86362259127522,-13.47126054719796],[-72.86361456730653,-13.472164153244425],[-72.86269127848448,-13.472156298352491]]]}},{"type":"Feature","properties":{"Cell_ID":117,"Area_ha":1.0,"LC":"5:0.078960,9:0.901322,14:0.019719","XMIN":731274.86160847,"YMIN":8509543.59738907,"XMAX":731374.86160847,"YMAX":8509643.59738907},"geometry":{"type":"Polygon","coordinates":[[[-72.86268325046572,-13.473059903783366],[-72.86269127848448,-13.472156298352491],[-72.86361456730653,-13.472164153244425],[-72.86360654274935,-13.47306775922133],[-72.86268325046572,-13.473059903783366]]]}},{"type":"Feature","properties":{"Cell_ID":118,"Area_ha":1.0,"LC":"5:0.280071,9:0.041054,14:0.678875","XMIN":731274.86160847,"YMIN":8509443.59738907,"XMAX":731374.86160847,"YMAX":8509543.59738907},"geometry":{"type":"Polygon","coordinates":[[[-72.86267522185823,-13.47396350914468],[-72.86268325046572,-13.473059903783366],[-72.86360654274935,-13.47306775922133],[-72.86359851760366,-13.473971365128671],[-72.86267522185823,-13.47396350914468]]]}},{"type":"Feature","properties":{"Cell_ID":119,"Area_ha":1.0,"LC":"5:0.278061,14:0.721939","XMIN":731274.86160847,"YMIN":8509343.59738907,"XMAX":731374.86160847,"YMAX":8509443.59738907},"geometry":{"type":"Polygon","coordinates":[[[-72.86266719266193,-13.474867114436424],[-72.86267522185823,-13.47396350914468],[-72.86359851760366,-13.473971365128671],[-72.86359049186946,-13.474874970966448],[-72.86266719266193,-13.474867114436424]]]}},{"type":"Feature","properties":{"Cell_ID":120,"Area_ha":1.0,"LC":"5:0.658594,14:0.341406","XMIN":731274.86160847,"YMIN":8509243.59738907,"XMAX":731374.86160847,"YMAX":8509343.59738907},"geometry":{"type":"Polygon","coordinates":[[[-72.86265916287687,-13.475770719658593],[-72.86266719266193,-13.474867114436424],[-72.86359049186946,-13.474874970966448],[-72.86358246554671,-13.475778576734657],[-72.86265916287687,-13.475770719658593]]]}},{"type":"Feature","properties":{"Cell_ID":121,"Area_ha":1.0,"LC":"5:0.998553,9:0.001447","XMIN":731374.86160847,"YMIN":8510143.59738907,"XMAX":731474.86160847,"YMAX":8510243.59738907},"geometry":{"type":"Polygon","coordinates":[[[-72.86180813881779,-13.467630414606173],[-72.86181616676421,-13.466726809304228],[-72.86273943423353,-13.466734664306584],[-72.86273140974714,-13.467638270154765],[-72.86180813881779,-13.467630414606173]]]}},{"type":"Feature","properties":{"Cell_ID":122,"Area_ha":1.0,"LC":"5:0.260915,9:0.004847,13:0.578116,14:0.156122","XMIN":731374.86160847,"YMIN":8510043.59738907,"XMAX":731474.86160847,"YMAX":8510143.59738907},"geometry":{"type":"Polygon","coordinates":[[[-72.86180011028242,-13.468534019838572],[-72.86180813881779,-13.467630414606173],[-72.86273140974714,-13.467638270154765],[-72.86272338467205,-13.468541875933404],[-72.86180011028242,-13.468534019838572]]]}},{"type":"Feature","properties":{"Cell_ID":123,"Area_ha":1.0,"LC":"9:0.464004,13:0.535996","XMIN":731374.86160847,"YMIN":8509943.59738907,"XMAX":731474.86160847,"YMAX":8510043.59738907},"geometry":{"type":"Polygon","coordinates":[[[-72.86179208115809,-13.469437625001424],[-72.86180011028242,-13.468534019838572],[-72.86272338467205,-13.468541875933404],[-72.86271535900825,-13.469445481642502],[-72.86179208115809,-13.469437625001424]]]}},{"type":"Feature","properties":{"Cell_ID":124,"Area_ha":1.0,"LC":"5:0.041939,9:0.638960,13:0.277162,14:0.041939","XMIN":731374.86160847,"YMIN":8509843.59738907,"XMAX":731474.86160847,"YMAX":8509943.59738907},"geometry":{"type":"Polygon","coordinates":[[[-72.86178405144476,-13.470341230094725],[-72.86179208115809,-13.469437625001424],[-72.86271535900825,-13.469445481642502],[-72.86270733275573,-13.470349087282054],[-72.86178405144476,-13.470341230094725]]]}},{"type":"Feature","properties":{"Cell_ID":125,"Area_ha":1.0,"LC":"9:0.278708,13:0.721292","XMIN":731374.86160847,"YMIN":8509743.59738907,"XMAX":731474.86160847,"YMAX":8509843.59738907},"geometry":{"type":"Polygon","coordinates":[[[-72.86177602114246,-13.471244835118469],[-72.86178405144476,-13.470341230094725],[-72.86270733275573,-13.470349087282054],[-72.86269930591448,-13.471252692852051],[-72.86177602114246,-13.471244835118469]]]}},{"type":"Feature","properties":{"Cell_ID":126,"Area_ha":1.0,"LC":"9:0.039508,13:0.960492","XMIN":731374.86160847,"YMIN":8509643.59738907,"XMAX":731474.86160847,"YMAX":8509743.59738907},"geometry":{"type":"Polygon","coordinates":[[[-72.86176799025117,-13.472148440072653],[-72.86177602114246,-13.471244835118469],[-72.86269930591448,-13.471252692852051],[-72.86269127848448,-13.472156298352491],[-72.86176799025117,-13.472148440072653]]]}},{"type":"Feature","properties":{"Cell_ID":127,"Area_ha":1.0,"LC":"9:0.659156,13:0.340844","XMIN":731374.86160847,"YMIN":8509543.59738907,"XMAX":731474.86160847,"YMAX":8509643.59738907},"geometry":{"type":"Polygon","coordinates":[[[-72.86175995877086,-13.473052044957269],[-72.86176799025117,-13.472148440072653],[-72.86269127848448,-13.472156298352491],[-72.86268325046572,-13.473059903783366],[-72.86175995877086,-13.473052044957269]]]}},{"type":"Feature","properties":{"Cell_ID":128,"Area_ha":1.0,"LC":"5:0.335841,9:0.444440,13:0.200478,14:0.019241","XMIN":731374.86160847,"YMIN":8509443.59738907,"XMAX":731474.86160847,"YMAX":8509543.59738907},"geometry":{"type":"Polygon","coordinates":[[[-72.86175192670156,-13.473955649772314],[-72.86175995877086,-13.473052044957269],[-72.86268325046572,-13.473059903783366],[-72.86267522185823,-13.47396350914468],[-72.86175192670156,-13.473955649772314]]]}},{"type":"Feature","properties":{"Cell_ID":129,"Area_ha":1.0,"LC":"5:0.359438,9:0.040562,13:0.304651,14:0.295349","XMIN":731374.86160847,"YMIN":8509343.59738907,"XMAX":731474.86160847,"YMAX":8509443.59738907},"geometry":{"type":"Polygon","coordinates":[[[-72.8617438940432,-13.474859254517792],[-72.86175192670156,-13.473955649772314],[-72.86267522185823,-13.47396350914468],[-72.86266719266193,-13.474867114436424],[-72.8617438940432,-13.474859254517792]]]}},{"type":"Feature","properties":{"Cell_ID":130,"Area_ha":1.0,"LC":"5:0.576332,9:0.143105,14:0.280562","XMIN":731374.86160847,"YMIN":8509243.59738907,"XMAX":731474.86160847,"YMAX":8509343.59738907},"geometry":{"type":"Polygon","coordinates":[[[-72.86173586079582,-13.475762859193688],[-72.8617438940432,-13.474859254517792],[-72.86266719266193,-13.474867114436424],[-72.86265916287687,-13.475770719658593],[-72.86173586079582,-13.475762859193688]]]}},{"type":"Feature","properties":{"Cell_ID":131,"Area_ha":1.0,"LC":"5:0.261335,9:0.738665","XMIN":731474.86160847,"YMIN":8510043.59738907,"XMAX":731574.86160847,"YMAX":8510143.59738907},"geometry":{"type":"Polygon","coordinates":[[[-72.86087683648175,-13.468526160356792],[-72.86088486847741,-13.46762255567087],[-72.86180813881779,-13.467630414606173],[-72.86180011028242,-13.468534019838572],[-72.86087683648175,-13.468526160356792]]]}},{"type":"Feature","properties":{"Cell_ID":132,"Area_ha":1.0,"LC":"9:0.780844,14:0.219156","XMIN":731474.86160847,"YMIN":8509943.59738907,"XMAX":731574.86160847,"YMAX":8510043.59738907},"geometry":{"type":"Polygon","coordinates":[[[-72.86086880389688,-13.469429764973162],[-72.86087683648175,-13.468526160356792],[-72.86180011028242,-13.468534019838572],[-72.86179208115809,-13.469437625001424],[-72.86086880389688,-13.469429764973162]]]}},{"type":"Feature","properties":{"Cell_ID":133,"Area_ha":1.0,"LC":"5:0.440000,9:0.141095,14:0.418905","XMIN":731474.86160847,"YMIN":8509843.59738907,"XMAX":731574.86160847,"YMAX":8509943.59738907},"geometry":{"type":"Polygon","coordinates":[[[-72.86086077072278,-13.47033336951998],[-72.86086880389688,-13.469429764973162],[-72.86179208115809,-13.469437625001424],[-72.86178405144476,-13.470341230094725],[-72.86086077072278,-13.47033336951998]]]}},{"type":"Feature","properties":{"Cell_ID":134,"Area_ha":1.0,"LC":"9:0.302783,13:0.697217","XMIN":731474.86160847,"YMIN":8509743.59738907,"XMAX":731574.86160847,"YMAX":8509843.59738907},"geometry":{"type":"Polygon","coordinates":[[[-72.86085273695944,-13.471236973997232],[-72.86086077072278,-13.47033336951998],[-72.86178405144476,-13.470341230094725],[-72.86177602114246,-13.471244835118469],[-72.86085273695944,-13.471236973997232]]]}},{"type":"Feature","properties":{"Cell_ID":135,"Area_ha":1.0,"LC":"9:0.662065,13:0.337935","XMIN":731474.86160847,"YMIN":8509643.59738907,"XMAX":731574.86160847,"YMAX":8509743.59738907},"geometry":{"type":"Polygon","coordinates":[[[-72.86084470260685,-13.472140578404922],[-72.86085273695944,-13.471236973997232],[-72.86177602114246,-13.471244835118469],[-72.86176799025117,-13.472148440072653],[-72.86084470260685,-13.472140578404922]]]}},{"type":"Feature","properties":{"Cell_ID":136,"Area_ha":1.0,"LC":"9:1.000000","XMIN":731474.86160847,"YMIN":8509543.59738907,"XMAX":731574.86160847,"YMAX":8509643.59738907},"geometry":{"type":"Polygon","coordinates":[[[-72.86083666766503,-13.473044182743044],[-72.86084470260685,-13.472140578404922],[-72.86176799025117,-13.472148440072653],[-72.86175995877086,-13.473052044957269],[-72.86083666766503,-13.473044182743044]]]}},{"type":"Feature","properties":{"Cell_ID":137,"Area_ha":1.0,"LC":"9:0.959593,13:0.040407","XMIN":731474.86160847,"YMIN":8509443.59738907,"XMAX":731574.86160847,"YMAX":8509543.59738907},"geometry":{"type":"Polygon","coordinates":[[[-72.8608286321339,-13.473947787011591],[-72.86083666766503,-13.473044182743044],[-72.86175995877086,-13.473052044957269],[-72.86175192670156,-13.473955649772314],[-72.8608286321339,-13.473947787011591]]]}},{"type":"Feature","properties":{"Cell_ID":138,"Area_ha":1.0,"LC":"9:0.220759,13:0.560562,14:0.218678","XMIN":731474.86160847,"YMIN":8509343.59738907,"XMAX":731574.86160847,"YMAX":8509443.59738907},"geometry":{"type":"Polygon","coordinates":[[[-72.86082059601351,-13.474851391210562],[-72.8608286321339,-13.473947787011591],[-72.86175192670156,-13.473955649772314],[-72.8617438940432,-13.474859254517792],[-72.86082059601351,-13.474851391210562]]]}},{"type":"Feature","properties":{"Cell_ID":139,"Area_ha":1.0,"LC":"9:0.821180,13:0.039438,14:0.139383","XMIN":731474.86160847,"YMIN":8509243.59738907,"XMAX":731574.86160847,"YMAX":8509343.59738907},"geometry":{"type":"Polygon","coordinates":[[[-72.86081255930382,-13.475754995339951],[-72.86082059601351,-13.474851391210562],[-72.8617438940432,-13.474859254517792],[-72.86173586079582,-13.475762859193688],[-72.86081255930382,-13.475754995339951]]]}},{"type":"Feature","properties":{"Cell_ID":140,"Area_ha":1.0,"LC":"9:0.301729,13:0.698271","XMIN":731474.86160847,"YMIN":8509143.59738907,"XMAX":731574.86160847,"YMAX":8509243.59738907},"geometry":{"type":"Polygon","coordinates":[[[-72.86080452200483,-13.476658599399752],[-72.86081255930382,-13.475754995339951],[-72.86173586079582,-13.475762859193688],[-72.8617278269594,-13.476666463800003],[-72.86080452200483,-13.476658599399752]]]}},{"type":"Feature","properties":{"Cell_ID":141,"Area_ha":1.0,"LC":"5:0.021742,9:0.715153,14:0.263105","XMIN":731574.86160847,"YMIN":8509943.59738907,"XMAX":731674.86160847,"YMAX":8510043.59738907},"geometry":{"type":"Polygon","coordinates":[[[-72.85994552722491,-13.469421901557729],[-72.85995356327031,-13.468518297488071],[-72.86087683648175,-13.468526160356792],[-72.86086880389688,-13.469429764973162],[-72.85994552722491,-13.469421901557729]]]}},{"type":"Feature","properties":{"Cell_ID":142,"Area_ha":1.0,"LC":"5:0.078539,6:0.002908,9:0.617373,14:0.301180","XMIN":731574.86160847,"YMIN":8509843.59738907,"XMAX":731674.86160847,"YMAX":8509943.59738907},"geometry":{"type":"Polygon","coordinates":[[[-72.85993749059004,-13.470325505557822],[-72.85994552722491,-13.469421901557729],[-72.86086880389688,-13.469429764973162],[-72.86086077072278,-13.47033336951998],[-72.85993749059004,-13.470325505557822]]]}},{"type":"Feature","properties":{"Cell_ID":143,"Area_ha":1.0,"LC":"5:0.000492,9:0.340352,13:0.618594,14:0.040562","XMIN":731574.86160847,"YMIN":8509743.59738907,"XMAX":731674.86160847,"YMAX":8509843.59738907},"geometry":{"type":"Polygon","coordinates":[[[-72.8599294533657,-13.47122910948835],[-72.85993749059004,-13.470325505557822],[-72.86086077072278,-13.47033336951998],[-72.86085273695944,-13.471236973997232],[-72.8599294533657,-13.47122910948835]]]}},{"type":"Feature","properties":{"Cell_ID":144,"Area_ha":1.0,"LC":"9:0.417780,13:0.582220","XMIN":731574.86160847,"YMIN":8509643.59738907,"XMAX":731674.86160847,"YMAX":8509743.59738907},"geometry":{"type":"Polygon","coordinates":[[[-72.85992141555182,-13.472132713349316],[-72.8599294533657,-13.47122910948835],[-72.86085273695944,-13.471236973997232],[-72.86084470260685,-13.472140578404922],[-72.85992141555182,-13.472132713349316]]]}},{"type":"Feature","properties":{"Cell_ID":145,"Area_ha":1.0,"LC":"9:0.195644,13:0.804356","XMIN":731574.86160847,"YMIN":8509543.59738907,"XMAX":731674.86160847,"YMAX":8509643.59738907},"geometry":{"type":"Polygon","coordinates":[[[-72.85991337714844,-13.473036317140703],[-72.85992141555182,-13.472132713349316],[-72.86084470260685,-13.472140578404922],[-72.86083666766503,-13.473044182743044],[-72.85991337714844,-13.473036317140703]]]}},{"type":"Feature","properties":{"Cell_ID":146,"Area_ha":1.0,"LC":"9:0.376881,13:0.623119","XMIN":731574.86160847,"YMIN":8509443.59738907,"XMAX":731674.86160847,"YMAX":8509543.59738907},"geometry":{"type":"Polygon","coordinates":[[[-72.85990533815554,-13.473939920862515],[-72.85991337714844,-13.473036317140703],[-72.86083666766503,-13.473044182743044],[-72.8608286321339,-13.473947787011591],[-72.85990533815554,-13.473939920862515]]]}},{"type":"Feature","properties":{"Cell_ID":147,"Area_ha":1.0,"LC":"9:0.019241,13:0.980759","XMIN":731574.86160847,"YMIN":8509343.59738907,"XMAX":731674.86160847,"YMAX":8509443.59738907},"geometry":{"type":"Polygon","coordinates":[[[-72.8598972985731,-13.474843524514744],[-72.85990533815554,-13.473939920862515],[-72.8608286321339,-13.473947787011591],[-72.86082059601351,-13.474851391210562],[-72.8598972985731,-13.474843524514744]]]}},{"type":"Feature","properties":{"Cell_ID":148,"Area_ha":1.0,"LC":"9:0.315153,13:0.684847","XMIN":731574.86160847,"YMIN":8509243.59738907,"XMAX":731674.86160847,"YMAX":8509343.59738907},"geometry":{"type":"Polygon","coordinates":[[[-72.85988925840113,-13.475747128097389],[-72.8598972985731,-13.474843524514744],[-72.86082059601351,-13.474851391210562],[-72.86081255930382,-13.475754995339951],[-72.85988925840113,-13.475747128097389]]]}},{"type":"Feature","properties":{"Cell_ID":149,"Area_ha":1.0,"LC":"9:0.360885,13:0.639115","XMIN":731574.86160847,"YMIN":8509143.59738907,"XMAX":731674.86160847,"YMAX":8509243.59738907},"geometry":{"type":"Polygon","coordinates":[[[-72.8598812176396,-13.47665073161044],[-72.85988925840113,-13.475747128097389],[-72.86081255930382,-13.475754995339951],[-72.86080452200483,-13.476658599399752],[-72.8598812176396,-13.47665073161044]]]}},{"type":"Feature","properties":{"Cell_ID":150,"Area_ha":1.0,"LC":"5:0.262963,6:0.657935,14:0.079101","XMIN":731674.86160847,"YMIN":8509843.59738907,"XMAX":731774.86160847,"YMAX":8509943.59738907},"geometry":{"type":"Polygon","coordinates":[[[-72.8590142110468,-13.470317638208266],[-72.85902225114243,-13.469414034755125],[-72.85994552722491,-13.469421901557729],[-72.85993749059004,-13.470325505557822],[-72.8590142110468,-13.470317638208266]]]}},{"type":"Feature","properties":{"Cell_ID":151,"Area_ha":1.0,"LC":"5:0.101406,9:0.319031,13:0.579563","XMIN":731674.86160847,"YMIN":8509743.59738907,"XMAX":731774.86160847,"YMAX":8509843.59738907},"geometry":{"type":"Polygon","coordinates":[[[-72.85900617036143,-13.471221241591836],[-72.8590142110468,-13.470317638208266],[-72.85993749059004,-13.470325505557822],[-72.8599294533657,-13.47122910948835],[-72.85900617036143,-13.471221241591836]]]}},{"type":"Feature","properties":{"Cell_ID":152,"Area_ha":1.0,"LC":"9:0.137709,13:0.862291","XMIN":731674.86160847,"YMIN":8509643.59738907,"XMAX":731774.86160847,"YMAX":8509743.59738907},"geometry":{"type":"Polygon","coordinates":[[[-72.85899812908629,-13.472124844905835],[-72.85900617036143,-13.471221241591836],[-72.8599294533657,-13.47122910948835],[-72.85992141555182,-13.472132713349316],[-72.85899812908629,-13.472124844905835]]]}},{"type":"Feature","properties":{"Cell_ID":153,"Area_ha":1.0,"LC":"9:0.262291,13:0.737709","XMIN":731674.86160847,"YMIN":8509543.59738907,"XMAX":731774.86160847,"YMAX":8509643.59738907},"geometry":{"type":"Polygon","coordinates":[[[-72.85899008722139,-13.473028448150254],[-72.85899812908629,-13.472124844905835],[-72.85992141555182,-13.472132713349316],[-72.85991337714844,-13.473036317140703],[-72.85899008722139,-13.473028448150254]]]}},{"type":"Feature","properties":{"Cell_ID":154,"Area_ha":1.0,"LC":"9:0.358875,13:0.641125","XMIN":731674.86160847,"YMIN":8509443.59738907,"XMAX":731774.86160847,"YMAX":8509543.59738907},"geometry":{"type":"Polygon","coordinates":[[[-72.85898204476672,-13.473932051325093],[-72.85899008722139,-13.473028448150254],[-72.85991337714844,-13.473036317140703],[-72.85990533815554,-13.473939920862515],[-72.85898204476672,-13.473932051325093]]]}},{"type":"Feature","properties":{"Cell_ID":155,"Area_ha":1.0,"LC":"9:0.540844,13:0.459156","XMIN":731674.86160847,"YMIN":8509343.59738907,"XMAX":731774.86160847,"YMAX":8509443.59738907},"geometry":{"type":"Polygon","coordinates":[[[-72.85897400172225,-13.47483565443035],[-72.85898204476672,-13.473932051325093],[-72.85990533815554,-13.473939920862515],[-72.8598972985731,-13.474843524514744],[-72.85897400172225,-13.47483565443035]]]}},{"type":"Feature","properties":{"Cell_ID":156,"Area_ha":1.0,"LC":"5:0.163878,9:0.399438,13:0.416488,14:0.020197","XMIN":731674.86160847,"YMIN":8509243.59738907,"XMAX":731774.86160847,"YMAX":8509343.59738907},"geometry":{"type":"Polygon","coordinates":[[[-72.85896595808798,-13.475739257466014],[-72.85897400172225,-13.47483565443035],[-72.8598972985731,-13.474843524514744],[-72.85988925840113,-13.475747128097389],[-72.85896595808798,-13.475739257466014]]]}},{"type":"Feature","properties":{"Cell_ID":157,"Area_ha":1.0,"LC":"5:0.818427,9:0.079438,13:0.102136","XMIN":731774.86160847,"YMIN":8509843.59738907,"XMAX":731874.86160847,"YMAX":8509943.59738907},"geometry":{"type":"Polygon","coordinates":[[[-72.85809093209329,-13.470309767471315],[-72.85809897564967,-13.46940616456537],[-72.85902225114243,-13.469414034755125],[-72.8590142110468,-13.470317638208266],[-72.85809093209329,-13.470309767471315]]]}},{"type":"Feature","properties":{"Cell_ID":158,"Area_ha":1.0,"LC":"3:0.061166,5:0.040071,9:0.418749,13:0.480014","XMIN":731774.86160847,"YMIN":8509743.59738907,"XMAX":731874.86160847,"YMAX":8509843.59738907},"geometry":{"type":"Polygon","coordinates":[[[-72.85808288794692,-13.471213370307693],[-72.85809093209329,-13.470309767471315],[-72.8590142110468,-13.470317638208266],[-72.85900617036143,-13.471221241591836],[-72.85808288794692,-13.471213370307693]]]}},{"type":"Feature","properties":{"Cell_ID":159,"Area_ha":1.0,"LC":"3:0.262712,5:0.081939,9:0.201040,13:0.454309","XMIN":731774.86160847,"YMIN":8509643.59738907,"XMAX":731874.86160847,"YMAX":8509743.59738907},"geometry":{"type":"Polygon","coordinates":[[[-72.85807484321053,-13.47211697307449],[-72.85808288794692,-13.471213370307693],[-72.85900617036143,-13.471221241591836],[-72.85899812908629,-13.472124844905835],[-72.85807484321053,-13.47211697307449]]]}},{"type":"Feature","properties":{"Cell_ID":160,"Area_ha":1.0,"LC":"9:0.178834,13:0.821166","XMIN":731774.86160847,"YMIN":8509543.59738907,"XMAX":731874.86160847,"YMAX":8509643.59738907},"geometry":{"type":"Polygon","coordinates":[[[-72.85806679788412,-13.47302057577171],[-72.85807484321053,-13.47211697307449],[-72.85899812908629,-13.472124844905835],[-72.85899008722139,-13.473028448150254],[-72.85806679788412,-13.47302057577171]]]}},{"type":"Feature","properties":{"Cell_ID":161,"Area_ha":1.0,"LC":"13:1.000000","XMIN":731774.86160847,"YMIN":8509443.59738907,"XMAX":731874.86160847,"YMAX":8509543.59738907},"geometry":{"type":"Polygon","coordinates":[[[-72.85805875196768,-13.47392417839934],[-72.85806679788412,-13.47302057577171],[-72.85899008722139,-13.473028448150254],[-72.85898204476672,-13.473932051325093],[-72.85805875196768,-13.47392417839934]]]}},{"type":"Feature","properties":{"Cell_ID":162,"Area_ha":1.0,"LC":"9:0.062627,13:0.937373","XMIN":731774.86160847,"YMIN":8509343.59738907,"XMAX":731874.86160847,"YMAX":8509443.59738907},"geometry":{"type":"Polygon","coordinates":[[[-72.85805070546118,-13.474827780957385],[-72.85805875196768,-13.47392417839934],[-72.85898204476672,-13.473932051325093],[-72.85897400172225,-13.47483565443035],[-72.85805070546118,-13.474827780957385]]]}},{"type":"Feature","properties":{"Cell_ID":163,"Area_ha":1.0,"LC":"5:0.335841,9:0.020281,13:0.624637,14:0.019241","XMIN":731774.86160847,"YMIN":8509243.59738907,"XMAX":731874.86160847,"YMAX":8509343.59738907},"geometry":{"type":"Polygon","coordinates":[[[-72.85804265836464,-13.475731383445835],[-72.85805070546118,-13.474827780957385],[-72.85897400172225,-13.47483565443035],[-72.85896595808798,-13.475739257466014],[-72.85804265836464,-13.475731383445835]]]}},{"type":"Feature","properties":{"Cell_ID":164,"Area_ha":1.0,"LC":"3:0.058271,5:0.202753,13:0.738976","XMIN":731874.86160847,"YMIN":8509743.59738907,"XMAX":731974.86160847,"YMAX":8509843.59738907},"geometry":{"type":"Polygon","coordinates":[[[-72.85715960612242,-13.471205495635932],[-72.8571676537298,-13.47030189334699],[-72.85809093209329,-13.470309767471315],[-72.85808288794692,-13.471213370307693],[-72.85715960612242,-13.471205495635932]]]}},{"type":"Feature","properties":{"Cell_ID":165,"Area_ha":1.0,"LC":"3:0.097851,5:0.320647,9:0.418594,13:0.162908","XMIN":731874.86160847,"YMIN":8509643.59738907,"XMAX":731974.86160847,"YMAX":8509743.59738907},"geometry":{"type":"Polygon","coordinates":[[[-72.8571515579248,-13.472109097855299],[-72.85715960612242,-13.471205495635932],[-72.85808288794692,-13.471213370307693],[-72.85807484321053,-13.47211697307449],[-72.8571515579248,-13.472109097855299]]]}},{"type":"Feature","properties":{"Cell_ID":166,"Area_ha":1.0,"LC":"9:0.424637,13:0.575363","XMIN":731874.86160847,"YMIN":8509543.59738907,"XMAX":731974.86160847,"YMAX":8509643.59738907},"geometry":{"type":"Polygon","coordinates":[[[-72.85714350913686,-13.473012700005077],[-72.8571515579248,-13.472109097855299],[-72.85807484321053,-13.47211697307449],[-72.85806679788412,-13.47302057577171],[-72.85714350913686,-13.473012700005077]]]}},{"type":"Feature","properties":{"Cell_ID":167,"Area_ha":1.0,"LC":"5:0.000969,9:0.082586,13:0.916445","XMIN":731874.86160847,"YMIN":8509443.59738907,"XMAX":731974.86160847,"YMAX":8509543.59738907},"geometry":{"type":"Polygon","coordinates":[[[-72.85713545975868,-13.47391630208527],[-72.85714350913686,-13.473012700005077],[-72.85806679788412,-13.47302057577171],[-72.85805875196768,-13.47392417839934],[-72.85713545975868,-13.47391630208527]]]}},{"type":"Feature","properties":{"Cell_ID":168,"Area_ha":1.0,"LC":"5:0.003386,9:0.397092,13:0.520085,14:0.079438","XMIN":731874.86160847,"YMIN":8509343.59738907,"XMAX":731974.86160847,"YMAX":8509443.59738907},"geometry":{"type":"Polygon","coordinates":[[[-72.85712740979018,-13.474819904095861],[-72.85713545975868,-13.47391630208527],[-72.85805875196768,-13.47392417839934],[-72.85805070546118,-13.474827780957385],[-72.85712740979018,-13.474819904095861]]]}},{"type":"Feature","properties":{"Cell_ID":169,"Area_ha":1.0,"LC":"5:0.004369,13:0.595153,14:0.400478","XMIN":731874.86160847,"YMIN":8509243.59738907,"XMAX":731974.86160847,"YMAX":8509343.59738907},"geometry":{"type":"Polygon","coordinates":[[[-72.85711935923138,-13.475723506036866],[-72.85712740979018,-13.474819904095861],[-72.85805070546118,-13.474827780957385],[-72.85804265836464,-13.475731383445835],[-72.85711935923138,-13.475723506036866]]]}},{"type":"Feature","properties":{"Cell_ID":170,"Area_ha":1.0,"LC":"5:0.079101,9:0.198397,13:0.722501","XMIN":731974.86160847,"YMIN":8509643.59738907,"XMAX":732074.86160847,"YMAX":8509743.59738907},"geometry":{"type":"Polygon","coordinates":[[[-72.85622827322932,-13.472101219248264],[-72.85623632488819,-13.471197617576568],[-72.85715960612242,-13.471205495635932],[-72.8571515579248,-13.472109097855299],[-72.85622827322932,-13.472101219248264]]]}},{"type":"Feature","properties":{"Cell_ID":171,"Area_ha":1.0,"LC":"5:0.122824,9:0.815434,13:0.061742","XMIN":731974.86160847,"YMIN":8509543.59738907,"XMAX":732074.86160847,"YMAX":8509643.59738907},"geometry":{"type":"Polygon","coordinates":[[[-72.8562202209799,-13.473004820850365],[-72.85622827322932,-13.472101219248264],[-72.8571515579248,-13.472109097855299],[-72.85714350913686,-13.473012700005077],[-72.8562202209799,-13.473004820850365]]]}},{"type":"Feature","properties":{"Cell_ID":172,"Area_ha":1.0,"LC":"5:0.544159,9:0.299383,13:0.156458","XMIN":731974.86160847,"YMIN":8509443.59738907,"XMAX":732074.86160847,"YMAX":8509543.59738907},"geometry":{"type":"Polygon","coordinates":[[[-72.85621216813998,-13.473908422382882],[-72.8562202209799,-13.473004820850365],[-72.85714350913686,-13.473012700005077],[-72.85713545975868,-13.47391630208527],[-72.85621216813998,-13.473908422382882]]]}},{"type":"Feature","properties":{"Cell_ID":173,"Area_ha":1.0,"LC":"5:0.880336,13:0.119664","XMIN":731974.86160847,"YMIN":8509343.59738907,"XMAX":732074.86160847,"YMAX":8509443.59738907},"geometry":{"type":"Polygon","coordinates":[[[-72.85620411470948,-13.474812023845798],[-72.85621216813998,-13.473908422382882],[-72.85713545975868,-13.47391630208527],[-72.85712740979018,-13.474819904095861],[-72.85620411470948,-13.474812023845798]]]}},{"type":"Feature","properties":{"Cell_ID":174,"Area_ha":1.0,"LC":"5:0.820437,13:0.001447,14:0.178116","XMIN":731974.86160847,"YMIN":8509243.59738907,"XMAX":732074.86160847,"YMAX":8509343.59738907},"geometry":{"type":"Polygon","coordinates":[[[-72.85619606068842,-13.475715625239108],[-72.85620411470948,-13.474812023845798],[-72.85712740979018,-13.474819904095861],[-72.85711935923138,-13.475723506036866],[-72.85619606068842,-13.475715625239108]]]}},{"type":"Feature","properties":{"Cell_ID":175,"Area_ha":1.0,"LC":"5:0.677428,9:0.263752,13:0.058820","XMIN":732074.86160847,"YMIN":8509543.59738907,"XMAX":732174.86160847,"YMAX":8509643.59738907},"geometry":{"type":"Polygon","coordinates":[[[-72.8552969334135,-13.472996938307594],[-72.85530498912438,-13.472093337253396],[-72.85622827322932,-13.472101219248264],[-72.8562202209799,-13.473004820850365],[-72.8552969334135,-13.472996938307594]]]}},{"type":"Feature","properties":{"Cell_ID":176,"Area_ha":1.0,"LC":"5:0.918146,13:0.081854","XMIN":732074.86160847,"YMIN":8509443.59738907,"XMAX":732174.86160847,"YMAX":8509543.59738907},"geometry":{"type":"Polygon","coordinates":[[[-72.85528887711182,-13.473900539292192],[-72.8552969334135,-13.472996938307594],[-72.8562202209799,-13.473004820850365],[-72.85621216813998,-13.473908422382882],[-72.85528887711182,-13.473900539292192]]]}},{"type":"Feature","properties":{"Cell_ID":177,"Area_ha":1.0,"LC":"5:0.694871,13:0.305129","XMIN":732074.86160847,"YMIN":8509343.59738907,"XMAX":732174.86160847,"YMAX":8509443.59738907},"geometry":{"type":"Polygon","coordinates":[[[-72.85528082021933,-13.474804140207187],[-72.85528887711182,-13.473900539292192],[-72.85621216813998,-13.473908422382882],[-72.85620411470948,-13.474812023845798],[-72.85528082021933,-13.474804140207187]]]}},{"type":"Feature","properties":{"Cell_ID":178,"Area_ha":1.0,"LC":"5:0.357725,13:0.642275","XMIN":732074.86160847,"YMIN":8509243.59738907,"XMAX":732174.86160847,"YMAX":8509343.59738907},"geometry":{"type":"Polygon","coordinates":[[[-72.85527276273605,-13.475707741052583],[-72.85528082021933,-13.474804140207187],[-72.85620411470948,-13.474812023845798],[-72.85619606068842,-13.475715625239108],[-72.85527276273605,-13.475707741052583]]]}},{"type":"Feature","properties":{"Cell_ID":179,"Area_ha":1.0,"LC":"13:1.000000","XMIN":732074.86160847,"YMIN":8509143.59738907,"XMAX":732174.86160847,"YMAX":8509243.59738907},"geometry":{"type":"Polygon","coordinates":[[[-72.85526470466192,-13.476611341828361],[-72.85527276273605,-13.475707741052583],[-72.85619606068842,-13.475715625239108],[-72.8561880060768,-13.476619226562814],[-72.85526470466192,-13.476611341828361]]]}},{"type":"Feature","properties":{"Cell_ID":180,"Area_ha":1.0,"LC":"5:0.118132,9:0.145691,13:0.736177","XMIN":732174.86160847,"YMIN":8509443.59738907,"XMAX":732274.86160847,"YMAX":8509543.59738907},"geometry":{"type":"Polygon","coordinates":[[[-72.85436558667448,-13.47389265281321],[-72.85437364643788,-13.472989052376759],[-72.8552969334135,-13.472996938307594],[-72.85528887711182,-13.473900539292192],[-72.85436558667448,-13.47389265281321]]]}},{"type":"Feature","properties":{"Cell_ID":181,"Area_ha":1.0,"LC":"9:0.003400,13:0.795715,14:0.200885","XMIN":732174.86160847,"YMIN":8509343.59738907,"XMAX":732274.86160847,"YMAX":8509443.59738907},"geometry":{"type":"Polygon","coordinates":[[[-72.85435752632002,-13.474796253180054],[-72.85436558667448,-13.47389265281321],[-72.85528887711182,-13.473900539292192],[-72.85528082021933,-13.474804140207187],[-72.85435752632002,-13.474796253180054]]]}},{"type":"Feature","properties":{"Cell_ID":182,"Area_ha":1.0,"LC":"9:0.002417,13:0.634590,14:0.362993","XMIN":732174.86160847,"YMIN":8509243.59738907,"XMAX":732274.86160847,"YMAX":8509343.59738907},"geometry":{"type":"Polygon","coordinates":[[[-72.8543494653745,-13.475699853477291],[-72.85435752632002,-13.474796253180054],[-72.85528082021933,-13.474804140207187],[-72.85527276273605,-13.475707741052583],[-72.8543494653745,-13.475699853477291]]]}},{"type":"Feature","properties":{"Cell_ID":183,"Area_ha":1.0,"LC":"9:0.202275,13:0.796277,14:0.001447","XMIN":732174.86160847,"YMIN":8509143.59738907,"XMAX":732274.86160847,"YMAX":8509243.59738907},"geometry":{"type":"Polygon","coordinates":[[[-72.85434140383789,-13.476603453704909],[-72.8543494653745,-13.475699853477291],[-72.85527276273605,-13.475707741052583],[-72.85526470466192,-13.476611341828361],[-72.85434140383789,-13.476603453704909]]]}},{"type":"Feature","properties":{"Cell_ID":184,"Area_ha":1.0,"LC":"9:0.482572,13:0.495756,14:0.021671","XMIN":732174.86160847,"YMIN":8509043.59738907,"XMAX":732274.86160847,"YMAX":8509143.59738907},"geometry":{"type":"Polygon","coordinates":[[[-72.8543333417102,-13.47750705386291],[-72.85434140383789,-13.476603453704909],[-72.85526470466192,-13.476611341828361],[-72.85525664599697,-13.477514942534528],[-72.8543333417102,-13.47750705386291]]]}},{"type":"Feature","properties":{"Cell_ID":185,"Area_ha":1.0,"LC":"9:0.620437,13:0.321292,14:0.058271","XMIN":732274.86160847,"YMIN":8509343.59738907,"XMAX":732374.86160847,"YMAX":8509443.59738907},"geometry":{"type":"Polygon","coordinates":[[[-72.85343423301177,-13.474788362764402],[-72.85344229682819,-13.473884762945945],[-72.85436558667448,-13.47389265281321],[-72.85435752632002,-13.474796253180054],[-72.85343423301177,-13.474788362764402]]]}},{"type":"Feature","properties":{"Cell_ID":186,"Area_ha":1.0,"LC":"9:0.580533,13:0.121616,14:0.297851","XMIN":732274.86160847,"YMIN":8509243.59738907,"XMAX":732374.86160847,"YMAX":8509343.59738907},"geometry":{"type":"Polygon","coordinates":[[[-72.85342616860402,-13.475691962513244],[-72.85343423301177,-13.474788362764402],[-72.85435752632002,-13.474796253180054],[-72.8543494653745,-13.475699853477291],[-72.85342616860402,-13.475691962513244]]]}},{"type":"Feature","properties":{"Cell_ID":187,"Area_ha":1.0,"LC":"5:0.422065,9:0.419945,14:0.157990","XMIN":732274.86160847,"YMIN":8509143.59738907,"XMAX":732374.86160847,"YMAX":8509243.59738907},"geometry":{"type":"Polygon","coordinates":[[[-72.85341810360494,-13.476595562192468],[-72.85342616860402,-13.475691962513244],[-72.8543494653745,-13.475699853477291],[-72.85434140383789,-13.476603453704909],[-72.85341810360494,-13.476595562192468]]]}},{"type":"Feature","properties":{"Cell_ID":188,"Area_ha":1.0,"LC":"5:0.060844,9:0.621024,14:0.318132","XMIN":732274.86160847,"YMIN":8509043.59738907,"XMAX":732374.86160847,"YMAX":8509143.59738907},"geometry":{"type":"Polygon","coordinates":[[[-72.85341003801452,-13.477499161802069],[-72.85341810360494,-13.476595562192468],[-72.85434140383789,-13.476603453704909],[-72.8543333417102,-13.47750705386291],[-72.85341003801452,-13.477499161802069]]]}},{"type":"Feature","properties":{"Cell_ID":189,"Area_ha":1.0,"LC":"9:0.778329,13:0.221671","XMIN":732374.86160847,"YMIN":8509343.59738907,"XMAX":732474.86160847,"YMAX":8509443.59738907},"geometry":{"type":"Polygon","coordinates":[[[-72.85251094029482,-13.47478046896024],[-72.8525190075732,-13.47387686969041],[-72.85344229682819,-13.473884762945945],[-72.85343423301177,-13.474788362764402],[-72.85251094029482,-13.47478046896024]]]}},{"type":"Feature","properties":{"Cell_ID":190,"Area_ha":1.0,"LC":"9:0.980210,13:0.019790","XMIN":732374.86160847,"YMIN":8509243.59738907,"XMAX":732474.86160847,"YMAX":8509343.59738907},"geometry":{"type":"Polygon","coordinates":[[[-72.85250287242486,-13.475684068160458],[-72.85251094029482,-13.47478046896024],[-72.85343423301177,-13.474788362764402],[-72.85342616860402,-13.475691962513244],[-72.85250287242486,-13.475684068160458]]]}},{"type":"Feature","properties":{"Cell_ID":191,"Area_ha":1.0,"LC":"5:0.376248,9:0.500844,13:0.122908","XMIN":732374.86160847,"YMIN":8509143.59738907,"XMAX":732474.86160847,"YMAX":8509243.59738907},"geometry":{"type":"Polygon","coordinates":[[[-72.85249480396332,-13.47658766729105],[-72.85250287242486,-13.475684068160458],[-72.85342616860402,-13.475691962513244],[-72.85341810360494,-13.476595562192468],[-72.85249480396332,-13.47658766729105]]]}},{"type":"Feature","properties":{"Cell_ID":192,"Area_ha":1.0,"LC":"5:0.302783,9:0.697217","XMIN":732374.86160847,"YMIN":8509043.59738907,"XMAX":732474.86160847,"YMAX":8509143.59738907},"geometry":{"type":"Polygon","coordinates":[[[-72.85248673491019,-13.477491266352013],[-72.85249480396332,-13.47658766729105],[-72.85341810360494,-13.476595562192468],[-72.85341003801452,-13.477499161802069],[-72.85248673491019,-13.477491266352013]]]}},{"type":"Feature","properties":{"Cell_ID":193,"Area_ha":1.0,"LC":"5:0.078061,9:0.799031,13:0.122908","XMIN":732374.86160847,"YMIN":8508943.59738907,"XMAX":732474.86160847,"YMAX":8509043.59738907},"geometry":{"type":"Polygon","coordinates":[[[-72.85247866526544,-13.47839486534335],[-72.85248673491019,-13.477491266352013],[-72.85341003801452,-13.477499161802069],[-72.85340197183274,-13.478402761342046],[-72.85247866526544,-13.47839486534335]]]}},{"type":"Feature","properties":{"Cell_ID":194,"Area_ha":1.0,"LC":"5:0.143274,9:0.540055,13:0.316671","XMIN":732474.86160847,"YMIN":8509343.59738907,"XMAX":732574.86160847,"YMAX":8509443.59738907},"geometry":{"type":"Polygon","coordinates":[[[-72.85158764816946,-13.474772571767584],[-72.85159571890979,-13.47386897304661],[-72.8525190075732,-13.47387686969041],[-72.85251094029482,-13.47478046896024],[-72.85158764816946,-13.474772571767584]]]}},{"type":"Feature","properties":{"Cell_ID":195,"Area_ha":1.0,"LC":"9:0.915631,13:0.084369","XMIN":732474.86160847,"YMIN":8509243.59738907,"XMAX":732574.86160847,"YMAX":8509343.59738907},"geometry":{"type":"Polygon","coordinates":[[[-72.85157957683731,-13.475676170418936],[-72.85158764816946,-13.474772571767584],[-72.85251094029482,-13.47478046896024],[-72.85250287242486,-13.475684068160458],[-72.85157957683731,-13.475676170418936]]]}},{"type":"Feature","properties":{"Cell_ID":196,"Area_ha":1.0,"LC":"9:0.281532,13:0.718468","XMIN":732474.86160847,"YMIN":8509143.59738907,"XMAX":732574.86160847,"YMAX":8509243.59738907},"geometry":{"type":"Polygon","coordinates":[[[-72.85157150491331,-13.476579769000661],[-72.85157957683731,-13.475676170418936],[-72.85250287242486,-13.475684068160458],[-72.85249480396332,-13.47658766729105],[-72.85157150491331,-13.476579769000661]]]}},{"type":"Feature","properties":{"Cell_ID":197,"Area_ha":1.0,"LC":"5:0.418258,9:0.461180,13:0.120562","XMIN":732474.86160847,"YMIN":8509043.59738907,"XMAX":732574.86160847,"YMAX":8509143.59738907},"geometry":{"type":"Polygon","coordinates":[[[-72.85156343239747,-13.477483367512752],[-72.85157150491331,-13.476579769000661],[-72.85249480396332,-13.47658766729105],[-72.85248673491019,-13.477491266352013],[-72.85156343239747,-13.477483367512752]]]}},{"type":"Feature","properties":{"Cell_ID":198,"Area_ha":1.0,"LC":"5:0.020773,9:0.501658,13:0.477569","XMIN":732474.86160847,"YMIN":8508943.59738907,"XMAX":732574.86160847,"YMAX":8509043.59738907},"geometry":{"type":"Polygon","coordinates":[[[-72.85155535928978,-13.478386965955217],[-72.85156343239747,-13.477483367512752],[-72.85248673491019,-13.477491266352013],[-72.85247866526544,-13.47839486534335],[-72.85155535928978,-13.478386965955217]]]}},{"type":"Feature","properties":{"Cell_ID":199,"Area_ha":1.0,"LC":"9:0.679186,13:0.320814","XMIN":732474.86160847,"YMIN":8508843.59738907,"XMAX":732574.86160847,"YMAX":8508943.59738907},"geometry":{"type":"Polygon","coordinates":[[[-72.85154728559019,-13.479290564328034],[-72.85155535928978,-13.478386965955217],[-72.85247866526544,-13.47839486534335],[-72.85247059502908,-13.47929846426505],[-72.85154728559019,-13.479290564328034]]]}},{"type":"Feature","properties":{"Cell_ID":200,"Area_ha":1.0,"LC":"9:0.019790,13:0.980210","XMIN":732474.86160847,"YMIN":8508743.59738907,"XMAX":732574.86160847,"YMAX":8508843.59738907},"geometry":{"type":"Polygon","coordinates":[[[-72.85153921129873,-13.48019416263121],[-72.85154728559019,-13.479290564328034],[-72.85247059502908,-13.47929846426505],[-72.8524625242011,-13.480202063117108],[-72.85153921129873,-13.48019416263121]]]}},{"type":"Feature","properties":{"Cell_ID":201,"Area_ha":1.0,"LC":"13:1.000000","XMIN":732474.86160847,"YMIN":8508643.59738907,"XMAX":732574.86160847,"YMAX":8508743.59738907},"geometry":{"type":"Polygon","coordinates":[[[-72.85153113641537,-13.48109776086474],[-72.85153921129873,-13.48019416263121],[-72.8524625242011,-13.480202063117108],[-72.85245445278146,-13.481105661899523],[-72.85153113641537,-13.48109776086474]]]}},{"type":"Feature","properties":{"Cell_ID":202,"Area_ha":1.0,"LC":"5:0.455996,9:0.159438,13:0.384566","XMIN":732574.86160847,"YMIN":8509443.59738907,"XMAX":732674.86160847,"YMAX":8509543.59738907},"geometry":{"type":"Polygon","coordinates":[[[-72.85067243083819,-13.473861073014557],[-72.85068050444838,-13.472957474773061],[-72.85160378905829,-13.47296537425602],[-72.85159571890979,-13.47386897304661],[-72.85067243083819,-13.473861073014557]]]}},{"type":"Feature","properties":{"Cell_ID":203,"Area_ha":1.0,"LC":"5:0.097851,9:0.458342,13:0.443807","XMIN":732574.86160847,"YMIN":8509343.59738907,"XMAX":732674.86160847,"YMAX":8509443.59738907},"geometry":{"type":"Polygon","coordinates":[[[-72.85066435663593,-13.474764671186438],[-72.85067243083819,-13.473861073014557],[-72.85159571890979,-13.47386897304661],[-72.85158764816946,-13.474772571767584],[-72.85066435663593,-13.474764671186438]]]}},{"type":"Feature","properties":{"Cell_ID":204,"Area_ha":1.0,"LC":"9:0.401784,13:0.598216","XMIN":732574.86160847,"YMIN":8509243.59738907,"XMAX":732674.86160847,"YMAX":8509343.59738907},"geometry":{"type":"Polygon","coordinates":[[[-72.8506562818416,-13.475668269288693],[-72.85066435663593,-13.474764671186438],[-72.85158764816946,-13.474772571767584],[-72.85157957683731,-13.475676170418936],[-72.8506562818416,-13.475668269288693]]]}},{"type":"Feature","properties":{"Cell_ID":205,"Area_ha":1.0,"LC":"9:0.638553,13:0.361447","XMIN":732574.86160847,"YMIN":8509143.59738907,"XMAX":732674.86160847,"YMAX":8509243.59738907},"geometry":{"type":"Polygon","coordinates":[[[-72.85064820645515,-13.476571867321315],[-72.8506562818416,-13.475668269288693],[-72.85157957683731,-13.475676170418936],[-72.85157150491331,-13.476579769000661],[-72.85064820645515,-13.476571867321315]]]}},{"type":"Feature","properties":{"Cell_ID":206,"Area_ha":1.0,"LC":"5:0.038960,9:0.937444,13:0.023597","XMIN":732574.86160847,"YMIN":8509043.59738907,"XMAX":732674.86160847,"YMAX":8509143.59738907},"geometry":{"type":"Polygon","coordinates":[[[-72.85064013047662,-13.477475465284302],[-72.85064820645515,-13.476571867321315],[-72.85157150491331,-13.476579769000661],[-72.85156343239747,-13.477483367512752],[-72.85064013047662,-13.477475465284302]]]}},{"type":"Feature","properties":{"Cell_ID":207,"Area_ha":1.0,"LC":"5:0.040071,9:0.436685,13:0.523245","XMIN":732574.86160847,"YMIN":8508943.59738907,"XMAX":732674.86160847,"YMAX":8509043.59738907},"geometry":{"type":"Polygon","coordinates":[[[-72.85063205390595,-13.478379063177654],[-72.85064013047662,-13.477475465284302],[-72.85156343239747,-13.477483367512752],[-72.85155535928978,-13.478386965955217],[-72.85063205390595,-13.478379063177654]]]}},{"type":"Feature","properties":{"Cell_ID":208,"Area_ha":1.0,"LC":"9:0.117092,13:0.882908","XMIN":732574.86160847,"YMIN":8508843.59738907,"XMAX":732674.86160847,"YMAX":8508943.59738907},"geometry":{"type":"Polygon","coordinates":[[[-72.85062397674318,-13.479282661001356],[-72.85063205390595,-13.478379063177654],[-72.85155535928978,-13.478386965955217],[-72.85154728559019,-13.479290564328034],[-72.85062397674318,-13.479282661001356]]]}},{"type":"Feature","properties":{"Cell_ID":209,"Area_ha":1.0,"LC":"13:1.000000","XMIN":732574.86160847,"YMIN":8508743.59738907,"XMAX":732674.86160847,"YMAX":8508843.59738907},"geometry":{"type":"Polygon","coordinates":[[[-72.85061589898825,-13.480186258755417],[-72.85062397674318,-13.479282661001356],[-72.85154728559019,-13.479290564328034],[-72.85153921129873,-13.48019416263121],[-72.85061589898825,-13.480186258755417]]]}},{"type":"Feature","properties":{"Cell_ID":210,"Area_ha":1.0,"LC":"13:1.000000","XMIN":732574.86160847,"YMIN":8508643.59738907,"XMAX":732674.86160847,"YMAX":8508743.59738907},"geometry":{"type":"Polygon","coordinates":[[[-72.8506078206412,-13.48108985643982],[-72.85061589898825,-13.480186258755417],[-72.85153921129873,-13.48019416263121],[-72.85153113641537,-13.48109776086474],[-72.8506078206412,-13.48108985643982]]]}},{"type":"Feature","properties":{"Cell_ID":211,"Area_ha":1.0,"LC":"13:1.000000","XMIN":732674.86160847,"YMIN":8509443.59738907,"XMAX":732774.86160847,"YMAX":8509543.59738907},"geometry":{"type":"Polygon","coordinates":[[[-72.84974914335866,-13.473853169594266],[-72.84975722043052,-13.472949571902094],[-72.85068050444838,-13.472957474773061],[-72.85067243083819,-13.473861073014557],[-72.84974914335866,-13.473853169594266]]]}},{"type":"Feature","properties":{"Cell_ID":212,"Area_ha":1.0,"LC":"13:1.000000","XMIN":732674.86160847,"YMIN":8509343.59738907,"XMAX":732774.86160847,"YMAX":8509443.59738907},"geometry":{"type":"Polygon","coordinates":[[[-72.84974106569449,-13.474756767216816],[-72.84974914335866,-13.473853169594266],[-72.85067243083819,-13.473861073014557],[-72.85066435663593,-13.474764671186438],[-72.84974106569449,-13.474756767216816]]]}},{"type":"Feature","properties":{"Cell_ID":213,"Area_ha":1.0,"LC":"9:0.276051,13:0.723949","XMIN":732674.86160847,"YMIN":8509243.59738907,"XMAX":732774.86160847,"YMAX":8509343.59738907},"geometry":{"type":"Polygon","coordinates":[[[-72.84973298743796,-13.475660364769736],[-72.84974106569449,-13.474756767216816],[-72.85066435663593,-13.474764671186438],[-72.8506562818416,-13.475668269288693],[-72.84973298743796,-13.475660364769736]]]}},{"type":"Feature","properties":{"Cell_ID":214,"Area_ha":1.0,"LC":"9:0.281040,13:0.718960","XMIN":732674.86160847,"YMIN":8509143.59738907,"XMAX":732774.86160847,"YMAX":8509243.59738907},"geometry":{"type":"Polygon","coordinates":[[[-72.8497249085891,-13.47656396225302],[-72.84973298743796,-13.475660364769736],[-72.8506562818416,-13.475668269288693],[-72.85064820645515,-13.476571867321315],[-72.8497249085891,-13.47656396225302]]]}},{"type":"Feature","properties":{"Cell_ID":215,"Area_ha":1.0,"LC":"9:0.119031,13:0.880969","XMIN":732674.86160847,"YMIN":8509043.59738907,"XMAX":732774.86160847,"YMAX":8509143.59738907},"geometry":{"type":"Polygon","coordinates":[[[-72.84971682914787,-13.477467559666664],[-72.8497249085891,-13.47656396225302],[-72.85064820645515,-13.476571867321315],[-72.85064013047662,-13.477475465284302],[-72.84971682914787,-13.477467559666664]]]}},{"type":"Feature","properties":{"Cell_ID":216,"Area_ha":1.0,"LC":"13:1.000000","XMIN":732674.86160847,"YMIN":8508943.59738907,"XMAX":732774.86160847,"YMAX":8509043.59738907},"geometry":{"type":"Polygon","coordinates":[[[-72.84970874911427,-13.478371157010669],[-72.84971682914787,-13.477467559666664],[-72.85064013047662,-13.477475465284302],[-72.85063205390595,-13.478379063177654],[-72.84970874911427,-13.478371157010669]]]}},{"type":"Feature","properties":{"Cell_ID":217,"Area_ha":1.0,"LC":"13:1.000000","XMIN":732674.86160847,"YMIN":8508843.59738907,"XMAX":732774.86160847,"YMAX":8508943.59738907},"geometry":{"type":"Polygon","coordinates":[[[-72.84970066848831,-13.479274754285022],[-72.84970874911427,-13.478371157010669],[-72.85063205390595,-13.478379063177654],[-72.85062397674318,-13.479282661001356],[-72.84970066848831,-13.479274754285022]]]}},{"type":"Feature","properties":{"Cell_ID":218,"Area_ha":1.0,"LC":"13:1.000000","XMIN":732674.86160847,"YMIN":8508743.59738907,"XMAX":732774.86160847,"YMAX":8508843.59738907},"geometry":{"type":"Polygon","coordinates":[[[-72.84969258726994,-13.48017835148973],[-72.84970066848831,-13.479274754285022],[-72.85062397674318,-13.479282661001356],[-72.85061589898825,-13.480186258755417],[-72.84969258726994,-13.48017835148973]]]}},{"type":"Feature","properties":{"Cell_ID":219,"Area_ha":1.0,"LC":"13:1.000000","XMIN":732674.86160847,"YMIN":8508643.59738907,"XMAX":732774.86160847,"YMAX":8508743.59738907},"geometry":{"type":"Polygon","coordinates":[[[-72.84968450545918,-13.481081948624773],[-72.84969258726994,-13.48017835148973],[-72.85061589898825,-13.480186258755417],[-72.8506078206412,-13.48108985643982],[-72.84968450545918,-13.481081948624773]]]}},{"type":"Feature","properties":{"Cell_ID":220,"Area_ha":1.0,"LC":"5:0.082023,13:0.917977","XMIN":732774.86160847,"YMIN":8509443.59738907,"XMAX":732874.86160847,"YMAX":8509543.59738907},"geometry":{"type":"Polygon","coordinates":[[[-72.84882585647146,-13.473845262785744],[-72.84883393700498,-13.472941665643132],[-72.84975722043052,-13.472949571902094],[-72.84974914335866,-13.473853169594266],[-72.84882585647146,-13.473845262785744]]]}},{"type":"Feature","properties":{"Cell_ID":221,"Area_ha":1.0,"LC":"13:1.000000","XMIN":732774.86160847,"YMIN":8509343.59738907,"XMAX":732874.86160847,"YMAX":8509443.59738907},"geometry":{"type":"Polygon","coordinates":[[[-72.84881777534537,-13.474748859858725],[-72.84882585647146,-13.473845262785744],[-72.84974914335866,-13.473853169594266],[-72.84974106569449,-13.474756767216816],[-72.84881777534537,-13.474748859858725]]]}},{"type":"Feature","properties":{"Cell_ID":222,"Area_ha":1.0,"LC":"13:1.000000","XMIN":732774.86160847,"YMIN":8509243.59738907,"XMAX":732874.86160847,"YMAX":8509343.59738907},"geometry":{"type":"Polygon","coordinates":[[[-72.84880969362668,-13.475652456862074],[-72.84881777534537,-13.474748859858725],[-72.84974106569449,-13.474756767216816],[-72.84973298743796,-13.475660364769736],[-72.84880969362668,-13.475652456862074]]]}},{"type":"Feature","properties":{"Cell_ID":223,"Area_ha":1.0,"LC":"9:0.478061,13:0.521939","XMIN":732774.86160847,"YMIN":8509143.59738907,"XMAX":732874.86160847,"YMAX":8509243.59738907},"geometry":{"type":"Polygon","coordinates":[[[-72.8488016113154,-13.476556053795784],[-72.84880969362668,-13.475652456862074],[-72.84973298743796,-13.475660364769736],[-72.8497249085891,-13.47656396225302],[-72.8488016113154,-13.476556053795784]]]}},{"type":"Feature","properties":{"Cell_ID":224,"Area_ha":1.0,"LC":"13:1.000000","XMIN":732774.86160847,"YMIN":8509043.59738907,"XMAX":732874.86160847,"YMAX":8509143.59738907},"geometry":{"type":"Polygon","coordinates":[[[-72.8487935284115,-13.477459650659853],[-72.8488016113154,-13.476556053795784],[-72.8497249085891,-13.47656396225302],[-72.84971682914787,-13.477467559666664],[-72.8487935284115,-13.477459650659853]]]}},{"type":"Feature","properties":{"Cell_ID":225,"Area_ha":1.0,"LC":"13:1.000000","XMIN":732774.86160847,"YMIN":8508943.59738907,"XMAX":732874.86160847,"YMAX":8509043.59738907},"geometry":{"type":"Polygon","coordinates":[[[-72.84878544491497,-13.478363247454276],[-72.8487935284115,-13.477459650659853],[-72.84971682914787,-13.477467559666664],[-72.84970874911427,-13.478371157010669],[-72.84878544491497,-13.478363247454276]]]}},{"type":"Feature","properties":{"Cell_ID":226,"Area_ha":1.0,"LC":"13:1.000000","XMIN":732774.86160847,"YMIN":8508843.59738907,"XMAX":732874.86160847,"YMAX":8508943.59738907},"geometry":{"type":"Polygon","coordinates":[[[-72.84877736082582,-13.479266844179044],[-72.84878544491497,-13.478363247454276],[-72.84970874911427,-13.478371157010669],[-72.84970066848831,-13.479274754285022],[-72.84877736082582,-13.479266844179044]]]}},{"type":"Feature","properties":{"Cell_ID":227,"Area_ha":1.0,"LC":"13:1.000000","XMIN":732774.86160847,"YMIN":8508743.59738907,"XMAX":732874.86160847,"YMAX":8508843.59738907},"geometry":{"type":"Polygon","coordinates":[[[-72.84876927614401,-13.480170440834161],[-72.84877736082582,-13.479266844179044],[-72.84970066848831,-13.479274754285022],[-72.84969258726994,-13.48017835148973],[-72.84876927614401,-13.480170440834161]]]}},{"type":"Feature","properties":{"Cell_ID":228,"Area_ha":1.0,"LC":"13:1.000000","XMIN":732874.86160847,"YMIN":8509343.59738907,"XMAX":732974.86160847,"YMAX":8509443.59738907},"geometry":{"type":"Polygon","coordinates":[[[-72.84789448558885,-13.474740949112178],[-72.84790257017686,-13.473837352588996],[-72.84882585647146,-13.473845262785744],[-72.84881777534537,-13.474748859858725],[-72.84789448558885,-13.474740949112178]]]}},{"type":"Feature","properties":{"Cell_ID":229,"Area_ha":1.0,"LC":"13:1.000000","XMIN":732874.86160847,"YMIN":8509243.59738907,"XMAX":732974.86160847,"YMAX":8509343.59738907},"geometry":{"type":"Polygon","coordinates":[[[-72.847886400408,-13.475644545565721],[-72.84789448558885,-13.474740949112178],[-72.84881777534537,-13.474748859858725],[-72.84880969362668,-13.475652456862074],[-72.847886400408,-13.475644545565721]]]}},{"type":"Feature","properties":{"Cell_ID":230,"Area_ha":1.0,"LC":"13:1.000000","XMIN":732874.86160847,"YMIN":8509143.59738907,"XMAX":732974.86160847,"YMAX":8509243.59738907},"geometry":{"type":"Polygon","coordinates":[[[-72.84787831463431,-13.476548141949621],[-72.847886400408,-13.475644545565721],[-72.84880969362668,-13.475652456862074],[-72.8488016113154,-13.476556053795784],[-72.84787831463431,-13.476548141949621]]]}},{"type":"Feature","properties":{"Cell_ID":231,"Area_ha":1.0,"LC":"13:1.000000","XMIN":732874.86160847,"YMIN":8509043.59738907,"XMAX":732974.86160847,"YMAX":8509143.59738907},"geometry":{"type":"Polygon","coordinates":[[[-72.84787022826775,-13.477451738263875],[-72.84787831463431,-13.476548141949621],[-72.8488016113154,-13.476556053795784],[-72.8487935284115,-13.477459650659853],[-72.84787022826775,-13.477451738263875]]]}},{"type":"Feature","properties":{"Cell_ID":232,"Area_ha":1.0,"LC":"13:1.000000","XMIN":732874.86160847,"YMIN":8508943.59738907,"XMAX":732974.86160847,"YMAX":8509043.59738907},"geometry":{"type":"Polygon","coordinates":[[[-72.84786214130831,-13.478355334508482],[-72.84787022826775,-13.477451738263875],[-72.8487935284115,-13.477459650659853],[-72.84878544491497,-13.478363247454276],[-72.84786214130831,-13.478355334508482]]]}},{"type":"Feature","properties":{"Cell_ID":233,"Area_ha":1.0,"LC":"13:1.000000","XMIN":732874.86160847,"YMIN":8508843.59738907,"XMAX":732974.86160847,"YMAX":8508943.59738907},"geometry":{"type":"Polygon","coordinates":[[[-72.84785405375598,-13.479258930683432],[-72.84786214130831,-13.478355334508482],[-72.84878544491497,-13.478363247454276],[-72.84877736082582,-13.479266844179044],[-72.84785405375598,-13.479258930683432]]]}},{"type":"Feature","properties":{"Cell_ID":234,"Area_ha":1.0,"LC":"5:0.201939,13:0.798061","XMIN":732974.86160847,"YMIN":8509243.59738907,"XMAX":733074.86160847,"YMAX":8509343.59738907},"geometry":{"type":"Polygon","coordinates":[[[-72.84696310778219,-13.475636630880686],[-72.84697119642517,-13.474733034977183],[-72.84789448558885,-13.474740949112178],[-72.847886400408,-13.475644545565721],[-72.84696310778219,-13.475636630880686]]]}},{"type":"Feature","properties":{"Cell_ID":235,"Area_ha":1.0,"LC":"13:1.000000","XMIN":732974.86160847,"YMIN":8509143.59738907,"XMAX":733074.86160847,"YMAX":8509243.59738907},"geometry":{"type":"Polygon","coordinates":[[[-72.84695501854608,-13.476540226714542],[-72.84696310778219,-13.475636630880686],[-72.847886400408,-13.475644545565721],[-72.84787831463431,-13.476548141949621],[-72.84695501854608,-13.476540226714542]]]}},{"type":"Feature","properties":{"Cell_ID":236,"Area_ha":1.0,"LC":"13:1.000000","XMIN":732974.86160847,"YMIN":8509043.59738907,"XMAX":733074.86160847,"YMAX":8509143.59738907},"geometry":{"type":"Polygon","coordinates":[[[-72.84694692871687,-13.477443822478747],[-72.84695501854608,-13.476540226714542],[-72.84787831463431,-13.476548141949621],[-72.84787022826775,-13.477451738263875],[-72.84694692871687,-13.477443822478747]]]}},{"type":"Feature","properties":{"Cell_ID":237,"Area_ha":1.0,"LC":"13:1.000000","XMIN":732974.86160847,"YMIN":8508943.59738907,"XMAX":733074.86160847,"YMAX":8509043.59738907},"geometry":{"type":"Polygon","coordinates":[[[-72.84693883829452,-13.4783474181733],[-72.84694692871687,-13.477443822478747],[-72.84787022826775,-13.477451738263875],[-72.84786214130831,-13.478355334508482],[-72.84693883829452,-13.4783474181733]]]}},{"type":"Feature","properties":{"Cell_ID":238,"Area_ha":1.0,"LC":"13:0.877092,16:0.122908","XMIN":732974.86160847,"YMIN":8508843.59738907,"XMAX":733074.86160847,"YMAX":8508943.59738907},"geometry":{"type":"Polygon","coordinates":[[[-72.84693074727903,-13.479251013798194],[-72.84693883829452,-13.4783474181733],[-72.84786214130831,-13.478355334508482],[-72.84785405375598,-13.479258930683432],[-72.84693074727903,-13.479251013798194]]]}},{"type":"Feature","properties":{"Cell_ID":239,"Area_ha":1.0,"LC":"13:1.000000","XMIN":733074.86160847,"YMIN":8509343.59738907,"XMAX":733174.86160847,"YMAX":8509443.59738907},"geometry":{"type":"Polygon","coordinates":[[[-72.8460479078546,-13.47472511745375],[-72.84605599936637,-13.473821522030873],[-72.84697928447507,-13.473829439004035],[-72.84697119642517,-13.474733034977183],[-72.8460479078546,-13.47472511745375]]]}},{"type":"Feature","properties":{"Cell_ID":240,"Area_ha":1.0,"LC":"5:0.398061,9:0.240323,13:0.361616","XMIN":733074.86160847,"YMIN":8509243.59738907,"XMAX":733174.86160847,"YMAX":8509343.59738907},"geometry":{"type":"Polygon","coordinates":[[[-72.84603981574948,-13.475628712806975],[-72.8460479078546,-13.47472511745375],[-72.84697119642517,-13.474733034977183],[-72.84696310778219,-13.475636630880686],[-72.84603981574948,-13.475628712806975]]]}},{"type":"Feature","properties":{"Cell_ID":241,"Area_ha":1.0,"LC":"9:0.123555,13:0.876445","XMIN":733074.86160847,"YMIN":8509143.59738907,"XMAX":733174.86160847,"YMAX":8509243.59738907},"geometry":{"type":"Polygon","coordinates":[[[-72.84603172305098,-13.476532308090551],[-72.84603981574948,-13.475628712806975],[-72.84696310778219,-13.475636630880686],[-72.84695501854608,-13.476540226714542],[-72.84603172305098,-13.476532308090551]]]}},{"type":"Feature","properties":{"Cell_ID":242,"Area_ha":1.0,"LC":"13:1.000000","XMIN":733074.86160847,"YMIN":8509043.59738907,"XMAX":733174.86160847,"YMAX":8509143.59738907},"geometry":{"type":"Polygon","coordinates":[[[-72.84602362975913,-13.477435903304476],[-72.84603172305098,-13.476532308090551],[-72.84695501854608,-13.476540226714542],[-72.84694692871687,-13.477443822478747],[-72.84602362975913,-13.477435903304476]]]}},{"type":"Feature","properties":{"Cell_ID":243,"Area_ha":1.0,"LC":"13:1.000000","XMIN":733074.86160847,"YMIN":8508943.59738907,"XMAX":733174.86160847,"YMAX":8509043.59738907},"geometry":{"type":"Polygon","coordinates":[[[-72.84601553587387,-13.478339498448738],[-72.84602362975913,-13.477435903304476],[-72.84694692871687,-13.477443822478747],[-72.84693883829452,-13.4783474181733],[-72.84601553587387,-13.478339498448738]]]}},{"type":"Feature","properties":{"Cell_ID":244,"Area_ha":1.0,"LC":"13:0.642908,16:0.357092","XMIN":733074.86160847,"YMIN":8508843.59738907,"XMAX":733174.86160847,"YMAX":8508943.59738907},"geometry":{"type":"Polygon","coordinates":[[[-72.84600744139524,-13.47924309352334],[-72.84601553587387,-13.478339498448738],[-72.84693883829452,-13.4783474181733],[-72.84693074727903,-13.479251013798194],[-72.84600744139524,-13.47924309352334]]]}},{"type":"Feature","properties":{"Cell_ID":245,"Area_ha":1.0,"LC":"13:1.000000","XMIN":733174.86160847,"YMIN":8509443.59738907,"XMAX":733274.86160847,"YMAX":8509543.59738907},"geometry":{"type":"Polygon","coordinates":[[[-72.845132714851,-13.473813601669521],[-72.84514080923107,-13.472910006727512],[-72.8460640902848,-13.47291792653836],[-72.84605599936637,-13.473821522030873],[-72.845132714851,-13.473813601669521]]]}},{"type":"Feature","properties":{"Cell_ID":246,"Area_ha":1.0,"LC":"9:0.263512,13:0.736488","XMIN":733174.86160847,"YMIN":8509343.59738907,"XMAX":733274.86160847,"YMAX":8509443.59738907},"geometry":{"type":"Polygon","coordinates":[[[-72.84512461987738,-13.474717196541885],[-72.845132714851,-13.473813601669521],[-72.84605599936637,-13.473821522030873],[-72.8460479078546,-13.47472511745375],[-72.84512461987738,-13.474717196541885]]]}},{"type":"Feature","properties":{"Cell_ID":247,"Area_ha":1.0,"LC":"9:0.522922,13:0.456881,16:0.020197","XMIN":733174.86160847,"YMIN":8509243.59738907,"XMAX":733274.86160847,"YMAX":8509343.59738907},"geometry":{"type":"Polygon","coordinates":[[[-72.84511652431013,-13.475620791344603],[-72.84512461987738,-13.474717196541885],[-72.8460479078546,-13.47472511745375],[-72.84603981574948,-13.475628712806975],[-72.84511652431013,-13.475620791344603]]]}},{"type":"Feature","properties":{"Cell_ID":248,"Area_ha":1.0,"LC":"9:0.481040,13:0.456739,16:0.062220","XMIN":733174.86160847,"YMIN":8509143.59738907,"XMAX":733274.86160847,"YMAX":8509243.59738907},"geometry":{"type":"Polygon","coordinates":[[[-72.84510842814926,-13.476524386077664],[-72.84511652431013,-13.475620791344603],[-72.84603981574948,-13.475628712806975],[-72.84603172305098,-13.476532308090551],[-72.84510842814926,-13.476524386077664]]]}},{"type":"Feature","properties":{"Cell_ID":249,"Area_ha":1.0,"LC":"9:0.100281,13:0.897288,16:0.002431","XMIN":733174.86160847,"YMIN":8509043.59738907,"XMAX":733274.86160847,"YMAX":8509143.59738907},"geometry":{"type":"Polygon","coordinates":[[[-72.84510033139476,-13.477427980741068],[-72.84510842814926,-13.476524386077664],[-72.84603172305098,-13.476532308090551],[-72.84602362975913,-13.477435903304476],[-72.84510033139476,-13.477427980741068]]]}},{"type":"Feature","properties":{"Cell_ID":250,"Area_ha":1.0,"LC":"13:0.958553,16:0.041447","XMIN":733174.86160847,"YMIN":8508943.59738907,"XMAX":733274.86160847,"YMAX":8509043.59738907},"geometry":{"type":"Polygon","coordinates":[[[-72.84509223404663,-13.478331575334812],[-72.84510033139476,-13.477427980741068],[-72.84602362975913,-13.477435903304476],[-72.84601553587387,-13.478339498448738],[-72.84509223404663,-13.478331575334812]]]}},{"type":"Feature","properties":{"Cell_ID":251,"Area_ha":1.0,"LC":"13:0.795631,16:0.204369","XMIN":733174.86160847,"YMIN":8508843.59738907,"XMAX":733274.86160847,"YMAX":8508943.59738907},"geometry":{"type":"Polygon","coordinates":[[[-72.84508413610486,-13.479235169858882],[-72.84509223404663,-13.478331575334812],[-72.84601553587387,-13.478339498448738],[-72.84600744139524,-13.47924309352334],[-72.84508413610486,-13.479235169858882]]]}},{"type":"Feature","properties":{"Cell_ID":252,"Area_ha":1.0,"LC":"13:0.999508,16:0.000492","XMIN":733274.86160847,"YMIN":8509443.59738907,"XMAX":733374.86160847,"YMAX":8509543.59738907},"geometry":{"type":"Polygon","coordinates":[[[-72.84420943092925,-13.473805677919989],[-72.84421752877091,-13.472902083528716],[-72.84514080923107,-13.472910006727512],[-72.845132714851,-13.473813601669521],[-72.84420943092925,-13.473805677919989]]]}},{"type":"Feature","properties":{"Cell_ID":253,"Area_ha":1.0,"LC":"9:0.494801,13:0.505199","XMIN":733274.86160847,"YMIN":8509343.59738907,"XMAX":733374.86160847,"YMAX":8509443.59738907},"geometry":{"type":"Polygon","coordinates":[[[-72.84420133249375,-13.474709272241608],[-72.84420943092925,-13.473805677919989],[-72.845132714851,-13.473813601669521],[-72.84512461987738,-13.474717196541885],[-72.84420133249375,-13.474709272241608]]]}},{"type":"Feature","properties":{"Cell_ID":254,"Area_ha":1.0,"LC":"9:0.696474,13:0.122023,16:0.181502","XMIN":733274.86160847,"YMIN":8509243.59738907,"XMAX":733374.86160847,"YMAX":8509343.59738907},"geometry":{"type":"Polygon","coordinates":[[[-72.8441932334644,-13.475612866493579],[-72.84420133249375,-13.474709272241608],[-72.84512461987738,-13.474717196541885],[-72.84511652431013,-13.475620791344603],[-72.8441932334644,-13.475612866493579]]]}},{"type":"Feature","properties":{"Cell_ID":255,"Area_ha":1.0,"LC":"9:0.436445,16:0.563555","XMIN":733274.86160847,"YMIN":8509143.59738907,"XMAX":733374.86160847,"YMAX":8509243.59738907},"geometry":{"type":"Polygon","coordinates":[[[-72.84418513384115,-13.476516460675889],[-72.8441932334644,-13.475612866493579],[-72.84511652431013,-13.475620791344603],[-72.84510842814926,-13.476524386077664],[-72.84418513384115,-13.476516460675889]]]}},{"type":"Feature","properties":{"Cell_ID":256,"Area_ha":1.0,"LC":"9:0.162586,13:0.157021,16:0.680393","XMIN":733274.86160847,"YMIN":8509043.59738907,"XMAX":733374.86160847,"YMAX":8509143.59738907},"geometry":{"type":"Polygon","coordinates":[[[-72.84417703362404,-13.477420054788539],[-72.84418513384115,-13.476516460675889],[-72.84510842814926,-13.476524386077664],[-72.84510033139476,-13.477427980741068],[-72.84417703362404,-13.477420054788539]]]}},{"type":"Feature","properties":{"Cell_ID":257,"Area_ha":1.0,"LC":"13:0.340268,16:0.659732","XMIN":733274.86160847,"YMIN":8508943.59738907,"XMAX":733374.86160847,"YMAX":8509043.59738907},"geometry":{"type":"Polygon","coordinates":[[[-72.84416893281303,-13.47832364883152],[-72.84417703362404,-13.477420054788539],[-72.84510033139476,-13.477427980741068],[-72.84509223404663,-13.478331575334812],[-72.84416893281303,-13.47832364883152]]]}},{"type":"Feature","properties":{"Cell_ID":258,"Area_ha":1.0,"LC":"13:0.515153,16:0.484847","XMIN":733374.86160847,"YMIN":8509343.59738907,"XMAX":733474.86160847,"YMAX":8509443.59738907},"geometry":{"type":"Polygon","coordinates":[[[-72.843278045704,-13.474701344552926],[-72.84328614760135,-13.473797750782278],[-72.84420943092925,-13.473805677919989],[-72.84420133249375,-13.474709272241608],[-72.843278045704,-13.474701344552926]]]}},{"type":"Feature","properties":{"Cell_ID":259,"Area_ha":1.0,"LC":"13:0.119101,16:0.880899","XMIN":733374.86160847,"YMIN":8509243.59738907,"XMAX":733474.86160847,"YMAX":8509343.59738907},"geometry":{"type":"Polygon","coordinates":[[[-72.84326994321252,-13.475604938253912],[-72.843278045704,-13.474701344552926],[-72.84420133249375,-13.474709272241608],[-72.8441932334644,-13.475612866493579],[-72.84326994321252,-13.475604938253912]]]}},{"type":"Feature","properties":{"Cell_ID":260,"Area_ha":1.0,"LC":"9:0.019241,16:0.980759","XMIN":733374.86160847,"YMIN":8509143.59738907,"XMAX":733474.86160847,"YMAX":8509243.59738907},"geometry":{"type":"Polygon","coordinates":[[[-72.84326184012693,-13.476508531885237],[-72.84326994321252,-13.475604938253912],[-72.8441932334644,-13.475612866493579],[-72.84418513384115,-13.476516460675889],[-72.84326184012693,-13.476508531885237]]]}},{"type":"Feature","properties":{"Cell_ID":261,"Area_ha":1.0,"LC":"9:0.058820,13:0.383512,16:0.557668","XMIN":733374.86160847,"YMIN":8509043.59738907,"XMAX":733474.86160847,"YMAX":8509143.59738907},"geometry":{"type":"Polygon","coordinates":[[[-72.84325373644721,-13.477412125446895],[-72.84326184012693,-13.476508531885237],[-72.84418513384115,-13.476516460675889],[-72.84417703362404,-13.477420054788539],[-72.84325373644721,-13.477412125446895]]]}},{"type":"Feature","properties":{"Cell_ID":262,"Area_ha":1.0,"LC":"13:0.041461,16:0.958539","XMIN":733474.86160847,"YMIN":8509243.59738907,"XMAX":733574.86160847,"YMAX":8509343.59738907},"geometry":{"type":"Polygon","coordinates":[[[-72.84234665355478,-13.475597006625613],[-72.84235475950835,-13.474693413475842],[-72.843278045704,-13.474701344552926],[-72.84326994321252,-13.475604938253912],[-72.84234665355478,-13.475597006625613]]]}},{"type":"Feature","properties":{"Cell_ID":263,"Area_ha":1.0,"LC":"13:0.139156,16:0.860844","XMIN":733474.86160847,"YMIN":8509143.59738907,"XMAX":733574.86160847,"YMAX":8509243.59738907},"geometry":{"type":"Polygon","coordinates":[[[-72.84233854700685,-13.476500599705718],[-72.84234665355478,-13.475597006625613],[-72.84326994321252,-13.475604938253912],[-72.84326184012693,-13.476508531885237],[-72.84233854700685,-13.476500599705718]]]}}]}