{"type":"FeatureCollection","features":[{"type":"Feature","properties":{"Cell_ID":1,"Area_ha":1.0,"LC":"6:0.218616,7:0.076537,13:0.322368,16:0.180541,18:0.201939","XMIN":714684.86160847,"YMIN":8514353.59738907,"XMAX":714784.86160847,"YMAX":8514453.59738907},"geometry":{"type":"Polygon","coordinates":[[[-73.01622319986087,-13.430849067551378],[-73.01623062718312,-13.429945371445605],[-73.01715384388234,-13.429952639769771],[-73.01714642001114,-13.430856336382316],[-73.01622319986087,-13.430849067551378]]]}},{"type":"Feature","properties":{"Cell_ID":2,"Area_ha":1.0,"LC":"6:0.000415,13:0.494738,16:0.504847","XMIN":714684.86160847,"YMIN":8514253.59738907,"XMAX":714784.86160847,"YMAX":8514353.59738907},"geometry":{"type":"Polygon","coordinates":[[[-73.01621577199246,-13.431752763588422],[-73.01622319986087,-13.430849067551378],[-73.01714642001114,-13.430856336382316],[-73.01713899559402,-13.431760032926142],[-73.01621577199246,-13.431752763588422]]]}},{"type":"Feature","properties":{"Cell_ID":3,"Area_ha":1.0,"LC":"9:0.583575,13:0.120696,16:0.295729","XMIN":714684.86160847,"YMIN":8514153.59738907,"XMAX":714784.86160847,"YMAX":8514253.59738907},"geometry":{"type":"Polygon","coordinates":[[[-73.01620834357786,-13.432656459556737],[-73.01621577199246,-13.431752763588422],[-73.01713899559402,-13.431760032926142],[-73.01713157063098,-13.43266372940124],[-73.01620834357786,-13.432656459556737]]]}},{"type":"Feature","properties":{"Cell_ID":4,"Area_ha":1.0,"LC":"9:0.219607,16:0.780393","XMIN":714684.86160847,"YMIN":8514053.59738907,"XMAX":714784.86160847,"YMAX":8514153.59738907},"geometry":{"type":"Polygon","coordinates":[[[-73.01620091461706,-13.433560155456313],[-73.01620834357786,-13.432656459556737],[-73.01713157063098,-13.43266372940124],[-73.01712414512198,-13.4335674258076],[-73.01620091461706,-13.433560155456313]]]}},{"type":"Feature","properties":{"Cell_ID":5,"Area_ha":1.0,"LC":"9:0.000696,16:0.619563,17:0.379740","XMIN":714784.86160847,"YMIN":8514653.59738907,"XMAX":714884.86160847,"YMAX":8514753.59738907},"geometry":{"type":"Polygon","coordinates":[[[-73.01532227093736,-13.428130708339566],[-73.0153297000714,-13.427227012534644],[-73.01625290587288,-13.427234282715968],[-73.0162454801891,-13.428137979027895],[-73.01532227093736,-13.428130708339566]]]}},{"type":"Feature","properties":{"Cell_ID":6,"Area_ha":1.0,"LC":"7:0.281229,16:0.363345,18:0.355426","XMIN":714784.86160847,"YMIN":8514553.59738907,"XMAX":714884.86160847,"YMAX":8514653.59738907},"geometry":{"type":"Polygon","coordinates":[[[-73.01531484125691,-13.42903440407578],[-73.01532227093736,-13.428130708339566],[-73.0162454801891,-13.428137979027895],[-73.01623805395919,-13.429041675271108],[-73.01531484125691,-13.42903440407578]]]}},{"type":"Feature","properties":{"Cell_ID":7,"Area_ha":1.0,"LC":"7:0.423190,9:0.041939,13:0.056958,18:0.477914","XMIN":714784.86160847,"YMIN":8514453.59738907,"XMAX":714884.86160847,"YMAX":8514553.59738907},"geometry":{"type":"Polygon","coordinates":[[[-73.01530741103007,-13.42993809974327],[-73.01531484125691,-13.42903440407578],[-73.01623805395919,-13.429041675271108],[-73.01623062718312,-13.429945371445605],[-73.01530741103007,-13.42993809974327]]]}},{"type":"Feature","properties":{"Cell_ID":8,"Area_ha":1.0,"LC":"7:0.021398,13:0.038195,16:0.058616,18:0.881792","XMIN":714784.86160847,"YMIN":8514353.59738907,"XMAX":714884.86160847,"YMAX":8514453.59738907},"geometry":{"type":"Polygon","coordinates":[[[-73.01529998025678,-13.430841795342028],[-73.01530741103007,-13.42993809974327],[-73.01623062718312,-13.429945371445605],[-73.01622319986087,-13.430849067551378],[-73.01529998025678,-13.430841795342028]]]}},{"type":"Feature","properties":{"Cell_ID":9,"Area_ha":1.0,"LC":"9:0.261917,16:0.596122,18:0.141961","XMIN":714784.86160847,"YMIN":8514253.59738907,"XMAX":714884.86160847,"YMAX":8514353.59738907},"geometry":{"type":"Polygon","coordinates":[[[-73.01529254893708,-13.43174549087206],[-73.01529998025678,-13.430841795342028],[-73.01622319986087,-13.430849067551378],[-73.01621577199246,-13.431752763588422],[-73.01529254893708,-13.43174549087206]]]}},{"type":"Feature","properties":{"Cell_ID":10,"Area_ha":1.0,"LC":"9:0.959866,16:0.040134","XMIN":714784.86160847,"YMIN":8514153.59738907,"XMAX":714884.86160847,"YMAX":8514253.59738907},"geometry":{"type":"Polygon","coordinates":[[[-73.01528511707095,-13.432649186333357],[-73.01529254893708,-13.43174549087206],[-73.01621577199246,-13.431752763588422],[-73.01620834357786,-13.432656459556737],[-73.01528511707095,-13.432649186333357]]]}},{"type":"Feature","properties":{"Cell_ID":11,"Area_ha":1.0,"LC":"9:0.484574,13:0.119156,16:0.396270","XMIN":714784.86160847,"YMIN":8514053.59738907,"XMAX":714884.86160847,"YMAX":8514153.59738907},"geometry":{"type":"Polygon","coordinates":[[[-73.01527768465836,-13.433552881725912],[-73.01528511707095,-13.432649186333357],[-73.01620834357786,-13.432656459556737],[-73.01620091461706,-13.433560155456313],[-73.01527768465836,-13.433552881725912]]]}},{"type":"Feature","properties":{"Cell_ID":12,"Area_ha":1.0,"LC":"5:0.598594,9:0.122368,13:0.278905,16:0.000134","XMIN":714784.86160847,"YMIN":8513953.59738907,"XMAX":714884.86160847,"YMAX":8514053.59738907},"geometry":{"type":"Polygon","coordinates":[[[-73.0152702516993,-13.434456577049724],[-73.01527768465836,-13.433552881725912],[-73.01620091461706,-13.433560155456313],[-73.01619348511005,-13.434463851287152],[-73.0152702516993,-13.434456577049724]]]}},{"type":"Feature","properties":{"Cell_ID":13,"Area_ha":1.0,"LC":"5:0.880281,9:0.119719","XMIN":714784.86160847,"YMIN":8513853.59738907,"XMAX":714884.86160847,"YMAX":8513953.59738907},"geometry":{"type":"Polygon","coordinates":[[[-73.01526281819378,-13.435360272304791],[-73.0152702516993,-13.434456577049724],[-73.01619348511005,-13.434463851287152],[-73.01618605505683,-13.435367547049246],[-73.01526281819378,-13.435360272304791]]]}},{"type":"Feature","properties":{"Cell_ID":14,"Area_ha":1.0,"LC":"5:0.560562,9:0.439438","XMIN":714784.86160847,"YMIN":8513753.59738907,"XMAX":714884.86160847,"YMAX":8513853.59738907},"geometry":{"type":"Polygon","coordinates":[[[-73.01525538414178,-13.436263967491103],[-73.01526281819378,-13.435360272304791],[-73.01618605505683,-13.435367547049246],[-73.0161786244574,-13.436271242742588],[-73.01525538414178,-13.436263967491103]]]}},{"type":"Feature","properties":{"Cell_ID":15,"Area_ha":1.0,"LC":"5:0.120562,9:0.739312,13:0.041792,18:0.098334","XMIN":714784.86160847,"YMIN":8513653.59738907,"XMAX":714884.86160847,"YMAX":8513753.59738907},"geometry":{"type":"Polygon","coordinates":[[[-73.0152479495433,-13.43716766260866],[-73.01525538414178,-13.436263967491103],[-73.0161786244574,-13.436271242742588],[-73.0161711933117,-13.437174938367185],[-73.0152479495433,-13.43716766260866]]]}},{"type":"Feature","properties":{"Cell_ID":16,"Area_ha":1.0,"LC":"9:0.615019,13:0.104847,18:0.280134","XMIN":714784.86160847,"YMIN":8513553.59738907,"XMAX":714884.86160847,"YMAX":8513653.59738907},"geometry":{"type":"Polygon","coordinates":[[[-73.0152405143983,-13.438071357657455],[-73.0152479495433,-13.43716766260866],[-73.0161711933117,-13.437174938367185],[-73.0161637616198,-13.43807863392302],[-73.0152405143983,-13.438071357657455]]]}},{"type":"Feature","properties":{"Cell_ID":17,"Area_ha":1.0,"LC":"9:0.337373,13:0.464004,16:0.038061,18:0.160562","XMIN":714784.86160847,"YMIN":8513453.59738907,"XMAX":714884.86160847,"YMAX":8513553.59738907},"geometry":{"type":"Polygon","coordinates":[[[-73.0152330787068,-13.438975052637483],[-73.0152405143983,-13.438071357657455],[-73.0161637616198,-13.43807863392302],[-73.0161563293816,-13.43898232941009],[-73.0152330787068,-13.438975052637483]]]}},{"type":"Feature","properties":{"Cell_ID":18,"Area_ha":1.0,"LC":"7:0.157084,9:0.041939,13:0.543323,16:0.057225,18:0.200429","XMIN":714884.86160847,"YMIN":8514553.59738907,"XMAX":714984.86160847,"YMAX":8514653.59738907},"geometry":{"type":"Polygon","coordinates":[[[-73.01439162910104,-13.429027129502526],[-73.014399062232,-13.428123434273557],[-73.01532227093736,-13.428130708339566],[-73.01531484125691,-13.42903440407578],[-73.01439162910104,-13.429027129502526]]]}},{"type":"Feature","properties":{"Cell_ID":19,"Area_ha":1.0,"LC":"6:0.220688,7:0.257373,9:0.379031,13:0.082368,17:0.060541","XMIN":714884.86160847,"YMIN":8514453.59738907,"XMAX":714984.86160847,"YMAX":8514553.59738907},"geometry":{"type":"Polygon","coordinates":[[[-73.01438419542343,-13.429930824662774],[-73.01439162910104,-13.429027129502526],[-73.01531484125691,-13.42903440407578],[-73.01530741103007,-13.42993809974327],[-73.01438419542343,-13.429930824662774]]]}},{"type":"Feature","properties":{"Cell_ID":20,"Area_ha":1.0,"LC":"6:0.200281,7:0.099727,16:0.182480,17:0.082368,18:0.435145","XMIN":714884.86160847,"YMIN":8514353.59738907,"XMAX":714984.86160847,"YMAX":8514453.59738907},"geometry":{"type":"Polygon","coordinates":[[[-73.01437676119913,-13.430834519754288],[-73.01438419542343,-13.429930824662774],[-73.01530741103007,-13.42993809974327],[-73.01529998025678,-13.430841795342028],[-73.01437676119913,-13.430834519754288]]]}},{"type":"Feature","properties":{"Cell_ID":21,"Area_ha":1.0,"LC":"9:0.557499,13:0.159156,16:0.103337,18:0.180008","XMIN":714884.86160847,"YMIN":8514253.59738907,"XMAX":714984.86160847,"YMAX":8514353.59738907},"geometry":{"type":"Polygon","coordinates":[[[-73.01436932642815,-13.431738214777068],[-73.01437676119913,-13.430834519754288],[-73.01529998025678,-13.430841795342028],[-73.01529254893708,-13.43174549087206],[-73.01436932642815,-13.431738214777068]]]}},{"type":"Feature","properties":{"Cell_ID":22,"Area_ha":1.0,"LC":"5:0.020822,9:0.536395,13:0.442783","XMIN":714884.86160847,"YMIN":8514153.59738907,"XMAX":714984.86160847,"YMAX":8514253.59738907},"geometry":{"type":"Polygon","coordinates":[[[-73.01436189111048,-13.43264190973111],[-73.01436932642815,-13.431738214777068],[-73.01529254893708,-13.43174549087206],[-73.01528511707095,-13.432649186333357],[-73.01436189111048,-13.43264190973111]]]}},{"type":"Feature","properties":{"Cell_ID":23,"Area_ha":1.0,"LC":"5:0.424004,9:0.575996","XMIN":714884.86160847,"YMIN":8514053.59738907,"XMAX":714984.86160847,"YMAX":8514153.59738907},"geometry":{"type":"Polygon","coordinates":[[[-73.0143544552461,-13.433545604616409],[-73.01436189111048,-13.43264190973111],[-73.01528511707095,-13.432649186333357],[-73.01527768465836,-13.433552881725912],[-73.0143544552461,-13.433545604616409]]]}},{"type":"Feature","properties":{"Cell_ID":24,"Area_ha":1.0,"LC":"5:0.921524,9:0.078476","XMIN":714884.86160847,"YMIN":8513953.59738907,"XMAX":714984.86160847,"YMAX":8514053.59738907},"geometry":{"type":"Polygon","coordinates":[[[-73.01434701883501,-13.434449299432963],[-73.0143544552461,-13.433545604616409],[-73.01527768465836,-13.433552881725912],[-73.0152702516993,-13.434456577049724],[-73.01434701883501,-13.434449299432963]]]}},{"type":"Feature","properties":{"Cell_ID":25,"Area_ha":1.0,"LC":"5:1.000000","XMIN":714884.86160847,"YMIN":8513853.59738907,"XMAX":714984.86160847,"YMAX":8513953.59738907},"geometry":{"type":"Polygon","coordinates":[[[-73.0143395818772,-13.435352994180766],[-73.01434701883501,-13.434449299432963],[-73.0152702516993,-13.434456577049724],[-73.01526281819378,-13.435360272304791],[-73.0143395818772,-13.435352994180766]]]}},{"type":"Feature","properties":{"Cell_ID":26,"Area_ha":1.0,"LC":"5:0.838490,9:0.161510","XMIN":714884.86160847,"YMIN":8513753.59738907,"XMAX":714984.86160847,"YMAX":8513853.59738907},"geometry":{"type":"Polygon","coordinates":[[[-73.01433214437264,-13.436256688859807],[-73.0143395818772,-13.435352994180766],[-73.01526281819378,-13.435360272304791],[-73.01525538414178,-13.436263967491103],[-73.01433214437264,-13.436256688859807]]]}},{"type":"Feature","properties":{"Cell_ID":27,"Area_ha":1.0,"LC":"5:0.498069,9:0.304847,13:0.197084","XMIN":714884.86160847,"YMIN":8513653.59738907,"XMAX":714984.86160847,"YMAX":8513753.59738907},"geometry":{"type":"Polygon","coordinates":[[[-73.01432470632136,-13.43716038347009],[-73.01433214437264,-13.436256688859807],[-73.01525538414178,-13.436263967491103],[-73.0152479495433,-13.43716766260866],[-73.01432470632136,-13.43716038347009]]]}},{"type":"Feature","properties":{"Cell_ID":28,"Area_ha":1.0,"LC":"9:0.000429,13:0.999571","XMIN":714884.86160847,"YMIN":8513553.59738907,"XMAX":714984.86160847,"YMAX":8513653.59738907},"geometry":{"type":"Polygon","coordinates":[[[-73.01431726772333,-13.438064078011612],[-73.01432470632136,-13.43716038347009],[-73.0152479495433,-13.43716766260866],[-73.0152405143983,-13.438071357657455],[-73.01431726772333,-13.438064078011612]]]}},{"type":"Feature","properties":{"Cell_ID":29,"Area_ha":1.0,"LC":"5:0.422908,13:0.577092","XMIN":714884.86160847,"YMIN":8513453.59738907,"XMAX":714984.86160847,"YMAX":8513553.59738907},"geometry":{"type":"Polygon","coordinates":[[[-73.01430982857852,-13.43896777248436],[-73.01431726772333,-13.438064078011612],[-73.0152405143983,-13.438071357657455],[-73.0152330787068,-13.438975052637483],[-73.01430982857852,-13.43896777248436]]]}},{"type":"Feature","properties":{"Cell_ID":30,"Area_ha":1.0,"LC":"13:1.000000","XMIN":714884.86160847,"YMIN":8513353.59738907,"XMAX":714984.86160847,"YMAX":8513453.59738907},"geometry":{"type":"Polygon","coordinates":[[[-73.01430238888695,-13.43987146688834],[-73.01430982857852,-13.43896777248436],[-73.0152330787068,-13.438975052637483],[-73.01522564246879,-13.439878747548745],[-73.01430238888695,-13.43987146688834]]]}},{"type":"Feature","properties":{"Cell_ID":31,"Area_ha":1.0,"LC":"9:0.020822,13:0.979178","XMIN":714884.86160847,"YMIN":8513253.59738907,"XMAX":714984.86160847,"YMAX":8513353.59738907},"geometry":{"type":"Polygon","coordinates":[[[-73.01429494864858,-13.44077516122354],[-73.01430238888695,-13.43987146688834],[-73.01522564246879,-13.439878747548745],[-73.01521820568423,-13.440782442391232],[-73.01429494864858,-13.44077516122354]]]}},{"type":"Feature","properties":{"Cell_ID":32,"Area_ha":1.0,"LC":"6:0.099031,9:0.080147,13:0.380289,16:0.201229,17:0.098334,18:0.140969","XMIN":714984.86160847,"YMIN":8514453.59738907,"XMAX":715084.86160847,"YMAX":8514553.59738907},"geometry":{"type":"Polygon","coordinates":[[[-73.01346098036346,-13.42992354620413],[-73.01346841749185,-13.429019851551361],[-73.01439162910104,-13.429027129502526],[-73.01438419542343,-13.429930824662774],[-73.01346098036346,-13.42992354620413]]]}},{"type":"Feature","properties":{"Cell_ID":33,"Area_ha":1.0,"LC":"7:0.060969,16:0.519304,17:0.419727","XMIN":714984.86160847,"YMIN":8514353.59738907,"XMAX":715084.86160847,"YMAX":8514453.59738907},"geometry":{"type":"Polygon","coordinates":[[[-73.01345354268815,-13.43082724078816],[-73.01346098036346,-13.42992354620413],[-73.01438419542343,-13.429930824662774],[-73.01437676119913,-13.430834519754288],[-73.01345354268815,-13.43082724078816]]]}},{"type":"Feature","properties":{"Cell_ID":34,"Area_ha":1.0,"LC":"9:0.138616,13:0.083730,16:0.756685,18:0.020969","XMIN":714984.86160847,"YMIN":8514253.59738907,"XMAX":715084.86160847,"YMAX":8514353.59738907},"geometry":{"type":"Polygon","coordinates":[[[-73.0134461044659,-13.431730935303456],[-73.01345354268815,-13.43082724078816],[-73.01437676119913,-13.430834519754288],[-73.01436932642815,-13.431738214777068],[-73.0134461044659,-13.431730935303456]]]}},{"type":"Feature","properties":{"Cell_ID":35,"Area_ha":1.0,"LC":"5:0.177772,9:0.299298,13:0.402086,16:0.120844","XMIN":714984.86160847,"YMIN":8514153.59738907,"XMAX":715084.86160847,"YMAX":8514253.59738907},"geometry":{"type":"Polygon","coordinates":[[[-73.01343866569671,-13.43263462975001],[-73.0134461044659,-13.431730935303456],[-73.01436932642815,-13.431738214777068],[-73.01436189111048,-13.43264190973111],[-73.01343866569671,-13.43263462975001]]]}},{"type":"Feature","properties":{"Cell_ID":36,"Area_ha":1.0,"LC":"5:0.957914,9:0.042086","XMIN":714984.86160847,"YMIN":8514053.59738907,"XMAX":715084.86160847,"YMAX":8514153.59738907},"geometry":{"type":"Polygon","coordinates":[[[-73.01343122638056,-13.433538324127818],[-73.01343866569671,-13.43263462975001],[-73.01436189111048,-13.43264190973111],[-73.0143544552461,-13.433545604616409],[-73.01343122638056,-13.433538324127818]]]}},{"type":"Feature","properties":{"Cell_ID":37,"Area_ha":1.0,"LC":"5:1.000000","XMIN":714984.86160847,"YMIN":8513953.59738907,"XMAX":715084.86160847,"YMAX":8514053.59738907},"geometry":{"type":"Polygon","coordinates":[[[-73.01342378651745,-13.434442018436874],[-73.01343122638056,-13.433538324127818],[-73.0143544552461,-13.433545604616409],[-73.01434701883501,-13.434449299432963],[-73.01342378651745,-13.434442018436874]]]}},{"type":"Feature","properties":{"Cell_ID":38,"Area_ha":1.0,"LC":"5:1.000000","XMIN":714984.86160847,"YMIN":8513853.59738907,"XMAX":715084.86160847,"YMAX":8513953.59738907},"geometry":{"type":"Polygon","coordinates":[[[-73.01341634610735,-13.435345712677178],[-73.01342378651745,-13.434442018436874],[-73.01434701883501,-13.434449299432963],[-73.0143395818772,-13.435352994180766],[-73.01341634610735,-13.435345712677178]]]}},{"type":"Feature","properties":{"Cell_ID":39,"Area_ha":1.0,"LC":"5:0.782376,9:0.217624","XMIN":714984.86160847,"YMIN":8513753.59738907,"XMAX":715084.86160847,"YMAX":8513853.59738907},"geometry":{"type":"Polygon","coordinates":[[[-73.01340890515027,-13.436249406848713],[-73.01341634610735,-13.435345712677178],[-73.0143395818772,-13.435352994180766],[-73.01433214437264,-13.436256688859807],[-73.01340890515027,-13.436249406848713]]]}},{"type":"Feature","properties":{"Cell_ID":40,"Area_ha":1.0,"LC":"9:0.658364,13:0.341636","XMIN":714984.86160847,"YMIN":8513653.59738907,"XMAX":715084.86160847,"YMAX":8513753.59738907},"geometry":{"type":"Polygon","coordinates":[[[-73.01340146364619,-13.437153100951493],[-73.01340890515027,-13.436249406848713],[-73.01433214437264,-13.436256688859807],[-73.01432470632136,-13.43716038347009],[-73.01340146364619,-13.437153100951493]]]}},{"type":"Feature","properties":{"Cell_ID":41,"Area_ha":1.0,"LC":"9:0.000134,13:0.999866","XMIN":714984.86160847,"YMIN":8513553.59738907,"XMAX":715084.86160847,"YMAX":8513653.59738907},"geometry":{"type":"Polygon","coordinates":[[[-73.0133940215951,-13.4380567949855],[-73.01340146364619,-13.437153100951493],[-73.01432470632136,-13.43716038347009],[-73.01431726772333,-13.438064078011612],[-73.0133940215951,-13.4380567949855]]]}},{"type":"Feature","properties":{"Cell_ID":42,"Area_ha":1.0,"LC":"5:0.097092,13:0.902908","XMIN":714984.86160847,"YMIN":8513453.59738907,"XMAX":715084.86160847,"YMAX":8513553.59738907},"geometry":{"type":"Polygon","coordinates":[[[-73.01338657899701,-13.438960488950736],[-73.0133940215951,-13.4380567949855],[-73.01431726772333,-13.438064078011612],[-73.01430982857852,-13.43896777248436],[-73.01338657899701,-13.438960488950736]]]}},{"type":"Feature","properties":{"Cell_ID":43,"Area_ha":1.0,"LC":"13:1.000000","XMIN":714984.86160847,"YMIN":8513353.59738907,"XMAX":715084.86160847,"YMAX":8513453.59738907},"geometry":{"type":"Polygon","coordinates":[[[-73.01337913585188,-13.439864182847193],[-73.01338657899701,-13.438960488950736],[-73.01430982857852,-13.43896777248436],[-73.01430238888695,-13.43987146688834],[-73.01337913585188,-13.439864182847193]]]}},{"type":"Feature","properties":{"Cell_ID":44,"Area_ha":1.0,"LC":"9:0.198875,13:0.801125","XMIN":714984.86160847,"YMIN":8513253.59738907,"XMAX":715084.86160847,"YMAX":8513353.59738907},"geometry":{"type":"Polygon","coordinates":[[[-73.01337169215972,-13.440767876674872],[-73.01337913585188,-13.439864182847193],[-73.01430238888695,-13.43987146688834],[-73.01429494864858,-13.44077516122354],[-73.01337169215972,-13.440767876674872]]]}},{"type":"Feature","properties":{"Cell_ID":45,"Area_ha":1.0,"LC":"9:0.802073,13:0.179031,16:0.018897","XMIN":714984.86160847,"YMIN":8513153.59738907,"XMAX":715084.86160847,"YMAX":8513253.59738907},"geometry":{"type":"Polygon","coordinates":[[[-73.01336424792052,-13.441671570433762],[-73.01337169215972,-13.440767876674872],[-73.01429494864858,-13.44077516122354],[-73.01428750786344,-13.441678855489958],[-73.01336424792052,-13.441671570433762]]]}},{"type":"Feature","properties":{"Cell_ID":46,"Area_ha":1.0,"LC":"9:0.222228,13:0.321939,16:0.037927,18:0.417906","XMIN":715084.86160847,"YMIN":8514453.59738907,"XMAX":715184.86160847,"YMAX":8514553.59738907},"geometry":{"type":"Polygon","coordinates":[[[-73.01253776585042,-13.429916264367343],[-73.01254520642955,-13.42901257022229],[-73.01346841749185,-13.429019851551361],[-73.01346098036346,-13.42992354620413],[-73.01253776585042,-13.429916264367343]]]}},{"type":"Feature","properties":{"Cell_ID":47,"Area_ha":1.0,"LC":"7:0.399009,13:0.021117,16:0.477780,17:0.019031,18:0.083064","XMIN":715084.86160847,"YMIN":8514353.59738907,"XMAX":715184.86160847,"YMAX":8514453.59738907},"geometry":{"type":"Polygon","coordinates":[[[-73.01253032472411,-13.430819958443658],[-73.01253776585042,-13.429916264367343],[-73.01346098036346,-13.42992354620413],[-73.01345354268815,-13.43082724078816],[-73.01253032472411,-13.430819958443658]]]}},{"type":"Feature","properties":{"Cell_ID":48,"Area_ha":1.0,"LC":"7:0.223900,9:0.041792,13:0.075988,16:0.000415,18:0.657906","XMIN":715084.86160847,"YMIN":8514253.59738907,"XMAX":715184.86160847,"YMAX":8514353.59738907},"geometry":{"type":"Polygon","coordinates":[[[-73.01252288305061,-13.431723652451234],[-73.01253032472411,-13.430819958443658],[-73.01345354268815,-13.43082724078816],[-73.0134461044659,-13.431730935303456],[-73.01252288305061,-13.431723652451234]]]}},{"type":"Feature","properties":{"Cell_ID":49,"Area_ha":1.0,"LC":"9:0.540421,13:0.458454,18:0.001125","XMIN":715084.86160847,"YMIN":8514153.59738907,"XMAX":715184.86160847,"YMAX":8514253.59738907},"geometry":{"type":"Polygon","coordinates":[[[-73.0125154408299,-13.432627346390063],[-73.01252288305061,-13.431723652451234],[-73.0134461044659,-13.431730935303456],[-73.01343866569671,-13.43263462975001],[-73.0125154408299,-13.432627346390063]]]}},{"type":"Feature","properties":{"Cell_ID":50,"Area_ha":1.0,"LC":"5:0.457906,9:0.440415,13:0.101679","XMIN":715084.86160847,"YMIN":8514053.59738907,"XMAX":715184.86160847,"YMAX":8514153.59738907},"geometry":{"type":"Polygon","coordinates":[[[-73.01250799806199,-13.43353104026014],[-73.0125154408299,-13.432627346390063],[-73.01343866569671,-13.43263462975001],[-73.01343122638056,-13.433538324127818],[-73.01250799806199,-13.43353104026014]]]}},{"type":"Feature","properties":{"Cell_ID":51,"Area_ha":1.0,"LC":"5:0.999719,9:0.000281","XMIN":715084.86160847,"YMIN":8513953.59738907,"XMAX":715184.86160847,"YMAX":8514053.59738907},"geometry":{"type":"Polygon","coordinates":[[[-73.01250055474685,-13.434434734061465],[-73.01250799806199,-13.43353104026014],[-73.01343122638056,-13.433538324127818],[-73.01342378651745,-13.434442018436874],[-73.01250055474685,-13.434434734061465]]]}},{"type":"Feature","properties":{"Cell_ID":52,"Area_ha":1.0,"LC":"5:1.000000","XMIN":715084.86160847,"YMIN":8513853.59738907,"XMAX":715184.86160847,"YMAX":8513953.59738907},"geometry":{"type":"Polygon","coordinates":[[[-73.01249311088449,-13.435338427794031],[-73.01250055474685,-13.434434734061465],[-73.01342378651745,-13.434442018436874],[-73.01341634610735,-13.435345712677178],[-73.01249311088449,-13.435338427794031]]]}},{"type":"Feature","properties":{"Cell_ID":53,"Area_ha":1.0,"LC":"5:0.901666,9:0.098334","XMIN":715084.86160847,"YMIN":8513753.59738907,"XMAX":715184.86160847,"YMAX":8513853.59738907},"geometry":{"type":"Polygon","coordinates":[[[-73.01248566647489,-13.436242121457829],[-73.01249311088449,-13.435338427794031],[-73.01341634610735,-13.435345712677178],[-73.01340890515027,-13.436249406848713],[-73.01248566647489,-13.436242121457829]]]}},{"type":"Feature","properties":{"Cell_ID":54,"Area_ha":1.0,"LC":"5:0.040710,9:0.358757,13:0.600533","XMIN":715084.86160847,"YMIN":8513653.59738907,"XMAX":715184.86160847,"YMAX":8513753.59738907},"geometry":{"type":"Polygon","coordinates":[[[-73.01247822151801,-13.437145815052864],[-73.01248566647489,-13.436242121457829],[-73.01340890515027,-13.436249406848713],[-73.01340146364619,-13.437153100951493],[-73.01247822151801,-13.437145815052864]]]}},{"type":"Feature","properties":{"Cell_ID":55,"Area_ha":1.0,"LC":"13:1.000000","XMIN":715084.86160847,"YMIN":8513553.59738907,"XMAX":715184.86160847,"YMAX":8513653.59738907},"geometry":{"type":"Polygon","coordinates":[[[-73.0124707760139,-13.438049508579127],[-73.01247822151801,-13.437145815052864],[-73.01340146364619,-13.437153100951493],[-73.0133940215951,-13.4380567949855],[-73.0124707760139,-13.438049508579127]]]}},{"type":"Feature","properties":{"Cell_ID":56,"Area_ha":1.0,"LC":"13:1.000000","XMIN":715084.86160847,"YMIN":8513453.59738907,"XMAX":715184.86160847,"YMAX":8513553.59738907},"geometry":{"type":"Polygon","coordinates":[[[-73.01246332996251,-13.438953202036611],[-73.0124707760139,-13.438049508579127],[-73.0133940215951,-13.4380567949855],[-73.01338657899701,-13.438960488950736],[-73.01246332996251,-13.438953202036611]]]}},{"type":"Feature","properties":{"Cell_ID":57,"Area_ha":1.0,"LC":"9:0.100260,13:0.899740","XMIN":715084.86160847,"YMIN":8513353.59738907,"XMAX":715184.86160847,"YMAX":8513453.59738907},"geometry":{"type":"Polygon","coordinates":[[[-73.01245588336384,-13.439856895425319],[-73.01246332996251,-13.438953202036611],[-73.01338657899701,-13.438960488950736],[-73.01337913585188,-13.439864182847193],[-73.01245588336384,-13.439856895425319]]]}},{"type":"Feature","properties":{"Cell_ID":58,"Area_ha":1.0,"LC":"9:0.040576,13:0.959424","XMIN":715084.86160847,"YMIN":8513253.59738907,"XMAX":715184.86160847,"YMAX":8513353.59738907},"geometry":{"type":"Polygon","coordinates":[[[-73.0124484362179,-13.440760588745238],[-73.01245588336384,-13.439856895425319],[-73.01337913585188,-13.439864182847193],[-73.01337169215972,-13.440767876674872],[-73.0124484362179,-13.440760588745238]]]}},{"type":"Feature","properties":{"Cell_ID":59,"Area_ha":1.0,"LC":"9:0.694028,13:0.305972","XMIN":715084.86160847,"YMIN":8513153.59738907,"XMAX":715184.86160847,"YMAX":8513253.59738907},"geometry":{"type":"Polygon","coordinates":[[[-73.01244098852465,-13.441664281996369],[-73.0124484362179,-13.440760588745238],[-73.01337169215972,-13.440767876674872],[-73.01336424792052,-13.441671570433762],[-73.01244098852465,-13.441664281996369]]]}},{"type":"Feature","properties":{"Cell_ID":60,"Area_ha":1.0,"LC":"3:0.021398,7:0.058616,9:0.244012,13:0.538883,16:0.059031,18:0.078061","XMIN":715184.86160847,"YMIN":8514353.59738907,"XMAX":715284.86160847,"YMAX":8514453.59738907},"geometry":{"type":"Polygon","coordinates":[[[-73.01160710730727,-13.430812672720789],[-73.01161455188456,-13.429908979152428],[-73.01253776585042,-13.429916264367343],[-73.01253032472411,-13.430819958443658],[-73.01160710730727,-13.430812672720789]]]}},{"type":"Feature","properties":{"Cell_ID":61,"Area_ha":1.0,"LC":"7:0.457507,9:0.381650,13:0.160844","XMIN":715184.86160847,"YMIN":8514253.59738907,"XMAX":715284.86160847,"YMAX":8514353.59738907},"geometry":{"type":"Polygon","coordinates":[[[-73.01159966218252,-13.431716366220408],[-73.01160710730727,-13.430812672720789],[-73.01253032472411,-13.430819958443658],[-73.01252288305061,-13.431723652451234],[-73.01159966218252,-13.431716366220408]]]}},{"type":"Feature","properties":{"Cell_ID":62,"Area_ha":1.0,"LC":"9:0.783605,13:0.216395","XMIN":715184.86160847,"YMIN":8514153.59738907,"XMAX":715284.86160847,"YMAX":8514253.59738907},"geometry":{"type":"Polygon","coordinates":[[[-73.01159221651031,-13.432620059651276],[-73.01159966218252,-13.431716366220408],[-73.01252288305061,-13.431723652451234],[-73.0125154408299,-13.432627346390063],[-73.01159221651031,-13.432620059651276]]]}},{"type":"Feature","properties":{"Cell_ID":63,"Area_ha":1.0,"LC":"5:0.316802,9:0.663471,13:0.019727","XMIN":715184.86160847,"YMIN":8514053.59738907,"XMAX":715284.86160847,"YMAX":8514153.59738907},"geometry":{"type":"Polygon","coordinates":[[[-73.01158477029064,-13.43352375301339],[-73.01159221651031,-13.432620059651276],[-73.0125154408299,-13.432627346390063],[-73.01250799806199,-13.43353104026014],[-73.01158477029064,-13.43352375301339]]]}},{"type":"Feature","properties":{"Cell_ID":64,"Area_ha":1.0,"LC":"5:0.999853,9:0.000147","XMIN":715184.86160847,"YMIN":8513953.59738907,"XMAX":715284.86160847,"YMAX":8514053.59738907},"geometry":{"type":"Polygon","coordinates":[[[-73.0115773235235,-13.434427446306747],[-73.01158477029064,-13.43352375301339],[-73.01250799806199,-13.43353104026014],[-73.01250055474685,-13.434434734061465],[-73.0115773235235,-13.434427446306747]]]}},{"type":"Feature","properties":{"Cell_ID":65,"Area_ha":1.0,"LC":"5:0.880844,9:0.119156","XMIN":715184.86160847,"YMIN":8513853.59738907,"XMAX":715284.86160847,"YMAX":8513953.59738907},"geometry":{"type":"Polygon","coordinates":[[[-73.01156987620887,-13.43533113953134],[-73.0115773235235,-13.434427446306747],[-73.01250055474685,-13.434434734061465],[-73.01249311088449,-13.435338427794031],[-73.01156987620887,-13.43533113953134]]]}},{"type":"Feature","properties":{"Cell_ID":66,"Area_ha":1.0,"LC":"5:0.294738,9:0.625544,13:0.079719","XMIN":715184.86160847,"YMIN":8513753.59738907,"XMAX":715284.86160847,"YMAX":8513853.59738907},"geometry":{"type":"Polygon","coordinates":[[[-73.01156242834674,-13.436234832687164],[-73.01156987620887,-13.43533113953134],[-73.01249311088449,-13.435338427794031],[-73.01248566647489,-13.436242121457829],[-73.01156242834674,-13.436234832687164]]]}},{"type":"Feature","properties":{"Cell_ID":67,"Area_ha":1.0,"LC":"5:0.240977,9:0.000147,13:0.758875","XMIN":715184.86160847,"YMIN":8513653.59738907,"XMAX":715284.86160847,"YMAX":8513753.59738907},"geometry":{"type":"Polygon","coordinates":[[[-73.01155497993712,-13.437138525774223],[-73.01156242834674,-13.436234832687164],[-73.01248566647489,-13.436242121457829],[-73.01247822151801,-13.437145815052864],[-73.01155497993712,-13.437138525774223]]]}},{"type":"Feature","properties":{"Cell_ID":68,"Area_ha":1.0,"LC":"13:1.000000","XMIN":715184.86160847,"YMIN":8513553.59738907,"XMAX":715284.86160847,"YMAX":8513653.59738907},"geometry":{"type":"Polygon","coordinates":[[[-73.01154753097998,-13.438042218792503],[-73.01155497993712,-13.437138525774223],[-73.01247822151801,-13.437145815052864],[-73.0124707760139,-13.438049508579127],[-73.01154753097998,-13.438042218792503]]]}},{"type":"Feature","properties":{"Cell_ID":69,"Area_ha":1.0,"LC":"13:1.000000","XMIN":715184.86160847,"YMIN":8513453.59738907,"XMAX":715284.86160847,"YMAX":8513553.59738907},"geometry":{"type":"Polygon","coordinates":[[[-73.01154008147532,-13.438945911742003],[-73.01154753097998,-13.438042218792503],[-73.0124707760139,-13.438049508579127],[-73.01246332996251,-13.438953202036611],[-73.01154008147532,-13.438945911742003]]]}},{"type":"Feature","properties":{"Cell_ID":70,"Area_ha":1.0,"LC":"9:0.058616,13:0.941384","XMIN":715184.86160847,"YMIN":8513353.59738907,"XMAX":715284.86160847,"YMAX":8513453.59738907},"geometry":{"type":"Polygon","coordinates":[[[-73.01153263142312,-13.439849604622719],[-73.01154008147532,-13.438945911742003],[-73.01246332996251,-13.438953202036611],[-73.01245588336384,-13.439856895425319],[-73.01153263142312,-13.439849604622719]]]}},{"type":"Feature","properties":{"Cell_ID":71,"Area_ha":1.0,"LC":"9:0.660112,13:0.339888","XMIN":715184.86160847,"YMIN":8513253.59738907,"XMAX":715284.86160847,"YMAX":8513353.59738907},"geometry":{"type":"Polygon","coordinates":[[[-73.01152518082337,-13.440753297434647],[-73.01153263142312,-13.439849604622719],[-73.01245588336384,-13.439856895425319],[-73.0124484362179,-13.440760588745238],[-73.01152518082337,-13.440753297434647]]]}},{"type":"Feature","properties":{"Cell_ID":72,"Area_ha":1.0,"LC":"5:0.479156,9:0.425691,13:0.095153","XMIN":715184.86160847,"YMIN":8513153.59738907,"XMAX":715284.86160847,"YMAX":8513253.59738907},"geometry":{"type":"Polygon","coordinates":[[[-73.01151772967609,-13.44165699017778],[-73.01152518082337,-13.440753297434647],[-73.0124484362179,-13.440760588745238],[-73.01244098852465,-13.441664281996369],[-73.01151772967609,-13.44165699017778]]]}},{"type":"Feature","properties":{"Cell_ID":73,"Area_ha":1.0,"LC":"5:0.503752,9:0.397780,13:0.098468","XMIN":715184.86160847,"YMIN":8513053.59738907,"XMAX":715284.86160847,"YMAX":8513153.59738907},"geometry":{"type":"Polygon","coordinates":[[[-73.01151027798122,-13.442560682852116],[-73.01151772967609,-13.44165699017778],[-73.01244098852465,-13.441664281996369],[-73.01243354028408,-13.442567975178708],[-73.01151027798122,-13.442560682852116]]]}},{"type":"Feature","properties":{"Cell_ID":74,"Area_ha":1.0,"LC":"5:0.060541,6:0.042086,9:0.896958,13:0.000415","XMIN":715184.86160847,"YMIN":8511153.59738907,"XMAX":715284.86160847,"YMAX":8511253.59738907},"geometry":{"type":"Polygon","coordinates":[[[-73.01136859172907,-13.459730830587276],[-73.01137605382947,-13.45882713922091],[-73.01229937835299,-13.458834440692128],[-73.0122919197117,-13.459738132566564],[-73.01136859172907,-13.459730830587276]]]}},{"type":"Feature","properties":{"Cell_ID":75,"Area_ha":1.0,"LC":"5:0.324012,6:0.157646,7:0.038061,9:0.000281,14:0.480000","XMIN":715184.86160847,"YMIN":8510953.59738907,"XMAX":715284.86160847,"YMAX":8511053.59738907},"geometry":{"type":"Polygon","coordinates":[[[-73.01135366588497,-13.46153821311335],[-73.01136112908091,-13.460634521884753],[-73.0122844605229,-13.46064182437212],[-73.0122770007866,-13.461545516108789],[-73.01135366588497,-13.46153821311335]]]}},{"type":"Feature","properties":{"Cell_ID":76,"Area_ha":1.0,"LC":"3:0.282887,5:0.101398,6:0.455153,14:0.160562","XMIN":715184.86160847,"YMIN":8510853.59738907,"XMAX":715284.86160847,"YMAX":8510953.59738907},"geometry":{"type":"Polygon","coordinates":[[[-73.01134620214127,-13.46244190427305],[-73.01135366588497,-13.46153821311335],[-73.0122770007866,-13.461545516108789],[-73.01226954050277,-13.462449207776572],[-73.01134620214127,-13.46244190427305]]]}},{"type":"Feature","properties":{"Cell_ID":77,"Area_ha":1.0,"LC":"3:0.875855,6:0.124145","XMIN":715184.86160847,"YMIN":8510753.59738907,"XMAX":715284.86160847,"YMAX":8510853.59738907},"geometry":{"type":"Polygon","coordinates":[[[-73.01133873784977,-13.463345595363853],[-73.01134620214127,-13.46244190427305],[-73.01226954050277,-13.462449207776572],[-73.01226207967139,-13.463352899375458],[-73.01133873784977,-13.463345595363853]]]}},{"type":"Feature","properties":{"Cell_ID":78,"Area_ha":1.0,"LC":"3:0.121259,6:0.821650,9:0.057092","XMIN":715184.86160847,"YMIN":8510653.59738907,"XMAX":715284.86160847,"YMAX":8510753.59738907},"geometry":{"type":"Polygon","coordinates":[[[-73.01133127301048,-13.464249286385755],[-73.01133873784977,-13.463345595363853],[-73.01226207967139,-13.463352899375458],[-73.01225461829249,-13.464256590905448],[-73.01133127301048,-13.464249286385755]]]}},{"type":"Feature","properties":{"Cell_ID":79,"Area_ha":1.0,"LC":"3:0.059727,9:0.596270,13:0.344004","XMIN":715284.86160847,"YMIN":8514353.59738907,"XMAX":715384.86160847,"YMAX":8514453.59738907},"geometry":{"type":"Polygon","coordinates":[[[-73.01068389043786,-13.43080538361956],[-73.01069133846616,-13.429901690559387],[-73.01161455188456,-13.429908979152428],[-73.01160710730727,-13.430812672720789],[-73.01068389043786,-13.43080538361956]]]}},{"type":"Feature","properties":{"Cell_ID":80,"Area_ha":1.0,"LC":"9:0.515131,13:0.484869","XMIN":715284.86160847,"YMIN":8514253.59738907,"XMAX":715384.86160847,"YMAX":8514353.59738907},"geometry":{"type":"Polygon","coordinates":[[[-73.01067644186188,-13.431709076610987],[-73.01068389043786,-13.43080538361956],[-73.01160710730727,-13.430812672720789],[-73.01159966218252,-13.431716366220408],[-73.01067644186188,-13.431709076610987]]]}},{"type":"Feature","properties":{"Cell_ID":81,"Area_ha":1.0,"LC":"7:0.163878,9:0.836122","XMIN":715284.86160847,"YMIN":8514153.59738907,"XMAX":715384.86160847,"YMAX":8514253.59738907},"geometry":{"type":"Polygon","coordinates":[[[-73.01066899273818,-13.43261276953366],[-73.01067644186188,-13.431709076610987],[-73.01159966218252,-13.431716366220408],[-73.01159221651031,-13.432620059651276],[-73.01066899273818,-13.43261276953366]]]}},{"type":"Feature","properties":{"Cell_ID":82,"Area_ha":1.0,"LC":"5:0.682887,9:0.317113","XMIN":715284.86160847,"YMIN":8514053.59738907,"XMAX":715384.86160847,"YMAX":8514153.59738907},"geometry":{"type":"Polygon","coordinates":[[[-73.01066154306676,-13.433516462387576],[-73.01066899273818,-13.43261276953366],[-73.01159221651031,-13.432620059651276],[-73.01158477029064,-13.43352375301339],[-73.01066154306676,-13.433516462387576]]]}},{"type":"Feature","properties":{"Cell_ID":83,"Area_ha":1.0,"LC":"5:0.756136,9:0.243864","XMIN":715284.86160847,"YMIN":8513953.59738907,"XMAX":715384.86160847,"YMAX":8514053.59738907},"geometry":{"type":"Polygon","coordinates":[[[-73.01065409284762,-13.43442015517273],[-73.01066154306676,-13.433516462387576],[-73.01158477029064,-13.43352375301339],[-73.0115773235235,-13.434427446306747],[-73.01065409284762,-13.43442015517273]]]}},{"type":"Feature","properties":{"Cell_ID":84,"Area_ha":1.0,"LC":"5:0.959571,9:0.040429","XMIN":715284.86160847,"YMIN":8513853.59738907,"XMAX":715384.86160847,"YMAX":8513953.59738907},"geometry":{"type":"Polygon","coordinates":[[[-73.01064664208073,-13.435323847889117],[-73.01065409284762,-13.43442015517273],[-73.0115773235235,-13.434427446306747],[-73.01156987620887,-13.43533113953134],[-73.01064664208073,-13.435323847889117]]]}},{"type":"Feature","properties":{"Cell_ID":85,"Area_ha":1.0,"LC":"5:0.322916,9:0.635145,13:0.041939","XMIN":715284.86160847,"YMIN":8513753.59738907,"XMAX":715384.86160847,"YMAX":8513853.59738907},"geometry":{"type":"Polygon","coordinates":[[[-73.0106391907661,-13.436227540536732],[-73.01064664208073,-13.435323847889117],[-73.01156987620887,-13.43533113953134],[-73.01156242834674,-13.436234832687164],[-73.0106391907661,-13.436227540536732]]]}},{"type":"Feature","properties":{"Cell_ID":86,"Area_ha":1.0,"LC":"5:0.124307,9:0.520415,13:0.355278","XMIN":715284.86160847,"YMIN":8513653.59738907,"XMAX":715384.86160847,"YMAX":8513753.59738907},"geometry":{"type":"Polygon","coordinates":[[[-73.01063173890371,-13.437131233115574],[-73.0106391907661,-13.436227540536732],[-73.01156242834674,-13.436234832687164],[-73.01155497993712,-13.437138525774223],[-73.01063173890371,-13.437131233115574]]]}},{"type":"Feature","properties":{"Cell_ID":87,"Area_ha":1.0,"LC":"5:0.121510,9:0.000562,13:0.877927","XMIN":715284.86160847,"YMIN":8513553.59738907,"XMAX":715384.86160847,"YMAX":8513653.59738907},"geometry":{"type":"Polygon","coordinates":[[[-73.01062428649357,-13.438034925625638],[-73.01063173890371,-13.437131233115574],[-73.01155497993712,-13.437138525774223],[-73.01154753097998,-13.438042218792503],[-73.01062428649357,-13.438034925625638]]]}},{"type":"Feature","properties":{"Cell_ID":88,"Area_ha":1.0,"LC":"5:0.384566,13:0.615434","XMIN":715284.86160847,"YMIN":8513453.59738907,"XMAX":715384.86160847,"YMAX":8513553.59738907},"geometry":{"type":"Polygon","coordinates":[[[-73.01061683353564,-13.438938618066917],[-73.01062428649357,-13.438034925625638],[-73.01154753097998,-13.438042218792503],[-73.01154008147532,-13.438945911742003],[-73.01061683353564,-13.438938618066917]]]}},{"type":"Feature","properties":{"Cell_ID":89,"Area_ha":1.0,"LC":"5:0.080710,13:0.919290","XMIN":715284.86160847,"YMIN":8513353.59738907,"XMAX":715384.86160847,"YMAX":8513453.59738907},"geometry":{"type":"Polygon","coordinates":[[[-73.01060938002992,-13.439842310439408],[-73.01061683353564,-13.438938618066917],[-73.01154008147532,-13.438945911742003],[-73.01153263142312,-13.439849604622719],[-73.01060938002992,-13.439842310439408]]]}},{"type":"Feature","properties":{"Cell_ID":90,"Area_ha":1.0,"LC":"9:0.117646,13:0.882354","XMIN":715284.86160847,"YMIN":8513253.59738907,"XMAX":715384.86160847,"YMAX":8513353.59738907},"geometry":{"type":"Polygon","coordinates":[[[-73.0106019259764,-13.440746002743108],[-73.01060938002992,-13.439842310439408],[-73.01153263142312,-13.439849604622719],[-73.01152518082337,-13.440753297434647],[-73.0106019259764,-13.440746002743108]]]}},{"type":"Feature","properties":{"Cell_ID":91,"Area_ha":1.0,"LC":"5:0.161229,9:0.696810,13:0.141961","XMIN":715284.86160847,"YMIN":8513153.59738907,"XMAX":715384.86160847,"YMAX":8513253.59738907},"geometry":{"type":"Polygon","coordinates":[[[-73.01059447137509,-13.441649694978008],[-73.0106019259764,-13.440746002743108],[-73.01152518082337,-13.440753297434647],[-73.01151772967609,-13.44165699017778],[-73.01059447137509,-13.441649694978008]]]}},{"type":"Feature","properties":{"Cell_ID":92,"Area_ha":1.0,"LC":"5:0.641658,9:0.358342","XMIN":715284.86160847,"YMIN":8513053.59738907,"XMAX":715384.86160847,"YMAX":8513153.59738907},"geometry":{"type":"Polygon","coordinates":[[[-73.01058701622594,-13.442553387144109],[-73.01059447137509,-13.441649694978008],[-73.01151772967609,-13.44165699017778],[-73.01151027798122,-13.442560682852116],[-73.01058701622594,-13.442553387144109]]]}},{"type":"Feature","properties":{"Cell_ID":93,"Area_ha":1.0,"LC":"5:0.862493,9:0.137507","XMIN":715284.86160847,"YMIN":8512953.59738907,"XMAX":715384.86160847,"YMAX":8513053.59738907},"geometry":{"type":"Polygon","coordinates":[[[-73.01057956052897,-13.443457079241407],[-73.01058701622594,-13.442553387144109],[-73.01151027798122,-13.442560682852116],[-73.0115028257388,-13.443464375457655],[-73.01057956052897,-13.443457079241407]]]}},{"type":"Feature","properties":{"Cell_ID":94,"Area_ha":1.0,"LC":"5:0.502094,6:0.262199,9:0.235707","XMIN":715284.86160847,"YMIN":8512853.59738907,"XMAX":715384.86160847,"YMAX":8512953.59738907},"geometry":{"type":"Polygon","coordinates":[[[-73.01057210428418,-13.444360771269888],[-73.01057956052897,-13.443457079241407],[-73.0115028257388,-13.443464375457655],[-73.01149537294879,-13.44436806799438],[-73.01057210428418,-13.444360771269888]]]}},{"type":"Feature","properties":{"Cell_ID":95,"Area_ha":1.0,"LC":"5:0.619845,6:0.223618,9:0.156537","XMIN":715284.86160847,"YMIN":8512753.59738907,"XMAX":715384.86160847,"YMAX":8512853.59738907},"geometry":{"type":"Polygon","coordinates":[[[-73.01056464749153,-13.445264463229563],[-73.01057210428418,-13.444360771269888],[-73.01149537294879,-13.44436806799438],[-73.01148791961118,-13.445271760462301],[-73.01056464749153,-13.445264463229563]]]}},{"type":"Feature","properties":{"Cell_ID":96,"Area_ha":1.0,"LC":"5:0.199320,9:0.739711,13:0.060969","XMIN":715284.86160847,"YMIN":8512653.59738907,"XMAX":715384.86160847,"YMAX":8512753.59738907},"geometry":{"type":"Polygon","coordinates":[[[-73.01055719015103,-13.446168155120416],[-73.01056464749153,-13.445264463229563],[-73.01148791961118,-13.445271760462301],[-73.01148046572598,-13.446175452861407],[-73.01055719015103,-13.446168155120416]]]}},{"type":"Feature","properties":{"Cell_ID":97,"Area_ha":1.0,"LC":"5:0.544033,9:0.455967","XMIN":715284.86160847,"YMIN":8511553.59738907,"XMAX":715384.86160847,"YMAX":8511653.59738907},"geometry":{"type":"Polygon","coordinates":[[[-73.01047512324426,-13.456108761376568],[-73.01048258661181,-13.455205070243],[-73.0114058967537,-13.455212373066693],[-73.01139843684423,-13.456116064708553],[-73.01047512324426,-13.456108761376568]]]}},{"type":"Feature","properties":{"Cell_ID":98,"Area_ha":1.0,"LC":"3:0.079438,5:0.103056,6:0.081792,9:0.498350,14:0.237365","XMIN":715284.86160847,"YMIN":8511453.59738907,"XMAX":715384.86160847,"YMAX":8511553.59738907},"geometry":{"type":"Polygon","coordinates":[[[-73.01046765932873,-13.457012452441266],[-73.01047512324426,-13.456108761376568],[-73.01139843684423,-13.456116064708553],[-73.01139097638705,-13.457019756281545],[-73.01046765932873,-13.457012452441266]]]}},{"type":"Feature","properties":{"Cell_ID":99,"Area_ha":1.0,"LC":"3:0.422761,5:0.237365,6:0.082086,14:0.257788","XMIN":715284.86160847,"YMIN":8511353.59738907,"XMAX":715384.86160847,"YMAX":8511453.59738907},"geometry":{"type":"Polygon","coordinates":[[[-73.0104601948652,-13.457916143437087],[-73.01046765932873,-13.457012452441266],[-73.01139097638705,-13.457019756281545],[-73.01138351538214,-13.457923447785664],[-73.0104601948652,-13.457916143437087]]]}},{"type":"Feature","properties":{"Cell_ID":100,"Area_ha":1.0,"LC":"3:0.080710,5:0.280268,6:0.639023","XMIN":715284.86160847,"YMIN":8511253.59738907,"XMAX":715384.86160847,"YMAX":8511353.59738907},"geometry":{"type":"Polygon","coordinates":[[[-73.01045272985371,-13.45881983436403],[-73.0104601948652,-13.457916143437087],[-73.01138351538214,-13.457923447785664],[-73.01137605382947,-13.45882713922091],[-73.01045272985371,-13.45881983436403]]]}},{"type":"Feature","properties":{"Cell_ID":101,"Area_ha":1.0,"LC":"5:0.080295,6:0.761925,9:0.157780","XMIN":715284.86160847,"YMIN":8511153.59738907,"XMAX":715384.86160847,"YMAX":8511253.59738907},"geometry":{"type":"Polygon","coordinates":[[[-73.0104452642942,-13.45972352522209],[-73.01045272985371,-13.45881983436403],[-73.01137605382947,-13.45882713922091],[-73.01136859172907,-13.459730830587276],[-73.0104452642942,-13.45972352522209]]]}},{"type":"Feature","properties":{"Cell_ID":102,"Area_ha":1.0,"LC":"3:0.182480,5:0.095153,6:0.362649,9:0.359719","XMIN":715284.86160847,"YMIN":8511053.59738907,"XMAX":715384.86160847,"YMAX":8511153.59738907},"geometry":{"type":"Polygon","coordinates":[[[-73.01043779818667,-13.46062721601126],[-73.0104452642942,-13.45972352522209],[-73.01136859172907,-13.459730830587276],[-73.01136112908091,-13.460634521884753],[-73.01043779818667,-13.46062721601126]]]}},{"type":"Feature","properties":{"Cell_ID":103,"Area_ha":1.0,"LC":"3:0.504285,5:0.214871,6:0.120281,9:0.160562","XMIN":715284.86160847,"YMIN":8510953.59738907,"XMAX":715384.86160847,"YMAX":8511053.59738907},"geometry":{"type":"Polygon","coordinates":[[[-73.01043033153113,-13.461530906731543],[-73.01043779818667,-13.46062721601126],[-73.01136112908091,-13.460634521884753],[-73.01135366588497,-13.46153821311335],[-73.01043033153113,-13.461530906731543]]]}},{"type":"Feature","properties":{"Cell_ID":104,"Area_ha":1.0,"LC":"3:0.819044,5:0.180956","XMIN":715284.86160847,"YMIN":8510853.59738907,"XMAX":715384.86160847,"YMAX":8510953.59738907},"geometry":{"type":"Polygon","coordinates":[[[-73.01042286432755,-13.462434597382925],[-73.01043033153113,-13.461530906731543],[-73.01135366588497,-13.46153821311335],[-73.01134620214127,-13.46244190427305],[-73.01042286432755,-13.462434597382925]]]}},{"type":"Feature","properties":{"Cell_ID":105,"Area_ha":1.0,"LC":"3:0.080977,5:0.464285,6:0.454738","XMIN":715284.86160847,"YMIN":8510753.59738907,"XMAX":715384.86160847,"YMAX":8510853.59738907},"geometry":{"type":"Polygon","coordinates":[[[-73.01041539657594,-13.46333828796541],[-73.01042286432755,-13.462434597382925],[-73.01134620214127,-13.46244190427305],[-73.01133873784977,-13.463345595363853],[-73.01041539657594,-13.46333828796541]]]}},{"type":"Feature","properties":{"Cell_ID":106,"Area_ha":1.0,"LC":"5:0.425691,6:0.574309","XMIN":715284.86160847,"YMIN":8510653.59738907,"XMAX":715384.86160847,"YMAX":8510753.59738907},"geometry":{"type":"Polygon","coordinates":[[[-73.01040792827628,-13.464241978478988],[-73.01041539657594,-13.46333828796541],[-73.01133873784977,-13.463345595363853],[-73.01133127301048,-13.464249286385755],[-73.01040792827628,-13.464241978478988]]]}},{"type":"Feature","properties":{"Cell_ID":107,"Area_ha":1.0,"LC":"5:0.421784,6:0.578216","XMIN":715284.86160847,"YMIN":8510553.59738907,"XMAX":715384.86160847,"YMAX":8510653.59738907},"geometry":{"type":"Polygon","coordinates":[[[-73.01040045942855,-13.465145668923657],[-73.01040792827628,-13.464241978478988],[-73.01133127301048,-13.464249286385755],[-73.01132380762337,-13.46515297733875],[-73.01040045942855,-13.465145668923657]]]}},{"type":"Feature","properties":{"Cell_ID":108,"Area_ha":1.0,"LC":"5:0.562783,6:0.437217","XMIN":715284.86160847,"YMIN":8510453.59738907,"XMAX":715384.86160847,"YMAX":8510553.59738907},"geometry":{"type":"Polygon","coordinates":[[[-73.01039299003274,-13.466049359299411],[-73.01040045942855,-13.465145668923657],[-73.01132380762337,-13.46515297733875],[-73.01131634168846,-13.466056668222837],[-73.01039299003274,-13.466049359299411]]]}},{"type":"Feature","properties":{"Cell_ID":109,"Area_ha":1.0,"LC":"9:0.018897,13:0.981103","XMIN":715384.86160847,"YMIN":8514253.59738907,"XMAX":715484.86160847,"YMAX":8514353.59738907},"geometry":{"type":"Polygon","coordinates":[[[-73.00975322208893,-13.431701783622984],[-73.00976067411615,-13.430798091139987],[-73.01068389043786,-13.43080538361956],[-73.01067644186188,-13.431709076610987],[-73.00975322208893,-13.431701783622984]]]}},{"type":"Feature","properties":{"Cell_ID":110,"Area_ha":1.0,"LC":"7:0.474997,9:0.060822,13:0.464181","XMIN":715384.86160847,"YMIN":8514153.59738907,"XMAX":715484.86160847,"YMAX":8514253.59738907},"geometry":{"type":"Polygon","coordinates":[[[-73.00974576951377,-13.432605476037226],[-73.00975322208893,-13.431701783622984],[-73.01067644186188,-13.431709076610987],[-73.01066899273818,-13.43261276953366],[-73.00974576951377,-13.432605476037226]]]}},{"type":"Feature","properties":{"Cell_ID":111,"Area_ha":1.0,"LC":"5:0.798594,7:0.142094,9:0.059312","XMIN":715384.86160847,"YMIN":8514053.59738907,"XMAX":715484.86160847,"YMAX":8514153.59738907},"geometry":{"type":"Polygon","coordinates":[[[-73.00973831639061,-13.433509168382706],[-73.00974576951377,-13.432605476037226],[-73.01066899273818,-13.43261276953366],[-73.01066154306676,-13.433516462387576],[-73.00973831639061,-13.433509168382706]]]}},{"type":"Feature","properties":{"Cell_ID":112,"Area_ha":1.0,"LC":"5:0.520281,9:0.479719","XMIN":715384.86160847,"YMIN":8513953.59738907,"XMAX":715484.86160847,"YMAX":8514053.59738907},"geometry":{"type":"Polygon","coordinates":[[[-73.00973086271948,-13.434412860659423],[-73.00973831639061,-13.433509168382706],[-73.01066154306676,-13.433516462387576],[-73.01065409284762,-13.43442015517273],[-73.00973086271948,-13.434412860659423]]]}},{"type":"Feature","properties":{"Cell_ID":113,"Area_ha":1.0,"LC":"5:0.136144,9:0.521939,13:0.341917","XMIN":715384.86160847,"YMIN":8513853.59738907,"XMAX":715484.86160847,"YMAX":8513953.59738907},"geometry":{"type":"Polygon","coordinates":[[[-73.00972340850035,-13.435316552867368],[-73.00973086271948,-13.434412860659423],[-73.01065409284762,-13.43442015517273],[-73.01064664208073,-13.435323847889117],[-73.00972340850035,-13.435316552867368]]]}},{"type":"Feature","properties":{"Cell_ID":114,"Area_ha":1.0,"LC":"5:0.117499,9:0.139312,13:0.743190","XMIN":715384.86160847,"YMIN":8513753.59738907,"XMAX":715484.86160847,"YMAX":8513853.59738907},"geometry":{"type":"Polygon","coordinates":[[[-73.00971595373323,-13.436220245006536],[-73.00972340850035,-13.435316552867368],[-73.01064664208073,-13.435323847889117],[-73.0106391907661,-13.436227540536732],[-73.00971595373323,-13.436220245006536]]]}},{"type":"Feature","properties":{"Cell_ID":115,"Area_ha":1.0,"LC":"5:0.778736,13:0.221264","XMIN":715384.86160847,"YMIN":8513653.59738907,"XMAX":715484.86160847,"YMAX":8513753.59738907},"geometry":{"type":"Polygon","coordinates":[[[-73.00970849841809,-13.43712393707693],[-73.00971595373323,-13.436220245006536],[-73.0106391907661,-13.436227540536732],[-73.01063173890371,-13.437131233115574],[-73.00970849841809,-13.43712393707693]]]}},{"type":"Feature","properties":{"Cell_ID":116,"Area_ha":1.0,"LC":"5:0.278918,13:0.721082","XMIN":715384.86160847,"YMIN":8513553.59738907,"XMAX":715484.86160847,"YMAX":8513653.59738907},"geometry":{"type":"Polygon","coordinates":[[[-73.00970104255494,-13.438027629078539],[-73.00970849841809,-13.43712393707693],[-73.01063173890371,-13.437131233115574],[-73.01062428649357,-13.438034925625638],[-73.00970104255494,-13.438027629078539]]]}},{"type":"Feature","properties":{"Cell_ID":117,"Area_ha":1.0,"LC":"5:0.095153,13:0.904847","XMIN":715384.86160847,"YMIN":8513453.59738907,"XMAX":715484.86160847,"YMAX":8513553.59738907},"geometry":{"type":"Polygon","coordinates":[[[-73.00969358614374,-13.438931321011362],[-73.00970104255494,-13.438027629078539],[-73.01062428649357,-13.438034925625638],[-73.01061683353564,-13.438938618066917],[-73.00969358614374,-13.438931321011362]]]}},{"type":"Feature","properties":{"Cell_ID":118,"Area_ha":1.0,"LC":"5:0.000134,13:0.999866","XMIN":715384.86160847,"YMIN":8513353.59738907,"XMAX":715484.86160847,"YMAX":8513453.59738907},"geometry":{"type":"Polygon","coordinates":[[[-73.00968612918452,-13.439835012875394],[-73.00969358614374,-13.438931321011362],[-73.01061683353564,-13.438938618066917],[-73.01060938002992,-13.439842310439408],[-73.00968612918452,-13.439835012875394]]]}},{"type":"Feature","properties":{"Cell_ID":119,"Area_ha":1.0,"LC":"13:1.000000","XMIN":715384.86160847,"YMIN":8513253.59738907,"XMAX":715484.86160847,"YMAX":8513353.59738907},"geometry":{"type":"Polygon","coordinates":[[[-73.00967867167724,-13.440738704670627],[-73.00968612918452,-13.439835012875394],[-73.01060938002992,-13.439842310439408],[-73.0106019259764,-13.440746002743108],[-73.00967867167724,-13.440738704670627]]]}},{"type":"Feature","properties":{"Cell_ID":120,"Area_ha":1.0,"LC":"5:0.077646,9:0.439009,13:0.483345","XMIN":715384.86160847,"YMIN":8513153.59738907,"XMAX":715484.86160847,"YMAX":8513253.59738907},"geometry":{"type":"Polygon","coordinates":[[[-73.0096712136219,-13.441642396397063],[-73.00967867167724,-13.440738704670627],[-73.0106019259764,-13.440746002743108],[-73.01059447137509,-13.441649694978008],[-73.0096712136219,-13.441642396397063]]]}},{"type":"Feature","properties":{"Cell_ID":121,"Area_ha":1.0,"LC":"5:0.454871,9:0.301679,13:0.243449","XMIN":715384.86160847,"YMIN":8513053.59738907,"XMAX":715484.86160847,"YMAX":8513153.59738907},"geometry":{"type":"Polygon","coordinates":[[[-73.00966375501848,-13.442546088054687],[-73.0096712136219,-13.441642396397063],[-73.01059447137509,-13.441649694978008],[-73.01058701622594,-13.442553387144109],[-73.00966375501848,-13.442546088054687]]]}},{"type":"Feature","properties":{"Cell_ID":122,"Area_ha":1.0,"LC":"3:0.060541,5:0.837780,9:0.040281,13:0.061398","XMIN":715384.86160847,"YMIN":8512953.59738907,"XMAX":715484.86160847,"YMAX":8513053.59738907},"geometry":{"type":"Polygon","coordinates":[[[-73.00965629586699,-13.443449779643514],[-73.00966375501848,-13.442546088054687],[-73.01058701622594,-13.442553387144109],[-73.01057956052897,-13.443457079241407],[-73.00965629586699,-13.443449779643514]]]}},{"type":"Feature","properties":{"Cell_ID":123,"Area_ha":1.0,"LC":"3:0.624004,5:0.159038,6:0.216958","XMIN":715384.86160847,"YMIN":8512853.59738907,"XMAX":715484.86160847,"YMAX":8512953.59738907},"geometry":{"type":"Polygon","coordinates":[[[-73.00964883616741,-13.444353471163517],[-73.00965629586699,-13.443449779643514],[-73.01057956052897,-13.443457079241407],[-73.01057210428418,-13.444360771269888],[-73.00964883616741,-13.444353471163517]]]}},{"type":"Feature","properties":{"Cell_ID":124,"Area_ha":1.0,"LC":"3:0.081272,5:0.541502,6:0.377225","XMIN":715384.86160847,"YMIN":8512753.59738907,"XMAX":715484.86160847,"YMAX":8512853.59738907},"geometry":{"type":"Polygon","coordinates":[[[-73.00964137591974,-13.445257162614707],[-73.00964883616741,-13.444353471163517],[-73.01057210428418,-13.444360771269888],[-73.01056464749153,-13.445264463229563],[-73.00964137591974,-13.445257162614707]]]}},{"type":"Feature","properties":{"Cell_ID":125,"Area_ha":1.0,"LC":"5:0.139459,9:0.498602,13:0.361939","XMIN":715384.86160847,"YMIN":8512653.59738907,"XMAX":715484.86160847,"YMAX":8512753.59738907},"geometry":{"type":"Polygon","coordinates":[[[-73.00963391512396,-13.446160853997078],[-73.00964137591974,-13.445257162614707],[-73.01056464749153,-13.445264463229563],[-73.01055719015103,-13.446168155120416],[-73.00963391512396,-13.446160853997078]]]}},{"type":"Feature","properties":{"Cell_ID":126,"Area_ha":1.0,"LC":"5:0.901237,9:0.000429,13:0.098334","XMIN":715384.86160847,"YMIN":8512553.59738907,"XMAX":715484.86160847,"YMAX":8512653.59738907},"geometry":{"type":"Polygon","coordinates":[[[-73.00962645378004,-13.447064545310617],[-73.00963391512396,-13.446160853997078],[-73.01055719015103,-13.446168155120416],[-73.01054973226266,-13.447071846942448],[-73.00962645378004,-13.447064545310617]]]}},{"type":"Feature","properties":{"Cell_ID":127,"Area_ha":1.0,"LC":"5:0.362649,13:0.637351","XMIN":715384.86160847,"YMIN":8512453.59738907,"XMAX":715484.86160847,"YMAX":8512553.59738907},"geometry":{"type":"Polygon","coordinates":[[[-73.009618991888,-13.44796823655533],[-73.00962645378004,-13.447064545310617],[-73.01054973226266,-13.447071846942448],[-73.01054227382643,-13.447975538695655],[-73.009618991888,-13.44796823655533]]]}},{"type":"Feature","properties":{"Cell_ID":128,"Area_ha":1.0,"LC":"5:0.437217,13:0.562783","XMIN":715384.86160847,"YMIN":8512353.59738907,"XMAX":715484.86160847,"YMAX":8512453.59738907},"geometry":{"type":"Polygon","coordinates":[[[-73.00961152944782,-13.448871927731204],[-73.009618991888,-13.44796823655533],[-73.01054227382643,-13.447975538695655],[-73.0105348148423,-13.448879230380028],[-73.00961152944782,-13.448871927731204]]]}},{"type":"Feature","properties":{"Cell_ID":129,"Area_ha":1.0,"LC":"5:0.282368,13:0.717632","XMIN":715384.86160847,"YMIN":8512253.59738907,"XMAX":715484.86160847,"YMAX":8512353.59738907},"geometry":{"type":"Polygon","coordinates":[[[-73.0096040664595,-13.449775618838245],[-73.00961152944782,-13.448871927731204],[-73.0105348148423,-13.448879230380028],[-73.01052735531029,-13.449782921995563],[-73.0096040664595,-13.449775618838245]]]}},{"type":"Feature","properties":{"Cell_ID":130,"Area_ha":1.0,"LC":"5:0.059446,13:0.940554","XMIN":715384.86160847,"YMIN":8512153.59738907,"XMAX":715484.86160847,"YMAX":8512253.59738907},"geometry":{"type":"Polygon","coordinates":[[[-73.00959660292303,-13.450679309876438],[-73.0096040664595,-13.449775618838245],[-73.01052735531029,-13.449782921995563],[-73.01051989523035,-13.450686613542263],[-73.00959660292303,-13.450679309876438]]]}},{"type":"Feature","properties":{"Cell_ID":131,"Area_ha":1.0,"LC":"13:1.000000","XMIN":715384.86160847,"YMIN":8512053.59738907,"XMAX":715484.86160847,"YMAX":8512153.59738907},"geometry":{"type":"Polygon","coordinates":[[[-73.00958913883836,-13.451583000845783],[-73.00959660292303,-13.450679309876438],[-73.01051989523035,-13.450686613542263],[-73.0105124346025,-13.451590305020117],[-73.00958913883836,-13.451583000845783]]]}},{"type":"Feature","properties":{"Cell_ID":132,"Area_ha":1.0,"LC":"9:0.482606,13:0.517394","XMIN":715384.86160847,"YMIN":8511953.59738907,"XMAX":715484.86160847,"YMAX":8512053.59738907},"geometry":{"type":"Polygon","coordinates":[[[-73.00958167420555,-13.452486691746275],[-73.00958913883836,-13.451583000845783],[-73.0105124346025,-13.451590305020117],[-73.01050497342675,-13.45249399642912],[-73.00958167420555,-13.452486691746275]]]}},{"type":"Feature","properties":{"Cell_ID":133,"Area_ha":1.0,"LC":"9:0.497949,13:0.502051","XMIN":715384.86160847,"YMIN":8511853.59738907,"XMAX":715484.86160847,"YMAX":8511953.59738907},"geometry":{"type":"Polygon","coordinates":[[[-73.00957420902452,-13.453390382577911],[-73.00958167420555,-13.452486691746275],[-73.01050497342675,-13.45249399642912],[-73.01049751170305,-13.453397687769272],[-73.00957420902452,-13.453390382577911]]]}},{"type":"Feature","properties":{"Cell_ID":134,"Area_ha":1.0,"LC":"5:0.783575,9:0.177507,13:0.038918","XMIN":715384.86160847,"YMIN":8511753.59738907,"XMAX":715484.86160847,"YMAX":8511853.59738907},"geometry":{"type":"Polygon","coordinates":[[[-73.00956674329531,-13.454294073340689],[-73.00957420902452,-13.453390382577911],[-73.01049751170305,-13.453397687769272],[-73.01049004943141,-13.45430137904057],[-73.00956674329531,-13.454294073340689]]]}},{"type":"Feature","properties":{"Cell_ID":135,"Area_ha":1.0,"LC":"5:0.880710,9:0.119156,13:0.000134","XMIN":715384.86160847,"YMIN":8511653.59738907,"XMAX":715484.86160847,"YMAX":8511753.59738907},"geometry":{"type":"Polygon","coordinates":[[[-73.00955927701789,-13.4551977640346],[-73.00956674329531,-13.454294073340689],[-73.01049004943141,-13.45430137904057],[-73.01048258661181,-13.455205070243],[-73.00955927701789,-13.4551977640346]]]}},{"type":"Feature","properties":{"Cell_ID":136,"Area_ha":1.0,"LC":"5:0.559438,9:0.440562","XMIN":715384.86160847,"YMIN":8511553.59738907,"XMAX":715484.86160847,"YMAX":8511653.59738907},"geometry":{"type":"Polygon","coordinates":[[[-73.00955181019225,-13.456101454659638],[-73.00955927701789,-13.4551977640346],[-73.01048258661181,-13.455205070243],[-73.01047512324426,-13.456108761376568],[-73.00955181019225,-13.456101454659638]]]}},{"type":"Feature","properties":{"Cell_ID":137,"Area_ha":1.0,"LC":"5:0.640562,6:0.178187,9:0.181251","XMIN":715384.86160847,"YMIN":8511453.59738907,"XMAX":715484.86160847,"YMAX":8511553.59738907},"geometry":{"type":"Polygon","coordinates":[[[-73.00954434281839,-13.457005145215808],[-73.00955181019225,-13.456101454659638],[-73.01047512324426,-13.456108761376568],[-73.01046765932873,-13.457012452441266],[-73.00954434281839,-13.457005145215808]]]}},{"type":"Feature","properties":{"Cell_ID":138,"Area_ha":1.0,"LC":"3:0.056958,5:0.401510,6:0.541532","XMIN":715384.86160847,"YMIN":8511353.59738907,"XMAX":715484.86160847,"YMAX":8511453.59738907},"geometry":{"type":"Polygon","coordinates":[[[-73.0095368748963,-13.457908835703096],[-73.00954434281839,-13.457005145215808],[-73.01046765932873,-13.457012452441266],[-73.0104601948652,-13.457916143437087],[-73.0095368748963,-13.457908835703096]]]}},{"type":"Feature","properties":{"Cell_ID":139,"Area_ha":1.0,"LC":"3:0.000134,5:0.600295,6:0.399571","XMIN":715384.86160847,"YMIN":8511253.59738907,"XMAX":715484.86160847,"YMAX":8511353.59738907},"geometry":{"type":"Polygon","coordinates":[[[-73.00952940642594,-13.458812526121502],[-73.0095368748963,-13.457908835703096],[-73.0104601948652,-13.457916143437087],[-73.01045272985371,-13.45881983436403],[-73.00952940642594,-13.458812526121502]]]}},{"type":"Feature","properties":{"Cell_ID":140,"Area_ha":1.0,"LC":"3:0.522606,5:0.179727,6:0.297668","XMIN":715384.86160847,"YMIN":8511153.59738907,"XMAX":715484.86160847,"YMAX":8511253.59738907},"geometry":{"type":"Polygon","coordinates":[[[-73.00952193740734,-13.45971621647102],[-73.00952940642594,-13.458812526121502],[-73.01045272985371,-13.45881983436403],[-73.0104452642942,-13.45972352522209],[-73.00952193740734,-13.45971621647102]]]}},{"type":"Feature","properties":{"Cell_ID":141,"Area_ha":1.0,"LC":"3:0.961805,6:0.038195","XMIN":715384.86160847,"YMIN":8511053.59738907,"XMAX":715484.86160847,"YMAX":8511153.59738907},"geometry":{"type":"Polygon","coordinates":[[[-73.00951446784048,-13.460619906751647],[-73.00952193740734,-13.45971621647102],[-73.0104452642942,-13.45972352522209],[-73.01043779818667,-13.46062721601126],[-73.00951446784048,-13.460619906751647]]]}},{"type":"Feature","properties":{"Cell_ID":142,"Area_ha":1.0,"LC":"3:0.817801,5:0.182199","XMIN":715384.86160847,"YMIN":8510953.59738907,"XMAX":715484.86160847,"YMAX":8511053.59738907},"geometry":{"type":"Polygon","coordinates":[[[-73.00950699772531,-13.461523596963378],[-73.00951446784048,-13.460619906751647],[-73.01043779818667,-13.46062721601126],[-73.01043033153113,-13.461530906731543],[-73.00950699772531,-13.461523596963378]]]}},{"type":"Feature","properties":{"Cell_ID":143,"Area_ha":1.0,"LC":"3:0.217788,5:0.721671,9:0.060541","XMIN":715384.86160847,"YMIN":8510853.59738907,"XMAX":715484.86160847,"YMAX":8510953.59738907},"geometry":{"type":"Polygon","coordinates":[[[-73.00949952706189,-13.462427287106214],[-73.00950699772531,-13.461523596963378],[-73.01043033153113,-13.461530906731543],[-73.01042286432755,-13.462434597382925],[-73.00949952706189,-13.462427287106214]]]}},{"type":"Feature","properties":{"Cell_ID":144,"Area_ha":1.0,"LC":"5:0.618602,9:0.381398","XMIN":715384.86160847,"YMIN":8510753.59738907,"XMAX":715484.86160847,"YMAX":8510853.59738907},"geometry":{"type":"Polygon","coordinates":[[[-73.00949205585016,-13.463330977180137],[-73.00949952706189,-13.462427287106214],[-73.01042286432755,-13.462434597382925],[-73.01041539657594,-13.46333828796541],[-73.00949205585016,-13.463330977180137]]]}},{"type":"Feature","properties":{"Cell_ID":145,"Area_ha":1.0,"LC":"5:0.920562,9:0.079438","XMIN":715384.86160847,"YMIN":8510653.59738907,"XMAX":715484.86160847,"YMAX":8510753.59738907},"geometry":{"type":"Polygon","coordinates":[[[-73.00948458409012,-13.46423466718516],[-73.00949205585016,-13.463330977180137],[-73.01041539657594,-13.46333828796541],[-73.01040792827628,-13.464241978478988],[-73.00948458409012,-13.46423466718516]]]}},{"type":"Feature","properties":{"Cell_ID":146,"Area_ha":1.0,"LC":"5:0.416958,6:0.038061,9:0.544981","XMIN":715384.86160847,"YMIN":8510553.59738907,"XMAX":715484.86160847,"YMAX":8510653.59738907},"geometry":{"type":"Polygon","coordinates":[[[-73.00947711178178,-13.465138357121265],[-73.00948458409012,-13.46423466718516],[-73.01040792827628,-13.464241978478988],[-73.01040045942855,-13.465145668923657],[-73.00947711178178,-13.465138357121265]]]}},{"type":"Feature","properties":{"Cell_ID":147,"Area_ha":1.0,"LC":"5:0.616810,6:0.118061,9:0.265129","XMIN":715384.86160847,"YMIN":8510453.59738907,"XMAX":715484.86160847,"YMAX":8510553.59738907},"geometry":{"type":"Polygon","coordinates":[[[-73.0094696389251,-13.466042046988454],[-73.00947711178178,-13.465138357121265],[-73.01040045942855,-13.465145668923657],[-73.01039299003274,-13.466049359299411],[-73.0094696389251,-13.466042046988454]]]}},{"type":"Feature","properties":{"Cell_ID":148,"Area_ha":1.0,"LC":"5:0.604427,6:0.317365,7:0.078061,9:0.000147","XMIN":715384.86160847,"YMIN":8510353.59738907,"XMAX":715484.86160847,"YMAX":8510453.59738907},"geometry":{"type":"Polygon","coordinates":[[[-73.00946216552009,-13.466945736786721],[-73.0094696389251,-13.466042046988454],[-73.01039299003274,-13.466049359299411],[-73.01038552008885,-13.46695304960625],[-73.00946216552009,-13.466945736786721]]]}},{"type":"Feature","properties":{"Cell_ID":149,"Area_ha":1.0,"LC":"5:0.225410,9:0.000281,13:0.774309","XMIN":715484.86160847,"YMIN":8514353.59738907,"XMAX":715584.86160847,"YMAX":8514453.59738907},"geometry":{"type":"Polygon","coordinates":[[[-73.0088374583424,-13.43079079528207],[-73.00884491327264,-13.429887103238979],[-73.00976812559543,-13.429894398588235],[-73.00976067411615,-13.430798091139987],[-73.0088374583424,-13.43079079528207]]]}},{"type":"Feature","properties":{"Cell_ID":150,"Area_ha":1.0,"LC":"5:0.021117,13:0.978883","XMIN":715484.86160847,"YMIN":8514253.59738907,"XMAX":715584.86160847,"YMAX":8514353.59738907},"geometry":{"type":"Polygon","coordinates":[[[-73.00883000286397,-13.431694487256406],[-73.0088374583424,-13.43079079528207],[-73.00976067411615,-13.430798091139987],[-73.00975322208893,-13.431701783622984],[-73.00883000286397,-13.431694487256406]]]}},{"type":"Feature","properties":{"Cell_ID":151,"Area_ha":1.0,"LC":"9:0.699563,13:0.300437","XMIN":715484.86160847,"YMIN":8514153.59738907,"XMAX":715584.86160847,"YMAX":8514253.59738907},"geometry":{"type":"Polygon","coordinates":[[[-73.00882254683732,-13.432598179161982],[-73.00883000286397,-13.431694487256406],[-73.00975322208893,-13.431701783622984],[-73.00974576951377,-13.432605476037226],[-73.00882254683732,-13.432598179161982]]]}},{"type":"Feature","properties":{"Cell_ID":152,"Area_ha":1.0,"LC":"3:0.119438,5:0.355426,7:0.401792,9:0.123345","XMIN":715484.86160847,"YMIN":8514053.59738907,"XMAX":715584.86160847,"YMAX":8514153.59738907},"geometry":{"type":"Polygon","coordinates":[[[-73.00881509026244,-13.43350187099879],[-73.00882254683732,-13.432598179161982],[-73.00974576951377,-13.432605476037226],[-73.00973831639061,-13.433509168382706],[-73.00881509026244,-13.43350187099879]]]}},{"type":"Feature","properties":{"Cell_ID":153,"Area_ha":1.0,"LC":"3:0.183471,5:0.099727,7:0.021117,9:0.695685","XMIN":715484.86160847,"YMIN":8513953.59738907,"XMAX":715584.86160847,"YMAX":8514053.59738907},"geometry":{"type":"Polygon","coordinates":[[[-73.00880763313934,-13.434405562766832],[-73.00881509026244,-13.43350187099879],[-73.00973831639061,-13.433509168382706],[-73.00973086271948,-13.434412860659423],[-73.00880763313934,-13.434405562766832]]]}},{"type":"Feature","properties":{"Cell_ID":154,"Area_ha":1.0,"LC":"9:0.464167,13:0.535833","XMIN":715484.86160847,"YMIN":8513853.59738907,"XMAX":715584.86160847,"YMAX":8513953.59738907},"geometry":{"type":"Polygon","coordinates":[[[-73.00880017546797,-13.435309254466098],[-73.00880763313934,-13.434405562766832],[-73.00973086271948,-13.434412860659423],[-73.00972340850035,-13.435316552867368],[-73.00880017546797,-13.435309254466098]]]}},{"type":"Feature","properties":{"Cell_ID":155,"Area_ha":1.0,"LC":"9:0.000147,13:0.999853","XMIN":715484.86160847,"YMIN":8513753.59738907,"XMAX":715584.86160847,"YMAX":8513853.59738907},"geometry":{"type":"Polygon","coordinates":[[[-73.00879271724837,-13.436212946096589],[-73.00880017546797,-13.435309254466098],[-73.00972340850035,-13.435316552867368],[-73.00971595373323,-13.436220245006536],[-73.00879271724837,-13.436212946096589]]]}},{"type":"Feature","properties":{"Cell_ID":156,"Area_ha":1.0,"LC":"5:0.056958,13:0.943042","XMIN":715484.86160847,"YMIN":8513653.59738907,"XMAX":715584.86160847,"YMAX":8513753.59738907},"geometry":{"type":"Polygon","coordinates":[[[-73.00878525848049,-13.437116637658296],[-73.00879271724837,-13.436212946096589],[-73.00971595373323,-13.436220245006536],[-73.00970849841809,-13.43712393707693],[-73.00878525848049,-13.437116637658296]]]}},{"type":"Feature","properties":{"Cell_ID":157,"Area_ha":1.0,"LC":"5:0.000134,13:0.999866","XMIN":715484.86160847,"YMIN":8513553.59738907,"XMAX":715584.86160847,"YMAX":8513653.59738907},"geometry":{"type":"Polygon","coordinates":[[[-73.00877779916433,-13.438020329151218],[-73.00878525848049,-13.437116637658296],[-73.00970849841809,-13.43712393707693],[-73.00970104255494,-13.438027629078539],[-73.00877779916433,-13.438020329151218]]]}},{"type":"Feature","properties":{"Cell_ID":158,"Area_ha":1.0,"LC":"13:1.000000","XMIN":715484.86160847,"YMIN":8513453.59738907,"XMAX":715584.86160847,"YMAX":8513553.59738907},"geometry":{"type":"Polygon","coordinates":[[[-73.0087703392999,-13.438924020575346],[-73.00877779916433,-13.438020329151218],[-73.00970104255494,-13.438027629078539],[-73.00969358614374,-13.438931321011362],[-73.0087703392999,-13.438924020575346]]]}},{"type":"Feature","properties":{"Cell_ID":159,"Area_ha":1.0,"LC":"13:1.000000","XMIN":715484.86160847,"YMIN":8513353.59738907,"XMAX":715584.86160847,"YMAX":8513453.59738907},"geometry":{"type":"Polygon","coordinates":[[[-73.00876287888717,-13.43982771193068],[-73.0087703392999,-13.438924020575346],[-73.00969358614374,-13.438931321011362],[-73.00968612918452,-13.439835012875394],[-73.00876287888717,-13.43982771193068]]]}},{"type":"Feature","properties":{"Cell_ID":160,"Area_ha":1.0,"LC":"13:1.000000","XMIN":715484.86160847,"YMIN":8513253.59738907,"XMAX":715584.86160847,"YMAX":8513353.59738907},"geometry":{"type":"Polygon","coordinates":[[[-73.00875541792614,-13.440731403217216],[-73.00876287888717,-13.43982771193068],[-73.00968612918452,-13.439835012875394],[-73.00967867167724,-13.440738704670627],[-73.00875541792614,-13.440731403217216]]]}},{"type":"Feature","properties":{"Cell_ID":161,"Area_ha":1.0,"LC":"9:0.197365,13:0.802635","XMIN":715484.86160847,"YMIN":8513153.59738907,"XMAX":715584.86160847,"YMAX":8513253.59738907},"geometry":{"type":"Polygon","coordinates":[[[-73.00874795641678,-13.441635094434949],[-73.00875541792614,-13.440731403217216],[-73.00967867167724,-13.440738704670627],[-73.0096712136219,-13.441642396397063],[-73.00874795641678,-13.441635094434949]]]}},{"type":"Feature","properties":{"Cell_ID":162,"Area_ha":1.0,"LC":"9:0.259727,13:0.740273","XMIN":715484.86160847,"YMIN":8513053.59738907,"XMAX":715584.86160847,"YMAX":8513153.59738907},"geometry":{"type":"Polygon","coordinates":[[[-73.0087404943591,-13.442538785583872],[-73.00874795641678,-13.441635094434949],[-73.0096712136219,-13.441642396397063],[-73.00966375501848,-13.442546088054687],[-73.0087404943591,-13.442538785583872]]]}},{"type":"Feature","properties":{"Cell_ID":163,"Area_ha":1.0,"LC":"3:0.138053,5:0.660541,13:0.201406","XMIN":715484.86160847,"YMIN":8512953.59738907,"XMAX":715584.86160847,"YMAX":8513053.59738907},"geometry":{"type":"Polygon","coordinates":[[[-73.0087330317531,-13.443442476663984],[-73.0087404943591,-13.442538785583872],[-73.00966375501848,-13.442546088054687],[-73.00965629586699,-13.443449779643514],[-73.0087330317531,-13.443442476663984]]]}},{"type":"Feature","properties":{"Cell_ID":164,"Area_ha":1.0,"LC":"3:0.455715,5:0.544285","XMIN":715484.86160847,"YMIN":8512853.59738907,"XMAX":715584.86160847,"YMAX":8512953.59738907},"geometry":{"type":"Polygon","coordinates":[[[-73.00872556859875,-13.444346167675274],[-73.0087330317531,-13.443442476663984],[-73.00965629586699,-13.443449779643514],[-73.00964883616741,-13.444353471163517],[-73.00872556859875,-13.444346167675274]]]}},{"type":"Feature","properties":{"Cell_ID":165,"Area_ha":1.0,"LC":"3:0.000415,5:0.999585","XMIN":715484.86160847,"YMIN":8512753.59738907,"XMAX":715584.86160847,"YMAX":8512853.59738907},"geometry":{"type":"Polygon","coordinates":[[[-73.00871810489605,-13.445249858617744],[-73.00872556859875,-13.444346167675274],[-73.00964883616741,-13.444353471163517],[-73.00964137591974,-13.445257162614707],[-73.00871810489605,-13.445249858617744]]]}},{"type":"Feature","properties":{"Cell_ID":166,"Area_ha":1.0,"LC":"5:0.664981,9:0.037927,13:0.297092","XMIN":715484.86160847,"YMIN":8512653.59738907,"XMAX":715584.86160847,"YMAX":8512753.59738907},"geometry":{"type":"Polygon","coordinates":[[[-73.00871064064498,-13.446153549491395],[-73.00871810489605,-13.445249858617744],[-73.00964137591974,-13.445257162614707],[-73.00963391512396,-13.446160853997078],[-73.00871064064498,-13.446153549491395]]]}},{"type":"Feature","properties":{"Cell_ID":167,"Area_ha":1.0,"LC":"5:0.999866,9:0.000134","XMIN":715484.86160847,"YMIN":8512553.59738907,"XMAX":715584.86160847,"YMAX":8512653.59738907},"geometry":{"type":"Polygon","coordinates":[[[-73.00870317584554,-13.44705724029621],[-73.00871064064498,-13.446153549491395],[-73.00963391512396,-13.446160853997078],[-73.00962645378004,-13.447064545310617],[-73.00870317584554,-13.44705724029621]]]}},{"type":"Feature","properties":{"Cell_ID":168,"Area_ha":1.0,"LC":"5:0.359467,13:0.640533","XMIN":715484.86160847,"YMIN":8512453.59738907,"XMAX":715584.86160847,"YMAX":8512553.59738907},"geometry":{"type":"Polygon","coordinates":[[[-73.00869571049772,-13.447960931032192],[-73.00870317584554,-13.44705724029621],[-73.00962645378004,-13.447064545310617],[-73.009618991888,-13.44796823655533],[-73.00869571049772,-13.447960931032192]]]}},{"type":"Feature","properties":{"Cell_ID":169,"Area_ha":1.0,"LC":"13:1.000000","XMIN":715484.86160847,"YMIN":8512353.59738907,"XMAX":715584.86160847,"YMAX":8512453.59738907},"geometry":{"type":"Polygon","coordinates":[[[-73.0086882446015,-13.448864621699336],[-73.00869571049772,-13.447960931032192],[-73.009618991888,-13.44796823655533],[-73.00961152944782,-13.448871927731204],[-73.0086882446015,-13.448864621699336]]]}},{"type":"Feature","properties":{"Cell_ID":170,"Area_ha":1.0,"LC":"5:0.216529,13:0.783471","XMIN":715484.86160847,"YMIN":8512253.59738907,"XMAX":715584.86160847,"YMAX":8512353.59738907},"geometry":{"type":"Polygon","coordinates":[[[-73.00868077815689,-13.449768312297635],[-73.0086882446015,-13.448864621699336],[-73.00961152944782,-13.448871927731204],[-73.0096040664595,-13.449775618838245],[-73.00868077815689,-13.449768312297635]]]}},{"type":"Feature","properties":{"Cell_ID":171,"Area_ha":1.0,"LC":"5:0.601658,9:0.020822,13:0.377520","XMIN":715484.86160847,"YMIN":8512153.59738907,"XMAX":715584.86160847,"YMAX":8512253.59738907},"geometry":{"type":"Polygon","coordinates":[[[-73.00867331116386,-13.45067200282709],[-73.00868077815689,-13.449768312297635],[-73.0096040664595,-13.449775618838245],[-73.00959660292303,-13.450679309876438],[-73.00867331116386,-13.45067200282709]]]}},{"type":"Feature","properties":{"Cell_ID":172,"Area_ha":1.0,"LC":"5:0.600000,9:0.144566,13:0.255434","XMIN":715484.86160847,"YMIN":8512053.59738907,"XMAX":715584.86160847,"YMAX":8512153.59738907},"geometry":{"type":"Polygon","coordinates":[[[-73.00866584362241,-13.451575693287694],[-73.00867331116386,-13.45067200282709],[-73.00959660292303,-13.450679309876438],[-73.00958913883836,-13.451583000845783],[-73.00866584362241,-13.451575693287694]]]}},{"type":"Feature","properties":{"Cell_ID":173,"Area_ha":1.0,"LC":"5:0.442501,9:0.416824,13:0.019164,14:0.121510","XMIN":715484.86160847,"YMIN":8511953.59738907,"XMAX":715584.86160847,"YMAX":8512053.59738907},"geometry":{"type":"Polygon","coordinates":[[[-73.00865837553253,-13.452479383679437],[-73.00866584362241,-13.451575693287694],[-73.00958913883836,-13.451583000845783],[-73.00958167420555,-13.452486691746275],[-73.00865837553253,-13.452479383679437]]]}},{"type":"Feature","properties":{"Cell_ID":174,"Area_ha":1.0,"LC":"5:0.520948,9:0.238757,13:0.056958,14:0.183337","XMIN":715484.86160847,"YMIN":8511853.59738907,"XMAX":715584.86160847,"YMAX":8511953.59738907},"geometry":{"type":"Polygon","coordinates":[[[-73.00865090689419,-13.453383074002325],[-73.00865837553253,-13.452479383679437],[-73.00958167420555,-13.452486691746275],[-73.00957420902452,-13.453390382577911],[-73.00865090689419,-13.453383074002325]]]}},{"type":"Feature","properties":{"Cell_ID":175,"Area_ha":1.0,"LC":"5:0.999866,13:0.000134","XMIN":715484.86160847,"YMIN":8511753.59738907,"XMAX":715584.86160847,"YMAX":8511853.59738907},"geometry":{"type":"Polygon","coordinates":[[[-73.00864343770743,-13.454286764256345],[-73.00865090689419,-13.453383074002325],[-73.00957420902452,-13.453390382577911],[-73.00956674329531,-13.454294073340689],[-73.00864343770743,-13.454286764256345]]]}},{"type":"Feature","properties":{"Cell_ID":176,"Area_ha":1.0,"LC":"5:0.817520,6:0.182480","XMIN":715484.86160847,"YMIN":8511653.59738907,"XMAX":715584.86160847,"YMAX":8511753.59738907},"geometry":{"type":"Polygon","coordinates":[[[-73.00863596797218,-13.455190454441498],[-73.00864343770743,-13.454286764256345],[-73.00956674329531,-13.454294073340689],[-73.00955927701789,-13.4551977640346],[-73.00863596797218,-13.455190454441498]]]}},{"type":"Feature","properties":{"Cell_ID":177,"Area_ha":1.0,"LC":"5:0.939031,6:0.060969","XMIN":715484.86160847,"YMIN":8511553.59738907,"XMAX":715584.86160847,"YMAX":8511653.59738907},"geometry":{"type":"Polygon","coordinates":[[[-73.00862849768849,-13.456094144557778],[-73.00863596797218,-13.455190454441498],[-73.00955927701789,-13.4551977640346],[-73.00955181019225,-13.456101454659638],[-73.00862849768849,-13.456094144557778]]]}},{"type":"Feature","properties":{"Cell_ID":178,"Area_ha":1.0,"LC":"3:0.182480,5:0.537507,6:0.180983,9:0.099031","XMIN":715484.86160847,"YMIN":8511453.59738907,"XMAX":715584.86160847,"YMAX":8511553.59738907},"geometry":{"type":"Polygon","coordinates":[[[-73.00862102685629,-13.456997834605177],[-73.00862849768849,-13.456094144557778],[-73.00955181019225,-13.456101454659638],[-73.00954434281839,-13.457005145215808],[-73.00862102685629,-13.456997834605177]]]}},{"type":"Feature","properties":{"Cell_ID":179,"Area_ha":1.0,"LC":"3:0.224847,5:0.517646,6:0.257507","XMIN":715484.86160847,"YMIN":8511353.59738907,"XMAX":715584.86160847,"YMAX":8511453.59738907},"geometry":{"type":"Polygon","coordinates":[[[-73.00861355547562,-13.457901524583695],[-73.00862102685629,-13.456997834605177],[-73.00954434281839,-13.457005145215808],[-73.0095368748963,-13.457908835703096],[-73.00861355547562,-13.457901524583695]]]}},{"type":"Feature","properties":{"Cell_ID":180,"Area_ha":1.0,"LC":"3:0.404025,5:0.298069,6:0.297906","XMIN":715484.86160847,"YMIN":8511253.59738907,"XMAX":715584.86160847,"YMAX":8511353.59738907},"geometry":{"type":"Polygon","coordinates":[[[-73.00860608354644,-13.458805214493331],[-73.00861355547562,-13.457901524583695],[-73.0095368748963,-13.457908835703096],[-73.00952940642594,-13.458812526121502],[-73.00860608354644,-13.458805214493331]]]}},{"type":"Feature","properties":{"Cell_ID":181,"Area_ha":1.0,"LC":"3:0.355988,5:0.341917,6:0.302094","XMIN":715484.86160847,"YMIN":8511153.59738907,"XMAX":715584.86160847,"YMAX":8511253.59738907},"geometry":{"type":"Polygon","coordinates":[[[-73.00859861106873,-13.459708904334072],[-73.00860608354644,-13.458805214493331],[-73.00952940642594,-13.458812526121502],[-73.00952193740734,-13.45971621647102],[-73.00859861106873,-13.459708904334072]]]}},{"type":"Feature","properties":{"Cell_ID":182,"Area_ha":1.0,"LC":"3:0.175434,5:0.824566","XMIN":715484.86160847,"YMIN":8511053.59738907,"XMAX":715584.86160847,"YMAX":8511153.59738907},"geometry":{"type":"Polygon","coordinates":[[[-73.00859113804253,-13.46061259410592],[-73.00859861106873,-13.459708904334072],[-73.00952193740734,-13.45971621647102],[-73.00951446784048,-13.460619906751647],[-73.00859113804253,-13.46061259410592]]]}},{"type":"Feature","properties":{"Cell_ID":183,"Area_ha":1.0,"LC":"3:0.038195,5:0.961805","XMIN":715484.86160847,"YMIN":8510953.59738907,"XMAX":715584.86160847,"YMAX":8511053.59738907},"geometry":{"type":"Polygon","coordinates":[[[-73.0085836644678,-13.461516283808868],[-73.00859113804253,-13.46061259410592],[-73.00951446784048,-13.460619906751647],[-73.00950699772531,-13.461523596963378],[-73.0085836644678,-13.461516283808868]]]}},{"type":"Feature","properties":{"Cell_ID":184,"Area_ha":1.0,"LC":"5:0.579446,9:0.420554","XMIN":715484.86160847,"YMIN":8510853.59738907,"XMAX":715584.86160847,"YMAX":8510953.59738907},"geometry":{"type":"Polygon","coordinates":[[[-73.00857619034451,-13.462419973442914],[-73.0085836644678,-13.461516283808868],[-73.00950699772531,-13.461523596963378],[-73.00949952706189,-13.462427287106214],[-73.00857619034451,-13.462419973442914]]]}},{"type":"Feature","properties":{"Cell_ID":185,"Area_ha":1.0,"LC":"5:0.697105,9:0.302895","XMIN":715484.86160847,"YMIN":8510753.59738907,"XMAX":715584.86160847,"YMAX":8510853.59738907},"geometry":{"type":"Polygon","coordinates":[[[-73.0085687156727,-13.463323663008048],[-73.00857619034451,-13.462419973442914],[-73.00949952706189,-13.462427287106214],[-73.00949205585016,-13.463330977180137],[-73.0085687156727,-13.463323663008048]]]}},{"type":"Feature","properties":{"Cell_ID":186,"Area_ha":1.0,"LC":"5:0.558623,9:0.420554,13:0.020822","XMIN":715484.86160847,"YMIN":8510653.59738907,"XMAX":715584.86160847,"YMAX":8510753.59738907},"geometry":{"type":"Polygon","coordinates":[[[-73.0085612404523,-13.464227352504274],[-73.0085687156727,-13.463323663008048],[-73.00949205585016,-13.463330977180137],[-73.00948458409012,-13.46423466718516],[-73.0085612404523,-13.464227352504274]]]}},{"type":"Feature","properties":{"Cell_ID":187,"Area_ha":1.0,"LC":"5:0.000415,9:0.657373,13:0.342212","XMIN":715484.86160847,"YMIN":8510553.59738907,"XMAX":715584.86160847,"YMAX":8510653.59738907},"geometry":{"type":"Polygon","coordinates":[[[-73.00855376468336,-13.465131041931583],[-73.0085612404523,-13.464227352504274],[-73.00948458409012,-13.46423466718516],[-73.00947711178178,-13.465138357121265],[-73.00855376468336,-13.465131041931583]]]}},{"type":"Feature","properties":{"Cell_ID":188,"Area_ha":1.0,"LC":"5:0.340260,9:0.335019,13:0.324722","XMIN":715484.86160847,"YMIN":8510453.59738907,"XMAX":715584.86160847,"YMAX":8510553.59738907},"geometry":{"type":"Polygon","coordinates":[[[-73.0085462883658,-13.46603473128997],[-73.00855376468336,-13.465131041931583],[-73.00947711178178,-13.465138357121265],[-73.0094696389251,-13.466042046988454],[-73.0085462883658,-13.46603473128997]]]}},{"type":"Feature","properties":{"Cell_ID":189,"Area_ha":1.0,"LC":"5:0.875573,6:0.083730,9:0.040696","XMIN":715484.86160847,"YMIN":8510353.59738907,"XMAX":715584.86160847,"YMAX":8510453.59738907},"geometry":{"type":"Polygon","coordinates":[[[-73.00853881149968,-13.466938420579432],[-73.0085462883658,-13.46603473128997],[-73.0094696389251,-13.466042046988454],[-73.00946216552009,-13.466945736786721],[-73.00853881149968,-13.466938420579432]]]}},{"type":"Feature","properties":{"Cell_ID":190,"Area_ha":1.0,"LC":"7:0.136677,9:0.863323","XMIN":715584.86160847,"YMIN":8514053.59738907,"XMAX":715684.86160847,"YMAX":8514153.59738907},"geometry":{"type":"Polygon","coordinates":[[[-73.0078918646825,-13.433494570235839],[-73.00789932470911,-13.432590878907936],[-73.00882254683732,-13.432598179161982],[-73.00881509026244,-13.43350187099879],[-73.0078918646825,-13.433494570235839]]]}},{"type":"Feature","properties":{"Cell_ID":191,"Area_ha":1.0,"LC":"3:0.258039,5:0.039719,7:0.379446,9:0.322796","XMIN":715584.86160847,"YMIN":8513953.59738907,"XMAX":715684.86160847,"YMAX":8514053.59738907},"geometry":{"type":"Polygon","coordinates":[[[-73.00788440410743,-13.43439826149497],[-73.0078918646825,-13.433494570235839],[-73.00881509026244,-13.43350187099879],[-73.00880763313934,-13.434405562766832],[-73.00788440410743,-13.43439826149497]]]}},{"type":"Feature","properties":{"Cell_ID":192,"Area_ha":1.0,"LC":"3:0.000991,5:0.719156,9:0.095153,14:0.184700","XMIN":715584.86160847,"YMIN":8513853.59738907,"XMAX":715684.86160847,"YMAX":8513953.59738907},"geometry":{"type":"Polygon","coordinates":[[[-73.00787694298386,-13.435301952685327],[-73.00788440410743,-13.43439826149497],[-73.00880763313934,-13.434405562766832],[-73.00880017546797,-13.435309254466098],[-73.00787694298386,-13.435301952685327]]]}},{"type":"Feature","properties":{"Cell_ID":193,"Area_ha":1.0,"LC":"5:0.281125,9:0.581770,13:0.095019,14:0.042086","XMIN":715584.86160847,"YMIN":8513753.59738907,"XMAX":715684.86160847,"YMAX":8513853.59738907},"geometry":{"type":"Polygon","coordinates":[[[-73.00786948131176,-13.436205643806897],[-73.00787694298386,-13.435301952685327],[-73.00880017546797,-13.435309254466098],[-73.00879271724837,-13.436212946096589],[-73.00786948131176,-13.436205643806897]]]}},{"type":"Feature","properties":{"Cell_ID":194,"Area_ha":1.0,"LC":"9:0.503900,13:0.496100","XMIN":715584.86160847,"YMIN":8513653.59738907,"XMAX":715684.86160847,"YMAX":8513753.59738907},"geometry":{"type":"Polygon","coordinates":[[[-73.00786201909116,-13.437109334859684],[-73.00786948131176,-13.436205643806897],[-73.00879271724837,-13.436212946096589],[-73.00878525848049,-13.437116637658296],[-73.00786201909116,-13.437109334859684]]]}},{"type":"Feature","properties":{"Cell_ID":195,"Area_ha":1.0,"LC":"9:0.000281,13:0.999719","XMIN":715584.86160847,"YMIN":8513553.59738907,"XMAX":715684.86160847,"YMAX":8513653.59738907},"geometry":{"type":"Polygon","coordinates":[[[-73.00785455632202,-13.438013025843683],[-73.00786201909116,-13.437109334859684],[-73.00878525848049,-13.437116637658296],[-73.00877779916433,-13.438020329151218],[-73.00785455632202,-13.438013025843683]]]}},{"type":"Feature","properties":{"Cell_ID":196,"Area_ha":1.0,"LC":"13:1.000000","XMIN":715584.86160847,"YMIN":8513453.59738907,"XMAX":715684.86160847,"YMAX":8513553.59738907},"geometry":{"type":"Polygon","coordinates":[[[-73.00784709300434,-13.438916716758882],[-73.00785455632202,-13.438013025843683],[-73.00877779916433,-13.438020329151218],[-73.0087703392999,-13.438924020575346],[-73.00784709300434,-13.438916716758882]]]}},{"type":"Feature","properties":{"Cell_ID":197,"Area_ha":1.0,"LC":"13:1.000000","XMIN":715584.86160847,"YMIN":8513353.59738907,"XMAX":715684.86160847,"YMAX":8513453.59738907},"geometry":{"type":"Polygon","coordinates":[[[-73.00783962913812,-13.439820407605286],[-73.00784709300434,-13.438916716758882],[-73.0087703392999,-13.438924020575346],[-73.00876287888717,-13.43982771193068],[-73.00783962913812,-13.439820407605286]]]}},{"type":"Feature","properties":{"Cell_ID":198,"Area_ha":1.0,"LC":"5:0.060541,13:0.939459","XMIN":715584.86160847,"YMIN":8513253.59738907,"XMAX":715684.86160847,"YMAX":8513353.59738907},"geometry":{"type":"Polygon","coordinates":[[[-73.00783216472335,-13.440724098382885],[-73.00783962913812,-13.439820407605286],[-73.00876287888717,-13.43982771193068],[-73.00875541792614,-13.440731403217216],[-73.00783216472335,-13.440724098382885]]]}},{"type":"Feature","properties":{"Cell_ID":199,"Area_ha":1.0,"LC":"5:0.105129,13:0.894871","XMIN":715584.86160847,"YMIN":8513153.59738907,"XMAX":715684.86160847,"YMAX":8513253.59738907},"geometry":{"type":"Polygon","coordinates":[[[-73.00782469976,-13.44162778909168],[-73.00783216472335,-13.440724098382885],[-73.00875541792614,-13.440731403217216],[-73.00874795641678,-13.441635094434949],[-73.00782469976,-13.44162778909168]]]}},{"type":"Feature","properties":{"Cell_ID":200,"Area_ha":1.0,"LC":"5:0.363182,13:0.636818","XMIN":715584.86160847,"YMIN":8513053.59738907,"XMAX":715684.86160847,"YMAX":8513153.59738907},"geometry":{"type":"Polygon","coordinates":[[[-73.00781723424807,-13.442531479731658],[-73.00782469976,-13.44162778909168],[-73.00874795641678,-13.441635094434949],[-73.0087404943591,-13.442538785583872],[-73.00781723424807,-13.442531479731658]]]}},{"type":"Feature","properties":{"Cell_ID":201,"Area_ha":1.0,"LC":"5:0.877927,6:0.060541,13:0.061532","XMIN":715584.86160847,"YMIN":8512953.59738907,"XMAX":715684.86160847,"YMAX":8513053.59738907},"geometry":{"type":"Polygon","coordinates":[[[-73.00780976818756,-13.443435170302823],[-73.00781723424807,-13.442531479731658],[-73.0087404943591,-13.442538785583872],[-73.0087330317531,-13.443442476663984],[-73.00780976818756,-13.443435170302823]]]}},{"type":"Feature","properties":{"Cell_ID":202,"Area_ha":1.0,"LC":"5:0.516256,6:0.483744","XMIN":715584.86160847,"YMIN":8512853.59738907,"XMAX":715684.86160847,"YMAX":8512953.59738907},"geometry":{"type":"Polygon","coordinates":[[[-73.00780230157844,-13.44433886080517],[-73.00780976818756,-13.443435170302823],[-73.0087330317531,-13.443442476663984],[-73.00872556859875,-13.444346167675274],[-73.00780230157844,-13.44433886080517]]]}},{"type":"Feature","properties":{"Cell_ID":203,"Area_ha":1.0,"LC":"5:0.535019,6:0.200562,9:0.222627,13:0.041792","XMIN":715584.86160847,"YMIN":8512753.59738907,"XMAX":715684.86160847,"YMAX":8512853.59738907},"geometry":{"type":"Polygon","coordinates":[[[-73.00779483442072,-13.445242551238687],[-73.00780230157844,-13.44433886080517],[-73.00872556859875,-13.444346167675274],[-73.00871810489605,-13.445249858617744],[-73.00779483442072,-13.445242551238687]]]}},{"type":"Feature","properties":{"Cell_ID":204,"Area_ha":1.0,"LC":"5:0.575434,9:0.382480,13:0.042086","XMIN":715584.86160847,"YMIN":8512653.59738907,"XMAX":715684.86160847,"YMAX":8512753.59738907},"geometry":{"type":"Polygon","coordinates":[[[-73.00778736671438,-13.446146241603378],[-73.00779483442072,-13.445242551238687],[-73.00871810489605,-13.445249858617744],[-73.00871064064498,-13.446153549491395],[-73.00778736671438,-13.446146241603378]]]}},{"type":"Feature","properties":{"Cell_ID":205,"Area_ha":1.0,"LC":"5:0.534871,9:0.402368,13:0.062761","XMIN":715584.86160847,"YMIN":8512553.59738907,"XMAX":715684.86160847,"YMAX":8512653.59738907},"geometry":{"type":"Polygon","coordinates":[[[-73.00777989845943,-13.447049931899233],[-73.00778736671438,-13.446146241603378],[-73.00871064064498,-13.446153549491395],[-73.00870317584554,-13.44705724029621],[-73.00777989845943,-13.447049931899233]]]}},{"type":"Feature","properties":{"Cell_ID":206,"Area_ha":1.0,"LC":"5:0.000977,9:0.000281,13:0.998741","XMIN":715584.86160847,"YMIN":8512453.59738907,"XMAX":715684.86160847,"YMAX":8512553.59738907},"geometry":{"type":"Polygon","coordinates":[[[-73.00777242965582,-13.447953622126251],[-73.00777989845943,-13.447049931899233],[-73.00870317584554,-13.44705724029621],[-73.00869571049772,-13.447960931032192],[-73.00777242965582,-13.447953622126251]]]}},{"type":"Feature","properties":{"Cell_ID":207,"Area_ha":1.0,"LC":"13:1.000000","XMIN":715584.86160847,"YMIN":8512353.59738907,"XMAX":715684.86160847,"YMAX":8512453.59738907},"geometry":{"type":"Polygon","coordinates":[[[-73.00776496030358,-13.448857312284426],[-73.00777242965582,-13.447953622126251],[-73.00869571049772,-13.447960931032192],[-73.0086882446015,-13.448864621699336],[-73.00776496030358,-13.448857312284426]]]}},{"type":"Feature","properties":{"Cell_ID":208,"Area_ha":1.0,"LC":"13:1.000000","XMIN":715584.86160847,"YMIN":8512253.59738907,"XMAX":715684.86160847,"YMAX":8512353.59738907},"geometry":{"type":"Polygon","coordinates":[[[-73.00775749040268,-13.449761002373755],[-73.00776496030358,-13.448857312284426],[-73.0086882446015,-13.448864621699336],[-73.00868077815689,-13.449768312297635],[-73.00775749040268,-13.449761002373755]]]}},{"type":"Feature","properties":{"Cell_ID":209,"Area_ha":1.0,"LC":"5:0.659978,9:0.018897,13:0.321125","XMIN":715584.86160847,"YMIN":8512153.59738907,"XMAX":715684.86160847,"YMAX":8512253.59738907},"geometry":{"type":"Polygon","coordinates":[[[-73.00775001995312,-13.450664692394234],[-73.00775749040268,-13.449761002373755],[-73.00868077815689,-13.449768312297635],[-73.00867331116386,-13.45067200282709],[-73.00775001995312,-13.450664692394234]]]}},{"type":"Feature","properties":{"Cell_ID":210,"Area_ha":1.0,"LC":"5:0.105691,9:0.095153,13:0.799156","XMIN":715584.86160847,"YMIN":8512053.59738907,"XMAX":715684.86160847,"YMAX":8512153.59738907},"geometry":{"type":"Polygon","coordinates":[[[-73.00774254895488,-13.451568382345856],[-73.00775001995312,-13.450664692394234],[-73.00867331116386,-13.45067200282709],[-73.00866584362241,-13.451575693287694],[-73.00774254895488,-13.451568382345856]]]}},{"type":"Feature","properties":{"Cell_ID":211,"Area_ha":1.0,"LC":"5:0.281939,9:0.559571,13:0.001125,14:0.157365","XMIN":715584.86160847,"YMIN":8511953.59738907,"XMAX":715684.86160847,"YMAX":8512053.59738907},"geometry":{"type":"Polygon","coordinates":[[[-73.00773507740794,-13.452472072228618],[-73.00774254895488,-13.451568382345856],[-73.00866584362241,-13.451575693287694],[-73.00865837553253,-13.452479383679437],[-73.00773507740794,-13.452472072228618]]]}},{"type":"Feature","properties":{"Cell_ID":212,"Area_ha":1.0,"LC":"3:0.760667,5:0.100983,9:0.080562,14:0.057788","XMIN":715584.86160847,"YMIN":8511853.59738907,"XMAX":715684.86160847,"YMAX":8511953.59738907},"geometry":{"type":"Polygon","coordinates":[[[-73.00772760531233,-13.45337576204252],[-73.00773507740794,-13.452472072228618],[-73.00865837553253,-13.452479383679437],[-73.00865090689419,-13.453383074002325],[-73.00772760531233,-13.45337576204252]]]}},{"type":"Feature","properties":{"Cell_ID":213,"Area_ha":1.0,"LC":"3:0.863056,5:0.136944","XMIN":715584.86160847,"YMIN":8511753.59738907,"XMAX":715684.86160847,"YMAX":8511853.59738907},"geometry":{"type":"Polygon","coordinates":[[[-73.007720132668,-13.454279451787547],[-73.00772760531233,-13.45337576204252],[-73.00865090689419,-13.453383074002325],[-73.00864343770743,-13.454286764256345],[-73.007720132668,-13.454279451787547]]]}},{"type":"Feature","properties":{"Cell_ID":214,"Area_ha":1.0,"LC":"3:0.604293,5:0.059312,6:0.336395","XMIN":715584.86160847,"YMIN":8511653.59738907,"XMAX":715684.86160847,"YMAX":8511753.59738907},"geometry":{"type":"Polygon","coordinates":[[[-73.00771265947496,-13.455183141463706],[-73.007720132668,-13.454279451787547],[-73.00864343770743,-13.454286764256345],[-73.00863596797218,-13.455190454441498],[-73.00771265947496,-13.455183141463706]]]}},{"type":"Feature","properties":{"Cell_ID":215,"Area_ha":1.0,"LC":"3:0.141679,5:0.719290,6:0.139031","XMIN":715584.86160847,"YMIN":8511553.59738907,"XMAX":715684.86160847,"YMAX":8511653.59738907},"geometry":{"type":"Polygon","coordinates":[[[-73.00770518573319,-13.456086831070989],[-73.00771265947496,-13.455183141463706],[-73.00863596797218,-13.455190454441498],[-73.00862849768849,-13.456094144557778],[-73.00770518573319,-13.456086831070989]]]}},{"type":"Feature","properties":{"Cell_ID":216,"Area_ha":1.0,"LC":"3:0.296395,5:0.323878,6:0.379727","XMIN":715584.86160847,"YMIN":8511453.59738907,"XMAX":715684.86160847,"YMAX":8511553.59738907},"geometry":{"type":"Polygon","coordinates":[[[-73.00769771144269,-13.45699052060939],[-73.00770518573319,-13.456086831070989],[-73.00862849768849,-13.456094144557778],[-73.00862102685629,-13.456997834605177],[-73.00769771144269,-13.45699052060939]]]}},{"type":"Feature","properties":{"Cell_ID":217,"Area_ha":1.0,"LC":"3:0.999290,5:0.000710","XMIN":715584.86160847,"YMIN":8511353.59738907,"XMAX":715684.86160847,"YMAX":8511453.59738907},"geometry":{"type":"Polygon","coordinates":[[[-73.00769023660344,-13.457894210078903],[-73.00769771144269,-13.45699052060939],[-73.00862102685629,-13.456997834605177],[-73.00861355547562,-13.457901524583695],[-73.00769023660344,-13.457894210078903]]]}},{"type":"Feature","properties":{"Cell_ID":218,"Area_ha":1.0,"LC":"3:0.721406,5:0.060541,6:0.218053","XMIN":715584.86160847,"YMIN":8511253.59738907,"XMAX":715684.86160847,"YMAX":8511353.59738907},"geometry":{"type":"Polygon","coordinates":[[[-73.00768276121543,-13.45879789947953],[-73.00769023660344,-13.457894210078903],[-73.00861355547562,-13.457901524583695],[-73.00860608354644,-13.458805214493331],[-73.00768276121543,-13.45879789947953]]]}},{"type":"Feature","properties":{"Cell_ID":219,"Area_ha":1.0,"LC":"5:0.760962,6:0.239038","XMIN":715584.86160847,"YMIN":8511153.59738907,"XMAX":715684.86160847,"YMAX":8511253.59738907},"geometry":{"type":"Polygon","coordinates":[[[-73.00767528527868,-13.45970158881126],[-73.00768276121543,-13.45879789947953],[-73.00860608354644,-13.458805214493331],[-73.00859861106873,-13.459708904334072],[-73.00767528527868,-13.45970158881126]]]}},{"type":"Feature","properties":{"Cell_ID":220,"Area_ha":1.0,"LC":"5:1.000000","XMIN":715584.86160847,"YMIN":8511053.59738907,"XMAX":715684.86160847,"YMAX":8511153.59738907},"geometry":{"type":"Polygon","coordinates":[[[-73.00766780879313,-13.460605278074091],[-73.00767528527868,-13.45970158881126],[-73.00859861106873,-13.459708904334072],[-73.00859113804253,-13.46061259410592],[-73.00766780879313,-13.460605278074091]]]}},{"type":"Feature","properties":{"Cell_ID":221,"Area_ha":1.0,"LC":"5:1.000000","XMIN":715584.86160847,"YMIN":8510953.59738907,"XMAX":715684.86160847,"YMAX":8511053.59738907},"geometry":{"type":"Polygon","coordinates":[[[-73.00766033175881,-13.461508967268022],[-73.00766780879313,-13.460605278074091],[-73.00859113804253,-13.46061259410592],[-73.0085836644678,-13.461516283808868],[-73.00766033175881,-13.461508967268022]]]}},{"type":"Feature","properties":{"Cell_ID":222,"Area_ha":1.0,"LC":"5:0.601272,9:0.398728","XMIN":715584.86160847,"YMIN":8510853.59738907,"XMAX":715684.86160847,"YMAX":8510953.59738907},"geometry":{"type":"Polygon","coordinates":[[[-73.0076528541757,-13.462412656393044],[-73.00766033175881,-13.461508967268022],[-73.0085836644678,-13.461516283808868],[-73.00857619034451,-13.462419973442914],[-73.0076528541757,-13.462412656393044]]]}},{"type":"Feature","properties":{"Cell_ID":223,"Area_ha":1.0,"LC":"5:0.420112,9:0.579888","XMIN":715584.86160847,"YMIN":8510753.59738907,"XMAX":715684.86160847,"YMAX":8510853.59738907},"geometry":{"type":"Polygon","coordinates":[[[-73.00764537604377,-13.463316345449153],[-73.0076528541757,-13.462412656393044],[-73.00857619034451,-13.462419973442914],[-73.0085687156727,-13.463323663008048],[-73.00764537604377,-13.463316345449153]]]}},{"type":"Feature","properties":{"Cell_ID":224,"Area_ha":1.0,"LC":"5:0.562783,9:0.258883,13:0.178334","XMIN":715584.86160847,"YMIN":8510653.59738907,"XMAX":715684.86160847,"YMAX":8510753.59738907},"geometry":{"type":"Polygon","coordinates":[[[-73.00763789736304,-13.464220034436346],[-73.00764537604377,-13.463316345449153],[-73.0085687156727,-13.463323663008048],[-73.0085612404523,-13.464227352504274],[-73.00763789736304,-13.464220034436346]]]}},{"type":"Feature","properties":{"Cell_ID":225,"Area_ha":1.0,"LC":"5:0.222627,9:0.559585,13:0.217788","XMIN":715584.86160847,"YMIN":8510553.59738907,"XMAX":715684.86160847,"YMAX":8510653.59738907},"geometry":{"type":"Polygon","coordinates":[[[-73.00763041813349,-13.465123723354619],[-73.00763789736304,-13.464220034436346],[-73.0085612404523,-13.464227352504274],[-73.00855376468336,-13.465131041931583],[-73.00763041813349,-13.465123723354619]]]}},{"type":"Feature","properties":{"Cell_ID":226,"Area_ha":1.0,"LC":"5:0.204025,9:0.080977,13:0.714997","XMIN":715584.86160847,"YMIN":8510453.59738907,"XMAX":715684.86160847,"YMAX":8510553.59738907},"geometry":{"type":"Polygon","coordinates":[[[-73.0076229383551,-13.46602741220397],[-73.00763041813349,-13.465123723354619],[-73.00855376468336,-13.465131041931583],[-73.0085462883658,-13.46603473128997],[-73.0076229383551,-13.46602741220397]]]}},{"type":"Feature","properties":{"Cell_ID":227,"Area_ha":1.0,"LC":"5:0.284012,6:0.714863,13:0.001125","XMIN":715584.86160847,"YMIN":8510353.59738907,"XMAX":715684.86160847,"YMAX":8510453.59738907},"geometry":{"type":"Polygon","coordinates":[[[-73.00761545802787,-13.466931100984388],[-73.0076229383551,-13.46602741220397],[-73.0085462883658,-13.46603473128997],[-73.00853881149968,-13.466938420579432],[-73.00761545802787,-13.466931100984388]]]}},{"type":"Feature","properties":{"Cell_ID":228,"Area_ha":1.0,"LC":"3:0.582212,9:0.417788","XMIN":715684.86160847,"YMIN":8513953.59738907,"XMAX":715784.86160847,"YMAX":8514053.59738907},"geometry":{"type":"Polygon","coordinates":[[[-73.00696117562403,-13.434390956843846],[-73.00696863965106,-13.433487266093861],[-73.0078918646825,-13.433494570235839],[-73.00788440410743,-13.43439826149497],[-73.00696117562403,-13.434390956843846]]]}},{"type":"Feature","properties":{"Cell_ID":229,"Area_ha":1.0,"LC":"3:0.243345,13:0.200948,14:0.555707","XMIN":715684.86160847,"YMIN":8513853.59738907,"XMAX":715784.86160847,"YMAX":8513953.59738907},"geometry":{"type":"Polygon","coordinates":[[[-73.00695371104824,-13.435294647525055],[-73.00696117562403,-13.434390956843846],[-73.00788440410743,-13.43439826149497],[-73.00787694298386,-13.435301952685327],[-73.00695371104824,-13.435294647525055]]]}},{"type":"Feature","properties":{"Cell_ID":230,"Area_ha":1.0,"LC":"9:0.358875,13:0.442649,14:0.198476","XMIN":715684.86160847,"YMIN":8513753.59738907,"XMAX":715784.86160847,"YMAX":8513853.59738907},"geometry":{"type":"Polygon","coordinates":[[[-73.00694624592369,-13.436198338137473],[-73.00695371104824,-13.435294647525055],[-73.00787694298386,-13.435301952685327],[-73.00786948131176,-13.436205643806897],[-73.00694624592369,-13.436198338137473]]]}},{"type":"Feature","properties":{"Cell_ID":231,"Area_ha":1.0,"LC":"5:0.383856,9:0.298216,13:0.317927","XMIN":715684.86160847,"YMIN":8513653.59738907,"XMAX":715784.86160847,"YMAX":8513753.59738907},"geometry":{"type":"Polygon","coordinates":[[[-73.00693878025037,-13.437102028681107],[-73.00694624592369,-13.436198338137473],[-73.00786948131176,-13.436205643806897],[-73.00786201909116,-13.437109334859684],[-73.00693878025037,-13.437102028681107]]]}},{"type":"Feature","properties":{"Cell_ID":232,"Area_ha":1.0,"LC":"5:0.744847,13:0.255153","XMIN":715684.86160847,"YMIN":8513553.59738907,"XMAX":715784.86160847,"YMAX":8513653.59738907},"geometry":{"type":"Polygon","coordinates":[[[-73.00693131402824,-13.438005719155942],[-73.00693878025037,-13.437102028681107],[-73.00786201909116,-13.437109334859684],[-73.00785455632202,-13.438013025843683],[-73.00693131402824,-13.438005719155942]]]}},{"type":"Feature","properties":{"Cell_ID":233,"Area_ha":1.0,"LC":"5:0.122783,13:0.877217","XMIN":715684.86160847,"YMIN":8513453.59738907,"XMAX":715784.86160847,"YMAX":8513553.59738907},"geometry":{"type":"Polygon","coordinates":[[[-73.00692384725734,-13.43890940956198],[-73.00693131402824,-13.438005719155942],[-73.00785455632202,-13.438013025843683],[-73.00784709300434,-13.438916716758882],[-73.00692384725734,-13.43890940956198]]]}},{"type":"Feature","properties":{"Cell_ID":234,"Area_ha":1.0,"LC":"5:0.264285,13:0.735715","XMIN":715684.86160847,"YMIN":8513353.59738907,"XMAX":715784.86160847,"YMAX":8513453.59738907},"geometry":{"type":"Polygon","coordinates":[[[-73.00691637993764,-13.439813099899215],[-73.00692384725734,-13.43890940956198],[-73.00784709300434,-13.438916716758882],[-73.00783962913812,-13.439820407605286],[-73.00691637993764,-13.439813099899215]]]}},{"type":"Feature","properties":{"Cell_ID":235,"Area_ha":1.0,"LC":"3:0.041939,5:0.658482,9:0.062761,13:0.236818","XMIN":715684.86160847,"YMIN":8513253.59738907,"XMAX":715784.86160847,"YMAX":8513353.59738907},"geometry":{"type":"Polygon","coordinates":[[[-73.00690891206912,-13.440716790167647],[-73.00691637993764,-13.439813099899215],[-73.00783962913812,-13.439820407605286],[-73.00783216472335,-13.440724098382885],[-73.00690891206912,-13.440716790167647]]]}},{"type":"Feature","properties":{"Cell_ID":236,"Area_ha":1.0,"LC":"5:0.915975,9:0.084025","XMIN":715684.86160847,"YMIN":8513153.59738907,"XMAX":715784.86160847,"YMAX":8513253.59738907},"geometry":{"type":"Polygon","coordinates":[[[-73.00690144365178,-13.441620480367263],[-73.00690891206912,-13.440716790167647],[-73.00783216472335,-13.440724098382885],[-73.00782469976,-13.44162778909168],[-73.00690144365178,-13.441620480367263]]]}},{"type":"Feature","properties":{"Cell_ID":237,"Area_ha":1.0,"LC":"5:0.538498,6:0.102480,9:0.020969,13:0.338053","XMIN":715684.86160847,"YMIN":8513053.59738907,"XMAX":715784.86160847,"YMAX":8513153.59738907},"geometry":{"type":"Polygon","coordinates":[[[-73.00689397468561,-13.442524170498068],[-73.00690144365178,-13.441620480367263],[-73.00782469976,-13.44162778909168],[-73.00781723424807,-13.442531479731658],[-73.00689397468561,-13.442524170498068]]]}},{"type":"Feature","properties":{"Cell_ID":238,"Area_ha":1.0,"LC":"5:0.078061,6:0.642900,13:0.279038","XMIN":715684.86160847,"YMIN":8512953.59738907,"XMAX":715784.86160847,"YMAX":8513053.59738907},"geometry":{"type":"Polygon","coordinates":[[[-73.0068865051706,-13.44342786056005],[-73.00689397468561,-13.442524170498068],[-73.00781723424807,-13.442531479731658],[-73.00780976818756,-13.443435170302823],[-73.0068865051706,-13.44342786056005]]]}},{"type":"Feature","properties":{"Cell_ID":239,"Area_ha":1.0,"LC":"5:0.320533,6:0.679467","XMIN":715684.86160847,"YMIN":8512853.59738907,"XMAX":715784.86160847,"YMAX":8512953.59738907},"geometry":{"type":"Polygon","coordinates":[[[-73.00687903510673,-13.444331550553205],[-73.0068865051706,-13.44342786056005],[-73.00780976818756,-13.443435170302823],[-73.00780230157844,-13.44433886080517],[-73.00687903510673,-13.444331550553205]]]}},{"type":"Feature","properties":{"Cell_ID":240,"Area_ha":1.0,"LC":"5:0.001406,9:0.438061,13:0.560533","XMIN":715684.86160847,"YMIN":8512753.59738907,"XMAX":715784.86160847,"YMAX":8512853.59738907},"geometry":{"type":"Polygon","coordinates":[[[-73.006871564494,-13.445235240477537],[-73.00687903510673,-13.444331550553205],[-73.00780230157844,-13.44433886080517],[-73.00779483442072,-13.445242551238687],[-73.006871564494,-13.445235240477537]]]}},{"type":"Feature","properties":{"Cell_ID":241,"Area_ha":1.0,"LC":"9:0.176677,13:0.823323","XMIN":715684.86160847,"YMIN":8512653.59738907,"XMAX":715784.86160847,"YMAX":8512753.59738907},"geometry":{"type":"Polygon","coordinates":[[[-73.00686409333241,-13.446138930333035],[-73.006871564494,-13.445235240477537],[-73.00779483442072,-13.445242551238687],[-73.00778736671438,-13.446146241603378],[-73.00686409333241,-13.446138930333035]]]}},{"type":"Feature","properties":{"Cell_ID":242,"Area_ha":1.0,"LC":"9:0.038476,13:0.961524","XMIN":715684.86160847,"YMIN":8512553.59738907,"XMAX":715784.86160847,"YMAX":8512653.59738907},"geometry":{"type":"Polygon","coordinates":[[[-73.00685662162195,-13.447042620119692],[-73.00686409333241,-13.446138930333035],[-73.00778736671438,-13.446146241603378],[-73.00777989845943,-13.447049931899233],[-73.00685662162195,-13.447042620119692]]]}},{"type":"Feature","properties":{"Cell_ID":243,"Area_ha":1.0,"LC":"13:1.000000","XMIN":715684.86160847,"YMIN":8512453.59738907,"XMAX":715784.86160847,"YMAX":8512553.59738907},"geometry":{"type":"Polygon","coordinates":[[[-73.00684914936258,-13.44794630983751],[-73.00685662162195,-13.447042620119692],[-73.00777989845943,-13.447049931899233],[-73.00777242965582,-13.447953622126251],[-73.00684914936258,-13.44794630983751]]]}},{"type":"Feature","properties":{"Cell_ID":244,"Area_ha":1.0,"LC":"5:0.119156,13:0.880844","XMIN":715684.86160847,"YMIN":8512353.59738907,"XMAX":715784.86160847,"YMAX":8512453.59738907},"geometry":{"type":"Polygon","coordinates":[[[-73.00684167655433,-13.448849999486484],[-73.00684914936258,-13.44794630983751],[-73.00777242965582,-13.447953622126251],[-73.00776496030358,-13.448857312284426],[-73.00684167655433,-13.448849999486484]]]}},{"type":"Feature","properties":{"Cell_ID":245,"Area_ha":1.0,"LC":"5:0.545544,13:0.454456","XMIN":715684.86160847,"YMIN":8512253.59738907,"XMAX":715784.86160847,"YMAX":8512353.59738907},"geometry":{"type":"Polygon","coordinates":[[[-73.00683420319714,-13.449753689066606],[-73.00684167655433,-13.448849999486484],[-73.00776496030358,-13.448857312284426],[-73.00775749040268,-13.449761002373755],[-73.00683420319714,-13.449753689066606]]]}},{"type":"Feature","properties":{"Cell_ID":246,"Area_ha":1.0,"LC":"5:0.319170,13:0.680830","XMIN":715684.86160847,"YMIN":8512153.59738907,"XMAX":715784.86160847,"YMAX":8512253.59738907},"geometry":{"type":"Polygon","coordinates":[[[-73.00682672929105,-13.450657378577871],[-73.00683420319714,-13.449753689066606],[-73.00775749040268,-13.449761002373755],[-73.00775001995312,-13.450664692394234],[-73.00682672929105,-13.450657378577871]]]}},{"type":"Feature","properties":{"Cell_ID":247,"Area_ha":1.0,"LC":"5:0.576663,13:0.423337","XMIN":715684.86160847,"YMIN":8512053.59738907,"XMAX":715784.86160847,"YMAX":8512153.59738907},"geometry":{"type":"Polygon","coordinates":[[[-73.00681925483603,-13.45156106802028],[-73.00682672929105,-13.450657378577871],[-73.00775001995312,-13.450664692394234],[-73.00774254895488,-13.451568382345856],[-73.00681925483603,-13.45156106802028]]]}},{"type":"Feature","properties":{"Cell_ID":248,"Area_ha":1.0,"LC":"5:0.940969,9:0.059031","XMIN":715684.86160847,"YMIN":8511953.59738907,"XMAX":715784.86160847,"YMAX":8512053.59738907},"geometry":{"type":"Polygon","coordinates":[[[-73.00681177983208,-13.452464757393825],[-73.00681925483603,-13.45156106802028],[-73.00774254895488,-13.451568382345856],[-73.00773507740794,-13.452472072228618],[-73.00681177983208,-13.452464757393825]]]}},{"type":"Feature","properties":{"Cell_ID":249,"Area_ha":1.0,"LC":"3:0.077646,5:0.922354","XMIN":715684.86160847,"YMIN":8511853.59738907,"XMAX":715784.86160847,"YMAX":8511953.59738907},"geometry":{"type":"Polygon","coordinates":[[[-73.00680430427916,-13.453368446698503],[-73.00681177983208,-13.452464757393825],[-73.00773507740794,-13.452472072228618],[-73.00772760531233,-13.45337576204252],[-73.00680430427916,-13.453368446698503]]]}},{"type":"Feature","properties":{"Cell_ID":250,"Area_ha":1.0,"LC":"3:0.297507,5:0.702493","XMIN":715684.86160847,"YMIN":8511753.59738907,"XMAX":715784.86160847,"YMAX":8511853.59738907},"geometry":{"type":"Polygon","coordinates":[[[-73.00679682817729,-13.45427213593431],[-73.00680430427916,-13.453368446698503],[-73.00772760531233,-13.45337576204252],[-73.007720132668,-13.454279451787547],[-73.00679682817729,-13.45427213593431]]]}},{"type":"Feature","properties":{"Cell_ID":251,"Area_ha":1.0,"LC":"3:0.216529,5:0.783471","XMIN":715684.86160847,"YMIN":8511653.59738907,"XMAX":715784.86160847,"YMAX":8511753.59738907},"geometry":{"type":"Polygon","coordinates":[[[-73.00678935152645,-13.455175825101238],[-73.00679682817729,-13.45427213593431],[-73.007720132668,-13.454279451787547],[-73.00771265947496,-13.455183141463706],[-73.00678935152645,-13.455175825101238]]]}},{"type":"Feature","properties":{"Cell_ID":252,"Area_ha":1.0,"LC":"3:0.223471,5:0.776529","XMIN":715684.86160847,"YMIN":8511553.59738907,"XMAX":715784.86160847,"YMAX":8511653.59738907},"geometry":{"type":"Polygon","coordinates":[[[-73.00678187432662,-13.456079514199287],[-73.00678935152645,-13.455175825101238],[-73.00771265947496,-13.455183141463706],[-73.00770518573319,-13.456086831070989],[-73.00678187432662,-13.456079514199287]]]}},{"type":"Feature","properties":{"Cell_ID":253,"Area_ha":1.0,"LC":"3:0.703856,5:0.237113,6:0.059031","XMIN":715684.86160847,"YMIN":8511453.59738907,"XMAX":715784.86160847,"YMAX":8511553.59738907},"geometry":{"type":"Polygon","coordinates":[[[-73.00677439657782,-13.456983203228452],[-73.00678187432662,-13.456079514199287],[-73.00770518573319,-13.456086831070989],[-73.00769771144269,-13.45699052060939],[-73.00677439657782,-13.456983203228452]]]}},{"type":"Feature","properties":{"Cell_ID":254,"Area_ha":1.0,"LC":"3:0.777105,5:0.040415,6:0.182480","XMIN":715684.86160847,"YMIN":8511353.59738907,"XMAX":715784.86160847,"YMAX":8511453.59738907},"geometry":{"type":"Polygon","coordinates":[[[-73.00676691828001,-13.457886892188725],[-73.00677439657782,-13.456983203228452],[-73.00769771144269,-13.45699052060939],[-73.00769023660344,-13.457894210078903],[-73.00676691828001,-13.457886892188725]]]}},{"type":"Feature","properties":{"Cell_ID":255,"Area_ha":1.0,"LC":"3:0.717100,5:0.098334,6:0.184566","XMIN":715684.86160847,"YMIN":8511253.59738907,"XMAX":715784.86160847,"YMAX":8511353.59738907},"geometry":{"type":"Polygon","coordinates":[[[-73.00675943943321,-13.458790581080105],[-73.00676691828001,-13.457886892188725],[-73.00769023660344,-13.457894210078903],[-73.00768276121543,-13.45879789947953],[-73.00675943943321,-13.458790581080105]]]}},{"type":"Feature","properties":{"Cell_ID":256,"Area_ha":1.0,"LC":"5:0.938321,6:0.061679","XMIN":715684.86160847,"YMIN":8511153.59738907,"XMAX":715784.86160847,"YMAX":8511253.59738907},"geometry":{"type":"Polygon","coordinates":[[[-73.00675196003738,-13.459694269902585],[-73.00675943943321,-13.458790581080105],[-73.00768276121543,-13.45879789947953],[-73.00767528527868,-13.45970158881126],[-73.00675196003738,-13.459694269902585]]]}},{"type":"Feature","properties":{"Cell_ID":257,"Area_ha":1.0,"LC":"5:1.000000","XMIN":715684.86160847,"YMIN":8511053.59738907,"XMAX":715784.86160847,"YMAX":8511153.59738907},"geometry":{"type":"Polygon","coordinates":[[[-73.00674448009252,-13.460597958656168],[-73.00675196003738,-13.459694269902585],[-73.00767528527868,-13.45970158881126],[-73.00766780879313,-13.460605278074091],[-73.00674448009252,-13.460597958656168]]]}},{"type":"Feature","properties":{"Cell_ID":258,"Area_ha":1.0,"LC":"5:0.960281,9:0.039719","XMIN":715684.86160847,"YMIN":8510953.59738907,"XMAX":715784.86160847,"YMAX":8511053.59738907},"geometry":{"type":"Polygon","coordinates":[[[-73.00673699959863,-13.46150164734084],[-73.00674448009252,-13.460597958656168],[-73.00766780879313,-13.460605278074091],[-73.00766033175881,-13.461508967268022],[-73.00673699959863,-13.46150164734084]]]}},{"type":"Feature","properties":{"Cell_ID":259,"Area_ha":1.0,"LC":"5:0.642635,9:0.357365","XMIN":715684.86160847,"YMIN":8510853.59738907,"XMAX":715784.86160847,"YMAX":8510953.59738907},"geometry":{"type":"Polygon","coordinates":[[[-73.00672951855569,-13.462405335956605],[-73.00673699959863,-13.46150164734084],[-73.00766033175881,-13.461508967268022],[-73.0076528541757,-13.462412656393044],[-73.00672951855569,-13.462405335956605]]]}},{"type":"Feature","properties":{"Cell_ID":260,"Area_ha":1.0,"LC":"5:0.821931,9:0.178069","XMIN":715684.86160847,"YMIN":8510753.59738907,"XMAX":715784.86160847,"YMAX":8510853.59738907},"geometry":{"type":"Polygon","coordinates":[[[-73.00672203696368,-13.46330902450345],[-73.00672951855569,-13.462405335956605],[-73.0076528541757,-13.462412656393044],[-73.00764537604377,-13.463316345449153],[-73.00672203696368,-13.46330902450345]]]}},{"type":"Feature","properties":{"Cell_ID":261,"Area_ha":1.0,"LC":"5:0.899459,13:0.100541","XMIN":715684.86160847,"YMIN":8510653.59738907,"XMAX":715784.86160847,"YMAX":8510753.59738907},"geometry":{"type":"Polygon","coordinates":[[[-73.00671455482261,-13.46421271298138],[-73.00672203696368,-13.46330902450345],[-73.00764537604377,-13.463316345449153],[-73.00763789736304,-13.464220034436346],[-73.00671455482261,-13.46421271298138]]]}},{"type":"Feature","properties":{"Cell_ID":262,"Area_ha":1.0,"LC":"5:0.277632,9:0.038061,13:0.684307","XMIN":715684.86160847,"YMIN":8510553.59738907,"XMAX":715784.86160847,"YMAX":8510653.59738907},"geometry":{"type":"Polygon","coordinates":[[[-73.00670707213247,-13.465116401390386],[-73.00671455482261,-13.46421271298138],[-73.00763789736304,-13.464220034436346],[-73.00763041813349,-13.465123723354619],[-73.00670707213247,-13.465116401390386]]]}},{"type":"Feature","properties":{"Cell_ID":263,"Area_ha":1.0,"LC":"5:1.000000","XMIN":715684.86160847,"YMIN":8510453.59738907,"XMAX":715784.86160847,"YMAX":8510553.59738907},"geometry":{"type":"Polygon","coordinates":[[[-73.00669958889324,-13.46602008973046],[-73.00670707213247,-13.465116401390386],[-73.00763041813349,-13.465123723354619],[-73.0076229383551,-13.46602741220397],[-73.00669958889324,-13.46602008973046]]]}},{"type":"Feature","properties":{"Cell_ID":264,"Area_ha":1.0,"LC":"5:0.958208,6:0.041792","XMIN":715684.86160847,"YMIN":8510353.59738907,"XMAX":715784.86160847,"YMAX":8510453.59738907},"geometry":{"type":"Polygon","coordinates":[[[-73.00669210510492,-13.466923778001602],[-73.00669958889324,-13.46602008973046],[-73.0076229383551,-13.46602741220397],[-73.00761545802787,-13.466931100984388],[-73.00669210510492,-13.466923778001602]]]}},{"type":"Feature","properties":{"Cell_ID":265,"Area_ha":1.0,"LC":"5:0.502228,6:0.497772","XMIN":715684.86160847,"YMIN":8510253.59738907,"XMAX":715784.86160847,"YMAX":8510353.59738907},"geometry":{"type":"Polygon","coordinates":[[[-73.00668462076747,-13.467827466203806],[-73.00669210510492,-13.466923778001602],[-73.00761545802787,-13.466931100984388],[-73.00760797715179,-13.467834789695877],[-73.00668462076747,-13.467827466203806]]]}},{"type":"Feature","properties":{"Cell_ID":266,"Area_ha":1.0,"LC":"6:1.000000","XMIN":715684.86160847,"YMIN":8510153.59738907,"XMAX":715784.86160847,"YMAX":8510253.59738907},"geometry":{"type":"Polygon","coordinates":[[[-73.00667713588093,-13.468731154337075],[-73.00668462076747,-13.467827466203806],[-73.00760797715179,-13.467834789695877],[-73.00760049572683,-13.468738478338423],[-73.00667713588093,-13.468731154337075]]]}},{"type":"Feature","properties":{"Cell_ID":267,"Area_ha":1.0,"LC":"3:0.999290,5:0.000710","XMIN":715784.86160847,"YMIN":8513953.59738907,"XMAX":715884.86160847,"YMAX":8514053.59738907},"geometry":{"type":"Polygon","coordinates":[[[-73.00603794768939,-13.43438364881347],[-73.00604541516837,-13.433479958572862],[-73.00696863965106,-13.433487266093861],[-73.00696117562403,-13.434390956843846],[-73.00603794768939,-13.43438364881347]]]}},{"type":"Feature","properties":{"Cell_ID":268,"Area_ha":1.0,"LC":"3:0.624167,9:0.278875,13:0.037927,14:0.059031","XMIN":715784.86160847,"YMIN":8513853.59738907,"XMAX":715884.86160847,"YMAX":8513953.59738907},"geometry":{"type":"Polygon","coordinates":[[[-73.00603047966139,-13.435287338985292],[-73.00603794768939,-13.43438364881347],[-73.00696117562403,-13.434390956843846],[-73.00695371104824,-13.435294647525055],[-73.00603047966139,-13.435287338985292]]]}},{"type":"Feature","properties":{"Cell_ID":269,"Area_ha":1.0,"LC":"3:0.000147,5:0.583856,9:0.377801,13:0.038195","XMIN":715784.86160847,"YMIN":8513753.59738907,"XMAX":715884.86160847,"YMAX":8513853.59738907},"geometry":{"type":"Polygon","coordinates":[[[-73.00602301108437,-13.43619102908832],[-73.00603047966139,-13.435287338985292],[-73.00695371104824,-13.435294647525055],[-73.00694624592369,-13.436198338137473],[-73.00602301108437,-13.43619102908832]]]}},{"type":"Feature","properties":{"Cell_ID":270,"Area_ha":1.0,"LC":"3:0.104700,5:0.894885,9:0.000415","XMIN":715784.86160847,"YMIN":8513653.59738907,"XMAX":715884.86160847,"YMAX":8513753.59738907},"geometry":{"type":"Polygon","coordinates":[[[-73.00601554195833,-13.437094719122562],[-73.00602301108437,-13.43619102908832],[-73.00694624592369,-13.436198338137473],[-73.00693878025037,-13.437102028681107],[-73.00601554195833,-13.437094719122562]]]}},{"type":"Feature","properties":{"Cell_ID":271,"Area_ha":1.0,"LC":"3:0.083878,5:0.916122","XMIN":715784.86160847,"YMIN":8513553.59738907,"XMAX":715884.86160847,"YMAX":8513653.59738907},"geometry":{"type":"Polygon","coordinates":[[[-73.00600807228327,-13.437998409088006],[-73.00601554195833,-13.437094719122562],[-73.00693878025037,-13.437102028681107],[-73.00693131402824,-13.438005719155942],[-73.00600807228327,-13.437998409088006]]]}},{"type":"Feature","properties":{"Cell_ID":272,"Area_ha":1.0,"LC":"3:0.224566,5:0.718342,13:0.057092","XMIN":715784.86160847,"YMIN":8513453.59738907,"XMAX":715884.86160847,"YMAX":8513553.59738907},"geometry":{"type":"Polygon","coordinates":[[[-73.00600060205915,-13.438902098984645],[-73.00600807228327,-13.437998409088006],[-73.00693131402824,-13.438005719155942],[-73.00692384725734,-13.43890940956198],[-73.00600060205915,-13.438902098984645]]]}},{"type":"Feature","properties":{"Cell_ID":273,"Area_ha":1.0,"LC":"3:0.784004,5:0.215996","XMIN":715784.86160847,"YMIN":8513353.59738907,"XMAX":715884.86160847,"YMAX":8513453.59738907},"geometry":{"type":"Polygon","coordinates":[[[-73.00599313128596,-13.439805788812478],[-73.00600060205915,-13.438902098984645],[-73.00692384725734,-13.43890940956198],[-73.00691637993764,-13.439813099899215],[-73.00599313128596,-13.439805788812478]]]}},{"type":"Feature","properties":{"Cell_ID":274,"Area_ha":1.0,"LC":"3:0.903190,5:0.000134,9:0.096677","XMIN":715784.86160847,"YMIN":8513253.59738907,"XMAX":715884.86160847,"YMAX":8513353.59738907},"geometry":{"type":"Polygon","coordinates":[[[-73.00598565996371,-13.440709478571502],[-73.00599313128596,-13.439805788812478],[-73.00691637993764,-13.439813099899215],[-73.00690891206912,-13.440716790167647],[-73.00598565996371,-13.440709478571502]]]}},{"type":"Feature","properties":{"Cell_ID":275,"Area_ha":1.0,"LC":"3:0.143471,5:0.018897,9:0.837632","XMIN":715784.86160847,"YMIN":8513153.59738907,"XMAX":715884.86160847,"YMAX":8513253.59738907},"geometry":{"type":"Polygon","coordinates":[[[-73.0059781880924,-13.441613168261709],[-73.00598565996371,-13.440709478571502],[-73.00690891206912,-13.440716790167647],[-73.00690144365178,-13.441620480367263],[-73.0059781880924,-13.441613168261709]]]}},{"type":"Feature","properties":{"Cell_ID":276,"Area_ha":1.0,"LC":"3:0.320429,5:0.323583,6:0.256114,9:0.099874","XMIN":715784.86160847,"YMIN":8513053.59738907,"XMAX":715884.86160847,"YMAX":8513153.59738907},"geometry":{"type":"Polygon","coordinates":[[[-73.00597071567199,-13.4425168578831],[-73.0059781880924,-13.441613168261709],[-73.00690144365178,-13.441620480367263],[-73.00689397468561,-13.442524170498068],[-73.00597071567199,-13.4425168578831]]]}},{"type":"Feature","properties":{"Cell_ID":277,"Area_ha":1.0,"LC":"5:0.504004,6:0.495996","XMIN":715784.86160847,"YMIN":8512953.59738907,"XMAX":715884.86160847,"YMAX":8513053.59738907},"geometry":{"type":"Polygon","coordinates":[[[-73.00596324270249,-13.443420547435666],[-73.00597071567199,-13.4425168578831],[-73.00689397468561,-13.442524170498068],[-73.0068865051706,-13.44342786056005],[-73.00596324270249,-13.443420547435666]]]}},{"type":"Feature","properties":{"Cell_ID":278,"Area_ha":1.0,"LC":"3:0.121229,5:0.580169,6:0.298602","XMIN":715784.86160847,"YMIN":8512853.59738907,"XMAX":715884.86160847,"YMAX":8512953.59738907},"geometry":{"type":"Polygon","coordinates":[[[-73.0059557691839,-13.444324236919401],[-73.00596324270249,-13.443420547435666],[-73.0068865051706,-13.44342786056005],[-73.00687903510673,-13.444331550553205],[-73.0059557691839,-13.444324236919401]]]}},{"type":"Feature","properties":{"Cell_ID":279,"Area_ha":1.0,"LC":"3:0.122649,5:0.141103,6:0.200562,9:0.019031,13:0.516655","XMIN":715784.86160847,"YMIN":8512753.59738907,"XMAX":715884.86160847,"YMAX":8512853.59738907},"geometry":{"type":"Polygon","coordinates":[[[-73.00594829511617,-13.445227926334306],[-73.0059557691839,-13.444324236919401],[-73.00687903510673,-13.444331550553205],[-73.006871564494,-13.445235240477537],[-73.00594829511617,-13.445227926334306]]]}},{"type":"Feature","properties":{"Cell_ID":280,"Area_ha":1.0,"LC":"5:0.243878,13:0.756122","XMIN":715784.86160847,"YMIN":8512653.59738907,"XMAX":715884.86160847,"YMAX":8512753.59738907},"geometry":{"type":"Polygon","coordinates":[[[-73.00594082049933,-13.446131615680377],[-73.00594829511617,-13.445227926334306],[-73.006871564494,-13.445235240477537],[-73.00686409333241,-13.446138930333035],[-73.00594082049933,-13.446131615680377]]]}},{"type":"Feature","properties":{"Cell_ID":281,"Area_ha":1.0,"LC":"5:0.062761,13:0.937239","XMIN":715784.86160847,"YMIN":8512553.59738907,"XMAX":715884.86160847,"YMAX":8512653.59738907},"geometry":{"type":"Polygon","coordinates":[[[-73.00593334533336,-13.447035304957605],[-73.00594082049933,-13.446131615680377],[-73.00686409333241,-13.446138930333035],[-73.00685662162195,-13.447042620119692],[-73.00593334533336,-13.447035304957605]]]}},{"type":"Feature","properties":{"Cell_ID":282,"Area_ha":1.0,"LC":"5:0.000147,13:0.999853","XMIN":715784.86160847,"YMIN":8512453.59738907,"XMAX":715884.86160847,"YMAX":8512553.59738907},"geometry":{"type":"Polygon","coordinates":[[[-73.00592586961824,-13.447938994165986],[-73.00593334533336,-13.447035304957605],[-73.00685662162195,-13.447042620119692],[-73.00684914936258,-13.44794630983751],[-73.00592586961824,-13.447938994165986]]]}},{"type":"Feature","properties":{"Cell_ID":283,"Area_ha":1.0,"LC":"13:1.000000","XMIN":715784.86160847,"YMIN":8512353.59738907,"XMAX":715884.86160847,"YMAX":8512453.59738907},"geometry":{"type":"Polygon","coordinates":[[[-73.00591839335397,-13.448842683305521],[-73.00592586961824,-13.447938994165986],[-73.00684914936258,-13.44794630983751],[-73.00684167655433,-13.448849999486484],[-73.00591839335397,-13.448842683305521]]]}},{"type":"Feature","properties":{"Cell_ID":284,"Area_ha":1.0,"LC":"5:0.534175,13:0.465825","XMIN":715784.86160847,"YMIN":8512253.59738907,"XMAX":715884.86160847,"YMAX":8512353.59738907},"geometry":{"type":"Polygon","coordinates":[[[-73.00591091654053,-13.449746372376197],[-73.00591839335397,-13.448842683305521],[-73.00684167655433,-13.448849999486484],[-73.00683420319714,-13.449753689066606],[-73.00591091654053,-13.449746372376197]]]}},{"type":"Feature","properties":{"Cell_ID":285,"Area_ha":1.0,"LC":"5:0.438891,13:0.561109","XMIN":715784.86160847,"YMIN":8512153.59738907,"XMAX":715884.86160847,"YMAX":8512253.59738907},"geometry":{"type":"Polygon","coordinates":[[[-73.00590343917791,-13.45065006137802],[-73.00591091654053,-13.449746372376197],[-73.00683420319714,-13.449753689066606],[-73.00682672929105,-13.450657378577871],[-73.00590343917791,-13.45065006137802]]]}},{"type":"Feature","properties":{"Cell_ID":286,"Area_ha":1.0,"LC":"5:0.701650,13:0.298350","XMIN":715784.86160847,"YMIN":8512053.59738907,"XMAX":715884.86160847,"YMAX":8512153.59738907},"geometry":{"type":"Polygon","coordinates":[[[-73.00589596126612,-13.451553750310977],[-73.00590343917791,-13.45065006137802],[-73.00682672929105,-13.450657378577871],[-73.00681925483603,-13.45156106802028],[-73.00589596126612,-13.451553750310977]]]}},{"type":"Feature","properties":{"Cell_ID":287,"Area_ha":1.0,"LC":"5:1.000000","XMIN":715784.86160847,"YMIN":8511953.59738907,"XMAX":715884.86160847,"YMAX":8512053.59738907},"geometry":{"type":"Polygon","coordinates":[[[-73.00588848280513,-13.452457439175067],[-73.00589596126612,-13.451553750310977],[-73.00681925483603,-13.45156106802028],[-73.00681177983208,-13.452464757393825],[-73.00588848280513,-13.452457439175067]]]}},{"type":"Feature","properties":{"Cell_ID":288,"Area_ha":1.0,"LC":"5:1.000000","XMIN":715784.86160847,"YMIN":8511853.59738907,"XMAX":715884.86160847,"YMAX":8511953.59738907},"geometry":{"type":"Polygon","coordinates":[[[-73.00588100379495,-13.453361127970288],[-73.00588848280513,-13.452457439175067],[-73.00681177983208,-13.452464757393825],[-73.00680430427916,-13.453368446698503],[-73.00588100379495,-13.453361127970288]]]}},{"type":"Feature","properties":{"Cell_ID":289,"Area_ha":1.0,"LC":"5:1.000000","XMIN":715784.86160847,"YMIN":8511753.59738907,"XMAX":715884.86160847,"YMAX":8511853.59738907},"geometry":{"type":"Polygon","coordinates":[[[-73.00587352423554,-13.454264816696634],[-73.00588100379495,-13.453361127970288],[-73.00680430427916,-13.453368446698503],[-73.00679682817729,-13.45427213593431],[-73.00587352423554,-13.454264816696634]]]}},{"type":"Feature","properties":{"Cell_ID":290,"Area_ha":1.0,"LC":"3:0.138616,5:0.861384","XMIN":715784.86160847,"YMIN":8511653.59738907,"XMAX":715884.86160847,"YMAX":8511753.59738907},"geometry":{"type":"Polygon","coordinates":[[[-73.00586604412692,-13.455168505354097],[-73.00587352423554,-13.454264816696634],[-73.00679682817729,-13.45427213593431],[-73.00678935152645,-13.455175825101238],[-73.00586604412692,-13.455168505354097]]]}},{"type":"Feature","properties":{"Cell_ID":291,"Area_ha":1.0,"LC":"3:0.236537,5:0.763463","XMIN":715784.86160847,"YMIN":8511553.59738907,"XMAX":715884.86160847,"YMAX":8511653.59738907},"geometry":{"type":"Polygon","coordinates":[[[-73.00585856346906,-13.456072193942678],[-73.00586604412692,-13.455168505354097],[-73.00678935152645,-13.455175825101238],[-73.00678187432662,-13.456079514199287],[-73.00585856346906,-13.456072193942678]]]}},{"type":"Feature","properties":{"Cell_ID":292,"Area_ha":1.0,"LC":"3:0.895685,5:0.083345,6:0.020969","XMIN":715784.86160847,"YMIN":8511453.59738907,"XMAX":715884.86160847,"YMAX":8511553.59738907},"geometry":{"type":"Polygon","coordinates":[[[-73.00585108226196,-13.45697588246237],[-73.00585856346906,-13.456072193942678],[-73.00678187432662,-13.456079514199287],[-73.00677439657782,-13.456983203228452],[-73.00585108226196,-13.45697588246237]]]}},{"type":"Feature","properties":{"Cell_ID":293,"Area_ha":1.0,"LC":"3:0.823323,6:0.176677","XMIN":715784.86160847,"YMIN":8511353.59738907,"XMAX":715884.86160847,"YMAX":8511453.59738907},"geometry":{"type":"Polygon","coordinates":[[[-73.00584360050561,-13.45787957091317],[-73.00585108226196,-13.45697588246237],[-73.00677439657782,-13.456983203228452],[-73.00676691828001,-13.457886892188725],[-73.00584360050561,-13.45787957091317]]]}},{"type":"Feature","properties":{"Cell_ID":294,"Area_ha":1.0,"LC":"3:0.421961,6:0.578039","XMIN":715784.86160847,"YMIN":8511253.59738907,"XMAX":715884.86160847,"YMAX":8511353.59738907},"geometry":{"type":"Polygon","coordinates":[[[-73.0058361182,-13.45878325929507],[-73.00584360050561,-13.45787957091317],[-73.00676691828001,-13.457886892188725],[-73.00675943943321,-13.458790581080105],[-73.0058361182,-13.45878325929507]]]}},{"type":"Feature","properties":{"Cell_ID":295,"Area_ha":1.0,"LC":"5:0.275426,6:0.724574","XMIN":715784.86160847,"YMIN":8511153.59738907,"XMAX":715884.86160847,"YMAX":8511253.59738907},"geometry":{"type":"Polygon","coordinates":[[[-73.0058286353451,-13.459686947608068],[-73.0058361182,-13.45878325929507],[-73.00675943943321,-13.458790581080105],[-73.00675196003738,-13.459694269902585],[-73.0058286353451,-13.459686947608068]]]}},{"type":"Feature","properties":{"Cell_ID":296,"Area_ha":1.0,"LC":"5:0.898321,6:0.101679","XMIN":715784.86160847,"YMIN":8511053.59738907,"XMAX":715884.86160847,"YMAX":8511153.59738907},"geometry":{"type":"Polygon","coordinates":[[[-73.00582115194094,-13.460590635852158],[-73.0058286353451,-13.459686947608068],[-73.00675196003738,-13.459694269902585],[-73.00674448009252,-13.460597958656168],[-73.00582115194094,-13.460590635852158]]]}},{"type":"Feature","properties":{"Cell_ID":297,"Area_ha":1.0,"LC":"5:1.000000","XMIN":715784.86160847,"YMIN":8510953.59738907,"XMAX":715884.86160847,"YMAX":8511053.59738907},"geometry":{"type":"Polygon","coordinates":[[[-73.00581366798748,-13.461494324027345],[-73.00582115194094,-13.460590635852158],[-73.00674448009252,-13.460597958656168],[-73.00673699959863,-13.46150164734084],[-73.00581366798748,-13.461494324027345]]]}},{"type":"Feature","properties":{"Cell_ID":298,"Area_ha":1.0,"LC":"5:1.000000","XMIN":715784.86160847,"YMIN":8510853.59738907,"XMAX":715884.86160847,"YMAX":8510953.59738907},"geometry":{"type":"Polygon","coordinates":[[[-73.00580618348472,-13.462398012133615],[-73.00581366798748,-13.461494324027345],[-73.00673699959863,-13.46150164734084],[-73.00672951855569,-13.462405335956605],[-73.00580618348472,-13.462398012133615]]]}},{"type":"Feature","properties":{"Cell_ID":299,"Area_ha":1.0,"LC":"5:1.000000","XMIN":715784.86160847,"YMIN":8510753.59738907,"XMAX":715884.86160847,"YMAX":8510853.59738907},"geometry":{"type":"Polygon","coordinates":[[[-73.00579869843264,-13.463301700170964],[-73.00580618348472,-13.462398012133615],[-73.00672951855569,-13.462405335956605],[-73.00672203696368,-13.46330902450345],[-73.00579869843264,-13.463301700170964]]]}},{"type":"Feature","properties":{"Cell_ID":300,"Area_ha":1.0,"LC":"5:0.901384,13:0.098616","XMIN":715784.86160847,"YMIN":8510653.59738907,"XMAX":715884.86160847,"YMAX":8510753.59738907},"geometry":{"type":"Polygon","coordinates":[[[-73.00579121283126,-13.464205388139392],[-73.00579869843264,-13.463301700170964],[-73.00672203696368,-13.46330902450345],[-73.00671455482261,-13.46421271298138],[-73.00579121283126,-13.464205388139392]]]}},{"type":"Feature","properties":{"Cell_ID":301,"Area_ha":1.0,"LC":"5:0.643463,13:0.356537","XMIN":715784.86160847,"YMIN":8510553.59738907,"XMAX":715884.86160847,"YMAX":8510653.59738907},"geometry":{"type":"Polygon","coordinates":[[[-73.00578372668053,-13.465109076038889],[-73.00579121283126,-13.464205388139392],[-73.00671455482261,-13.46421271298138],[-73.00670707213247,-13.465116401390386],[-73.00578372668053,-13.465109076038889]]]}},{"type":"Feature","properties":{"Cell_ID":302,"Area_ha":1.0,"LC":"5:1.000000","XMIN":715784.86160847,"YMIN":8510453.59738907,"XMAX":715884.86160847,"YMAX":8510553.59738907},"geometry":{"type":"Polygon","coordinates":[[[-73.00577623998048,-13.466012763869454],[-73.00578372668053,-13.465109076038889],[-73.00670707213247,-13.465116401390386],[-73.00669958889324,-13.46602008973046],[-73.00577623998048,-13.466012763869454]]]}},{"type":"Feature","properties":{"Cell_ID":303,"Area_ha":1.0,"LC":"5:0.300437,6:0.599304,7:0.100260","XMIN":715784.86160847,"YMIN":8510353.59738907,"XMAX":715884.86160847,"YMAX":8510453.59738907},"geometry":{"type":"Polygon","coordinates":[[[-73.00576875273106,-13.466916451631088],[-73.00577623998048,-13.466012763869454],[-73.00669958889324,-13.46602008973046],[-73.00669210510492,-13.466923778001602],[-73.00576875273106,-13.466916451631088]]]}},{"type":"Feature","properties":{"Cell_ID":304,"Area_ha":1.0,"LC":"5:0.378749,6:0.498602,7:0.122649","XMIN":715784.86160847,"YMIN":8510253.59738907,"XMAX":715884.86160847,"YMAX":8510353.59738907},"geometry":{"type":"Polygon","coordinates":[[[-73.00576126493229,-13.467820139323775],[-73.00576875273106,-13.466916451631088],[-73.00669210510492,-13.466923778001602],[-73.00668462076747,-13.467827466203806],[-73.00576126493229,-13.467820139323775]]]}},{"type":"Feature","properties":{"Cell_ID":305,"Area_ha":1.0,"LC":"3:0.515131,9:0.180969,13:0.000991,14:0.302908","XMIN":715884.86160847,"YMIN":8513853.59738907,"XMAX":715984.86160847,"YMAX":8513953.59738907},"geometry":{"type":"Polygon","coordinates":[[[-73.00510724882355,-13.435280027066051],[-73.00511472030375,-13.434376337403847],[-73.00603794768939,-13.43438364881347],[-73.00603047966139,-13.435287338985292],[-73.00510724882355,-13.435280027066051]]]}},{"type":"Feature","properties":{"Cell_ID":306,"Area_ha":1.0,"LC":"3:0.205284,5:0.635278,6:0.159438","XMIN":715884.86160847,"YMIN":8513753.59738907,"XMAX":715984.86160847,"YMAX":8513853.59738907},"geometry":{"type":"Polygon","coordinates":[[[-73.0050997767941,-13.436183716659459],[-73.00510724882355,-13.435280027066051],[-73.00603047966139,-13.435287338985292],[-73.00602301108437,-13.43619102908832],[-73.0050997767941,-13.436183716659459]]]}},{"type":"Feature","properties":{"Cell_ID":307,"Area_ha":1.0,"LC":"3:0.134738,5:0.303190,6:0.440562,13:0.121510","XMIN":715884.86160847,"YMIN":8513653.59738907,"XMAX":715984.86160847,"YMAX":8513753.59738907},"geometry":{"type":"Polygon","coordinates":[[[-73.00509230421535,-13.43708740618407],[-73.0050997767941,-13.436183716659459],[-73.00602301108437,-13.43619102908832],[-73.00601554195833,-13.437094719122562],[-73.00509230421535,-13.43708740618407]]]}},{"type":"Feature","properties":{"Cell_ID":308,"Area_ha":1.0,"LC":"3:0.276403,5:0.503190,7:0.039719,9:0.180260,13:0.000429","XMIN":715884.86160847,"YMIN":8513553.59738907,"XMAX":715984.86160847,"YMAX":8513653.59738907},"geometry":{"type":"Polygon","coordinates":[[[-73.00508483108733,-13.437991095639884],[-73.00509230421535,-13.43708740618407],[-73.00601554195833,-13.437094719122562],[-73.00600807228327,-13.437998409088006],[-73.00508483108733,-13.437991095639884]]]}},{"type":"Feature","properties":{"Cell_ID":309,"Area_ha":1.0,"LC":"3:0.095153,5:0.040281,7:0.200000,9:0.322368,13:0.342199","XMIN":715884.86160847,"YMIN":8513453.59738907,"XMAX":715984.86160847,"YMAX":8513553.59738907},"geometry":{"type":"Polygon","coordinates":[[[-73.00507735740999,-13.43889478502689],[-73.00508483108733,-13.437991095639884],[-73.00600807228327,-13.437998409088006],[-73.00600060205915,-13.438902098984645],[-73.00507735740999,-13.43889478502689]]]}},{"type":"Feature","properties":{"Cell_ID":310,"Area_ha":1.0,"LC":"3:0.095153,7:0.200000,9:0.200000,13:0.504847","XMIN":715884.86160847,"YMIN":8513353.59738907,"XMAX":715984.86160847,"YMAX":8513453.59738907},"geometry":{"type":"Polygon","coordinates":[[[-73.00506988318335,-13.439798474345087],[-73.00507735740999,-13.43889478502689],[-73.00600060205915,-13.438902098984645],[-73.00599313128596,-13.439805788812478],[-73.00506988318335,-13.439798474345087]]]}},{"type":"Feature","properties":{"Cell_ID":311,"Area_ha":1.0,"LC":"3:0.174871,7:0.120281,9:0.279719,13:0.425129","XMIN":715884.86160847,"YMIN":8513253.59738907,"XMAX":715984.86160847,"YMAX":8513353.59738907},"geometry":{"type":"Polygon","coordinates":[[[-73.0050624084074,-13.440702163594466],[-73.00506988318335,-13.439798474345087],[-73.00599313128596,-13.439805788812478],[-73.00598565996371,-13.440709478571502],[-73.0050624084074,-13.440702163594466]]]}},{"type":"Feature","properties":{"Cell_ID":312,"Area_ha":1.0,"LC":"3:0.336810,9:0.358342,13:0.304847","XMIN":715884.86160847,"YMIN":8513153.59738907,"XMAX":715984.86160847,"YMAX":8513253.59738907},"geometry":{"type":"Polygon","coordinates":[[[-73.00505493308209,-13.441605852775028],[-73.0050624084074,-13.440702163594466],[-73.00598565996371,-13.440709478571502],[-73.0059781880924,-13.441613168261709],[-73.00505493308209,-13.441605852775028]]]}},{"type":"Feature","properties":{"Cell_ID":313,"Area_ha":1.0,"LC":"3:0.639571,5:0.359719,9:0.000281,13:0.000429","XMIN":715884.86160847,"YMIN":8513053.59738907,"XMAX":715984.86160847,"YMAX":8513153.59738907},"geometry":{"type":"Polygon","coordinates":[[[-73.00504745720748,-13.44250954188677],[-73.00505493308209,-13.441605852775028],[-73.0059781880924,-13.441613168261709],[-73.00597071567199,-13.4425168578831],[-73.00504745720748,-13.44250954188677]]]}},{"type":"Feature","properties":{"Cell_ID":314,"Area_ha":1.0,"LC":"3:0.123064,5:0.876936","XMIN":715884.86160847,"YMIN":8512953.59738907,"XMAX":715984.86160847,"YMAX":8513053.59738907},"geometry":{"type":"Polygon","coordinates":[[[-73.00503998078351,-13.443413230929682],[-73.00504745720748,-13.44250954188677],[-73.00597071567199,-13.4425168578831],[-73.00596324270249,-13.443420547435666],[-73.00503998078351,-13.443413230929682]]]}},{"type":"Feature","properties":{"Cell_ID":315,"Area_ha":1.0,"LC":"3:0.517646,5:0.423323,6:0.059031","XMIN":715884.86160847,"YMIN":8512853.59738907,"XMAX":715984.86160847,"YMAX":8512953.59738907},"geometry":{"type":"Polygon","coordinates":[[[-73.00503250381017,-13.44431691990376],[-73.00503998078351,-13.443413230929682],[-73.00596324270249,-13.443420547435666],[-73.0059557691839,-13.444324236919401],[-73.00503250381017,-13.44431691990376]]]}},{"type":"Feature","properties":{"Cell_ID":316,"Area_ha":1.0,"LC":"3:0.158476,5:0.564440,13:0.277084","XMIN":715884.86160847,"YMIN":8512753.59738907,"XMAX":715984.86160847,"YMAX":8512853.59738907},"geometry":{"type":"Polygon","coordinates":[[[-73.00502502628746,-13.445220608809008],[-73.00503250381017,-13.44431691990376],[-73.0059557691839,-13.444324236919401],[-73.00594829511617,-13.445227926334306],[-73.00502502628746,-13.445220608809008]]]}},{"type":"Feature","properties":{"Cell_ID":317,"Area_ha":1.0,"LC":"5:0.620407,13:0.379593","XMIN":715884.86160847,"YMIN":8512653.59738907,"XMAX":715984.86160847,"YMAX":8512753.59738907},"geometry":{"type":"Polygon","coordinates":[[[-73.00501754821538,-13.446124297645413],[-73.00502502628746,-13.445220608809008],[-73.00594829511617,-13.445227926334306],[-73.00594082049933,-13.446131615680377],[-73.00501754821538,-13.446124297645413]]]}},{"type":"Feature","properties":{"Cell_ID":318,"Area_ha":1.0,"LC":"5:0.297668,9:0.222480,13:0.479853","XMIN":715884.86160847,"YMIN":8512553.59738907,"XMAX":715984.86160847,"YMAX":8512653.59738907},"geometry":{"type":"Polygon","coordinates":[[[-73.00501006959391,-13.447027986412975],[-73.00501754821538,-13.446124297645413],[-73.00594082049933,-13.446131615680377],[-73.00593334533336,-13.447035304957605],[-73.00501006959391,-13.447027986412975]]]}},{"type":"Feature","properties":{"Cell_ID":319,"Area_ha":1.0,"LC":"5:0.000415,9:0.304847,13:0.694738","XMIN":715884.86160847,"YMIN":8512453.59738907,"XMAX":715984.86160847,"YMAX":8512553.59738907},"geometry":{"type":"Polygon","coordinates":[[[-73.00500259042305,-13.447931675111683],[-73.00501006959391,-13.447027986412975],[-73.00593334533336,-13.447035304957605],[-73.00592586961824,-13.447938994165986],[-73.00500259042305,-13.447931675111683]]]}},{"type":"Feature","properties":{"Cell_ID":320,"Area_ha":1.0,"LC":"5:0.123449,9:0.221117,13:0.655434","XMIN":715884.86160847,"YMIN":8512353.59738907,"XMAX":715984.86160847,"YMAX":8512453.59738907},"geometry":{"type":"Polygon","coordinates":[[[-73.00499511070278,-13.448835363741546],[-73.00500259042305,-13.447931675111683],[-73.00592586961824,-13.447938994165986],[-73.00591839335397,-13.448842683305521],[-73.00499511070278,-13.448835363741546]]]}},{"type":"Feature","properties":{"Cell_ID":321,"Area_ha":1.0,"LC":"5:0.263056,9:0.439719,13:0.297225","XMIN":715884.86160847,"YMIN":8512253.59738907,"XMAX":715984.86160847,"YMAX":8512353.59738907},"geometry":{"type":"Polygon","coordinates":[[[-73.00498763043309,-13.449739052302544],[-73.00499511070278,-13.448835363741546],[-73.00591839335397,-13.448842683305521],[-73.00591091654053,-13.449746372376197],[-73.00498763043309,-13.449739052302544]]]}},{"type":"Feature","properties":{"Cell_ID":322,"Area_ha":1.0,"LC":"5:0.418616,9:0.080562,13:0.500822","XMIN":715884.86160847,"YMIN":8512153.59738907,"XMAX":715984.86160847,"YMAX":8512253.59738907},"geometry":{"type":"Polygon","coordinates":[[[-73.00498014961397,-13.450642740794683],[-73.00498763043309,-13.449739052302544],[-73.00591091654053,-13.449746372376197],[-73.00590343917791,-13.45065006137802],[-73.00498014961397,-13.450642740794683]]]}},{"type":"Feature","properties":{"Cell_ID":323,"Area_ha":1.0,"LC":"5:0.495153,13:0.504847","XMIN":715884.86160847,"YMIN":8512053.59738907,"XMAX":715984.86160847,"YMAX":8512153.59738907},"geometry":{"type":"Polygon","coordinates":[[[-73.00497266824541,-13.451546429217958],[-73.00498014961397,-13.450642740794683],[-73.00590343917791,-13.45065006137802],[-73.00589596126612,-13.451553750310977],[-73.00497266824541,-13.451546429217958]]]}},{"type":"Feature","properties":{"Cell_ID":324,"Area_ha":1.0,"LC":"5:0.898321,13:0.101679","XMIN":715884.86160847,"YMIN":8511953.59738907,"XMAX":715984.86160847,"YMAX":8512053.59738907},"geometry":{"type":"Polygon","coordinates":[[[-73.00496518632741,-13.452450117572356],[-73.00497266824541,-13.451546429217958],[-73.00589596126612,-13.451553750310977],[-73.00588848280513,-13.452457439175067],[-73.00496518632741,-13.452450117572356]]]}},{"type":"Feature","properties":{"Cell_ID":325,"Area_ha":1.0,"LC":"3:0.142480,5:0.857520","XMIN":715884.86160847,"YMIN":8511853.59738907,"XMAX":715984.86160847,"YMAX":8511953.59738907},"geometry":{"type":"Polygon","coordinates":[[[-73.00495770385996,-13.453353805857885],[-73.00496518632741,-13.452450117572356],[-73.00588848280513,-13.452457439175067],[-73.00588100379495,-13.453361127970288],[-73.00495770385996,-13.453353805857885]]]}},{"type":"Feature","properties":{"Cell_ID":326,"Area_ha":1.0,"LC":"3:0.000429,5:0.999571","XMIN":715884.86160847,"YMIN":8511753.59738907,"XMAX":715984.86160847,"YMAX":8511853.59738907},"geometry":{"type":"Polygon","coordinates":[[[-73.00495022084301,-13.454257494074533],[-73.00495770385996,-13.453353805857885],[-73.00588100379495,-13.453361127970288],[-73.00587352423554,-13.454264816696634],[-73.00495022084301,-13.454257494074533]]]}},{"type":"Feature","properties":{"Cell_ID":327,"Area_ha":1.0,"LC":"5:1.000000","XMIN":715884.86160847,"YMIN":8511653.59738907,"XMAX":715984.86160847,"YMAX":8511753.59738907},"geometry":{"type":"Polygon","coordinates":[[[-73.00494273727662,-13.455161182222296],[-73.00495022084301,-13.454257494074533],[-73.00587352423554,-13.454264816696634],[-73.00586604412692,-13.455168505354097],[-73.00494273727662,-13.455161182222296]]]}},{"type":"Feature","properties":{"Cell_ID":328,"Area_ha":1.0,"LC":"5:1.000000","XMIN":715884.86160847,"YMIN":8511553.59738907,"XMAX":715984.86160847,"YMAX":8511653.59738907},"geometry":{"type":"Polygon","coordinates":[[[-73.00493525316072,-13.456064870301171],[-73.00494273727662,-13.455161182222296],[-73.00586604412692,-13.455168505354097],[-73.00585856346906,-13.456072193942678],[-73.00493525316072,-13.456064870301171]]]}},{"type":"Feature","properties":{"Cell_ID":329,"Area_ha":1.0,"LC":"3:0.037927,5:0.623886,6:0.338187","XMIN":715884.86160847,"YMIN":8511453.59738907,"XMAX":715984.86160847,"YMAX":8511553.59738907},"geometry":{"type":"Polygon","coordinates":[[[-73.00492776849535,-13.456968558311155],[-73.00493525316072,-13.456064870301171],[-73.00585856346906,-13.456072193942678],[-73.00585108226196,-13.45697588246237],[-73.00492776849535,-13.456968558311155]]]}},{"type":"Feature","properties":{"Cell_ID":330,"Area_ha":1.0,"LC":"3:0.115975,5:0.061398,6:0.822627","XMIN":715884.86160847,"YMIN":8511353.59738907,"XMAX":715984.86160847,"YMAX":8511453.59738907},"geometry":{"type":"Polygon","coordinates":[[[-73.00492028328046,-13.45787224625224],[-73.00492776849535,-13.456968558311155],[-73.00585108226196,-13.45697588246237],[-73.00584360050561,-13.45787957091317],[-73.00492028328046,-13.45787224625224]]]}},{"type":"Feature","properties":{"Cell_ID":331,"Area_ha":1.0,"LC":"3:0.223190,5:0.060541,6:0.716270","XMIN":715884.86160847,"YMIN":8511253.59738907,"XMAX":715984.86160847,"YMAX":8511353.59738907},"geometry":{"type":"Polygon","coordinates":[[[-73.00491279751604,-13.45877593412443],[-73.00492028328046,-13.45787224625224],[-73.00584360050561,-13.45787957091317],[-73.0058361182,-13.45878325929507],[-73.00491279751604,-13.45877593412443]]]}},{"type":"Feature","properties":{"Cell_ID":332,"Area_ha":1.0,"LC":"5:0.624285,6:0.375715","XMIN":715884.86160847,"YMIN":8511153.59738907,"XMAX":715984.86160847,"YMAX":8511253.59738907},"geometry":{"type":"Polygon","coordinates":[[[-73.00490531120212,-13.45967962192771],[-73.00491279751604,-13.45877593412443],[-73.0058361182,-13.45878325929507],[-73.0058286353451,-13.459686947608068],[-73.00490531120212,-13.45967962192771]]]}},{"type":"Feature","properties":{"Cell_ID":333,"Area_ha":1.0,"LC":"5:0.980554,6:0.019446","XMIN":715884.86160847,"YMIN":8511053.59738907,"XMAX":715984.86160847,"YMAX":8511153.59738907},"geometry":{"type":"Polygon","coordinates":[[[-73.00489782433864,-13.460583309662079],[-73.00490531120212,-13.45967962192771],[-73.0058286353451,-13.459686947608068],[-73.00582115194094,-13.460590635852158],[-73.00489782433864,-13.460583309662079]]]}},{"type":"Feature","properties":{"Cell_ID":334,"Area_ha":1.0,"LC":"5:1.000000","XMIN":715884.86160847,"YMIN":8510953.59738907,"XMAX":715984.86160847,"YMAX":8511053.59738907},"geometry":{"type":"Polygon","coordinates":[[[-73.00489033692564,-13.461486997327535],[-73.00489782433864,-13.460583309662079],[-73.00582115194094,-13.460590635852158],[-73.00581366798748,-13.461494324027345],[-73.00489033692564,-13.461486997327535]]]}},{"type":"Feature","properties":{"Cell_ID":335,"Area_ha":1.0,"LC":"5:1.000000","XMIN":715884.86160847,"YMIN":8510853.59738907,"XMAX":715984.86160847,"YMAX":8510953.59738907},"geometry":{"type":"Polygon","coordinates":[[[-73.00488284896308,-13.462390684924078],[-73.00489033692564,-13.461486997327535],[-73.00581366798748,-13.461494324027345],[-73.00580618348472,-13.462398012133615],[-73.00488284896308,-13.462390684924078]]]}},{"type":"Feature","properties":{"Cell_ID":336,"Area_ha":1.0,"LC":"5:1.000000","XMIN":715884.86160847,"YMIN":8510753.59738907,"XMAX":715984.86160847,"YMAX":8510853.59738907},"geometry":{"type":"Polygon","coordinates":[[[-73.00487536045094,-13.46329437245169],[-73.00488284896308,-13.462390684924078],[-73.00580618348472,-13.462398012133615],[-73.00579869843264,-13.463301700170964],[-73.00487536045094,-13.46329437245169]]]}},{"type":"Feature","properties":{"Cell_ID":337,"Area_ha":1.0,"LC":"5:1.000000","XMIN":715884.86160847,"YMIN":8510653.59738907,"XMAX":715984.86160847,"YMAX":8510753.59738907},"geometry":{"type":"Polygon","coordinates":[[[-73.00486787138924,-13.46419805991038],[-73.00487536045094,-13.46329437245169],[-73.00579869843264,-13.463301700170964],[-73.00579121283126,-13.464205388139392],[-73.00486787138924,-13.46419805991038]]]}},{"type":"Feature","properties":{"Cell_ID":338,"Area_ha":1.0,"LC":"5:1.000000","XMIN":715884.86160847,"YMIN":8510553.59738907,"XMAX":715984.86160847,"YMAX":8510653.59738907},"geometry":{"type":"Polygon","coordinates":[[[-73.00486038177795,-13.46510174730014],[-73.00486787138924,-13.46419805991038],[-73.00579121283126,-13.464205388139392],[-73.00578372668053,-13.465109076038889],[-73.00486038177795,-13.46510174730014]]]}},{"type":"Feature","properties":{"Cell_ID":339,"Area_ha":1.0,"LC":"5:0.899740,6:0.039719,7:0.060541","XMIN":715884.86160847,"YMIN":8510453.59738907,"XMAX":715984.86160847,"YMAX":8510553.59738907},"geometry":{"type":"Polygon","coordinates":[[[-73.00485289161705,-13.466005434620962],[-73.00486038177795,-13.46510174730014],[-73.00578372668053,-13.465109076038889],[-73.00577623998048,-13.466012763869454],[-73.00485289161705,-13.466005434620962]]]}},{"type":"Feature","properties":{"Cell_ID":340,"Area_ha":1.0,"LC":"5:0.158757,6:0.739978,7:0.101264","XMIN":715884.86160847,"YMIN":8510353.59738907,"XMAX":715984.86160847,"YMAX":8510453.59738907},"geometry":{"type":"Polygon","coordinates":[[[-73.00484540090656,-13.466909121872845],[-73.00485289161705,-13.466005434620962],[-73.00577623998048,-13.466012763869454],[-73.00576875273106,-13.466916451631088],[-73.00484540090656,-13.466909121872845]]]}},{"type":"Feature","properties":{"Cell_ID":341,"Area_ha":1.0,"LC":"9:0.841925,13:0.158075","XMIN":715984.86160847,"YMIN":8513953.59738907,"XMAX":716084.86160847,"YMAX":8514053.59738907},"geometry":{"type":"Polygon","coordinates":[[[-73.00419149346736,-13.434369022614991],[-73.00419896785021,-13.433465333393851],[-73.00512219123468,-13.433472647672856],[-73.00511472030375,-13.434376337403847],[-73.00419149346736,-13.434369022614991]]]}},{"type":"Feature","properties":{"Cell_ID":342,"Area_ha":1.0,"LC":"3:0.018897,9:0.382242,13:0.000134,14:0.598728","XMIN":715984.86160847,"YMIN":8513853.59738907,"XMAX":716084.86160847,"YMAX":8513953.59738907},"geometry":{"type":"Polygon","coordinates":[[[-73.004184018535,-13.43527271176734],[-73.00419149346736,-13.434369022614991],[-73.00511472030375,-13.434376337403847],[-73.00510724882355,-13.435280027066051],[-73.004184018535,-13.43527271176734]]]}},{"type":"Feature","properties":{"Cell_ID":343,"Area_ha":1.0,"LC":"3:0.497225,5:0.299563,14:0.203211","XMIN":715984.86160847,"YMIN":8513753.59738907,"XMAX":716084.86160847,"YMAX":8513853.59738907},"geometry":{"type":"Polygon","coordinates":[[[-73.00417654305308,-13.436176400850888],[-73.004184018535,-13.43527271176734],[-73.00510724882355,-13.435280027066051],[-73.0050997767941,-13.436183716659459],[-73.00417654305308,-13.436176400850888]]]}},{"type":"Feature","properties":{"Cell_ID":344,"Area_ha":1.0,"LC":"5:0.398905,13:0.601095","XMIN":715984.86160847,"YMIN":8513653.59738907,"XMAX":716084.86160847,"YMAX":8513753.59738907},"geometry":{"type":"Polygon","coordinates":[[[-73.00416906702165,-13.43708008986564],[-73.00417654305308,-13.436176400850888],[-73.0050997767941,-13.436183716659459],[-73.00509230421535,-13.43708740618407],[-73.00416906702165,-13.43708008986564]]]}},{"type":"Feature","properties":{"Cell_ID":345,"Area_ha":1.0,"LC":"5:0.859031,9:0.119156,13:0.021813","XMIN":715984.86160847,"YMIN":8513553.59738907,"XMAX":716084.86160847,"YMAX":8513653.59738907},"geometry":{"type":"Polygon","coordinates":[[[-73.00416159044069,-13.437983778811583],[-73.00416906702165,-13.43708008986564],[-73.00509230421535,-13.43708740618407],[-73.00508483108733,-13.437991095639884],[-73.00416159044069,-13.437983778811583]]]}},{"type":"Feature","properties":{"Cell_ID":346,"Area_ha":1.0,"LC":"5:0.000562,9:0.902761,13:0.096677","XMIN":715984.86160847,"YMIN":8513453.59738907,"XMAX":716084.86160847,"YMAX":8513553.59738907},"geometry":{"type":"Polygon","coordinates":[[[-73.00415411331015,-13.43888746768872],[-73.00416159044069,-13.437983778811583],[-73.00508483108733,-13.437991095639884],[-73.00507735740999,-13.43889478502689],[-73.00415411331015,-13.43888746768872]]]}},{"type":"Feature","properties":{"Cell_ID":347,"Area_ha":1.0,"LC":"9:0.585410,13:0.414590","XMIN":715984.86160847,"YMIN":8513353.59738907,"XMAX":716084.86160847,"YMAX":8513453.59738907},"geometry":{"type":"Polygon","coordinates":[[[-73.00414663563005,-13.43979115649704],[-73.00415411331015,-13.43888746768872],[-73.00507735740999,-13.43889478502689],[-73.00506988318335,-13.439798474345087],[-73.00414663563005,-13.43979115649704]]]}},{"type":"Feature","properties":{"Cell_ID":348,"Area_ha":1.0,"LC":"9:0.040429,13:0.959571","XMIN":715984.86160847,"YMIN":8513253.59738907,"XMAX":716084.86160847,"YMAX":8513353.59738907},"geometry":{"type":"Polygon","coordinates":[[[-73.00413915740039,-13.440694845236546],[-73.00414663563005,-13.43979115649704],[-73.00506988318335,-13.439798474345087],[-73.0050624084074,-13.440702163594466],[-73.00413915740039,-13.440694845236546]]]}},{"type":"Feature","properties":{"Cell_ID":349,"Area_ha":1.0,"LC":"9:0.079719,13:0.920281","XMIN":715984.86160847,"YMIN":8513153.59738907,"XMAX":716084.86160847,"YMAX":8513253.59738907},"geometry":{"type":"Polygon","coordinates":[[[-73.00413167862115,-13.441598533907229],[-73.00413915740039,-13.440694845236546],[-73.0050624084074,-13.440702163594466],[-73.00505493308209,-13.441605852775028],[-73.00413167862115,-13.441598533907229]]]}},{"type":"Feature","properties":{"Cell_ID":350,"Area_ha":1.0,"LC":"5:0.256529,9:0.540407,13:0.203064","XMIN":715984.86160847,"YMIN":8513053.59738907,"XMAX":716084.86160847,"YMAX":8513153.59738907},"geometry":{"type":"Polygon","coordinates":[[[-73.0041241992923,-13.442502222509086],[-73.00413167862115,-13.441598533907229],[-73.00505493308209,-13.441605852775028],[-73.00504745720748,-13.44250954188677],[-73.0041241992923,-13.442502222509086]]]}},{"type":"Feature","properties":{"Cell_ID":351,"Area_ha":1.0,"LC":"3:0.038061,5:0.961095,9:0.000844","XMIN":715984.86160847,"YMIN":8512953.59738907,"XMAX":716084.86160847,"YMAX":8513053.59738907},"geometry":{"type":"Polygon","coordinates":[[[-73.00411671941387,-13.44340591104211],[-73.0041241992923,-13.442502222509086],[-73.00504745720748,-13.44250954188677],[-73.00503998078351,-13.443413230929682],[-73.00411671941387,-13.44340591104211]]]}},{"type":"Feature","properties":{"Cell_ID":352,"Area_ha":1.0,"LC":"5:0.236403,9:0.763597","XMIN":715984.86160847,"YMIN":8512853.59738907,"XMAX":716084.86160847,"YMAX":8512953.59738907},"geometry":{"type":"Polygon","coordinates":[[[-73.0041092389858,-13.444309599506298],[-73.00411671941387,-13.44340591104211],[-73.00503998078351,-13.443413230929682],[-73.00503250381017,-13.44431691990376],[-73.0041092389858,-13.444309599506298]]]}},{"type":"Feature","properties":{"Cell_ID":353,"Area_ha":1.0,"LC":"5:0.999719,9:0.000281","XMIN":715984.86160847,"YMIN":8512753.59738907,"XMAX":716084.86160847,"YMAX":8512853.59738907},"geometry":{"type":"Polygon","coordinates":[[[-73.00410175800813,-13.445213287901646],[-73.0041092389858,-13.444309599506298],[-73.00503250381017,-13.44431691990376],[-73.00502502628746,-13.445220608809008],[-73.00410175800813,-13.445213287901646]]]}},{"type":"Feature","properties":{"Cell_ID":354,"Area_ha":1.0,"LC":"5:1.000000","XMIN":715984.86160847,"YMIN":8512653.59738907,"XMAX":716084.86160847,"YMAX":8512753.59738907},"geometry":{"type":"Polygon","coordinates":[[[-73.00409427648081,-13.446116976228154],[-73.00410175800813,-13.445213287901646],[-73.00502502628746,-13.445220608809008],[-73.00501754821538,-13.446124297645413],[-73.00409427648081,-13.446116976228154]]]}},{"type":"Feature","properties":{"Cell_ID":355,"Area_ha":1.0,"LC":"5:0.480844,9:0.439156,13:0.080000","XMIN":715984.86160847,"YMIN":8512553.59738907,"XMAX":716084.86160847,"YMAX":8512653.59738907},"geometry":{"type":"Polygon","coordinates":[[[-73.00408679440388,-13.447020664485812],[-73.00409427648081,-13.446116976228154],[-73.00501754821538,-13.446124297645413],[-73.00501006959391,-13.447027986412975],[-73.00408679440388,-13.447020664485812]]]}},{"type":"Feature","properties":{"Cell_ID":356,"Area_ha":1.0,"LC":"5:0.440000,9:0.560000","XMIN":715984.86160847,"YMIN":8512453.59738907,"XMAX":716084.86160847,"YMAX":8512553.59738907},"geometry":{"type":"Polygon","coordinates":[[[-73.00407931177726,-13.447924352674617],[-73.00408679440388,-13.447020664485812],[-73.00501006959391,-13.447027986412975],[-73.00500259042305,-13.447931675111683],[-73.00407931177726,-13.447924352674617]]]}},{"type":"Feature","properties":{"Cell_ID":357,"Area_ha":1.0,"LC":"5:0.356270,9:0.423752,13:0.219978","XMIN":715984.86160847,"YMIN":8512353.59738907,"XMAX":716084.86160847,"YMAX":8512453.59738907},"geometry":{"type":"Polygon","coordinates":[[[-73.004071828601,-13.448828040794563],[-73.00407931177726,-13.447924352674617],[-73.00500259042305,-13.447931675111683],[-73.00499511070278,-13.448835363741546],[-73.004071828601,-13.448828040794563]]]}},{"type":"Feature","properties":{"Cell_ID":358,"Area_ha":1.0,"LC":"5:0.137507,13:0.862493","XMIN":715984.86160847,"YMIN":8512253.59738907,"XMAX":716084.86160847,"YMAX":8512353.59738907},"geometry":{"type":"Polygon","coordinates":[[[-73.00406434487506,-13.44973172884565],[-73.004071828601,-13.448828040794563],[-73.00499511070278,-13.448835363741546],[-73.00498763043309,-13.449739052302544],[-73.00406434487506,-13.44973172884565]]]}},{"type":"Feature","properties":{"Cell_ID":359,"Area_ha":1.0,"LC":"13:1.000000","XMIN":715984.86160847,"YMIN":8512153.59738907,"XMAX":716084.86160847,"YMAX":8512253.59738907},"geometry":{"type":"Polygon","coordinates":[[[-73.00405686059946,-13.450635416827872],[-73.00406434487506,-13.44973172884565],[-73.00498763043309,-13.449739052302544],[-73.00498014961397,-13.450642740794683],[-73.00405686059946,-13.450635416827872]]]}},{"type":"Feature","properties":{"Cell_ID":360,"Area_ha":1.0,"LC":"5:0.280814,13:0.719186","XMIN":715984.86160847,"YMIN":8512053.59738907,"XMAX":716084.86160847,"YMAX":8512153.59738907},"geometry":{"type":"Polygon","coordinates":[[[-73.00404937577414,-13.45153910474122],[-73.00405686059946,-13.450635416827872],[-73.00498014961397,-13.450642740794683],[-73.00497266824541,-13.451546429217958],[-73.00404937577414,-13.45153910474122]]]}},{"type":"Feature","properties":{"Cell_ID":361,"Area_ha":1.0,"LC":"5:0.216144,6:0.783856","XMIN":715984.86160847,"YMIN":8511053.59738907,"XMAX":716084.86160847,"YMAX":8511153.59738907},"geometry":{"type":"Polygon","coordinates":[[[-73.00397449728591,-13.460575980085933],[-73.00398198760867,-13.459672292861523],[-73.00490531120212,-13.45967962192771],[-73.00489782433864,-13.460583309662079],[-73.00397449728591,-13.460575980085933]]]}},{"type":"Feature","properties":{"Cell_ID":362,"Area_ha":1.0,"LC":"3:0.020822,5:0.694590,6:0.284588","XMIN":715984.86160847,"YMIN":8510953.59738907,"XMAX":716084.86160847,"YMAX":8511053.59738907},"geometry":{"type":"Polygon","coordinates":[[[-73.00396700641335,-13.461479667241429],[-73.00397449728591,-13.460575980085933],[-73.00489782433864,-13.460583309662079],[-73.00489033692564,-13.461486997327535],[-73.00396700641335,-13.461479667241429]]]}},{"type":"Feature","properties":{"Cell_ID":363,"Area_ha":1.0,"LC":"3:0.042086,5:0.917632,6:0.040281","XMIN":715984.86160847,"YMIN":8510853.59738907,"XMAX":716084.86160847,"YMAX":8510953.59738907},"geometry":{"type":"Polygon","coordinates":[[[-73.00395951499098,-13.462383354328006],[-73.00396700641335,-13.461479667241429],[-73.00489033692564,-13.461486997327535],[-73.00488284896308,-13.462390684924078],[-73.00395951499098,-13.462383354328006]]]}},{"type":"Feature","properties":{"Cell_ID":364,"Area_ha":1.0,"LC":"5:0.596832,6:0.403168","XMIN":715984.86160847,"YMIN":8510753.59738907,"XMAX":716084.86160847,"YMAX":8510853.59738907},"geometry":{"type":"Polygon","coordinates":[[[-73.0039520230188,-13.46328704134565],[-73.00395951499098,-13.462383354328006],[-73.00488284896308,-13.462390684924078],[-73.00487536045094,-13.46329437245169],[-73.0039520230188,-13.46328704134565]]]}},{"type":"Feature","properties":{"Cell_ID":365,"Area_ha":1.0,"LC":"3:0.161229,5:0.335434,6:0.503337","XMIN":715984.86160847,"YMIN":8510653.59738907,"XMAX":716084.86160847,"YMAX":8510753.59738907},"geometry":{"type":"Polygon","coordinates":[[[-73.00394453049678,-13.464190728294367],[-73.0039520230188,-13.46328704134565],[-73.00487536045094,-13.46329437245169],[-73.00486787138924,-13.46419805991038],[-73.00394453049678,-13.464190728294367]]]}},{"type":"Feature","properties":{"Cell_ID":366,"Area_ha":1.0,"LC":"9:0.355573,13:0.644427","XMIN":716084.86160847,"YMIN":8513953.59738907,"XMAX":716184.86160847,"YMAX":8514053.59738907},"geometry":{"type":"Polygon","coordinates":[[[-73.0032682671805,-13.43436170444691],[-73.00327574501527,-13.433458015735857],[-73.00419896785021,-13.433465333393851],[-73.00419149346736,-13.434369022614991],[-73.0032682671805,-13.43436170444691]]]}},{"type":"Feature","properties":{"Cell_ID":367,"Area_ha":1.0,"LC":"3:0.121510,9:0.621666,13:0.000429,14:0.256395","XMIN":716084.86160847,"YMIN":8513853.59738907,"XMAX":716184.86160847,"YMAX":8513953.59738907},"geometry":{"type":"Polygon","coordinates":[[[-73.00326078879594,-13.435265393089168],[-73.0032682671805,-13.43436170444691],[-73.00419149346736,-13.434369022614991],[-73.004184018535,-13.43527271176734],[-73.00326078879594,-13.435265393089168]]]}},{"type":"Feature","properties":{"Cell_ID":368,"Area_ha":1.0,"LC":"3:0.080429,5:0.237084,9:0.000281,14:0.682207","XMIN":716084.86160847,"YMIN":8513753.59738907,"XMAX":716184.86160847,"YMAX":8513853.59738907},"geometry":{"type":"Polygon","coordinates":[[[-73.00325330986162,-13.43616908166262],[-73.00326078879594,-13.435265393089168],[-73.004184018535,-13.43527271176734],[-73.00417654305308,-13.436176400850888],[-73.00325330986162,-13.43616908166262]]]}},{"type":"Feature","properties":{"Cell_ID":369,"Area_ha":1.0,"LC":"5:0.803583,13:0.195988,14:0.000429","XMIN":716084.86160847,"YMIN":8513653.59738907,"XMAX":716184.86160847,"YMAX":8513753.59738907},"geometry":{"type":"Polygon","coordinates":[[[-73.00324583037751,-13.437072770167273],[-73.00325330986162,-13.43616908166262],[-73.00417654305308,-13.436176400850888],[-73.00416906702165,-13.43708008986564],[-73.00324583037751,-13.437072770167273]]]}},{"type":"Feature","properties":{"Cell_ID":370,"Area_ha":1.0,"LC":"5:0.322783,9:0.658053,13:0.019164","XMIN":716084.86160847,"YMIN":8513553.59738907,"XMAX":716184.86160847,"YMAX":8513653.59738907},"geometry":{"type":"Polygon","coordinates":[[[-73.0032383503436,-13.437976458603119],[-73.00324583037751,-13.437072770167273],[-73.00416906702165,-13.43708008986564],[-73.00416159044069,-13.437983778811583],[-73.0032383503436,-13.437976458603119]]]}},{"type":"Feature","properties":{"Cell_ID":371,"Area_ha":1.0,"LC":"5:0.401377,9:0.598623","XMIN":716084.86160847,"YMIN":8513453.59738907,"XMAX":716184.86160847,"YMAX":8513553.59738907},"geometry":{"type":"Polygon","coordinates":[[[-73.00323086975988,-13.438880146970146],[-73.0032383503436,-13.437976458603119],[-73.00416159044069,-13.437983778811583],[-73.00415411331015,-13.43888746768872],[-73.00323086975988,-13.438880146970146]]]}},{"type":"Feature","properties":{"Cell_ID":372,"Area_ha":1.0,"LC":"5:0.101961,9:0.898039","XMIN":716084.86160847,"YMIN":8513353.59738907,"XMAX":716184.86160847,"YMAX":8513453.59738907},"geometry":{"type":"Polygon","coordinates":[[[-73.00322338862634,-13.43978383526836],[-73.00323086975988,-13.438880146970146],[-73.00415411331015,-13.43888746768872],[-73.00414663563005,-13.43979115649704],[-73.00322338862634,-13.43978383526836]]]}},{"type":"Feature","properties":{"Cell_ID":373,"Area_ha":1.0,"LC":"9:0.262376,13:0.534175,14:0.203449","XMIN":716084.86160847,"YMIN":8513253.59738907,"XMAX":716184.86160847,"YMAX":8513353.59738907},"geometry":{"type":"Polygon","coordinates":[[[-73.00321590694298,-13.440687523497752],[-73.00322338862634,-13.43978383526836],[-73.00414663563005,-13.43979115649704],[-73.00413915740039,-13.440694845236546],[-73.00321590694298,-13.440687523497752]]]}},{"type":"Feature","properties":{"Cell_ID":374,"Area_ha":1.0,"LC":"9:0.483168,13:0.495434,14:0.021398","XMIN":716084.86160847,"YMIN":8513153.59738907,"XMAX":716184.86160847,"YMAX":8513253.59738907},"geometry":{"type":"Polygon","coordinates":[[[-73.00320842470978,-13.441591211658318],[-73.00321590694298,-13.440687523497752],[-73.00413915740039,-13.440694845236546],[-73.00413167862115,-13.441598533907229],[-73.00320842470978,-13.441591211658318]]]}},{"type":"Feature","properties":{"Cell_ID":375,"Area_ha":1.0,"LC":"5:0.520533,9:0.360710,13:0.118757","XMIN":716084.86160847,"YMIN":8513053.59738907,"XMAX":716184.86160847,"YMAX":8513153.59738907},"geometry":{"type":"Polygon","coordinates":[[[-73.00320094192674,-13.442494899750054],[-73.00320842470978,-13.441591211658318],[-73.00413167862115,-13.441598533907229],[-73.0041241992923,-13.442502222509086],[-73.00320094192674,-13.442494899750054]]]}},{"type":"Feature","properties":{"Cell_ID":376,"Area_ha":1.0,"LC":"5:1.000000","XMIN":716084.86160847,"YMIN":8512953.59738907,"XMAX":716184.86160847,"YMAX":8513053.59738907},"geometry":{"type":"Polygon","coordinates":[[[-73.00319345859384,-13.443398587772958],[-73.00320094192674,-13.442494899750054],[-73.0041241992923,-13.442502222509086],[-73.00411671941387,-13.44340591104211],[-73.00319345859384,-13.443398587772958]]]}},{"type":"Feature","properties":{"Cell_ID":377,"Area_ha":1.0,"LC":"5:0.923878,9:0.076122","XMIN":716084.86160847,"YMIN":8512853.59738907,"XMAX":716184.86160847,"YMAX":8512953.59738907},"geometry":{"type":"Polygon","coordinates":[[[-73.00318597471107,-13.444302275727015],[-73.00319345859384,-13.443398587772958],[-73.00411671941387,-13.44340591104211],[-73.0041092389858,-13.444309599506298],[-73.00318597471107,-13.444302275727015]]]}},{"type":"Feature","properties":{"Cell_ID":378,"Area_ha":1.0,"LC":"5:1.000000","XMIN":716084.86160847,"YMIN":8512753.59738907,"XMAX":716184.86160847,"YMAX":8512853.59738907},"geometry":{"type":"Polygon","coordinates":[[[-73.00317849027843,-13.445205963612235],[-73.00318597471107,-13.444302275727015],[-73.0041092389858,-13.444309599506298],[-73.00410175800813,-13.445213287901646],[-73.00317849027843,-13.445205963612235]]]}},{"type":"Feature","properties":{"Cell_ID":379,"Area_ha":1.0,"LC":"5:1.000000","XMIN":716084.86160847,"YMIN":8512653.59738907,"XMAX":716184.86160847,"YMAX":8512753.59738907},"geometry":{"type":"Polygon","coordinates":[[[-73.0031710052959,-13.446109651428607],[-73.00317849027843,-13.445205963612235],[-73.00410175800813,-13.445213287901646],[-73.00409427648081,-13.446116976228154],[-73.0031710052959,-13.446109651428607]]]}},{"type":"Feature","properties":{"Cell_ID":380,"Area_ha":1.0,"LC":"5:0.043345,9:0.056958,13:0.899697","XMIN":716084.86160847,"YMIN":8512553.59738907,"XMAX":716184.86160847,"YMAX":8512653.59738907},"geometry":{"type":"Polygon","coordinates":[[[-73.00316351976348,-13.447013339176126],[-73.0031710052959,-13.446109651428607],[-73.00409427648081,-13.446116976228154],[-73.00408679440388,-13.447020664485812],[-73.00316351976348,-13.447013339176126]]]}},{"type":"Feature","properties":{"Cell_ID":381,"Area_ha":1.0,"LC":"9:0.455819,13:0.544181","XMIN":716084.86160847,"YMIN":8512453.59738907,"XMAX":716184.86160847,"YMAX":8512553.59738907},"geometry":{"type":"Polygon","coordinates":[[[-73.00315603368115,-13.447917026854789],[-73.00316351976348,-13.447013339176126],[-73.00408679440388,-13.447020664485812],[-73.00407931177726,-13.447924352674617],[-73.00315603368115,-13.447917026854789]]]}},{"type":"Feature","properties":{"Cell_ID":382,"Area_ha":1.0,"LC":"5:0.142480,9:0.639467,13:0.218053","XMIN":716084.86160847,"YMIN":8512353.59738907,"XMAX":716184.86160847,"YMAX":8512453.59738907},"geometry":{"type":"Polygon","coordinates":[[[-73.0031485470489,-13.448820714464588],[-73.00315603368115,-13.447917026854789],[-73.00407931177726,-13.447924352674617],[-73.004071828601,-13.448828040794563],[-73.0031485470489,-13.448820714464588]]]}},{"type":"Feature","properties":{"Cell_ID":383,"Area_ha":1.0,"LC":"5:0.442916,6:0.557084","XMIN":716084.86160847,"YMIN":8511053.59738907,"XMAX":716184.86160847,"YMAX":8511153.59738907},"geometry":{"type":"Polygon","coordinates":[[[-73.00305117078297,-13.460568647123733],[-73.003058664565,-13.45966496040951],[-73.00398198760867,-13.459672292861523],[-73.00397449728591,-13.460575980085933],[-73.00305117078297,-13.460568647123733]]]}},{"type":"Feature","properties":{"Cell_ID":384,"Area_ha":1.0,"LC":"3:0.562472,6:0.437528","XMIN":716084.86160847,"YMIN":8510953.59738907,"XMAX":716184.86160847,"YMAX":8511053.59738907},"geometry":{"type":"Polygon","coordinates":[[[-73.00304367645087,-13.461472333769029],[-73.00305117078297,-13.460568647123733],[-73.00397449728591,-13.460575980085933],[-73.00396700641335,-13.461479667241429],[-73.00304367645087,-13.461472333769029]]]}},{"type":"Feature","properties":{"Cell_ID":385,"Area_ha":1.0,"LC":"3:0.743605,5:0.256395","XMIN":716084.86160847,"YMIN":8510853.59738907,"XMAX":716184.86160847,"YMAX":8510953.59738907},"geometry":{"type":"Polygon","coordinates":[[[-73.00303618156872,-13.462376020345403],[-73.00304367645087,-13.461472333769029],[-73.00396700641335,-13.461479667241429],[-73.00395951499098,-13.462383354328006],[-73.00303618156872,-13.462376020345403]]]}},{"type":"Feature","properties":{"Cell_ID":386,"Area_ha":1.0,"LC":"3:0.157084,9:0.841939,13:0.000977","XMIN":716184.86160847,"YMIN":8513853.59738907,"XMAX":716284.86160847,"YMAX":8513953.59738907},"geometry":{"type":"Polygon","coordinates":[[[-73.00233755960669,-13.435258071031543],[-73.0023450414434,-13.434354382899611],[-73.0032682671805,-13.43436170444691],[-73.00326078879594,-13.435265393089168],[-73.00233755960669,-13.435258071031543]]]}},{"type":"Feature","properties":{"Cell_ID":387,"Area_ha":1.0,"LC":"3:0.140008,9:0.021251,14:0.838741","XMIN":716184.86160847,"YMIN":8513753.59738907,"XMAX":716284.86160847,"YMAX":8513853.59738907},"geometry":{"type":"Polygon","coordinates":[[[-73.00233007721994,-13.436161759094666],[-73.00233755960669,-13.435258071031543],[-73.00326078879594,-13.435265393089168],[-73.00325330986162,-13.43616908166262],[-73.00233007721994,-13.436161759094666]]]}},{"type":"Feature","properties":{"Cell_ID":388,"Area_ha":1.0,"LC":"5:0.714716,9:0.042086,14:0.243198","XMIN":716184.86160847,"YMIN":8513653.59738907,"XMAX":716284.86160847,"YMAX":8513753.59738907},"geometry":{"type":"Polygon","coordinates":[[[-73.00232259428316,-13.437065447088985],[-73.00233007721994,-13.436161759094666],[-73.00325330986162,-13.43616908166262],[-73.00324583037751,-13.437072770167273],[-73.00232259428316,-13.437065447088985]]]}},{"type":"Feature","properties":{"Cell_ID":389,"Area_ha":1.0,"LC":"5:0.878771,9:0.121229","XMIN":716184.86160847,"YMIN":8513553.59738907,"XMAX":716284.86160847,"YMAX":8513653.59738907},"geometry":{"type":"Polygon","coordinates":[[[-73.00231511079632,-13.437969135014493],[-73.00232259428316,-13.437065447088985],[-73.00324583037751,-13.437072770167273],[-73.0032383503436,-13.437976458603119],[-73.00231511079632,-13.437969135014493]]]}},{"type":"Feature","properties":{"Cell_ID":390,"Area_ha":1.0,"LC":"3:0.020822,5:0.200281,9:0.778897","XMIN":716184.86160847,"YMIN":8513453.59738907,"XMAX":716284.86160847,"YMAX":8513553.59738907},"geometry":{"type":"Polygon","coordinates":[[[-73.00230762675942,-13.438872822871183],[-73.00231511079632,-13.437969135014493],[-73.0032383503436,-13.437976458603119],[-73.00323086975988,-13.438880146970146],[-73.00230762675942,-13.438872822871183]]]}},{"type":"Feature","properties":{"Cell_ID":391,"Area_ha":1.0,"LC":"3:0.104847,5:0.059446,9:0.835707","XMIN":716184.86160847,"YMIN":8513353.59738907,"XMAX":716284.86160847,"YMAX":8513453.59738907},"geometry":{"type":"Polygon","coordinates":[[[-73.00230014217244,-13.439776510659048],[-73.00230762675942,-13.438872822871183],[-73.00323086975988,-13.438880146970146],[-73.00322338862634,-13.43978383526836],[-73.00230014217244,-13.439776510659048]]]}},{"type":"Feature","properties":{"Cell_ID":392,"Area_ha":1.0,"LC":"3:0.000147,5:0.041939,9:0.100289,14:0.857624","XMIN":716184.86160847,"YMIN":8513253.59738907,"XMAX":716284.86160847,"YMAX":8513353.59738907},"geometry":{"type":"Polygon","coordinates":[[[-73.0022926570354,-13.440680198378097],[-73.00230014217244,-13.439776510659048],[-73.00322338862634,-13.43978383526836],[-73.00321590694298,-13.440687523497752],[-73.0022926570354,-13.440680198378097]]]}},{"type":"Feature","properties":{"Cell_ID":393,"Area_ha":1.0,"LC":"9:0.696114,13:0.243449,14:0.060437","XMIN":716184.86160847,"YMIN":8513153.59738907,"XMAX":716284.86160847,"YMAX":8513253.59738907},"geometry":{"type":"Polygon","coordinates":[[[-73.00228517134826,-13.441583886028305],[-73.0022926570354,-13.440680198378097],[-73.00321590694298,-13.440687523497752],[-73.00320842470978,-13.441591211658318],[-73.00228517134826,-13.441583886028305]]]}},{"type":"Feature","properties":{"Cell_ID":394,"Area_ha":1.0,"LC":"5:0.315707,9:0.561925,13:0.122368","XMIN":716184.86160847,"YMIN":8513053.59738907,"XMAX":716284.86160847,"YMAX":8513153.59738907},"geometry":{"type":"Polygon","coordinates":[[[-73.00227768511103,-13.442487573609686],[-73.00228517134826,-13.441583886028305],[-73.00320842470978,-13.441591211658318],[-73.00320094192674,-13.442494899750054],[-73.00227768511103,-13.442487573609686]]]}},{"type":"Feature","properties":{"Cell_ID":395,"Area_ha":1.0,"LC":"5:0.576100,9:0.423900","XMIN":716184.86160847,"YMIN":8512953.59738907,"XMAX":716284.86160847,"YMAX":8513053.59738907},"geometry":{"type":"Polygon","coordinates":[[[-73.00227019832367,-13.44339126112223],[-73.00227768511103,-13.442487573609686],[-73.00320094192674,-13.442494899750054],[-73.00319345859384,-13.443398587772958],[-73.00227019832367,-13.44339126112223]]]}},{"type":"Feature","properties":{"Cell_ID":396,"Area_ha":1.0,"LC":"5:0.760562,14:0.239438","XMIN":716184.86160847,"YMIN":8512853.59738907,"XMAX":716284.86160847,"YMAX":8512953.59738907},"geometry":{"type":"Polygon","coordinates":[[[-73.0022627109862,-13.444294948565927],[-73.00227019832367,-13.44339126112223],[-73.00319345859384,-13.443398587772958],[-73.00318597471107,-13.444302275727015],[-73.0022627109862,-13.444294948565927]]]}},{"type":"Feature","properties":{"Cell_ID":397,"Area_ha":1.0,"LC":"3:0.083730,5:0.516551,14:0.399719","XMIN":716184.86160847,"YMIN":8512753.59738907,"XMAX":716284.86160847,"YMAX":8512853.59738907},"geometry":{"type":"Polygon","coordinates":[[[-73.0022552230986,-13.445198635940779],[-73.0022627109862,-13.444294948565927],[-73.00318597471107,-13.444302275727015],[-73.00317849027843,-13.445205963612235],[-73.0022552230986,-13.445198635940779]]]}},{"type":"Feature","properties":{"Cell_ID":398,"Area_ha":1.0,"LC":"3:0.000147,5:0.799009,14:0.200844","XMIN":716184.86160847,"YMIN":8512653.59738907,"XMAX":716284.86160847,"YMAX":8512753.59738907},"geometry":{"type":"Polygon","coordinates":[[[-73.00224773466087,-13.44610232324678],[-73.0022552230986,-13.445198635940779],[-73.00317849027843,-13.445205963612235],[-73.0031710052959,-13.446109651428607],[-73.00224773466087,-13.44610232324678]]]}},{"type":"Feature","properties":{"Cell_ID":399,"Area_ha":1.0,"LC":"5:0.703886,9:0.239156,13:0.056958","XMIN":716184.86160847,"YMIN":8512553.59738907,"XMAX":716284.86160847,"YMAX":8512653.59738907},"geometry":{"type":"Polygon","coordinates":[[[-73.00224024567298,-13.447006010483928],[-73.00224773466087,-13.44610232324678],[-73.0031710052959,-13.446109651428607],[-73.00316351976348,-13.447013339176126],[-73.00224024567298,-13.447006010483928]]]}},{"type":"Feature","properties":{"Cell_ID":400,"Area_ha":1.0,"LC":"9:1.000000","XMIN":716284.86160847,"YMIN":8513853.59738907,"XMAX":716384.86160847,"YMAX":8513953.59738907},"geometry":{"type":"Polygon","coordinates":[[[-73.00141433096745,-13.435250745594475],[-73.00142181625631,-13.434347057973108],[-73.0023450414434,-13.434354382899611],[-73.00233755960669,-13.435258071031543],[-73.00141433096745,-13.435250745594475]]]}},{"type":"Feature","properties":{"Cell_ID":401,"Area_ha":1.0,"LC":"5:0.060969,9:0.100303,14:0.838728","XMIN":716284.86160847,"YMIN":8513753.59738907,"XMAX":716384.86160847,"YMAX":8513853.59738907},"geometry":{"type":"Polygon","coordinates":[[[-73.0014068451283,-13.436154433147033],[-73.00141433096745,-13.435250745594475],[-73.00233755960669,-13.435258071031543],[-73.00233007721994,-13.436161759094666],[-73.0014068451283,-13.436154433147033]]]}},{"type":"Feature","properties":{"Cell_ID":402,"Area_ha":1.0,"LC":"5:0.018897,9:0.357632,14:0.623471","XMIN":716284.86160847,"YMIN":8513653.59738907,"XMAX":716384.86160847,"YMAX":8513753.59738907},"geometry":{"type":"Polygon","coordinates":[[[-73.00139935873885,-13.437058120630782],[-73.0014068451283,-13.436154433147033],[-73.00233007721994,-13.436161759094666],[-73.00232259428316,-13.437065447088985],[-73.00139935873885,-13.437058120630782]]]}},{"type":"Feature","properties":{"Cell_ID":403,"Area_ha":1.0,"LC":"5:0.257225,9:0.721095,14:0.021679","XMIN":716284.86160847,"YMIN":8513553.59738907,"XMAX":716384.86160847,"YMAX":8513653.59738907},"geometry":{"type":"Polygon","coordinates":[[[-73.0013918717991,-13.437961808045717],[-73.00139935873885,-13.437058120630782],[-73.00232259428316,-13.437065447088985],[-73.00231511079632,-13.437969135014493],[-73.0013918717991,-13.437961808045717]]]}},{"type":"Feature","properties":{"Cell_ID":404,"Area_ha":1.0,"LC":"3:0.238594,5:0.198061,9:0.563345","XMIN":716284.86160847,"YMIN":8513453.59738907,"XMAX":716384.86160847,"YMAX":8513553.59738907},"geometry":{"type":"Polygon","coordinates":[[[-73.00138438430903,-13.438865495391832],[-73.0013918717991,-13.437961808045717],[-73.00231511079632,-13.437969135014493],[-73.00230762675942,-13.438872822871183],[-73.00138438430903,-13.438865495391832]]]}},{"type":"Feature","properties":{"Cell_ID":405,"Area_ha":1.0,"LC":"3:1.000000","XMIN":716284.86160847,"YMIN":8513353.59738907,"XMAX":716384.86160847,"YMAX":8513453.59738907},"geometry":{"type":"Polygon","coordinates":[[[-73.00137689626864,-13.439769182669119],[-73.00138438430903,-13.438865495391832],[-73.00230762675942,-13.438872822871183],[-73.00230014217244,-13.439776510659048],[-73.00137689626864,-13.439769182669119]]]}},{"type":"Feature","properties":{"Cell_ID":406,"Area_ha":1.0,"LC":"3:0.182376,5:0.219031,9:0.240948,13:0.300688,14:0.056958","XMIN":716284.86160847,"YMIN":8513253.59738907,"XMAX":716384.86160847,"YMAX":8513353.59738907},"geometry":{"type":"Polygon","coordinates":[[[-73.00136940767793,-13.440672869877579],[-73.00137689626864,-13.439769182669119],[-73.00230014217244,-13.439776510659048],[-73.0022926570354,-13.440680198378097],[-73.00136940767793,-13.440672869877579]]]}},{"type":"Feature","properties":{"Cell_ID":407,"Area_ha":1.0,"LC":"9:0.723878,13:0.275988,14:0.000134","XMIN":716284.86160847,"YMIN":8513153.59738907,"XMAX":716384.86160847,"YMAX":8513253.59738907},"geometry":{"type":"Polygon","coordinates":[[[-73.00136191853686,-13.441576557017205],[-73.00136940767793,-13.440672869877579],[-73.0022926570354,-13.440680198378097],[-73.00228517134826,-13.441583886028305],[-73.00136191853686,-13.441576557017205]]]}},{"type":"Feature","properties":{"Cell_ID":408,"Area_ha":1.0,"LC":"9:0.881524,13:0.118476","XMIN":716284.86160847,"YMIN":8513053.59738907,"XMAX":716384.86160847,"YMAX":8513153.59738907},"geometry":{"type":"Polygon","coordinates":[[[-73.00135442884542,-13.442480244087992],[-73.00136191853686,-13.441576557017205],[-73.00228517134826,-13.441583886028305],[-73.00227768511103,-13.442487573609686],[-73.00135442884542,-13.442480244087992]]]}},{"type":"Feature","properties":{"Cell_ID":409,"Area_ha":1.0,"LC":"5:0.544285,9:0.455715","XMIN":716384.86160847,"YMIN":8513853.59738907,"XMAX":716484.86160847,"YMAX":8513953.59738907},"geometry":{"type":"Polygon","coordinates":[[[-73.0004911028785,-13.435243416777976],[-73.00049859161952,-13.434339729667402],[-73.00142181625631,-13.434347057973108],[-73.00141433096745,-13.435250745594475],[-73.0004911028785,-13.435243416777976]]]}},{"type":"Feature","properties":{"Cell_ID":410,"Area_ha":1.0,"LC":"5:0.643878,9:0.160696,14:0.195426","XMIN":716384.86160847,"YMIN":8513753.59738907,"XMAX":716484.86160847,"YMAX":8513853.59738907},"geometry":{"type":"Polygon","coordinates":[[[-73.00048361358695,-13.436147103819732],[-73.0004911028785,-13.435243416777976],[-73.00141433096745,-13.435250745594475],[-73.0014068451283,-13.436154433147033],[-73.00048361358695,-13.436147103819732]]]}},{"type":"Feature","properties":{"Cell_ID":411,"Area_ha":1.0,"LC":"5:0.000710,9:0.100969,14:0.898321","XMIN":716384.86160847,"YMIN":8513653.59738907,"XMAX":716484.86160847,"YMAX":8513753.59738907},"geometry":{"type":"Polygon","coordinates":[[[-73.00047612374485,-13.437050790792679],[-73.00048361358695,-13.436147103819732],[-73.0014068451283,-13.436154433147033],[-73.00139935873885,-13.437058120630782],[-73.00047612374485,-13.437050790792679]]]}},{"type":"Feature","properties":{"Cell_ID":412,"Area_ha":1.0,"LC":"3:0.158875,9:0.357780,14:0.483345","XMIN":716384.86160847,"YMIN":8513553.59738907,"XMAX":716484.86160847,"YMAX":8513653.59738907},"geometry":{"type":"Polygon","coordinates":[[[-73.0004686333522,-13.437954477696803],[-73.00047612374485,-13.437050790792679],[-73.00139935873885,-13.437058120630782],[-73.0013918717991,-13.437961808045717],[-73.0004686333522,-13.437954477696803]]]}},{"type":"Feature","properties":{"Cell_ID":413,"Area_ha":1.0,"LC":"3:0.923597,9:0.076403","XMIN":716384.86160847,"YMIN":8513453.59738907,"XMAX":716484.86160847,"YMAX":8513553.59738907},"geometry":{"type":"Polygon","coordinates":[[[-73.00046114240897,-13.438858164532105],[-73.0004686333522,-13.437954477696803],[-73.0013918717991,-13.437961808045717],[-73.00138438430903,-13.438865495391832],[-73.00046114240897,-13.438858164532105]]]}},{"type":"Feature","properties":{"Cell_ID":414,"Area_ha":1.0,"LC":"3:0.740022,5:0.259978","XMIN":716384.86160847,"YMIN":8513353.59738907,"XMAX":716484.86160847,"YMAX":8513453.59738907},"geometry":{"type":"Polygon","coordinates":[[[-73.00045365091518,-13.439761851298577],[-73.00046114240897,-13.438858164532105],[-73.00138438430903,-13.438865495391832],[-73.00137689626864,-13.439769182669119],[-73.00045365091518,-13.439761851298577]]]}},{"type":"Feature","properties":{"Cell_ID":415,"Area_ha":1.0,"LC":"3:0.059446,5:0.320991,9:0.480533,13:0.139031","XMIN":716384.86160847,"YMIN":8513253.59738907,"XMAX":716484.86160847,"YMAX":8513353.59738907},"geometry":{"type":"Polygon","coordinates":[[[-73.00044615887077,-13.44066553799622],[-73.00045365091518,-13.439761851298577],[-73.00137689626864,-13.439769182669119],[-73.00136940767793,-13.440672869877579],[-73.00044615887077,-13.44066553799622]]]}},{"type":"Feature","properties":{"Cell_ID":416,"Area_ha":1.0,"LC":"5:0.020822,9:0.979178","XMIN":716384.86160847,"YMIN":8513153.59738907,"XMAX":716484.86160847,"YMAX":8513253.59738907},"geometry":{"type":"Polygon","coordinates":[[[-73.00043866627578,-13.441569224625022],[-73.00044615887077,-13.44066553799622],[-73.00136940767793,-13.440672869877579],[-73.00136191853686,-13.441576557017205],[-73.00043866627578,-13.441569224625022]]]}},{"type":"Feature","properties":{"Cell_ID":417,"Area_ha":1.0,"LC":"5:0.415996,9:0.361229,13:0.183056,14:0.039719","XMIN":716484.86160847,"YMIN":8513753.59738907,"XMAX":716584.86160847,"YMAX":8513853.59738907},"geometry":{"type":"Polygon","coordinates":[[[-72.99956038259616,-13.436139771112769],[-72.99956787534009,-13.435236084582051],[-73.0004911028785,-13.435243416777976],[-73.00048361358695,-13.436147103819732],[-72.99956038259616,-13.436139771112769]]]}},{"type":"Feature","properties":{"Cell_ID":418,"Area_ha":1.0,"LC":"5:0.000415,9:0.523597,14:0.475988","XMIN":716484.86160847,"YMIN":8513653.59738907,"XMAX":716584.86160847,"YMAX":8513753.59738907},"geometry":{"type":"Polygon","coordinates":[[[-72.99955288930143,-13.437043457574678],[-72.99956038259616,-13.436139771112769],[-73.00048361358695,-13.436147103819732],[-73.00047612374485,-13.437050790792679],[-72.99955288930143,-13.437043457574678]]]}},{"type":"Feature","properties":{"Cell_ID":419,"Area_ha":1.0,"LC":"9:0.822493,14:0.177507","XMIN":716484.86160847,"YMIN":8513553.59738907,"XMAX":716584.86160847,"YMAX":8513653.59738907},"geometry":{"type":"Polygon","coordinates":[[[-72.99954539545587,-13.437947143967758],[-72.99955288930143,-13.437043457574678],[-73.00047612374485,-13.437050790792679],[-73.0004686333522,-13.437954477696803],[-72.99954539545587,-13.437947143967758]]]}},{"type":"Feature","properties":{"Cell_ID":420,"Area_ha":1.0,"LC":"3:0.174456,9:0.725284,14:0.100260","XMIN":716484.86160847,"YMIN":8513453.59738907,"XMAX":716584.86160847,"YMAX":8513553.59738907},"geometry":{"type":"Polygon","coordinates":[[[-72.99953790105948,-13.438850830292012],[-72.99954539545587,-13.437947143967758],[-73.0004686333522,-13.437954477696803],[-73.00046114240897,-13.438858164532105],[-72.99953790105948,-13.438850830292012]]]}},{"type":"Feature","properties":{"Cell_ID":421,"Area_ha":1.0,"LC":"3:0.316818,5:0.058616,7:0.260541,9:0.140407,14:0.223618","XMIN":716484.86160847,"YMIN":8513353.59738907,"XMAX":716584.86160847,"YMAX":8513453.59738907},"geometry":{"type":"Polygon","coordinates":[[[-72.99953040611229,-13.439754516547431],[-72.99953790105948,-13.438850830292012],[-73.00046114240897,-13.438858164532105],[-73.00045365091518,-13.439761851298577],[-72.99953040611229,-13.439754516547431]]]}},{"type":"Feature","properties":{"Cell_ID":422,"Area_ha":1.0,"LC":"3:0.039719,5:0.179446,7:0.361658,9:0.419178","XMIN":716484.86160847,"YMIN":8513253.59738907,"XMAX":716584.86160847,"YMAX":8513353.59738907},"geometry":{"type":"Polygon","coordinates":[[[-72.99952291061422,-13.44065820273402],[-72.99953040611229,-13.439754516547431],[-73.00045365091518,-13.439761851298577],[-73.00044615887077,-13.44066553799622],[-72.99952291061422,-13.44065820273402]]]}},{"type":"Feature","properties":{"Cell_ID":423,"Area_ha":1.0,"LC":"3:0.659978,5:0.018897,7:0.084588,9:0.236537","XMIN":716484.86160847,"YMIN":8513153.59738907,"XMAX":716584.86160847,"YMAX":8513253.59738907},"geometry":{"type":"Polygon","coordinates":[[[-72.99951541456532,-13.441561888851766],[-72.99952291061422,-13.44065820273402],[-73.00044615887077,-13.44066553799622],[-73.00043866627578,-13.441569224625022],[-72.99951541456532,-13.441561888851766]]]}},{"type":"Feature","properties":{"Cell_ID":424,"Area_ha":1.0,"LC":"5:0.082649,9:0.917351","XMIN":716584.86160847,"YMIN":8513653.59738907,"XMAX":716684.86160847,"YMAX":8513753.59738907},"geometry":{"type":"Polygon","coordinates":[[[-72.99862965540879,-13.43703612097679],[-72.99863715215616,-13.436132435026162],[-72.99956038259616,-13.436139771112769],[-72.99955288930143,-13.437043457574678],[-72.99862965540879,-13.43703612097679]]]}},{"type":"Feature","properties":{"Cell_ID":425,"Area_ha":1.0,"LC":"9:1.000000","XMIN":716584.86160847,"YMIN":8513553.59738907,"XMAX":716684.86160847,"YMAX":8513653.59738907},"geometry":{"type":"Polygon","coordinates":[[[-72.99862215811035,-13.437939806858596],[-72.99862965540879,-13.43703612097679],[-72.99955288930143,-13.437043457574678],[-72.99954539545587,-13.437947143967758],[-72.99862215811035,-13.437939806858596]]]}},{"type":"Feature","properties":{"Cell_ID":426,"Area_ha":1.0,"LC":"9:0.782228,14:0.217772","XMIN":716584.86160847,"YMIN":8513453.59738907,"XMAX":716684.86160847,"YMAX":8513553.59738907},"geometry":{"type":"Polygon","coordinates":[[[-72.99861466026083,-13.438843492671566],[-72.99862215811035,-13.437939806858596],[-72.99954539545587,-13.437947143967758],[-72.99953790105948,-13.438850830292012],[-72.99861466026083,-13.438843492671566]]]}},{"type":"Feature","properties":{"Cell_ID":427,"Area_ha":1.0,"LC":"7:0.058616,9:0.143056,14:0.798329","XMIN":716584.86160847,"YMIN":8513353.59738907,"XMAX":716684.86160847,"YMAX":8513453.59738907},"geometry":{"type":"Polygon","coordinates":[[[-72.99860716186024,-13.439747178415699],[-72.99861466026083,-13.438843492671566],[-72.99953790105948,-13.438850830292012],[-72.99953040611229,-13.439754516547431],[-72.99860716186024,-13.439747178415699]]]}},{"type":"Feature","properties":{"Cell_ID":428,"Area_ha":1.0,"LC":"7:0.437499,9:0.258602,14:0.303900","XMIN":716584.86160847,"YMIN":8513253.59738907,"XMAX":716684.86160847,"YMAX":8513353.59738907},"geometry":{"type":"Polygon","coordinates":[[[-72.99859966290853,-13.440650864090996],[-72.99860716186024,-13.439747178415699],[-72.99953040611229,-13.439754516547431],[-72.99952291061422,-13.44065820273402],[-72.99859966290853,-13.440650864090996]]]}},{"type":"Feature","properties":{"Cell_ID":429,"Area_ha":1.0,"LC":"5:0.000844,9:0.595278,13:0.403878","XMIN":716684.86160847,"YMIN":8513553.59738907,"XMAX":716784.86160847,"YMAX":8513653.59738907},"geometry":{"type":"Polygon","coordinates":[[[-72.99769892131592,-13.437932466369318],[-72.99770642206722,-13.437028780999029],[-72.99862965540879,-13.43703612097679],[-72.99862215811035,-13.437939806858596],[-72.99769892131592,-13.437932466369318]]]}},{"type":"Feature","properties":{"Cell_ID":430,"Area_ha":1.0,"LC":"9:0.335996,13:0.664004","XMIN":716684.86160847,"YMIN":8513453.59738907,"XMAX":716784.86160847,"YMAX":8513553.59738907},"geometry":{"type":"Polygon","coordinates":[[[-72.99769142001327,-13.438836151670769],[-72.99769892131592,-13.437932466369318],[-72.99862215811035,-13.437939806858596],[-72.99861466026083,-13.438843492671566],[-72.99769142001327,-13.438836151670769]]]}},{"type":"Feature","properties":{"Cell_ID":431,"Area_ha":1.0,"LC":"9:0.076537,13:0.904566,14:0.018897","XMIN":716684.86160847,"YMIN":8513353.59738907,"XMAX":716784.86160847,"YMAX":8513453.59738907},"geometry":{"type":"Polygon","coordinates":[[[-72.99768391815928,-13.439739836903378],[-72.99769142001327,-13.438836151670769],[-72.99861466026083,-13.438843492671566],[-72.99860716186024,-13.439747178415699],[-72.99768391815928,-13.439739836903378]]]}},{"type":"Feature","properties":{"Cell_ID":432,"Area_ha":1.0,"LC":"9:0.398594,13:0.544181,14:0.057225","XMIN":716684.86160847,"YMIN":8513253.59738907,"XMAX":716784.86160847,"YMAX":8513353.59738907},"geometry":{"type":"Polygon","coordinates":[[[-72.99767641575394,-13.44064352206715],[-72.99768391815928,-13.439739836903378],[-72.99860716186024,-13.439747178415699],[-72.99859966290853,-13.440650864090996],[-72.99767641575394,-13.44064352206715]]]}},{"type":"Feature","properties":{"Cell_ID":433,"Area_ha":1.0,"LC":"7:0.095019,9:0.904981","XMIN":716684.86160847,"YMIN":8513153.59738907,"XMAX":716784.86160847,"YMAX":8513253.59738907},"geometry":{"type":"Polygon","coordinates":[[[-72.99766891279725,-13.441547207162074],[-72.99767641575394,-13.44064352206715],[-72.99859966290853,-13.440650864090996],[-72.99859216340573,-13.441554549697448],[-72.99766891279725,-13.441547207162074]]]}},{"type":"Feature","properties":{"Cell_ID":434,"Area_ha":1.0,"LC":"3:0.157217,7:0.277632,9:0.565150","XMIN":716684.86160847,"YMIN":8513053.59738907,"XMAX":716784.86160847,"YMAX":8513153.59738907},"geometry":{"type":"Polygon","coordinates":[[[-72.99766140928918,-13.442450892188143],[-72.99766891279725,-13.441547207162074],[-72.99859216340573,-13.441554549697448],[-72.99858466335182,-13.44245823523505],[-72.99766140928918,-13.442450892188143]]]}},{"type":"Feature","properties":{"Cell_ID":435,"Area_ha":1.0,"LC":"9:0.138468,13:0.861532","XMIN":716784.86160847,"YMIN":8513553.59738907,"XMAX":716884.86160847,"YMAX":8513653.59738907},"geometry":{"type":"Polygon","coordinates":[[[-72.9967756850728,-13.437925122499937],[-72.99678318927698,-13.4370214376414],[-72.99770642206722,-13.437028780999029],[-72.99769892131592,-13.437932466369318],[-72.9967756850728,-13.437925122499937]]]}},{"type":"Feature","properties":{"Cell_ID":436,"Area_ha":1.0,"LC":"9:0.000562,13:0.999438","XMIN":716784.86160847,"YMIN":8513453.59738907,"XMAX":716884.86160847,"YMAX":8513553.59738907},"geometry":{"type":"Polygon","coordinates":[[[-72.99676818031703,-13.438828807289635],[-72.9967756850728,-13.437925122499937],[-72.99769892131592,-13.437932466369318],[-72.99769142001327,-13.438836151670769],[-72.99676818031703,-13.438828807289635]]]}},{"type":"Feature","properties":{"Cell_ID":437,"Area_ha":1.0,"LC":"13:1.000000","XMIN":716784.86160847,"YMIN":8513353.59738907,"XMAX":716884.86160847,"YMAX":8513453.59738907},"geometry":{"type":"Polygon","coordinates":[[[-72.99676067500968,-13.439732492010492],[-72.99676818031703,-13.438828807289635],[-72.99769142001327,-13.438836151670769],[-72.99768391815928,-13.439739836903378],[-72.99676067500968,-13.439732492010492]]]}},{"type":"Feature","properties":{"Cell_ID":438,"Area_ha":1.0,"LC":"9:0.117927,13:0.882073","XMIN":716784.86160847,"YMIN":8513253.59738907,"XMAX":716884.86160847,"YMAX":8513353.59738907},"geometry":{"type":"Polygon","coordinates":[[[-72.99675316915071,-13.440636176662501],[-72.99676067500968,-13.439732492010492],[-72.99768391815928,-13.439739836903378],[-72.99767641575394,-13.44064352206715],[-72.99675316915071,-13.440636176662501]]]}},{"type":"Feature","properties":{"Cell_ID":439,"Area_ha":1.0,"LC":"9:0.718728,13:0.281272","XMIN":716784.86160847,"YMIN":8513153.59738907,"XMAX":716884.86160847,"YMAX":8513253.59738907},"geometry":{"type":"Polygon","coordinates":[[[-72.99674566274014,-13.441539861245653],[-72.99675316915071,-13.440636176662501],[-72.99767641575394,-13.44064352206715],[-72.99766891279725,-13.441547207162074],[-72.99674566274014,-13.441539861245653]]]}},{"type":"Feature","properties":{"Cell_ID":440,"Area_ha":1.0,"LC":"3:0.198594,9:0.498498,13:0.121939,14:0.180969","XMIN":716784.86160847,"YMIN":8513053.59738907,"XMAX":716884.86160847,"YMAX":8513153.59738907},"geometry":{"type":"Polygon","coordinates":[[[-72.99673815577795,-13.442443545759959],[-72.99674566274014,-13.441539861245653],[-72.99766891279725,-13.441547207162074],[-72.99766140928918,-13.442450892188143],[-72.99673815577795,-13.442443545759959]]]}},{"type":"Feature","properties":{"Cell_ID":441,"Area_ha":1.0,"LC":"13:1.000000","XMIN":716884.86160847,"YMIN":8513453.59738907,"XMAX":716984.86160847,"YMAX":8513553.59738907},"geometry":{"type":"Polygon","coordinates":[[[-72.99584494117241,-13.438821459528173],[-72.99585244938129,-13.437917775250467],[-72.9967756850728,-13.437925122499937],[-72.99676818031703,-13.438828807289635],[-72.99584494117241,-13.438821459528173]]]}},{"type":"Feature","properties":{"Cell_ID":442,"Area_ha":1.0,"LC":"13:1.000000","XMIN":716884.86160847,"YMIN":8513353.59738907,"XMAX":716984.86160847,"YMAX":8513453.59738907},"geometry":{"type":"Polygon","coordinates":[[[-72.99583743241168,-13.439725143737038],[-72.99584494117241,-13.438821459528173],[-72.99676818031703,-13.438828807289635],[-72.99676067500968,-13.439732492010492],[-72.99583743241168,-13.439725143737038]]]}},{"type":"Feature","properties":{"Cell_ID":443,"Area_ha":1.0,"LC":"13:0.617801,14:0.382199","XMIN":716884.86160847,"YMIN":8513253.59738907,"XMAX":716984.86160847,"YMAX":8513353.59738907},"geometry":{"type":"Polygon","coordinates":[[[-72.9958299230991,-13.440628827877047],[-72.99583743241168,-13.439725143737038],[-72.99676067500968,-13.439732492010492],[-72.99675316915071,-13.440636176662501],[-72.9958299230991,-13.440628827877047]]]}},{"type":"Feature","properties":{"Cell_ID":444,"Area_ha":1.0,"LC":"9:0.414738,13:0.000696,14:0.584566","XMIN":716884.86160847,"YMIN":8513153.59738907,"XMAX":716984.86160847,"YMAX":8513253.59738907},"geometry":{"type":"Polygon","coordinates":[[[-72.99582241323466,-13.441532511948203],[-72.9958299230991,-13.440628827877047],[-72.99675316915071,-13.440636176662501],[-72.99674566274014,-13.441539861245653],[-72.99582241323466,-13.441532511948203]]]}},{"type":"Feature","properties":{"Cell_ID":445,"Area_ha":1.0,"LC":"13:0.618364,14:0.381636","XMIN":716984.86160847,"YMIN":8513353.59738907,"XMAX":717084.86160847,"YMAX":8513453.59738907},"geometry":{"type":"Polygon","coordinates":[[[-72.99491419036553,-13.439717792083027],[-72.99492170257962,-13.438814108386392],[-72.99584494117241,-13.438821459528173],[-72.99583743241168,-13.439725143737038],[-72.99491419036553,-13.439717792083027]]]}},{"type":"Feature","properties":{"Cell_ID":446,"Area_ha":1.0,"LC":"9:0.121939,13:0.339164,14:0.538897","XMIN":716984.86160847,"YMIN":8513253.59738907,"XMAX":717084.86160847,"YMAX":8513353.59738907},"geometry":{"type":"Polygon","coordinates":[[[-72.99490667759935,-13.440621475710802],[-72.99491419036553,-13.439717792083027],[-72.99583743241168,-13.439725143737038],[-72.9958299230991,-13.440628827877047],[-72.99490667759935,-13.440621475710802]]]}},{"type":"Feature","properties":{"Cell_ID":447,"Area_ha":1.0,"LC":"9:0.283168,14:0.716832","XMIN":716984.86160847,"YMIN":8513153.59738907,"XMAX":717084.86160847,"YMAX":8513253.59738907},"geometry":{"type":"Polygon","coordinates":[[[-72.99489916428104,-13.441525159269723],[-72.99490667759935,-13.440621475710802],[-72.9958299230991,-13.440628827877047],[-72.99582241323466,-13.441532511948203],[-72.99489916428104,-13.441525159269723]]]}},{"type":"Feature","properties":{"Cell_ID":448,"Area_ha":1.0,"LC":"5:0.182908,9:0.282220,13:0.296114,14:0.238757","XMIN":716984.86160847,"YMIN":8513053.59738907,"XMAX":717084.86160847,"YMAX":8513153.59738907},"geometry":{"type":"Polygon","coordinates":[[[-72.9948916504106,-13.442428842759782],[-72.99489916428104,-13.441525159269723],[-72.99582241323466,-13.441532511948203],[-72.99581490281834,-13.442436195950501],[-72.9948916504106,-13.442428842759782]]]}},{"type":"Feature","properties":{"Cell_ID":449,"Area_ha":1.0,"LC":"9:0.020822,13:0.401406,14:0.577772","XMIN":717084.86160847,"YMIN":8513353.59738907,"XMAX":717184.86160847,"YMAX":8513453.59738907},"geometry":{"type":"Polygon","coordinates":[[[-72.99399094887151,-13.43971043704847],[-72.99399846453892,-13.4388067538643],[-72.99492170257962,-13.438814108386392],[-72.99491419036553,-13.439717792083027],[-72.99399094887151,-13.43971043704847]]]}},{"type":"Feature","properties":{"Cell_ID":450,"Area_ha":1.0,"LC":"9:0.522086,13:0.099031,14:0.378883","XMIN":717084.86160847,"YMIN":8513253.59738907,"XMAX":717184.86160847,"YMAX":8513353.59738907},"geometry":{"type":"Polygon","coordinates":[[[-72.99398343265172,-13.440614120163783],[-72.99399094887151,-13.43971043704847],[-72.99491419036553,-13.439717792083027],[-72.99490667759935,-13.440621475710802],[-72.99398343265172,-13.440614120163783]]]}},{"type":"Feature","properties":{"Cell_ID":451,"Area_ha":1.0,"LC":"9:0.395426,14:0.604574","XMIN":717084.86160847,"YMIN":8513153.59738907,"XMAX":717184.86160847,"YMAX":8513253.59738907},"geometry":{"type":"Polygon","coordinates":[[[-72.99397591587956,-13.441517803210232],[-72.99398343265172,-13.440614120163783],[-72.99490667759935,-13.440621475710802],[-72.99489916428104,-13.441525159269723],[-72.99397591587956,-13.441517803210232]]]}},{"type":"Feature","properties":{"Cell_ID":452,"Area_ha":1.0,"LC":"5:0.216248,9:0.398342,13:0.262761,14:0.122649","XMIN":717084.86160847,"YMIN":8513053.59738907,"XMAX":717184.86160847,"YMAX":8513153.59738907},"geometry":{"type":"Polygon","coordinates":[[[-72.99396839855503,-13.442421486187811],[-72.99397591587956,-13.441517803210232],[-72.99489916428104,-13.441525159269723],[-72.9948916504106,-13.442428842759782],[-72.99396839855503,-13.442421486187811]]]}},{"type":"Feature","properties":{"Cell_ID":453,"Area_ha":1.0,"LC":"9:0.402354,13:0.455685,14:0.141961","XMIN":717184.86160847,"YMIN":8513453.59738907,"XMAX":717284.86160847,"YMAX":8513553.59738907},"geometry":{"type":"Polygon","coordinates":[[[-72.9930752270506,-13.438799395961908],[-72.99308274561875,-13.437895713221582],[-72.99400597965399,-13.437903070611275],[-72.99399846453892,-13.4388067538643],[-72.9930752270506,-13.438799395961908]]]}},{"type":"Feature","properties":{"Cell_ID":454,"Area_ha":1.0,"LC":"3:0.323878,9:0.079438,13:0.199467,14:0.397217","XMIN":717184.86160847,"YMIN":8513353.59738907,"XMAX":717284.86160847,"YMAX":8513453.59738907},"geometry":{"type":"Polygon","coordinates":[[[-72.99306770792984,-13.439703078633379],[-72.9930752270506,-13.438799395961908],[-72.99399846453892,-13.4388067538643],[-72.99399094887151,-13.43971043704847],[-72.99306770792984,-13.439703078633379]]]}},{"type":"Feature","properties":{"Cell_ID":455,"Area_ha":1.0,"LC":"9:0.278623,14:0.721377","XMIN":717184.86160847,"YMIN":8513253.59738907,"XMAX":717284.86160847,"YMAX":8513353.59738907},"geometry":{"type":"Polygon","coordinates":[[[-72.99306018825646,-13.440606761235985],[-72.99306770792984,-13.439703078633379],[-72.99399094887151,-13.43971043704847],[-72.99398343265172,-13.440614120163783],[-72.99306018825646,-13.440606761235985]]]}},{"type":"Feature","properties":{"Cell_ID":456,"Area_ha":1.0,"LC":"5:0.299978,9:0.137092,13:0.058763,14:0.504167","XMIN":717284.86160847,"YMIN":8513453.59738907,"XMAX":717384.86160847,"YMAX":8513553.59738907},"geometry":{"type":"Polygon","coordinates":[[[-72.99215199011488,-13.438792034679226],[-72.99215951213608,-13.437888352451829],[-72.99308274561875,-13.437895713221582],[-72.9930752270506,-13.438799395961908],[-72.99215199011488,-13.438792034679226]]]}},{"type":"Feature","properties":{"Cell_ID":457,"Area_ha":1.0,"LC":"3:0.635278,5:0.143900,9:0.018897,13:0.000415,14:0.201510","XMIN":717284.86160847,"YMIN":8513353.59738907,"XMAX":717384.86160847,"YMAX":8513453.59738907},"geometry":{"type":"Polygon","coordinates":[[[-72.9921444675408,-13.439695716837758],[-72.99215199011488,-13.438792034679226],[-72.9930752270506,-13.438799395961908],[-72.99306770792984,-13.439703078633379],[-72.9921444675408,-13.439695716837758]]]}},{"type":"Feature","properties":{"Cell_ID":458,"Area_ha":1.0,"LC":"3:0.000844,9:0.478195,14:0.520962","XMIN":717284.86160847,"YMIN":8513253.59738907,"XMAX":717384.86160847,"YMAX":8513353.59738907},"geometry":{"type":"Polygon","coordinates":[[[-72.99213694441383,-13.44059939892743],[-72.9921444675408,-13.439695716837758],[-72.99306770792984,-13.439703078633379],[-72.99306018825646,-13.440606761235985],[-72.99213694441383,-13.44059939892743]]]}},{"type":"Feature","properties":{"Cell_ID":459,"Area_ha":1.0,"LC":"5:0.018897,9:0.263900,13:0.040415,14:0.676789","XMIN":717384.86160847,"YMIN":8513453.59738907,"XMAX":717484.86160847,"YMAX":8513553.59738907},"geometry":{"type":"Polygon","coordinates":[[[-72.991228753732,-13.43878467001626],[-72.99123627920628,-13.43788098830203],[-72.99215951213608,-13.437888352451829],[-72.99215199011488,-13.438792034679226],[-72.991228753732,-13.43878467001626]]]}},{"type":"Feature","properties":{"Cell_ID":460,"Area_ha":1.0,"LC":"5:0.217225,14:0.782775","XMIN":717384.86160847,"YMIN":8513353.59738907,"XMAX":717484.86160847,"YMAX":8513453.59738907},"geometry":{"type":"Polygon","coordinates":[[[-72.99122122770461,-13.439688351661626],[-72.991228753732,-13.43878467001626],[-72.99215199011488,-13.438792034679226],[-72.9921444675408,-13.439695716837758],[-72.99122122770461,-13.439688351661626]]]}},{"type":"Feature","properties":{"Cell_ID":461,"Area_ha":1.0,"LC":"9:0.563878,13:0.436122","XMIN":717484.86160847,"YMIN":8513553.59738907,"XMAX":717584.86160847,"YMAX":8513653.59738907},"geometry":{"type":"Polygon","coordinates":[[[-72.99031304682958,-13.437873620772198],[-72.99032057520357,-13.436969939502504],[-72.99124380412746,-13.43697730651894],[-72.99123627920628,-13.43788098830203],[-72.99031304682958,-13.437873620772198]]]}},{"type":"Feature","properties":{"Cell_ID":462,"Area_ha":1.0,"LC":"9:0.580437,14:0.419563","XMIN":717484.86160847,"YMIN":8513453.59738907,"XMAX":717584.86160847,"YMAX":8513553.59738907},"geometry":{"type":"Polygon","coordinates":[[[-72.99030551790226,-13.438777301973023],[-72.99031304682958,-13.437873620772198],[-72.99123627920628,-13.43788098830203],[-72.991228753732,-13.43878467001626],[-72.99030551790226,-13.438777301973023]]]}},{"type":"Feature","properties":{"Cell_ID":463,"Area_ha":1.0,"LC":"14:1.000000","XMIN":717484.86160847,"YMIN":8513353.59738907,"XMAX":717584.86160847,"YMAX":8513453.59738907},"geometry":{"type":"Polygon","coordinates":[[[-72.99029798842156,-13.439680983104981],[-72.99030551790226,-13.438777301973023],[-72.991228753732,-13.43878467001626],[-72.99122122770461,-13.439688351661626],[-72.99029798842156,-13.439680983104981]]]}},{"type":"Feature","properties":{"Cell_ID":464,"Area_ha":1.0,"LC":"9:0.678490,13:0.000562,18:0.320948","XMIN":717584.86160847,"YMIN":8513553.59738907,"XMAX":717684.86160847,"YMAX":8513653.59738907},"geometry":{"type":"Polygon","coordinates":[[[-72.98938981500625,-13.437866249862333],[-72.98939734683302,-13.436962569106274],[-72.99032057520357,-13.436969939502504],[-72.99031304682958,-13.437873620772198],[-72.98938981500625,-13.437866249862333]]]}},{"type":"Feature","properties":{"Cell_ID":465,"Area_ha":1.0,"LC":"9:0.078476,13:0.222199,14:0.336395,18:0.362930","XMIN":717584.86160847,"YMIN":8513453.59738907,"XMAX":717684.86160847,"YMAX":8513553.59738907},"geometry":{"type":"Polygon","coordinates":[[[-72.98938228262588,-13.438769930549523],[-72.98938981500625,-13.437866249862333],[-72.99031304682958,-13.437873620772198],[-72.99030551790226,-13.438777301973023],[-72.98938228262588,-13.438769930549523]]]}},{"type":"Feature","properties":{"Cell_ID":466,"Area_ha":1.0,"LC":"13:0.624566,14:0.375434","XMIN":717584.86160847,"YMIN":8513353.59738907,"XMAX":717684.86160847,"YMAX":8513453.59738907},"geometry":{"type":"Polygon","coordinates":[[[-72.98937474969189,-13.439673611167835],[-72.98938228262588,-13.438769930549523],[-72.99030551790226,-13.438777301973023],[-72.99029798842156,-13.439680983104981],[-72.98937474969189,-13.439673611167835]]]}},{"type":"Feature","properties":{"Cell_ID":467,"Area_ha":1.0,"LC":"5:0.163597,9:0.836403","XMIN":717684.86160847,"YMIN":8513653.59738907,"XMAX":717784.86160847,"YMAX":8513753.59738907},"geometry":{"type":"Polygon","coordinates":[[[-72.98847411901606,-13.436955195330267],[-72.98848165374174,-13.43605151501921],[-72.98940487810616,-13.436058888281353],[-72.98939734683302,-13.436962569106274],[-72.98847411901606,-13.436955195330267]]]}},{"type":"Feature","properties":{"Cell_ID":468,"Area_ha":1.0,"LC":"5:0.000429,9:0.842488,18:0.157084","XMIN":717684.86160847,"YMIN":8513553.59738907,"XMAX":717784.86160847,"YMAX":8513653.59738907},"geometry":{"type":"Polygon","coordinates":[[[-72.98846658373652,-13.437858875572454],[-72.98847411901606,-13.436955195330267],[-72.98939734683302,-13.436962569106274],[-72.98938981500625,-13.437866249862333],[-72.98846658373652,-13.437858875572454]]]}},{"type":"Feature","properties":{"Cell_ID":469,"Area_ha":1.0,"LC":"9:0.063337,13:0.376114,18:0.560549","XMIN":717684.86160847,"YMIN":8513453.59738907,"XMAX":717784.86160847,"YMAX":8513553.59738907},"geometry":{"type":"Polygon","coordinates":[[[-72.98845904790312,-13.438762555745768],[-72.98846658373652,-13.437858875572454],[-72.98938981500625,-13.437866249862333],[-72.98938228262588,-13.438769930549523],[-72.98845904790312,-13.438762555745768]]]}},{"type":"Feature","properties":{"Cell_ID":470,"Area_ha":1.0,"LC":"13:0.716256,18:0.283744","XMIN":717684.86160847,"YMIN":8513353.59738907,"XMAX":717784.86160847,"YMAX":8513453.59738907},"geometry":{"type":"Polygon","coordinates":[[[-72.98845151151585,-13.439666235850204],[-72.98845904790312,-13.438762555745768],[-72.98938228262588,-13.438769930549523],[-72.98937474969189,-13.439673611167835],[-72.98845151151585,-13.439666235850204]]]}}]}