{"type":"FeatureCollection","features":[{"type":"Feature","properties":{"Cell_ID":1,"Area_ha":1.0,"LC":"5:0.018897,9:0.744847,13:0.236256","XMIN":706884.86160847,"YMIN":8511173.59738907,"XMAX":706984.86160847,"YMAX":8511273.59738907},"geometry":{"type":"Polygon","coordinates":[[[-73.08800808915375,-13.460144625250829],[-73.08801526400936,-13.459240892502626],[-73.08893863241906,-13.459247912834483],[-73.08893146102331,-13.460151646071203],[-73.08800808915375,-13.460144625250829]]]}},{"type":"Feature","properties":{"Cell_ID":2,"Area_ha":1.0,"LC":"5:0.625410,13:0.374590","XMIN":706984.86160847,"YMIN":8511373.59738907,"XMAX":707084.86160847,"YMAX":8511473.59738907},"geometry":{"type":"Polygon","coordinates":[[[-73.08709907391489,-13.458330136456363],[-73.08710625117651,-13.457426404059744],[-73.0880296121406,-13.45743342680048],[-73.08802243833831,-13.45833715968584],[-73.08709907391489,-13.458330136456363]]]}},{"type":"Feature","properties":{"Cell_ID":3,"Area_ha":1.0,"LC":"5:0.144847,9:0.216395,13:0.638757","XMIN":706984.86160847,"YMIN":8511273.59738907,"XMAX":707084.86160847,"YMAX":8511373.59738907},"geometry":{"type":"Polygon","coordinates":[[[-73.08709189612634,-13.459233868784395],[-73.08709907391489,-13.458330136456363],[-73.08802243833831,-13.45833715968584],[-73.08801526400936,-13.459240892502626],[-73.08709189612634,-13.459233868784395]]]}},{"type":"Feature","properties":{"Cell_ID":4,"Area_ha":1.0,"LC":"5:0.183337,9:0.696382,13:0.120281","XMIN":706984.86160847,"YMIN":8511173.59738907,"XMAX":707084.86160847,"YMAX":8511273.59738907},"geometry":{"type":"Polygon","coordinates":[[[-73.08708471781085,-13.46013760104385],[-73.08709189612634,-13.459233868784395],[-73.08801526400936,-13.459240892502626],[-73.08800808915375,-13.460144625250829],[-73.08708471781085,-13.46013760104385]]]}},{"type":"Feature","properties":{"Cell_ID":5,"Area_ha":1.0,"LC":"5:0.620126,9:0.360844,13:0.019031","XMIN":706984.86160847,"YMIN":8511073.59738907,"XMAX":707084.86160847,"YMAX":8511173.59738907},"geometry":{"type":"Polygon","coordinates":[[[-73.08707753896844,-13.461041333234714],[-73.08708471781085,-13.46013760104385],[-73.08800808915375,-13.460144625250829],[-73.08800091377142,-13.46104835793045],[-73.08707753896844,-13.461041333234714]]]}},{"type":"Feature","properties":{"Cell_ID":6,"Area_ha":1.0,"LC":"5:0.840844,9:0.159156","XMIN":706984.86160847,"YMIN":8510273.59738907,"XMAX":707084.86160847,"YMAX":8510373.59738907},"geometry":{"type":"Polygon","coordinates":[[[-73.08702008925825,-13.468271188291926],[-73.08702727231649,-13.467367456649924],[-73.08795067134733,-13.467374484767037],[-73.08794349175122,-13.468278216897819],[-73.08702008925825,-13.468271188291926]]]}},{"type":"Feature","properties":{"Cell_ID":7,"Area_ha":1.0,"LC":"5:0.755278,9:0.244722","XMIN":706984.86160847,"YMIN":8510173.59738907,"XMAX":707084.86160847,"YMAX":8510273.59738907},"geometry":{"type":"Polygon","coordinates":[[[-73.08701290567296,-13.469174919865297],[-73.08702008925825,-13.468271188291926],[-73.08794349175122,-13.468278216897819],[-73.08793631162833,-13.469181948959982],[-73.08701290567296,-13.469174919865297]]]}},{"type":"Feature","properties":{"Cell_ID":8,"Area_ha":1.0,"LC":"5:1.000000","XMIN":706984.86160847,"YMIN":8509973.59738907,"XMAX":707084.86160847,"YMAX":8510073.59738907},"geometry":{"type":"Polygon","coordinates":[[[-73.08699853692129,-13.470982382806147],[-73.08700572156064,-13.470078651370038],[-73.08792913097867,-13.470085680953511],[-73.08792194980221,-13.470989412878412],[-73.08699853692129,-13.470982382806147]]]}},{"type":"Feature","properties":{"Cell_ID":9,"Area_ha":1.0,"LC":"5:1.000000","XMIN":707084.86160847,"YMIN":8511473.59738907,"XMAX":707184.86160847,"YMAX":8511573.59738907},"geometry":{"type":"Polygon","coordinates":[[[-73.08618289073934,-13.457419377933121],[-73.08619007093313,-13.456515645956907],[-73.08711342791123,-13.456522671594556],[-73.08710625117651,-13.457426404059744],[-73.08618289073934,-13.457419377933121]]]}},{"type":"Feature","properties":{"Cell_ID":10,"Area_ha":1.0,"LC":"5:1.000000","XMIN":707084.86160847,"YMIN":8511373.59738907,"XMAX":707184.86160847,"YMAX":8511473.59738907},"geometry":{"type":"Polygon","coordinates":[[[-73.08617571001838,-13.458323109840759],[-73.08618289073934,-13.457419377933121],[-73.08710625117651,-13.457426404059744],[-73.08709907391489,-13.458330136456363],[-73.08617571001838,-13.458323109840759]]]}},{"type":"Feature","properties":{"Cell_ID":11,"Area_ha":1.0,"LC":"5:1.000000","XMIN":707084.86160847,"YMIN":8511273.59738907,"XMAX":707184.86160847,"YMAX":8511373.59738907},"geometry":{"type":"Polygon","coordinates":[[[-73.08616852877024,-13.459226841679811],[-73.08617571001838,-13.458323109840759],[-73.08709907391489,-13.458330136456363],[-73.08709189612634,-13.459233868784395],[-73.08616852877024,-13.459226841679811]]]}},{"type":"Feature","properties":{"Cell_ID":12,"Area_ha":1.0,"LC":"5:0.882354,9:0.117646","XMIN":707084.86160847,"YMIN":8511173.59738907,"XMAX":707184.86160847,"YMAX":8511273.59738907},"geometry":{"type":"Polygon","coordinates":[[[-73.08616134699493,-13.460130573450279],[-73.08616852877024,-13.459226841679811],[-73.08709189612634,-13.459233868784395],[-73.08708471781085,-13.46013760104385],[-73.08616134699493,-13.460130573450279]]]}},{"type":"Feature","properties":{"Cell_ID":13,"Area_ha":1.0,"LC":"5:0.921524,9:0.078476","XMIN":707084.86160847,"YMIN":8511073.59738907,"XMAX":707184.86160847,"YMAX":8511173.59738907},"geometry":{"type":"Polygon","coordinates":[[[-73.0861541646924,-13.461034305152152],[-73.08616134699493,-13.460130573450279],[-73.08708471781085,-13.46013760104385],[-73.08707753896844,-13.461041333234714],[-73.0861541646924,-13.461034305152152]]]}},{"type":"Feature","properties":{"Cell_ID":14,"Area_ha":1.0,"LC":"5:0.800844,9:0.178334,16:0.020822","XMIN":707084.86160847,"YMIN":8510973.59738907,"XMAX":707184.86160847,"YMAX":8511073.59738907},"geometry":{"type":"Polygon","coordinates":[[[-73.0861469818627,-13.46193803678543],[-73.0861541646924,-13.461034305152152],[-73.08707753896844,-13.461041333234714],[-73.08707035959908,-13.461945065356984],[-73.0861469818627,-13.46193803678543]]]}},{"type":"Feature","properties":{"Cell_ID":15,"Area_ha":1.0,"LC":"5:0.038490,9:0.738454,16:0.223056","XMIN":707084.86160847,"YMIN":8510873.59738907,"XMAX":707184.86160847,"YMAX":8510973.59738907},"geometry":{"type":"Polygon","coordinates":[[[-73.08613979850577,-13.462841768350106],[-73.0861469818627,-13.46193803678543],[-73.08707035959908,-13.461945065356984],[-73.08706317970277,-13.46284879741066],[-73.08613979850577,-13.462841768350106]]]}},{"type":"Feature","properties":{"Cell_ID":16,"Area_ha":1.0,"LC":"5:0.855819,9:0.144181","XMIN":707084.86160847,"YMIN":8510773.59738907,"XMAX":707184.86160847,"YMAX":8510873.59738907},"geometry":{"type":"Polygon","coordinates":[[[-73.08613261462163,-13.46374549984618],[-73.08613979850577,-13.462841768350106],[-73.08706317970277,-13.46284879741066],[-73.08705599927947,-13.463752529395736],[-73.08613261462163,-13.46374549984618]]]}},{"type":"Feature","properties":{"Cell_ID":17,"Area_ha":1.0,"LC":"5:1.000000","XMIN":707084.86160847,"YMIN":8510673.59738907,"XMAX":707184.86160847,"YMAX":8510773.59738907},"geometry":{"type":"Polygon","coordinates":[[[-73.08612543021026,-13.464649231273642],[-73.08613261462163,-13.46374549984618],[-73.08705599927947,-13.463752529395736],[-73.08704881832922,-13.464656261312202],[-73.08612543021026,-13.464649231273642]]]}},{"type":"Feature","properties":{"Cell_ID":18,"Area_ha":1.0,"LC":"5:1.000000","XMIN":707084.86160847,"YMIN":8510573.59738907,"XMAX":707184.86160847,"YMAX":8510673.59738907},"geometry":{"type":"Polygon","coordinates":[[[-73.08611824527165,-13.46555296263249],[-73.08612543021026,-13.464649231273642],[-73.08704881832922,-13.464656261312202],[-73.08704163685198,-13.465559993160056],[-73.08611824527165,-13.46555296263249]]]}},{"type":"Feature","properties":{"Cell_ID":19,"Area_ha":1.0,"LC":"5:1.000000","XMIN":707084.86160847,"YMIN":8510473.59738907,"XMAX":707184.86160847,"YMAX":8510573.59738907},"geometry":{"type":"Polygon","coordinates":[[[-73.08611105980579,-13.466456693922721],[-73.08611824527165,-13.46555296263249],[-73.08704163685198,-13.465559993160056],[-73.08703445484774,-13.466463724939299],[-73.08611105980579,-13.466456693922721]]]}},{"type":"Feature","properties":{"Cell_ID":20,"Area_ha":1.0,"LC":"5:1.000000","XMIN":707084.86160847,"YMIN":8510373.59738907,"XMAX":707184.86160847,"YMAX":8510473.59738907},"geometry":{"type":"Polygon","coordinates":[[[-73.08610387381268,-13.467360425144332],[-73.08611105980579,-13.466456693922721],[-73.08703445484774,-13.466463724939299],[-73.08702727231649,-13.467367456649924],[-73.08610387381268,-13.467360425144332]]]}},{"type":"Feature","properties":{"Cell_ID":21,"Area_ha":1.0,"LC":"5:1.000000","XMIN":707084.86160847,"YMIN":8510273.59738907,"XMAX":707184.86160847,"YMAX":8510373.59738907},"geometry":{"type":"Polygon","coordinates":[[[-73.08609668729228,-13.468264156297314],[-73.08610387381268,-13.467360425144332],[-73.08702727231649,-13.467367456649924],[-73.08702008925825,-13.468271188291926],[-73.08609668729228,-13.468264156297314]]]}},{"type":"Feature","properties":{"Cell_ID":22,"Area_ha":1.0,"LC":"5:0.564159,9:0.435841","XMIN":707084.86160847,"YMIN":8510173.59738907,"XMAX":707184.86160847,"YMAX":8510273.59738907},"geometry":{"type":"Polygon","coordinates":[[[-73.08608950024463,-13.46916788738167],[-73.08609668729228,-13.468264156297314],[-73.08702008925825,-13.468271188291926],[-73.08701290567296,-13.469174919865297],[-73.08608950024463,-13.46916788738167]]]}},{"type":"Feature","properties":{"Cell_ID":23,"Area_ha":1.0,"LC":"5:0.999719,9:0.000281","XMIN":707084.86160847,"YMIN":8510073.59738907,"XMAX":707184.86160847,"YMAX":8510173.59738907},"geometry":{"type":"Polygon","coordinates":[[[-73.08608231266967,-13.470071618397384],[-73.08608950024463,-13.46916788738167],[-73.08701290567296,-13.469174919865297],[-73.08700572156064,-13.470078651370038],[-73.08608231266967,-13.470071618397384]]]}},{"type":"Feature","properties":{"Cell_ID":24,"Area_ha":1.0,"LC":"5:1.000000","XMIN":707084.86160847,"YMIN":8509973.59738907,"XMAX":707184.86160847,"YMAX":8510073.59738907},"geometry":{"type":"Polygon","coordinates":[[[-73.08607512456743,-13.470975349344464],[-73.08608231266967,-13.470071618397384],[-73.08700572156064,-13.470078651370038],[-73.08699853692129,-13.470982382806147],[-73.08607512456743,-13.470975349344464]]]}},{"type":"Feature","properties":{"Cell_ID":25,"Area_ha":1.0,"LC":"5:0.899740,9:0.100260","XMIN":707084.86160847,"YMIN":8509873.59738907,"XMAX":707184.86160847,"YMAX":8509973.59738907},"geometry":{"type":"Polygon","coordinates":[[[-73.08606793593789,-13.471879080222898],[-73.08607512456743,-13.470975349344464],[-73.08699853692129,-13.470982382806147],[-73.08699135175489,-13.471886114173616],[-73.08606793593789,-13.471879080222898]]]}},{"type":"Feature","properties":{"Cell_ID":26,"Area_ha":1.0,"LC":"3:0.182199,5:0.817801","XMIN":707184.86160847,"YMIN":8512073.59738907,"XMAX":707284.86160847,"YMAX":8512173.59738907},"geometry":{"type":"Polygon","coordinates":[[[-73.08530262483563,-13.451989958470005],[-73.08530980532419,-13.451086226571599],[-73.08623314102603,-13.45109325265969],[-73.08622596399502,-13.451996985047291],[-73.08530262483563,-13.451989958470005]]]}},{"type":"Feature","properties":{"Cell_ID":27,"Area_ha":1.0,"LC":"3:0.103618,5:0.896382","XMIN":707184.86160847,"YMIN":8511973.59738907,"XMAX":707284.86160847,"YMAX":8512073.59738907},"geometry":{"type":"Polygon","coordinates":[[[-73.0852954438197,-13.45289369029986],[-73.08530262483563,-13.451989958470005],[-73.08622596399502,-13.451996985047291],[-73.08621878643689,-13.452900717366338],[-73.0852954438197,-13.45289369029986]]]}},{"type":"Feature","properties":{"Cell_ID":28,"Area_ha":1.0,"LC":"5:1.000000","XMIN":707184.86160847,"YMIN":8511873.59738907,"XMAX":707284.86160847,"YMAX":8511973.59738907},"geometry":{"type":"Polygon","coordinates":[[[-73.0852882622764,-13.453797422061152],[-73.0852954438197,-13.45289369029986],[-73.08621878643689,-13.452900717366338],[-73.08621160835165,-13.453804449616827],[-73.0852882622764,-13.453797422061152]]]}},{"type":"Feature","properties":{"Cell_ID":29,"Area_ha":1.0,"LC":"5:1.000000","XMIN":707184.86160847,"YMIN":8511673.59738907,"XMAX":707284.86160847,"YMAX":8511773.59738907},"geometry":{"type":"Polygon","coordinates":[[[-73.08527389760766,-13.455604885378035],[-73.08528108020573,-13.454701153753877],[-73.08620442973928,-13.454708181798752],[-73.08619725059978,-13.455611913912115],[-73.08527389760766,-13.455604885378035]]]}},{"type":"Feature","properties":{"Cell_ID":30,"Area_ha":1.0,"LC":"5:1.000000","XMIN":707184.86160847,"YMIN":8511573.59738907,"XMAX":707284.86160847,"YMAX":8511673.59738907},"geometry":{"type":"Polygon","coordinates":[[[-73.0852667144822,-13.456508616933617],[-73.08527389760766,-13.455604885378035],[-73.08619725059978,-13.455611913912115],[-73.08619007093313,-13.456515645956907],[-73.0852667144822,-13.456508616933617]]]}},{"type":"Feature","properties":{"Cell_ID":31,"Area_ha":1.0,"LC":"5:1.000000","XMIN":707184.86160847,"YMIN":8511473.59738907,"XMAX":707284.86160847,"YMAX":8511573.59738907},"geometry":{"type":"Polygon","coordinates":[[[-73.08525953082932,-13.457412348420618],[-73.0852667144822,-13.456508616933617],[-73.08619007093313,-13.456515645956907],[-73.08618289073934,-13.457419377933121],[-73.08525953082932,-13.457412348420618]]]}},{"type":"Feature","properties":{"Cell_ID":32,"Area_ha":1.0,"LC":"5:1.000000","XMIN":707184.86160847,"YMIN":8511373.59738907,"XMAX":707284.86160847,"YMAX":8511473.59738907},"geometry":{"type":"Polygon","coordinates":[[[-73.08525234664904,-13.458316079839042],[-73.08525953082932,-13.457412348420618],[-73.08618289073934,-13.457419377933121],[-73.08617571001838,-13.458323109840759],[-73.08525234664904,-13.458316079839042]]]}},{"type":"Feature","properties":{"Cell_ID":33,"Area_ha":1.0,"LC":"5:1.000000","XMIN":707184.86160847,"YMIN":8511273.59738907,"XMAX":707284.86160847,"YMAX":8511373.59738907},"geometry":{"type":"Polygon","coordinates":[[[-73.08524516194133,-13.459219811188877],[-73.08525234664904,-13.458316079839042],[-73.08617571001838,-13.458323109840759],[-73.08616852877024,-13.459226841679811],[-73.08524516194133,-13.459219811188877]]]}},{"type":"Feature","properties":{"Cell_ID":34,"Area_ha":1.0,"LC":"5:1.000000","XMIN":707184.86160847,"YMIN":8511173.59738907,"XMAX":707284.86160847,"YMAX":8511273.59738907},"geometry":{"type":"Polygon","coordinates":[[[-73.08523797670615,-13.460123542470122],[-73.08524516194133,-13.459219811188877],[-73.08616852877024,-13.459226841679811],[-73.08616134699493,-13.460130573450279],[-73.08523797670615,-13.460123542470122]]]}},{"type":"Feature","properties":{"Cell_ID":35,"Area_ha":1.0,"LC":"5:1.000000","XMIN":707184.86160847,"YMIN":8511073.59738907,"XMAX":707284.86160847,"YMAX":8511173.59738907},"geometry":{"type":"Polygon","coordinates":[[[-73.08523079094357,-13.46102727368277],[-73.08523797670615,-13.460123542470122],[-73.08616134699493,-13.460130573450279],[-73.0861541646924,-13.461034305152152],[-73.08523079094357,-13.46102727368277]]]}},{"type":"Feature","properties":{"Cell_ID":36,"Area_ha":1.0,"LC":"5:0.281259,9:0.480000,16:0.238741","XMIN":707184.86160847,"YMIN":8510973.59738907,"XMAX":707284.86160847,"YMAX":8511073.59738907},"geometry":{"type":"Polygon","coordinates":[[[-73.08522360465352,-13.461931004826818],[-73.08523079094357,-13.46102727368277],[-73.0861541646924,-13.461034305152152],[-73.0861469818627,-13.46193803678543],[-73.08522360465352,-13.461931004826818]]]}},{"type":"Feature","properties":{"Cell_ID":37,"Area_ha":1.0,"LC":"5:0.342493,6:0.121229,9:0.317927,16:0.218350","XMIN":707184.86160847,"YMIN":8510873.59738907,"XMAX":707284.86160847,"YMAX":8510973.59738907},"geometry":{"type":"Polygon","coordinates":[[[-73.085216417836,-13.462834735902263],[-73.08522360465352,-13.461931004826818],[-73.0861469818627,-13.46193803678543],[-73.08613979850577,-13.462841768350106],[-73.085216417836,-13.462834735902263]]]}},{"type":"Feature","properties":{"Cell_ID":38,"Area_ha":1.0,"LC":"5:0.278208,6:0.664566,9:0.057225","XMIN":707184.86160847,"YMIN":8510773.59738907,"XMAX":707284.86160847,"YMAX":8510873.59738907},"geometry":{"type":"Polygon","coordinates":[[[-73.085209230491,-13.4637384669091],[-73.085216417836,-13.462834735902263],[-73.08613979850577,-13.462841768350106],[-73.08613261462163,-13.46374549984618],[-73.085209230491,-13.4637384669091]]]}},{"type":"Feature","properties":{"Cell_ID":39,"Area_ha":1.0,"LC":"5:0.839009,6:0.160991","XMIN":707184.86160847,"YMIN":8510673.59738907,"XMAX":707284.86160847,"YMAX":8510773.59738907},"geometry":{"type":"Polygon","coordinates":[[[-73.08520204261853,-13.464642197847322],[-73.085209230491,-13.4637384669091],[-73.08613261462163,-13.46374549984618],[-73.08612543021026,-13.464649231273642],[-73.08520204261853,-13.464642197847322]]]}},{"type":"Feature","properties":{"Cell_ID":40,"Area_ha":1.0,"LC":"5:1.000000","XMIN":707184.86160847,"YMIN":8510573.59738907,"XMAX":707284.86160847,"YMAX":8510673.59738907},"geometry":{"type":"Polygon","coordinates":[[[-73.08519485421857,-13.465545928716926],[-73.08520204261853,-13.464642197847322],[-73.08612543021026,-13.464649231273642],[-73.08611824527165,-13.46555296263249],[-73.08519485421857,-13.465545928716926]]]}},{"type":"Feature","properties":{"Cell_ID":41,"Area_ha":1.0,"LC":"5:1.000000","XMIN":707184.86160847,"YMIN":8510473.59738907,"XMAX":707284.86160847,"YMAX":8510573.59738907},"geometry":{"type":"Polygon","coordinates":[[[-73.08518766529109,-13.466449659517913],[-73.08519485421857,-13.465545928716926],[-73.08611824527165,-13.46555296263249],[-73.08611105980579,-13.466456693922721],[-73.08518766529109,-13.466449659517913]]]}},{"type":"Feature","properties":{"Cell_ID":42,"Area_ha":1.0,"LC":"5:1.000000","XMIN":707184.86160847,"YMIN":8510373.59738907,"XMAX":707284.86160847,"YMAX":8510473.59738907},"geometry":{"type":"Polygon","coordinates":[[[-73.08518047583611,-13.46735339025027],[-73.08518766529109,-13.466449659517913],[-73.08611105980579,-13.466456693922721],[-73.08610387381268,-13.467360425144332],[-73.08518047583611,-13.46735339025027]]]}},{"type":"Feature","properties":{"Cell_ID":43,"Area_ha":1.0,"LC":"5:1.000000","XMIN":707184.86160847,"YMIN":8510273.59738907,"XMAX":707284.86160847,"YMAX":8510373.59738907},"geometry":{"type":"Polygon","coordinates":[[[-73.0851732858536,-13.468257120914],[-73.08518047583611,-13.46735339025027],[-73.08610387381268,-13.467360425144332],[-73.08609668729228,-13.468264156297314],[-73.0851732858536,-13.468257120914]]]}},{"type":"Feature","properties":{"Cell_ID":44,"Area_ha":1.0,"LC":"5:1.000000","XMIN":707184.86160847,"YMIN":8510173.59738907,"XMAX":707284.86160847,"YMAX":8510273.59738907},"geometry":{"type":"Polygon","coordinates":[[[-73.08516609534357,-13.469160851509095],[-73.0851732858536,-13.468257120914],[-73.08609668729228,-13.468264156297314],[-73.08608950024463,-13.46916788738167],[-73.08516609534357,-13.469160851509095]]]}},{"type":"Feature","properties":{"Cell_ID":45,"Area_ha":1.0,"LC":"5:0.695300,6:0.304700","XMIN":707184.86160847,"YMIN":8510073.59738907,"XMAX":707284.86160847,"YMAX":8510173.59738907},"geometry":{"type":"Polygon","coordinates":[[[-73.085158904306,-13.47006458203555],[-73.08516609534357,-13.469160851509095],[-73.08608950024463,-13.46916788738167],[-73.08608231266967,-13.470071618397384],[-73.085158904306,-13.47006458203555]]]}},{"type":"Feature","properties":{"Cell_ID":46,"Area_ha":1.0,"LC":"5:0.978883,6:0.021117","XMIN":707184.86160847,"YMIN":8509973.59738907,"XMAX":707284.86160847,"YMAX":8510073.59738907},"geometry":{"type":"Polygon","coordinates":[[[-73.08515171274088,-13.470968312493365],[-73.085158904306,-13.47006458203555],[-73.08608231266967,-13.470071618397384],[-73.08607512456743,-13.470975349344464],[-73.08515171274088,-13.470968312493365]]]}},{"type":"Feature","properties":{"Cell_ID":47,"Area_ha":1.0,"LC":"5:0.941384,9:0.058616","XMIN":707184.86160847,"YMIN":8509873.59738907,"XMAX":707284.86160847,"YMAX":8509973.59738907},"geometry":{"type":"Polygon","coordinates":[[[-73.0851445206482,-13.471872042882532],[-73.08515171274088,-13.470968312493365],[-73.08607512456743,-13.470975349344464],[-73.08606793593789,-13.471879080222898],[-73.0851445206482,-13.471872042882532]]]}},{"type":"Feature","properties":{"Cell_ID":48,"Area_ha":1.0,"LC":"5:0.465129,9:0.534871","XMIN":707184.86160847,"YMIN":8509773.59738907,"XMAX":707284.86160847,"YMAX":8509873.59738907},"geometry":{"type":"Polygon","coordinates":[[[-73.08513732802794,-13.472775773203045],[-73.0851445206482,-13.471872042882532],[-73.08606793593789,-13.471879080222898],[-73.08606074678102,-13.472782811032683],[-73.08513732802794,-13.472775773203045]]]}},{"type":"Feature","properties":{"Cell_ID":49,"Area_ha":1.0,"LC":"5:0.703190,9:0.296810","XMIN":707184.86160847,"YMIN":8509673.59738907,"XMAX":707284.86160847,"YMAX":8509773.59738907},"geometry":{"type":"Polygon","coordinates":[[[-73.08513013488012,-13.473679503454903],[-73.08513732802794,-13.472775773203045],[-73.08606074678102,-13.472782811032683],[-73.08605355709683,-13.473686541773818],[-73.08513013488012,-13.473679503454903]]]}},{"type":"Feature","properties":{"Cell_ID":50,"Area_ha":1.0,"LC":"5:0.000429,9:0.400977,13:0.598594","XMIN":707184.86160847,"YMIN":8509573.59738907,"XMAX":707284.86160847,"YMAX":8509673.59738907},"geometry":{"type":"Polygon","coordinates":[[[-73.0851229412047,-13.474583233638105],[-73.08513013488012,-13.473679503454903],[-73.08605355709683,-13.473686541773818],[-73.08604636688531,-13.474590272446296],[-73.0851229412047,-13.474583233638105]]]}},{"type":"Feature","properties":{"Cell_ID":51,"Area_ha":1.0,"LC":"9:0.201229,13:0.798771","XMIN":707184.86160847,"YMIN":8509473.59738907,"XMAX":707284.86160847,"YMAX":8509573.59738907},"geometry":{"type":"Polygon","coordinates":[[[-73.08511574700168,-13.475486963752635],[-73.0851229412047,-13.474583233638105],[-73.08604636688531,-13.474590272446296],[-73.08603917614646,-13.47549400305011],[-73.08511574700168,-13.475486963752635]]]}},{"type":"Feature","properties":{"Cell_ID":52,"Area_ha":1.0,"LC":"9:0.280576,13:0.719424","XMIN":707184.86160847,"YMIN":8509373.59738907,"XMAX":707284.86160847,"YMAX":8509473.59738907},"geometry":{"type":"Polygon","coordinates":[[[-73.08510855227107,-13.476390693798502],[-73.08511574700168,-13.475486963752635],[-73.08603917614646,-13.47549400305011],[-73.08603198488024,-13.47639773358526],[-73.08510855227107,-13.476390693798502]]]}},{"type":"Feature","properties":{"Cell_ID":53,"Area_ha":1.0,"LC":"5:0.504004,9:0.240562,13:0.255434","XMIN":707284.86160847,"YMIN":8512373.59738907,"XMAX":707384.86160847,"YMAX":8512473.59738907},"geometry":{"type":"Polygon","coordinates":[[[-73.08440083645911,-13.449271734075651],[-73.08440801882243,-13.448368002461015],[-73.08533134362582,-13.448375030465073],[-73.0853241647193,-13.449278762569126],[-73.08440083645911,-13.449271734075651]]]}},{"type":"Feature","properties":{"Cell_ID":54,"Area_ha":1.0,"LC":"5:0.980836,13:0.019164","XMIN":707284.86160847,"YMIN":8512273.59738907,"XMAX":707384.86160847,"YMAX":8512373.59738907},"geometry":{"type":"Polygon","coordinates":[[[-73.08439365356821,-13.450175465621742],[-73.08440083645911,-13.449271734075651],[-73.0853241647193,-13.449278762569126],[-73.0853169852854,-13.450182494604636],[-73.08439365356821,-13.450175465621742]]]}},{"type":"Feature","properties":{"Cell_ID":55,"Area_ha":1.0,"LC":"3:0.224138,5:0.716832,9:0.059031","XMIN":707284.86160847,"YMIN":8512173.59738907,"XMAX":707384.86160847,"YMAX":8512273.59738907},"geometry":{"type":"Polygon","coordinates":[[[-73.08438647014971,-13.451079197099281],[-73.08439365356821,-13.450175465621742],[-73.0853169852854,-13.450182494604636],[-73.08530980532419,-13.451086226571599],[-73.08438647014971,-13.451079197099281]]]}},{"type":"Feature","properties":{"Cell_ID":56,"Area_ha":1.0,"LC":"3:0.638075,5:0.361925","XMIN":707284.86160847,"YMIN":8512073.59738907,"XMAX":707384.86160847,"YMAX":8512173.59738907},"geometry":{"type":"Polygon","coordinates":[[[-73.0843792862036,-13.451982928508263],[-73.08438647014971,-13.451079197099281],[-73.08530980532419,-13.451086226571599],[-73.08530262483563,-13.451989958470005],[-73.0843792862036,-13.451982928508263]]]}},{"type":"Feature","properties":{"Cell_ID":57,"Area_ha":1.0,"LC":"3:0.217788,5:0.782212","XMIN":707284.86160847,"YMIN":8511973.59738907,"XMAX":707384.86160847,"YMAX":8512073.59738907},"geometry":{"type":"Polygon","coordinates":[[[-73.08437210172988,-13.452886659848687],[-73.0843792862036,-13.451982928508263],[-73.08530262483563,-13.451989958470005],[-73.0852954438197,-13.45289369029986],[-73.08437210172988,-13.452886659848687]]]}},{"type":"Feature","properties":{"Cell_ID":58,"Area_ha":1.0,"LC":"5:1.000000","XMIN":707284.86160847,"YMIN":8511873.59738907,"XMAX":707384.86160847,"YMAX":8511973.59738907},"geometry":{"type":"Polygon","coordinates":[[[-73.08436491672855,-13.453790391120549],[-73.08437210172988,-13.452886659848687],[-73.0852954438197,-13.45289369029986],[-73.0852882622764,-13.453797422061152],[-73.08436491672855,-13.453790391120549]]]}},{"type":"Feature","properties":{"Cell_ID":59,"Area_ha":1.0,"LC":"5:1.000000","XMIN":707284.86160847,"YMIN":8511773.59738907,"XMAX":707384.86160847,"YMAX":8511873.59738907},"geometry":{"type":"Polygon","coordinates":[[[-73.08435773119956,-13.454694122323836],[-73.08436491672855,-13.453790391120549],[-73.0852882622764,-13.453797422061152],[-73.08528108020573,-13.454701153753877],[-73.08435773119956,-13.454694122323836]]]}},{"type":"Feature","properties":{"Cell_ID":60,"Area_ha":1.0,"LC":"5:1.000000","XMIN":707284.86160847,"YMIN":8511673.59738907,"XMAX":707384.86160847,"YMAX":8511773.59738907},"geometry":{"type":"Polygon","coordinates":[[[-73.08435054514294,-13.455597853458553],[-73.08435773119956,-13.454694122323836],[-73.08528108020573,-13.454701153753877],[-73.08527389760766,-13.455604885378035],[-73.08435054514294,-13.455597853458553]]]}},{"type":"Feature","properties":{"Cell_ID":61,"Area_ha":1.0,"LC":"5:1.000000","XMIN":707284.86160847,"YMIN":8511573.59738907,"XMAX":707384.86160847,"YMAX":8511673.59738907},"geometry":{"type":"Polygon","coordinates":[[[-73.08434335855867,-13.456501584524695],[-73.08435054514294,-13.455597853458553],[-73.08527389760766,-13.455604885378035],[-73.0852667144822,-13.456508616933617],[-73.08434335855867,-13.456501584524695]]]}},{"type":"Feature","properties":{"Cell_ID":62,"Area_ha":1.0,"LC":"5:1.000000","XMIN":707284.86160847,"YMIN":8511473.59738907,"XMAX":707384.86160847,"YMAX":8511573.59738907},"geometry":{"type":"Polygon","coordinates":[[[-73.08433617144674,-13.45740531552225],[-73.08434335855867,-13.456501584524695],[-73.0852667144822,-13.456508616933617],[-73.08525953082932,-13.457412348420618],[-73.08433617144674,-13.45740531552225]]]}},{"type":"Feature","properties":{"Cell_ID":63,"Area_ha":1.0,"LC":"5:1.000000","XMIN":707284.86160847,"YMIN":8511373.59738907,"XMAX":707384.86160847,"YMAX":8511473.59738907},"geometry":{"type":"Polygon","coordinates":[[[-73.08432898380713,-13.458309046451221],[-73.08433617144674,-13.45740531552225],[-73.08525953082932,-13.457412348420618],[-73.08525234664904,-13.458316079839042],[-73.08432898380713,-13.458309046451221]]]}},{"type":"Feature","properties":{"Cell_ID":64,"Area_ha":1.0,"LC":"5:1.000000","XMIN":707284.86160847,"YMIN":8511273.59738907,"XMAX":707384.86160847,"YMAX":8511373.59738907},"geometry":{"type":"Polygon","coordinates":[[[-73.08432179563985,-13.459212777311599],[-73.08432898380713,-13.458309046451221],[-73.08525234664904,-13.458316079839042],[-73.08524516194133,-13.459219811188877],[-73.08432179563985,-13.459212777311599]]]}},{"type":"Feature","properties":{"Cell_ID":65,"Area_ha":1.0,"LC":"5:1.000000","XMIN":707284.86160847,"YMIN":8511173.59738907,"XMAX":707384.86160847,"YMAX":8511273.59738907},"geometry":{"type":"Polygon","coordinates":[[[-73.08431460694486,-13.460116508103388],[-73.08432179563985,-13.459212777311599],[-73.08524516194133,-13.459219811188877],[-73.08523797670615,-13.460123542470122],[-73.08431460694486,-13.460116508103388]]]}},{"type":"Feature","properties":{"Cell_ID":66,"Area_ha":1.0,"LC":"5:0.495862,9:0.504138","XMIN":707284.86160847,"YMIN":8511073.59738907,"XMAX":707384.86160847,"YMAX":8511173.59738907},"geometry":{"type":"Polygon","coordinates":[[[-73.08430741772219,-13.461020238826574],[-73.08431460694486,-13.460116508103388],[-73.08523797670615,-13.460123542470122],[-73.08523079094357,-13.46102727368277],[-73.08430741772219,-13.461020238826574]]]}},{"type":"Feature","properties":{"Cell_ID":67,"Area_ha":1.0,"LC":"5:0.622199,9:0.358771,16:0.019031","XMIN":707284.86160847,"YMIN":8510973.59738907,"XMAX":707384.86160847,"YMAX":8511073.59738907},"geometry":{"type":"Polygon","coordinates":[[[-73.08430022797181,-13.461923969481157],[-73.08430741772219,-13.461020238826574],[-73.08523079094357,-13.46102727368277],[-73.08522360465352,-13.461931004826818],[-73.08430022797181,-13.461923969481157]]]}},{"type":"Feature","properties":{"Cell_ID":68,"Area_ha":1.0,"LC":"5:0.642916,6:0.357084","XMIN":707284.86160847,"YMIN":8510873.59738907,"XMAX":707384.86160847,"YMAX":8510973.59738907},"geometry":{"type":"Polygon","coordinates":[[[-73.0842930376937,-13.462827700067136],[-73.08430022797181,-13.461923969481157],[-73.08522360465352,-13.461931004826818],[-73.085216417836,-13.462834735902263],[-73.0842930376937,-13.462827700067136]]]}},{"type":"Feature","properties":{"Cell_ID":69,"Area_ha":1.0,"LC":"5:0.584566,6:0.415434","XMIN":707284.86160847,"YMIN":8510773.59738907,"XMAX":707384.86160847,"YMAX":8510873.59738907},"geometry":{"type":"Polygon","coordinates":[[[-73.08428584688787,-13.463731430584499],[-73.0842930376937,-13.462827700067136],[-73.085216417836,-13.462834735902263],[-73.085209230491,-13.4637384669091],[-73.08428584688787,-13.463731430584499]]]}},{"type":"Feature","properties":{"Cell_ID":70,"Area_ha":1.0,"LC":"5:0.236417,6:0.763583","XMIN":707284.86160847,"YMIN":8510673.59738907,"XMAX":707384.86160847,"YMAX":8510773.59738907},"geometry":{"type":"Polygon","coordinates":[[[-73.0842786555543,-13.464635161033245],[-73.08428584688787,-13.463731430584499],[-73.085209230491,-13.4637384669091],[-73.08520204261853,-13.464642197847322],[-73.0842786555543,-13.464635161033245]]]}},{"type":"Feature","properties":{"Cell_ID":71,"Area_ha":1.0,"LC":"5:0.698602,6:0.101961,9:0.199438","XMIN":707284.86160847,"YMIN":8510573.59738907,"XMAX":707384.86160847,"YMAX":8510673.59738907},"geometry":{"type":"Polygon","coordinates":[[[-73.08427146369299,-13.465538891413372],[-73.0842786555543,-13.464635161033245],[-73.08520204261853,-13.464642197847322],[-73.08519485421857,-13.465545928716926],[-73.08427146369299,-13.465538891413372]]]}},{"type":"Feature","properties":{"Cell_ID":72,"Area_ha":1.0,"LC":"5:0.555988,9:0.444012","XMIN":707284.86160847,"YMIN":8510473.59738907,"XMAX":707384.86160847,"YMAX":8510573.59738907},"geometry":{"type":"Polygon","coordinates":[[[-73.08426427130391,-13.466442621724875],[-73.08427146369299,-13.465538891413372],[-73.08519485421857,-13.465545928716926],[-73.08518766529109,-13.466449659517913],[-73.08426427130391,-13.466442621724875]]]}},{"type":"Feature","properties":{"Cell_ID":73,"Area_ha":1.0,"LC":"5:0.915841,9:0.084159","XMIN":707284.86160847,"YMIN":8510373.59738907,"XMAX":707384.86160847,"YMAX":8510473.59738907},"geometry":{"type":"Polygon","coordinates":[[[-73.08425707838707,-13.467346351967748],[-73.08426427130391,-13.466442621724875],[-73.08518766529109,-13.466449659517913],[-73.08518047583611,-13.46735339025027],[-73.08425707838707,-13.467346351967748]]]}},{"type":"Feature","properties":{"Cell_ID":74,"Area_ha":1.0,"LC":"5:0.999853,9:0.000147","XMIN":707284.86160847,"YMIN":8510273.59738907,"XMAX":707384.86160847,"YMAX":8510373.59738907},"geometry":{"type":"Polygon","coordinates":[[[-73.08424988494247,-13.468250082141989],[-73.08425707838707,-13.467346351967748],[-73.08518047583611,-13.46735339025027],[-73.0851732858536,-13.468257120914],[-73.08424988494247,-13.468250082141989]]]}},{"type":"Feature","properties":{"Cell_ID":75,"Area_ha":1.0,"LC":"5:0.817520,9:0.182480","XMIN":707284.86160847,"YMIN":8510173.59738907,"XMAX":707384.86160847,"YMAX":8510273.59738907},"geometry":{"type":"Polygon","coordinates":[[[-73.08424269097006,-13.469153812247592],[-73.08424988494247,-13.468250082141989],[-73.0851732858536,-13.468257120914],[-73.08516609534357,-13.469160851509095],[-73.08424269097006,-13.469153812247592]]]}},{"type":"Feature","properties":{"Cell_ID":76,"Area_ha":1.0,"LC":"5:0.643864,6:0.214738,9:0.141398","XMIN":707284.86160847,"YMIN":8510073.59738907,"XMAX":707384.86160847,"YMAX":8510173.59738907},"geometry":{"type":"Polygon","coordinates":[[[-73.08423549646986,-13.47005754228455],[-73.08424269097006,-13.469153812247592],[-73.08516609534357,-13.469160851509095],[-73.085158904306,-13.47006458203555],[-73.08423549646986,-13.47005754228455]]]}},{"type":"Feature","properties":{"Cell_ID":77,"Area_ha":1.0,"LC":"5:0.980554,6:0.019446","XMIN":707284.86160847,"YMIN":8509973.59738907,"XMAX":707384.86160847,"YMAX":8510073.59738907},"geometry":{"type":"Polygon","coordinates":[[[-73.08422830144188,-13.470961272252863],[-73.08423549646986,-13.47005754228455],[-73.085158904306,-13.47006458203555],[-73.08515171274088,-13.470968312493365],[-73.08422830144188,-13.470961272252863]]]}},{"type":"Feature","properties":{"Cell_ID":78,"Area_ha":1.0,"LC":"5:1.000000","XMIN":707284.86160847,"YMIN":8509873.59738907,"XMAX":707384.86160847,"YMAX":8509973.59738907},"geometry":{"type":"Polygon","coordinates":[[[-73.08422110588607,-13.471865002152525],[-73.08422830144188,-13.470961272252863],[-73.08515171274088,-13.470968312493365],[-73.0851445206482,-13.471872042882532],[-73.08422110588607,-13.471865002152525]]]}},{"type":"Feature","properties":{"Cell_ID":79,"Area_ha":1.0,"LC":"5:1.000000","XMIN":707284.86160847,"YMIN":8509773.59738907,"XMAX":707384.86160847,"YMAX":8509873.59738907},"geometry":{"type":"Polygon","coordinates":[[[-73.08421390980244,-13.472768731983532],[-73.08422110588607,-13.471865002152525],[-73.0851445206482,-13.471872042882532],[-73.08513732802794,-13.472775773203045],[-73.08421390980244,-13.472768731983532]]]}},{"type":"Feature","properties":{"Cell_ID":80,"Area_ha":1.0,"LC":"5:1.000000","XMIN":707284.86160847,"YMIN":8509673.59738907,"XMAX":707384.86160847,"YMAX":8509773.59738907},"geometry":{"type":"Polygon","coordinates":[[[-73.08420671319098,-13.473672461745883],[-73.08421390980244,-13.472768731983532],[-73.08513732802794,-13.472775773203045],[-73.08513013488012,-13.473679503454903],[-73.08420671319098,-13.473672461745883]]]}},{"type":"Feature","properties":{"Cell_ID":81,"Area_ha":1.0,"LC":"5:0.361406,9:0.382199,13:0.256395","XMIN":707284.86160847,"YMIN":8509573.59738907,"XMAX":707384.86160847,"YMAX":8509673.59738907},"geometry":{"type":"Polygon","coordinates":[[[-73.08419951605167,-13.474576191439564],[-73.08420671319098,-13.473672461745883],[-73.08513013488012,-13.473679503454903],[-73.0851229412047,-13.474583233638105],[-73.08419951605167,-13.474576191439564]]]}},{"type":"Feature","properties":{"Cell_ID":82,"Area_ha":1.0,"LC":"9:0.740421,13:0.259579","XMIN":707284.86160847,"YMIN":8509473.59738907,"XMAX":707384.86160847,"YMAX":8509573.59738907},"geometry":{"type":"Polygon","coordinates":[[[-73.08419231838452,-13.475479921064581],[-73.08419951605167,-13.474576191439564],[-73.0851229412047,-13.474583233638105],[-73.08511574700168,-13.475486963752635],[-73.08419231838452,-13.475479921064581]]]}},{"type":"Feature","properties":{"Cell_ID":83,"Area_ha":1.0,"LC":"9:0.279320,13:0.720680","XMIN":707284.86160847,"YMIN":8509373.59738907,"XMAX":707384.86160847,"YMAX":8509473.59738907},"geometry":{"type":"Polygon","coordinates":[[[-73.0841851201895,-13.476383650620923],[-73.08419231838452,-13.475479921064581],[-73.08511574700168,-13.475486963752635],[-73.08510855227107,-13.476390693798502],[-73.0841851201895,-13.476383650620923]]]}},{"type":"Feature","properties":{"Cell_ID":84,"Area_ha":1.0,"LC":"13:1.000000","XMIN":707284.86160847,"YMIN":8509273.59738907,"XMAX":707384.86160847,"YMAX":8509373.59738907},"geometry":{"type":"Polygon","coordinates":[[[-73.08417792146662,-13.477287380108592],[-73.0841851201895,-13.476383650620923],[-73.08510855227107,-13.476390693798502],[-73.08510135701282,-13.477294423775692],[-73.08417792146662,-13.477287380108592]]]}},{"type":"Feature","properties":{"Cell_ID":85,"Area_ha":1.0,"LC":"5:0.240281,9:0.759719","XMIN":707384.86160847,"YMIN":8512573.59738907,"XMAX":707484.86160847,"YMAX":8512673.59738907},"geometry":{"type":"Polygon","coordinates":[[[-73.08349187983887,-13.447457239879917],[-73.0834990646033,-13.446553508617841],[-73.08442238196635,-13.446560539026112],[-73.08441520065817,-13.44746427077783],[-73.08349187983887,-13.447457239879917]]]}},{"type":"Feature","properties":{"Cell_ID":86,"Area_ha":1.0,"LC":"5:0.980688,9:0.019312","XMIN":707384.86160847,"YMIN":8512473.59738907,"XMAX":707484.86160847,"YMAX":8512573.59738907},"geometry":{"type":"Polygon","coordinates":[[[-73.08348469454661,-13.448360971073452],[-73.08349187983887,-13.447457239879917],[-73.08441520065817,-13.44746427077783],[-73.08440801882243,-13.448368002461015],[-73.08348469454661,-13.448360971073452]]]}},{"type":"Feature","properties":{"Cell_ID":87,"Area_ha":1.0,"LC":"5:1.000000","XMIN":707384.86160847,"YMIN":8512373.59738907,"XMAX":707484.86160847,"YMAX":8512473.59738907},"geometry":{"type":"Polygon","coordinates":[[[-73.08347750872652,-13.449264702198438],[-73.08348469454661,-13.448360971073452],[-73.08440801882243,-13.448368002461015],[-73.08440083645911,-13.449271734075651],[-73.08347750872652,-13.449264702198438]]]}},{"type":"Feature","properties":{"Cell_ID":88,"Area_ha":1.0,"LC":"3:0.402606,5:0.597394","XMIN":707384.86160847,"YMIN":8512273.59738907,"XMAX":707484.86160847,"YMAX":8512373.59738907},"geometry":{"type":"Polygon","coordinates":[[[-73.08347032237859,-13.450168433254873],[-73.08347750872652,-13.449264702198438],[-73.08440083645911,-13.449271734075651],[-73.08439365356821,-13.450175465621742],[-73.08347032237859,-13.450168433254873]]]}},{"type":"Feature","properties":{"Cell_ID":89,"Area_ha":1.0,"LC":"3:0.597261,5:0.402739","XMIN":707384.86160847,"YMIN":8512173.59738907,"XMAX":707484.86160847,"YMAX":8512273.59738907},"geometry":{"type":"Polygon","coordinates":[[[-73.08346313550283,-13.451072164242756],[-73.08347032237859,-13.450168433254873],[-73.08439365356821,-13.450175465621742],[-73.08438647014971,-13.451079197099281],[-73.08346313550283,-13.451072164242756]]]}},{"type":"Feature","properties":{"Cell_ID":90,"Area_ha":1.0,"LC":"3:0.019164,5:0.980836","XMIN":707384.86160847,"YMIN":8512073.59738907,"XMAX":707484.86160847,"YMAX":8512173.59738907},"geometry":{"type":"Polygon","coordinates":[[[-73.08345594809919,-13.451975895162079],[-73.08346313550283,-13.451072164242756],[-73.08438647014971,-13.451079197099281],[-73.0843792862036,-13.451982928508263],[-73.08345594809919,-13.451975895162079]]]}},{"type":"Feature","properties":{"Cell_ID":91,"Area_ha":1.0,"LC":"5:1.000000","XMIN":707384.86160847,"YMIN":8511973.59738907,"XMAX":707484.86160847,"YMAX":8512073.59738907},"geometry":{"type":"Polygon","coordinates":[[[-73.08344876016768,-13.452879626012836],[-73.08345594809919,-13.451975895162079],[-73.0843792862036,-13.451982928508263],[-73.08437210172988,-13.452886659848687],[-73.08344876016768,-13.452879626012836]]]}},{"type":"Feature","properties":{"Cell_ID":92,"Area_ha":1.0,"LC":"5:1.000000","XMIN":707384.86160847,"YMIN":8511873.59738907,"XMAX":707484.86160847,"YMAX":8511973.59738907},"geometry":{"type":"Polygon","coordinates":[[[-73.0834415717083,-13.453783356795025],[-73.08344876016768,-13.452879626012836],[-73.08437210172988,-13.452886659848687],[-73.08436491672855,-13.453790391120549],[-73.0834415717083,-13.453783356795025]]]}},{"type":"Feature","properties":{"Cell_ID":93,"Area_ha":1.0,"LC":"5:1.000000","XMIN":707384.86160847,"YMIN":8511773.59738907,"XMAX":707484.86160847,"YMAX":8511873.59738907},"geometry":{"type":"Polygon","coordinates":[[[-73.08343438272102,-13.454687087508642],[-73.0834415717083,-13.453783356795025],[-73.08436491672855,-13.453790391120549],[-73.08435773119956,-13.454694122323836],[-73.08343438272102,-13.454687087508642]]]}},{"type":"Feature","properties":{"Cell_ID":94,"Area_ha":1.0,"LC":"5:0.939031,9:0.060969","XMIN":707384.86160847,"YMIN":8511673.59738907,"XMAX":707484.86160847,"YMAX":8511773.59738907},"geometry":{"type":"Polygon","coordinates":[[[-73.08342719320586,-13.455590818153683],[-73.08343438272102,-13.454687087508642],[-73.08435773119956,-13.454694122323836],[-73.08435054514294,-13.455597853458553],[-73.08342719320586,-13.455590818153683]]]}},{"type":"Feature","properties":{"Cell_ID":95,"Area_ha":1.0,"LC":"5:1.000000","XMIN":707384.86160847,"YMIN":8511573.59738907,"XMAX":707484.86160847,"YMAX":8511673.59738907},"geometry":{"type":"Polygon","coordinates":[[[-73.0834200031628,-13.456494548730145],[-73.08342719320586,-13.455590818153683],[-73.08435054514294,-13.455597853458553],[-73.08434335855867,-13.456501584524695],[-73.0834200031628,-13.456494548730145]]]}},{"type":"Feature","properties":{"Cell_ID":96,"Area_ha":1.0,"LC":"5:1.000000","XMIN":707384.86160847,"YMIN":8511473.59738907,"XMAX":707484.86160847,"YMAX":8511573.59738907},"geometry":{"type":"Polygon","coordinates":[[[-73.08341281259182,-13.457398279238019],[-73.0834200031628,-13.456494548730145],[-73.08434335855867,-13.456501584524695],[-73.08433617144674,-13.45740531552225],[-73.08341281259182,-13.457398279238019]]]}},{"type":"Feature","properties":{"Cell_ID":97,"Area_ha":1.0,"LC":"5:0.695862,9:0.304138","XMIN":707384.86160847,"YMIN":8511373.59738907,"XMAX":707484.86160847,"YMAX":8511473.59738907},"geometry":{"type":"Polygon","coordinates":[[[-73.0834056214929,-13.458302009677302],[-73.08341281259182,-13.457398279238019],[-73.08433617144674,-13.45740531552225],[-73.08432898380713,-13.458309046451221],[-73.0834056214929,-13.458302009677302]]]}},{"type":"Feature","properties":{"Cell_ID":98,"Area_ha":1.0,"LC":"5:0.335153,6:0.100541,9:0.564307","XMIN":707384.86160847,"YMIN":8511273.59738907,"XMAX":707484.86160847,"YMAX":8511373.59738907},"geometry":{"type":"Polygon","coordinates":[[[-73.08339842986605,-13.459205740047992],[-73.0834056214929,-13.458302009677302],[-73.08432898380713,-13.458309046451221],[-73.08432179563985,-13.459212777311599],[-73.08339842986605,-13.459205740047992]]]}},{"type":"Feature","properties":{"Cell_ID":99,"Area_ha":1.0,"LC":"5:0.415715,6:0.242368,7:0.079438,9:0.262480","XMIN":707384.86160847,"YMIN":8511173.59738907,"XMAX":707484.86160847,"YMAX":8511273.59738907},"geometry":{"type":"Polygon","coordinates":[[[-73.08339123771125,-13.460109470350085],[-73.08339842986605,-13.459205740047992],[-73.08432179563985,-13.459212777311599],[-73.08431460694486,-13.460116508103388],[-73.08339123771125,-13.460109470350085]]]}},{"type":"Feature","properties":{"Cell_ID":100,"Area_ha":1.0,"LC":"5:0.000134,6:0.241510,7:0.223471,9:0.534885","XMIN":707384.86160847,"YMIN":8511073.59738907,"XMAX":707484.86160847,"YMAX":8511173.59738907},"geometry":{"type":"Polygon","coordinates":[[[-73.08338404502852,-13.461013200583578],[-73.08339123771125,-13.460109470350085],[-73.08431460694486,-13.460116508103388],[-73.08430741772219,-13.461020238826574],[-73.08338404502852,-13.461013200583578]]]}},{"type":"Feature","properties":{"Cell_ID":101,"Area_ha":1.0,"LC":"5:0.414456,6:0.185129,9:0.400415","XMIN":707384.86160847,"YMIN":8510973.59738907,"XMAX":707484.86160847,"YMAX":8511073.59738907},"geometry":{"type":"Polygon","coordinates":[[[-73.0833768518178,-13.461916930748458],[-73.08338404502852,-13.461013200583578],[-73.08430741772219,-13.461020238826574],[-73.08430022797181,-13.461923969481157],[-73.0833768518178,-13.461916930748458]]]}},{"type":"Feature","properties":{"Cell_ID":102,"Area_ha":1.0,"LC":"5:0.814590,6:0.104847,9:0.080562","XMIN":707384.86160847,"YMIN":8510873.59738907,"XMAX":707484.86160847,"YMAX":8510973.59738907},"geometry":{"type":"Polygon","coordinates":[[[-73.08336965807912,-13.462820660844729],[-73.0833768518178,-13.461916930748458],[-73.08430022797181,-13.461923969481157],[-73.0842930376937,-13.462827700067136],[-73.08336965807912,-13.462820660844729]]]}},{"type":"Feature","properties":{"Cell_ID":103,"Area_ha":1.0,"LC":"5:0.735434,6:0.143056,9:0.121510","XMIN":707384.86160847,"YMIN":8510773.59738907,"XMAX":707484.86160847,"YMAX":8510873.59738907},"geometry":{"type":"Polygon","coordinates":[[[-73.08336246381246,-13.463724390872388],[-73.08336965807912,-13.462820660844729],[-73.0842930376937,-13.462827700067136],[-73.08428584688787,-13.463731430584499],[-73.08336246381246,-13.463724390872388]]]}},{"type":"Feature","properties":{"Cell_ID":104,"Area_ha":1.0,"LC":"5:0.579164,6:0.075988,9:0.344847","XMIN":707384.86160847,"YMIN":8510673.59738907,"XMAX":707484.86160847,"YMAX":8510773.59738907},"geometry":{"type":"Polygon","coordinates":[[[-73.08335526901782,-13.464628120831424],[-73.08336246381246,-13.463724390872388],[-73.08428584688787,-13.463731430584499],[-73.0842786555543,-13.464635161033245],[-73.08335526901782,-13.464628120831424]]]}},{"type":"Feature","properties":{"Cell_ID":105,"Area_ha":1.0,"LC":"5:0.436551,6:0.019164,9:0.523463,16:0.020822","XMIN":707384.86160847,"YMIN":8510573.59738907,"XMAX":707484.86160847,"YMAX":8510673.59738907},"geometry":{"type":"Polygon","coordinates":[[[-73.08334807369516,-13.465531850721838],[-73.08335526901782,-13.464628120831424],[-73.0842786555543,-13.464635161033245],[-73.08427146369299,-13.465538891413372],[-73.08334807369516,-13.465531850721838]]]}},{"type":"Feature","properties":{"Cell_ID":106,"Area_ha":1.0,"LC":"5:0.179446,9:0.799438,16:0.021117","XMIN":707384.86160847,"YMIN":8510473.59738907,"XMAX":707484.86160847,"YMAX":8510573.59738907},"geometry":{"type":"Polygon","coordinates":[[[-73.08334087784449,-13.46643558054362],[-73.08334807369516,-13.465531850721838],[-73.08427146369299,-13.465538891413372],[-73.08426427130391,-13.466442621724875],[-73.08334087784449,-13.46643558054362]]]}},{"type":"Feature","properties":{"Cell_ID":107,"Area_ha":1.0,"LC":"5:0.379978,9:0.620022","XMIN":707384.86160847,"YMIN":8510373.59738907,"XMAX":707484.86160847,"YMAX":8510473.59738907},"geometry":{"type":"Polygon","coordinates":[[[-73.0833336814658,-13.467339310296772],[-73.08334087784449,-13.46643558054362],[-73.08426427130391,-13.466442621724875],[-73.08425707838707,-13.467346351967748],[-73.0833336814658,-13.467339310296772]]]}},{"type":"Feature","properties":{"Cell_ID":108,"Area_ha":1.0,"LC":"5:0.800147,9:0.199853","XMIN":707384.86160847,"YMIN":8510273.59738907,"XMAX":707484.86160847,"YMAX":8510373.59738907},"geometry":{"type":"Polygon","coordinates":[[[-73.0833264845591,-13.468243039981289],[-73.0833336814658,-13.467339310296772],[-73.08425707838707,-13.467346351967748],[-73.08424988494247,-13.468250082141989],[-73.0833264845591,-13.468243039981289]]]}},{"type":"Feature","properties":{"Cell_ID":109,"Area_ha":1.0,"LC":"5:0.303323,9:0.696677","XMIN":707384.86160847,"YMIN":8510173.59738907,"XMAX":707484.86160847,"YMAX":8510273.59738907},"geometry":{"type":"Polygon","coordinates":[[[-73.08331928712435,-13.46914676959716],[-73.0833264845591,-13.468243039981289],[-73.08424988494247,-13.468250082141989],[-73.08424269097006,-13.469153812247592],[-73.08331928712435,-13.46914676959716]]]}},{"type":"Feature","properties":{"Cell_ID":110,"Area_ha":1.0,"LC":"5:0.859992,9:0.140008","XMIN":707384.86160847,"YMIN":8510073.59738907,"XMAX":707484.86160847,"YMAX":8510173.59738907},"geometry":{"type":"Polygon","coordinates":[[[-73.08331208916155,-13.470050499144385],[-73.08331928712435,-13.46914676959716],[-73.08424269097006,-13.469153812247592],[-73.08423549646986,-13.47005754228455],[-73.08331208916155,-13.470050499144385]]]}},{"type":"Feature","properties":{"Cell_ID":111,"Area_ha":1.0,"LC":"5:0.878771,9:0.121229","XMIN":707384.86160847,"YMIN":8509973.59738907,"XMAX":707484.86160847,"YMAX":8510073.59738907},"geometry":{"type":"Polygon","coordinates":[[[-73.08330489067069,-13.470954228622965],[-73.08331208916155,-13.470050499144385],[-73.08423549646986,-13.47005754228455],[-73.08422830144188,-13.470961272252863],[-73.08330489067069,-13.470954228622965]]]}},{"type":"Feature","properties":{"Cell_ID":112,"Area_ha":1.0,"LC":"5:0.574590,9:0.425410","XMIN":707384.86160847,"YMIN":8509873.59738907,"XMAX":707484.86160847,"YMAX":8509973.59738907},"geometry":{"type":"Polygon","coordinates":[[[-73.08329769165177,-13.47185795803289],[-73.08330489067069,-13.470954228622965],[-73.08422830144188,-13.470961272252863],[-73.08422110588607,-13.471865002152525],[-73.08329769165177,-13.47185795803289]]]}},{"type":"Feature","properties":{"Cell_ID":113,"Area_ha":1.0,"LC":"5:0.915975,9:0.084025","XMIN":707384.86160847,"YMIN":8509773.59738907,"XMAX":707484.86160847,"YMAX":8509873.59738907},"geometry":{"type":"Polygon","coordinates":[[[-73.08329049210477,-13.472761687374154],[-73.08329769165177,-13.47185795803289],[-73.08422110588607,-13.471865002152525],[-73.08421390980244,-13.472768731983532],[-73.08329049210477,-13.472761687374154]]]}},{"type":"Feature","properties":{"Cell_ID":114,"Area_ha":1.0,"LC":"5:1.000000","XMIN":707384.86160847,"YMIN":8509673.59738907,"XMAX":707484.86160847,"YMAX":8509773.59738907},"geometry":{"type":"Polygon","coordinates":[[[-73.08328329202968,-13.473665416646755],[-73.08329049210477,-13.472761687374154],[-73.08421390980244,-13.472768731983532],[-73.08420671319098,-13.473672461745883],[-73.08328329202968,-13.473665416646755]]]}},{"type":"Feature","properties":{"Cell_ID":115,"Area_ha":1.0,"LC":"5:0.784981,9:0.215019","XMIN":707384.86160847,"YMIN":8509573.59738907,"XMAX":707484.86160847,"YMAX":8509673.59738907},"geometry":{"type":"Polygon","coordinates":[[[-73.08327609142651,-13.474569145850689],[-73.08328329202968,-13.473665416646755],[-73.08420671319098,-13.473672461745883],[-73.08419951605167,-13.474576191439564],[-73.08327609142651,-13.474569145850689]]]}},{"type":"Feature","properties":{"Cell_ID":116,"Area_ha":1.0,"LC":"5:0.102242,9:0.398195,13:0.499563","XMIN":707384.86160847,"YMIN":8509473.59738907,"XMAX":707484.86160847,"YMAX":8509573.59738907},"geometry":{"type":"Polygon","coordinates":[[[-73.08326889029522,-13.47547287498595],[-73.08327609142651,-13.474569145850689],[-73.08419951605167,-13.474576191439564],[-73.08419231838452,-13.475479921064581],[-73.08326889029522,-13.47547287498595]]]}},{"type":"Feature","properties":{"Cell_ID":117,"Area_ha":1.0,"LC":"13:1.000000","XMIN":707384.86160847,"YMIN":8509373.59738907,"XMAX":707484.86160847,"YMAX":8509473.59738907},"geometry":{"type":"Polygon","coordinates":[[[-73.08326168863582,-13.47637660405254],[-73.08326889029522,-13.47547287498595],[-73.08419231838452,-13.475479921064581],[-73.0841851201895,-13.476383650620923],[-73.08326168863582,-13.47637660405254]]]}},{"type":"Feature","properties":{"Cell_ID":118,"Area_ha":1.0,"LC":"9:0.081510,13:0.918490","XMIN":707384.86160847,"YMIN":8509273.59738907,"XMAX":707484.86160847,"YMAX":8509373.59738907},"geometry":{"type":"Polygon","coordinates":[[[-73.0832544864483,-13.477280333050446],[-73.08326168863582,-13.47637660405254],[-73.0841851201895,-13.476383650620923],[-73.08417792146662,-13.477287380108592],[-73.0832544864483,-13.477280333050446]]]}},{"type":"Feature","properties":{"Cell_ID":119,"Area_ha":1.0,"LC":"5:0.142761,9:0.040429,13:0.816810","XMIN":707384.86160847,"YMIN":8509173.59738907,"XMAX":707484.86160847,"YMAX":8509273.59738907},"geometry":{"type":"Polygon","coordinates":[[[-73.08324728373263,-13.478184061979668],[-73.0832544864483,-13.477280333050446],[-73.08417792146662,-13.477287380108592],[-73.08417072221584,-13.478191109527579],[-73.08324728373263,-13.478184061979668]]]}},{"type":"Feature","properties":{"Cell_ID":120,"Area_ha":1.0,"LC":"5:0.457906,9:0.441658,17:0.100437","XMIN":707484.86160847,"YMIN":8512673.59738907,"XMAX":707584.86160847,"YMAX":8512773.59738907},"geometry":{"type":"Polygon","coordinates":[[[-73.08257574776808,-13.446546474826542],[-73.08258293546069,-13.445642743985807],[-73.08350624883992,-13.445649777287226],[-73.0834990646033,-13.446553508617841],[-73.08257574776808,-13.446546474826542]]]}},{"type":"Feature","properties":{"Cell_ID":121,"Area_ha":1.0,"LC":"5:0.121125,9:0.878875","XMIN":707484.86160847,"YMIN":8512573.59738907,"XMAX":707584.86160847,"YMAX":8512673.59738907},"geometry":{"type":"Polygon","coordinates":[[[-73.08256855954738,-13.447450205598741],[-73.08257574776808,-13.446546474826542],[-73.0834990646033,-13.446553508617841],[-73.08349187983887,-13.447457239879917],[-73.08256855954738,-13.447450205598741]]]}},{"type":"Feature","properties":{"Cell_ID":122,"Area_ha":1.0,"LC":"5:0.294738,9:0.705262","XMIN":707484.86160847,"YMIN":8512473.59738907,"XMAX":707584.86160847,"YMAX":8512573.59738907},"geometry":{"type":"Polygon","coordinates":[[[-73.08256137079863,-13.448353936302393],[-73.08256855954738,-13.447450205598741],[-73.08349187983887,-13.447457239879917],[-73.08348469454661,-13.448360971073452],[-73.08256137079863,-13.448353936302393]]]}},{"type":"Feature","properties":{"Cell_ID":123,"Area_ha":1.0,"LC":"5:0.214590,9:0.785410","XMIN":707484.86160847,"YMIN":8512373.59738907,"XMAX":707584.86160847,"YMAX":8512473.59738907},"geometry":{"type":"Polygon","coordinates":[[[-73.08255418152179,-13.449257666937495],[-73.08256137079863,-13.448353936302393],[-73.08348469454661,-13.448360971073452],[-73.08347750872652,-13.449264702198438],[-73.08255418152179,-13.449257666937495]]]}},{"type":"Feature","properties":{"Cell_ID":124,"Area_ha":1.0,"LC":"3:0.435707,5:0.139727,9:0.282086,16:0.142480","XMIN":707484.86160847,"YMIN":8512273.59738907,"XMAX":707584.86160847,"YMAX":8512373.59738907},"geometry":{"type":"Polygon","coordinates":[[[-73.08254699171684,-13.450161397504038],[-73.08255418152179,-13.449257666937495],[-73.08347750872652,-13.449264702198438],[-73.08347032237859,-13.450168433254873],[-73.08254699171684,-13.450161397504038]]]}},{"type":"Feature","properties":{"Cell_ID":125,"Area_ha":1.0,"LC":"3:0.059446,5:0.196270,9:0.682887,16:0.061398","XMIN":707484.86160847,"YMIN":8512173.59738907,"XMAX":707584.86160847,"YMAX":8512273.59738907},"geometry":{"type":"Polygon","coordinates":[[[-73.0825398013838,-13.451065128002027],[-73.08254699171684,-13.450161397504038],[-73.08347032237859,-13.450168433254873],[-73.08346313550283,-13.451072164242756],[-73.0825398013838,-13.451065128002027]]]}},{"type":"Feature","properties":{"Cell_ID":126,"Area_ha":1.0,"LC":"5:0.174590,9:0.741679,16:0.083730","XMIN":707484.86160847,"YMIN":8512073.59738907,"XMAX":707584.86160847,"YMAX":8512173.59738907},"geometry":{"type":"Polygon","coordinates":[[[-73.08253261052265,-13.451968858431451],[-73.0825398013838,-13.451065128002027],[-73.08346313550283,-13.451072164242756],[-73.08345594809919,-13.451975895162079],[-73.08253261052265,-13.451968858431451]]]}},{"type":"Feature","properties":{"Cell_ID":127,"Area_ha":1.0,"LC":"5:0.894590,9:0.000562,16:0.104847","XMIN":707484.86160847,"YMIN":8511973.59738907,"XMAX":707584.86160847,"YMAX":8512073.59738907},"geometry":{"type":"Polygon","coordinates":[[[-73.08252541913336,-13.452872588792307],[-73.08253261052265,-13.451968858431451],[-73.08345594809919,-13.451975895162079],[-73.08344876016768,-13.452879626012836],[-73.08252541913336,-13.452872588792307]]]}},{"type":"Feature","properties":{"Cell_ID":128,"Area_ha":1.0,"LC":"5:0.895153,16:0.104847","XMIN":707484.86160847,"YMIN":8511873.59738907,"XMAX":707584.86160847,"YMAX":8511973.59738907},"geometry":{"type":"Polygon","coordinates":[[[-73.08251822721596,-13.453776319084591],[-73.08252541913336,-13.452872588792307],[-73.08344876016768,-13.452879626012836],[-73.0834415717083,-13.453783356795025],[-73.08251822721596,-13.453776319084591]]]}},{"type":"Feature","properties":{"Cell_ID":129,"Area_ha":1.0,"LC":"5:0.895153,9:0.020822,16:0.084025","XMIN":707484.86160847,"YMIN":8511773.59738907,"XMAX":707584.86160847,"YMAX":8511873.59738907},"geometry":{"type":"Polygon","coordinates":[[[-73.0825110347704,-13.454680049308303],[-73.08251822721596,-13.453776319084591],[-73.0834415717083,-13.453783356795025],[-73.08343438272102,-13.454687087508642],[-73.0825110347704,-13.454680049308303]]]}},{"type":"Feature","properties":{"Cell_ID":130,"Area_ha":1.0,"LC":"5:0.760696,9:0.239304","XMIN":707484.86160847,"YMIN":8511673.59738907,"XMAX":707584.86160847,"YMAX":8511773.59738907},"geometry":{"type":"Polygon","coordinates":[[[-73.08250384179671,-13.455583779463435],[-73.0825110347704,-13.454680049308303],[-73.08343438272102,-13.454687087508642],[-73.08342719320586,-13.455590818153683],[-73.08250384179671,-13.455583779463435]]]}},{"type":"Feature","properties":{"Cell_ID":131,"Area_ha":1.0,"LC":"5:0.534738,9:0.465262","XMIN":707484.86160847,"YMIN":8511573.59738907,"XMAX":707584.86160847,"YMAX":8511673.59738907},"geometry":{"type":"Polygon","coordinates":[[[-73.08249664829485,-13.456487509549978],[-73.08250384179671,-13.455583779463435],[-73.08342719320586,-13.455590818153683],[-73.0834200031628,-13.456494548730145],[-73.08249664829485,-13.456487509549978]]]}},{"type":"Feature","properties":{"Cell_ID":132,"Area_ha":1.0,"LC":"5:0.497788,9:0.502212","XMIN":707484.86160847,"YMIN":8511473.59738907,"XMAX":707584.86160847,"YMAX":8511573.59738907},"geometry":{"type":"Polygon","coordinates":[[[-73.08248945426482,-13.457391239567933],[-73.08249664829485,-13.456487509549978],[-73.0834200031628,-13.456494548730145],[-73.08341281259182,-13.457398279238019],[-73.08248945426482,-13.457391239567933]]]}},{"type":"Feature","properties":{"Cell_ID":133,"Area_ha":1.0,"LC":"5:0.283597,9:0.716403","XMIN":707484.86160847,"YMIN":8511373.59738907,"XMAX":707584.86160847,"YMAX":8511473.59738907},"geometry":{"type":"Polygon","coordinates":[[[-73.08248225970661,-13.458294969517297],[-73.08248945426482,-13.457391239567933],[-73.08341281259182,-13.457398279238019],[-73.0834056214929,-13.458302009677302],[-73.08248225970661,-13.458294969517297]]]}},{"type":"Feature","properties":{"Cell_ID":134,"Area_ha":1.0,"LC":"5:0.400281,6:0.018897,9:0.580822","XMIN":707484.86160847,"YMIN":8511273.59738907,"XMAX":707584.86160847,"YMAX":8511373.59738907},"geometry":{"type":"Polygon","coordinates":[[[-73.08247506462021,-13.45919869939806],[-73.08248225970661,-13.458294969517297],[-73.0834056214929,-13.458302009677302],[-73.08339842986605,-13.459205740047992],[-73.08247506462021,-13.45919869939806]]]}},{"type":"Feature","properties":{"Cell_ID":135,"Area_ha":1.0,"LC":"5:0.000281,6:0.238195,9:0.761524","XMIN":707484.86160847,"YMIN":8511173.59738907,"XMAX":707584.86160847,"YMAX":8511273.59738907},"geometry":{"type":"Polygon","coordinates":[[[-73.08246786900561,-13.460102429210226],[-73.08247506462021,-13.45919869939806],[-73.08339842986605,-13.459205740047992],[-73.08339123771125,-13.460109470350085],[-73.08246786900561,-13.460102429210226]]]}},{"type":"Feature","properties":{"Cell_ID":136,"Area_ha":1.0,"LC":"5:0.081510,6:0.157646,7:0.257092,9:0.503752","XMIN":707484.86160847,"YMIN":8511073.59738907,"XMAX":707584.86160847,"YMAX":8511173.59738907},"geometry":{"type":"Polygon","coordinates":[[[-73.08246067286281,-13.461006158953786],[-73.08246786900561,-13.460102429210226],[-73.08339123771125,-13.460109470350085],[-73.08338404502852,-13.461013200583578],[-73.08246067286281,-13.461006158953786]]]}},{"type":"Feature","properties":{"Cell_ID":137,"Area_ha":1.0,"LC":"5:0.061398,6:0.494590,9:0.444012","XMIN":707484.86160847,"YMIN":8510973.59738907,"XMAX":707584.86160847,"YMAX":8511073.59738907},"geometry":{"type":"Polygon","coordinates":[[[-73.08245347619179,-13.46190988862873],[-73.08246067286281,-13.461006158953786],[-73.08338404502852,-13.461013200583578],[-73.0833768518178,-13.461916930748458],[-73.08245347619179,-13.46190988862873]]]}},{"type":"Feature","properties":{"Cell_ID":138,"Area_ha":1.0,"LC":"6:0.455715,9:0.544285","XMIN":707484.86160847,"YMIN":8510873.59738907,"XMAX":707584.86160847,"YMAX":8510973.59738907},"geometry":{"type":"Polygon","coordinates":[[[-73.08244627899255,-13.462813618235064],[-73.08245347619179,-13.46190988862873],[-73.0833768518178,-13.461916930748458],[-73.08336965807912,-13.462820660844729],[-73.08244627899255,-13.462813618235064]]]}},{"type":"Feature","properties":{"Cell_ID":139,"Area_ha":1.0,"LC":"6:0.297225,9:0.320576,13:0.382199","XMIN":707484.86160847,"YMIN":8510773.59738907,"XMAX":707584.86160847,"YMAX":8510873.59738907},"geometry":{"type":"Polygon","coordinates":[[[-73.08243908126505,-13.463717347772777],[-73.08244627899255,-13.462813618235064],[-73.08336965807912,-13.462820660844729],[-73.08336246381246,-13.463724390872388],[-73.08243908126505,-13.463717347772777]]]}},{"type":"Feature","properties":{"Cell_ID":140,"Area_ha":1.0,"LC":"5:0.321229,6:0.000281,9:0.595841,13:0.082649","XMIN":707484.86160847,"YMIN":8510673.59738907,"XMAX":707584.86160847,"YMAX":8510773.59738907},"geometry":{"type":"Polygon","coordinates":[[[-73.08243188300933,-13.464621077241867],[-73.08243908126505,-13.463717347772777],[-73.08336246381246,-13.463724390872388],[-73.08335526901782,-13.464628120831424],[-73.08243188300933,-13.464621077241867]]]}},{"type":"Feature","properties":{"Cell_ID":141,"Area_ha":1.0,"LC":"5:0.145410,9:0.716256,16:0.138334","XMIN":707484.86160847,"YMIN":8510573.59738907,"XMAX":707584.86160847,"YMAX":8510673.59738907},"geometry":{"type":"Polygon","coordinates":[[[-73.08242468422534,-13.465524806642328],[-73.08243188300933,-13.464621077241867],[-73.08335526901782,-13.464628120831424],[-73.08334807369516,-13.465531850721838],[-73.08242468422534,-13.465524806642328]]]}},{"type":"Feature","properties":{"Cell_ID":142,"Area_ha":1.0,"LC":"5:0.021117,9:0.639438,16:0.339446","XMIN":707484.86160847,"YMIN":8510473.59738907,"XMAX":707584.86160847,"YMAX":8510573.59738907},"geometry":{"type":"Polygon","coordinates":[[[-73.08241748491311,-13.466428535974158],[-73.08242468422534,-13.465524806642328],[-73.08334807369516,-13.465531850721838],[-73.08334087784449,-13.46643558054362],[-73.08241748491311,-13.466428535974158]]]}},{"type":"Feature","properties":{"Cell_ID":143,"Area_ha":1.0,"LC":"5:0.037927,6:0.062761,9:0.899031,16:0.000281","XMIN":707484.86160847,"YMIN":8510373.59738907,"XMAX":707584.86160847,"YMAX":8510473.59738907},"geometry":{"type":"Polygon","coordinates":[[[-73.08241028507258,-13.467332265237355],[-73.08241748491311,-13.466428535974158],[-73.08334087784449,-13.46643558054362],[-73.0833336814658,-13.467339310296772],[-73.08241028507258,-13.467332265237355]]]}},{"type":"Feature","properties":{"Cell_ID":144,"Area_ha":1.0,"LC":"5:0.796789,6:0.082086,9:0.121125","XMIN":707484.86160847,"YMIN":8510273.59738907,"XMAX":707584.86160847,"YMAX":8510373.59738907},"geometry":{"type":"Polygon","coordinates":[[[-73.08240308470377,-13.468235994431907],[-73.08241028507258,-13.467332265237355],[-73.0833336814658,-13.467339310296772],[-73.0833264845591,-13.468243039981289],[-73.08240308470377,-13.468235994431907]]]}},{"type":"Feature","properties":{"Cell_ID":145,"Area_ha":1.0,"LC":"5:1.000000","XMIN":707484.86160847,"YMIN":8510173.59738907,"XMAX":707584.86160847,"YMAX":8510273.59738907},"geometry":{"type":"Polygon","coordinates":[[[-73.08239588380668,-13.469139723557817],[-73.08240308470377,-13.468235994431907],[-73.0833264845591,-13.468243039981289],[-73.08331928712435,-13.46914676959716],[-73.08239588380668,-13.469139723557817]]]}},{"type":"Feature","properties":{"Cell_ID":146,"Area_ha":1.0,"LC":"5:1.000000","XMIN":707484.86160847,"YMIN":8510073.59738907,"XMAX":707584.86160847,"YMAX":8510173.59738907},"geometry":{"type":"Polygon","coordinates":[[[-73.08238868238128,-13.470043452615073],[-73.08239588380668,-13.469139723557817],[-73.08331928712435,-13.46914676959716],[-73.08331208916155,-13.470050499144385],[-73.08238868238128,-13.470043452615073]]]}},{"type":"Feature","properties":{"Cell_ID":147,"Area_ha":1.0,"LC":"5:0.542376,9:0.457624","XMIN":707484.86160847,"YMIN":8509973.59738907,"XMAX":707584.86160847,"YMAX":8510073.59738907},"geometry":{"type":"Polygon","coordinates":[[[-73.08238148042757,-13.470947181603682],[-73.08238868238128,-13.470043452615073],[-73.08331208916155,-13.470050499144385],[-73.08330489067069,-13.470954228622965],[-73.08238148042757,-13.470947181603682]]]}},{"type":"Feature","properties":{"Cell_ID":148,"Area_ha":1.0,"LC":"5:0.243449,9:0.756551","XMIN":707484.86160847,"YMIN":8509873.59738907,"XMAX":707584.86160847,"YMAX":8509973.59738907},"geometry":{"type":"Polygon","coordinates":[[[-73.08237427794553,-13.471850910523631],[-73.08238148042757,-13.470947181603682],[-73.08330489067069,-13.470954228622965],[-73.08329769165177,-13.47185795803289],[-73.08237427794553,-13.471850910523631]]]}},{"type":"Feature","properties":{"Cell_ID":149,"Area_ha":1.0,"LC":"5:0.300139,9:0.699861","XMIN":707484.86160847,"YMIN":8509773.59738907,"XMAX":707584.86160847,"YMAX":8509873.59738907},"geometry":{"type":"Polygon","coordinates":[[[-73.08236707493518,-13.472754639374918],[-73.08237427794553,-13.471850910523631],[-73.08329769165177,-13.47185795803289],[-73.08329049210477,-13.472761687374154],[-73.08236707493518,-13.472754639374918]]]}},{"type":"Feature","properties":{"Cell_ID":150,"Area_ha":1.0,"LC":"5:0.999853,9:0.000147","XMIN":707484.86160847,"YMIN":8509673.59738907,"XMAX":707584.86160847,"YMAX":8509773.59738907},"geometry":{"type":"Polygon","coordinates":[[[-73.08235987139649,-13.473658368157535],[-73.08236707493518,-13.472754639374918],[-73.08329049210477,-13.472761687374154],[-73.08328329202968,-13.473665416646755],[-73.08235987139649,-13.473658368157535]]]}},{"type":"Feature","properties":{"Cell_ID":151,"Area_ha":1.0,"LC":"5:0.920281,9:0.079719","XMIN":707484.86160847,"YMIN":8509573.59738907,"XMAX":707584.86160847,"YMAX":8509673.59738907},"geometry":{"type":"Polygon","coordinates":[[[-73.08235266732943,-13.474562096871486],[-73.08235987139649,-13.473658368157535],[-73.08328329202968,-13.473665416646755],[-73.08327609142651,-13.474569145850689],[-73.08235266732943,-13.474562096871486]]]}},{"type":"Feature","properties":{"Cell_ID":152,"Area_ha":1.0,"LC":"5:0.142094,9:0.440281,13:0.417624","XMIN":707484.86160847,"YMIN":8509473.59738907,"XMAX":707584.86160847,"YMAX":8509573.59738907},"geometry":{"type":"Polygon","coordinates":[[[-73.08234546273403,-13.475465825516759],[-73.08235266732943,-13.474562096871486],[-73.08327609142651,-13.474569145850689],[-73.08326889029522,-13.47547287498595],[-73.08234546273403,-13.475465825516759]]]}},{"type":"Feature","properties":{"Cell_ID":153,"Area_ha":1.0,"LC":"13:1.000000","XMIN":707484.86160847,"YMIN":8509373.59738907,"XMAX":707584.86160847,"YMAX":8509473.59738907},"geometry":{"type":"Polygon","coordinates":[[[-73.08233825761025,-13.476369554093354],[-73.08234546273403,-13.475465825516759],[-73.08326889029522,-13.47547287498595],[-73.08326168863582,-13.47637660405254],[-73.08233825761025,-13.476369554093354]]]}},{"type":"Feature","properties":{"Cell_ID":154,"Area_ha":1.0,"LC":"5:0.039719,9:0.741784,13:0.218498","XMIN":707484.86160847,"YMIN":8509273.59738907,"XMAX":707584.86160847,"YMAX":8509373.59738907},"geometry":{"type":"Polygon","coordinates":[[[-73.08233105195809,-13.477273282601264],[-73.08233825761025,-13.476369554093354],[-73.08326168863582,-13.47637660405254],[-73.0832544864483,-13.477280333050446],[-73.08233105195809,-13.477273282601264]]]}},{"type":"Feature","properties":{"Cell_ID":155,"Area_ha":1.0,"LC":"5:0.578334,9:0.022094,13:0.278061,14:0.121510","XMIN":707484.86160847,"YMIN":8509173.59738907,"XMAX":707584.86160847,"YMAX":8509273.59738907},"geometry":{"type":"Polygon","coordinates":[[[-73.08232384577755,-13.478177011040486],[-73.08233105195809,-13.477273282601264],[-73.0832544864483,-13.477280333050446],[-73.08324728373263,-13.478184061979668],[-73.08232384577755,-13.478177011040486]]]}},{"type":"Feature","properties":{"Cell_ID":156,"Area_ha":1.0,"LC":"5:0.281658,9:0.717927,17:0.000415","XMIN":707584.86160847,"YMIN":8512673.59738907,"XMAX":707684.86160847,"YMAX":8512773.59738907},"geometry":{"type":"Polygon","coordinates":[[[-73.08165243146091,-13.446539437652234],[-73.08165962260951,-13.445635707301609],[-73.08258293546069,-13.445642743985807],[-73.08257574776808,-13.446546474826542],[-73.08165243146091,-13.446539437652234]]]}},{"type":"Feature","properties":{"Cell_ID":157,"Area_ha":1.0,"LC":"5:0.241658,9:0.716551,13:0.041792","XMIN":707584.86160847,"YMIN":8512573.59738907,"XMAX":707684.86160847,"YMAX":8512673.59738907},"geometry":{"type":"Polygon","coordinates":[[[-73.08164523978398,-13.447443167934315],[-73.08165243146091,-13.446539437652234],[-73.08257574776808,-13.446546474826542],[-73.08256855954738,-13.447450205598741],[-73.08164523978398,-13.447443167934315]]]}},{"type":"Feature","properties":{"Cell_ID":158,"Area_ha":1.0,"LC":"5:0.320562,9:0.574590,13:0.104847","XMIN":707584.86160847,"YMIN":8512473.59738907,"XMAX":707684.86160847,"YMAX":8512573.59738907},"geometry":{"type":"Polygon","coordinates":[[[-73.08163804757872,-13.448346898147847],[-73.08164523978398,-13.447443167934315],[-73.08256855954738,-13.447450205598741],[-73.08256137079863,-13.448353936302393],[-73.08163804757872,-13.448346898147847]]]}},{"type":"Feature","properties":{"Cell_ID":159,"Area_ha":1.0,"LC":"9:0.855434,13:0.104847,16:0.039719","XMIN":707584.86160847,"YMIN":8512373.59738907,"XMAX":707684.86160847,"YMAX":8512473.59738907},"geometry":{"type":"Polygon","coordinates":[[[-73.08163085484513,-13.449250628292827],[-73.08163804757872,-13.448346898147847],[-73.08256137079863,-13.448353936302393],[-73.08255418152179,-13.449257666937495],[-73.08163085484513,-13.449250628292827]]]}},{"type":"Feature","properties":{"Cell_ID":160,"Area_ha":1.0,"LC":"9:0.518476,13:0.104847,16:0.376677","XMIN":707584.86160847,"YMIN":8512273.59738907,"XMAX":707684.86160847,"YMAX":8512373.59738907},"geometry":{"type":"Polygon","coordinates":[[[-73.08162366158318,-13.450154358369243],[-73.08163085484513,-13.449250628292827],[-73.08255418152179,-13.449257666937495],[-73.08254699171684,-13.450161397504038],[-73.08162366158318,-13.450154358369243]]]}},{"type":"Feature","properties":{"Cell_ID":161,"Area_ha":1.0,"LC":"9:0.356270,13:0.104847,16:0.538883","XMIN":707584.86160847,"YMIN":8512173.59738907,"XMAX":707684.86160847,"YMAX":8512273.59738907},"geometry":{"type":"Polygon","coordinates":[[[-73.08161646779288,-13.451058088377104],[-73.08162366158318,-13.450154358369243],[-73.08254699171684,-13.450161397504038],[-73.0825398013838,-13.451065128002027],[-73.08161646779288,-13.451058088377104]]]}},{"type":"Feature","properties":{"Cell_ID":162,"Area_ha":1.0,"LC":"9:0.179446,13:0.021117,16:0.715707,18:0.083730","XMIN":707584.86160847,"YMIN":8512073.59738907,"XMAX":707684.86160847,"YMAX":8512173.59738907},"geometry":{"type":"Polygon","coordinates":[[[-73.08160927347421,-13.451961818316397],[-73.08161646779288,-13.451058088377104],[-73.0825398013838,-13.451065128002027],[-73.08253261052265,-13.451968858431451],[-73.08160927347421,-13.451961818316397]]]}},{"type":"Feature","properties":{"Cell_ID":163,"Area_ha":1.0,"LC":"16:0.617654,18:0.382346","XMIN":707584.86160847,"YMIN":8511973.59738907,"XMAX":707684.86160847,"YMAX":8512073.59738907},"geometry":{"type":"Polygon","coordinates":[[[-73.08160207862717,-13.452865548187116],[-73.08160927347421,-13.451961818316397],[-73.08253261052265,-13.451968858431451],[-73.08252541913336,-13.452872588792307],[-73.08160207862717,-13.452865548187116]]]}},{"type":"Feature","properties":{"Cell_ID":164,"Area_ha":1.0,"LC":"16:0.999290,18:0.000710","XMIN":707584.86160847,"YMIN":8511873.59738907,"XMAX":707684.86160847,"YMAX":8511973.59738907},"geometry":{"type":"Polygon","coordinates":[[[-73.08159488325175,-13.453769277989261],[-73.08160207862717,-13.452865548187116],[-73.08252541913336,-13.452872588792307],[-73.08251822721596,-13.453776319084591],[-73.08159488325175,-13.453769277989261]]]}},{"type":"Feature","properties":{"Cell_ID":165,"Area_ha":1.0,"LC":"9:0.058616,16:0.941384","XMIN":707584.86160847,"YMIN":8511773.59738907,"XMAX":707684.86160847,"YMAX":8511873.59738907},"geometry":{"type":"Polygon","coordinates":[[[-73.08158768734793,-13.454673007722828],[-73.08159488325175,-13.453769277989261],[-73.08251822721596,-13.453776319084591],[-73.0825110347704,-13.454680049308303],[-73.08158768734793,-13.454673007722828]]]}},{"type":"Feature","properties":{"Cell_ID":166,"Area_ha":1.0,"LC":"5:0.075988,9:0.361510,16:0.562501","XMIN":707584.86160847,"YMIN":8511673.59738907,"XMAX":707684.86160847,"YMAX":8511773.59738907},"geometry":{"type":"Polygon","coordinates":[[[-73.0815804909157,-13.45557673738781],[-73.08158768734793,-13.454673007722828],[-73.0825110347704,-13.454680049308303],[-73.08250384179671,-13.455583779463435],[-73.0815804909157,-13.45557673738781]]]}},{"type":"Feature","properties":{"Cell_ID":167,"Area_ha":1.0,"LC":"5:0.000134,9:0.877499,16:0.122368","XMIN":707584.86160847,"YMIN":8511573.59738907,"XMAX":707684.86160847,"YMAX":8511673.59738907},"geometry":{"type":"Polygon","coordinates":[[[-73.08157329395506,-13.456480466984205],[-73.0815804909157,-13.45557673738781],[-73.08250384179671,-13.455583779463435],[-73.08249664829485,-13.456487509549978],[-73.08157329395506,-13.456480466984205]]]}},{"type":"Feature","properties":{"Cell_ID":168,"Area_ha":1.0,"LC":"5:0.037927,9:0.962073","XMIN":707584.86160847,"YMIN":8511473.59738907,"XMAX":707684.86160847,"YMAX":8511573.59738907},"geometry":{"type":"Polygon","coordinates":[[[-73.081566096466,-13.457384196512006],[-73.08157329395506,-13.456480466984205],[-73.08249664829485,-13.456487509549978],[-73.08248945426482,-13.457391239567933],[-73.081566096466,-13.457384196512006]]]}},{"type":"Feature","properties":{"Cell_ID":169,"Area_ha":1.0,"LC":"5:0.076256,9:0.923744","XMIN":707584.86160847,"YMIN":8511373.59738907,"XMAX":707684.86160847,"YMAX":8511473.59738907},"geometry":{"type":"Polygon","coordinates":[[[-73.08155889844849,-13.458287925971213],[-73.081566096466,-13.457384196512006],[-73.08248945426482,-13.457391239567933],[-73.08248225970661,-13.458294969517297],[-73.08155889844849,-13.458287925971213]]]}},{"type":"Feature","properties":{"Cell_ID":170,"Area_ha":1.0,"LC":"9:1.000000","XMIN":707584.86160847,"YMIN":8511273.59738907,"XMAX":707684.86160847,"YMAX":8511373.59738907},"geometry":{"type":"Polygon","coordinates":[[[-73.08155169990256,-13.459191655361817],[-73.08155889844849,-13.458287925971213],[-73.08248225970661,-13.458294969517297],[-73.08247506462021,-13.45919869939806],[-73.08155169990256,-13.459191655361817]]]}},{"type":"Feature","properties":{"Cell_ID":171,"Area_ha":1.0,"LC":"9:1.000000","XMIN":707584.86160847,"YMIN":8511173.59738907,"XMAX":707684.86160847,"YMAX":8511273.59738907},"geometry":{"type":"Polygon","coordinates":[[[-73.08154450082816,-13.460095384683816],[-73.08155169990256,-13.459191655361817],[-73.08247506462021,-13.45919869939806],[-73.08246786900561,-13.460102429210226],[-73.08154450082816,-13.460095384683816]]]}},{"type":"Feature","properties":{"Cell_ID":172,"Area_ha":1.0,"LC":"5:0.182627,9:0.817373","XMIN":707584.86160847,"YMIN":8511073.59738907,"XMAX":707684.86160847,"YMAX":8511173.59738907},"geometry":{"type":"Polygon","coordinates":[[[-73.08153730122531,-13.460999113937206],[-73.08154450082816,-13.460095384683816],[-73.08246786900561,-13.460102429210226],[-73.08246067286281,-13.461006158953786],[-73.08153730122531,-13.460999113937206]]]}},{"type":"Feature","properties":{"Cell_ID":173,"Area_ha":1.0,"LC":"5:0.662346,9:0.337654","XMIN":707584.86160847,"YMIN":8510973.59738907,"XMAX":707684.86160847,"YMAX":8511073.59738907},"geometry":{"type":"Polygon","coordinates":[[[-73.08153010109399,-13.461902843121981],[-73.08153730122531,-13.460999113937206],[-73.08246067286281,-13.461006158953786],[-73.08245347619179,-13.46190988862873],[-73.08153010109399,-13.461902843121981]]]}},{"type":"Feature","properties":{"Cell_ID":174,"Area_ha":1.0,"LC":"5:0.282783,9:0.677499,13:0.039719","XMIN":707584.86160847,"YMIN":8510873.59738907,"XMAX":707684.86160847,"YMAX":8510973.59738907},"geometry":{"type":"Polygon","coordinates":[[[-73.08152290043418,-13.462806572238138],[-73.08153010109399,-13.461902843121981],[-73.08245347619179,-13.46190988862873],[-73.08244627899255,-13.462813618235064],[-73.08152290043418,-13.462806572238138]]]}},{"type":"Feature","properties":{"Cell_ID":175,"Area_ha":1.0,"LC":"5:0.142199,9:0.560562,13:0.297239","XMIN":707584.86160847,"YMIN":8510773.59738907,"XMAX":707684.86160847,"YMAX":8510873.59738907},"geometry":{"type":"Polygon","coordinates":[[[-73.0815156992459,-13.463710301285674],[-73.08152290043418,-13.462806572238138],[-73.08244627899255,-13.462813618235064],[-73.08243908126505,-13.463717347772777],[-73.0815156992459,-13.463710301285674]]]}},{"type":"Feature","properties":{"Cell_ID":176,"Area_ha":1.0,"LC":"5:0.501546,9:0.460260,13:0.038195","XMIN":707584.86160847,"YMIN":8510673.59738907,"XMAX":707684.86160847,"YMAX":8510773.59738907},"geometry":{"type":"Polygon","coordinates":[[[-73.0815084975291,-13.46461403026458],[-73.0815156992459,-13.463710301285674],[-73.08243908126505,-13.463717347772777],[-73.08243188300933,-13.464621077241867],[-73.0815084975291,-13.46461403026458]]]}},{"type":"Feature","properties":{"Cell_ID":177,"Area_ha":1.0,"LC":"5:0.639290,9:0.360710","XMIN":707584.86160847,"YMIN":8510573.59738907,"XMAX":707684.86160847,"YMAX":8510673.59738907},"geometry":{"type":"Polygon","coordinates":[[[-73.0815012952838,-13.465517759174855],[-73.0815084975291,-13.46461403026458],[-73.08243188300933,-13.464621077241867],[-73.08242468422534,-13.465524806642328],[-73.0815012952838,-13.465517759174855]]]}},{"type":"Feature","properties":{"Cell_ID":178,"Area_ha":1.0,"LC":"5:0.200844,9:0.799156","XMIN":707584.86160847,"YMIN":8510473.59738907,"XMAX":707684.86160847,"YMAX":8510573.59738907},"geometry":{"type":"Polygon","coordinates":[[[-73.08149409250997,-13.466421488016499],[-73.0815012952838,-13.465517759174855],[-73.08242468422534,-13.465524806642328],[-73.08241748491311,-13.466428535974158],[-73.08149409250997,-13.466421488016499]]]}},{"type":"Feature","properties":{"Cell_ID":179,"Area_ha":1.0,"LC":"5:0.060541,6:0.256114,9:0.683345","XMIN":707584.86160847,"YMIN":8510373.59738907,"XMAX":707684.86160847,"YMAX":8510473.59738907},"geometry":{"type":"Polygon","coordinates":[[[-73.08148688920762,-13.467325216789499],[-73.08149409250997,-13.466421488016499],[-73.08241748491311,-13.466428535974158],[-73.08241028507258,-13.467332265237355],[-73.08148688920762,-13.467325216789499]]]}},{"type":"Feature","properties":{"Cell_ID":180,"Area_ha":1.0,"LC":"5:0.920962,6:0.079038","XMIN":707584.86160847,"YMIN":8510273.59738907,"XMAX":707684.86160847,"YMAX":8510373.59738907},"geometry":{"type":"Polygon","coordinates":[[[-73.08147968537673,-13.468228945493859],[-73.08148688920762,-13.467325216789499],[-73.08241028507258,-13.467332265237355],[-73.08240308470377,-13.468235994431907],[-73.08147968537673,-13.468228945493859]]]}},{"type":"Feature","properties":{"Cell_ID":181,"Area_ha":1.0,"LC":"5:0.815581,9:0.184419","XMIN":707584.86160847,"YMIN":8510173.59738907,"XMAX":707684.86160847,"YMAX":8510273.59738907},"geometry":{"type":"Polygon","coordinates":[[[-73.08147248101731,-13.469132674129566],[-73.08147968537673,-13.468228945493859],[-73.08240308470377,-13.468235994431907],[-73.08239588380668,-13.469139723557817],[-73.08147248101731,-13.469132674129566]]]}},{"type":"Feature","properties":{"Cell_ID":182,"Area_ha":1.0,"LC":"5:0.657935,9:0.162368,13:0.179697","XMIN":707584.86160847,"YMIN":8510073.59738907,"XMAX":707684.86160847,"YMAX":8510173.59738907},"geometry":{"type":"Polygon","coordinates":[[[-73.08146527612932,-13.470036402696621],[-73.08147248101731,-13.469132674129566],[-73.08239588380668,-13.469139723557817],[-73.08238868238128,-13.470043452615073],[-73.08146527612932,-13.470036402696621]]]}},{"type":"Feature","properties":{"Cell_ID":183,"Area_ha":1.0,"LC":"5:0.076256,9:0.018897,13:0.904847","XMIN":707584.86160847,"YMIN":8509973.59738907,"XMAX":707684.86160847,"YMAX":8510073.59738907},"geometry":{"type":"Polygon","coordinates":[[[-73.08145807071277,-13.470940131195022],[-73.08146527612932,-13.470036402696621],[-73.08238868238128,-13.470043452615073],[-73.08238148042757,-13.470947181603682],[-73.08145807071277,-13.470940131195022]]]}},{"type":"Feature","properties":{"Cell_ID":184,"Area_ha":1.0,"LC":"5:0.354863,9:0.140956,13:0.504181","XMIN":707584.86160847,"YMIN":8509873.59738907,"XMAX":707684.86160847,"YMAX":8509973.59738907},"geometry":{"type":"Polygon","coordinates":[[[-73.08145086476765,-13.471843859624759],[-73.08145807071277,-13.470940131195022],[-73.08238148042757,-13.470947181603682],[-73.08237427794553,-13.471850910523631],[-73.08145086476765,-13.471843859624759]]]}},{"type":"Feature","properties":{"Cell_ID":185,"Area_ha":1.0,"LC":"5:0.783738,9:0.216262","XMIN":707584.86160847,"YMIN":8509773.59738907,"XMAX":707684.86160847,"YMAX":8509873.59738907},"geometry":{"type":"Polygon","coordinates":[[[-73.08144365829394,-13.472747587985829],[-73.08145086476765,-13.471843859624759],[-73.08237427794553,-13.471850910523631],[-73.08236707493518,-13.472754639374918],[-73.08144365829394,-13.472747587985829]]]}},{"type":"Feature","properties":{"Cell_ID":186,"Area_ha":1.0,"LC":"5:0.494323,9:0.505677","XMIN":707584.86160847,"YMIN":8509673.59738907,"XMAX":707684.86160847,"YMAX":8509773.59738907},"geometry":{"type":"Polygon","coordinates":[[[-73.08143645129162,-13.47365131627823],[-73.08144365829394,-13.472747587985829],[-73.08236707493518,-13.472754639374918],[-73.08235987139649,-13.473658368157535],[-73.08143645129162,-13.47365131627823]]]}},{"type":"Feature","properties":{"Cell_ID":187,"Area_ha":1.0,"LC":"5:0.999853,9:0.000147","XMIN":707584.86160847,"YMIN":8509573.59738907,"XMAX":707684.86160847,"YMAX":8509673.59738907},"geometry":{"type":"Polygon","coordinates":[[[-73.08142924376072,-13.47455504450196],[-73.08143645129162,-13.47365131627823],[-73.08235987139649,-13.473658368157535],[-73.08235266732943,-13.474562096871486],[-73.08142924376072,-13.47455504450196]]]}},{"type":"Feature","properties":{"Cell_ID":188,"Area_ha":1.0,"LC":"5:0.340437,9:0.462199,13:0.197365","XMIN":707584.86160847,"YMIN":8509473.59738907,"XMAX":707684.86160847,"YMAX":8509573.59738907},"geometry":{"type":"Polygon","coordinates":[[[-73.0814220357012,-13.47545877265701],[-73.08142924376072,-13.47455504450196],[-73.08235266732943,-13.474562096871486],[-73.08234546273403,-13.475465825516759],[-73.0814220357012,-13.47545877265701]]]}},{"type":"Feature","properties":{"Cell_ID":189,"Area_ha":1.0,"LC":"9:0.384847,13:0.615153","XMIN":707584.86160847,"YMIN":8509373.59738907,"XMAX":707684.86160847,"YMAX":8509473.59738907},"geometry":{"type":"Polygon","coordinates":[[[-73.08141482711305,-13.476362500743376],[-73.0814220357012,-13.47545877265701],[-73.08234546273403,-13.475465825516759],[-73.08233825761025,-13.476369554093354],[-73.08141482711305,-13.476362500743376]]]}},{"type":"Feature","properties":{"Cell_ID":190,"Area_ha":1.0,"LC":"9:0.938763,13:0.061237","XMIN":707584.86160847,"YMIN":8509273.59738907,"XMAX":707684.86160847,"YMAX":8509373.59738907},"geometry":{"type":"Polygon","coordinates":[[[-73.08140761799628,-13.477266228761055],[-73.08141482711305,-13.476362500743376],[-73.08233825761025,-13.476369554093354],[-73.08233105195809,-13.477273282601264],[-73.08140761799628,-13.477266228761055]]]}},{"type":"Feature","properties":{"Cell_ID":191,"Area_ha":1.0,"LC":"5:0.118061,9:0.662895,13:0.141398,14:0.077646","XMIN":707584.86160847,"YMIN":8509173.59738907,"XMAX":707684.86160847,"YMAX":8509273.59738907},"geometry":{"type":"Polygon","coordinates":[[[-73.08140040835086,-13.478169956710042],[-73.08140761799628,-13.477266228761055],[-73.08233105195809,-13.477273282601264],[-73.08232384577755,-13.478177011040486],[-73.08140040835086,-13.478169956710042]]]}},{"type":"Feature","properties":{"Cell_ID":192,"Area_ha":1.0,"LC":"9:0.000991,13:0.617624,14:0.381384","XMIN":707584.86160847,"YMIN":8509073.59738907,"XMAX":707684.86160847,"YMAX":8509173.59738907},"geometry":{"type":"Polygon","coordinates":[[[-73.0813931981768,-13.479073684590333],[-73.08140040835086,-13.478169956710042],[-73.08232384577755,-13.478177011040486],[-73.08231663906862,-13.479080739411014],[-73.0813931981768,-13.479073684590333]]]}},{"type":"Feature","properties":{"Cell_ID":193,"Area_ha":1.0,"LC":"5:0.397914,9:0.563597,13:0.038490","XMIN":707684.86160847,"YMIN":8512573.59738907,"XMAX":707784.86160847,"YMAX":8512673.59738907},"geometry":{"type":"Polygon","coordinates":[[[-73.0807219205489,-13.447436126886647],[-73.08072911568206,-13.446532397094915],[-73.08165243146091,-13.446539437652234],[-73.08164523978398,-13.447443167934315],[-73.0807219205489,-13.447436126886647]]]}},{"type":"Feature","properties":{"Cell_ID":194,"Area_ha":1.0,"LC":"5:0.040281,9:0.639866,13:0.319853","XMIN":707684.86160847,"YMIN":8512473.59738907,"XMAX":707784.86160847,"YMAX":8512573.59738907},"geometry":{"type":"Polygon","coordinates":[[[-73.08071472488716,-13.448339856609826],[-73.0807219205489,-13.447436126886647],[-73.08164523978398,-13.447443167934315],[-73.08163804757872,-13.448346898147847],[-73.08071472488716,-13.448339856609826]]]}},{"type":"Feature","properties":{"Cell_ID":195,"Area_ha":1.0,"LC":"9:0.785544,13:0.214456","XMIN":707684.86160847,"YMIN":8512373.59738907,"XMAX":707784.86160847,"YMAX":8512473.59738907},"geometry":{"type":"Polygon","coordinates":[[[-73.08070752869682,-13.449243586264442],[-73.08071472488716,-13.448339856609826],[-73.08163804757872,-13.448346898147847],[-73.08163085484513,-13.449250628292827],[-73.08070752869682,-13.449243586264442]]]}},{"type":"Feature","properties":{"Cell_ID":196,"Area_ha":1.0,"LC":"9:0.502493,13:0.497507","XMIN":707684.86160847,"YMIN":8512273.59738907,"XMAX":707784.86160847,"YMAX":8512373.59738907},"geometry":{"type":"Polygon","coordinates":[[[-73.0807003319779,-13.450147315850502],[-73.08070752869682,-13.449243586264442],[-73.08163085484513,-13.449250628292827],[-73.08162366158318,-13.450154358369243],[-73.0807003319779,-13.450147315850502]]]}},{"type":"Feature","properties":{"Cell_ID":197,"Area_ha":1.0,"LC":"9:0.244293,13:0.436551,18:0.319156","XMIN":707684.86160847,"YMIN":8512173.59738907,"XMAX":707784.86160847,"YMAX":8512273.59738907},"geometry":{"type":"Polygon","coordinates":[[[-73.08069313473034,-13.451051045367995],[-73.0807003319779,-13.450147315850502],[-73.08162366158318,-13.450154358369243],[-73.08161646779288,-13.451058088377104],[-73.08069313473034,-13.451051045367995]]]}},{"type":"Feature","properties":{"Cell_ID":198,"Area_ha":1.0,"LC":"9:0.384285,13:0.019164,18:0.596551","XMIN":707684.86160847,"YMIN":8512073.59738907,"XMAX":707784.86160847,"YMAX":8512173.59738907},"geometry":{"type":"Polygon","coordinates":[[[-73.08068593695418,-13.451954774816917],[-73.08069313473034,-13.451051045367995],[-73.08161646779288,-13.451058088377104],[-73.08160927347421,-13.451961818316397],[-73.08068593695418,-13.451954774816917]]]}},{"type":"Feature","properties":{"Cell_ID":199,"Area_ha":1.0,"LC":"9:0.665129,16:0.158061,18:0.176810","XMIN":707684.86160847,"YMIN":8511973.59738907,"XMAX":707784.86160847,"YMAX":8512073.59738907},"geometry":{"type":"Polygon","coordinates":[[[-73.08067873864938,-13.452858504197266],[-73.08068593695418,-13.451954774816917],[-73.08160927347421,-13.451961818316397],[-73.08160207862717,-13.452865548187116],[-73.08067873864938,-13.452858504197266]]]}},{"type":"Feature","properties":{"Cell_ID":200,"Area_ha":1.0,"LC":"9:0.664566,16:0.254738,18:0.080696","XMIN":707684.86160847,"YMIN":8511873.59738907,"XMAX":707784.86160847,"YMAX":8511973.59738907},"geometry":{"type":"Polygon","coordinates":[[[-73.08067153981594,-13.453762233509037],[-73.08067873864938,-13.452858504197266],[-73.08160207862717,-13.452865548187116],[-73.08159488325175,-13.453769277989261],[-73.08067153981594,-13.453762233509037]]]}},{"type":"Feature","properties":{"Cell_ID":201,"Area_ha":1.0,"LC":"9:0.444869,16:0.175434,18:0.379697","XMIN":707684.86160847,"YMIN":8511773.59738907,"XMAX":707784.86160847,"YMAX":8511873.59738907},"geometry":{"type":"Polygon","coordinates":[[[-73.08066434045385,-13.454665962752225],[-73.08067153981594,-13.453762233509037],[-73.08159488325175,-13.453769277989261],[-73.08158768734793,-13.454673007722828],[-73.08066434045385,-13.454665962752225]]]}},{"type":"Feature","properties":{"Cell_ID":202,"Area_ha":1.0,"LC":"9:0.456529,16:0.117780,18:0.425691","XMIN":707684.86160847,"YMIN":8511673.59738907,"XMAX":707784.86160847,"YMAX":8511773.59738907},"geometry":{"type":"Polygon","coordinates":[[[-73.0806571405631,-13.455569691926828],[-73.08066434045385,-13.454665962752225],[-73.08158768734793,-13.454673007722828],[-73.0815804909157,-13.45557673738781],[-73.0806571405631,-13.455569691926828]]]}},{"type":"Feature","properties":{"Cell_ID":203,"Area_ha":1.0,"LC":"9:0.137239,16:0.841363,18:0.021398","XMIN":707684.86160847,"YMIN":8511573.59738907,"XMAX":707784.86160847,"YMAX":8511673.59738907},"geometry":{"type":"Polygon","coordinates":[[[-73.0806499401437,-13.456473421032834],[-73.0806571405631,-13.455569691926828],[-73.0815804909157,-13.45557673738781],[-73.08157329395506,-13.456480466984205],[-73.0806499401437,-13.456473421032834]]]}},{"type":"Feature","properties":{"Cell_ID":204,"Area_ha":1.0,"LC":"9:0.375153,16:0.503618,18:0.121229","XMIN":707684.86160847,"YMIN":8511473.59738907,"XMAX":707784.86160847,"YMAX":8511573.59738907},"geometry":{"type":"Polygon","coordinates":[[[-73.08064273919561,-13.457377150070247],[-73.0806499401437,-13.456473421032834],[-73.08157329395506,-13.456480466984205],[-73.081566096466,-13.457384196512006],[-73.08064273919561,-13.457377150070247]]]}},{"type":"Feature","properties":{"Cell_ID":205,"Area_ha":1.0,"LC":"5:0.279156,9:0.255153,16:0.040281,18:0.425410","XMIN":707684.86160847,"YMIN":8511373.59738907,"XMAX":707784.86160847,"YMAX":8511473.59738907},"geometry":{"type":"Polygon","coordinates":[[[-73.08063553771883,-13.45828087903906],[-73.08064273919561,-13.457377150070247],[-73.081566096466,-13.457384196512006],[-73.08155889844849,-13.458287925971213],[-73.08063553771883,-13.45828087903906]]]}},{"type":"Feature","properties":{"Cell_ID":206,"Area_ha":1.0,"LC":"5:0.679719,9:0.320134,18:0.000147","XMIN":707684.86160847,"YMIN":8511273.59738907,"XMAX":707784.86160847,"YMAX":8511373.59738907},"geometry":{"type":"Polygon","coordinates":[[[-73.08062833571336,-13.459184607939266],[-73.08063553771883,-13.45828087903906],[-73.08155889844849,-13.458287925971213],[-73.08155169990256,-13.459191655361817],[-73.08062833571336,-13.459184607939266]]]}},{"type":"Feature","properties":{"Cell_ID":207,"Area_ha":1.0,"LC":"5:0.883730,9:0.116270","XMIN":707684.86160847,"YMIN":8511173.59738907,"XMAX":707784.86160847,"YMAX":8511273.59738907},"geometry":{"type":"Polygon","coordinates":[[[-73.08062113317918,-13.460088336770866],[-73.08062833571336,-13.459184607939266],[-73.08155169990256,-13.459191655361817],[-73.08154450082816,-13.460095384683816],[-73.08062113317918,-13.460088336770866]]]}},{"type":"Feature","properties":{"Cell_ID":208,"Area_ha":1.0,"LC":"5:0.999866,9:0.000134","XMIN":707684.86160847,"YMIN":8511073.59738907,"XMAX":707784.86160847,"YMAX":8511173.59738907},"geometry":{"type":"Polygon","coordinates":[[[-73.08061393011629,-13.46099206553385],[-73.08062113317918,-13.460088336770866],[-73.08154450082816,-13.460095384683816],[-73.08153730122531,-13.460999113937206],[-73.08061393011629,-13.46099206553385]]]}},{"type":"Feature","properties":{"Cell_ID":209,"Area_ha":1.0,"LC":"5:0.861666,9:0.138334","XMIN":707684.86160847,"YMIN":8510973.59738907,"XMAX":707784.86160847,"YMAX":8511073.59738907},"geometry":{"type":"Polygon","coordinates":[[[-73.08060672652466,-13.461895794228218],[-73.08061393011629,-13.46099206553385],[-73.08153730122531,-13.460999113937206],[-73.08153010109399,-13.461902843121981],[-73.08060672652466,-13.461895794228218]]]}},{"type":"Feature","properties":{"Cell_ID":210,"Area_ha":1.0,"LC":"5:0.423471,9:0.576529","XMIN":707684.86160847,"YMIN":8510873.59738907,"XMAX":707784.86160847,"YMAX":8510973.59738907},"geometry":{"type":"Polygon","coordinates":[[[-73.08059952240433,-13.462799522853965],[-73.08060672652466,-13.461895794228218],[-73.08153010109399,-13.461902843121981],[-73.08152290043418,-13.462806572238138],[-73.08059952240433,-13.462799522853965]]]}},{"type":"Feature","properties":{"Cell_ID":211,"Area_ha":1.0,"LC":"5:0.161805,9:0.838195","XMIN":707684.86160847,"YMIN":8510773.59738907,"XMAX":707784.86160847,"YMAX":8510873.59738907},"geometry":{"type":"Polygon","coordinates":[[[-73.08059231775522,-13.463703251411086],[-73.08059952240433,-13.462799522853965],[-73.08152290043418,-13.462806572238138],[-73.0815156992459,-13.463710301285674],[-73.08059231775522,-13.463703251411086]]]}},{"type":"Feature","properties":{"Cell_ID":212,"Area_ha":1.0,"LC":"5:0.680948,9:0.319052","XMIN":707684.86160847,"YMIN":8510673.59738907,"XMAX":707784.86160847,"YMAX":8510773.59738907},"geometry":{"type":"Polygon","coordinates":[[[-73.08058511257738,-13.464606979899575],[-73.08059231775522,-13.463703251411086],[-73.0815156992459,-13.463710301285674],[-73.0815084975291,-13.46461403026458],[-73.08058511257738,-13.464606979899575]]]}},{"type":"Feature","properties":{"Cell_ID":213,"Area_ha":1.0,"LC":"5:0.999866,9:0.000134","XMIN":707684.86160847,"YMIN":8510573.59738907,"XMAX":707784.86160847,"YMAX":8510673.59738907},"geometry":{"type":"Polygon","coordinates":[[[-73.08057790687077,-13.465510708319432],[-73.08058511257738,-13.464606979899575],[-73.0815084975291,-13.46461403026458],[-73.0815012952838,-13.465517759174855],[-73.08057790687077,-13.465510708319432]]]}},{"type":"Feature","properties":{"Cell_ID":214,"Area_ha":1.0,"LC":"5:0.584315,9:0.415685","XMIN":707684.86160847,"YMIN":8510473.59738907,"XMAX":707784.86160847,"YMAX":8510573.59738907},"geometry":{"type":"Polygon","coordinates":[[[-73.08057070063538,-13.466414436670647],[-73.08057790687077,-13.465510708319432],[-73.0815012952838,-13.465517759174855],[-73.08149409250997,-13.466421488016499],[-73.08057070063538,-13.466414436670647]]]}},{"type":"Feature","properties":{"Cell_ID":215,"Area_ha":1.0,"LC":"5:0.198594,9:0.801406","XMIN":707684.86160847,"YMIN":8510373.59738907,"XMAX":707784.86160847,"YMAX":8510473.59738907},"geometry":{"type":"Polygon","coordinates":[[[-73.08056349387121,-13.46731816495322],[-73.08057070063538,-13.466414436670647],[-73.08149409250997,-13.466421488016499],[-73.08148688920762,-13.467325216789499],[-73.08056349387121,-13.46731816495322]]]}},{"type":"Feature","properties":{"Cell_ID":216,"Area_ha":1.0,"LC":"5:1.000000","XMIN":707684.86160847,"YMIN":8510273.59738907,"XMAX":707784.86160847,"YMAX":8510373.59738907},"geometry":{"type":"Polygon","coordinates":[[[-73.08055628657826,-13.468221893167145],[-73.08056349387121,-13.46731816495322],[-73.08148688920762,-13.467325216789499],[-73.08147968537673,-13.468228945493859],[-73.08055628657826,-13.468221893167145]]]}},{"type":"Feature","properties":{"Cell_ID":217,"Area_ha":1.0,"LC":"5:0.664981,9:0.335019","XMIN":707684.86160847,"YMIN":8510173.59738907,"XMAX":707784.86160847,"YMAX":8510273.59738907},"geometry":{"type":"Polygon","coordinates":[[[-73.0805490787565,-13.469125621312417],[-73.08055628657826,-13.468221893167145],[-73.08147968537673,-13.468228945493859],[-73.08147248101731,-13.469132674129566],[-73.0805490787565,-13.469125621312417]]]}},{"type":"Feature","properties":{"Cell_ID":218,"Area_ha":1.0,"LC":"5:0.763211,9:0.038195,13:0.177772,16:0.020822","XMIN":707684.86160847,"YMIN":8510073.59738907,"XMAX":707784.86160847,"YMAX":8510173.59738907},"geometry":{"type":"Polygon","coordinates":[[[-73.08054187040594,-13.470029349389034],[-73.0805490787565,-13.469125621312417],[-73.08147248101731,-13.469132674129566],[-73.08146527612932,-13.470036402696621],[-73.08054187040594,-13.470029349389034]]]}},{"type":"Feature","properties":{"Cell_ID":219,"Area_ha":1.0,"LC":"13:0.775434,16:0.224566","XMIN":707684.86160847,"YMIN":8509973.59738907,"XMAX":707784.86160847,"YMAX":8510073.59738907},"geometry":{"type":"Polygon","coordinates":[[[-73.08053466152656,-13.47093307739699],[-73.08054187040594,-13.470029349389034],[-73.08146527612932,-13.470036402696621],[-73.08145807071277,-13.470940131195022],[-73.08053466152656,-13.47093307739699]]]}},{"type":"Feature","properties":{"Cell_ID":220,"Area_ha":1.0,"LC":"9:0.117365,13:0.418069,16:0.464566","XMIN":707684.86160847,"YMIN":8509873.59738907,"XMAX":707784.86160847,"YMAX":8509973.59738907},"geometry":{"type":"Polygon","coordinates":[[[-73.08052745211833,-13.471836805336284],[-73.08053466152656,-13.47093307739699],[-73.08145807071277,-13.470940131195022],[-73.08145086476765,-13.471843859624759],[-73.08052745211833,-13.471836805336284]]]}},{"type":"Feature","properties":{"Cell_ID":221,"Area_ha":1.0,"LC":"5:0.534456,9:0.425115,13:0.039719,16:0.000710","XMIN":707684.86160847,"YMIN":8509773.59738907,"XMAX":707784.86160847,"YMAX":8509873.59738907},"geometry":{"type":"Polygon","coordinates":[[[-73.08052024218128,-13.472740533206906],[-73.08052745211833,-13.471836805336284],[-73.08145086476765,-13.471843859624759],[-73.08144365829394,-13.472747587985829],[-73.08052024218128,-13.472740533206906]]]}},{"type":"Feature","properties":{"Cell_ID":222,"Area_ha":1.0,"LC":"5:0.101518,9:0.736262,13:0.162220","XMIN":707684.86160847,"YMIN":8509673.59738907,"XMAX":707784.86160847,"YMAX":8509773.59738907},"geometry":{"type":"Polygon","coordinates":[[[-73.08051303171538,-13.473644261008854],[-73.08052024218128,-13.472740533206906],[-73.08144365829394,-13.472747587985829],[-73.08143645129162,-13.47365131627823],[-73.08051303171538,-13.473644261008854]]]}},{"type":"Feature","properties":{"Cell_ID":223,"Area_ha":1.0,"LC":"5:0.195855,9:0.241259,13:0.562887","XMIN":707684.86160847,"YMIN":8509573.59738907,"XMAX":707784.86160847,"YMAX":8509673.59738907},"geometry":{"type":"Polygon","coordinates":[[[-73.08050582072063,-13.474547988742128],[-73.08051303171538,-13.473644261008854],[-73.08143645129162,-13.47365131627823],[-73.08142924376072,-13.47455504450196],[-73.08050582072063,-13.474547988742128]]]}},{"type":"Feature","properties":{"Cell_ID":224,"Area_ha":1.0,"LC":"5:0.059446,9:0.679304,13:0.261251","XMIN":707684.86160847,"YMIN":8509473.59738907,"XMAX":707784.86160847,"YMAX":8509573.59738907},"geometry":{"type":"Polygon","coordinates":[[[-73.080498609197,-13.475451716406713],[-73.08050582072063,-13.474547988742128],[-73.08142924376072,-13.47455504450196],[-73.0814220357012,-13.47545877265701],[-73.080498609197,-13.475451716406713]]]}},{"type":"Feature","properties":{"Cell_ID":225,"Area_ha":1.0,"LC":"5:0.041792,9:0.454590,13:0.503618","XMIN":707684.86160847,"YMIN":8509373.59738907,"XMAX":707784.86160847,"YMAX":8509473.59738907},"geometry":{"type":"Polygon","coordinates":[[[-73.0804913971445,-13.476355444002616],[-73.080498609197,-13.475451716406713],[-73.0814220357012,-13.47545877265701],[-73.08141482711305,-13.476362500743376],[-73.0804913971445,-13.476355444002616]]]}},{"type":"Feature","properties":{"Cell_ID":226,"Area_ha":1.0,"LC":"5:0.021117,7:0.182908,9:0.537922,13:0.258053","XMIN":707684.86160847,"YMIN":8509273.59738907,"XMAX":707784.86160847,"YMAX":8509373.59738907},"geometry":{"type":"Polygon","coordinates":[[[-73.0804841845631,-13.477259171529827],[-73.0804913971445,-13.476355444002616],[-73.08141482711305,-13.476362500743376],[-73.08140761799628,-13.477266228761055],[-73.0804841845631,-13.477259171529827]]]}},{"type":"Feature","properties":{"Cell_ID":227,"Area_ha":1.0,"LC":"9:0.720014,13:0.200549,14:0.079438","XMIN":707684.86160847,"YMIN":8509173.59738907,"XMAX":707784.86160847,"YMAX":8509273.59738907},"geometry":{"type":"Polygon","coordinates":[[[-73.08047697145282,-13.47816289898834],[-73.0804841845631,-13.477259171529827],[-73.08140761799628,-13.477266228761055],[-73.08140040835086,-13.478169956710042],[-73.08047697145282,-13.47816289898834]]]}},{"type":"Feature","properties":{"Cell_ID":228,"Area_ha":1.0,"LC":"9:0.000415,13:0.840962,14:0.158623","XMIN":707684.86160847,"YMIN":8509073.59738907,"XMAX":707784.86160847,"YMAX":8509173.59738907},"geometry":{"type":"Polygon","coordinates":[[[-73.08046975781365,-13.479066626378161],[-73.08047697145282,-13.47816289898834],[-73.08140040835086,-13.478169956710042],[-73.0813931981768,-13.479073684590333],[-73.08046975781365,-13.479066626378161]]]}},{"type":"Feature","properties":{"Cell_ID":229,"Area_ha":1.0,"LC":"9:0.595693,13:0.403744,16:0.000562","XMIN":707784.86160847,"YMIN":8512573.59738907,"XMAX":707884.86160847,"YMAX":8512673.59738907},"geometry":{"type":"Polygon","coordinates":[[[-73.0797986018424,-13.447429082455741],[-73.07980580043177,-13.446525353154598],[-73.08072911568206,-13.446532397094915],[-73.0807219205489,-13.447436126886647],[-73.0797986018424,-13.447429082455741]]]}},{"type":"Feature","properties":{"Cell_ID":230,"Area_ha":1.0,"LC":"9:0.624419,13:0.375581","XMIN":707784.86160847,"YMIN":8512473.59738907,"XMAX":707884.86160847,"YMAX":8512573.59738907},"geometry":{"type":"Polygon","coordinates":[[[-73.07979140272418,-13.44833281168833],[-73.0797986018424,-13.447429082455741],[-73.0807219205489,-13.447436126886647],[-73.08071472488716,-13.448339856609826],[-73.07979140272418,-13.44833281168833]]]}},{"type":"Feature","properties":{"Cell_ID":231,"Area_ha":1.0,"LC":"9:0.939325,13:0.060675","XMIN":707784.86160847,"YMIN":8512373.59738907,"XMAX":707884.86160847,"YMAX":8512473.59738907},"geometry":{"type":"Polygon","coordinates":[[[-73.07978420307711,-13.449236540852358],[-73.07979140272418,-13.44833281168833],[-73.08071472488716,-13.448339856609826],[-73.08070752869682,-13.449243586264442],[-73.07978420307711,-13.449236540852358]]]}},{"type":"Feature","properties":{"Cell_ID":232,"Area_ha":1.0,"LC":"9:0.778736,13:0.221264","XMIN":707784.86160847,"YMIN":8512273.59738907,"XMAX":707884.86160847,"YMAX":8512373.59738907},"geometry":{"type":"Polygon","coordinates":[[[-73.07977700290121,-13.450140269947816],[-73.07978420307711,-13.449236540852358],[-73.08070752869682,-13.449243586264442],[-73.0807003319779,-13.450147315850502],[-73.07977700290121,-13.450140269947816]]]}},{"type":"Feature","properties":{"Cell_ID":233,"Area_ha":1.0,"LC":"9:0.980836,13:0.019164","XMIN":707784.86160847,"YMIN":8512173.59738907,"XMAX":707884.86160847,"YMAX":8512273.59738907},"geometry":{"type":"Polygon","coordinates":[[[-73.07976980219641,-13.451043998974711],[-73.07977700290121,-13.450140269947816],[-73.0807003319779,-13.450147315850502],[-73.08069313473034,-13.451051045367995],[-73.07976980219641,-13.451043998974711]]]}},{"type":"Feature","properties":{"Cell_ID":234,"Area_ha":1.0,"LC":"9:1.000000","XMIN":707784.86160847,"YMIN":8512073.59738907,"XMAX":707884.86160847,"YMAX":8512173.59738907},"geometry":{"type":"Polygon","coordinates":[[[-73.07976260096277,-13.451947727933034],[-73.07976980219641,-13.451043998974711],[-73.08069313473034,-13.451051045367995],[-73.08068593695418,-13.451954774816917],[-73.07976260096277,-13.451947727933034]]]}},{"type":"Feature","properties":{"Cell_ID":235,"Area_ha":1.0,"LC":"9:1.000000","XMIN":707784.86160847,"YMIN":8511973.59738907,"XMAX":707884.86160847,"YMAX":8512073.59738907},"geometry":{"type":"Polygon","coordinates":[[[-73.07975539920021,-13.452851456822774],[-73.07976260096277,-13.451947727933034],[-73.08068593695418,-13.451954774816917],[-73.08067873864938,-13.452858504197266],[-73.07975539920021,-13.452851456822774]]]}},{"type":"Feature","properties":{"Cell_ID":236,"Area_ha":1.0,"LC":"9:1.000000","XMIN":707784.86160847,"YMIN":8511873.59738907,"XMAX":707884.86160847,"YMAX":8511973.59738907},"geometry":{"type":"Polygon","coordinates":[[[-73.07974819690878,-13.453755185643933],[-73.07975539920021,-13.452851456822774],[-73.08067873864938,-13.452858504197266],[-73.08067153981594,-13.453762233509037],[-73.07974819690878,-13.453755185643933]]]}},{"type":"Feature","properties":{"Cell_ID":237,"Area_ha":1.0,"LC":"9:0.981103,18:0.018897","XMIN":707784.86160847,"YMIN":8511773.59738907,"XMAX":707884.86160847,"YMAX":8511873.59738907},"geometry":{"type":"Polygon","coordinates":[[[-73.07974099408844,-13.454658914396505],[-73.07974819690878,-13.453755185643933],[-73.08067153981594,-13.453762233509037],[-73.08066434045385,-13.454665962752225],[-73.07974099408844,-13.454658914396505]]]}},{"type":"Feature","properties":{"Cell_ID":238,"Area_ha":1.0,"LC":"9:0.585691,18:0.414309","XMIN":707784.86160847,"YMIN":8511673.59738907,"XMAX":707884.86160847,"YMAX":8511773.59738907},"geometry":{"type":"Polygon","coordinates":[[[-73.07973379073918,-13.455562643080487],[-73.07974099408844,-13.454658914396505],[-73.08066434045385,-13.454665962752225],[-73.0806571405631,-13.455569691926828],[-73.07973379073918,-13.455562643080487]]]}},{"type":"Feature","properties":{"Cell_ID":239,"Area_ha":1.0,"LC":"9:0.384847,16:0.355145,18:0.260008","XMIN":707784.86160847,"YMIN":8511573.59738907,"XMAX":707884.86160847,"YMAX":8511673.59738907},"geometry":{"type":"Polygon","coordinates":[[[-73.07972658686101,-13.456466371695873],[-73.07973379073918,-13.455562643080487],[-73.0806571405631,-13.455569691926828],[-73.0806499401437,-13.456473421032834],[-73.07972658686101,-13.456466371695873]]]}},{"type":"Feature","properties":{"Cell_ID":240,"Area_ha":1.0,"LC":"9:0.521805,16:0.178069,18:0.300126","XMIN":707784.86160847,"YMIN":8511473.59738907,"XMAX":707884.86160847,"YMAX":8511573.59738907},"geometry":{"type":"Polygon","coordinates":[[[-73.0797193824539,-13.457370100242661],[-73.07972658686101,-13.456466371695873],[-73.0806499401437,-13.456473421032834],[-73.08064273919561,-13.457377150070247],[-73.0797193824539,-13.457370100242661]]]}},{"type":"Feature","properties":{"Cell_ID":241,"Area_ha":1.0,"LC":"7:0.299978,9:0.240281,18:0.459740","XMIN":707784.86160847,"YMIN":8511373.59738907,"XMAX":707884.86160847,"YMAX":8511473.59738907},"geometry":{"type":"Polygon","coordinates":[[[-73.07971217751786,-13.458273828720845],[-73.0797193824539,-13.457370100242661],[-73.08064273919561,-13.457377150070247],[-73.08063553771883,-13.45828087903906],[-73.07971217751786,-13.458273828720845]]]}},{"type":"Feature","properties":{"Cell_ID":242,"Area_ha":1.0,"LC":"7:0.162930,9:0.536529,16:0.300407,18:0.000134","XMIN":707784.86160847,"YMIN":8511273.59738907,"XMAX":707884.86160847,"YMAX":8511373.59738907},"geometry":{"type":"Polygon","coordinates":[[[-73.07970497205287,-13.459177557130419],[-73.07971217751786,-13.458273828720845],[-73.08063553771883,-13.45828087903906],[-73.08062833571336,-13.459184607939266],[-73.07970497205287,-13.459177557130419]]]}},{"type":"Feature","properties":{"Cell_ID":243,"Area_ha":1.0,"LC":"5:0.155707,9:0.404293,13:0.119438,16:0.320562","XMIN":707784.86160847,"YMIN":8511173.59738907,"XMAX":707884.86160847,"YMAX":8511273.59738907},"geometry":{"type":"Polygon","coordinates":[[[-73.07969776605891,-13.460081285471384],[-73.07970497205287,-13.459177557130419],[-73.08062833571336,-13.459184607939266],[-73.08062113317918,-13.460088336770866],[-73.07969776605891,-13.460081285471384]]]}},{"type":"Feature","properties":{"Cell_ID":244,"Area_ha":1.0,"LC":"5:0.295153,9:0.322086,13:0.382761","XMIN":707784.86160847,"YMIN":8511073.59738907,"XMAX":707884.86160847,"YMAX":8511173.59738907},"geometry":{"type":"Polygon","coordinates":[[[-73.07969055953599,-13.460985013743729],[-73.07969776605891,-13.460081285471384],[-73.08062113317918,-13.460088336770866],[-73.08061393011629,-13.46099206553385],[-73.07969055953599,-13.460985013743729]]]}},{"type":"Feature","properties":{"Cell_ID":245,"Area_ha":1.0,"LC":"5:0.734309,9:0.264981,13:0.000710","XMIN":707784.86160847,"YMIN":8510973.59738907,"XMAX":707884.86160847,"YMAX":8511073.59738907},"geometry":{"type":"Polygon","coordinates":[[[-73.07968335248408,-13.461888741947455],[-73.07969055953599,-13.460985013743729],[-73.08061393011629,-13.46099206553385],[-73.08060672652466,-13.461895794228218],[-73.07968335248408,-13.461888741947455]]]}},{"type":"Feature","properties":{"Cell_ID":246,"Area_ha":1.0,"LC":"5:0.979031,9:0.020969","XMIN":707784.86160847,"YMIN":8510873.59738907,"XMAX":707884.86160847,"YMAX":8510973.59738907},"geometry":{"type":"Polygon","coordinates":[[[-73.07967614490319,-13.462792470082556],[-73.07968335248408,-13.461888741947455],[-73.08060672652466,-13.461895794228218],[-73.08059952240433,-13.462799522853965],[-73.07967614490319,-13.462792470082556]]]}},{"type":"Feature","properties":{"Cell_ID":247,"Area_ha":1.0,"LC":"5:0.537654,6:0.020822,9:0.441524","XMIN":707784.86160847,"YMIN":8510773.59738907,"XMAX":707884.86160847,"YMAX":8510873.59738907},"geometry":{"type":"Polygon","coordinates":[[[-73.07966893679331,-13.463696198149025],[-73.07967614490319,-13.462792470082556],[-73.08059952240433,-13.462799522853965],[-73.08059231775522,-13.463703251411086],[-73.07966893679331,-13.463696198149025]]]}},{"type":"Feature","properties":{"Cell_ID":248,"Area_ha":1.0,"LC":"5:0.694590,6:0.042086,9:0.263323","XMIN":707784.86160847,"YMIN":8510673.59738907,"XMAX":707884.86160847,"YMAX":8510773.59738907},"geometry":{"type":"Polygon","coordinates":[[[-73.0796617281544,-13.46459992614686],[-73.07966893679331,-13.463696198149025],[-73.08059231775522,-13.463703251411086],[-73.08058511257738,-13.464606979899575],[-73.0796617281544,-13.46459992614686]]]}},{"type":"Feature","properties":{"Cell_ID":249,"Area_ha":1.0,"LC":"5:0.999853,9:0.000147","XMIN":707784.86160847,"YMIN":8510573.59738907,"XMAX":707884.86160847,"YMAX":8510673.59738907},"geometry":{"type":"Polygon","coordinates":[[[-73.0796545189865,-13.465503654076057],[-73.0796617281544,-13.46459992614686],[-73.08058511257738,-13.464606979899575],[-73.08057790687077,-13.465510708319432],[-73.0796545189865,-13.465503654076057]]]}},{"type":"Feature","properties":{"Cell_ID":250,"Area_ha":1.0,"LC":"5:0.941384,9:0.058616","XMIN":707784.86160847,"YMIN":8510473.59738907,"XMAX":707884.86160847,"YMAX":8510573.59738907},"geometry":{"type":"Polygon","coordinates":[[[-73.07964730928957,-13.466407381936616],[-73.0796545189865,-13.465503654076057],[-73.08057790687077,-13.465510708319432],[-73.08057070063538,-13.466414436670647],[-73.07964730928957,-13.466407381936616]]]}},{"type":"Feature","properties":{"Cell_ID":251,"Area_ha":1.0,"LC":"5:0.400014,9:0.599986","XMIN":707784.86160847,"YMIN":8510373.59738907,"XMAX":707884.86160847,"YMAX":8510473.59738907},"geometry":{"type":"Polygon","coordinates":[[[-73.0796400990636,-13.467311109728525],[-73.07964730928957,-13.466407381936616],[-73.08057070063538,-13.466414436670647],[-73.08056349387121,-13.46731816495322],[-73.0796400990636,-13.467311109728525]]]}},{"type":"Feature","properties":{"Cell_ID":252,"Area_ha":1.0,"LC":"5:0.877632,9:0.122368","XMIN":707784.86160847,"YMIN":8510273.59738907,"XMAX":707884.86160847,"YMAX":8510373.59738907},"geometry":{"type":"Polygon","coordinates":[[[-73.07963288830857,-13.468214837451782],[-73.0796400990636,-13.467311109728525],[-73.08056349387121,-13.46731816495322],[-73.08055628657826,-13.468221893167145],[-73.07963288830857,-13.468214837451782]]]}},{"type":"Feature","properties":{"Cell_ID":253,"Area_ha":1.0,"LC":"5:0.958061,9:0.041939","XMIN":707784.86160847,"YMIN":8510173.59738907,"XMAX":707884.86160847,"YMAX":8510273.59738907},"geometry":{"type":"Polygon","coordinates":[[[-73.0796256770245,-13.469118565106385],[-73.07963288830857,-13.468214837451782],[-73.08055628657826,-13.468221893167145],[-73.0805490787565,-13.469125621312417],[-73.0796256770245,-13.469118565106385]]]}},{"type":"Feature","properties":{"Cell_ID":254,"Area_ha":1.0,"LC":"5:0.819727,13:0.081939,16:0.098334","XMIN":707784.86160847,"YMIN":8510073.59738907,"XMAX":707884.86160847,"YMAX":8510173.59738907},"geometry":{"type":"Polygon","coordinates":[[[-73.07961846521137,-13.470022292692326],[-73.0796256770245,-13.469118565106385],[-73.0805490787565,-13.469125621312417],[-73.08054187040594,-13.470029349389034],[-73.07961846521137,-13.470022292692326]]]}},{"type":"Feature","properties":{"Cell_ID":255,"Area_ha":1.0,"LC":"5:0.021679,9:0.363168,16:0.615153","XMIN":707784.86160847,"YMIN":8509973.59738907,"XMAX":707884.86160847,"YMAX":8510073.59738907},"geometry":{"type":"Polygon","coordinates":[[[-73.07961125286916,-13.470926020209605],[-73.07961846521137,-13.470022292692326],[-73.08054187040594,-13.470029349389034],[-73.08053466152656,-13.47093307739699],[-73.07961125286916,-13.470926020209605]]]}},{"type":"Feature","properties":{"Cell_ID":256,"Area_ha":1.0,"LC":"9:0.904285,16:0.095715","XMIN":707784.86160847,"YMIN":8509873.59738907,"XMAX":707884.86160847,"YMAX":8509973.59738907},"geometry":{"type":"Polygon","coordinates":[[[-73.07960403999786,-13.471829747658214],[-73.07961125286916,-13.470926020209605],[-73.08053466152656,-13.47093307739699],[-73.08052745211833,-13.471836805336284],[-73.07960403999786,-13.471829747658214]]]}},{"type":"Feature","properties":{"Cell_ID":257,"Area_ha":1.0,"LC":"9:0.999866,16:0.000134","XMIN":707784.86160847,"YMIN":8509773.59738907,"XMAX":707884.86160847,"YMAX":8509873.59738907},"geometry":{"type":"Polygon","coordinates":[[[-73.07959682659748,-13.47273347503815],[-73.07960403999786,-13.471829747658214],[-73.08052745211833,-13.471836805336284],[-73.08052024218128,-13.472740533206906],[-73.07959682659748,-13.47273347503815]]]}},{"type":"Feature","properties":{"Cell_ID":258,"Area_ha":1.0,"LC":"5:0.058616,9:0.663323,13:0.278061","XMIN":707784.86160847,"YMIN":8509673.59738907,"XMAX":707884.86160847,"YMAX":8509773.59738907},"geometry":{"type":"Polygon","coordinates":[[[-73.079589612668,-13.47363720234941],[-73.07959682659748,-13.47273347503815],[-73.08052024218128,-13.472740533206906],[-73.08051303171538,-13.473644261008854],[-73.079589612668,-13.47363720234941]]]}},{"type":"Feature","properties":{"Cell_ID":259,"Area_ha":1.0,"LC":"5:0.442354,9:0.000991,13:0.456395,16:0.100260","XMIN":707784.86160847,"YMIN":8509573.59738907,"XMAX":707884.86160847,"YMAX":8509673.59738907},"geometry":{"type":"Polygon","coordinates":[[[-73.0795823982094,-13.47454092959199],[-73.079589612668,-13.47363720234941],[-73.08051303171538,-13.473644261008854],[-73.08050582072063,-13.474547988742128],[-73.0795823982094,-13.47454092959199]]]}},{"type":"Feature","properties":{"Cell_ID":260,"Area_ha":1.0,"LC":"9:0.475841,13:0.523449,16:0.000710","XMIN":707784.86160847,"YMIN":8509473.59738907,"XMAX":707884.86160847,"YMAX":8509573.59738907},"geometry":{"type":"Polygon","coordinates":[[[-73.07957518322168,-13.475444656765882],[-73.0795823982094,-13.47454092959199],[-73.08050582072063,-13.474547988742128],[-73.080498609197,-13.475451716406713],[-73.07957518322168,-13.475444656765882]]]}},{"type":"Feature","properties":{"Cell_ID":261,"Area_ha":1.0,"LC":"5:0.257624,9:0.000281,13:0.742094","XMIN":707784.86160847,"YMIN":8509373.59738907,"XMAX":707884.86160847,"YMAX":8509473.59738907},"geometry":{"type":"Polygon","coordinates":[[[-73.07956796770483,-13.476348383871084],[-73.07957518322168,-13.475444656765882],[-73.080498609197,-13.475451716406713],[-73.0804913971445,-13.476355444002616],[-73.07956796770483,-13.476348383871084]]]}},{"type":"Feature","properties":{"Cell_ID":262,"Area_ha":1.0,"LC":"5:0.382376,7:0.577758,9:0.039866","XMIN":707784.86160847,"YMIN":8509273.59738907,"XMAX":707884.86160847,"YMAX":8509373.59738907},"geometry":{"type":"Polygon","coordinates":[[[-73.07956075165885,-13.477252110907592],[-73.07956796770483,-13.476348383871084],[-73.0804913971445,-13.476355444002616],[-73.0804841845631,-13.477259171529827],[-73.07956075165885,-13.477252110907592]]]}},{"type":"Feature","properties":{"Cell_ID":263,"Area_ha":1.0,"LC":"7:0.323211,9:0.196256,13:0.379563,14:0.100969","XMIN":707784.86160847,"YMIN":8509173.59738907,"XMAX":707884.86160847,"YMAX":8509273.59738907},"geometry":{"type":"Polygon","coordinates":[[[-73.0795535350837,-13.4781558378754],[-73.07956075165885,-13.477252110907592],[-73.0804841845631,-13.477259171529827],[-73.08047697145282,-13.47816289898834],[-73.0795535350837,-13.4781558378754]]]}},{"type":"Feature","properties":{"Cell_ID":264,"Area_ha":1.0,"LC":"9:0.060541,13:0.939459","XMIN":707784.86160847,"YMIN":8509073.59738907,"XMAX":707884.86160847,"YMAX":8509173.59738907},"geometry":{"type":"Polygon","coordinates":[[[-73.0795463179794,-13.479059564774508],[-73.0795535350837,-13.4781558378754],[-73.08047697145282,-13.47816289898834],[-73.08046975781365,-13.479066626378161],[-73.0795463179794,-13.479059564774508]]]}},{"type":"Feature","properties":{"Cell_ID":265,"Area_ha":1.0,"LC":"9:0.502775,13:0.497225","XMIN":707884.86160847,"YMIN":8512273.59738907,"XMAX":707984.86160847,"YMAX":8512373.59738907},"geometry":{"type":"Polygon","coordinates":[[[-73.07885367435338,-13.450133220661208],[-73.07886087798627,-13.449229492056578],[-73.07978420307711,-13.449236540852358],[-73.07977700290121,-13.450140269947816],[-73.07885367435338,-13.450133220661208]]]}},{"type":"Feature","properties":{"Cell_ID":266,"Area_ha":1.0,"LC":"9:0.617801,13:0.183042,18:0.199156","XMIN":707884.86160847,"YMIN":8512173.59738907,"XMAX":707984.86160847,"YMAX":8512273.59738907},"geometry":{"type":"Polygon","coordinates":[[[-73.07884647019137,-13.451036949197263],[-73.07885367435338,-13.450133220661208],[-73.07977700290121,-13.450140269947816],[-73.07976980219641,-13.451043998974711],[-73.07884647019137,-13.451036949197263]]]}},{"type":"Feature","properties":{"Cell_ID":267,"Area_ha":1.0,"LC":"9:0.716789,13:0.000429,18:0.282783","XMIN":707884.86160847,"YMIN":8512073.59738907,"XMAX":707984.86160847,"YMAX":8512173.59738907},"geometry":{"type":"Polygon","coordinates":[[[-73.07883926550022,-13.451940677664743],[-73.07884647019137,-13.451036949197263],[-73.07976980219641,-13.451043998974711],[-73.07976260096277,-13.451947727933034],[-73.07883926550022,-13.451940677664743]]]}},{"type":"Feature","properties":{"Cell_ID":268,"Area_ha":1.0,"LC":"9:1.000000","XMIN":707884.86160847,"YMIN":8511973.59738907,"XMAX":707984.86160847,"YMAX":8512073.59738907},"geometry":{"type":"Polygon","coordinates":[[[-73.07883206027994,-13.45284440606364],[-73.07883926550022,-13.451940677664743],[-73.07976260096277,-13.451947727933034],[-73.07975539920021,-13.452851456822774],[-73.07883206027994,-13.45284440606364]]]}},{"type":"Feature","properties":{"Cell_ID":269,"Area_ha":1.0,"LC":"5:0.302199,9:0.697801","XMIN":707884.86160847,"YMIN":8511873.59738907,"XMAX":707984.86160847,"YMAX":8511973.59738907},"geometry":{"type":"Polygon","coordinates":[[[-73.07882485453052,-13.453748134393953],[-73.07883206027994,-13.45284440606364],[-73.07975539920021,-13.452851456822774],[-73.07974819690878,-13.453755185643933],[-73.07882485453052,-13.453748134393953]]]}},{"type":"Feature","properties":{"Cell_ID":270,"Area_ha":1.0,"LC":"5:0.504847,9:0.495153","XMIN":707884.86160847,"YMIN":8511773.59738907,"XMAX":707984.86160847,"YMAX":8511873.59738907},"geometry":{"type":"Polygon","coordinates":[[[-73.07881764825194,-13.454651862655675],[-73.07882485453052,-13.453748134393953],[-73.07974819690878,-13.453755185643933],[-73.07974099408844,-13.454658914396505],[-73.07881764825194,-13.454651862655675]]]}},{"type":"Feature","properties":{"Cell_ID":271,"Area_ha":1.0,"LC":"5:0.101679,9:0.898321","XMIN":707884.86160847,"YMIN":8511673.59738907,"XMAX":707984.86160847,"YMAX":8511773.59738907},"geometry":{"type":"Polygon","coordinates":[[[-73.07881044144418,-13.455555590848803],[-73.07881764825194,-13.454651862655675],[-73.07974099408844,-13.454658914396505],[-73.07973379073918,-13.455562643080487],[-73.07881044144418,-13.455555590848803]]]}},{"type":"Feature","properties":{"Cell_ID":272,"Area_ha":1.0,"LC":"9:1.000000","XMIN":707884.86160847,"YMIN":8511573.59738907,"XMAX":707984.86160847,"YMAX":8511673.59738907},"geometry":{"type":"Polygon","coordinates":[[[-73.07880323410727,-13.456459318973335],[-73.07881044144418,-13.455555590848803],[-73.07973379073918,-13.455562643080487],[-73.07972658686101,-13.456466371695873],[-73.07880323410727,-13.456459318973335]]]}},{"type":"Feature","properties":{"Cell_ID":273,"Area_ha":1.0,"LC":"9:0.943042,18:0.056958","XMIN":707884.86160847,"YMIN":8511473.59738907,"XMAX":707984.86160847,"YMAX":8511573.59738907},"geometry":{"type":"Polygon","coordinates":[[[-73.07879602624115,-13.457363047029258],[-73.07880323410727,-13.456459318973335],[-73.07972658686101,-13.456466371695873],[-73.0797193824539,-13.457370100242661],[-73.07879602624115,-13.457363047029258]]]}},{"type":"Feature","properties":{"Cell_ID":274,"Area_ha":1.0,"LC":"7:0.018897,9:0.385972,18:0.595131","XMIN":707884.86160847,"YMIN":8511373.59738907,"XMAX":707984.86160847,"YMAX":8511473.59738907},"geometry":{"type":"Polygon","coordinates":[[[-73.07878881784585,-13.458266775016579],[-73.07879602624115,-13.457363047029258],[-73.0797193824539,-13.457370100242661],[-73.07971217751786,-13.458273828720845],[-73.07878881784585,-13.458266775016579]]]}},{"type":"Feature","properties":{"Cell_ID":275,"Area_ha":1.0,"LC":"7:0.559705,9:0.420139,16:0.019031,18:0.001125","XMIN":707884.86160847,"YMIN":8511273.59738907,"XMAX":707984.86160847,"YMAX":8511373.59738907},"geometry":{"type":"Polygon","coordinates":[[[-73.07878160892133,-13.459170502935285],[-73.07878881784585,-13.458266775016579],[-73.07971217751786,-13.458273828720845],[-73.07970497205287,-13.459177557130419],[-73.07878160892133,-13.459170502935285]]]}},{"type":"Feature","properties":{"Cell_ID":276,"Area_ha":1.0,"LC":"7:0.000429,9:0.999571","XMIN":707884.86160847,"YMIN":8511173.59738907,"XMAX":707984.86160847,"YMAX":8511273.59738907},"geometry":{"type":"Polygon","coordinates":[[[-73.07877439946762,-13.460074230785379],[-73.07878160892133,-13.459170502935285],[-73.07970497205287,-13.459177557130419],[-73.07969776605891,-13.460081285471384],[-73.07877439946762,-13.460074230785379]]]}},{"type":"Feature","properties":{"Cell_ID":277,"Area_ha":1.0,"LC":"9:0.943042,13:0.056958","XMIN":707884.86160847,"YMIN":8511073.59738907,"XMAX":707984.86160847,"YMAX":8511173.59738907},"geometry":{"type":"Polygon","coordinates":[[[-73.07876718948467,-13.460977958566849],[-73.07877439946762,-13.460074230785379],[-73.07969776605891,-13.460081285471384],[-73.07969055953599,-13.460985013743729],[-73.07876718948467,-13.460977958566849]]]}},{"type":"Feature","properties":{"Cell_ID":278,"Area_ha":1.0,"LC":"7:0.382199,9:0.617668,13:0.000134","XMIN":707884.86160847,"YMIN":8510973.59738907,"XMAX":707984.86160847,"YMAX":8511073.59738907},"geometry":{"type":"Polygon","coordinates":[[[-73.07875997897249,-13.461881686279694],[-73.07876718948467,-13.460977958566849],[-73.07969055953599,-13.460985013743729],[-73.07968335248408,-13.461888741947455],[-73.07875997897249,-13.461881686279694]]]}},{"type":"Feature","properties":{"Cell_ID":279,"Area_ha":1.0,"LC":"5:0.235841,7:0.504847,9:0.259312","XMIN":707884.86160847,"YMIN":8510873.59738907,"XMAX":707984.86160847,"YMAX":8510973.59738907},"geometry":{"type":"Polygon","coordinates":[[[-73.07875276793106,-13.462785413923912],[-73.07875997897249,-13.461881686279694],[-73.07968335248408,-13.461888741947455],[-73.07967614490319,-13.462792470082556],[-73.07875276793106,-13.462785413923912]]]}},{"type":"Feature","properties":{"Cell_ID":280,"Area_ha":1.0,"LC":"5:0.078342,6:0.319304,7:0.122649,9:0.479705","XMIN":707884.86160847,"YMIN":8510773.59738907,"XMAX":707984.86160847,"YMAX":8510873.59738907},"geometry":{"type":"Polygon","coordinates":[[[-73.0787455563604,-13.463689141499499],[-73.07875276793106,-13.462785413923912],[-73.07967614490319,-13.462792470082556],[-73.07966893679331,-13.463696198149025],[-73.0787455563604,-13.463689141499499]]]}},{"type":"Feature","properties":{"Cell_ID":281,"Area_ha":1.0,"LC":"6:0.660956,9:0.339044","XMIN":707884.86160847,"YMIN":8510673.59738907,"XMAX":707984.86160847,"YMAX":8510773.59738907},"geometry":{"type":"Polygon","coordinates":[[[-73.07873834426047,-13.464592869006447],[-73.0787455563604,-13.463689141499499],[-73.07966893679331,-13.463696198149025],[-73.0796617281544,-13.46459992614686],[-73.07873834426047,-13.464592869006447]]]}},{"type":"Feature","properties":{"Cell_ID":282,"Area_ha":1.0,"LC":"5:0.395145,6:0.162649,9:0.442207","XMIN":707884.86160847,"YMIN":8510573.59738907,"XMAX":707984.86160847,"YMAX":8510673.59738907},"geometry":{"type":"Polygon","coordinates":[[[-73.07873113163127,-13.465496596444751],[-73.07873834426047,-13.464592869006447],[-73.0796617281544,-13.46459992614686],[-73.0796545189865,-13.465503654076057],[-73.07873113163127,-13.465496596444751]]]}},{"type":"Feature","properties":{"Cell_ID":283,"Area_ha":1.0,"LC":"5:0.615153,9:0.384847","XMIN":707884.86160847,"YMIN":8510473.59738907,"XMAX":707984.86160847,"YMAX":8510573.59738907},"geometry":{"type":"Polygon","coordinates":[[[-73.07872391847279,-13.466400323814414],[-73.07873113163127,-13.465496596444751],[-73.0796545189865,-13.465503654076057],[-73.07964730928957,-13.466407381936616],[-73.07872391847279,-13.466400323814414]]]}},{"type":"Feature","properties":{"Cell_ID":284,"Area_ha":1.0,"LC":"5:0.180008,9:0.819992","XMIN":707884.86160847,"YMIN":8510373.59738907,"XMAX":707984.86160847,"YMAX":8510473.59738907},"geometry":{"type":"Polygon","coordinates":[[[-73.07871670478501,-13.467304051115422],[-73.07872391847279,-13.466400323814414],[-73.07964730928957,-13.466407381936616],[-73.0796400990636,-13.467311109728525],[-73.07871670478501,-13.467304051115422]]]}},{"type":"Feature","properties":{"Cell_ID":285,"Area_ha":1.0,"LC":"5:0.136677,9:0.401406,14:0.461917","XMIN":707884.86160847,"YMIN":8510273.59738907,"XMAX":707984.86160847,"YMAX":8510373.59738907},"geometry":{"type":"Polygon","coordinates":[[[-73.07870949056795,-13.468207778347775],[-73.07871670478501,-13.467304051115422],[-73.0796400990636,-13.467311109728525],[-73.07963288830857,-13.468214837451782],[-73.07870949056795,-13.468207778347775]]]}},{"type":"Feature","properties":{"Cell_ID":286,"Area_ha":1.0,"LC":"5:0.296248,9:0.580822,14:0.122930","XMIN":707884.86160847,"YMIN":8510173.59738907,"XMAX":707984.86160847,"YMAX":8510273.59738907},"geometry":{"type":"Polygon","coordinates":[[[-73.07870227582156,-13.46911150551147],[-73.07870949056795,-13.468207778347775],[-73.07963288830857,-13.468214837451782],[-73.0796256770245,-13.469118565106385],[-73.07870227582156,-13.46911150551147]]]}},{"type":"Feature","properties":{"Cell_ID":287,"Area_ha":1.0,"LC":"5:0.297935,9:0.000147,13:0.701917","XMIN":707884.86160847,"YMIN":8510073.59738907,"XMAX":707984.86160847,"YMAX":8510173.59738907},"geometry":{"type":"Polygon","coordinates":[[[-73.07869506054587,-13.470015232606501],[-73.07870227582156,-13.46911150551147],[-73.0796256770245,-13.469118565106385],[-73.07961846521137,-13.470022292692326],[-73.07869506054587,-13.470015232606501]]]}},{"type":"Feature","properties":{"Cell_ID":288,"Area_ha":1.0,"LC":"5:0.059446,9:0.555145,13:0.385410","XMIN":707884.86160847,"YMIN":8509973.59738907,"XMAX":707984.86160847,"YMAX":8510073.59738907},"geometry":{"type":"Polygon","coordinates":[[[-73.07868784474084,-13.470918959632865],[-73.07869506054587,-13.470015232606501],[-73.07961846521137,-13.470022292692326],[-73.07961125286916,-13.470926020209605],[-73.07868784474084,-13.470918959632865]]]}},{"type":"Feature","properties":{"Cell_ID":289,"Area_ha":1.0,"LC":"9:0.276403,13:0.723597","XMIN":707884.86160847,"YMIN":8509873.59738907,"XMAX":707984.86160847,"YMAX":8509973.59738907},"geometry":{"type":"Polygon","coordinates":[[[-73.07868062840647,-13.471822686590558],[-73.07868784474084,-13.470918959632865],[-73.07961125286916,-13.470926020209605],[-73.07960403999786,-13.471829747658214],[-73.07868062840647,-13.471822686590558]]]}},{"type":"Feature","properties":{"Cell_ID":290,"Area_ha":1.0,"LC":"5:0.383856,9:0.615434,13:0.000710","XMIN":707884.86160847,"YMIN":8509773.59738907,"XMAX":707984.86160847,"YMAX":8509873.59738907},"geometry":{"type":"Polygon","coordinates":[[[-73.07867341154278,-13.472726413479574],[-73.07868062840647,-13.471822686590558],[-73.07960403999786,-13.471829747658214],[-73.07959682659748,-13.47273347503815],[-73.07867341154278,-13.472726413479574]]]}},{"type":"Feature","properties":{"Cell_ID":291,"Area_ha":1.0,"LC":"5:0.822627,9:0.177373","XMIN":707884.86160847,"YMIN":8509673.59738907,"XMAX":707984.86160847,"YMAX":8509773.59738907},"geometry":{"type":"Polygon","coordinates":[[[-73.0786661941497,-13.473630140299909],[-73.07867341154278,-13.472726413479574],[-73.07959682659748,-13.47273347503815],[-73.079589612668,-13.47363720234941],[-73.0786661941497,-13.473630140299909]]]}},{"type":"Feature","properties":{"Cell_ID":292,"Area_ha":1.0,"LC":"5:0.701813,9:0.061103,13:0.099031,16:0.138053","XMIN":707884.86160847,"YMIN":8509573.59738907,"XMAX":707984.86160847,"YMAX":8509673.59738907},"geometry":{"type":"Polygon","coordinates":[[[-73.07865897622729,-13.47453386705156],[-73.0786661941497,-13.473630140299909],[-73.079589612668,-13.47363720234941],[-73.0795823982094,-13.47454092959199],[-73.07865897622729,-13.47453386705156]]]}},{"type":"Feature","properties":{"Cell_ID":293,"Area_ha":1.0,"LC":"5:0.000429,9:0.041939,13:0.716655,16:0.240977","XMIN":707884.86160847,"YMIN":8509473.59738907,"XMAX":707984.86160847,"YMAX":8509573.59738907},"geometry":{"type":"Polygon","coordinates":[[[-73.07865175777549,-13.475437593734519],[-73.07865897622729,-13.47453386705156],[-73.0795823982094,-13.47454092959199],[-73.07957518322168,-13.475444656765882],[-73.07865175777549,-13.475437593734519]]]}},{"type":"Feature","properties":{"Cell_ID":294,"Area_ha":1.0,"LC":"5:0.058616,13:0.941384","XMIN":707884.86160847,"YMIN":8509373.59738907,"XMAX":707984.86160847,"YMAX":8509473.59738907},"geometry":{"type":"Polygon","coordinates":[[[-73.0786445387943,-13.476341320348789],[-73.07865175777549,-13.475437593734519],[-73.07957518322168,-13.475444656765882],[-73.07956796770483,-13.476348383871084],[-73.0786445387943,-13.476341320348789]]]}},{"type":"Feature","properties":{"Cell_ID":295,"Area_ha":1.0,"LC":"5:0.078476,7:0.157365,9:0.763168,13:0.000991","XMIN":707884.86160847,"YMIN":8509273.59738907,"XMAX":707984.86160847,"YMAX":8509373.59738907},"geometry":{"type":"Polygon","coordinates":[[[-73.07863731928373,-13.477245046894359],[-73.0786445387943,-13.476341320348789],[-73.07956796770483,-13.476348383871084],[-73.07956075165885,-13.477252110907592],[-73.07863731928373,-13.477245046894359]]]}},{"type":"Feature","properties":{"Cell_ID":296,"Area_ha":1.0,"LC":"7:0.158757,9:0.242649,13:0.377624,14:0.220969","XMIN":707884.86160847,"YMIN":8509173.59738907,"XMAX":707984.86160847,"YMAX":8509273.59738907},"geometry":{"type":"Polygon","coordinates":[[[-73.07863009924374,-13.478148773371222],[-73.07863731928373,-13.477245046894359],[-73.07956075165885,-13.477252110907592],[-73.0795535350837,-13.4781558378754],[-73.07863009924374,-13.478148773371222]]]}},{"type":"Feature","properties":{"Cell_ID":297,"Area_ha":1.0,"LC":"9:0.541502,13:0.458498","XMIN":707884.86160847,"YMIN":8509073.59738907,"XMAX":707984.86160847,"YMAX":8509173.59738907},"geometry":{"type":"Polygon","coordinates":[[[-73.07862287867434,-13.479052499779387],[-73.07863009924374,-13.478148773371222],[-73.0795535350837,-13.4781558378754],[-73.0795463179794,-13.479059564774508],[-73.07862287867434,-13.479052499779387]]]}},{"type":"Feature","properties":{"Cell_ID":298,"Area_ha":1.0,"LC":"5:0.058616,9:0.941384","XMIN":707884.86160847,"YMIN":8508973.59738907,"XMAX":707984.86160847,"YMAX":8509073.59738907},"geometry":{"type":"Polygon","coordinates":[[[-73.07861565757553,-13.479956226118837],[-73.07862287867434,-13.479052499779387],[-73.0795463179794,-13.479059564774508],[-73.07953910034594,-13.479963291604909],[-73.07861565757553,-13.479956226118837]]]}},{"type":"Feature","properties":{"Cell_ID":299,"Area_ha":1.0,"LC":"5:0.122649,9:0.660956,13:0.216395","XMIN":707984.86160847,"YMIN":8512173.59738907,"XMAX":708084.86160847,"YMAX":8512273.59738907},"geometry":{"type":"Polygon","coordinates":[[[-73.07792313871545,-13.451029896035655],[-73.07793034633467,-13.45012616799067],[-73.07885367435338,-13.450133220661208],[-73.07884647019137,-13.451036949197263],[-73.07792313871545,-13.451029896035655]]]}},{"type":"Feature","properties":{"Cell_ID":300,"Area_ha":1.0,"LC":"9:0.721243,13:0.080696,18:0.198061","XMIN":707984.86160847,"YMIN":8512073.59738907,"XMAX":708084.86160847,"YMAX":8512173.59738907},"geometry":{"type":"Polygon","coordinates":[[[-73.07791593056683,-13.451933624012057],[-73.07792313871545,-13.451029896035655],[-73.07884647019137,-13.451036949197263],[-73.07883926550022,-13.451940677664743],[-73.07791593056683,-13.451933624012057]]]}},{"type":"Feature","properties":{"Cell_ID":301,"Area_ha":1.0,"LC":"9:0.697801,16:0.302199","XMIN":707984.86160847,"YMIN":8511973.59738907,"XMAX":708084.86160847,"YMAX":8512073.59738907},"geometry":{"type":"Polygon","coordinates":[[[-73.07790872188882,-13.45283735191988],[-73.07791593056683,-13.451933624012057],[-73.07883926550022,-13.451940677664743],[-73.07883206027994,-13.45284440606364],[-73.07790872188882,-13.45283735191988]]]}},{"type":"Feature","properties":{"Cell_ID":302,"Area_ha":1.0,"LC":"5:0.321377,9:0.517914,16:0.160710","XMIN":707984.86160847,"YMIN":8511873.59738907,"XMAX":708084.86160847,"YMAX":8511973.59738907},"geometry":{"type":"Polygon","coordinates":[[[-73.07790151268141,-13.453741079759107],[-73.07790872188882,-13.45283735191988],[-73.07883206027994,-13.45284440606364],[-73.07882485453052,-13.453748134393953],[-73.07790151268141,-13.453741079759107]]]}},{"type":"Feature","properties":{"Cell_ID":303,"Area_ha":1.0,"LC":"5:0.297520,9:0.702480","XMIN":707984.86160847,"YMIN":8511773.59738907,"XMAX":708084.86160847,"YMAX":8511873.59738907},"geometry":{"type":"Polygon","coordinates":[[[-73.0778943029446,-13.454644807529744],[-73.07790151268141,-13.453741079759107],[-73.07882485453052,-13.453748134393953],[-73.07881764825194,-13.454651862655675],[-73.0778943029446,-13.454644807529744]]]}},{"type":"Feature","properties":{"Cell_ID":304,"Area_ha":1.0,"LC":"5:0.019164,9:0.980836","XMIN":707984.86160847,"YMIN":8511673.59738907,"XMAX":708084.86160847,"YMAX":8511773.59738907},"geometry":{"type":"Polygon","coordinates":[[[-73.07788709267837,-13.455548535231785],[-73.0778943029446,-13.454644807529744],[-73.07881764825194,-13.454651862655675],[-73.07881044144418,-13.455555590848803],[-73.07788709267837,-13.455548535231785]]]}},{"type":"Feature","properties":{"Cell_ID":305,"Area_ha":1.0,"LC":"9:1.000000","XMIN":707984.86160847,"YMIN":8511573.59738907,"XMAX":708084.86160847,"YMAX":8511673.59738907},"geometry":{"type":"Polygon","coordinates":[[[-73.0778798818827,-13.456452262865222],[-73.07788709267837,-13.455548535231785],[-73.07881044144418,-13.455555590848803],[-73.07880323410727,-13.456459318973335],[-73.0778798818827,-13.456452262865222]]]}},{"type":"Feature","properties":{"Cell_ID":306,"Area_ha":1.0,"LC":"9:0.559052,18:0.440948","XMIN":707984.86160847,"YMIN":8511473.59738907,"XMAX":708084.86160847,"YMAX":8511573.59738907},"geometry":{"type":"Polygon","coordinates":[[[-73.0778726705576,-13.45735599043005],[-73.0778798818827,-13.456452262865222],[-73.07880323410727,-13.456459318973335],[-73.07879602624115,-13.457363047029258],[-73.0778726705576,-13.45735599043005]]]}},{"type":"Feature","properties":{"Cell_ID":307,"Area_ha":1.0,"LC":"9:0.574309,18:0.425691","XMIN":707984.86160847,"YMIN":8511373.59738907,"XMAX":708084.86160847,"YMAX":8511473.59738907},"geometry":{"type":"Polygon","coordinates":[[[-73.07786545870303,-13.45825971792627],[-73.0778726705576,-13.45735599043005],[-73.07879602624115,-13.457363047029258],[-73.07878881784585,-13.458266775016579],[-73.07786545870303,-13.45825971792627]]]}},{"type":"Feature","properties":{"Cell_ID":308,"Area_ha":1.0,"LC":"7:0.037927,9:0.922207,16:0.039719,18:0.000147","XMIN":707984.86160847,"YMIN":8511273.59738907,"XMAX":708084.86160847,"YMAX":8511373.59738907},"geometry":{"type":"Polygon","coordinates":[[[-73.07785824631902,-13.459163445353873],[-73.07786545870303,-13.45825971792627],[-73.07878881784585,-13.458266775016579],[-73.07878160892133,-13.459170502935285],[-73.07785824631902,-13.459163445353873]]]}},{"type":"Feature","properties":{"Cell_ID":309,"Area_ha":1.0,"LC":"7:0.000134,9:0.677646,16:0.322220","XMIN":707984.86160847,"YMIN":8511173.59738907,"XMAX":708084.86160847,"YMAX":8511273.59738907},"geometry":{"type":"Polygon","coordinates":[[[-73.07785103340554,-13.46006717271286],[-73.07785824631902,-13.459163445353873],[-73.07878160892133,-13.459170502935285],[-73.07877439946762,-13.460074230785379],[-73.07785103340554,-13.46006717271286]]]}},{"type":"Feature","properties":{"Cell_ID":310,"Area_ha":1.0,"LC":"9:1.000000","XMIN":707984.86160847,"YMIN":8511073.59738907,"XMAX":708084.86160847,"YMAX":8511173.59738907},"geometry":{"type":"Polygon","coordinates":[[[-73.07784381996258,-13.460970900003218],[-73.07785103340554,-13.46006717271286],[-73.07877439946762,-13.460074230785379],[-73.07876718948467,-13.460977958566849],[-73.07784381996258,-13.460970900003218]]]}},{"type":"Feature","properties":{"Cell_ID":311,"Area_ha":1.0,"LC":"7:0.056958,9:0.903323,18:0.039719","XMIN":707984.86160847,"YMIN":8510973.59738907,"XMAX":708084.86160847,"YMAX":8511073.59738907},"geometry":{"type":"Polygon","coordinates":[[[-73.07783660599014,-13.461874627224951],[-73.07784381996258,-13.460970900003218],[-73.07876718948467,-13.460977958566849],[-73.07875997897249,-13.461881686279694],[-73.07783660599014,-13.461874627224951]]]}},{"type":"Feature","properties":{"Cell_ID":312,"Area_ha":1.0,"LC":"5:0.520667,7:0.095153,9:0.080991,18:0.303190","XMIN":707984.86160847,"YMIN":8510873.59738907,"XMAX":708084.86160847,"YMAX":8510973.59738907},"geometry":{"type":"Polygon","coordinates":[[[-73.07782939148821,-13.462778354378052],[-73.07783660599014,-13.461874627224951],[-73.07875997897249,-13.461881686279694],[-73.07875276793106,-13.462785413923912],[-73.07782939148821,-13.462778354378052]]]}},{"type":"Feature","properties":{"Cell_ID":313,"Area_ha":1.0,"LC":"5:0.684869,6:0.019031,7:0.038195,9:0.257906","XMIN":707984.86160847,"YMIN":8510773.59738907,"XMAX":708084.86160847,"YMAX":8510873.59738907},"geometry":{"type":"Polygon","coordinates":[[[-73.07782217645676,-13.463682081462517],[-73.07782939148821,-13.462778354378052],[-73.07875276793106,-13.462785413923912],[-73.0787455563604,-13.463689141499499],[-73.07782217645676,-13.463682081462517]]]}},{"type":"Feature","properties":{"Cell_ID":314,"Area_ha":1.0,"LC":"5:0.000281,6:0.056958,9:0.921792,18:0.020969","XMIN":707984.86160847,"YMIN":8510673.59738907,"XMAX":708084.86160847,"YMAX":8510773.59738907},"geometry":{"type":"Polygon","coordinates":[[[-73.07781496089581,-13.464585808478338],[-73.07782217645676,-13.463682081462517],[-73.0787455563604,-13.463689141499499],[-73.07873834426047,-13.464592869006447],[-73.07781496089581,-13.464585808478338]]]}},{"type":"Feature","properties":{"Cell_ID":315,"Area_ha":1.0,"LC":"5:0.498187,6:0.118195,9:0.383618","XMIN":707984.86160847,"YMIN":8510573.59738907,"XMAX":708084.86160847,"YMAX":8510673.59738907},"geometry":{"type":"Polygon","coordinates":[[[-73.07780774480531,-13.465489535425517],[-73.07781496089581,-13.464585808478338],[-73.07873834426047,-13.464592869006447],[-73.07873113163127,-13.465496596444751],[-73.07780774480531,-13.465489535425517]]]}},{"type":"Feature","properties":{"Cell_ID":316,"Area_ha":1.0,"LC":"5:0.320844,9:0.679156","XMIN":707984.86160847,"YMIN":8510473.59738907,"XMAX":708084.86160847,"YMAX":8510573.59738907},"geometry":{"type":"Polygon","coordinates":[[[-73.0778005281853,-13.466393262304045],[-73.07780774480531,-13.465489535425517],[-73.07873113163127,-13.465496596444751],[-73.07872391847279,-13.466400323814414],[-73.0778005281853,-13.466393262304045]]]}},{"type":"Feature","properties":{"Cell_ID":317,"Area_ha":1.0,"LC":"9:1.000000","XMIN":707984.86160847,"YMIN":8510373.59738907,"XMAX":708084.86160847,"YMAX":8510473.59738907},"geometry":{"type":"Polygon","coordinates":[[[-73.07779331103573,-13.467296989113915],[-73.0778005281853,-13.466393262304045],[-73.07872391847279,-13.466400323814414],[-73.07871670478501,-13.467304051115422],[-73.07779331103573,-13.467296989113915]]]}},{"type":"Feature","properties":{"Cell_ID":318,"Area_ha":1.0,"LC":"9:0.783605,14:0.216395","XMIN":707984.86160847,"YMIN":8510273.59738907,"XMAX":708084.86160847,"YMAX":8510373.59738907},"geometry":{"type":"Polygon","coordinates":[[[-73.07778609335662,-13.468200715855133],[-73.07779331103573,-13.467296989113915],[-73.07871670478501,-13.467304051115422],[-73.07870949056795,-13.468207778347775],[-73.07778609335662,-13.468200715855133]]]}},{"type":"Feature","properties":{"Cell_ID":319,"Area_ha":1.0,"LC":"9:0.801243,14:0.198757","XMIN":707984.86160847,"YMIN":8510173.59738907,"XMAX":708084.86160847,"YMAX":8510273.59738907},"geometry":{"type":"Polygon","coordinates":[[[-73.07777887514794,-13.469104442527687],[-73.07778609335662,-13.468200715855133],[-73.07870949056795,-13.468207778347775],[-73.07870227582156,-13.46911150551147],[-73.07777887514794,-13.469104442527687]]]}},{"type":"Feature","properties":{"Cell_ID":320,"Area_ha":1.0,"LC":"9:0.203345,13:0.796655","XMIN":707984.86160847,"YMIN":8510073.59738907,"XMAX":708084.86160847,"YMAX":8510173.59738907},"geometry":{"type":"Polygon","coordinates":[[[-73.07777165640971,-13.470008169131571],[-73.07777887514794,-13.469104442527687],[-73.07870227582156,-13.46911150551147],[-73.07869506054587,-13.470015232606501],[-73.07777165640971,-13.470008169131571]]]}},{"type":"Feature","properties":{"Cell_ID":321,"Area_ha":1.0,"LC":"13:1.000000","XMIN":707984.86160847,"YMIN":8509973.59738907,"XMAX":708084.86160847,"YMAX":8510073.59738907},"geometry":{"type":"Polygon","coordinates":[[[-73.07776443714187,-13.470911895666786],[-73.07777165640971,-13.470008169131571],[-73.07869506054587,-13.470015232606501],[-73.07868784474084,-13.470918959632865],[-73.07776443714187,-13.470911895666786]]]}},{"type":"Feature","properties":{"Cell_ID":322,"Area_ha":1.0,"LC":"9:0.258187,13:0.741813","XMIN":707984.86160847,"YMIN":8509873.59738907,"XMAX":708084.86160847,"YMAX":8509973.59738907},"geometry":{"type":"Polygon","coordinates":[[[-73.07775721734444,-13.471815622133327],[-73.07776443714187,-13.470911895666786],[-73.07868784474084,-13.470918959632865],[-73.07868062840647,-13.471822686590558],[-73.07775721734444,-13.471815622133327]]]}},{"type":"Feature","properties":{"Cell_ID":323,"Area_ha":1.0,"LC":"5:0.493894,9:0.381813,13:0.124293","XMIN":707984.86160847,"YMIN":8509773.59738907,"XMAX":708084.86160847,"YMAX":8509873.59738907},"geometry":{"type":"Polygon","coordinates":[[[-73.07774999701743,-13.472719348531184],[-73.07775721734444,-13.471815622133327],[-73.07868062840647,-13.471822686590558],[-73.07867341154278,-13.472726413479574],[-73.07774999701743,-13.472719348531184]]]}},{"type":"Feature","properties":{"Cell_ID":324,"Area_ha":1.0,"LC":"5:0.598061,9:0.380822,13:0.021117","XMIN":707984.86160847,"YMIN":8509673.59738907,"XMAX":708084.86160847,"YMAX":8509773.59738907},"geometry":{"type":"Polygon","coordinates":[[[-73.07774277616079,-13.473623074860358],[-73.07774999701743,-13.472719348531184],[-73.07867341154278,-13.472726413479574],[-73.0786661941497,-13.473630140299909],[-73.07774277616079,-13.473623074860358]]]}},{"type":"Feature","properties":{"Cell_ID":325,"Area_ha":1.0,"LC":"5:0.396966,9:0.603034","XMIN":707984.86160847,"YMIN":8509573.59738907,"XMAX":708084.86160847,"YMAX":8509673.59738907},"geometry":{"type":"Polygon","coordinates":[[[-73.07773555477456,-13.474526801120847],[-73.07774277616079,-13.473623074860358],[-73.0786661941497,-13.473630140299909],[-73.07865897622729,-13.47453386705156],[-73.07773555477456,-13.474526801120847]]]}},{"type":"Feature","properties":{"Cell_ID":326,"Area_ha":1.0,"LC":"5:0.000415,9:0.823190,13:0.176395","XMIN":707984.86160847,"YMIN":8509473.59738907,"XMAX":708084.86160847,"YMAX":8509573.59738907},"geometry":{"type":"Polygon","coordinates":[[[-73.07772833285868,-13.47543052731264],[-73.07773555477456,-13.474526801120847],[-73.07865897622729,-13.47453386705156],[-73.07865175777549,-13.475437593734519],[-73.07772833285868,-13.47543052731264]]]}},{"type":"Feature","properties":{"Cell_ID":327,"Area_ha":1.0,"LC":"9:0.462346,13:0.537654","XMIN":707984.86160847,"YMIN":8509373.59738907,"XMAX":708084.86160847,"YMAX":8509473.59738907},"geometry":{"type":"Polygon","coordinates":[[[-73.07772111041317,-13.476334253435738],[-73.07772833285868,-13.47543052731264],[-73.07865175777549,-13.475437593734519],[-73.0786445387943,-13.476341320348789],[-73.07772111041317,-13.476334253435738]]]}},{"type":"Feature","properties":{"Cell_ID":328,"Area_ha":1.0,"LC":"9:0.999866,13:0.000134","XMIN":707984.86160847,"YMIN":8509273.59738907,"XMAX":708084.86160847,"YMAX":8509373.59738907},"geometry":{"type":"Polygon","coordinates":[[[-73.077713887438,-13.477237979490132],[-73.07772111041317,-13.476334253435738],[-73.0786445387943,-13.476341320348789],[-73.07863731928373,-13.477245046894359],[-73.077713887438,-13.477237979490132]]]}},{"type":"Feature","properties":{"Cell_ID":329,"Area_ha":1.0,"LC":"9:0.999853,13:0.000147","XMIN":707984.86160847,"YMIN":8508973.59738907,"XMAX":708084.86160847,"YMAX":8509073.59738907},"geometry":{"type":"Polygon","coordinates":[[[-73.07769221533452,-13.479949157241068],[-73.07769943989868,-13.479045431392802],[-73.07862287867434,-13.479052499779387],[-73.07861565757553,-13.479956226118837],[-73.07769221533452,-13.479949157241068]]]}},{"type":"Feature","properties":{"Cell_ID":330,"Area_ha":1.0,"LC":"5:0.404293,9:0.595707","XMIN":708084.86160847,"YMIN":8512073.59738907,"XMAX":708184.86160847,"YMAX":8512173.59738907},"geometry":{"type":"Polygon","coordinates":[[[-73.07699259616282,-13.451926566974993],[-73.07699980776891,-13.4510228394899],[-73.07792313871545,-13.451029896035655],[-73.07791593056683,-13.451933624012057],[-73.07699259616282,-13.451926566974993]]]}},{"type":"Feature","properties":{"Cell_ID":331,"Area_ha":1.0,"LC":"5:0.504285,9:0.279038,16:0.216677","XMIN":708084.86160847,"YMIN":8511973.59738907,"XMAX":708184.86160847,"YMAX":8512073.59738907},"geometry":{"type":"Polygon","coordinates":[[[-73.0769853840271,-13.452830294391498],[-73.07699259616282,-13.451926566974993],[-73.07791593056683,-13.451933624012057],[-73.07790872188882,-13.45283735191988],[-73.0769853840271,-13.452830294391498]]]}},{"type":"Feature","properties":{"Cell_ID":332,"Area_ha":1.0,"LC":"5:0.817105,9:0.041792,13:0.140688,16:0.000415","XMIN":708084.86160847,"YMIN":8511873.59738907,"XMAX":708184.86160847,"YMAX":8511973.59738907},"geometry":{"type":"Polygon","coordinates":[[[-73.07697817136173,-13.453734021739407],[-73.0769853840271,-13.452830294391498],[-73.07790872188882,-13.45283735191988],[-73.07790151268141,-13.453741079759107],[-73.07697817136173,-13.453734021739407]]]}},{"type":"Feature","properties":{"Cell_ID":333,"Area_ha":1.0,"LC":"5:0.079038,9:0.460983,13:0.459978","XMIN":708084.86160847,"YMIN":8511773.59738907,"XMAX":708184.86160847,"YMAX":8511873.59738907},"geometry":{"type":"Polygon","coordinates":[[[-73.07697095816668,-13.454637749018723],[-73.07697817136173,-13.453734021739407],[-73.07790151268141,-13.453741079759107],[-73.0778943029446,-13.454644807529744],[-73.07697095816668,-13.454637749018723]]]}},{"type":"Feature","properties":{"Cell_ID":334,"Area_ha":1.0,"LC":"5:0.161510,9:0.675278,13:0.163211","XMIN":708084.86160847,"YMIN":8511673.59738907,"XMAX":708184.86160847,"YMAX":8511773.59738907},"geometry":{"type":"Polygon","coordinates":[[[-73.07696374444197,-13.45554147622944],[-73.07697095816668,-13.454637749018723],[-73.0778943029446,-13.454644807529744],[-73.07788709267837,-13.455548535231785],[-73.07696374444197,-13.45554147622944]]]}},{"type":"Feature","properties":{"Cell_ID":335,"Area_ha":1.0,"LC":"5:0.304847,9:0.695153","XMIN":708084.86160847,"YMIN":8511573.59738907,"XMAX":708184.86160847,"YMAX":8511673.59738907},"geometry":{"type":"Polygon","coordinates":[[[-73.07695653018757,-13.456445203371548],[-73.07696374444197,-13.45554147622944],[-73.07788709267837,-13.455548535231785],[-73.0778798818827,-13.456452262865222],[-73.07695653018757,-13.456445203371548]]]}},{"type":"Feature","properties":{"Cell_ID":336,"Area_ha":1.0,"LC":"5:0.141251,9:0.581666,13:0.079719,18:0.197365","XMIN":708084.86160847,"YMIN":8511473.59738907,"XMAX":708184.86160847,"YMAX":8511573.59738907},"geometry":{"type":"Polygon","coordinates":[[[-73.07694931540348,-13.457348930445042],[-73.07695653018757,-13.456445203371548],[-73.0778798818827,-13.456452262865222],[-73.0778726705576,-13.45735599043005],[-73.07694931540348,-13.457348930445042]]]}},{"type":"Feature","properties":{"Cell_ID":337,"Area_ha":1.0,"LC":"5:0.104847,9:0.160281,13:0.599438,18:0.135434","XMIN":708084.86160847,"YMIN":8511373.59738907,"XMAX":708184.86160847,"YMAX":8511473.59738907},"geometry":{"type":"Polygon","coordinates":[[[-73.07694210008968,-13.458252657449927],[-73.07694931540348,-13.457348930445042],[-73.0778726705576,-13.45735599043005],[-73.07786545870303,-13.45825971792627],[-73.07694210008968,-13.458252657449927]]]}},{"type":"Feature","properties":{"Cell_ID":338,"Area_ha":1.0,"LC":"5:0.063056,9:0.535685,13:0.400844,18:0.000415","XMIN":708084.86160847,"YMIN":8511273.59738907,"XMAX":708184.86160847,"YMAX":8511373.59738907},"geometry":{"type":"Polygon","coordinates":[[[-73.07693488424617,-13.459156384386192],[-73.07694210008968,-13.458252657449927],[-73.07786545870303,-13.45825971792627],[-73.07785824631902,-13.459163445353873],[-73.07693488424617,-13.459156384386192]]]}},{"type":"Feature","properties":{"Cell_ID":339,"Area_ha":1.0,"LC":"9:0.603064,16:0.396936","XMIN":708084.86160847,"YMIN":8511173.59738907,"XMAX":708184.86160847,"YMAX":8511273.59738907},"geometry":{"type":"Polygon","coordinates":[[[-73.07692766787294,-13.460060111253833],[-73.07693488424617,-13.459156384386192],[-73.07785824631902,-13.459163445353873],[-73.07785103340554,-13.46006717271286],[-73.07692766787294,-13.460060111253833]]]}},{"type":"Feature","properties":{"Cell_ID":340,"Area_ha":1.0,"LC":"9:0.694175,16:0.264033,18:0.041792","XMIN":708084.86160847,"YMIN":8511073.59738907,"XMAX":708184.86160847,"YMAX":8511173.59738907},"geometry":{"type":"Polygon","coordinates":[[[-73.07692045097,-13.460963838052853],[-73.07692766787294,-13.460060111253833],[-73.07785103340554,-13.46006717271286],[-73.07784381996258,-13.460970900003218],[-73.07692045097,-13.460963838052853]]]}},{"type":"Feature","properties":{"Cell_ID":341,"Area_ha":1.0,"LC":"9:0.815434,18:0.184566","XMIN":708084.86160847,"YMIN":8510973.59738907,"XMAX":708184.86160847,"YMAX":8511073.59738907},"geometry":{"type":"Polygon","coordinates":[[[-73.07691323353728,-13.461867564783232],[-73.07692045097,-13.460963838052853],[-73.07784381996258,-13.460970900003218],[-73.07783660599014,-13.461874627224951],[-73.07691323353728,-13.461867564783232]]]}},{"type":"Feature","properties":{"Cell_ID":342,"Area_ha":1.0,"LC":"5:0.037927,9:0.244708,16:0.039719,18:0.677646","XMIN":708084.86160847,"YMIN":8510873.59738907,"XMAX":708184.86160847,"YMAX":8510973.59738907},"geometry":{"type":"Polygon","coordinates":[[[-73.07690601557483,-13.462771291444978],[-73.07691323353728,-13.461867564783232],[-73.07783660599014,-13.461874627224951],[-73.07782939148821,-13.462778354378052],[-73.07690601557483,-13.462771291444978]]]}},{"type":"Feature","properties":{"Cell_ID":343,"Area_ha":1.0,"LC":"5:0.076256,9:0.098763,16:0.424419,18:0.400562","XMIN":708084.86160847,"YMIN":8510773.59738907,"XMAX":708184.86160847,"YMAX":8510873.59738907},"geometry":{"type":"Polygon","coordinates":[[[-73.07689879708263,-13.463675018038089],[-73.07690601557483,-13.462771291444978],[-73.07782939148821,-13.462778354378052],[-73.07782217645676,-13.463682081462517],[-73.07689879708263,-13.463675018038089]]]}},{"type":"Feature","properties":{"Cell_ID":344,"Area_ha":1.0,"LC":"6:0.182480,9:0.355560,16:0.242649,18:0.219312","XMIN":708084.86160847,"YMIN":8510673.59738907,"XMAX":708184.86160847,"YMAX":8510773.59738907},"geometry":{"type":"Polygon","coordinates":[[[-73.07689157806065,-13.464578744562548],[-73.07689879708263,-13.463675018038089],[-73.07782217645676,-13.463682081462517],[-73.07781496089581,-13.464585808478338],[-73.07689157806065,-13.464578744562548]]]}},{"type":"Feature","properties":{"Cell_ID":345,"Area_ha":1.0,"LC":"5:0.159438,6:0.185129,9:0.655434","XMIN":708084.86160847,"YMIN":8510573.59738907,"XMAX":708184.86160847,"YMAX":8510673.59738907},"geometry":{"type":"Polygon","coordinates":[[[-73.07688435850889,-13.46548247101836],[-73.07689157806065,-13.464578744562548],[-73.07781496089581,-13.464585808478338],[-73.07780774480531,-13.465489535425517],[-73.07688435850889,-13.46548247101836]]]}},{"type":"Feature","properties":{"Cell_ID":346,"Area_ha":1.0,"LC":"5:0.620541,6:0.021117,9:0.358342","XMIN":708084.86160847,"YMIN":8510473.59738907,"XMAX":708184.86160847,"YMAX":8510573.59738907},"geometry":{"type":"Polygon","coordinates":[[[-73.07687713842736,-13.466386197405523],[-73.07688435850889,-13.46548247101836],[-73.07780774480531,-13.465489535425517],[-73.0778005281853,-13.466393262304045],[-73.07687713842736,-13.466386197405523]]]}},{"type":"Feature","properties":{"Cell_ID":347,"Area_ha":1.0,"LC":"5:0.465129,9:0.534871","XMIN":708084.86160847,"YMIN":8510373.59738907,"XMAX":708184.86160847,"YMAX":8510473.59738907},"geometry":{"type":"Polygon","coordinates":[[[-73.07686991781601,-13.467289923724024],[-73.07687713842736,-13.466386197405523],[-73.0778005281853,-13.466393262304045],[-73.07779331103573,-13.467296989113915],[-73.07686991781601,-13.467289923724024]]]}},{"type":"Feature","properties":{"Cell_ID":348,"Area_ha":1.0,"LC":"5:0.584847,9:0.415153","XMIN":708084.86160847,"YMIN":8510273.59738907,"XMAX":708184.86160847,"YMAX":8510373.59738907},"geometry":{"type":"Polygon","coordinates":[[[-73.07686269667487,-13.468193649973866],[-73.07686991781601,-13.467289923724024],[-73.07779331103573,-13.467296989113915],[-73.07778609335662,-13.468200715855133],[-73.07686269667487,-13.468193649973866]]]}},{"type":"Feature","properties":{"Cell_ID":349,"Area_ha":1.0,"LC":"5:0.223618,9:0.776382","XMIN":708084.86160847,"YMIN":8510173.59738907,"XMAX":708184.86160847,"YMAX":8510273.59738907},"geometry":{"type":"Polygon","coordinates":[[[-73.0768554750039,-13.469097376155041],[-73.07686269667487,-13.468193649973866],[-73.07778609335662,-13.468200715855133],[-73.07777887514794,-13.469104442527687],[-73.0768554750039,-13.469097376155041]]]}},{"type":"Feature","properties":{"Cell_ID":350,"Area_ha":1.0,"LC":"9:0.459593,13:0.540407","XMIN":708084.86160847,"YMIN":8510073.59738907,"XMAX":708184.86160847,"YMAX":8510173.59738907},"geometry":{"type":"Polygon","coordinates":[[[-73.0768482528031,-13.470001102267544],[-73.0768554750039,-13.469097376155041],[-73.07777887514794,-13.469104442527687],[-73.07777165640971,-13.470008169131571],[-73.0768482528031,-13.470001102267544]]]}},{"type":"Feature","properties":{"Cell_ID":351,"Area_ha":1.0,"LC":"9:0.425262,13:0.574738","XMIN":708084.86160847,"YMIN":8509973.59738907,"XMAX":708184.86160847,"YMAX":8510073.59738907},"geometry":{"type":"Polygon","coordinates":[[[-73.07684103007249,-13.470904828311374],[-73.0768482528031,-13.470001102267544],[-73.07777165640971,-13.470008169131571],[-73.07776443714187,-13.470911895666786],[-73.07684103007249,-13.470904828311374]]]}},{"type":"Feature","properties":{"Cell_ID":352,"Area_ha":1.0,"LC":"9:0.000429,13:0.999571","XMIN":708084.86160847,"YMIN":8509873.59738907,"XMAX":708184.86160847,"YMAX":8509973.59738907},"geometry":{"type":"Polygon","coordinates":[[[-73.07683380681202,-13.471808554286527],[-73.07684103007249,-13.470904828311374],[-73.07776443714187,-13.470911895666786],[-73.07775721734444,-13.471815622133327],[-73.07683380681202,-13.471808554286527]]]}},{"type":"Feature","properties":{"Cell_ID":353,"Area_ha":1.0,"LC":"5:0.020969,9:0.099031,13:0.880000","XMIN":708084.86160847,"YMIN":8509773.59738907,"XMAX":708184.86160847,"YMAX":8509873.59738907},"geometry":{"type":"Polygon","coordinates":[[[-73.0768265830217,-13.472712280192992],[-73.07683380681202,-13.471808554286527],[-73.07775721734444,-13.471815622133327],[-73.07774999701743,-13.472719348531184],[-73.0768265830217,-13.472712280192992]]]}},{"type":"Feature","properties":{"Cell_ID":354,"Area_ha":1.0,"LC":"5:0.019031,9:0.535833,13:0.445137","XMIN":708084.86160847,"YMIN":8509673.59738907,"XMAX":708184.86160847,"YMAX":8509773.59738907},"geometry":{"type":"Polygon","coordinates":[[[-73.07681935870151,-13.473616006030772],[-73.0768265830217,-13.472712280192992],[-73.07774999701743,-13.472719348531184],[-73.07774277616079,-13.473623074860358],[-73.07681935870151,-13.473616006030772]]]}},{"type":"Feature","properties":{"Cell_ID":355,"Area_ha":1.0,"LC":"9:0.999853,13:0.000147","XMIN":708084.86160847,"YMIN":8509573.59738907,"XMAX":708184.86160847,"YMAX":8509673.59738907},"geometry":{"type":"Polygon","coordinates":[[[-73.07681213385145,-13.474519731799857],[-73.07681935870151,-13.473616006030772],[-73.07774277616079,-13.473623074860358],[-73.07773555477456,-13.474526801120847],[-73.07681213385145,-13.474519731799857]]]}},{"type":"Feature","properties":{"Cell_ID":356,"Area_ha":1.0,"LC":"9:0.939459,13:0.060541","XMIN":708084.86160847,"YMIN":8509473.59738907,"XMAX":708184.86160847,"YMAX":8509573.59738907},"geometry":{"type":"Polygon","coordinates":[[[-73.0768049084715,-13.475423457500249],[-73.07681213385145,-13.474519731799857],[-73.07773555477456,-13.474526801120847],[-73.07772833285868,-13.47543052731264],[-73.0768049084715,-13.475423457500249]]]}},{"type":"Feature","properties":{"Cell_ID":357,"Area_ha":1.0,"LC":"9:0.277632,13:0.722368","XMIN":708084.86160847,"YMIN":8509373.59738907,"XMAX":708184.86160847,"YMAX":8509473.59738907},"geometry":{"type":"Polygon","coordinates":[[[-73.07679768256166,-13.47632718313194],[-73.0768049084715,-13.475423457500249],[-73.07772833285868,-13.47543052731264],[-73.07772111041317,-13.476334253435738],[-73.07679768256166,-13.47632718313194]]]}},{"type":"Feature","properties":{"Cell_ID":358,"Area_ha":1.0,"LC":"5:0.079438,9:0.658083,13:0.262480","XMIN":708084.86160847,"YMIN":8509273.59738907,"XMAX":708184.86160847,"YMAX":8509373.59738907},"geometry":{"type":"Polygon","coordinates":[[[-73.07679045612194,-13.477230908694922],[-73.07679768256166,-13.47632718313194],[-73.07772111041317,-13.476334253435738],[-73.077713887438,-13.477237979490132],[-73.07679045612194,-13.477230908694922]]]}},{"type":"Feature","properties":{"Cell_ID":359,"Area_ha":1.0,"LC":"5:0.215715,9:0.784285","XMIN":708184.86160847,"YMIN":8511973.59738907,"XMAX":708284.86160847,"YMAX":8512073.59738907},"geometry":{"type":"Polygon","coordinates":[[[-73.07606204669504,-13.452823233478503],[-73.07606926228847,-13.451919506553546],[-73.07699259616282,-13.451926566974993],[-73.0769853840271,-13.452830294391498],[-73.07606204669504,-13.452823233478503]]]}},{"type":"Feature","properties":{"Cell_ID":360,"Area_ha":1.0,"LC":"5:0.038195,9:0.583337,13:0.378468","XMIN":708184.86160847,"YMIN":8511873.59738907,"XMAX":708284.86160847,"YMAX":8511973.59738907},"geometry":{"type":"Polygon","coordinates":[[[-73.07605483057169,-13.453726960334862],[-73.07606204669504,-13.452823233478503],[-73.0769853840271,-13.452830294391498],[-73.07697817136173,-13.453734021739407],[-73.07605483057169,-13.453726960334862]]]}},{"type":"Feature","properties":{"Cell_ID":361,"Area_ha":1.0,"LC":"9:0.861103,13:0.138897","XMIN":708184.86160847,"YMIN":8511773.59738907,"XMAX":708284.86160847,"YMAX":8511873.59738907},"geometry":{"type":"Polygon","coordinates":[[[-73.07604761391843,-13.454630687122622],[-73.07605483057169,-13.453726960334862],[-73.07697817136173,-13.453734021739407],[-73.07697095816668,-13.454637749018723],[-73.07604761391843,-13.454630687122622]]]}},{"type":"Feature","properties":{"Cell_ID":362,"Area_ha":1.0,"LC":"5:0.058897,9:0.740554,13:0.200549","XMIN":708184.86160847,"YMIN":8511673.59738907,"XMAX":708284.86160847,"YMAX":8511773.59738907},"geometry":{"type":"Polygon","coordinates":[[[-73.07604039673525,-13.455534413841773],[-73.07604761391843,-13.454630687122622],[-73.07697095816668,-13.454637749018723],[-73.07696374444197,-13.45554147622944],[-73.07604039673525,-13.455534413841773]]]}},{"type":"Feature","properties":{"Cell_ID":363,"Area_ha":1.0,"LC":"5:0.134871,9:0.520562,13:0.344566","XMIN":708184.86160847,"YMIN":8511573.59738907,"XMAX":708284.86160847,"YMAX":8511673.59738907},"geometry":{"type":"Polygon","coordinates":[[[-73.07603317902213,-13.45643814049232],[-73.07604039673525,-13.455534413841773],[-73.07696374444197,-13.45554147622944],[-73.07695653018757,-13.456445203371548],[-73.07603317902213,-13.45643814049232]]]}},{"type":"Feature","properties":{"Cell_ID":364,"Area_ha":1.0,"LC":"5:0.458468,9:0.457373,13:0.084159","XMIN":708184.86160847,"YMIN":8511473.59738907,"XMAX":708284.86160847,"YMAX":8511573.59738907},"geometry":{"type":"Polygon","coordinates":[[[-73.07602596077906,-13.457341867074247],[-73.07603317902213,-13.45643814049232],[-73.07695653018757,-13.456445203371548],[-73.07694931540348,-13.457348930445042],[-73.07602596077906,-13.457341867074247]]]}},{"type":"Feature","properties":{"Cell_ID":365,"Area_ha":1.0,"LC":"5:0.495715,9:0.504138,13:0.000147","XMIN":708184.86160847,"YMIN":8511373.59738907,"XMAX":708284.86160847,"YMAX":8511473.59738907},"geometry":{"type":"Polygon","coordinates":[[[-73.07601874200604,-13.458245593587561],[-73.07602596077906,-13.457341867074247],[-73.07694931540348,-13.457348930445042],[-73.07694210008968,-13.458252657449927],[-73.07601874200604,-13.458245593587561]]]}},{"type":"Feature","properties":{"Cell_ID":366,"Area_ha":1.0,"LC":"5:0.257225,9:0.742775","XMIN":708184.86160847,"YMIN":8511273.59738907,"XMAX":708284.86160847,"YMAX":8511373.59738907},"geometry":{"type":"Polygon","coordinates":[[[-73.07601152270304,-13.45914932003225],[-73.07601874200604,-13.458245593587561],[-73.07694210008968,-13.458252657449927],[-73.07693488424617,-13.459156384386192],[-73.07601152270304,-13.45914932003225]]]}},{"type":"Feature","properties":{"Cell_ID":367,"Area_ha":1.0,"LC":"5:0.040281,9:0.959719","XMIN":708184.86160847,"YMIN":8511173.59738907,"XMAX":708284.86160847,"YMAX":8511273.59738907},"geometry":{"type":"Polygon","coordinates":[[[-73.07600430287009,-13.460053046408316],[-73.07601152270304,-13.45914932003225],[-73.07693488424617,-13.459156384386192],[-73.07692766787294,-13.460060111253833],[-73.07600430287009,-13.460053046408316]]]}},{"type":"Feature","properties":{"Cell_ID":368,"Area_ha":1.0,"LC":"9:0.243345,16:0.517499,18:0.239156","XMIN":708184.86160847,"YMIN":8511073.59738907,"XMAX":708284.86160847,"YMAX":8511173.59738907},"geometry":{"type":"Polygon","coordinates":[[[-73.07599708250713,-13.460956772715749],[-73.07600430287009,-13.460053046408316],[-73.07692766787294,-13.460060111253833],[-73.07692045097,-13.460963838052853],[-73.07599708250713,-13.460956772715749]]]}},{"type":"Feature","properties":{"Cell_ID":369,"Area_ha":1.0,"LC":"16:0.603730,18:0.396270","XMIN":708184.86160847,"YMIN":8510973.59738907,"XMAX":708284.86160847,"YMAX":8511073.59738907},"geometry":{"type":"Polygon","coordinates":[[[-73.07598986161419,-13.461860498954545],[-73.07599708250713,-13.460956772715749],[-73.07692045097,-13.460963838052853],[-73.07691323353728,-13.461867564783232],[-73.07598986161419,-13.461860498954545]]]}},{"type":"Feature","properties":{"Cell_ID":370,"Area_ha":1.0,"LC":"9:0.434863,16:0.225410,18:0.339727","XMIN":708184.86160847,"YMIN":8510873.59738907,"XMAX":708284.86160847,"YMAX":8510973.59738907},"geometry":{"type":"Polygon","coordinates":[[[-73.07598264019123,-13.462764225124705],[-73.07598986161419,-13.461860498954545],[-73.07691323353728,-13.461867564783232],[-73.07690601557483,-13.462771291444978],[-73.07598264019123,-13.462764225124705]]]}},{"type":"Feature","properties":{"Cell_ID":371,"Area_ha":1.0,"LC":"9:0.640415,16:0.359585","XMIN":708184.86160847,"YMIN":8510773.59738907,"XMAX":708284.86160847,"YMAX":8510873.59738907},"geometry":{"type":"Polygon","coordinates":[[[-73.07597541823827,-13.463667951226217],[-73.07598264019123,-13.462764225124705],[-73.07690601557483,-13.462771291444978],[-73.07689879708263,-13.463675018038089],[-73.07597541823827,-13.463667951226217]]]}},{"type":"Feature","properties":{"Cell_ID":372,"Area_ha":1.0,"LC":"5:0.079438,6:0.056958,9:0.400562,16:0.463042","XMIN":708184.86160847,"YMIN":8510673.59738907,"XMAX":708284.86160847,"YMAX":8510773.59738907},"geometry":{"type":"Polygon","coordinates":[[[-73.07596819575528,-13.464571677259086],[-73.07597541823827,-13.463667951226217],[-73.07689879708263,-13.463675018038089],[-73.07689157806065,-13.464578744562548],[-73.07596819575528,-13.464571677259086]]]}},{"type":"Feature","properties":{"Cell_ID":373,"Area_ha":1.0,"LC":"5:0.439719,6:0.095153,9:0.320000,13:0.041792,16:0.103337","XMIN":708184.86160847,"YMIN":8510573.59738907,"XMAX":708284.86160847,"YMAX":8510673.59738907},"geometry":{"type":"Polygon","coordinates":[[[-73.07596097274227,-13.465475403223298],[-73.07596819575528,-13.464571677259086],[-73.07689157806065,-13.464578744562548],[-73.07688435850889,-13.46548247101836],[-73.07596097274227,-13.465475403223298]]]}},{"type":"Feature","properties":{"Cell_ID":374,"Area_ha":1.0,"LC":"5:0.259178,6:0.019164,9:0.618602,13:0.103056","XMIN":708184.86160847,"YMIN":8510473.59738907,"XMAX":708284.86160847,"YMAX":8510573.59738907},"geometry":{"type":"Polygon","coordinates":[[[-73.07595374919921,-13.466379129118856],[-73.07596097274227,-13.465475403223298],[-73.07688435850889,-13.46548247101836],[-73.07687713842736,-13.466386197405523],[-73.07595374919921,-13.466379129118856]]]}},{"type":"Feature","properties":{"Cell_ID":375,"Area_ha":1.0,"LC":"5:0.575153,9:0.143618,14:0.281229","XMIN":708184.86160847,"YMIN":8510373.59738907,"XMAX":708284.86160847,"YMAX":8510473.59738907},"geometry":{"type":"Polygon","coordinates":[[[-73.0759465251261,-13.46728285494575],[-73.07595374919921,-13.466379129118856],[-73.07687713842736,-13.466386197405523],[-73.07686991781601,-13.467289923724024],[-73.0759465251261,-13.46728285494575]]]}},{"type":"Feature","properties":{"Cell_ID":376,"Area_ha":1.0,"LC":"5:0.175434,14:0.824566","XMIN":708184.86160847,"YMIN":8510273.59738907,"XMAX":708284.86160847,"YMAX":8510373.59738907},"geometry":{"type":"Polygon","coordinates":[[[-73.07593930052292,-13.468186580703982],[-73.0759465251261,-13.46728285494575],[-73.07686991781601,-13.467289923724024],[-73.07686269667487,-13.468193649973866],[-73.07593930052292,-13.468186580703982]]]}},{"type":"Feature","properties":{"Cell_ID":377,"Area_ha":1.0,"LC":"5:0.456944,9:0.262346,13:0.039719,14:0.240991","XMIN":708184.86160847,"YMIN":8510173.59738907,"XMAX":708284.86160847,"YMAX":8510273.59738907},"geometry":{"type":"Polygon","coordinates":[[[-73.07593207538969,-13.469090306393541],[-73.07593930052292,-13.468186580703982],[-73.07686269667487,-13.468193649973866],[-73.0768554750039,-13.469097376155041],[-73.07593207538969,-13.469090306393541]]]}},{"type":"Feature","properties":{"Cell_ID":378,"Area_ha":1.0,"LC":"5:0.000562,9:0.181532,13:0.817906","XMIN":708184.86160847,"YMIN":8510073.59738907,"XMAX":708284.86160847,"YMAX":8510173.59738907},"geometry":{"type":"Polygon","coordinates":[[[-73.07592484972636,-13.46999403201443],[-73.07593207538969,-13.469090306393541],[-73.0768554750039,-13.469097376155041],[-73.0768482528031,-13.470001102267544],[-73.07592484972636,-13.46999403201443]]]}},{"type":"Feature","properties":{"Cell_ID":379,"Area_ha":1.0,"LC":"9:0.255019,13:0.744981","XMIN":708184.86160847,"YMIN":8509973.59738907,"XMAX":708284.86160847,"YMAX":8510073.59738907},"geometry":{"type":"Polygon","coordinates":[[[-73.07591762353294,-13.47089775756664],[-73.07592484972636,-13.46999403201443],[-73.0768482528031,-13.470001102267544],[-73.07684103007249,-13.470904828311374],[-73.07591762353294,-13.47089775756664]]]}},{"type":"Feature","properties":{"Cell_ID":380,"Area_ha":1.0,"LC":"9:0.000134,13:0.999866","XMIN":708184.86160847,"YMIN":8509873.59738907,"XMAX":708284.86160847,"YMAX":8509973.59738907},"geometry":{"type":"Polygon","coordinates":[[[-73.07591039680945,-13.471801483050164],[-73.07591762353294,-13.47089775756664],[-73.07684103007249,-13.470904828311374],[-73.07683380681202,-13.471808554286527],[-73.07591039680945,-13.471801483050164]]]}},{"type":"Feature","properties":{"Cell_ID":381,"Area_ha":1.0,"LC":"5:0.500541,13:0.499459","XMIN":708184.86160847,"YMIN":8509773.59738907,"XMAX":708284.86160847,"YMAX":8509873.59738907},"geometry":{"type":"Polygon","coordinates":[[[-73.07590316955581,-13.472705208465003],[-73.07591039680945,-13.471801483050164],[-73.07683380681202,-13.471808554286527],[-73.0768265830217,-13.472712280192992],[-73.07590316955581,-13.472705208465003]]]}},{"type":"Feature","properties":{"Cell_ID":382,"Area_ha":1.0,"LC":"5:0.021398,13:0.978602","XMIN":708184.86160847,"YMIN":8509673.59738907,"XMAX":708284.86160847,"YMAX":8509773.59738907},"geometry":{"type":"Polygon","coordinates":[[[-73.07589594177209,-13.47360893381115],[-73.07590316955581,-13.472705208465003],[-73.0768265830217,-13.472712280192992],[-73.07681935870151,-13.473616006030772],[-73.07589594177209,-13.47360893381115]]]}},{"type":"Feature","properties":{"Cell_ID":383,"Area_ha":1.0,"LC":"9:0.535685,13:0.464315","XMIN":708184.86160847,"YMIN":8509573.59738907,"XMAX":708284.86160847,"YMAX":8509673.59738907},"geometry":{"type":"Polygon","coordinates":[[[-73.07588871345823,-13.474512659088605],[-73.07589594177209,-13.47360893381115],[-73.07681935870151,-13.473616006030772],[-73.07681213385145,-13.474519731799857],[-73.07588871345823,-13.474512659088605]]]}},{"type":"Feature","properties":{"Cell_ID":384,"Area_ha":1.0,"LC":"9:0.720696,13:0.279304","XMIN":708184.86160847,"YMIN":8509473.59738907,"XMAX":708284.86160847,"YMAX":8509573.59738907},"geometry":{"type":"Polygon","coordinates":[[[-73.07588148461423,-13.475416384297358],[-73.07588871345823,-13.474512659088605],[-73.07681213385145,-13.474519731799857],[-73.0768049084715,-13.475423457500249],[-73.07588148461423,-13.475416384297358]]]}},{"type":"Feature","properties":{"Cell_ID":385,"Area_ha":1.0,"LC":"9:0.262775,13:0.737225","XMIN":708184.86160847,"YMIN":8509373.59738907,"XMAX":708284.86160847,"YMAX":8509473.59738907},"geometry":{"type":"Polygon","coordinates":[[[-73.07587425524008,-13.476320109437406],[-73.07588148461423,-13.475416384297358],[-73.0768049084715,-13.475423457500249],[-73.07679768256166,-13.47632718313194],[-73.07587425524008,-13.476320109437406]]]}},{"type":"Feature","properties":{"Cell_ID":386,"Area_ha":1.0,"LC":"9:0.722635,13:0.277365","XMIN":708184.86160847,"YMIN":8509273.59738907,"XMAX":708284.86160847,"YMAX":8509373.59738907},"geometry":{"type":"Polygon","coordinates":[[[-73.07586702533578,-13.477223834508743],[-73.07587425524008,-13.476320109437406],[-73.07679768256166,-13.47632718313194],[-73.07679045612194,-13.477230908694922],[-73.07586702533578,-13.477223834508743]]]}},{"type":"Feature","properties":{"Cell_ID":387,"Area_ha":1.0,"LC":"5:0.399438,9:0.600000,16:0.000562","XMIN":708284.86160847,"YMIN":8511873.59738907,"XMAX":708384.86160847,"YMAX":8511973.59738907},"geometry":{"type":"Polygon","coordinates":[[[-73.07513149031159,-13.453719895545477],[-73.07513870989288,-13.452816169180908],[-73.07606204669504,-13.452823233478503],[-73.07605483057169,-13.453726960334862],[-73.07513149031159,-13.453719895545477]]]}},{"type":"Feature","properties":{"Cell_ID":388,"Area_ha":1.0,"LC":"5:0.480000,9:0.459459,13:0.060541","XMIN":708284.86160847,"YMIN":8511773.59738907,"XMAX":708384.86160847,"YMAX":8511873.59738907},"geometry":{"type":"Polygon","coordinates":[[[-73.07512427020013,-13.454623621841444],[-73.07513149031159,-13.453719895545477],[-73.07605483057169,-13.453726960334862],[-73.07604761391843,-13.454630687122622],[-73.07512427020013,-13.454623621841444]]]}},{"type":"Feature","properties":{"Cell_ID":389,"Area_ha":1.0,"LC":"5:0.538749,9:0.139298,13:0.321953","XMIN":708284.86160847,"YMIN":8511673.59738907,"XMAX":708384.86160847,"YMAX":8511773.59738907},"geometry":{"type":"Polygon","coordinates":[[[-73.07511704955849,-13.4555273480688],[-73.07512427020013,-13.454623621841444],[-73.07604761391843,-13.454630687122622],[-73.07604039673525,-13.455534413841773],[-73.07511704955849,-13.4555273480688]]]}},{"type":"Feature","properties":{"Cell_ID":390,"Area_ha":1.0,"LC":"5:0.240844,9:0.161377,13:0.597780","XMIN":708284.86160847,"YMIN":8511573.59738907,"XMAX":708384.86160847,"YMAX":8511673.59738907},"geometry":{"type":"Polygon","coordinates":[[[-73.07510982838664,-13.456431074227547],[-73.07511704955849,-13.4555273480688],[-73.07604039673525,-13.455534413841773],[-73.07603317902213,-13.45643814049232],[-73.07510982838664,-13.456431074227547]]]}},{"type":"Feature","properties":{"Cell_ID":391,"Area_ha":1.0,"LC":"5:0.479156,9:0.284440,13:0.236403","XMIN":708284.86160847,"YMIN":8511473.59738907,"XMAX":708384.86160847,"YMAX":8511573.59738907},"geometry":{"type":"Polygon","coordinates":[[[-73.07510260668461,-13.457334800317671],[-73.07510982838664,-13.456431074227547],[-73.07603317902213,-13.45643814049232],[-73.07602596077906,-13.457341867074247],[-73.07510260668461,-13.457334800317671]]]}},{"type":"Feature","properties":{"Cell_ID":392,"Area_ha":1.0,"LC":"5:0.202073,9:0.397512,13:0.400415","XMIN":708284.86160847,"YMIN":8511373.59738907,"XMAX":708384.86160847,"YMAX":8511473.59738907},"geometry":{"type":"Polygon","coordinates":[[[-73.07509538445237,-13.458238526339178],[-73.07510260668461,-13.457334800317671],[-73.07602596077906,-13.457341867074247],[-73.07601874200604,-13.458245593587561],[-73.07509538445237,-13.458238526339178]]]}},{"type":"Feature","properties":{"Cell_ID":393,"Area_ha":1.0,"LC":"5:0.744566,9:0.255434","XMIN":708284.86160847,"YMIN":8511273.59738907,"XMAX":708384.86160847,"YMAX":8511373.59738907},"geometry":{"type":"Polygon","coordinates":[[[-73.07508816168989,-13.459142252292057],[-73.07509538445237,-13.458238526339178],[-73.07601874200604,-13.458245593587561],[-73.07601152270304,-13.45914932003225],[-73.07508816168989,-13.459142252292057]]]}},{"type":"Feature","properties":{"Cell_ID":394,"Area_ha":1.0,"LC":"5:0.080991,9:0.797499,13:0.121510","XMIN":708284.86160847,"YMIN":8511173.59738907,"XMAX":708384.86160847,"YMAX":8511273.59738907},"geometry":{"type":"Polygon","coordinates":[[[-73.07508093839719,-13.460045978176309],[-73.07508816168989,-13.459142252292057],[-73.07601152270304,-13.45914932003225],[-73.07600430287009,-13.460053046408316],[-73.07508093839719,-13.460045978176309]]]}},{"type":"Feature","properties":{"Cell_ID":395,"Area_ha":1.0,"LC":"9:0.581518,13:0.122368,16:0.059031,18:0.237084","XMIN":708284.86160847,"YMIN":8511073.59738907,"XMAX":708384.86160847,"YMAX":8511173.59738907},"geometry":{"type":"Polygon","coordinates":[[[-73.07507371457426,-13.460949703991925],[-73.07508093839719,-13.460045978176309],[-73.07600430287009,-13.460053046408316],[-73.07599708250713,-13.460956772715749],[-73.07507371457426,-13.460949703991925]]]}},{"type":"Feature","properties":{"Cell_ID":396,"Area_ha":1.0,"LC":"9:0.000429,16:0.197499,18:0.802073","XMIN":708284.86160847,"YMIN":8510973.59738907,"XMAX":708384.86160847,"YMAX":8511073.59738907},"geometry":{"type":"Polygon","coordinates":[[[-73.07506649022109,-13.4618534297389],[-73.07507371457426,-13.460949703991925],[-73.07599708250713,-13.460956772715749],[-73.07598986161419,-13.461860498954545],[-73.07506649022109,-13.4618534297389]]]}},{"type":"Feature","properties":{"Cell_ID":397,"Area_ha":1.0,"LC":"16:0.799156,18:0.200844","XMIN":708284.86160847,"YMIN":8510873.59738907,"XMAX":708384.86160847,"YMAX":8510973.59738907},"geometry":{"type":"Polygon","coordinates":[[[-73.07505926533763,-13.462757155417231],[-73.07506649022109,-13.4618534297389],[-73.07598986161419,-13.461860498954545],[-73.07598264019123,-13.462764225124705],[-73.07505926533763,-13.462757155417231]]]}},{"type":"Feature","properties":{"Cell_ID":398,"Area_ha":1.0,"LC":"16:1.000000","XMIN":708284.86160847,"YMIN":8510773.59738907,"XMAX":708384.86160847,"YMAX":8510873.59738907},"geometry":{"type":"Polygon","coordinates":[[[-73.07505203992392,-13.463660881026922],[-73.07505926533763,-13.462757155417231],[-73.07598264019123,-13.462764225124705],[-73.07597541823827,-13.463667951226217],[-73.07505203992392,-13.463660881026922]]]}},{"type":"Feature","properties":{"Cell_ID":399,"Area_ha":1.0,"LC":"16:1.000000","XMIN":708284.86160847,"YMIN":8510673.59738907,"XMAX":708384.86160847,"YMAX":8510773.59738907},"geometry":{"type":"Polygon","coordinates":[[[-73.07504481397996,-13.464564606567954],[-73.07505203992392,-13.463660881026922],[-73.07597541823827,-13.463667951226217],[-73.07596819575528,-13.464571677259086],[-73.07504481397996,-13.464564606567954]]]}},{"type":"Feature","properties":{"Cell_ID":400,"Area_ha":1.0,"LC":"13:0.316802,16:0.683198","XMIN":708284.86160847,"YMIN":8510573.59738907,"XMAX":708384.86160847,"YMAX":8510673.59738907},"geometry":{"type":"Polygon","coordinates":[[[-73.07503758750568,-13.465468332040334],[-73.07504481397996,-13.464564606567954],[-73.07596819575528,-13.464571677259086],[-73.07596097274227,-13.465475403223298],[-73.07503758750568,-13.465468332040334]]]}},{"type":"Feature","properties":{"Cell_ID":401,"Area_ha":1.0,"LC":"9:0.037927,13:0.961925,16:0.000147","XMIN":708284.86160847,"YMIN":8510473.59738907,"XMAX":708384.86160847,"YMAX":8510573.59738907},"geometry":{"type":"Polygon","coordinates":[[[-73.0750303605011,-13.466372057444053],[-73.07503758750568,-13.465468332040334],[-73.07596097274227,-13.465475403223298],[-73.07595374919921,-13.466379129118856],[-73.0750303605011,-13.466372057444053]]]}},{"type":"Feature","properties":{"Cell_ID":402,"Area_ha":1.0,"LC":"9:0.698454,13:0.144181,14:0.157365","XMIN":708284.86160847,"YMIN":8510373.59738907,"XMAX":708384.86160847,"YMAX":8510473.59738907},"geometry":{"type":"Polygon","coordinates":[[[-73.07502313296624,-13.467275782779105],[-73.0750303605011,-13.466372057444053],[-73.07595374919921,-13.466379129118856],[-73.0759465251261,-13.46728285494575],[-73.07502313296624,-13.467275782779105]]]}},{"type":"Feature","properties":{"Cell_ID":403,"Area_ha":1.0,"LC":"5:0.100541,9:0.404307,14:0.495153","XMIN":708284.86160847,"YMIN":8510273.59738907,"XMAX":708384.86160847,"YMAX":8510373.59738907},"geometry":{"type":"Polygon","coordinates":[[[-73.07501590490105,-13.468179508045491],[-73.07502313296624,-13.467275782779105],[-73.0759465251261,-13.46728285494575],[-73.07593930052292,-13.468186580703982],[-73.07501590490105,-13.468179508045491]]]}},{"type":"Feature","properties":{"Cell_ID":404,"Area_ha":1.0,"LC":"5:0.263056,6:0.041792,9:0.654456,14:0.040696","XMIN":708284.86160847,"YMIN":8510173.59738907,"XMAX":708384.86160847,"YMAX":8510273.59738907},"geometry":{"type":"Polygon","coordinates":[[[-73.07500867630554,-13.4690832332432],[-73.07501590490105,-13.468179508045491],[-73.07593930052292,-13.468186580703982],[-73.07593207538969,-13.469090306393541],[-73.07500867630554,-13.4690832332432]]]}},{"type":"Feature","properties":{"Cell_ID":405,"Area_ha":1.0,"LC":"5:0.080281,6:0.021117,9:0.362769,13:0.535833","XMIN":708284.86160847,"YMIN":8510073.59738907,"XMAX":708384.86160847,"YMAX":8510173.59738907},"geometry":{"type":"Polygon","coordinates":[[[-73.07500144717969,-13.469986958372237],[-73.07500867630554,-13.4690832332432],[-73.07593207538969,-13.469090306393541],[-73.07592484972636,-13.46999403201443],[-73.07500144717969,-13.469986958372237]]]}},{"type":"Feature","properties":{"Cell_ID":406,"Area_ha":1.0,"LC":"5:0.182480,9:0.000147,13:0.817373","XMIN":708284.86160847,"YMIN":8509973.59738907,"XMAX":708384.86160847,"YMAX":8510073.59738907},"geometry":{"type":"Polygon","coordinates":[[[-73.07499421752351,-13.47089068343259],[-73.07500144717969,-13.469986958372237],[-73.07592484972636,-13.46999403201443],[-73.07591762353294,-13.47089775756664],[-73.07499421752351,-13.47089068343259]]]}},{"type":"Feature","properties":{"Cell_ID":407,"Area_ha":1.0,"LC":"5:0.422775,6:0.041792,13:0.535434","XMIN":708284.86160847,"YMIN":8509873.59738907,"XMAX":708384.86160847,"YMAX":8509973.59738907},"geometry":{"type":"Polygon","coordinates":[[[-73.07498698733697,-13.471794408424255],[-73.07499421752351,-13.47089068343259],[-73.07591762353294,-13.47089775756664],[-73.07591039680945,-13.471801483050164],[-73.07498698733697,-13.471794408424255]]]}},{"type":"Feature","properties":{"Cell_ID":408,"Area_ha":1.0,"LC":"5:0.321939,6:0.021117,13:0.656944","XMIN":708284.86160847,"YMIN":8509773.59738907,"XMAX":708384.86160847,"YMAX":8509873.59738907},"geometry":{"type":"Polygon","coordinates":[[[-73.07497975662007,-13.472698133347231],[-73.07498698733697,-13.471794408424255],[-73.07591039680945,-13.471801483050164],[-73.07590316955581,-13.472705208465003],[-73.07497975662007,-13.472698133347231]]]}},{"type":"Feature","properties":{"Cell_ID":409,"Area_ha":1.0,"LC":"5:0.723168,13:0.276832","XMIN":708284.86160847,"YMIN":8509673.59738907,"XMAX":708384.86160847,"YMAX":8509773.59738907},"geometry":{"type":"Polygon","coordinates":[[[-73.07497252537279,-13.473601858201514],[-73.07497975662007,-13.472698133347231],[-73.07590316955581,-13.472705208465003],[-73.07589594177209,-13.47360893381115],[-73.07497252537279,-13.473601858201514]]]}},{"type":"Feature","properties":{"Cell_ID":410,"Area_ha":1.0,"LC":"5:0.001272,9:0.277084,13:0.721644","XMIN":708284.86160847,"YMIN":8509573.59738907,"XMAX":708384.86160847,"YMAX":8509673.59738907},"geometry":{"type":"Polygon","coordinates":[[[-73.07496529359514,-13.474505582987094],[-73.07497252537279,-13.473601858201514],[-73.07589594177209,-13.47360893381115],[-73.07588871345823,-13.474512659088605],[-73.07496529359514,-13.474505582987094]]]}},{"type":"Feature","properties":{"Cell_ID":411,"Area_ha":1.0,"LC":"9:0.417654,13:0.460836,16:0.121510","XMIN":708284.86160847,"YMIN":8509473.59738907,"XMAX":708384.86160847,"YMAX":8509573.59738907},"geometry":{"type":"Polygon","coordinates":[[[-73.07495806128709,-13.475409307703973],[-73.07496529359514,-13.474505582987094],[-73.07588871345823,-13.474512659088605],[-73.07588148461423,-13.475416384297358],[-73.07495806128709,-13.475409307703973]]]}},{"type":"Feature","properties":{"Cell_ID":412,"Area_ha":1.0,"LC":"9:0.196403,13:0.641229,16:0.162368","XMIN":708284.86160847,"YMIN":8509373.59738907,"XMAX":708384.86160847,"YMAX":8509473.59738907},"geometry":{"type":"Polygon","coordinates":[[[-73.07495082844865,-13.476313032352142],[-73.07495806128709,-13.475409307703973],[-73.07588148461423,-13.475416384297358],[-73.07587425524008,-13.476320109437406],[-73.07495082844865,-13.476313032352142]]]}},{"type":"Feature","properties":{"Cell_ID":413,"Area_ha":1.0,"LC":"9:0.536248,13:0.463752","XMIN":708284.86160847,"YMIN":8509273.59738907,"XMAX":708384.86160847,"YMAX":8509373.59738907},"geometry":{"type":"Polygon","coordinates":[[[-73.0749435950798,-13.4772167569316],[-73.07495082844865,-13.476313032352142],[-73.07587425524008,-13.476320109437406],[-73.07586702533578,-13.477223834508743],[-73.0749435950798,-13.4772167569316]]]}},{"type":"Feature","properties":{"Cell_ID":414,"Area_ha":1.0,"LC":"5:0.038061,9:0.839571,13:0.122368","XMIN":708284.86160847,"YMIN":8509173.59738907,"XMAX":708384.86160847,"YMAX":8509273.59738907},"geometry":{"type":"Polygon","coordinates":[[[-73.07493636118052,-13.47812048144234],[-73.0749435950798,-13.4772167569316],[-73.07586702533578,-13.477223834508743],[-73.07585979490132,-13.478127559511373],[-73.07493636118052,-13.47812048144234]]]}},{"type":"Feature","properties":{"Cell_ID":415,"Area_ha":1.0,"LC":"5:0.662199,9:0.255862,13:0.081939","XMIN":708384.86160847,"YMIN":8511873.59738907,"XMAX":708484.86160847,"YMAX":8511973.59738907},"geometry":{"type":"Polygon","coordinates":[[[-73.07420815058165,-13.453712827371264],[-73.07421537362089,-13.452809101498723],[-73.07513870989288,-13.452816169180908],[-73.07513149031159,-13.453719895545477],[-73.07420815058165,-13.453712827371264]]]}},{"type":"Feature","properties":{"Cell_ID":416,"Area_ha":1.0,"LC":"5:0.465410,9:0.515693,13:0.018897","XMIN":708384.86160847,"YMIN":8511773.59738907,"XMAX":708484.86160847,"YMAX":8511873.59738907},"geometry":{"type":"Polygon","coordinates":[[[-73.074200927012,-13.454616553175203],[-73.07420815058165,-13.453712827371264],[-73.07513149031159,-13.453719895545477],[-73.07512427020013,-13.454623621841444],[-73.074200927012,-13.454616553175203]]]}},{"type":"Feature","properties":{"Cell_ID":417,"Area_ha":1.0,"LC":"5:0.082086,9:0.359719,13:0.558195","XMIN":708384.86160847,"YMIN":8511673.59738907,"XMAX":708484.86160847,"YMAX":8511773.59738907},"geometry":{"type":"Polygon","coordinates":[[[-73.0741937029119,-13.455520278910528],[-73.074200927012,-13.454616553175203],[-73.07512427020013,-13.454623621841444],[-73.07511704955849,-13.4555273480688],[-73.0741937029119,-13.455520278910528]]]}},{"type":"Feature","properties":{"Cell_ID":418,"Area_ha":1.0,"LC":"5:0.020969,9:0.819459,13:0.159571","XMIN":708384.86160847,"YMIN":8511573.59738907,"XMAX":708484.86160847,"YMAX":8511673.59738907},"geometry":{"type":"Polygon","coordinates":[[[-73.07418647828136,-13.456424004577238],[-73.0741937029119,-13.455520278910528],[-73.07511704955849,-13.4555273480688],[-73.07510982838664,-13.456431074227547],[-73.07418647828136,-13.456424004577238]]]}},{"type":"Feature","properties":{"Cell_ID":419,"Area_ha":1.0,"LC":"9:0.377788,13:0.622212","XMIN":708384.86160847,"YMIN":8511473.59738907,"XMAX":708484.86160847,"YMAX":8511573.59738907},"geometry":{"type":"Polygon","coordinates":[[[-73.07417925312036,-13.457327730175324],[-73.07418647828136,-13.456424004577238],[-73.07510982838664,-13.456431074227547],[-73.07510260668461,-13.457334800317671],[-73.07417925312036,-13.457327730175324]]]}},{"type":"Feature","properties":{"Cell_ID":420,"Area_ha":1.0,"LC":"5:0.197365,9:0.481510,13:0.321125","XMIN":708384.86160847,"YMIN":8511373.59738907,"XMAX":708484.86160847,"YMAX":8511473.59738907},"geometry":{"type":"Polygon","coordinates":[[[-73.0741720274289,-13.458231455704789],[-73.07417925312036,-13.457327730175324],[-73.07510260668461,-13.457334800317671],[-73.07509538445237,-13.458238526339178],[-73.0741720274289,-13.458231455704789]]]}},{"type":"Feature","properties":{"Cell_ID":421,"Area_ha":1.0,"LC":"5:0.816944,9:0.183056","XMIN":708384.86160847,"YMIN":8511273.59738907,"XMAX":708484.86160847,"YMAX":8511373.59738907},"geometry":{"type":"Polygon","coordinates":[[[-73.07416480120698,-13.459135181165623],[-73.0741720274289,-13.458231455704789],[-73.07509538445237,-13.458238526339178],[-73.07508816168989,-13.459142252292057],[-73.07416480120698,-13.459135181165623]]]}},{"type":"Feature","properties":{"Cell_ID":422,"Area_ha":1.0,"LC":"9:0.624285,16:0.375434,18:0.000281","XMIN":708384.86160847,"YMIN":8510873.59738907,"XMAX":708484.86160847,"YMAX":8510973.59738907},"geometry":{"type":"Polygon","coordinates":[[[-73.07413589101431,-13.46275008232258],[-73.07414311935823,-13.461846357136306],[-73.07506649022109,-13.4618534297389],[-73.07505926533763,-13.462757155417231],[-73.07413589101431,-13.46275008232258]]]}},{"type":"Feature","properties":{"Cell_ID":423,"Area_ha":1.0,"LC":"9:0.744566,16:0.255434","XMIN":708384.86160847,"YMIN":8510773.59738907,"XMAX":708484.86160847,"YMAX":8510873.59738907},"geometry":{"type":"Polygon","coordinates":[[[-73.07412866213987,-13.463653807440203],[-73.07413589101431,-13.46275008232258],[-73.07505926533763,-13.462757155417231],[-73.07505203992392,-13.463660881026922],[-73.07412866213987,-13.463653807440203]]]}},{"type":"Feature","properties":{"Cell_ID":424,"Area_ha":1.0,"LC":"5:0.018897,9:0.500822,13:0.480281","XMIN":708384.86160847,"YMIN":8510273.59738907,"XMAX":708484.86160847,"YMAX":8510373.59738907},"geometry":{"type":"Polygon","coordinates":[[[-73.0740925098095,-13.468172431998402],[-73.0740997413367,-13.467268707224095],[-73.07502313296624,-13.467275782779105],[-73.07501590490105,-13.468179508045491],[-73.0740925098095,-13.468172431998402]]]}},{"type":"Feature","properties":{"Cell_ID":425,"Area_ha":1.0,"LC":"5:0.057225,6:0.077646,9:0.480429,13:0.103190,14:0.281510","XMIN":708384.86160847,"YMIN":8510173.59738907,"XMAX":708484.86160847,"YMAX":8510273.59738907},"geometry":{"type":"Polygon","coordinates":[[[-73.07408527775173,-13.46907615670403],[-73.0740925098095,-13.468172431998402],[-73.07501590490105,-13.468179508045491],[-73.07500867630554,-13.4690832332432],[-73.07408527775173,-13.46907615670403]]]}},{"type":"Feature","properties":{"Cell_ID":426,"Area_ha":1.0,"LC":"6:0.698602,9:0.280000,14:0.021398","XMIN":708384.86160847,"YMIN":8510073.59738907,"XMAX":708484.86160847,"YMAX":8510173.59738907},"geometry":{"type":"Polygon","coordinates":[[[-73.07407804516338,-13.469979881340974],[-73.07408527775173,-13.46907615670403],[-73.07500867630554,-13.4690832332432],[-73.07500144717969,-13.469986958372237],[-73.07407804516338,-13.469979881340974]]]}},{"type":"Feature","properties":{"Cell_ID":427,"Area_ha":1.0,"LC":"5:0.117780,6:0.519719,9:0.160562,13:0.118061,18:0.083878","XMIN":708384.86160847,"YMIN":8509973.59738907,"XMAX":708484.86160847,"YMAX":8510073.59738907},"geometry":{"type":"Polygon","coordinates":[[[-73.07407081204443,-13.470883605909235],[-73.07407804516338,-13.469979881340974],[-73.07500144717969,-13.469986958372237],[-73.07499421752351,-13.47089068343259],[-73.07407081204443,-13.470883605909235]]]}},{"type":"Feature","properties":{"Cell_ID":428,"Area_ha":1.0,"LC":"5:0.521229,6:0.478771","XMIN":708384.86160847,"YMIN":8509873.59738907,"XMAX":708484.86160847,"YMAX":8509973.59738907},"geometry":{"type":"Polygon","coordinates":[[[-73.07406357839486,-13.471787330408807],[-73.07407081204443,-13.470883605909235],[-73.07499421752351,-13.47089068343259],[-73.07498698733697,-13.471794408424255],[-73.07406357839486,-13.471787330408807]]]}},{"type":"Feature","properties":{"Cell_ID":429,"Area_ha":1.0,"LC":"5:0.297668,6:0.019446,13:0.682887","XMIN":708384.86160847,"YMIN":8509773.59738907,"XMAX":708484.86160847,"YMAX":8509873.59738907},"geometry":{"type":"Polygon","coordinates":[[[-73.07405634421468,-13.472691054839682],[-73.07406357839486,-13.471787330408807],[-73.07498698733697,-13.471794408424255],[-73.07497975662007,-13.472698133347231],[-73.07405634421468,-13.472691054839682]]]}},{"type":"Feature","properties":{"Cell_ID":430,"Area_ha":1.0,"LC":"5:0.715131,13:0.284869","XMIN":708384.86160847,"YMIN":8509673.59738907,"XMAX":708484.86160847,"YMAX":8509773.59738907},"geometry":{"type":"Polygon","coordinates":[[[-73.07404910950387,-13.473594779201859],[-73.07405634421468,-13.472691054839682],[-73.07497975662007,-13.472698133347231],[-73.07497252537279,-13.473601858201514],[-73.07404910950387,-13.473594779201859]]]}},{"type":"Feature","properties":{"Cell_ID":431,"Area_ha":1.0,"LC":"5:0.245137,13:0.733894,14:0.020969","XMIN":708384.86160847,"YMIN":8509573.59738907,"XMAX":708484.86160847,"YMAX":8509673.59738907},"geometry":{"type":"Polygon","coordinates":[[[-73.07404187426245,-13.474498503495335],[-73.07404910950387,-13.473594779201859],[-73.07497252537279,-13.473601858201514],[-73.07496529359514,-13.474505582987094],[-73.07404187426245,-13.474498503495335]]]}},{"type":"Feature","properties":{"Cell_ID":432,"Area_ha":1.0,"LC":"5:0.021117,9:0.279009,13:0.622228,16:0.077646","XMIN":708384.86160847,"YMIN":8509473.59738907,"XMAX":708484.86160847,"YMAX":8509573.59738907},"geometry":{"type":"Polygon","coordinates":[[[-73.07403463849036,-13.475402227720103],[-73.07404187426245,-13.474498503495335],[-73.07496529359514,-13.474505582987094],[-73.07495806128709,-13.475409307703973],[-73.07403463849036,-13.475402227720103]]]}},{"type":"Feature","properties":{"Cell_ID":433,"Area_ha":1.0,"LC":"5:0.121510,9:0.423618,13:0.256395,16:0.198476","XMIN":708384.86160847,"YMIN":8509373.59738907,"XMAX":708484.86160847,"YMAX":8509473.59738907},"geometry":{"type":"Polygon","coordinates":[[[-73.07402740218762,-13.476305951876162],[-73.07403463849036,-13.475402227720103],[-73.07495806128709,-13.475409307703973],[-73.07495082844865,-13.476313032352142],[-73.07402740218762,-13.476305951876162]]]}},{"type":"Feature","properties":{"Cell_ID":434,"Area_ha":1.0,"LC":"5:0.162368,9:0.600948,13:0.236685","XMIN":708384.86160847,"YMIN":8509273.59738907,"XMAX":708484.86160847,"YMAX":8509373.59738907},"geometry":{"type":"Polygon","coordinates":[[[-73.07402016535423,-13.477209675963502],[-73.07402740218762,-13.476305951876162],[-73.07495082844865,-13.476313032352142],[-73.0749435950798,-13.4772167569316],[-73.07402016535423,-13.477209675963502]]]}},{"type":"Feature","properties":{"Cell_ID":435,"Area_ha":1.0,"LC":"9:0.821827,13:0.178173","XMIN":708384.86160847,"YMIN":8509173.59738907,"XMAX":708484.86160847,"YMAX":8509273.59738907},"geometry":{"type":"Polygon","coordinates":[[[-73.07401292799015,-13.478113399982123],[-73.07402016535423,-13.477209675963502],[-73.0749435950798,-13.4772167569316],[-73.07493636118052,-13.47812048144234],[-73.07401292799015,-13.478113399982123]]]}},{"type":"Feature","properties":{"Cell_ID":436,"Area_ha":1.0,"LC":"9:0.435131,13:0.564869","XMIN":708384.86160847,"YMIN":8509073.59738907,"XMAX":708484.86160847,"YMAX":8509173.59738907},"geometry":{"type":"Polygon","coordinates":[[[-73.0740056900954,-13.479017123932023],[-73.07401292799015,-13.478113399982123],[-73.07493636118052,-13.47812048144234],[-73.07492912675082,-13.479024205884365],[-73.0740056900954,-13.479017123932023]]]}},{"type":"Feature","properties":{"Cell_ID":437,"Area_ha":1.0,"LC":"5:0.517914,9:0.323597,13:0.158490","XMIN":708484.86160847,"YMIN":8511673.59738907,"XMAX":708584.86160847,"YMAX":8511773.59738907},"geometry":{"type":"Polygon","coordinates":[[[-73.07327035679576,-13.455513206366966],[-73.0732775843543,-13.454609481123905],[-73.074200927012,-13.454616553175203],[-73.0741937029119,-13.455520278910528],[-73.07327035679576,-13.455513206366966]]]}},{"type":"Feature","properties":{"Cell_ID":438,"Area_ha":1.0,"LC":"5:0.259874,9:0.120415,13:0.619711","XMIN":708484.86160847,"YMIN":8511573.59738907,"XMAX":708584.86160847,"YMAX":8511673.59738907},"geometry":{"type":"Polygon","coordinates":[[[-73.07326312870653,-13.456416931541401],[-73.07327035679576,-13.455513206366966],[-73.0741937029119,-13.455520278910528],[-73.07418647828136,-13.456424004577238],[-73.07326312870653,-13.456416931541401]]]}},{"type":"Feature","properties":{"Cell_ID":439,"Area_ha":1.0,"LC":"9:0.521109,13:0.478891","XMIN":708484.86160847,"YMIN":8511473.59738907,"XMAX":708584.86160847,"YMAX":8511573.59738907},"geometry":{"type":"Polygon","coordinates":[[[-73.07325590008658,-13.457320656647216],[-73.07326312870653,-13.456416931541401],[-73.07418647828136,-13.456424004577238],[-73.07417925312036,-13.457327730175324],[-73.07325590008658,-13.457320656647216]]]}},{"type":"Feature","properties":{"Cell_ID":440,"Area_ha":1.0,"LC":"9:0.355145,13:0.084307,14:0.560549","XMIN":708484.86160847,"YMIN":8510073.59738907,"XMAX":708584.86160847,"YMAX":8510173.59738907},"geometry":{"type":"Polygon","coordinates":[[[-73.07315464367765,-13.469972800920651],[-73.07316187972852,-13.469069076776028],[-73.07408527775173,-13.46907615670403],[-73.07407804516338,-13.469979881340974],[-73.07315464367765,-13.469972800920651]]]}},{"type":"Feature","properties":{"Cell_ID":441,"Area_ha":1.0,"LC":"5:0.177772,9:0.385677,14:0.000429,18:0.436122","XMIN":708484.86160847,"YMIN":8509973.59738907,"XMAX":708584.86160847,"YMAX":8510073.59738907},"geometry":{"type":"Polygon","coordinates":[[[-73.07314740709593,-13.470876524996584],[-73.07315464367765,-13.469972800920651],[-73.07407804516338,-13.469979881340974],[-73.07407081204443,-13.470883605909235],[-73.07314740709593,-13.470876524996584]]]}},{"type":"Feature","properties":{"Cell_ID":442,"Area_ha":1.0,"LC":"5:0.256277,6:0.060541,9:0.683182","XMIN":708484.86160847,"YMIN":8509873.59738907,"XMAX":708584.86160847,"YMAX":8509973.59738907},"geometry":{"type":"Polygon","coordinates":[[[-73.07314016998336,-13.471780249003823],[-73.07314740709593,-13.470876524996584],[-73.07407081204443,-13.470883605909235],[-73.07406357839486,-13.471787330408807],[-73.07314016998336,-13.471780249003823]]]}},{"type":"Feature","properties":{"Cell_ID":443,"Area_ha":1.0,"LC":"5:0.059164,6:0.322220,9:0.319719,13:0.235988,14:0.062908","XMIN":708484.86160847,"YMIN":8509773.59738907,"XMAX":708584.86160847,"YMAX":8509873.59738907},"geometry":{"type":"Polygon","coordinates":[[[-73.07313293233993,-13.472683972942365],[-73.07314016998336,-13.471780249003823],[-73.07406357839486,-13.471787330408807],[-73.07405634421468,-13.472691054839682],[-73.07313293233993,-13.472683972942365]]]}},{"type":"Feature","properties":{"Cell_ID":444,"Area_ha":1.0,"LC":"5:0.098334,6:0.000147,9:0.545262,13:0.356256","XMIN":708484.86160847,"YMIN":8509673.59738907,"XMAX":708584.86160847,"YMAX":8509773.59738907},"geometry":{"type":"Polygon","coordinates":[[[-73.0731256941656,-13.473587696812203],[-73.07313293233993,-13.472683972942365],[-73.07405634421468,-13.472691054839682],[-73.07404910950387,-13.473594779201859],[-73.0731256941656,-13.473587696812203]]]}},{"type":"Feature","properties":{"Cell_ID":445,"Area_ha":1.0,"LC":"5:0.076685,9:0.424847,14:0.498468","XMIN":708484.86160847,"YMIN":8509573.59738907,"XMAX":708584.86160847,"YMAX":8509673.59738907},"geometry":{"type":"Polygon","coordinates":[[[-73.07311845546039,-13.474491420613338],[-73.0731256941656,-13.473587696812203],[-73.07404910950387,-13.473594779201859],[-73.07404187426245,-13.474498503495335],[-73.07311845546039,-13.474491420613338]]]}},{"type":"Feature","properties":{"Cell_ID":446,"Area_ha":1.0,"LC":"5:0.019164,9:0.301398,13:0.638875,14:0.040562","XMIN":708484.86160847,"YMIN":8509473.59738907,"XMAX":708584.86160847,"YMAX":8509573.59738907},"geometry":{"type":"Polygon","coordinates":[[[-73.07311121622428,-13.47539514434576],[-73.07311845546039,-13.474491420613338],[-73.07404187426245,-13.474498503495335],[-73.07403463849036,-13.475402227720103],[-73.07311121622428,-13.47539514434576]]]}},{"type":"Feature","properties":{"Cell_ID":447,"Area_ha":1.0,"LC":"5:0.119438,9:0.057373,13:0.823190","XMIN":708484.86160847,"YMIN":8509373.59738907,"XMAX":708584.86160847,"YMAX":8509473.59738907},"geometry":{"type":"Polygon","coordinates":[[[-73.07310397645726,-13.476298868009469],[-73.07311121622428,-13.47539514434576],[-73.07403463849036,-13.475402227720103],[-73.07402740218762,-13.476305951876162],[-73.07310397645726,-13.476298868009469]]]}},{"type":"Feature","properties":{"Cell_ID":448,"Area_ha":1.0,"LC":"5:0.181532,9:0.096677,13:0.721792","XMIN":708484.86160847,"YMIN":8509273.59738907,"XMAX":708584.86160847,"YMAX":8509373.59738907},"geometry":{"type":"Polygon","coordinates":[[[-73.07309673615933,-13.477202591604456],[-73.07310397645726,-13.476298868009469],[-73.07402740218762,-13.476305951876162],[-73.07402016535423,-13.477209675963502],[-73.07309673615933,-13.477202591604456]]]}},{"type":"Feature","properties":{"Cell_ID":449,"Area_ha":1.0,"LC":"5:0.523168,9:0.156537,13:0.320295","XMIN":708484.86160847,"YMIN":8509173.59738907,"XMAX":708584.86160847,"YMAX":8509273.59738907},"geometry":{"type":"Polygon","coordinates":[[[-73.07308949533046,-13.478106315130722],[-73.07309673615933,-13.477202591604456],[-73.07402016535423,-13.477209675963502],[-73.07401292799015,-13.478113399982123],[-73.07308949533046,-13.478106315130722]]]}},{"type":"Feature","properties":{"Cell_ID":450,"Area_ha":1.0,"LC":"5:0.101679,9:0.701502,13:0.196818","XMIN":708484.86160847,"YMIN":8509073.59738907,"XMAX":708584.86160847,"YMAX":8509173.59738907},"geometry":{"type":"Polygon","coordinates":[[[-73.07308225397067,-13.479010038588262],[-73.07308949533046,-13.478106315130722],[-73.07401292799015,-13.478113399982123],[-73.0740056900954,-13.479017123932023],[-73.07308225397067,-13.479010038588262]]]}},{"type":"Feature","properties":{"Cell_ID":451,"Area_ha":1.0,"LC":"9:0.225825,13:0.635975,14:0.138201","XMIN":708584.86160847,"YMIN":8510073.59738907,"XMAX":708684.86160847,"YMAX":8510173.59738907},"geometry":{"type":"Polygon","coordinates":[[[-73.07223124272278,-13.469965717111275],[-73.07223848223613,-13.469061993459215],[-73.07316187972852,-13.469069076776028],[-73.07315464367765,-13.469972800920651],[-73.07223124272278,-13.469965717111275]]]}},{"type":"Feature","properties":{"Cell_ID":452,"Area_ha":1.0,"LC":"9:0.817772,13:0.000281,14:0.181947","XMIN":708584.86160847,"YMIN":8509973.59738907,"XMAX":708684.86160847,"YMAX":8510073.59738907},"geometry":{"type":"Polygon","coordinates":[[[-73.07222400267833,-13.470869440694642],[-73.07223124272278,-13.469965717111275],[-73.07315464367765,-13.469972800920651],[-73.07314740709593,-13.470876524996584],[-73.07222400267833,-13.470869440694642]]]}},{"type":"Feature","properties":{"Cell_ID":453,"Area_ha":1.0,"LC":"6:0.138053,9:0.679467,13:0.182480","XMIN":708584.86160847,"YMIN":8509873.59738907,"XMAX":708684.86160847,"YMAX":8509973.59738907},"geometry":{"type":"Polygon","coordinates":[[[-73.07221676210276,-13.471773164209315],[-73.07222400267833,-13.470869440694642],[-73.07314740709593,-13.470876524996584],[-73.07314016998336,-13.471780249003823],[-73.07221676210276,-13.471773164209315]]]}},{"type":"Feature","properties":{"Cell_ID":454,"Area_ha":1.0,"LC":"5:0.182908,6:0.158905,9:0.081510,13:0.000429,14:0.576248","XMIN":708584.86160847,"YMIN":8509773.59738907,"XMAX":708684.86160847,"YMAX":8509873.59738907},"geometry":{"type":"Polygon","coordinates":[[[-73.07220952099604,-13.472676887655286],[-73.07221676210276,-13.471773164209315],[-73.07314016998336,-13.471780249003823],[-73.07313293233993,-13.472683972942365],[-73.07220952099604,-13.472676887655286]]]}},{"type":"Feature","properties":{"Cell_ID":455,"Area_ha":1.0,"LC":"6:0.000134,9:0.959023,14:0.040844","XMIN":708584.86160847,"YMIN":8509673.59738907,"XMAX":708684.86160847,"YMAX":8509773.59738907},"geometry":{"type":"Polygon","coordinates":[[[-73.07220227935822,-13.473580611032553],[-73.07220952099604,-13.472676887655286],[-73.07313293233993,-13.472683972942365],[-73.0731256941656,-13.473587696812203],[-73.07220227935822,-13.473580611032553]]]}},{"type":"Feature","properties":{"Cell_ID":456,"Area_ha":1.0,"LC":"9:0.979178,13:0.020822","XMIN":708584.86160847,"YMIN":8509573.59738907,"XMAX":708684.86160847,"YMAX":8509673.59738907},"geometry":{"type":"Polygon","coordinates":[[[-73.07219503718925,-13.474484334341112],[-73.07220227935822,-13.473580611032553],[-73.0731256941656,-13.473587696812203],[-73.07311845546039,-13.474491420613338],[-73.07219503718925,-13.474484334341112]]]}},{"type":"Feature","properties":{"Cell_ID":457,"Area_ha":1.0,"LC":"9:0.420822,13:0.579178","XMIN":708584.86160847,"YMIN":8509473.59738907,"XMAX":708684.86160847,"YMAX":8509573.59738907},"geometry":{"type":"Polygon","coordinates":[[[-73.07218779448912,-13.475388057580952],[-73.07219503718925,-13.474484334341112],[-73.07311845546039,-13.474491420613338],[-73.07311121622428,-13.47539514434576],[-73.07218779448912,-13.475388057580952]]]}},{"type":"Feature","properties":{"Cell_ID":458,"Area_ha":1.0,"LC":"5:0.338053,6:0.060541,9:0.001406,13:0.600000","XMIN":708584.86160847,"YMIN":8509373.59738907,"XMAX":708684.86160847,"YMAX":8509473.59738907},"geometry":{"type":"Polygon","coordinates":[[[-73.07218055125783,-13.476291780752076],[-73.07218779448912,-13.475388057580952],[-73.07311121622428,-13.47539514434576],[-73.07310397645726,-13.476298868009469],[-73.07218055125783,-13.476291780752076]]]}},{"type":"Feature","properties":{"Cell_ID":459,"Area_ha":1.0,"LC":"5:0.699017,6:0.183337,13:0.117646","XMIN":708584.86160847,"YMIN":8509273.59738907,"XMAX":708684.86160847,"YMAX":8509373.59738907},"geometry":{"type":"Polygon","coordinates":[[[-73.07217330749536,-13.477195503854476],[-73.07218055125783,-13.476291780752076],[-73.07310397645726,-13.476298868009469],[-73.07309673615933,-13.477202591604456],[-73.07217330749536,-13.477195503854476]]]}},{"type":"Feature","properties":{"Cell_ID":460,"Area_ha":1.0,"LC":"5:0.316698,9:0.300407,13:0.382895","XMIN":708584.86160847,"YMIN":8509173.59738907,"XMAX":708684.86160847,"YMAX":8509273.59738907},"geometry":{"type":"Polygon","coordinates":[[[-73.07216606320172,-13.47809922688815],[-73.07217330749536,-13.477195503854476],[-73.07309673615933,-13.477202591604456],[-73.07308949533046,-13.478106315130722],[-73.07216606320172,-13.47809922688815]]]}},{"type":"Feature","properties":{"Cell_ID":461,"Area_ha":1.0,"LC":"5:0.059446,9:0.879156,13:0.061398","XMIN":708584.86160847,"YMIN":8509073.59738907,"XMAX":708684.86160847,"YMAX":8509173.59738907},"geometry":{"type":"Polygon","coordinates":[[[-73.07215881837689,-13.479002949853093],[-73.07216606320172,-13.47809922688815],[-73.07308949533046,-13.478106315130722],[-73.07308225397067,-13.479010038588262],[-73.07215881837689,-13.479002949853093]]]}},{"type":"Feature","properties":{"Cell_ID":462,"Area_ha":1.0,"LC":"9:0.758061,13:0.222908,14:0.019031","XMIN":708684.86160847,"YMIN":8509973.59738907,"XMAX":708784.86160847,"YMAX":8510073.59738907},"geometry":{"type":"Polygon","coordinates":[[[-73.07130059879182,-13.470862353003428],[-73.071307842299,-13.469958629912856],[-73.07223124272278,-13.469965717111275],[-73.07222400267833,-13.470869440694642],[-73.07130059879182,-13.470862353003428]]]}},{"type":"Feature","properties":{"Cell_ID":463,"Area_ha":1.0,"LC":"9:0.504167,13:0.495833","XMIN":708684.86160847,"YMIN":8509873.59738907,"XMAX":708784.86160847,"YMAX":8509973.59738907},"geometry":{"type":"Polygon","coordinates":[[[-73.07129335475325,-13.4717660760253],[-73.07130059879182,-13.470862353003428],[-73.07222400267833,-13.470869440694642],[-73.07221676210276,-13.471773164209315],[-73.07129335475325,-13.4717660760253]]]}},{"type":"Feature","properties":{"Cell_ID":464,"Area_ha":1.0,"LC":"5:0.438061,9:0.440680,13:0.121259","XMIN":708684.86160847,"YMIN":8509773.59738907,"XMAX":708784.86160847,"YMAX":8509873.59738907},"geometry":{"type":"Polygon","coordinates":[[[-73.0712861101833,-13.472669798978462],[-73.07129335475325,-13.4717660760253],[-73.07221676210276,-13.471773164209315],[-73.07220952099604,-13.472676887655286],[-73.0712861101833,-13.472669798978462]]]}},{"type":"Feature","properties":{"Cell_ID":465,"Area_ha":1.0,"LC":"9:0.939459,14:0.060541","XMIN":708684.86160847,"YMIN":8509673.59738907,"XMAX":708784.86160847,"YMAX":8509773.59738907},"geometry":{"type":"Polygon","coordinates":[[[-73.07127886508196,-13.47357352186292],[-73.0712861101833,-13.472669798978462],[-73.07220952099604,-13.472676887655286],[-73.07220227935822,-13.473580611032553],[-73.07127886508196,-13.47357352186292]]]}},{"type":"Feature","properties":{"Cell_ID":466,"Area_ha":1.0,"LC":"5:0.020822,9:0.597100,13:0.177772,14:0.204307","XMIN":708684.86160847,"YMIN":8509573.59738907,"XMAX":708784.86160847,"YMAX":8509673.59738907},"geometry":{"type":"Polygon","coordinates":[[[-73.07127161944923,-13.474477244678662],[-73.07127886508196,-13.47357352186292],[-73.07220227935822,-13.473580611032553],[-73.07219503718925,-13.474484334341112],[-73.07127161944923,-13.474477244678662]]]}},{"type":"Feature","properties":{"Cell_ID":467,"Area_ha":1.0,"LC":"5:0.063056,9:0.477084,13:0.459861","XMIN":708684.86160847,"YMIN":8509473.59738907,"XMAX":708784.86160847,"YMAX":8509573.59738907},"geometry":{"type":"Polygon","coordinates":[[[-73.0712643732851,-13.475380967425686],[-73.07127161944923,-13.474477244678662],[-73.07219503718925,-13.474484334341112],[-73.07218779448912,-13.475388057580952],[-73.0712643732851,-13.475380967425686]]]}},{"type":"Feature","properties":{"Cell_ID":468,"Area_ha":1.0,"LC":"5:0.178749,6:0.098334,9:0.101947,13:0.620969","XMIN":708684.86160847,"YMIN":8509373.59738907,"XMAX":708784.86160847,"YMAX":8509473.59738907},"geometry":{"type":"Polygon","coordinates":[[[-73.07125712658956,-13.47628469010399],[-73.0712643732851,-13.475380967425686],[-73.07218779448912,-13.475388057580952],[-73.07218055125783,-13.476291780752076],[-73.07125712658956,-13.47628469010399]]]}},{"type":"Feature","properties":{"Cell_ID":469,"Area_ha":1.0,"LC":"5:0.781784,6:0.217788,13:0.000429","XMIN":708684.86160847,"YMIN":8509273.59738907,"XMAX":708784.86160847,"YMAX":8509373.59738907},"geometry":{"type":"Polygon","coordinates":[[[-73.07124987936257,-13.477188412713568],[-73.07125712658956,-13.47628469010399],[-73.07218055125783,-13.476291780752076],[-73.07217330749536,-13.477195503854476],[-73.07124987936257,-13.477188412713568]]]}},{"type":"Feature","properties":{"Cell_ID":470,"Area_ha":1.0,"LC":"5:0.022376,9:0.019031,13:0.958594","XMIN":708684.86160847,"YMIN":8509173.59738907,"XMAX":708784.86160847,"YMAX":8509273.59738907},"geometry":{"type":"Polygon","coordinates":[[[-73.07124263160416,-13.478092135254414],[-73.07124987936257,-13.477188412713568],[-73.07217330749536,-13.477195503854476],[-73.07216606320172,-13.47809922688815],[-73.07124263160416,-13.478092135254414]]]}},{"type":"Feature","properties":{"Cell_ID":471,"Area_ha":1.0,"LC":"9:0.556655,13:0.443345","XMIN":708684.86160847,"YMIN":8509073.59738907,"XMAX":708784.86160847,"YMAX":8509173.59738907},"geometry":{"type":"Polygon","coordinates":[[[-73.0712353833143,-13.478995857726526],[-73.07124263160416,-13.478092135254414],[-73.07216606320172,-13.47809922688815],[-73.07215881837689,-13.479002949853093],[-73.0712353833143,-13.478995857726526]]]}},{"type":"Feature","properties":{"Cell_ID":472,"Area_ha":1.0,"LC":"9:1.000000","XMIN":708784.86160847,"YMIN":8509873.59738907,"XMAX":708884.86160847,"YMAX":8509973.59738907},"geometry":{"type":"Polygon","coordinates":[[[-73.07036994793513,-13.471758984451773],[-73.07037719543668,-13.470855261922942],[-73.07130059879182,-13.470862353003428],[-73.07129335475325,-13.4717660760253],[-73.07036994793513,-13.471758984451773]]]}},{"type":"Feature","properties":{"Cell_ID":473,"Area_ha":1.0,"LC":"5:0.059031,9:0.859459,14:0.081510","XMIN":708784.86160847,"YMIN":8509773.59738907,"XMAX":708884.86160847,"YMAX":8509873.59738907},"geometry":{"type":"Polygon","coordinates":[[[-73.07036269990193,-13.472662706911896],[-73.07036994793513,-13.471758984451773],[-73.07129335475325,-13.4717660760253],[-73.0712861101833,-13.472669798978462],[-73.07036269990193,-13.472662706911896]]]}},{"type":"Feature","properties":{"Cell_ID":474,"Area_ha":1.0,"LC":"9:0.480977,14:0.519023","XMIN":708784.86160847,"YMIN":8509673.59738907,"XMAX":708884.86160847,"YMAX":8509773.59738907},"geometry":{"type":"Polygon","coordinates":[[[-73.07035545133712,-13.47356642930331],[-73.07036269990193,-13.472662706911896],[-73.0712861101833,-13.472669798978462],[-73.07127886508196,-13.47357352186292],[-73.07035545133712,-13.47356642930331]]]}},{"type":"Feature","properties":{"Cell_ID":475,"Area_ha":1.0,"LC":"5:0.138053,14:0.861947","XMIN":708784.86160847,"YMIN":8509573.59738907,"XMAX":708884.86160847,"YMAX":8509673.59738907},"geometry":{"type":"Polygon","coordinates":[[[-73.07034820224064,-13.474470151626],[-73.07035545133712,-13.47356642930331],[-73.07127886508196,-13.47357352186292],[-73.07127161944923,-13.474477244678662],[-73.07034820224064,-13.474470151626]]]}},{"type":"Feature","properties":{"Cell_ID":476,"Area_ha":1.0,"LC":"5:0.540008,9:0.299978,13:0.058616,14:0.101398","XMIN":708784.86160847,"YMIN":8509473.59738907,"XMAX":708884.86160847,"YMAX":8509573.59738907},"geometry":{"type":"Polygon","coordinates":[[[-73.07034095261251,-13.475373873879974],[-73.07034820224064,-13.474470151626],[-73.07127161944923,-13.474477244678662],[-73.0712643732851,-13.475380967425686],[-73.07034095261251,-13.475373873879974]]]}},{"type":"Feature","properties":{"Cell_ID":477,"Area_ha":1.0,"LC":"5:0.199438,9:0.522930,13:0.277632","XMIN":708784.86160847,"YMIN":8509373.59738907,"XMAX":708884.86160847,"YMAX":8509473.59738907},"geometry":{"type":"Polygon","coordinates":[[[-73.0703337024527,-13.476277596065223],[-73.07034095261251,-13.475373873879974],[-73.0712643732851,-13.475380967425686],[-73.07125712658956,-13.47628469010399],[-73.0703337024527,-13.476277596065223]]]}},{"type":"Feature","properties":{"Cell_ID":478,"Area_ha":1.0,"LC":"5:0.898187,13:0.101813","XMIN":708784.86160847,"YMIN":8509273.59738907,"XMAX":708884.86160847,"YMAX":8509373.59738907},"geometry":{"type":"Polygon","coordinates":[[[-73.07032645176122,-13.477181318181737],[-73.0703337024527,-13.476277596065223],[-73.07125712658956,-13.47628469010399],[-73.07124987936257,-13.477188412713568],[-73.07032645176122,-13.477181318181737]]]}},{"type":"Feature","properties":{"Cell_ID":479,"Area_ha":1.0,"LC":"5:0.542376,13:0.457624","XMIN":708784.86160847,"YMIN":8509173.59738907,"XMAX":708884.86160847,"YMAX":8509273.59738907},"geometry":{"type":"Polygon","coordinates":[[[-73.07031920053805,-13.478085040229523],[-73.07032645176122,-13.477181318181737],[-73.07124987936257,-13.477188412713568],[-73.07124263160416,-13.478092135254414],[-73.07031920053805,-13.478085040229523]]]}},{"type":"Feature","properties":{"Cell_ID":480,"Area_ha":1.0,"LC":"9:0.217624,13:0.782376","XMIN":708784.86160847,"YMIN":8509073.59738907,"XMAX":708884.86160847,"YMAX":8509173.59738907},"geometry":{"type":"Polygon","coordinates":[[[-73.07031194878319,-13.478988762208568],[-73.07031920053805,-13.478085040229523],[-73.07124263160416,-13.478092135254414],[-73.0712353833143,-13.478995857726526],[-73.07031194878319,-13.478988762208568]]]}},{"type":"Feature","properties":{"Cell_ID":481,"Area_ha":1.0,"LC":"9:0.937092,13:0.062908","XMIN":708884.86160847,"YMIN":8509873.59738907,"XMAX":708984.86160847,"YMAX":8509973.59738907},"geometry":{"type":"Polygon","coordinates":[[[-73.06944654164863,-13.47175188948875],[-73.06945379261316,-13.470848167453193],[-73.07037719543668,-13.470855261922942],[-73.07036994793513,-13.471758984451773],[-73.06944654164863,-13.47175188948875]]]}},{"type":"Feature","properties":{"Cell_ID":482,"Area_ha":1.0,"LC":"9:0.882354,14:0.117646","XMIN":708884.86160847,"YMIN":8509773.59738907,"XMAX":708984.86160847,"YMAX":8509873.59738907},"geometry":{"type":"Polygon","coordinates":[[[-73.06943929015223,-13.4726556114556],[-73.06944654164863,-13.47175188948875],[-73.07036994793513,-13.471758984451773],[-73.07036269990193,-13.472662706911896],[-73.06943929015223,-13.4726556114556]]]}},{"type":"Feature","properties":{"Cell_ID":483,"Area_ha":1.0,"LC":"9:0.861532,14:0.138468","XMIN":708884.86160847,"YMIN":8509673.59738907,"XMAX":708984.86160847,"YMAX":8509773.59738907},"geometry":{"type":"Polygon","coordinates":[[[-73.06943203812392,-13.473559333353728],[-73.06943929015223,-13.4726556114556],[-73.07036269990193,-13.472662706911896],[-73.07035545133712,-13.47356642930331],[-73.06943203812392,-13.473559333353728]]]}},{"type":"Feature","properties":{"Cell_ID":484,"Area_ha":1.0,"LC":"9:0.344566,14:0.655434","XMIN":708884.86160847,"YMIN":8509573.59738907,"XMAX":708984.86160847,"YMAX":8509673.59738907},"geometry":{"type":"Polygon","coordinates":[[[-73.06942478556371,-13.474463055183138],[-73.06943203812392,-13.473559333353728],[-73.07035545133712,-13.47356642930331],[-73.07034820224064,-13.474470151626],[-73.06942478556371,-13.474463055183138]]]}},{"type":"Feature","properties":{"Cell_ID":485,"Area_ha":1.0,"LC":"5:0.038061,9:0.862212,14:0.099727","XMIN":708884.86160847,"YMIN":8509473.59738907,"XMAX":708984.86160847,"YMAX":8509573.59738907},"geometry":{"type":"Polygon","coordinates":[[[-73.06941753247159,-13.475366776943822],[-73.06942478556371,-13.474463055183138],[-73.07034820224064,-13.474470151626],[-73.07034095261251,-13.475373873879974],[-73.06941753247159,-13.475366776943822]]]}},{"type":"Feature","properties":{"Cell_ID":486,"Area_ha":1.0,"LC":"5:0.203449,9:0.678905,13:0.117646","XMIN":708884.86160847,"YMIN":8509373.59738907,"XMAX":708984.86160847,"YMAX":8509473.59738907},"geometry":{"type":"Polygon","coordinates":[[[-73.06941027884754,-13.47627049863578],[-73.06941753247159,-13.475366776943822],[-73.07034095261251,-13.475373873879974],[-73.0703337024527,-13.476277596065223],[-73.06941027884754,-13.47627049863578]]]}},{"type":"Feature","properties":{"Cell_ID":487,"Area_ha":1.0,"LC":"5:0.458334,9:0.000562,13:0.541103","XMIN":708884.86160847,"YMIN":8509273.59738907,"XMAX":708984.86160847,"YMAX":8509373.59738907},"geometry":{"type":"Polygon","coordinates":[[[-73.06940302469157,-13.477174220259],[-73.06941027884754,-13.47627049863578],[-73.0703337024527,-13.476277596065223],[-73.07032645176122,-13.477181318181737],[-73.06940302469157,-13.477174220259]]]}},{"type":"Feature","properties":{"Cell_ID":488,"Area_ha":1.0,"LC":"5:0.401125,13:0.598875","XMIN":708884.86160847,"YMIN":8509173.59738907,"XMAX":708984.86160847,"YMAX":8509273.59738907},"geometry":{"type":"Polygon","coordinates":[[[-73.06939577000364,-13.478077941813487],[-73.06940302469157,-13.477174220259],[-73.07032645176122,-13.477181318181737],[-73.07031920053805,-13.478085040229523],[-73.06939577000364,-13.478077941813487]]]}},{"type":"Feature","properties":{"Cell_ID":489,"Area_ha":1.0,"LC":"9:0.421784,13:0.578216","XMIN":708884.86160847,"YMIN":8509073.59738907,"XMAX":708984.86160847,"YMAX":8509173.59738907},"geometry":{"type":"Polygon","coordinates":[[[-73.06938851478377,-13.478981663299232],[-73.06939577000364,-13.478077941813487],[-73.07031920053805,-13.478085040229523],[-73.07031194878319,-13.478988762208568],[-73.06938851478377,-13.478981663299232]]]}},{"type":"Feature","properties":{"Cell_ID":490,"Area_ha":1.0,"LC":"9:0.999719,13:0.000281","XMIN":708884.86160847,"YMIN":8508973.59738907,"XMAX":708984.86160847,"YMAX":8509073.59738907},"geometry":{"type":"Polygon","coordinates":[[[-73.06938125903193,-13.479885384716226],[-73.06938851478377,-13.478981663299232],[-73.07031194878319,-13.478988762208568],[-73.07030469649659,-13.479892484118873],[-73.06938125903193,-13.479885384716226]]]}},{"type":"Feature","properties":{"Cell_ID":491,"Area_ha":1.0,"LC":"9:0.258334,13:0.741666","XMIN":708984.86160847,"YMIN":8509873.59738907,"XMAX":709084.86160847,"YMAX":8509973.59738907},"geometry":{"type":"Polygon","coordinates":[[[-73.06852313589403,-13.471744791136246],[-73.06853039032153,-13.470841069594195],[-73.06945379261316,-13.470848167453193],[-73.06944654164863,-13.47175188948875],[-73.06852313589403,-13.471744791136246]]]}},{"type":"Feature","properties":{"Cell_ID":492,"Area_ha":1.0,"LC":"9:0.999853,13:0.000147","XMIN":708984.86160847,"YMIN":8509773.59738907,"XMAX":709084.86160847,"YMAX":8509873.59738907},"geometry":{"type":"Polygon","coordinates":[[[-73.0685158809344,-13.472648512609577],[-73.06852313589403,-13.471744791136246],[-73.06944654164863,-13.47175188948875],[-73.06943929015223,-13.4726556114556],[-73.0685158809344,-13.472648512609577]]]}},{"type":"Feature","properties":{"Cell_ID":493,"Area_ha":1.0,"LC":"9:0.457092,13:0.542908","XMIN":708984.86160847,"YMIN":8509673.59738907,"XMAX":709084.86160847,"YMAX":8509773.59738907},"geometry":{"type":"Polygon","coordinates":[[[-73.06850862544263,-13.473552234014193],[-73.0685158809344,-13.472648512609577],[-73.06943929015223,-13.4726556114556],[-73.06943203812392,-13.473559333353728],[-73.06850862544263,-13.473552234014193]]]}},{"type":"Feature","properties":{"Cell_ID":494,"Area_ha":1.0,"LC":"9:1.000000","XMIN":708984.86160847,"YMIN":8509573.59738907,"XMAX":709084.86160847,"YMAX":8509673.59738907},"geometry":{"type":"Polygon","coordinates":[[[-73.0685013694187,-13.474455955350082],[-73.06850862544263,-13.473552234014193],[-73.06943203812392,-13.473559333353728],[-73.06942478556371,-13.474463055183138],[-73.0685013694187,-13.474455955350082]]]}},{"type":"Feature","properties":{"Cell_ID":495,"Area_ha":1.0,"LC":"5:0.079438,9:0.920562","XMIN":708984.86160847,"YMIN":8509473.59738907,"XMAX":709084.86160847,"YMAX":8509573.59738907},"geometry":{"type":"Polygon","coordinates":[[[-73.0684941128626,-13.475359676617241],[-73.0685013694187,-13.474455955350082],[-73.06942478556371,-13.474463055183138],[-73.06941753247159,-13.475366776943822],[-73.0684941128626,-13.475359676617241]]]}},{"type":"Feature","properties":{"Cell_ID":496,"Area_ha":1.0,"LC":"5:0.457520,9:0.542480","XMIN":708984.86160847,"YMIN":8509373.59738907,"XMAX":709084.86160847,"YMAX":8509473.59738907},"geometry":{"type":"Polygon","coordinates":[[[-73.06848685577431,-13.476263397815673],[-73.0684941128626,-13.475359676617241],[-73.06941753247159,-13.475366776943822],[-73.06941027884754,-13.47627049863578],[-73.06848685577431,-13.476263397815673]]]}},{"type":"Feature","properties":{"Cell_ID":497,"Area_ha":1.0,"LC":"5:0.838728,9:0.043211,13:0.118061","XMIN":708984.86160847,"YMIN":8509273.59738907,"XMAX":709084.86160847,"YMAX":8509373.59738907},"geometry":{"type":"Polygon","coordinates":[[[-73.06847959815384,-13.477167118945363],[-73.06848685577431,-13.476263397815673],[-73.06941027884754,-13.47627049863578],[-73.06940302469157,-13.477174220259],[-73.06847959815384,-13.477167118945363]]]}},{"type":"Feature","properties":{"Cell_ID":498,"Area_ha":1.0,"LC":"5:0.743323,13:0.256677","XMIN":708984.86160847,"YMIN":8509173.59738907,"XMAX":709084.86160847,"YMAX":8509273.59738907},"geometry":{"type":"Polygon","coordinates":[[[-73.06847234000118,-13.478070840006312],[-73.06847959815384,-13.477167118945363],[-73.06940302469157,-13.477174220259],[-73.06939577000364,-13.478077941813487],[-73.06847234000118,-13.478070840006312]]]}},{"type":"Feature","properties":{"Cell_ID":499,"Area_ha":1.0,"LC":"5:0.000991,9:0.939563,13:0.059446","XMIN":708984.86160847,"YMIN":8509073.59738907,"XMAX":709084.86160847,"YMAX":8509173.59738907},"geometry":{"type":"Polygon","coordinates":[[[-73.06846508131629,-13.478974560998521],[-73.06847234000118,-13.478070840006312],[-73.06939577000364,-13.478077941813487],[-73.06938851478377,-13.478981663299232],[-73.06846508131629,-13.478974560998521]]]}},{"type":"Feature","properties":{"Cell_ID":500,"Area_ha":1.0,"LC":"9:0.899740,13:0.100260","XMIN":708984.86160847,"YMIN":8508973.59738907,"XMAX":709084.86160847,"YMAX":8509073.59738907},"geometry":{"type":"Polygon","coordinates":[[[-73.06845782209922,-13.479878281921975],[-73.06846508131629,-13.478974560998521],[-73.06938851478377,-13.478981663299232],[-73.06938125903193,-13.479885384716226],[-73.06845782209922,-13.479878281921975]]]}},{"type":"Feature","properties":{"Cell_ID":501,"Area_ha":1.0,"LC":"9:0.998594,13:0.000134,14:0.001272","XMIN":709084.86160847,"YMIN":8509773.59738907,"XMAX":709184.86160847,"YMAX":8509873.59738907},"geometry":{"type":"Polygon","coordinates":[[[-73.06759247224873,-13.472641410373845],[-73.06759973067157,-13.471737689394262],[-73.06852313589403,-13.471744791136246],[-73.0685158809344,-13.472648512609577],[-73.06759247224873,-13.472641410373845]]]}},{"type":"Feature","properties":{"Cell_ID":502,"Area_ha":1.0,"LC":"9:0.862908,13:0.137092","XMIN":709084.86160847,"YMIN":8509673.59738907,"XMAX":709184.86160847,"YMAX":8509773.59738907},"geometry":{"type":"Polygon","coordinates":[[[-73.0675852132935,-13.473545131284704],[-73.06759247224873,-13.472641410373845],[-73.0685158809344,-13.472648512609577],[-73.06850862544263,-13.473552234014193],[-73.0675852132935,-13.473545131284704]]]}},{"type":"Feature","properties":{"Cell_ID":503,"Area_ha":1.0,"LC":"9:1.000000","XMIN":709084.86160847,"YMIN":8509573.59738907,"XMAX":709184.86160847,"YMAX":8509673.59738907},"geometry":{"type":"Polygon","coordinates":[[[-73.06757795380584,-13.47444885212684],[-73.0675852132935,-13.473545131284704],[-73.06850862544263,-13.473552234014193],[-73.0685013694187,-13.474455955350082],[-73.06757795380584,-13.47444885212684]]]}},{"type":"Feature","properties":{"Cell_ID":504,"Area_ha":1.0,"LC":"9:1.000000","XMIN":709084.86160847,"YMIN":8509473.59738907,"XMAX":709184.86160847,"YMAX":8509573.59738907},"geometry":{"type":"Polygon","coordinates":[[[-73.06757069378577,-13.475352572900244],[-73.06757795380584,-13.47444885212684],[-73.0685013694187,-13.474455955350082],[-73.0684941128626,-13.475359676617241],[-73.06757069378577,-13.475352572900244]]]}},{"type":"Feature","properties":{"Cell_ID":505,"Area_ha":1.0,"LC":"5:0.019031,9:0.980969","XMIN":709084.86160847,"YMIN":8509373.59738907,"XMAX":709184.86160847,"YMAX":8509473.59738907},"geometry":{"type":"Polygon","coordinates":[[[-73.06756343323327,-13.476256293604909],[-73.06757069378577,-13.475352572900244],[-73.0684941128626,-13.475359676617241],[-73.06848685577431,-13.476263397815673],[-73.06756343323327,-13.476256293604909]]]}},{"type":"Feature","properties":{"Cell_ID":506,"Area_ha":1.0,"LC":"5:0.361095,9:0.638905","XMIN":709084.86160847,"YMIN":8509273.59738907,"XMAX":709184.86160847,"YMAX":8509373.59738907},"geometry":{"type":"Polygon","coordinates":[[[-73.06755617214831,-13.477160014240832],[-73.06756343323327,-13.476256293604909],[-73.06848685577431,-13.476263397815673],[-73.06847959815384,-13.477167118945363],[-73.06755617214831,-13.477160014240832]]]}},{"type":"Feature","properties":{"Cell_ID":507,"Area_ha":1.0,"LC":"5:0.816958,9:0.000562,13:0.182480","XMIN":709084.86160847,"YMIN":8509173.59738907,"XMAX":709184.86160847,"YMAX":8509273.59738907},"geometry":{"type":"Polygon","coordinates":[[[-73.06754891053092,-13.478063734808014],[-73.06755617214831,-13.477160014240832],[-73.06847959815384,-13.477167118945363],[-73.06847234000118,-13.478070840006312],[-73.06754891053092,-13.478063734808014]]]}},{"type":"Feature","properties":{"Cell_ID":508,"Area_ha":1.0,"LC":"5:0.000977,9:0.514863,13:0.484159","XMIN":709084.86160847,"YMIN":8509073.59738907,"XMAX":709184.86160847,"YMAX":8509173.59738907},"geometry":{"type":"Polygon","coordinates":[[[-73.06754164838107,-13.478967455306446],[-73.06754891053092,-13.478063734808014],[-73.06847234000118,-13.478070840006312],[-73.06846508131629,-13.478974560998521],[-73.06754164838107,-13.478967455306446]]]}},{"type":"Feature","properties":{"Cell_ID":509,"Area_ha":1.0,"LC":"9:0.517100,13:0.482900","XMIN":709084.86160847,"YMIN":8508973.59738907,"XMAX":709184.86160847,"YMAX":8509073.59738907},"geometry":{"type":"Polygon","coordinates":[[[-73.06753438569874,-13.479871175736125],[-73.06754164838107,-13.478967455306446],[-73.06846508131629,-13.478974560998521],[-73.06845782209922,-13.479878281921975],[-73.06753438569874,-13.479871175736125]]]}},{"type":"Feature","properties":{"Cell_ID":510,"Area_ha":1.0,"LC":"9:0.720814,13:0.279186","XMIN":709084.86160847,"YMIN":8508873.59738907,"XMAX":709184.86160847,"YMAX":8508973.59738907},"geometry":{"type":"Polygon","coordinates":[[[-73.06752712248392,-13.480774896097042],[-73.06753438569874,-13.479871175736125],[-73.06845782209922,-13.479878281921975],[-73.0684505623499,-13.480782002776674],[-73.06752712248392,-13.480774896097042]]]}},{"type":"Feature","properties":{"Cell_ID":511,"Area_ha":1.0,"LC":"9:0.998594,14:0.001406","XMIN":709184.86160847,"YMIN":8509773.59738907,"XMAX":709284.86160847,"YMAX":8509873.59738907},"geometry":{"type":"Polygon","coordinates":[[[-73.06666906409548,-13.472634304748405],[-73.0666763259815,-13.471730584262806],[-73.06759973067157,-13.471737689394262],[-73.06759247224873,-13.472641410373845],[-73.06666906409548,-13.472634304748405]]]}},{"type":"Feature","properties":{"Cell_ID":512,"Area_ha":1.0,"LC":"9:1.000000","XMIN":709184.86160847,"YMIN":8509673.59738907,"XMAX":709284.86160847,"YMAX":8509773.59738907},"geometry":{"type":"Polygon","coordinates":[[[-73.06666180167679,-13.47353802516528],[-73.06666906409548,-13.472634304748405],[-73.06759247224873,-13.472641410373845],[-73.0675852132935,-13.473545131284704],[-73.06666180167679,-13.47353802516528]]]}},{"type":"Feature","properties":{"Cell_ID":513,"Area_ha":1.0,"LC":"9:1.000000","XMIN":709184.86160847,"YMIN":8509573.59738907,"XMAX":709284.86160847,"YMAX":8509673.59738907},"geometry":{"type":"Polygon","coordinates":[[[-73.06665453872542,-13.474441745513422],[-73.06666180167679,-13.47353802516528],[-73.0675852132935,-13.473545131284704],[-73.06757795380584,-13.47444885212684],[-73.06665453872542,-13.474441745513422]]]}},{"type":"Feature","properties":{"Cell_ID":514,"Area_ha":1.0,"LC":"5:0.140260,9:0.859740","XMIN":709184.86160847,"YMIN":8509473.59738907,"XMAX":709284.86160847,"YMAX":8509573.59738907},"geometry":{"type":"Polygon","coordinates":[[[-73.06664727524138,-13.475345465792829],[-73.06665453872542,-13.474441745513422],[-73.06757795380584,-13.47444885212684],[-73.06757069378577,-13.475352572900244],[-73.06664727524138,-13.475345465792829]]]}},{"type":"Feature","properties":{"Cell_ID":515,"Area_ha":1.0,"LC":"5:0.624566,9:0.375434","XMIN":709184.86160847,"YMIN":8509373.59738907,"XMAX":709284.86160847,"YMAX":8509473.59738907},"geometry":{"type":"Polygon","coordinates":[[[-73.06664001122466,-13.476249186003498],[-73.06664727524138,-13.475345465792829],[-73.06757069378577,-13.475352572900244],[-73.06756343323327,-13.476256293604909],[-73.06664001122466,-13.476249186003498]]]}},{"type":"Feature","properties":{"Cell_ID":516,"Area_ha":1.0,"LC":"5:0.379607,9:0.000415,13:0.619978","XMIN":709184.86160847,"YMIN":8509273.59738907,"XMAX":709284.86160847,"YMAX":8509373.59738907},"geometry":{"type":"Polygon","coordinates":[[[-73.06663274667525,-13.477152906145418],[-73.06664001122466,-13.476249186003498],[-73.06756343323327,-13.476256293604909],[-73.06755617214831,-13.477160014240832],[-73.06663274667525,-13.477152906145418]]]}},{"type":"Feature","properties":{"Cell_ID":517,"Area_ha":1.0,"LC":"5:0.118476,13:0.881524","XMIN":709184.86160847,"YMIN":8509173.59738907,"XMAX":709284.86160847,"YMAX":8509273.59738907},"geometry":{"type":"Polygon","coordinates":[[[-73.06662548159312,-13.478056626218594],[-73.06663274667525,-13.477152906145418],[-73.06755617214831,-13.477160014240832],[-73.06754891053092,-13.478063734808014],[-73.06662548159312,-13.478056626218594]]]}},{"type":"Feature","properties":{"Cell_ID":518,"Area_ha":1.0,"LC":"9:0.159571,13:0.840429","XMIN":709184.86160847,"YMIN":8509073.59738907,"XMAX":709284.86160847,"YMAX":8509173.59738907},"geometry":{"type":"Polygon","coordinates":[[[-73.06661821597828,-13.47896034622302],[-73.06662548159312,-13.478056626218594],[-73.06754891053092,-13.478063734808014],[-73.06754164838107,-13.478967455306446],[-73.06661821597828,-13.47896034622302]]]}},{"type":"Feature","properties":{"Cell_ID":519,"Area_ha":1.0,"LC":"9:0.182627,13:0.817373","XMIN":709184.86160847,"YMIN":8508973.59738907,"XMAX":709284.86160847,"YMAX":8509073.59738907},"geometry":{"type":"Polygon","coordinates":[[[-73.06661094983073,-13.479864066158687],[-73.06661821597828,-13.47896034622302],[-73.06754164838107,-13.478967455306446],[-73.06753438569874,-13.479871175736125],[-73.06661094983073,-13.479864066158687]]]}},{"type":"Feature","properties":{"Cell_ID":520,"Area_ha":1.0,"LC":"9:0.999304,13:0.000696","XMIN":709184.86160847,"YMIN":8508873.59738907,"XMAX":709284.86160847,"YMAX":8508973.59738907},"geometry":{"type":"Polygon","coordinates":[[[-73.06660368315043,-13.480767786025588],[-73.06661094983073,-13.479864066158687],[-73.06753438569874,-13.479871175736125],[-73.06752712248392,-13.480774896097042],[-73.06660368315043,-13.480767786025588]]]}},{"type":"Feature","properties":{"Cell_ID":521,"Area_ha":1.0,"LC":"9:0.920562,14:0.079438","XMIN":709184.86160847,"YMIN":8508773.59738907,"XMAX":709284.86160847,"YMAX":8508873.59738907},"geometry":{"type":"Polygon","coordinates":[[[-73.06659641593741,-13.481671505823725],[-73.06660368315043,-13.480767786025588],[-73.06752712248392,-13.480774896097042],[-73.06751985873662,-13.481678616389203],[-73.06659641593741,-13.481671505823725]]]}},{"type":"Feature","properties":{"Cell_ID":522,"Area_ha":1.0,"LC":"9:0.636789,13:0.363211","XMIN":709284.86160847,"YMIN":8509673.59738907,"XMAX":709384.86160847,"YMAX":8509773.59738907},"geometry":{"type":"Polygon","coordinates":[[[-73.06573839059273,-13.473530915655921],[-73.06574565647486,-13.472627195733272],[-73.06666906409548,-13.472634304748405],[-73.06666180167679,-13.47353802516528],[-73.06573839059273,-13.473530915655921]]]}},{"type":"Feature","properties":{"Cell_ID":523,"Area_ha":1.0,"LC":"9:1.000000","XMIN":709284.86160847,"YMIN":8509573.59738907,"XMAX":709384.86160847,"YMAX":8509673.59738907},"geometry":{"type":"Polygon","coordinates":[[[-73.06573112417767,-13.474434635509837],[-73.06573839059273,-13.473530915655921],[-73.06666180167679,-13.47353802516528],[-73.06665453872542,-13.474441745513422],[-73.06573112417767,-13.474434635509837]]]}},{"type":"Feature","properties":{"Cell_ID":524,"Area_ha":1.0,"LC":"5:0.177772,9:0.801406,13:0.020822","XMIN":709284.86160847,"YMIN":8509473.59738907,"XMAX":709384.86160847,"YMAX":8509573.59738907},"geometry":{"type":"Polygon","coordinates":[[[-73.06572385722968,-13.475338355295015],[-73.06573112417767,-13.474434635509837],[-73.06665453872542,-13.474441745513422],[-73.06664727524138,-13.475345465792829],[-73.06572385722968,-13.475338355295015]]]}},{"type":"Feature","properties":{"Cell_ID":525,"Area_ha":1.0,"LC":"5:0.978883,13:0.021117","XMIN":709284.86160847,"YMIN":8509373.59738907,"XMAX":709384.86160847,"YMAX":8509473.59738907},"geometry":{"type":"Polygon","coordinates":[[[-73.06571658974876,-13.47624207501145],[-73.06572385722968,-13.475338355295015],[-73.06664727524138,-13.475345465792829],[-73.06664001122466,-13.476249186003498],[-73.06571658974876,-13.47624207501145]]]}},{"type":"Feature","properties":{"Cell_ID":526,"Area_ha":1.0,"LC":"5:0.941384,13:0.058616","XMIN":709284.86160847,"YMIN":8509273.59738907,"XMAX":709384.86160847,"YMAX":8509373.59738907},"geometry":{"type":"Polygon","coordinates":[[[-73.06570932173487,-13.477145794659135],[-73.06571658974876,-13.47624207501145],[-73.06664001122466,-13.476249186003498],[-73.06663274667525,-13.477152906145418],[-73.06570932173487,-13.477145794659135]]]}},{"type":"Feature","properties":{"Cell_ID":527,"Area_ha":1.0,"LC":"5:0.284869,9:0.100541,13:0.614590","XMIN":709284.86160847,"YMIN":8509173.59738907,"XMAX":709384.86160847,"YMAX":8509273.59738907},"geometry":{"type":"Polygon","coordinates":[[[-73.06570205318805,-13.478049514238066],[-73.06570932173487,-13.477145794659135],[-73.06663274667525,-13.477152906145418],[-73.06662548159312,-13.478056626218594],[-73.06570205318805,-13.478049514238066]]]}},{"type":"Feature","properties":{"Cell_ID":528,"Area_ha":1.0,"LC":"9:0.722900,13:0.277100","XMIN":709284.86160847,"YMIN":8509073.59738907,"XMAX":709384.86160847,"YMAX":8509173.59738907},"geometry":{"type":"Polygon","coordinates":[[[-73.06569478410825,-13.478953233748246],[-73.06570205318805,-13.478049514238066],[-73.06662548159312,-13.478056626218594],[-73.06661821597828,-13.47896034622302],[-73.06569478410825,-13.478953233748246]]]}},{"type":"Feature","properties":{"Cell_ID":529,"Area_ha":1.0,"LC":"9:0.841939,13:0.158061","XMIN":709284.86160847,"YMIN":8508973.59738907,"XMAX":709384.86160847,"YMAX":8509073.59738907},"geometry":{"type":"Polygon","coordinates":[[[-73.06568751449547,-13.479856953189666],[-73.06569478410825,-13.478953233748246],[-73.06661821597828,-13.47896034622302],[-73.06661094983073,-13.479864066158687],[-73.06568751449547,-13.479856953189666]]]}},{"type":"Feature","properties":{"Cell_ID":530,"Area_ha":1.0,"LC":"9:1.000000","XMIN":709284.86160847,"YMIN":8508873.59738907,"XMAX":709384.86160847,"YMAX":8508973.59738907},"geometry":{"type":"Polygon","coordinates":[[[-73.06568024434969,-13.480760672562313],[-73.06568751449547,-13.479856953189666],[-73.06661094983073,-13.479864066158687],[-73.06660368315043,-13.480767786025588],[-73.06568024434969,-13.480760672562313]]]}},{"type":"Feature","properties":{"Cell_ID":531,"Area_ha":1.0,"LC":"5:0.342199,9:0.657801","XMIN":709284.86160847,"YMIN":8508773.59738907,"XMAX":709384.86160847,"YMAX":8508873.59738907},"geometry":{"type":"Polygon","coordinates":[[[-73.06567297367093,-13.481664391866198],[-73.06568024434969,-13.480760672562313],[-73.06660368315043,-13.480767786025588],[-73.06659641593741,-13.481671505823725],[-73.06567297367093,-13.481664391866198]]]}},{"type":"Feature","properties":{"Cell_ID":532,"Area_ha":1.0,"LC":"5:0.100260,6:0.159438,9:0.740303","XMIN":709384.86160847,"YMIN":8509573.59738907,"XMAX":709484.86160847,"YMAX":8509673.59738907},"geometry":{"type":"Polygon","coordinates":[[[-73.06480771016285,-13.474427522116098],[-73.06481498004159,-13.473523802756644],[-73.06573839059273,-13.473530915655921],[-73.06573112417767,-13.474434635509837],[-73.06480771016285,-13.474427522116098]]]}},{"type":"Feature","properties":{"Cell_ID":533,"Area_ha":1.0,"LC":"5:0.164588,6:0.420822,9:0.355975,13:0.058616","XMIN":709384.86160847,"YMIN":8509473.59738907,"XMAX":709484.86160847,"YMAX":8509573.59738907},"geometry":{"type":"Polygon","coordinates":[[[-73.06480043975091,-13.475331241406806],[-73.06480771016285,-13.474427522116098],[-73.06573112417767,-13.474434635509837],[-73.06572385722968,-13.475338355295015],[-73.06480043975091,-13.475331241406806]]]}},{"type":"Feature","properties":{"Cell_ID":534,"Area_ha":1.0,"LC":"5:0.355707,6:0.103618,9:0.161229,13:0.379446","XMIN":709384.86160847,"YMIN":8509373.59738907,"XMAX":709484.86160847,"YMAX":8509473.59738907},"geometry":{"type":"Polygon","coordinates":[[[-73.06479316880579,-13.476234960628773],[-73.06480043975091,-13.475331241406806],[-73.06572385722968,-13.475338355295015],[-73.06571658974876,-13.47624207501145],[-73.06479316880579,-13.476234960628773]]]}},{"type":"Feature","properties":{"Cell_ID":535,"Area_ha":1.0,"LC":"5:0.814309,9:0.185691","XMIN":709384.86160847,"YMIN":8509273.59738907,"XMAX":709484.86160847,"YMAX":8509373.59738907},"geometry":{"type":"Polygon","coordinates":[[[-73.06478589732747,-13.477138679781984],[-73.06479316880579,-13.476234960628773],[-73.06571658974876,-13.47624207501145],[-73.06570932173487,-13.477145794659135],[-73.06478589732747,-13.477138679781984]]]}},{"type":"Feature","properties":{"Cell_ID":536,"Area_ha":1.0,"LC":"5:0.260289,9:0.559451,13:0.180260","XMIN":709384.86160847,"YMIN":8509173.59738907,"XMAX":709484.86160847,"YMAX":8509273.59738907},"geometry":{"type":"Polygon","coordinates":[[[-73.06477862531594,-13.478042398866439],[-73.06478589732747,-13.477138679781984],[-73.06570932173487,-13.477145794659135],[-73.06570205318805,-13.478049514238066],[-73.06477862531594,-13.478042398866439]]]}},{"type":"Feature","properties":{"Cell_ID":537,"Area_ha":1.0,"LC":"9:0.095715,13:0.904285","XMIN":709384.86160847,"YMIN":8509073.59738907,"XMAX":709484.86160847,"YMAX":8509173.59738907},"geometry":{"type":"Polygon","coordinates":[[[-73.06477135277117,-13.478946117882137],[-73.06477862531594,-13.478042398866439],[-73.06570205318805,-13.478049514238066],[-73.06569478410825,-13.478953233748246],[-73.06477135277117,-13.478946117882137]]]}},{"type":"Feature","properties":{"Cell_ID":538,"Area_ha":1.0,"LC":"5:0.563449,9:0.294309,13:0.142242","XMIN":709384.86160847,"YMIN":8508973.59738907,"XMAX":709484.86160847,"YMAX":8509073.59738907},"geometry":{"type":"Polygon","coordinates":[[[-73.06476407969318,-13.479849836829073],[-73.06477135277117,-13.478946117882137],[-73.06569478410825,-13.478953233748246],[-73.06568751449547,-13.479856953189666],[-73.06476407969318,-13.479849836829073]]]}},{"type":"Feature","properties":{"Cell_ID":539,"Area_ha":1.0,"LC":"5:0.000429,9:0.999571","XMIN":709384.86160847,"YMIN":8508873.59738907,"XMAX":709484.86160847,"YMAX":8508973.59738907},"geometry":{"type":"Polygon","coordinates":[[[-73.06475680608196,-13.480753555707237],[-73.06476407969318,-13.479849836829073],[-73.06568751449547,-13.479856953189666],[-73.06568024434969,-13.480760672562313],[-73.06475680608196,-13.480753555707237]]]}},{"type":"Feature","properties":{"Cell_ID":540,"Area_ha":1.0,"LC":"5:0.378069,6:0.560533,9:0.061398","XMIN":709484.86160847,"YMIN":8509473.59738907,"XMAX":709584.86160847,"YMAX":8509573.59738907},"geometry":{"type":"Polygon","coordinates":[[[-73.06387702280534,-13.475324124128216],[-73.06388429668121,-13.474420405332207],[-73.06480771016285,-13.474427522116098],[-73.06480043975091,-13.475331241406806],[-73.06387702280534,-13.475324124128216]]]}},{"type":"Feature","properties":{"Cell_ID":541,"Area_ha":1.0,"LC":"6:0.758623,9:0.241377","XMIN":709484.86160847,"YMIN":8509373.59738907,"XMAX":709584.86160847,"YMAX":8509473.59738907},"geometry":{"type":"Polygon","coordinates":[[[-73.06386974839604,-13.476227842855476],[-73.06387702280534,-13.475324124128216],[-73.06480043975091,-13.475331241406806],[-73.06479316880579,-13.476234960628773],[-73.06386974839604,-13.476227842855476]]]}},{"type":"Feature","properties":{"Cell_ID":542,"Area_ha":1.0,"LC":"5:0.062761,6:0.120844,9:0.816395","XMIN":709484.86160847,"YMIN":8509273.59738907,"XMAX":709584.86160847,"YMAX":8509373.59738907},"geometry":{"type":"Polygon","coordinates":[[[-73.06386247345327,-13.477131561513978],[-73.06386974839604,-13.476227842855476],[-73.06479316880579,-13.476234960628773],[-73.06478589732747,-13.477138679781984],[-73.06386247345327,-13.477131561513978]]]}},{"type":"Feature","properties":{"Cell_ID":543,"Area_ha":1.0,"LC":"5:0.800814,9:0.180289,13:0.018897","XMIN":709484.86160847,"YMIN":8509173.59738907,"XMAX":709584.86160847,"YMAX":8509273.59738907},"geometry":{"type":"Polygon","coordinates":[[[-73.06385519797705,-13.478035280103722],[-73.06386247345327,-13.477131561513978],[-73.06478589732747,-13.477138679781984],[-73.06477862531594,-13.478042398866439],[-73.06385519797705,-13.478035280103722]]]}},{"type":"Feature","properties":{"Cell_ID":544,"Area_ha":1.0,"LC":"5:0.585410,13:0.414590","XMIN":709484.86160847,"YMIN":8509073.59738907,"XMAX":709584.86160847,"YMAX":8509173.59738907},"geometry":{"type":"Polygon","coordinates":[[[-73.06384792196734,-13.478938998624704],[-73.06385519797705,-13.478035280103722],[-73.06477862531594,-13.478042398866439],[-73.06477135277117,-13.478946117882137],[-73.06384792196734,-13.478938998624704]]]}},{"type":"Feature","properties":{"Cell_ID":545,"Area_ha":1.0,"LC":"5:0.900273,13:0.099727","XMIN":709484.86160847,"YMIN":8508973.59738907,"XMAX":709584.86160847,"YMAX":8509073.59738907},"geometry":{"type":"Polygon","coordinates":[[[-73.06384064542414,-13.479842717076917],[-73.06384792196734,-13.478938998624704],[-73.06477135277117,-13.478946117882137],[-73.06476407969318,-13.479849836829073],[-73.06384064542414,-13.479842717076917]]]}},{"type":"Feature","properties":{"Cell_ID":546,"Area_ha":1.0,"LC":"5:0.176677,9:0.823323","XMIN":709584.86160847,"YMIN":8509273.59738907,"XMAX":709684.86160847,"YMAX":8509373.59738907},"geometry":{"type":"Polygon","coordinates":[[[-73.06293905011256,-13.477124439855123],[-73.06294632851976,-13.476220721691565],[-73.06386974839604,-13.476227842855476],[-73.06386247345327,-13.477131561513978],[-73.06293905011256,-13.477124439855123]]]}},{"type":"Feature","properties":{"Cell_ID":547,"Area_ha":1.0,"LC":"5:0.535153,9:0.464847","XMIN":709584.86160847,"YMIN":8509173.59738907,"XMAX":709684.86160847,"YMAX":8509273.59738907},"geometry":{"type":"Polygon","coordinates":[[[-73.06293177117163,-13.478028157949923],[-73.06293905011256,-13.477124439855123],[-73.06386247345327,-13.477131561513978],[-73.06385519797705,-13.478035280103722],[-73.06293177117163,-13.478028157949923]]]}},{"type":"Feature","properties":{"Cell_ID":548,"Area_ha":1.0,"LC":"5:0.494871,9:0.505129","XMIN":709584.86160847,"YMIN":8509073.59738907,"XMAX":709684.86160847,"YMAX":8509173.59738907},"geometry":{"type":"Polygon","coordinates":[[[-73.06292449169699,-13.47893187597595],[-73.06293177117163,-13.478028157949923],[-73.06385519797705,-13.478035280103722],[-73.06384792196734,-13.478938998624704],[-73.06292449169699,-13.47893187597595]]]}},{"type":"Feature","properties":{"Cell_ID":549,"Area_ha":1.0,"LC":"5:0.455434,9:0.544566","XMIN":709584.86160847,"YMIN":8508973.59738907,"XMAX":709684.86160847,"YMAX":8509073.59738907},"geometry":{"type":"Polygon","coordinates":[[[-73.0629172116886,-13.47983559393321],[-73.06292449169699,-13.47893187597595],[-73.06384792196734,-13.478938998624704],[-73.06384064542414,-13.479842717076917],[-73.0629172116886,-13.47983559393321]]]}},{"type":"Feature","properties":{"Cell_ID":550,"Area_ha":1.0,"LC":"5:0.340969,6:0.201939,9:0.457092","XMIN":709684.86160847,"YMIN":8509273.59738907,"XMAX":709784.86160847,"YMAX":8509373.59738907},"geometry":{"type":"Polygon","coordinates":[[[-73.06201562730554,-13.477117314805433],[-73.06202290917717,-13.476213597137058],[-73.06294632851976,-13.476220721691565],[-73.06293905011256,-13.477124439855123],[-73.06201562730554,-13.477117314805433]]]}},{"type":"Feature","properties":{"Cell_ID":551,"Area_ha":1.0,"LC":"9:1.000000","XMIN":709684.86160847,"YMIN":8509173.59738907,"XMAX":709784.86160847,"YMAX":8509273.59738907},"geometry":{"type":"Polygon","coordinates":[[[-73.06200834489997,-13.478021032405048],[-73.06201562730554,-13.477117314805433],[-73.06293905011256,-13.477124439855123],[-73.06293177117163,-13.478028157949923],[-73.06200834489997,-13.478021032405048]]]}},{"type":"Feature","properties":{"Cell_ID":552,"Area_ha":1.0,"LC":"9:0.979178,14:0.020822","XMIN":709684.86160847,"YMIN":8509073.59738907,"XMAX":709784.86160847,"YMAX":8509173.59738907},"geometry":{"type":"Polygon","coordinates":[[[-73.06200106196039,-13.47892474993589],[-73.06200834489997,-13.478021032405048],[-73.06293177117163,-13.478028157949923],[-73.06292449169699,-13.47893187597595],[-73.06200106196039,-13.47892474993589]]]}},{"type":"Feature","properties":{"Cell_ID":553,"Area_ha":1.0,"LC":"9:0.556537,14:0.443463","XMIN":709684.86160847,"YMIN":8508973.59738907,"XMAX":709784.86160847,"YMAX":8509073.59738907},"geometry":{"type":"Polygon","coordinates":[[[-73.06199377848681,-13.479828467397956],[-73.06200106196039,-13.47892474993589],[-73.06292449169699,-13.47893187597595],[-73.0629172116886,-13.47983559393321],[-73.06199377848681,-13.479828467397956]]]}},{"type":"Feature","properties":{"Cell_ID":554,"Area_ha":1.0,"LC":"5:0.040281,9:0.959719","XMIN":709784.86160847,"YMIN":8509173.59738907,"XMAX":709884.86160847,"YMAX":8509273.59738907},"geometry":{"type":"Polygon","coordinates":[[[-73.06108491916225,-13.478013903469108],[-73.06109220503251,-13.477110186364916],[-73.06201562730554,-13.477117314805433],[-73.06200834489997,-13.478021032405048],[-73.06108491916225,-13.478013903469108]]]}},{"type":"Feature","properties":{"Cell_ID":555,"Area_ha":1.0,"LC":"5:0.060541,9:0.838905,14:0.100554","XMIN":709784.86160847,"YMIN":8509073.59738907,"XMAX":709884.86160847,"YMAX":8509173.59738907},"geometry":{"type":"Polygon","coordinates":[[[-73.06107763275776,-13.47891762050453],[-73.06108491916225,-13.478013903469108],[-73.06200834489997,-13.478021032405048],[-73.06200106196039,-13.47892474993589],[-73.06107763275776,-13.47891762050453]]]}}]}