{"type":"FeatureCollection","features":[{"type":"Feature","properties":{"Cell_ID":1,"Area_ha":1.0,"LC":"9:0.781658,13:0.060281,16:0.158061","XMIN":706254.86160847,"YMIN":8506483.59738907,"XMAX":706354.86160847,"YMAX":8506583.59738907},"geometry":{"type":"Polygon","coordinates":[[[-73.09348927231349,-13.502573932839832],[-73.09349645000842,-13.501670200238147],[-73.09441998427401,-13.501677222081215],[-73.09441281005093,-13.5025809551701],[-73.09348927231349,-13.502573932839832]]]}},{"type":"Feature","properties":{"Cell_ID":2,"Area_ha":1.0,"LC":"7:0.636109,9:0.185762,17:0.168532","XMIN":706254.86160847,"YMIN":8506383.59738907,"XMAX":706354.86160847,"YMAX":8506483.59738907},"geometry":{"type":"Polygon","coordinates":[[[-73.09348209409306,-13.503477665372753],[-73.09348927231349,-13.502573932839832],[-73.09441281005093,-13.5025809551701],[-73.09440563530258,-13.503484688190218],[-73.09348209409306,-13.503477665372753]]]}},{"type":"Feature","properties":{"Cell_ID":3,"Area_ha":1.0,"LC":"9:0.216403,13:0.783597","XMIN":706354.86160847,"YMIN":8506783.59738907,"XMAX":706454.86160847,"YMAX":8506883.59738907},"geometry":{"type":"Polygon","coordinates":[[[-73.09258727702452,-13.499855710562807],[-73.09259445661398,-13.498951978242271],[-73.0935179799401,-13.498959002020543],[-73.0935108038217,-13.4998627348285],[-73.09258727702452,-13.499855710562807]]]}},{"type":"Feature","properties":{"Cell_ID":4,"Area_ha":1.0,"LC":"9:0.003386,13:0.996614","XMIN":706354.86160847,"YMIN":8506683.59738907,"XMAX":706454.86160847,"YMAX":8506783.59738907},"geometry":{"type":"Polygon","coordinates":[[[-73.0925800969093,-13.500759442814587],[-73.09258727702452,-13.499855710562807],[-73.0935108038217,-13.4998627348285],[-73.09350362717781,-13.5007664675677],[-73.0925800969093,-13.500759442814587]]]}},{"type":"Feature","properties":{"Cell_ID":5,"Area_ha":1.0,"LC":"9:0.102963,13:0.897037","XMIN":706354.86160847,"YMIN":8506583.59738907,"XMAX":706454.86160847,"YMAX":8506683.59738907},"geometry":{"type":"Polygon","coordinates":[[[-73.09257291626834,-13.501663174997597],[-73.0925800969093,-13.500759442814587],[-73.09350362717781,-13.5007664675677],[-73.09349645000842,-13.501670200238147],[-73.09257291626834,-13.501663174997597]]]}},{"type":"Feature","properties":{"Cell_ID":6,"Area_ha":1.0,"LC":"9:1.000000","XMIN":706354.86160847,"YMIN":8506483.59738907,"XMAX":706454.86160847,"YMAX":8506583.59738907},"geometry":{"type":"Polygon","coordinates":[[[-73.09256573510159,-13.502566907111856],[-73.09257291626834,-13.501663174997597],[-73.09349645000842,-13.501670200238147],[-73.09348927231349,-13.502573932839832],[-73.09256573510159,-13.502566907111856]]]}},{"type":"Feature","properties":{"Cell_ID":7,"Area_ha":1.0,"LC":"9:1.000000","XMIN":706354.86160847,"YMIN":8506383.59738907,"XMAX":706454.86160847,"YMAX":8506483.59738907},"geometry":{"type":"Polygon","coordinates":[[[-73.09255855340908,-13.503470639157339],[-73.09256573510159,-13.502566907111856],[-73.09348927231349,-13.502573932839832],[-73.09348209409306,-13.503477665372753],[-73.09255855340908,-13.503470639157339]]]}},{"type":"Feature","properties":{"Cell_ID":8,"Area_ha":1.0,"LC":"9:0.142376,13:0.033875,16:0.056329,17:0.537864","XMIN":706354.86160847,"YMIN":8506283.59738907,"XMAX":706454.86160847,"YMAX":8506383.59738907},"geometry":{"type":"Polygon","coordinates":[[[-73.09255137119077,-13.504374371134052],[-73.09255855340908,-13.503470639157339],[-73.09348209409306,-13.503477665372753],[-73.09347491534707,-13.504381397836905],[-73.09255137119077,-13.504374371134052]]]}},{"type":"Feature","properties":{"Cell_ID":9,"Area_ha":1.0,"LC":"5:0.059634,9:0.376332,13:0.564033","XMIN":706454.86160847,"YMIN":8506983.59738907,"XMAX":706554.86160847,"YMAX":8507083.59738907},"geometry":{"type":"Polygon","coordinates":[[[-73.0916781163481,-13.498041219165609],[-73.09168529835664,-13.49713748719523],[-73.09260881421567,-13.497144513394957],[-73.09260163567768,-13.498048245852992],[-73.0916781163481,-13.498041219165609]]]}},{"type":"Feature","properties":{"Cell_ID":10,"Area_ha":1.0,"LC":"5:0.704566,9:0.276193,13:0.019241","XMIN":706454.86160847,"YMIN":8506883.59738907,"XMAX":706554.86160847,"YMAX":8506983.59738907},"geometry":{"type":"Polygon","coordinates":[[[-73.09167093381359,-13.49894495106724],[-73.0916781163481,-13.498041219165609],[-73.09260163567768,-13.498048245852992],[-73.09259445661398,-13.498951978242271],[-73.09167093381359,-13.49894495106724]]]}},{"type":"Feature","properties":{"Cell_ID":11,"Area_ha":1.0,"LC":"5:0.804369,13:0.195631","XMIN":706454.86160847,"YMIN":8506783.59738907,"XMAX":706554.86160847,"YMAX":8506883.59738907},"geometry":{"type":"Polygon","coordinates":[[[-73.09166375075309,-13.499848682900115],[-73.09167093381359,-13.49894495106724],[-73.09259445661398,-13.498951978242271],[-73.09258727702452,-13.499855710562807],[-73.09166375075309,-13.499848682900115]]]}},{"type":"Feature","properties":{"Cell_ID":12,"Area_ha":1.0,"LC":"5:0.520562,9:0.136332,13:0.343105","XMIN":706454.86160847,"YMIN":8506683.59738907,"XMAX":706554.86160847,"YMAX":8506783.59738907},"geometry":{"type":"Polygon","coordinates":[[[-73.09165656716657,-13.500752414664234],[-73.09166375075309,-13.499848682900115],[-73.09258727702452,-13.499855710562807],[-73.0925800969093,-13.500759442814587],[-73.09165656716657,-13.500752414664234]]]}},{"type":"Feature","properties":{"Cell_ID":13,"Area_ha":1.0,"LC":"5:0.040562,9:0.334309,13:0.625129","XMIN":706454.86160847,"YMIN":8506583.59738907,"XMAX":706554.86160847,"YMAX":8506683.59738907},"geometry":{"type":"Polygon","coordinates":[[[-73.09164938305403,-13.501656146359585],[-73.09165656716657,-13.500752414664234],[-73.0925800969093,-13.500759442814587],[-73.09257291626834,-13.501663174997597],[-73.09164938305403,-13.501656146359585]]]}},{"type":"Feature","properties":{"Cell_ID":14,"Area_ha":1.0,"LC":"9:0.755715,13:0.244285","XMIN":706454.86160847,"YMIN":8506483.59738907,"XMAX":706554.86160847,"YMAX":8506583.59738907},"geometry":{"type":"Polygon","coordinates":[[[-73.09164219841547,-13.502559877986172],[-73.09164938305403,-13.501656146359585],[-73.09257291626834,-13.501663174997597],[-73.09256573510159,-13.502566907111856],[-73.09164219841547,-13.502559877986172]]]}},{"type":"Feature","properties":{"Cell_ID":15,"Area_ha":1.0,"LC":"9:0.856726,13:0.061335,16:0.081939","XMIN":706454.86160847,"YMIN":8506383.59738907,"XMAX":706554.86160847,"YMAX":8506483.59738907},"geometry":{"type":"Polygon","coordinates":[[[-73.0916350132509,-13.503463609543987],[-73.09164219841547,-13.502559877986172],[-73.09256573510159,-13.502566907111856],[-73.09255855340908,-13.503470639157339],[-73.0916350132509,-13.503463609543987]]]}},{"type":"Feature","properties":{"Cell_ID":16,"Area_ha":1.0,"LC":"9:0.584792,13:0.019241,17:0.395967","XMIN":706454.86160847,"YMIN":8506283.59738907,"XMAX":706554.86160847,"YMAX":8506383.59738907},"geometry":{"type":"Polygon","coordinates":[[[-73.09162782756025,-13.504367341033024],[-73.0916350132509,-13.503463609543987],[-73.09255855340908,-13.503470639157339],[-73.09255137119077,-13.504374371134052],[-73.09162782756025,-13.504367341033024]]]}},{"type":"Feature","properties":{"Cell_ID":17,"Area_ha":1.0,"LC":"7:0.039915,9:0.000492,13:0.563503,17:0.204033","XMIN":706454.86160847,"YMIN":8506183.59738907,"XMAX":706554.86160847,"YMAX":8506283.59738907},"geometry":{"type":"Polygon","coordinates":[[[-73.09162064134357,-13.505271072453283],[-73.09162782756025,-13.504367341033024],[-73.09255137119077,-13.504374371134052],[-73.09254418844667,-13.505278103041986],[-73.09162064134357,-13.505271072453283]]]}},{"type":"Feature","properties":{"Cell_ID":18,"Area_ha":1.0,"LC":"5:0.001461,9:0.998539","XMIN":706554.86160847,"YMIN":8507083.59738907,"XMAX":706654.86160847,"YMAX":8507183.59738907},"geometry":{"type":"Polygon","coordinates":[[[-73.09076178302357,-13.497130457599217],[-73.0907689679764,-13.496226726047972],[-73.09169247983918,-13.496233755156101],[-73.09168529835664,-13.49713748719523],[-73.09076178302357,-13.497130457599217]]]}},{"type":"Feature","properties":{"Cell_ID":19,"Area_ha":1.0,"LC":"5:0.038960,9:0.782783,13:0.178258","XMIN":706554.86160847,"YMIN":8506983.59738907,"XMAX":706654.86160847,"YMAX":8507083.59738907},"geometry":{"type":"Polygon","coordinates":[[[-73.0907545975445,-13.498034189081713],[-73.09076178302357,-13.497130457599217],[-73.09168529835664,-13.49713748719523],[-73.0916781163481,-13.498041219165609],[-73.0907545975445,-13.498034189081713]]]}},{"type":"Feature","properties":{"Cell_ID":20,"Area_ha":1.0,"LC":"5:0.775756,9:0.162501,13:0.061742","XMIN":706554.86160847,"YMIN":8506883.59738907,"XMAX":706654.86160847,"YMAX":8506983.59738907},"geometry":{"type":"Polygon","coordinates":[[[-73.09074741153921,-13.498937920495454],[-73.0907545975445,-13.498034189081713],[-73.0916781163481,-13.498041219165609],[-73.09167093381359,-13.49894495106724],[-73.09074741153921,-13.498937920495454]]]}},{"type":"Feature","properties":{"Cell_ID":21,"Area_ha":1.0,"LC":"5:0.658413,9:0.282908,13:0.058678","XMIN":706554.86160847,"YMIN":8506783.59738907,"XMAX":706654.86160847,"YMAX":8506883.59738907},"geometry":{"type":"Polygon","coordinates":[[[-73.09074022500765,-13.499841651840441],[-73.09074741153921,-13.498937920495454],[-73.09167093381359,-13.49894495106724],[-73.09166375075309,-13.499848682900115],[-73.09074022500765,-13.499841651840441]]]}},{"type":"Feature","properties":{"Cell_ID":22,"Area_ha":1.0,"LC":"5:0.202023,9:0.003386,13:0.794590","XMIN":706554.86160847,"YMIN":8506683.59738907,"XMAX":706654.86160847,"YMAX":8506783.59738907},"geometry":{"type":"Polygon","coordinates":[[[-73.09073303794983,-13.50074538311666],[-73.09074022500765,-13.499841651840441],[-73.09166375075309,-13.499848682900115],[-73.09165656716657,-13.500752414664234],[-73.09073303794983,-13.50074538311666]]]}},{"type":"Feature","properties":{"Cell_ID":23,"Area_ha":1.0,"LC":"9:0.261180,13:0.675715,16:0.063105","XMIN":706554.86160847,"YMIN":8506583.59738907,"XMAX":706654.86160847,"YMAX":8506683.59738907},"geometry":{"type":"Polygon","coordinates":[[[-73.09072585036574,-13.501649114324113],[-73.09073303794983,-13.50074538311666],[-73.09165656716657,-13.500752414664234],[-73.09164938305403,-13.501656146359585],[-73.09072585036574,-13.501649114324113]]]}},{"type":"Feature","properties":{"Cell_ID":24,"Area_ha":1.0,"LC":"9:0.142698,13:0.475715,16:0.381587","XMIN":706554.86160847,"YMIN":8506483.59738907,"XMAX":706654.86160847,"YMAX":8506583.59738907},"geometry":{"type":"Polygon","coordinates":[[[-73.09071866225538,-13.502552845462796],[-73.09072585036574,-13.501649114324113],[-73.09164938305403,-13.501656146359585],[-73.09164219841547,-13.502559877986172],[-73.09071866225538,-13.502552845462796]]]}},{"type":"Feature","properties":{"Cell_ID":25,"Area_ha":1.0,"LC":"9:0.237919,13:0.102698,16:0.659383","XMIN":706554.86160847,"YMIN":8506383.59738907,"XMAX":706654.86160847,"YMAX":8506483.59738907},"geometry":{"type":"Polygon","coordinates":[[[-73.09071147361874,-13.503456576532706],[-73.09071866225538,-13.502552845462796],[-73.09164219841547,-13.502559877986172],[-73.0916350132509,-13.503463609543987],[-73.09071147361874,-13.503456576532706]]]}},{"type":"Feature","properties":{"Cell_ID":26,"Area_ha":1.0,"LC":"9:0.857288,16:0.142712","XMIN":706554.86160847,"YMIN":8506283.59738907,"XMAX":706654.86160847,"YMAX":8506383.59738907},"geometry":{"type":"Polygon","coordinates":[[[-73.09070428445578,-13.504360307533835],[-73.09071147361874,-13.503456576532706],[-73.0916350132509,-13.503463609543987],[-73.09162782756025,-13.504367341033024],[-73.09070428445578,-13.504360307533835]]]}},{"type":"Feature","properties":{"Cell_ID":27,"Area_ha":1.0,"LC":"7:0.218116,9:0.304315,13:0.039031,16:0.000478,17:0.438061","XMIN":706554.86160847,"YMIN":8506183.59738907,"XMAX":706654.86160847,"YMAX":8506283.59738907},"geometry":{"type":"Polygon","coordinates":[[[-73.09069709476653,-13.505264038466176],[-73.09070428445578,-13.504360307533835],[-73.09162782756025,-13.504367341033024],[-73.09162064134357,-13.505271072453283],[-73.09069709476653,-13.505264038466176]]]}},{"type":"Feature","properties":{"Cell_ID":28,"Area_ha":1.0,"LC":"7:0.419945,13:0.038691,16:0.419162","XMIN":706554.86160847,"YMIN":8506083.59738907,"XMAX":706654.86160847,"YMAX":8506183.59738907},"geometry":{"type":"Polygon","coordinates":[[[-73.09068990455096,-13.506167769329737],[-73.09069709476653,-13.505264038466176],[-73.09162064134357,-13.505271072453283],[-73.09161345460082,-13.506174803804758],[-73.09068990455096,-13.506167769329737]]]}},{"type":"Feature","properties":{"Cell_ID":29,"Area_ha":1.0,"LC":"5:0.299467,9:0.700533","XMIN":706654.86160847,"YMIN":8507483.59738907,"XMAX":706754.86160847,"YMAX":8507583.59738907},"geometry":{"type":"Polygon","coordinates":[[[-73.08986701875034,-13.493508499941951],[-73.0898742050676,-13.492604768603854],[-73.0907977025256,-13.492611799155583],[-73.09079051967761,-13.493515530981782],[-73.08986701875034,-13.493508499941951]]]}},{"type":"Feature","properties":{"Cell_ID":30,"Area_ha":1.0,"LC":"9:0.563542,13:0.436458","XMIN":706654.86160847,"YMIN":8507383.59738907,"XMAX":706754.86160847,"YMAX":8507483.59738907},"geometry":{"type":"Polygon","coordinates":[[[-73.08985983190664,-13.494412231211312],[-73.08986701875034,-13.493508499941951],[-73.09079051967761,-13.493515530981782],[-73.09078333630342,-13.494419262739251],[-73.08985983190664,-13.494412231211312]]]}},{"type":"Feature","properties":{"Cell_ID":31,"Area_ha":1.0,"LC":"5:0.039438,9:0.225129,13:0.735434","XMIN":706654.86160847,"YMIN":8507283.59738907,"XMAX":706754.86160847,"YMAX":8507383.59738907},"geometry":{"type":"Polygon","coordinates":[[[-73.08985264453648,-13.495315962411935],[-73.08985983190664,-13.494412231211312],[-73.09078333630342,-13.494419262739251],[-73.09077615240302,-13.495322994427983],[-73.08985264453648,-13.495315962411935]]]}},{"type":"Feature","properties":{"Cell_ID":32,"Area_ha":1.0,"LC":"5:0.659156,9:0.240492,13:0.100352","XMIN":706654.86160847,"YMIN":8507183.59738907,"XMAX":706754.86160847,"YMAX":8507283.59738907},"geometry":{"type":"Polygon","coordinates":[[[-73.08984545663985,-13.496219693543809],[-73.08985264453648,-13.495315962411935],[-73.09077615240302,-13.495322994427983],[-73.0907689679764,-13.496226726047972],[-73.08984545663985,-13.496219693543809]]]}},{"type":"Feature","properties":{"Cell_ID":33,"Area_ha":1.0,"LC":"5:0.420437,9:0.579563","XMIN":706654.86160847,"YMIN":8507083.59738907,"XMAX":706754.86160847,"YMAX":8507183.59738907},"geometry":{"type":"Polygon","coordinates":[[[-73.08983826821674,-13.497123424606936],[-73.08984545663985,-13.496219693543809],[-73.0907689679764,-13.496226726047972],[-73.09076178302357,-13.497130457599217],[-73.08983826821674,-13.497123424606936]]]}},{"type":"Feature","properties":{"Cell_ID":34,"Area_ha":1.0,"LC":"9:0.882572,13:0.117428","XMIN":706654.86160847,"YMIN":8506983.59738907,"XMAX":706754.86160847,"YMAX":8507083.59738907},"geometry":{"type":"Polygon","coordinates":[[[-73.08983107926714,-13.498027155601312],[-73.08983826821674,-13.497123424606936],[-73.09076178302357,-13.497130457599217],[-73.0907545975445,-13.498034189081713],[-73.08983107926714,-13.498027155601312]]]}},{"type":"Feature","properties":{"Cell_ID":35,"Area_ha":1.0,"LC":"5:0.058271,9:0.582065,13:0.359664","XMIN":706654.86160847,"YMIN":8506883.59738907,"XMAX":706754.86160847,"YMAX":8506983.59738907},"geometry":{"type":"Polygon","coordinates":[[[-73.08982388979106,-13.498930886526928],[-73.08983107926714,-13.498027155601312],[-73.0907545975445,-13.498034189081713],[-73.09074741153921,-13.498937920495454],[-73.08982388979106,-13.498930886526928]]]}},{"type":"Feature","properties":{"Cell_ID":36,"Area_ha":1.0,"LC":"5:0.078061,9:0.559522,13:0.362417","XMIN":706654.86160847,"YMIN":8506783.59738907,"XMAX":706754.86160847,"YMAX":8506883.59738907},"geometry":{"type":"Polygon","coordinates":[[[-73.08981669978847,-13.499834617383787],[-73.08982388979106,-13.498930886526928],[-73.09074741153921,-13.498937920495454],[-73.09074022500765,-13.499841651840441],[-73.08981669978847,-13.499834617383787]]]}},{"type":"Feature","properties":{"Cell_ID":37,"Area_ha":1.0,"LC":"5:0.058820,9:0.940688,13:0.000492","XMIN":706654.86160847,"YMIN":8506683.59738907,"XMAX":706754.86160847,"YMAX":8506783.59738907},"geometry":{"type":"Polygon","coordinates":[[[-73.08980950925938,-13.500738348171874],[-73.08981669978847,-13.499834617383787],[-73.09074022500765,-13.499841651840441],[-73.09073303794983,-13.50074538311666],[-73.08980950925938,-13.500738348171874]]]}},{"type":"Feature","properties":{"Cell_ID":38,"Area_ha":1.0,"LC":"9:0.723471,13:0.000478,16:0.276051","XMIN":706654.86160847,"YMIN":8506583.59738907,"XMAX":706754.86160847,"YMAX":8506683.59738907},"geometry":{"type":"Polygon","coordinates":[[[-73.08980231820375,-13.501642078891193],[-73.08980950925938,-13.500738348171874],[-73.09073303794983,-13.50074538311666],[-73.09072585036574,-13.501649114324113],[-73.08980231820375,-13.501642078891193]]]}},{"type":"Feature","properties":{"Cell_ID":39,"Area_ha":1.0,"LC":"9:0.797021,13:0.004847,16:0.198132","XMIN":706654.86160847,"YMIN":8506483.59738907,"XMAX":706754.86160847,"YMAX":8506583.59738907},"geometry":{"type":"Polygon","coordinates":[[[-73.08979512662158,-13.502545809541736],[-73.08980231820375,-13.501642078891193],[-73.09072585036574,-13.501649114324113],[-73.09071866225538,-13.502552845462796],[-73.08979512662158,-13.502545809541736]]]}},{"type":"Feature","properties":{"Cell_ID":40,"Area_ha":1.0,"LC":"9:0.342853,13:0.617709,16:0.039438","XMIN":706654.86160847,"YMIN":8506383.59738907,"XMAX":706754.86160847,"YMAX":8506483.59738907},"geometry":{"type":"Polygon","coordinates":[[[-73.08978793451288,-13.503449540123505],[-73.08979512662158,-13.502545809541736],[-73.09071866225538,-13.502552845462796],[-73.09071147361874,-13.503456576532706],[-73.08978793451288,-13.503449540123505]]]}},{"type":"Feature","properties":{"Cell_ID":41,"Area_ha":1.0,"LC":"9:0.196458,13:0.060844,16:0.742698","XMIN":706654.86160847,"YMIN":8506283.59738907,"XMAX":706754.86160847,"YMAX":8506383.59738907},"geometry":{"type":"Polygon","coordinates":[[[-73.08978074187763,-13.504353270636487],[-73.08978793451288,-13.503449540123505],[-73.09071147361874,-13.503456576532706],[-73.09070428445578,-13.504360307533835],[-73.08978074187763,-13.504353270636487]]]}},{"type":"Feature","properties":{"Cell_ID":42,"Area_ha":1.0,"LC":"9:0.720549,16:0.160983,17:0.118468","XMIN":706654.86160847,"YMIN":8506183.59738907,"XMAX":706754.86160847,"YMAX":8506283.59738907},"geometry":{"type":"Polygon","coordinates":[[[-73.08977354871581,-13.505257001080682],[-73.08978074187763,-13.504353270636487],[-73.09070428445578,-13.504360307533835],[-73.09069709476653,-13.505264038466176],[-73.08977354871581,-13.505257001080682]]]}},{"type":"Feature","properties":{"Cell_ID":43,"Area_ha":1.0,"LC":"9:0.041054,16:0.675475,17:0.283471","XMIN":706654.86160847,"YMIN":8506083.59738907,"XMAX":706754.86160847,"YMAX":8506183.59738907},"geometry":{"type":"Polygon","coordinates":[[[-73.08976635502742,-13.506160731456088],[-73.08977354871581,-13.505257001080682],[-73.09069709476653,-13.505264038466176],[-73.09068990455096,-13.506167769329737],[-73.08976635502742,-13.506160731456088]]]}},{"type":"Feature","properties":{"Cell_ID":44,"Area_ha":1.0,"LC":"9:0.261087,16:0.663823","XMIN":706654.86160847,"YMIN":8505983.59738907,"XMAX":706754.86160847,"YMAX":8506083.59738907},"geometry":{"type":"Polygon","coordinates":[[[-73.08975916081245,-13.50706446176269],[-73.08976635502742,-13.506160731456088],[-73.09068990455096,-13.506167769329737],[-73.09068271380906,-13.507071500124496],[-73.08975916081245,-13.50706446176269]]]}},{"type":"Feature","properties":{"Cell_ID":45,"Area_ha":1.0,"LC":"3:0.019719,5:0.060281,6:0.277906,14:0.642094","XMIN":706754.86160847,"YMIN":8508883.59738907,"XMAX":706854.86160847,"YMAX":8508983.59738907},"geometry":{"type":"Polygon","coordinates":[[[-73.089044127435,-13.480849227356869],[-73.08905130984867,-13.479945495545213],[-73.08997475823745,-13.47995252265565],[-73.08996757928948,-13.480856254955594],[-73.089044127435,-13.480849227356869]]]}},{"type":"Feature","properties":{"Cell_ID":46,"Area_ha":1.0,"LC":"3:0.457373,6:0.259803,14:0.282824","XMIN":706754.86160847,"YMIN":8508783.59738907,"XMAX":706854.86160847,"YMAX":8508883.59738907},"geometry":{"type":"Polygon","coordinates":[[[-73.08903694449475,-13.481752959099843],[-73.089044127435,-13.480849227356869],[-73.08996757928948,-13.480856254955594],[-73.08996039981518,-13.481759987186862],[-73.08903694449475,-13.481752959099843]]]}},{"type":"Feature","properties":{"Cell_ID":47,"Area_ha":1.0,"LC":"3:0.203878,6:0.317007,14:0.479115","XMIN":706754.86160847,"YMIN":8508683.59738907,"XMAX":706854.86160847,"YMAX":8508783.59738907},"geometry":{"type":"Polygon","coordinates":[[[-73.08902976102794,-13.482656690774137],[-73.08903694449475,-13.481752959099843],[-73.08996039981518,-13.481759987186862],[-73.08995321981456,-13.482663719349453],[-73.08902976102794,-13.482656690774137]]]}},{"type":"Feature","properties":{"Cell_ID":48,"Area_ha":1.0,"LC":"6:0.221406,9:0.339563,14:0.439031","XMIN":706754.86160847,"YMIN":8508583.59738907,"XMAX":706854.86160847,"YMAX":8508683.59738907},"geometry":{"type":"Polygon","coordinates":[[[-73.08902257703453,-13.483560422379744],[-73.08902976102794,-13.482656690774137],[-73.08995321981456,-13.482663719349453],[-73.08994603928761,-13.48356745144336],[-73.08902257703453,-13.483560422379744]]]}},{"type":"Feature","properties":{"Cell_ID":49,"Area_ha":1.0,"LC":"5:0.263105,9:0.736895","XMIN":706754.86160847,"YMIN":8507883.59738907,"XMAX":706854.86160847,"YMAX":8507983.59738907},"geometry":{"type":"Polygon","coordinates":[[[-73.08897227433542,-13.489886541695373],[-73.08897946201522,-13.488982810570702],[-73.08990294507234,-13.488989842564193],[-73.08989576086077,-13.489893574177191],[-73.08897227433542,-13.489886541695373]]]}},{"type":"Feature","properties":{"Cell_ID":50,"Area_ha":1.0,"LC":"5:0.740617,9:0.259383","XMIN":706754.86160847,"YMIN":8507783.59738907,"XMAX":706854.86160847,"YMAX":8507883.59738907},"geometry":{"type":"Polygon","coordinates":[[[-73.08896508612898,-13.490790272751324],[-73.08897227433542,-13.489886541695373],[-73.08989576086077,-13.489893574177191],[-73.08988857612282,-13.49079730572147],[-73.08896508612898,-13.490790272751324]]]}},{"type":"Feature","properties":{"Cell_ID":51,"Area_ha":1.0,"LC":"5:1.000000","XMIN":706754.86160847,"YMIN":8507683.59738907,"XMAX":706854.86160847,"YMAX":8507783.59738907},"geometry":{"type":"Polygon","coordinates":[[[-73.08895789739584,-13.491694003738548],[-73.08896508612898,-13.490790272751324],[-73.08988857612282,-13.49079730572147],[-73.08988139085841,-13.491701037197023],[-73.08895789739584,-13.491694003738548]]]}},{"type":"Feature","properties":{"Cell_ID":52,"Area_ha":1.0,"LC":"5:1.000000","XMIN":706754.86160847,"YMIN":8507583.59738907,"XMAX":706854.86160847,"YMAX":8507683.59738907},"geometry":{"type":"Polygon","coordinates":[[[-73.08895070813603,-13.492597734657041],[-73.08895789739584,-13.491694003738548],[-73.08988139085841,-13.491701037197023],[-73.0898742050676,-13.492604768603854],[-73.08895070813603,-13.492597734657041]]]}},{"type":"Feature","properties":{"Cell_ID":53,"Area_ha":1.0,"LC":"5:0.103345,9:0.357499,13:0.539156","XMIN":706754.86160847,"YMIN":8507483.59738907,"XMAX":706854.86160847,"YMAX":8507583.59738907},"geometry":{"type":"Polygon","coordinates":[[[-73.08894351834952,-13.493501465506798],[-73.08895070813603,-13.492597734657041],[-73.0898742050676,-13.492604768603854],[-73.08986701875034,-13.493508499941951],[-73.08894351834952,-13.493501465506798]]]}},{"type":"Feature","properties":{"Cell_ID":54,"Area_ha":1.0,"LC":"9:0.918960,13:0.081040","XMIN":706754.86160847,"YMIN":8507383.59738907,"XMAX":706854.86160847,"YMAX":8507483.59738907},"geometry":{"type":"Polygon","coordinates":[[[-73.08893632803633,-13.494405196287817],[-73.08894351834952,-13.493501465506798],[-73.08986701875034,-13.493508499941951],[-73.08985983190664,-13.494412231211312],[-73.08893632803633,-13.494405196287817]]]}},{"type":"Feature","properties":{"Cell_ID":55,"Area_ha":1.0,"LC":"9:0.576319,13:0.423681","XMIN":706754.86160847,"YMIN":8507283.59738907,"XMAX":706854.86160847,"YMAX":8507383.59738907},"geometry":{"type":"Polygon","coordinates":[[[-73.0889291371964,-13.495308927000092],[-73.08893632803633,-13.494405196287817],[-73.08985983190664,-13.494412231211312],[-73.08985264453648,-13.495315962411935],[-73.0889291371964,-13.495308927000092]]]}},{"type":"Feature","properties":{"Cell_ID":56,"Area_ha":1.0,"LC":"5:0.058271,9:0.757654,13:0.184075","XMIN":706754.86160847,"YMIN":8507183.59738907,"XMAX":706854.86160847,"YMAX":8507283.59738907},"geometry":{"type":"Polygon","coordinates":[[[-73.08892194582977,-13.49621265764362],[-73.0889291371964,-13.495308927000092],[-73.08985264453648,-13.495315962411935],[-73.08984545663985,-13.496219693543809],[-73.08892194582977,-13.49621265764362]]]}},{"type":"Feature","properties":{"Cell_ID":57,"Area_ha":1.0,"LC":"5:0.019790,9:0.515082,13:0.465129","XMIN":706754.86160847,"YMIN":8507083.59738907,"XMAX":706854.86160847,"YMAX":8507183.59738907},"geometry":{"type":"Polygon","coordinates":[[[-73.08891475393641,-13.497116388218394],[-73.08892194582977,-13.49621265764362],[-73.08984545663985,-13.496219693543809],[-73.08983826821674,-13.497123424606936],[-73.08891475393641,-13.497116388218394]]]}},{"type":"Feature","properties":{"Cell_ID":58,"Area_ha":1.0,"LC":"9:0.999508,13:0.000492","XMIN":706754.86160847,"YMIN":8506983.59738907,"XMAX":706854.86160847,"YMAX":8507083.59738907},"geometry":{"type":"Polygon","coordinates":[[[-73.0889075615163,-13.498020118724414],[-73.08891475393641,-13.497116388218394],[-73.08983826821674,-13.497123424606936],[-73.08983107926714,-13.498027155601312],[-73.0889075615163,-13.498020118724414]]]}},{"type":"Feature","properties":{"Cell_ID":59,"Area_ha":1.0,"LC":"3:0.122417,9:0.877583","XMIN":706754.86160847,"YMIN":8506883.59738907,"XMAX":706854.86160847,"YMAX":8506983.59738907},"geometry":{"type":"Polygon","coordinates":[[[-73.08890036856944,-13.498923849161669],[-73.0889075615163,-13.498020118724414],[-73.08983107926714,-13.498027155601312],[-73.08982388979106,-13.498930886526928],[-73.08890036856944,-13.498923849161669]]]}},{"type":"Feature","properties":{"Cell_ID":60,"Area_ha":1.0,"LC":"3:0.041461,9:0.682081,13:0.276458","XMIN":706754.86160847,"YMIN":8506783.59738907,"XMAX":706854.86160847,"YMAX":8506883.59738907},"geometry":{"type":"Polygon","coordinates":[[[-73.08889317509582,-13.499827579530159],[-73.08890036856944,-13.498923849161669],[-73.08982388979106,-13.498930886526928],[-73.08981669978847,-13.499834617383787],[-73.08889317509582,-13.499827579530159]]]}},{"type":"Feature","properties":{"Cell_ID":61,"Area_ha":1.0,"LC":"9:0.657231,13:0.342769","XMIN":706754.86160847,"YMIN":8506683.59738907,"XMAX":706854.86160847,"YMAX":8506783.59738907},"geometry":{"type":"Polygon","coordinates":[[[-73.08888598109543,-13.500731309829884],[-73.08889317509582,-13.499827579530159],[-73.08981669978847,-13.499834617383787],[-73.08980950925938,-13.500738348171874],[-73.08888598109543,-13.500731309829884]]]}},{"type":"Feature","properties":{"Cell_ID":62,"Area_ha":1.0,"LC":"9:0.476755,13:0.523245","XMIN":706754.86160847,"YMIN":8506583.59738907,"XMAX":706854.86160847,"YMAX":8506683.59738907},"geometry":{"type":"Polygon","coordinates":[[[-73.08887878656827,-13.50163504006083],[-73.08888598109543,-13.500731309829884],[-73.08980950925938,-13.500738348171874],[-73.08980231820375,-13.501642078891193],[-73.08887878656827,-13.50163504006083]]]}},{"type":"Feature","properties":{"Cell_ID":63,"Area_ha":1.0,"LC":"13:0.837583,16:0.162417","XMIN":706754.86160847,"YMIN":8506483.59738907,"XMAX":706854.86160847,"YMAX":8506583.59738907},"geometry":{"type":"Polygon","coordinates":[[[-73.08887159151433,-13.502538770223003],[-73.08887878656827,-13.50163504006083],[-73.08980231820375,-13.501642078891193],[-73.08979512662158,-13.502545809541736],[-73.08887159151433,-13.502538770223003]]]}},{"type":"Feature","properties":{"Cell_ID":64,"Area_ha":1.0,"LC":"7:0.122908,9:0.157007,13:0.459945,16:0.260139","XMIN":706754.86160847,"YMIN":8506383.59738907,"XMAX":706854.86160847,"YMAX":8506483.59738907},"geometry":{"type":"Polygon","coordinates":[[[-73.08886439593358,-13.503442500316389],[-73.08887159151433,-13.502538770223003],[-73.08979512662158,-13.502545809541736],[-73.08978793451288,-13.503449540123505],[-73.08886439593358,-13.503442500316389]]]}},{"type":"Feature","properties":{"Cell_ID":65,"Area_ha":1.0,"LC":"5:0.219156,7:0.000478,9:0.504651,16:0.275715","XMIN":706754.86160847,"YMIN":8506283.59738907,"XMAX":706854.86160847,"YMAX":8506383.59738907},"geometry":{"type":"Polygon","coordinates":[[[-73.08885719982602,-13.504346230340994],[-73.08886439593358,-13.503442500316389],[-73.08978793451288,-13.503449540123505],[-73.08978074187763,-13.504353270636487],[-73.08885719982602,-13.504346230340994]]]}},{"type":"Feature","properties":{"Cell_ID":66,"Area_ha":1.0,"LC":"5:0.360562,7:0.244285,9:0.296332,16:0.098820","XMIN":706754.86160847,"YMIN":8506183.59738907,"XMAX":706854.86160847,"YMAX":8506283.59738907},"geometry":{"type":"Polygon","coordinates":[[[-73.08885000319167,-13.5052499602968],[-73.08885719982602,-13.504346230340994],[-73.08978074187763,-13.504353270636487],[-73.08977354871581,-13.505257001080682],[-73.08885000319167,-13.5052499602968]]]}},{"type":"Feature","properties":{"Cell_ID":67,"Area_ha":1.0,"LC":"5:0.020281,7:0.042993,9:0.040071,16:0.177624,17:0.719031","XMIN":706754.86160847,"YMIN":8506083.59738907,"XMAX":706854.86160847,"YMAX":8506183.59738907},"geometry":{"type":"Polygon","coordinates":[[[-73.08884280603047,-13.506153690183817],[-73.08885000319167,-13.5052499602968],[-73.08977354871581,-13.505257001080682],[-73.08976635502742,-13.506160731456088],[-73.08884280603047,-13.506153690183817]]]}},{"type":"Feature","properties":{"Cell_ID":68,"Area_ha":1.0,"LC":"5:0.001939,16:0.998061","XMIN":706754.86160847,"YMIN":8505983.59738907,"XMAX":706854.86160847,"YMAX":8506083.59738907},"geometry":{"type":"Polygon","coordinates":[[[-73.08883560834245,-13.50705742000203],[-73.08884280603047,-13.506153690183817],[-73.08976635502742,-13.506160731456088],[-73.08975916081245,-13.50706446176269],[-73.08883560834245,-13.50705742000203]]]}},{"type":"Feature","properties":{"Cell_ID":69,"Area_ha":1.0,"LC":"5:0.569338,16:0.302376","XMIN":706754.86160847,"YMIN":8505883.59738907,"XMAX":706854.86160847,"YMAX":8505983.59738907},"geometry":{"type":"Polygon","coordinates":[[[-73.08882841012758,-13.507961149751443],[-73.08883560834245,-13.50705742000203],[-73.08975916081245,-13.50706446176269],[-73.0897519660709,-13.507968192000497],[-73.08882841012758,-13.507961149751443]]]}},{"type":"Feature","properties":{"Cell_ID":70,"Area_ha":1.0,"LC":"5:0.202908,13:0.797092","XMIN":706854.86160847,"YMIN":8509183.59738907,"XMAX":706954.86160847,"YMAX":8509283.59738907},"geometry":{"type":"Polygon","coordinates":[[[-73.0881422321647,-13.478131002190706],[-73.08814941646362,-13.477227270661555],[-73.08907285393033,-13.47723429969821],[-73.08906567309633,-13.478138031715877],[-73.0881422321647,-13.478131002190706]]]}},{"type":"Feature","properties":{"Cell_ID":71,"Area_ha":1.0,"LC":"5:0.219156,9:0.438061,14:0.342783","XMIN":706854.86160847,"YMIN":8508983.59738907,"XMAX":706954.86160847,"YMAX":8509083.59738907},"geometry":{"type":"Polygon","coordinates":[[[-73.08812786198644,-13.479938465042999],[-73.08813504733897,-13.479034733651188],[-73.08905849173577,-13.479041763664878],[-73.08905130984867,-13.479945495545213],[-73.08812786198644,-13.479938465042999]]]}},{"type":"Feature","properties":{"Cell_ID":72,"Area_ha":1.0,"LC":"5:0.081616,6:0.019241,14:0.899143","XMIN":706854.86160847,"YMIN":8508883.59738907,"XMAX":706954.86160847,"YMAX":8508983.59738907},"geometry":{"type":"Polygon","coordinates":[[[-73.08812067610708,-13.480842196366128],[-73.08812786198644,-13.479938465042999],[-73.08905130984867,-13.479945495545213],[-73.089044127435,-13.480849227356869],[-73.08812067610708,-13.480842196366128]]]}},{"type":"Feature","properties":{"Cell_ID":73,"Area_ha":1.0,"LC":"6:0.058820,14:0.941180","XMIN":706854.86160847,"YMIN":8508783.59738907,"XMAX":706954.86160847,"YMAX":8508883.59738907},"geometry":{"type":"Polygon","coordinates":[[[-73.08811348970092,-13.481745927620578],[-73.08812067610708,-13.480842196366128],[-73.089044127435,-13.480849227356869],[-73.08903694449475,-13.481752959099843],[-73.08811348970092,-13.481745927620578]]]}},{"type":"Feature","properties":{"Cell_ID":74,"Area_ha":1.0,"LC":"3:0.356122,6:0.038960,14:0.604918","XMIN":706854.86160847,"YMIN":8508683.59738907,"XMAX":706954.86160847,"YMAX":8508783.59738907},"geometry":{"type":"Polygon","coordinates":[[[-73.0881063027679,-13.48264965880634],[-73.08811348970092,-13.481745927620578],[-73.08903694449475,-13.481752959099843],[-73.08902976102794,-13.482656690774137],[-73.0881063027679,-13.48264965880634]]]}},{"type":"Feature","properties":{"Cell_ID":75,"Area_ha":1.0,"LC":"5:0.061166,6:0.040071,9:0.718397,14:0.180366","XMIN":706854.86160847,"YMIN":8508583.59738907,"XMAX":706954.86160847,"YMAX":8508683.59738907},"geometry":{"type":"Polygon","coordinates":[[[-73.08809911530805,-13.48355338992341],[-73.0881063027679,-13.48264965880634],[-73.08902976102794,-13.482656690774137],[-73.08902257703453,-13.483560422379744],[-73.08809911530805,-13.48355338992341]]]}},{"type":"Feature","properties":{"Cell_ID":76,"Area_ha":1.0,"LC":"5:0.242922,9:0.757078","XMIN":706854.86160847,"YMIN":8508483.59738907,"XMAX":706954.86160847,"YMAX":8508583.59738907},"geometry":{"type":"Polygon","coordinates":[[[-73.08809192732136,-13.484457120971786],[-73.08809911530805,-13.48355338992341],[-73.08902257703453,-13.483560422379744],[-73.08901539251454,-13.484464153916662],[-73.08809192732136,-13.484457120971786]]]}},{"type":"Feature","properties":{"Cell_ID":77,"Area_ha":1.0,"LC":"9:0.583526,13:0.416474","XMIN":706854.86160847,"YMIN":8508083.59738907,"XMAX":706954.86160847,"YMAX":8508183.59738907},"geometry":{"type":"Polygon","coordinates":[[[-73.08806317010584,-13.488072044478246],[-73.08807036020005,-13.487168313704695],[-73.08899383579484,-13.487175348115208],[-73.08898664916835,-13.48807907937731],[-73.08806317010584,-13.488072044478246]]]}},{"type":"Feature","properties":{"Cell_ID":78,"Area_ha":1.0,"LC":"9:0.998061,14:0.001939","XMIN":706854.86160847,"YMIN":8507983.59738907,"XMAX":706954.86160847,"YMAX":8508083.59738907},"geometry":{"type":"Polygon","coordinates":[[[-73.08805597948474,-13.48897577518308],[-73.08806317010584,-13.488072044478246],[-73.08898664916835,-13.48807907937731],[-73.08897946201522,-13.488982810570702],[-73.08805597948474,-13.48897577518308]]]}},{"type":"Feature","properties":{"Cell_ID":79,"Area_ha":1.0,"LC":"5:0.356051,9:0.344792,14:0.299156","XMIN":706854.86160847,"YMIN":8507883.59738907,"XMAX":706954.86160847,"YMAX":8507983.59738907},"geometry":{"type":"Polygon","coordinates":[[[-73.08804878833674,-13.48987950581919],[-73.08805597948474,-13.48897577518308],[-73.08897946201522,-13.488982810570702],[-73.08897227433542,-13.489886541695373],[-73.08804878833674,-13.48987950581919]]]}},{"type":"Feature","properties":{"Cell_ID":80,"Area_ha":1.0,"LC":"5:0.395153,9:0.241377,13:0.002908,14:0.360562","XMIN":706854.86160847,"YMIN":8507783.59738907,"XMAX":706954.86160847,"YMAX":8507883.59738907},"geometry":{"type":"Polygon","coordinates":[[[-73.0880415966618,-13.490783236386575],[-73.08804878833674,-13.48987950581919],[-73.08897227433542,-13.489886541695373],[-73.08896508612898,-13.490790272751324],[-73.0880415966618,-13.490783236386575]]]}},{"type":"Feature","properties":{"Cell_ID":81,"Area_ha":1.0,"LC":"5:0.774787,9:0.204932,14:0.020281","XMIN":706854.86160847,"YMIN":8507683.59738907,"XMAX":706954.86160847,"YMAX":8507783.59738907},"geometry":{"type":"Polygon","coordinates":[[[-73.08803440445995,-13.49168696688523],[-73.0880415966618,-13.490783236386575],[-73.08896508612898,-13.490790272751324],[-73.08895789739584,-13.491694003738548],[-73.08803440445995,-13.49168696688523]]]}},{"type":"Feature","properties":{"Cell_ID":82,"Area_ha":1.0,"LC":"5:0.940366,9:0.020197,13:0.039438","XMIN":706854.86160847,"YMIN":8507583.59738907,"XMAX":706954.86160847,"YMAX":8507683.59738907},"geometry":{"type":"Polygon","coordinates":[[[-73.08802721173116,-13.492590697315157],[-73.08803440445995,-13.49168696688523],[-73.08895789739584,-13.491694003738548],[-73.08895070813603,-13.492597734657041],[-73.08802721173116,-13.492590697315157]]]}},{"type":"Feature","properties":{"Cell_ID":83,"Area_ha":1.0,"LC":"5:0.118132,9:0.280014,13:0.601854","XMIN":706854.86160847,"YMIN":8507483.59738907,"XMAX":706954.86160847,"YMAX":8507583.59738907},"geometry":{"type":"Polygon","coordinates":[[[-73.08802001847542,-13.493494427676335],[-73.08802721173116,-13.492590697315157],[-73.08895070813603,-13.492597734657041],[-73.08894351834952,-13.493501465506798],[-73.08802001847542,-13.493494427676335]]]}},{"type":"Feature","properties":{"Cell_ID":84,"Area_ha":1.0,"LC":"9:0.477569,13:0.522431","XMIN":706854.86160847,"YMIN":8507383.59738907,"XMAX":706954.86160847,"YMAX":8507483.59738907},"geometry":{"type":"Polygon","coordinates":[[[-73.08801282469271,-13.494398157968776],[-73.08802001847542,-13.493494427676335],[-73.08894351834952,-13.493501465506798],[-73.08893632803633,-13.494405196287817],[-73.08801282469271,-13.494398157968776]]]}},{"type":"Feature","properties":{"Cell_ID":85,"Area_ha":1.0,"LC":"9:0.140210,13:0.859790","XMIN":706854.86160847,"YMIN":8507283.59738907,"XMAX":706954.86160847,"YMAX":8507383.59738907},"geometry":{"type":"Polygon","coordinates":[[[-73.08800563038305,-13.49530188819247],[-73.08801282469271,-13.494398157968776],[-73.08893632803633,-13.494405196287817],[-73.0889291371964,-13.495308927000092],[-73.08800563038305,-13.49530188819247]]]}},{"type":"Feature","properties":{"Cell_ID":86,"Area_ha":1.0,"LC":"5:0.319438,9:0.080071,13:0.600492","XMIN":706854.86160847,"YMIN":8507183.59738907,"XMAX":706954.86160847,"YMAX":8507283.59738907},"geometry":{"type":"Polygon","coordinates":[[[-73.08799843554642,-13.496205618347412],[-73.08800563038305,-13.49530188819247],[-73.0889291371964,-13.495308927000092],[-73.08892194582977,-13.49621265764362],[-73.08799843554642,-13.496205618347412]]]}},{"type":"Feature","properties":{"Cell_ID":87,"Area_ha":1.0,"LC":"5:0.200562,9:0.019719,13:0.779719","XMIN":706854.86160847,"YMIN":8507083.59738907,"XMAX":706954.86160847,"YMAX":8507183.59738907},"geometry":{"type":"Polygon","coordinates":[[[-73.0879912401828,-13.4971093484336],[-73.08799843554642,-13.496205618347412],[-73.08892194582977,-13.49621265764362],[-73.08891475393641,-13.497116388218394],[-73.0879912401828,-13.4971093484336]]]}},{"type":"Feature","properties":{"Cell_ID":88,"Area_ha":1.0,"LC":"9:0.918875,13:0.081125","XMIN":706854.86160847,"YMIN":8506983.59738907,"XMAX":706954.86160847,"YMAX":8507083.59738907},"geometry":{"type":"Polygon","coordinates":[[[-73.08798404429217,-13.498013078451024],[-73.0879912401828,-13.4971093484336],[-73.08891475393641,-13.497116388218394],[-73.0889075615163,-13.498020118724414],[-73.08798404429217,-13.498013078451024]]]}},{"type":"Feature","properties":{"Cell_ID":89,"Area_ha":1.0,"LC":"3:0.197021,9:0.802979","XMIN":706854.86160847,"YMIN":8506883.59738907,"XMAX":706954.86160847,"YMAX":8506983.59738907},"geometry":{"type":"Polygon","coordinates":[[[-73.08797684787456,-13.498916808399683],[-73.08798404429217,-13.498013078451024],[-73.0889075615163,-13.498020118724414],[-73.08890036856944,-13.498923849161669],[-73.08797684787456,-13.498916808399683]]]}},{"type":"Feature","properties":{"Cell_ID":90,"Area_ha":1.0,"LC":"3:0.159101,9:0.800983,13:0.039915","XMIN":706854.86160847,"YMIN":8506783.59738907,"XMAX":706954.86160847,"YMAX":8506883.59738907},"geometry":{"type":"Polygon","coordinates":[[[-73.08796965092994,-13.499820538279579],[-73.08797684787456,-13.498916808399683],[-73.08890036856944,-13.498923849161669],[-73.08889317509582,-13.499827579530159],[-73.08796965092994,-13.499820538279579]]]}},{"type":"Feature","properties":{"Cell_ID":91,"Area_ha":1.0,"LC":"9:0.339861,13:0.660139","XMIN":706854.86160847,"YMIN":8506683.59738907,"XMAX":706954.86160847,"YMAX":8506783.59738907},"geometry":{"type":"Polygon","coordinates":[[[-73.08796245345827,-13.500724268090698],[-73.08796965092994,-13.499820538279579],[-73.08889317509582,-13.499827579530159],[-73.08888598109543,-13.500731309829884],[-73.08796245345827,-13.500724268090698]]]}},{"type":"Feature","properties":{"Cell_ID":92,"Area_ha":1.0,"LC":"9:0.004369,13:0.995153,16:0.000478","XMIN":706854.86160847,"YMIN":8506583.59738907,"XMAX":706954.86160847,"YMAX":8506683.59738907},"geometry":{"type":"Polygon","coordinates":[[[-73.08795525545959,-13.501627997833038],[-73.08796245345827,-13.500724268090698],[-73.08888598109543,-13.500731309829884],[-73.08887878656827,-13.50163504006083],[-73.08795525545959,-13.501627997833038]]]}},{"type":"Feature","properties":{"Cell_ID":93,"Area_ha":1.0,"LC":"13:0.378976,16:0.621024","XMIN":706854.86160847,"YMIN":8506483.59738907,"XMAX":706954.86160847,"YMAX":8506583.59738907},"geometry":{"type":"Polygon","coordinates":[[[-73.08794805693387,-13.502531727506598],[-73.08795525545959,-13.501627997833038],[-73.08887878656827,-13.50163504006083],[-73.08887159151433,-13.502538770223003],[-73.08794805693387,-13.502531727506598]]]}},{"type":"Feature","properties":{"Cell_ID":94,"Area_ha":1.0,"LC":"7:0.416248,9:0.019241,16:0.564511","XMIN":706854.86160847,"YMIN":8506383.59738907,"XMAX":706954.86160847,"YMAX":8506483.59738907},"geometry":{"type":"Polygon","coordinates":[[[-73.08794085788108,-13.503435457111374],[-73.08794805693387,-13.502531727506598],[-73.08887159151433,-13.502538770223003],[-73.08886439593358,-13.503442500316389],[-73.08794085788108,-13.503435457111374]]]}},{"type":"Feature","properties":{"Cell_ID":95,"Area_ha":1.0,"LC":"7:0.459803,9:0.398454,16:0.141742","XMIN":706854.86160847,"YMIN":8506283.59738907,"XMAX":706954.86160847,"YMAX":8506383.59738907},"geometry":{"type":"Polygon","coordinates":[[[-73.08793365830125,-13.504339186647357],[-73.08794085788108,-13.503435457111374],[-73.08886439593358,-13.503442500316389],[-73.08885719982602,-13.504346230340994],[-73.08793365830125,-13.504339186647357]]]}},{"type":"Feature","properties":{"Cell_ID":96,"Area_ha":1.0,"LC":"5:0.059634,7:0.375434,9:0.564932","XMIN":706854.86160847,"YMIN":8506183.59738907,"XMAX":706954.86160847,"YMAX":8506283.59738907},"geometry":{"type":"Polygon","coordinates":[[[-73.08792645819435,-13.505242916114545],[-73.08793365830125,-13.504339186647357],[-73.08885719982602,-13.504346230340994],[-73.08885000319167,-13.5052499602968],[-73.08792645819435,-13.505242916114545]]]}},{"type":"Feature","properties":{"Cell_ID":97,"Area_ha":1.0,"LC":"5:0.384244,7:0.097851,9:0.100281,16:0.058678,17:0.358946","XMIN":706854.86160847,"YMIN":8506083.59738907,"XMAX":706954.86160847,"YMAX":8506183.59738907},"geometry":{"type":"Polygon","coordinates":[[[-73.08791925756036,-13.506146645512938],[-73.08792645819435,-13.505242916114545],[-73.08885000319167,-13.5052499602968],[-73.08884280603047,-13.506153690183817],[-73.08791925756036,-13.506146645512938]]]}},{"type":"Feature","properties":{"Cell_ID":98,"Area_ha":1.0,"LC":"5:0.539634,16:0.378342,17:0.082023","XMIN":706854.86160847,"YMIN":8505983.59738907,"XMAX":706954.86160847,"YMAX":8506083.59738907},"geometry":{"type":"Polygon","coordinates":[[[-73.08791205639929,-13.507050374842525],[-73.08791925756036,-13.506146645512938],[-73.08884280603047,-13.506153690183817],[-73.08883560834245,-13.50705742000203],[-73.08791205639929,-13.507050374842525]]]}},{"type":"Feature","properties":{"Cell_ID":99,"Area_ha":1.0,"LC":"5:0.638637,9:0.160323,16:0.201040","XMIN":706854.86160847,"YMIN":8505883.59738907,"XMAX":706954.86160847,"YMAX":8505983.59738907},"geometry":{"type":"Polygon","coordinates":[[[-73.08790485471111,-13.507954104103305],[-73.08791205639929,-13.507050374842525],[-73.08883560834245,-13.50705742000203],[-73.08882841012758,-13.507961149751443],[-73.08790485471111,-13.507954104103305]]]}},{"type":"Feature","properties":{"Cell_ID":100,"Area_ha":1.0,"LC":"5:0.170235,9:0.360647,16:0.278041","XMIN":706854.86160847,"YMIN":8505783.59738907,"XMAX":706954.86160847,"YMAX":8505883.59738907},"geometry":{"type":"Polygon","coordinates":[[[-73.08789765249583,-13.508857833295274],[-73.08790485471111,-13.507954104103305],[-73.08882841012758,-13.507961149751443],[-73.08882121138585,-13.508864879432048],[-73.08789765249583,-13.508857833295274]]]}},{"type":"Feature","properties":{"Cell_ID":101,"Area_ha":1.0,"LC":"9:0.697037,13:0.302963","XMIN":706954.86160847,"YMIN":8509283.59738907,"XMAX":707054.86160847,"YMAX":8509383.59738907},"geometry":{"type":"Polygon","coordinates":[[[-73.0872259795237,-13.477220238233837],[-73.0872331667605,-13.476316507124766],[-73.08815660023578,-13.476323539063733],[-73.08814941646362,-13.477227270661555],[-73.0872259795237,-13.477220238233837]]]}},{"type":"Feature","properties":{"Cell_ID":102,"Area_ha":1.0,"LC":"5:0.477092,9:0.283878,13:0.218834,14:0.020197","XMIN":706954.86160847,"YMIN":8509183.59738907,"XMAX":707054.86160847,"YMAX":8509283.59738907},"geometry":{"type":"Polygon","coordinates":[[[-73.08721879175985,-13.478123969274238],[-73.0872259795237,-13.477220238233837],[-73.08814941646362,-13.477227270661555],[-73.0881422321647,-13.478131002190706],[-73.08721879175985,-13.478123969274238]]]}},{"type":"Feature","properties":{"Cell_ID":103,"Area_ha":1.0,"LC":"5:0.396458,9:0.023105,13:0.518694,14:0.061742","XMIN":706954.86160847,"YMIN":8509083.59738907,"XMAX":707054.86160847,"YMAX":8509183.59738907},"geometry":{"type":"Polygon","coordinates":[[[-73.08721160346896,-13.479027700245966],[-73.08721879175985,-13.478123969274238],[-73.0881422321647,-13.478131002190706],[-73.08813504733897,-13.479034733651188],[-73.08721160346896,-13.479027700245966]]]}},{"type":"Feature","properties":{"Cell_ID":104,"Area_ha":1.0,"LC":"5:0.340197,9:0.342712,14:0.317092","XMIN":706954.86160847,"YMIN":8508983.59738907,"XMAX":707054.86160847,"YMAX":8509083.59738907},"geometry":{"type":"Polygon","coordinates":[[[-73.08720441465101,-13.479931431149021],[-73.08721160346896,-13.479027700245966],[-73.08813504733897,-13.479034733651188],[-73.08812786198644,-13.479938465042999],[-73.08720441465101,-13.479931431149021]]]}},{"type":"Feature","properties":{"Cell_ID":105,"Area_ha":1.0,"LC":"5:0.344315,14:0.655685","XMIN":706954.86160847,"YMIN":8508883.59738907,"XMAX":707054.86160847,"YMAX":8508983.59738907},"geometry":{"type":"Polygon","coordinates":[[[-73.087197225306,-13.48083516198339],[-73.08720441465101,-13.479931431149021],[-73.08812786198644,-13.479938465042999],[-73.08812067610708,-13.480842196366128],[-73.087197225306,-13.48083516198339]]]}},{"type":"Feature","properties":{"Cell_ID":106,"Area_ha":1.0,"LC":"14:1.000000","XMIN":706954.86160847,"YMIN":8508783.59738907,"XMAX":707054.86160847,"YMAX":8508883.59738907},"geometry":{"type":"Polygon","coordinates":[[[-73.08719003543389,-13.481738892749073],[-73.087197225306,-13.48083516198339],[-73.08812067610708,-13.480842196366128],[-73.08811348970092,-13.481745927620578],[-73.08719003543389,-13.481738892749073]]]}},{"type":"Feature","properties":{"Cell_ID":107,"Area_ha":1.0,"LC":"5:0.083878,14:0.916122","XMIN":706954.86160847,"YMIN":8508683.59738907,"XMAX":707054.86160847,"YMAX":8508783.59738907},"geometry":{"type":"Polygon","coordinates":[[[-73.08718284503472,-13.482642623446065],[-73.08719003543389,-13.481738892749073],[-73.08811348970092,-13.481745927620578],[-73.0881063027679,-13.48264965880634],[-73.08718284503472,-13.482642623446065]]]}},{"type":"Feature","properties":{"Cell_ID":108,"Area_ha":1.0,"LC":"5:0.237428,9:0.078061,14:0.684511","XMIN":706954.86160847,"YMIN":8508583.59738907,"XMAX":707054.86160847,"YMAX":8508683.59738907},"geometry":{"type":"Polygon","coordinates":[[[-73.08717565410844,-13.483546354074367],[-73.08718284503472,-13.482642623446065],[-73.0881063027679,-13.48264965880634],[-73.08809911530805,-13.48355338992341],[-73.08717565410844,-13.483546354074367]]]}},{"type":"Feature","properties":{"Cell_ID":109,"Area_ha":1.0,"LC":"3:0.082417,5:0.639664,9:0.257147,14:0.020773","XMIN":706954.86160847,"YMIN":8508483.59738907,"XMAX":707054.86160847,"YMAX":8508583.59738907},"geometry":{"type":"Polygon","coordinates":[[[-73.08716846265504,-13.484450084633968],[-73.08717565410844,-13.483546354074367],[-73.08809911530805,-13.48355338992341],[-73.08809192732136,-13.484457120971786],[-73.08716846265504,-13.484450084633968]]]}},{"type":"Feature","properties":{"Cell_ID":110,"Area_ha":1.0,"LC":"3:0.000492,9:0.920633,13:0.019241,14:0.059634","XMIN":706954.86160847,"YMIN":8508383.59738907,"XMAX":707054.86160847,"YMAX":8508483.59738907},"geometry":{"type":"Polygon","coordinates":[[[-73.08716127067454,-13.485353815124862],[-73.08716846265504,-13.484450084633968],[-73.08809192732136,-13.484457120971786],[-73.0880847388078,-13.48536085195146],[-73.08716127067454,-13.485353815124862]]]}},{"type":"Feature","properties":{"Cell_ID":111,"Area_ha":1.0,"LC":"9:0.375363,13:0.019790,14:0.604847","XMIN":706954.86160847,"YMIN":8508283.59738907,"XMAX":707054.86160847,"YMAX":8508383.59738907},"geometry":{"type":"Polygon","coordinates":[[[-73.08715407816692,-13.486257545547053],[-73.08716127067454,-13.485353815124862],[-73.0880847388078,-13.48536085195146],[-73.08807754976736,-13.48626458286243],[-73.08715407816692,-13.486257545547053]]]}},{"type":"Feature","properties":{"Cell_ID":112,"Area_ha":1.0,"LC":"5:0.302136,9:0.594590,14:0.103274","XMIN":706954.86160847,"YMIN":8508183.59738907,"XMAX":707054.86160847,"YMAX":8508283.59738907},"geometry":{"type":"Polygon","coordinates":[[[-73.08714688513216,-13.487161275900531],[-73.08715407816692,-13.486257545547053],[-73.08807754976736,-13.48626458286243],[-73.08807036020005,-13.487168313704695],[-73.08714688513216,-13.487161275900531]]]}},{"type":"Feature","properties":{"Cell_ID":113,"Area_ha":1.0,"LC":"5:0.025129,9:0.875153,14:0.099719","XMIN":706954.86160847,"YMIN":8508083.59738907,"XMAX":707054.86160847,"YMAX":8508183.59738907},"geometry":{"type":"Polygon","coordinates":[[[-73.08713969157024,-13.488065006185291],[-73.08714688513216,-13.487161275900531],[-73.08807036020005,-13.487168313704695],[-73.08806317010584,-13.488072044478246],[-73.08713969157024,-13.488065006185291]]]}},{"type":"Feature","properties":{"Cell_ID":114,"Area_ha":1.0,"LC":"5:0.000492,9:0.541729,14:0.457780","XMIN":706954.86160847,"YMIN":8507983.59738907,"XMAX":707054.86160847,"YMAX":8508083.59738907},"geometry":{"type":"Polygon","coordinates":[[[-73.08713249748118,-13.48896873640133],[-73.08713969157024,-13.488065006185291],[-73.08806317010584,-13.488072044478246],[-73.08805597948474,-13.48897577518308],[-73.08713249748118,-13.48896873640133]]]}},{"type":"Feature","properties":{"Cell_ID":115,"Area_ha":1.0,"LC":"9:0.959438,14:0.040562","XMIN":706954.86160847,"YMIN":8507883.59738907,"XMAX":707054.86160847,"YMAX":8507983.59738907},"geometry":{"type":"Polygon","coordinates":[[[-73.08712530286496,-13.489872466548647],[-73.08713249748118,-13.48896873640133],[-73.08805597948474,-13.48897577518308],[-73.08804878833674,-13.48987950581919],[-73.08712530286496,-13.489872466548647]]]}},{"type":"Feature","properties":{"Cell_ID":116,"Area_ha":1.0,"LC":"9:0.241616,13:0.758384","XMIN":706954.86160847,"YMIN":8507783.59738907,"XMAX":707054.86160847,"YMAX":8507883.59738907},"geometry":{"type":"Polygon","coordinates":[[[-73.08711810772157,-13.49077619662723],[-73.08712530286496,-13.489872466548647],[-73.08804878833674,-13.48987950581919],[-73.0880415966618,-13.490783236386575],[-73.08711810772157,-13.49077619662723]]]}},{"type":"Feature","properties":{"Cell_ID":117,"Area_ha":1.0,"LC":"5:0.058678,9:0.617851,13:0.323471","XMIN":706954.86160847,"YMIN":8507683.59738907,"XMAX":707054.86160847,"YMAX":8507783.59738907},"geometry":{"type":"Polygon","coordinates":[[[-73.08711091205099,-13.491679926637085],[-73.08711810772157,-13.49077619662723],[-73.0880415966618,-13.490783236386575],[-73.08803440445995,-13.49168696688523],[-73.08711091205099,-13.491679926637085]]]}},{"type":"Feature","properties":{"Cell_ID":118,"Area_ha":1.0,"LC":"5:0.736474,9:0.218594,13:0.044932","XMIN":706954.86160847,"YMIN":8507583.59738907,"XMAX":707054.86160847,"YMAX":8507683.59738907},"geometry":{"type":"Polygon","coordinates":[[[-73.08710371585322,-13.492583656578201],[-73.08711091205099,-13.491679926637085],[-73.08803440445995,-13.49168696688523],[-73.08802721173116,-13.492590697315157],[-73.08710371585322,-13.492583656578201]]]}},{"type":"Feature","properties":{"Cell_ID":119,"Area_ha":1.0,"LC":"9:0.663823,13:0.336177","XMIN":706954.86160847,"YMIN":8507483.59738907,"XMAX":707054.86160847,"YMAX":8507583.59738907},"geometry":{"type":"Polygon","coordinates":[[[-73.08709651912825,-13.49348738645057],[-73.08710371585322,-13.492583656578201],[-73.08802721173116,-13.492590697315157],[-73.08802001847542,-13.493494427676335],[-73.08709651912825,-13.49348738645057]]]}},{"type":"Feature","properties":{"Cell_ID":120,"Area_ha":1.0,"LC":"9:0.318553,13:0.681447","XMIN":706954.86160847,"YMIN":8507383.59738907,"XMAX":707054.86160847,"YMAX":8507483.59738907},"geometry":{"type":"Polygon","coordinates":[[[-73.08708932187608,-13.4943911162542],[-73.08709651912825,-13.49348738645057],[-73.08802001847542,-13.493494427676335],[-73.08801282469271,-13.494398157968776],[-73.08708932187608,-13.4943911162542]]]}},{"type":"Feature","properties":{"Cell_ID":121,"Area_ha":1.0,"LC":"9:0.198061,13:0.801939","XMIN":706954.86160847,"YMIN":8507283.59738907,"XMAX":707054.86160847,"YMAX":8507383.59738907},"geometry":{"type":"Polygon","coordinates":[[[-73.08708212409668,-13.495294845989077],[-73.08708932187608,-13.4943911162542],[-73.08801282469271,-13.494398157968776],[-73.08800563038305,-13.49530188819247],[-73.08708212409668,-13.495294845989077]]]}},{"type":"Feature","properties":{"Cell_ID":122,"Area_ha":1.0,"LC":"13:1.000000","XMIN":706954.86160847,"YMIN":8507183.59738907,"XMAX":707054.86160847,"YMAX":8507283.59738907},"geometry":{"type":"Polygon","coordinates":[[[-73.08707492579006,-13.496198575655196],[-73.08708212409668,-13.495294845989077],[-73.08800563038305,-13.49530188819247],[-73.08799843554642,-13.496205618347412],[-73.08707492579006,-13.496198575655196]]]}},{"type":"Feature","properties":{"Cell_ID":123,"Area_ha":1.0,"LC":"9:0.263105,13:0.736895","XMIN":706954.86160847,"YMIN":8507083.59738907,"XMAX":707054.86160847,"YMAX":8507183.59738907},"geometry":{"type":"Polygon","coordinates":[[[-73.08706772695619,-13.497102305252557],[-73.08707492579006,-13.496198575655196],[-73.08799843554642,-13.496205618347412],[-73.0879912401828,-13.4971093484336],[-73.08706772695619,-13.497102305252557]]]}},{"type":"Feature","properties":{"Cell_ID":124,"Area_ha":1.0,"LC":"9:0.919367,13:0.080633","XMIN":706954.86160847,"YMIN":8506983.59738907,"XMAX":707054.86160847,"YMAX":8507083.59738907},"geometry":{"type":"Polygon","coordinates":[[[-73.08706052759509,-13.498006034781154],[-73.08706772695619,-13.497102305252557],[-73.0879912401828,-13.4971093484336],[-73.08798404429217,-13.498013078451024],[-73.08706052759509,-13.498006034781154]]]}},{"type":"Feature","properties":{"Cell_ID":125,"Area_ha":1.0,"LC":"9:1.000000","XMIN":706954.86160847,"YMIN":8506883.59738907,"XMAX":707054.86160847,"YMAX":8506983.59738907},"geometry":{"type":"Polygon","coordinates":[[[-73.0870533277067,-13.498909764240981],[-73.08706052759509,-13.498006034781154],[-73.08798404429217,-13.498013078451024],[-73.08797684787456,-13.498916808399683],[-73.0870533277067,-13.498909764240981]]]}},{"type":"Feature","properties":{"Cell_ID":126,"Area_ha":1.0,"LC":"9:0.921040,13:0.078960","XMIN":706954.86160847,"YMIN":8506783.59738907,"XMAX":707054.86160847,"YMAX":8506883.59738907},"geometry":{"type":"Polygon","coordinates":[[[-73.08704612729106,-13.499813493632042],[-73.0870533277067,-13.498909764240981],[-73.08797684787456,-13.498916808399683],[-73.08796965092994,-13.499820538279579],[-73.08704612729106,-13.499813493632042]]]}},{"type":"Feature","properties":{"Cell_ID":127,"Area_ha":1.0,"LC":"9:0.660702,13:0.339298","XMIN":706954.86160847,"YMIN":8506683.59738907,"XMAX":707054.86160847,"YMAX":8506783.59738907},"geometry":{"type":"Polygon","coordinates":[[[-73.08703892634816,-13.500717222954322],[-73.08704612729106,-13.499813493632042],[-73.08796965092994,-13.499820538279579],[-73.08796245345827,-13.500724268090698],[-73.08703892634816,-13.500717222954322]]]}},{"type":"Feature","properties":{"Cell_ID":128,"Area_ha":1.0,"LC":"9:0.858329,13:0.102712,16:0.038960","XMIN":706954.86160847,"YMIN":8506583.59738907,"XMAX":707054.86160847,"YMAX":8506683.59738907},"geometry":{"type":"Polygon","coordinates":[[[-73.08703172487795,-13.501620952207821],[-73.08703892634816,-13.500717222954322],[-73.08796245345827,-13.500724268090698],[-73.08795525545959,-13.501627997833038],[-73.08703172487795,-13.501620952207821]]]}},{"type":"Feature","properties":{"Cell_ID":129,"Area_ha":1.0,"LC":"9:0.323962,13:0.001447,16:0.674590","XMIN":706954.86160847,"YMIN":8506483.59738907,"XMAX":707054.86160847,"YMAX":8506583.59738907},"geometry":{"type":"Polygon","coordinates":[[[-73.08702452288045,-13.502524681392536],[-73.08703172487795,-13.501620952207821],[-73.08795525545959,-13.501627997833038],[-73.08794805693387,-13.502531727506598],[-73.08702452288045,-13.502524681392536]]]}},{"type":"Feature","properties":{"Cell_ID":130,"Area_ha":1.0,"LC":"9:0.363793,13:0.000492,16:0.635715","XMIN":706954.86160847,"YMIN":8506383.59738907,"XMAX":707054.86160847,"YMAX":8506483.59738907},"geometry":{"type":"Polygon","coordinates":[[[-73.08701732035566,-13.503428410508462],[-73.08702452288045,-13.502524681392536],[-73.08794805693387,-13.502531727506598],[-73.08794085788108,-13.503435457111374],[-73.08701732035566,-13.503428410508462]]]}},{"type":"Feature","properties":{"Cell_ID":131,"Area_ha":1.0,"LC":"9:0.920899,16:0.079101","XMIN":706954.86160847,"YMIN":8506283.59738907,"XMAX":707054.86160847,"YMAX":8506383.59738907},"geometry":{"type":"Polygon","coordinates":[[[-73.08701011730355,-13.504332139555594],[-73.08701732035566,-13.503428410508462],[-73.08794085788108,-13.503435457111374],[-73.08793365830125,-13.504339186647357],[-73.08701011730355,-13.504332139555594]]]}},{"type":"Feature","properties":{"Cell_ID":132,"Area_ha":1.0,"LC":"5:0.019241,9:0.980759","XMIN":706954.86160847,"YMIN":8506183.59738907,"XMAX":707054.86160847,"YMAX":8506283.59738907},"geometry":{"type":"Polygon","coordinates":[[[-73.08700291372409,-13.505235868533926],[-73.08701011730355,-13.504332139555594],[-73.08793365830125,-13.504339186647357],[-73.08792645819435,-13.505242916114545],[-73.08700291372409,-13.505235868533926]]]}},{"type":"Feature","properties":{"Cell_ID":133,"Area_ha":1.0,"LC":"5:0.256881,9:0.565494,17:0.177624","XMIN":706954.86160847,"YMIN":8506083.59738907,"XMAX":707054.86160847,"YMAX":8506183.59738907},"geometry":{"type":"Polygon","coordinates":[[[-73.08699570961733,-13.506139597443457],[-73.08700291372409,-13.505235868533926],[-73.08792645819435,-13.505242916114545],[-73.08791925756036,-13.506146645512938],[-73.08699570961733,-13.506139597443457]]]}},{"type":"Feature","properties":{"Cell_ID":134,"Area_ha":1.0,"LC":"5:0.277021,9:0.139634,16:0.079031,17:0.504315","XMIN":706954.86160847,"YMIN":8505983.59738907,"XMAX":707054.86160847,"YMAX":8506083.59738907},"geometry":{"type":"Polygon","coordinates":[[[-73.08698850498321,-13.507043326284181],[-73.08699570961733,-13.506139597443457],[-73.08791925756036,-13.506146645512938],[-73.08791205639929,-13.507050374842525],[-73.08698850498321,-13.507043326284181]]]}},{"type":"Feature","properties":{"Cell_ID":135,"Area_ha":1.0,"LC":"5:0.119101,9:0.522515,16:0.358384","XMIN":706954.86160847,"YMIN":8505883.59738907,"XMAX":707054.86160847,"YMAX":8505983.59738907},"geometry":{"type":"Polygon","coordinates":[[[-73.08698129982174,-13.507947055056093],[-73.08698850498321,-13.507043326284181],[-73.08791205639929,-13.507050374842525],[-73.08790485471111,-13.507954104103305],[-73.08698129982174,-13.507947055056093]]]}},{"type":"Feature","properties":{"Cell_ID":136,"Area_ha":1.0,"LC":"9:0.019790,16:0.980210","XMIN":706954.86160847,"YMIN":8505783.59738907,"XMAX":707054.86160847,"YMAX":8505883.59738907},"geometry":{"type":"Polygon","coordinates":[[[-73.08697409413293,-13.508850783759192],[-73.08698129982174,-13.507947055056093],[-73.08790485471111,-13.507954104103305],[-73.08789765249583,-13.508857833295274],[-73.08697409413293,-13.508850783759192]]]}},{"type":"Feature","properties":{"Cell_ID":137,"Area_ha":1.0,"LC":"13:0.030333,16:0.863524","XMIN":706954.86160847,"YMIN":8505683.59738907,"XMAX":707054.86160847,"YMAX":8505783.59738907},"geometry":{"type":"Polygon","coordinates":[[[-73.08696688791672,-13.509754512393469],[-73.08697409413293,-13.508850783759192],[-73.08789765249583,-13.508857833295274],[-73.08789044975343,-13.509761562418424],[-73.08696688791672,-13.509754512393469]]]}},{"type":"Feature","properties":{"Cell_ID":138,"Area_ha":1.0,"LC":"9:0.243962,13:0.415434,14:0.340604","XMIN":707054.86160847,"YMIN":8509283.59738907,"XMAX":707154.86160847,"YMAX":8509383.59738907},"geometry":{"type":"Polygon","coordinates":[[[-73.0863025431108,-13.47721320241507],[-73.08630973381226,-13.476309471794979],[-73.0872331667605,-13.476316507124766],[-73.0872259795237,-13.477220238233837],[-73.0863025431108,-13.47721320241507]]]}},{"type":"Feature","properties":{"Cell_ID":139,"Area_ha":1.0,"LC":"9:0.276122,13:0.061237,14:0.662641","XMIN":707054.86160847,"YMIN":8509183.59738907,"XMAX":707154.86160847,"YMAX":8509283.59738907},"geometry":{"type":"Polygon","coordinates":[[[-73.08629535188207,-13.478116932966484],[-73.0863025431108,-13.47721320241507],[-73.0872259795237,-13.477220238233837],[-73.08721879175985,-13.478123969274238],[-73.08629535188207,-13.478116932966484]]]}},{"type":"Feature","properties":{"Cell_ID":140,"Area_ha":1.0,"LC":"9:0.355489,13:0.503681,14:0.140830","XMIN":707054.86160847,"YMIN":8509083.59738907,"XMAX":707154.86160847,"YMAX":8509183.59738907},"geometry":{"type":"Polygon","coordinates":[[[-73.08628816012602,-13.479020663449225],[-73.08629535188207,-13.478116932966484],[-73.08721879175985,-13.478123969274238],[-73.08721160346896,-13.479027700245966],[-73.08628816012602,-13.479020663449225]]]}},{"type":"Feature","properties":{"Cell_ID":141,"Area_ha":1.0,"LC":"5:0.137709,9:0.758610,14:0.103681","XMIN":707054.86160847,"YMIN":8508983.59738907,"XMAX":707154.86160847,"YMAX":8509083.59738907},"geometry":{"type":"Polygon","coordinates":[[[-73.08628096784265,-13.479924393863284],[-73.08628816012602,-13.479020663449225],[-73.08721160346896,-13.479027700245966],[-73.08720441465101,-13.479931431149021],[-73.08628096784265,-13.479924393863284]]]}},{"type":"Feature","properties":{"Cell_ID":142,"Area_ha":1.0,"LC":"5:0.420830,9:0.282023,14:0.297147","XMIN":707054.86160847,"YMIN":8508883.59738907,"XMAX":707154.86160847,"YMAX":8508983.59738907},"geometry":{"type":"Polygon","coordinates":[[[-73.08627377503198,-13.480828124208657],[-73.08628096784265,-13.479924393863284],[-73.08720441465101,-13.479931431149021],[-73.087197225306,-13.48083516198339],[-73.08627377503198,-13.480828124208657]]]}},{"type":"Feature","properties":{"Cell_ID":143,"Area_ha":1.0,"LC":"5:0.181095,14:0.818905","XMIN":707054.86160847,"YMIN":8508783.59738907,"XMAX":707154.86160847,"YMAX":8508883.59738907},"geometry":{"type":"Polygon","coordinates":[[[-73.08626658169396,-13.481731854485343],[-73.08627377503198,-13.480828124208657],[-73.087197225306,-13.48083516198339],[-73.08719003543389,-13.481738892749073],[-73.08626658169396,-13.481731854485343]]]}},{"type":"Feature","properties":{"Cell_ID":144,"Area_ha":1.0,"LC":"5:0.780773,14:0.219227","XMIN":707054.86160847,"YMIN":8508683.59738907,"XMAX":707154.86160847,"YMAX":8508783.59738907},"geometry":{"type":"Polygon","coordinates":[[[-73.08625938782862,-13.482635584693332],[-73.08626658169396,-13.481731854485343],[-73.08719003543389,-13.481738892749073],[-73.08718284503472,-13.482642623446065],[-73.08625938782862,-13.482635584693332]]]}},{"type":"Feature","properties":{"Cell_ID":145,"Area_ha":1.0,"LC":"5:0.060281,9:0.242824,14:0.696895","XMIN":707054.86160847,"YMIN":8508583.59738907,"XMAX":707154.86160847,"YMAX":8508683.59738907},"geometry":{"type":"Polygon","coordinates":[[[-73.08625219343591,-13.48353931483262],[-73.08625938782862,-13.482635584693332],[-73.08718284503472,-13.482642623446065],[-73.08717565410844,-13.483546354074367],[-73.08625219343591,-13.48353931483262]]]}},{"type":"Feature","properties":{"Cell_ID":146,"Area_ha":1.0,"LC":"3:0.617624,5:0.258342,9:0.083962,14:0.040071","XMIN":707054.86160847,"YMIN":8508483.59738907,"XMAX":707154.86160847,"YMAX":8508583.59738907},"geometry":{"type":"Polygon","coordinates":[[[-73.08624499851585,-13.484443044903216],[-73.08625219343591,-13.48353931483262],[-73.08717565410844,-13.483546354074367],[-73.08716846265504,-13.484450084633968],[-73.08624499851585,-13.484443044903216]]]}},{"type":"Feature","properties":{"Cell_ID":147,"Area_ha":1.0,"LC":"3:0.505762,9:0.474997,14:0.019241","XMIN":707054.86160847,"YMIN":8508383.59738907,"XMAX":707154.86160847,"YMAX":8508483.59738907},"geometry":{"type":"Polygon","coordinates":[[[-73.08623780306841,-13.485346774905095],[-73.08624499851585,-13.484443044903216],[-73.08716846265504,-13.484450084633968],[-73.08716127067454,-13.485353815124862],[-73.08623780306841,-13.485346774905095]]]}},{"type":"Feature","properties":{"Cell_ID":148,"Area_ha":1.0,"LC":"3:0.000492,5:0.161377,9:0.243064,14:0.595068","XMIN":707054.86160847,"YMIN":8508283.59738907,"XMAX":707154.86160847,"YMAX":8508383.59738907},"geometry":{"type":"Polygon","coordinates":[[[-73.0862306070936,-13.486250504838267],[-73.08623780306841,-13.485346774905095],[-73.08716127067454,-13.485353815124862],[-73.08715407816692,-13.486257545547053],[-73.0862306070936,-13.486250504838267]]]}},{"type":"Feature","properties":{"Cell_ID":149,"Area_ha":1.0,"LC":"5:0.419241,14:0.580759","XMIN":707054.86160847,"YMIN":8508183.59738907,"XMAX":707154.86160847,"YMAX":8508283.59738907},"geometry":{"type":"Polygon","coordinates":[[[-73.0862234105914,-13.487154234702723],[-73.0862306070936,-13.486250504838267],[-73.08715407816692,-13.486257545547053],[-73.08714688513216,-13.487161275900531],[-73.0862234105914,-13.487154234702723]]]}},{"type":"Feature","properties":{"Cell_ID":150,"Area_ha":1.0,"LC":"5:0.897373,9:0.061573,14:0.041054","XMIN":707054.86160847,"YMIN":8508083.59738907,"XMAX":707154.86160847,"YMAX":8508183.59738907},"geometry":{"type":"Polygon","coordinates":[[[-73.0862162135618,-13.488057964498458],[-73.0862234105914,-13.487154234702723],[-73.08714688513216,-13.487161275900531],[-73.08713969157024,-13.488065006185291],[-73.0862162135618,-13.488057964498458]]]}},{"type":"Feature","properties":{"Cell_ID":151,"Area_ha":1.0,"LC":"5:0.080071,9:0.660773,14:0.259156","XMIN":707054.86160847,"YMIN":8507983.59738907,"XMAX":707154.86160847,"YMAX":8508083.59738907},"geometry":{"type":"Polygon","coordinates":[[[-73.08620901600479,-13.48896169422547],[-73.0862162135618,-13.488057964498458],[-73.08713969157024,-13.488065006185291],[-73.08713249748118,-13.48896873640133],[-73.08620901600479,-13.48896169422547]]]}},{"type":"Feature","properties":{"Cell_ID":152,"Area_ha":1.0,"LC":"5:0.184075,9:0.355644,14:0.460281","XMIN":707054.86160847,"YMIN":8507883.59738907,"XMAX":707154.86160847,"YMAX":8507983.59738907},"geometry":{"type":"Polygon","coordinates":[[[-73.08620181792035,-13.489865423883755],[-73.08620901600479,-13.48896169422547],[-73.08713249748118,-13.48896873640133],[-73.08712530286496,-13.489872466548647],[-73.08620181792035,-13.489865423883755]]]}},{"type":"Feature","properties":{"Cell_ID":153,"Area_ha":1.0,"LC":"5:0.020773,9:0.499705,13:0.157021,14:0.322501","XMIN":707054.86160847,"YMIN":8507783.59738907,"XMAX":707154.86160847,"YMAX":8507883.59738907},"geometry":{"type":"Polygon","coordinates":[[[-73.08619461930851,-13.490769153473304],[-73.08620181792035,-13.489865423883755],[-73.08712530286496,-13.489872466548647],[-73.08711810772157,-13.49077619662723],[-73.08619461930851,-13.490769153473304]]]}},{"type":"Feature","properties":{"Cell_ID":154,"Area_ha":1.0,"LC":"9:0.381742,13:0.618258","XMIN":707054.86160847,"YMIN":8507683.59738907,"XMAX":707154.86160847,"YMAX":8507783.59738907},"geometry":{"type":"Polygon","coordinates":[[[-73.08618742016924,-13.491672882994118],[-73.08619461930851,-13.490769153473304],[-73.08711810772157,-13.49077619662723],[-73.08711091205099,-13.491679926637085],[-73.08618742016924,-13.491672882994118]]]}},{"type":"Feature","properties":{"Cell_ID":155,"Area_ha":1.0,"LC":"9:0.079522,13:0.920478","XMIN":707054.86160847,"YMIN":8507583.59738907,"XMAX":707154.86160847,"YMAX":8507683.59738907},"geometry":{"type":"Polygon","coordinates":[[[-73.0861802205025,-13.492576612446191],[-73.08618742016924,-13.491672882994118],[-73.08711091205099,-13.491679926637085],[-73.08710371585322,-13.492583656578201],[-73.0861802205025,-13.492576612446191]]]}},{"type":"Feature","properties":{"Cell_ID":156,"Area_ha":1.0,"LC":"9:0.898665,13:0.101335","XMIN":707054.86160847,"YMIN":8507483.59738907,"XMAX":707154.86160847,"YMAX":8507583.59738907},"geometry":{"type":"Polygon","coordinates":[[[-73.08617302030831,-13.493480341829516],[-73.0861802205025,-13.492576612446191],[-73.08710371585322,-13.492583656578201],[-73.08709651912825,-13.49348738645057],[-73.08617302030831,-13.493480341829516]]]}},{"type":"Feature","properties":{"Cell_ID":157,"Area_ha":1.0,"LC":"9:0.504315,13:0.495685","XMIN":707054.86160847,"YMIN":8507383.59738907,"XMAX":707154.86160847,"YMAX":8507483.59738907},"geometry":{"type":"Polygon","coordinates":[[[-73.08616581958667,-13.494384071144095],[-73.08617302030831,-13.493480341829516],[-73.08709651912825,-13.49348738645057],[-73.08708932187608,-13.4943911162542],[-73.08616581958667,-13.494384071144095]]]}},{"type":"Feature","properties":{"Cell_ID":158,"Area_ha":1.0,"LC":"9:0.241292,13:0.758708","XMIN":707054.86160847,"YMIN":8507283.59738907,"XMAX":707154.86160847,"YMAX":8507383.59738907},"geometry":{"type":"Polygon","coordinates":[[[-73.08615861833754,-13.495287800389917],[-73.08616581958667,-13.494384071144095],[-73.08708932187608,-13.4943911162542],[-73.08708212409668,-13.495294845989077],[-73.08615861833754,-13.495287800389917]]]}},{"type":"Feature","properties":{"Cell_ID":159,"Area_ha":1.0,"LC":"9:0.625691,13:0.374309","XMIN":707054.86160847,"YMIN":8507183.59738907,"XMAX":707154.86160847,"YMAX":8507283.59738907},"geometry":{"type":"Polygon","coordinates":[[[-73.08615141656092,-13.49619152956698],[-73.08615861833754,-13.495287800389917],[-73.08708212409668,-13.495294845989077],[-73.08707492579006,-13.496198575655196],[-73.08615141656092,-13.49619152956698]]]}},{"type":"Feature","properties":{"Cell_ID":160,"Area_ha":1.0,"LC":"9:0.680336,13:0.319664","XMIN":707054.86160847,"YMIN":8507083.59738907,"XMAX":707154.86160847,"YMAX":8507183.59738907},"geometry":{"type":"Polygon","coordinates":[[[-73.08614421425682,-13.497095258675284],[-73.08615141656092,-13.49619152956698],[-73.08707492579006,-13.496198575655196],[-73.08706772695619,-13.497102305252557],[-73.08614421425682,-13.497095258675284]]]}},{"type":"Feature","properties":{"Cell_ID":161,"Area_ha":1.0,"LC":"9:1.000000","XMIN":707054.86160847,"YMIN":8506983.59738907,"XMAX":707154.86160847,"YMAX":8507083.59738907},"geometry":{"type":"Polygon","coordinates":[[[-73.08613701142522,-13.497998987714816],[-73.08614421425682,-13.497095258675284],[-73.08706772695619,-13.497102305252557],[-73.08706052759509,-13.498006034781154],[-73.08613701142522,-13.497998987714816]]]}},{"type":"Feature","properties":{"Cell_ID":162,"Area_ha":1.0,"LC":"9:0.960562,16:0.039438","XMIN":707054.86160847,"YMIN":8506883.59738907,"XMAX":707154.86160847,"YMAX":8506983.59738907},"geometry":{"type":"Polygon","coordinates":[[[-73.0861298080661,-13.498902716685578],[-73.08613701142522,-13.497998987714816],[-73.08706052759509,-13.498006034781154],[-73.0870533277067,-13.498909764240981],[-73.0861298080661,-13.498902716685578]]]}},{"type":"Feature","properties":{"Cell_ID":163,"Area_ha":1.0,"LC":"9:0.495363,16:0.322501,18:0.182136","XMIN":707054.86160847,"YMIN":8506783.59738907,"XMAX":707154.86160847,"YMAX":8506883.59738907},"geometry":{"type":"Polygon","coordinates":[[[-73.08612260417947,-13.499806445587563],[-73.0861298080661,-13.498902716685578],[-73.0870533277067,-13.498909764240981],[-73.08704612729106,-13.499813493632042],[-73.08612260417947,-13.499806445587563]]]}},{"type":"Feature","properties":{"Cell_ID":164,"Area_ha":1.0,"LC":"9:0.880956,13:0.097302,18:0.021742","XMIN":707054.86160847,"YMIN":8506683.59738907,"XMAX":707154.86160847,"YMAX":8506783.59738907},"geometry":{"type":"Polygon","coordinates":[[[-73.0861153997653,-13.500710174420771],[-73.08612260417947,-13.499806445587563],[-73.08704612729106,-13.499813493632042],[-73.08703892634816,-13.500717222954322],[-73.0861153997653,-13.500710174420771]]]}},{"type":"Feature","properties":{"Cell_ID":165,"Area_ha":1.0,"LC":"9:0.622149,13:0.377851","XMIN":707054.86160847,"YMIN":8506583.59738907,"XMAX":707154.86160847,"YMAX":8506683.59738907},"geometry":{"type":"Polygon","coordinates":[[[-73.08610819482361,-13.501613903185191],[-73.0861153997653,-13.500710174420771],[-73.08703892634816,-13.500717222954322],[-73.08703172487795,-13.501620952207821],[-73.08610819482361,-13.501613903185191]]]}},{"type":"Feature","properties":{"Cell_ID":166,"Area_ha":1.0,"LC":"9:0.862291,13:0.137709","XMIN":707054.86160847,"YMIN":8506483.59738907,"XMAX":707154.86160847,"YMAX":8506583.59738907},"geometry":{"type":"Polygon","coordinates":[[[-73.08610098935435,-13.502517631880824],[-73.08610819482361,-13.501613903185191],[-73.08703172487795,-13.501620952207821],[-73.08702452288045,-13.502524681392536],[-73.08610098935435,-13.502517631880824]]]}},{"type":"Feature","properties":{"Cell_ID":167,"Area_ha":1.0,"LC":"9:0.619648,13:0.380352","XMIN":707054.86160847,"YMIN":8506383.59738907,"XMAX":707154.86160847,"YMAX":8506483.59738907},"geometry":{"type":"Polygon","coordinates":[[[-73.08609378335753,-13.503421360507668],[-73.08610098935435,-13.502517631880824],[-73.08702452288045,-13.502524681392536],[-73.08701732035566,-13.503428410508462],[-73.08609378335753,-13.503421360507668]]]}},{"type":"Feature","properties":{"Cell_ID":168,"Area_ha":1.0,"LC":"9:1.000000","XMIN":707054.86160847,"YMIN":8506283.59738907,"XMAX":707154.86160847,"YMAX":8506383.59738907},"geometry":{"type":"Polygon","coordinates":[[[-73.08608657683315,-13.504325089065707],[-73.08609378335753,-13.503421360507668],[-73.08701732035566,-13.503428410508462],[-73.08701011730355,-13.504332139555594],[-73.08608657683315,-13.504325089065707]]]}},{"type":"Feature","properties":{"Cell_ID":169,"Area_ha":1.0,"LC":"9:0.518553,18:0.481447","XMIN":707054.86160847,"YMIN":8506183.59738907,"XMAX":707154.86160847,"YMAX":8506283.59738907},"geometry":{"type":"Polygon","coordinates":[[[-73.08607936978119,-13.505228817554947],[-73.08608657683315,-13.504325089065707],[-73.08701011730355,-13.504332139555594],[-73.08700291372409,-13.505235868533926],[-73.08607936978119,-13.505228817554947]]]}},{"type":"Feature","properties":{"Cell_ID":170,"Area_ha":1.0,"LC":"9:0.979298,17:0.019241,18:0.001461","XMIN":707054.86160847,"YMIN":8506083.59738907,"XMAX":707154.86160847,"YMAX":8506183.59738907},"geometry":{"type":"Polygon","coordinates":[[[-73.08607216220165,-13.506132545975385],[-73.08607936978119,-13.505228817554947],[-73.08700291372409,-13.505235868533926],[-73.08699570961733,-13.506139597443457],[-73.08607216220165,-13.506132545975385]]]}},{"type":"Feature","properties":{"Cell_ID":171,"Area_ha":1.0,"LC":"6:0.102136,9:0.182796,17:0.715068","XMIN":707054.86160847,"YMIN":8505983.59738907,"XMAX":707154.86160847,"YMAX":8506083.59738907},"geometry":{"type":"Polygon","coordinates":[[[-73.0860649540945,-13.507036274327008],[-73.08607216220165,-13.506132545975385],[-73.08699570961733,-13.506139597443457],[-73.08698850498321,-13.507043326284181],[-73.0860649540945,-13.507036274327008]]]}},{"type":"Feature","properties":{"Cell_ID":172,"Area_ha":1.0,"LC":"6:0.020773,9:0.416881,16:0.379563,17:0.182783","XMIN":707054.86160847,"YMIN":8505883.59738907,"XMAX":707154.86160847,"YMAX":8505983.59738907},"geometry":{"type":"Polygon","coordinates":[[[-73.08605774545974,-13.507940002609821],[-73.0860649540945,-13.507036274327008],[-73.08698850498321,-13.507043326284181],[-73.08698129982174,-13.507947055056093],[-73.08605774545974,-13.507940002609821]]]}},{"type":"Feature","properties":{"Cell_ID":173,"Area_ha":1.0,"LC":"9:0.002908,16:0.997092","XMIN":707054.86160847,"YMIN":8505783.59738907,"XMAX":707154.86160847,"YMAX":8505883.59738907},"geometry":{"type":"Polygon","coordinates":[[[-73.08605053629738,-13.508843730823813],[-73.08605774545974,-13.507940002609821],[-73.08698129982174,-13.507947055056093],[-73.08697409413293,-13.508850783759192],[-73.08605053629738,-13.508843730823813]]]}},{"type":"Feature","properties":{"Cell_ID":174,"Area_ha":1.0,"LC":"16:1.000000","XMIN":707054.86160847,"YMIN":8505683.59738907,"XMAX":707154.86160847,"YMAX":8505783.59738907},"geometry":{"type":"Polygon","coordinates":[[[-73.0860433266074,-13.509747458968981],[-73.08605053629738,-13.508843730823813],[-73.08697409413293,-13.508850783759192],[-73.08696688791672,-13.509754512393469],[-73.0860433266074,-13.509747458968981]]]}},{"type":"Feature","properties":{"Cell_ID":175,"Area_ha":1.0,"LC":"9:0.157092,16:0.790445","XMIN":707054.86160847,"YMIN":8505583.59738907,"XMAX":707154.86160847,"YMAX":8505683.59738907},"geometry":{"type":"Polygon","coordinates":[[[-73.08603611638976,-13.510651187045323],[-73.0860433266074,-13.509747458968981],[-73.08696688791672,-13.509754512393469],[-73.08695968117314,-13.510658240958922],[-73.08603611638976,-13.510651187045323]]]}},{"type":"Feature","properties":{"Cell_ID":176,"Area_ha":1.0,"LC":"9:0.557162,13:0.324847,14:0.117990","XMIN":707154.86160847,"YMIN":8509283.59738907,"XMAX":707254.86160847,"YMAX":8509383.59738907},"geometry":{"type":"Polygon","coordinates":[[[-73.08537910722522,-13.47720616320526],[-73.0853863013913,-13.47630243307439],[-73.08630973381226,-13.476309471794979],[-73.0863025431108,-13.47721320241507],[-73.08537910722522,-13.47720616320526]]]}},{"type":"Feature","properties":{"Cell_ID":177,"Area_ha":1.0,"LC":"13:0.802838,14:0.197162","XMIN":707154.86160847,"YMIN":8509183.59738907,"XMAX":707254.86160847,"YMAX":8509283.59738907},"geometry":{"type":"Polygon","coordinates":[[[-73.08537191253158,-13.478109893267455],[-73.08537910722522,-13.47720616320526],[-73.0863025431108,-13.47721320241507],[-73.08629535188207,-13.478116932966484],[-73.08537191253158,-13.478109893267455]]]}},{"type":"Feature","properties":{"Cell_ID":178,"Area_ha":1.0,"LC":"13:0.661406,14:0.338594","XMIN":707154.86160847,"YMIN":8509083.59738907,"XMAX":707254.86160847,"YMAX":8509183.59738907},"geometry":{"type":"Polygon","coordinates":[[[-73.0853647173104,-13.47901362326097],[-73.08537191253158,-13.478109893267455],[-73.08629535188207,-13.478116932966484],[-73.08628816012602,-13.479020663449225],[-73.0853647173104,-13.47901362326097]]]}},{"type":"Feature","properties":{"Cell_ID":179,"Area_ha":1.0,"LC":"5:0.039438,9:0.058271,13:0.162824,14:0.739467","XMIN":707154.86160847,"YMIN":8508983.59738907,"XMAX":707254.86160847,"YMAX":8509083.59738907},"geometry":{"type":"Polygon","coordinates":[[[-73.08535752156163,-13.479917353185801],[-73.0853647173104,-13.47901362326097],[-73.08628816012602,-13.479020663449225],[-73.08628096784265,-13.479924393863284],[-73.08535752156163,-13.479917353185801]]]}},{"type":"Feature","properties":{"Cell_ID":180,"Area_ha":1.0,"LC":"5:0.716051,9:0.119986,13:0.163962","XMIN":707154.86160847,"YMIN":8508883.59738907,"XMAX":707254.86160847,"YMAX":8508983.59738907},"geometry":{"type":"Polygon","coordinates":[[[-73.0853503252853,-13.480821083041942],[-73.08535752156163,-13.479917353185801],[-73.08628096784265,-13.479924393863284],[-73.08627377503198,-13.480828124208657],[-73.0853503252853,-13.480821083041942]]]}},{"type":"Feature","properties":{"Cell_ID":181,"Area_ha":1.0,"LC":"5:0.298342,9:0.065129,14:0.636529","XMIN":707154.86160847,"YMIN":8508783.59738907,"XMAX":707254.86160847,"YMAX":8508883.59738907},"geometry":{"type":"Polygon","coordinates":[[[-73.08534312848138,-13.481724812829388],[-73.0853503252853,-13.480821083041942],[-73.08627377503198,-13.480828124208657],[-73.08626658169396,-13.481731854485343],[-73.08534312848138,-13.481724812829388]]]}},{"type":"Feature","properties":{"Cell_ID":182,"Area_ha":1.0,"LC":"5:0.737444,9:0.183034,14:0.079522","XMIN":707154.86160847,"YMIN":8508683.59738907,"XMAX":707254.86160847,"YMAX":8508783.59738907},"geometry":{"type":"Polygon","coordinates":[[[-73.08533593114987,-13.482628542548138],[-73.08534312848138,-13.481724812829388],[-73.08626658169396,-13.481731854485343],[-73.08625938782862,-13.482635584693332],[-73.08533593114987,-13.482628542548138]]]}},{"type":"Feature","properties":{"Cell_ID":183,"Area_ha":1.0,"LC":"9:0.781180,14:0.218820","XMIN":707154.86160847,"YMIN":8508583.59738907,"XMAX":707254.86160847,"YMAX":8508683.59738907},"geometry":{"type":"Polygon","coordinates":[[[-73.08532873329075,-13.48353227219819],[-73.08533593114987,-13.482628542548138],[-73.08625938782862,-13.482635584693332],[-73.08625219343591,-13.48353931483262],[-73.08532873329075,-13.48353227219819]]]}},{"type":"Feature","properties":{"Cell_ID":184,"Area_ha":1.0,"LC":"3:0.117428,9:0.519186,14:0.363386","XMIN":707154.86160847,"YMIN":8508483.59738907,"XMAX":707254.86160847,"YMAX":8508583.59738907},"geometry":{"type":"Polygon","coordinates":[[[-73.08532153490401,-13.484436001779535],[-73.08532873329075,-13.48353227219819],[-73.08625219343591,-13.48353931483262],[-73.08624499851585,-13.484443044903216],[-73.08532153490401,-13.484436001779535]]]}},{"type":"Feature","properties":{"Cell_ID":185,"Area_ha":1.0,"LC":"3:0.937288,9:0.000969,14:0.061742","XMIN":707154.86160847,"YMIN":8508383.59738907,"XMAX":707254.86160847,"YMAX":8508483.59738907},"geometry":{"type":"Polygon","coordinates":[[[-73.08531433598966,-13.485339731292164],[-73.08532153490401,-13.484436001779535],[-73.08624499851585,-13.484443044903216],[-73.08623780306841,-13.485346774905095],[-73.08531433598966,-13.485339731292164]]]}},{"type":"Feature","properties":{"Cell_ID":186,"Area_ha":1.0,"LC":"3:0.342376,5:0.337217,9:0.281447,14:0.038960","XMIN":707154.86160847,"YMIN":8508283.59738907,"XMAX":707254.86160847,"YMAX":8508383.59738907},"geometry":{"type":"Polygon","coordinates":[[[-73.08530713654767,-13.486243460736082],[-73.08531433598966,-13.485339731292164],[-73.08623780306841,-13.485346774905095],[-73.0862306070936,-13.486250504838267],[-73.08530713654767,-13.486243460736082]]]}},{"type":"Feature","properties":{"Cell_ID":187,"Area_ha":1.0,"LC":"5:0.742783,9:0.000492,14:0.256726","XMIN":707154.86160847,"YMIN":8508183.59738907,"XMAX":707254.86160847,"YMAX":8508283.59738907},"geometry":{"type":"Polygon","coordinates":[[[-73.08529993657804,-13.487147190111282],[-73.08530713654767,-13.486243460736082],[-73.0862306070936,-13.486250504838267],[-73.0862234105914,-13.487154234702723],[-73.08529993657804,-13.487147190111282]]]}},{"type":"Feature","properties":{"Cell_ID":188,"Area_ha":1.0,"LC":"5:0.501166,9:0.356458,14:0.142376","XMIN":707154.86160847,"YMIN":8508083.59738907,"XMAX":707254.86160847,"YMAX":8508183.59738907},"geometry":{"type":"Polygon","coordinates":[[[-73.08529273608075,-13.488050919417756],[-73.08529993657804,-13.487147190111282],[-73.0862234105914,-13.487154234702723],[-73.0862162135618,-13.488057964498458],[-73.08529273608075,-13.488050919417756]]]}},{"type":"Feature","properties":{"Cell_ID":189,"Area_ha":1.0,"LC":"5:0.102712,9:0.595715,13:0.301573","XMIN":707154.86160847,"YMIN":8507983.59738907,"XMAX":707254.86160847,"YMAX":8508083.59738907},"geometry":{"type":"Polygon","coordinates":[[[-73.08528553505582,-13.488954648655504],[-73.08529273608075,-13.488050919417756],[-73.0862162135618,-13.488057964498458],[-73.08620901600479,-13.48896169422547],[-73.08528553505582,-13.488954648655504]]]}},{"type":"Feature","properties":{"Cell_ID":190,"Area_ha":1.0,"LC":"5:0.334801,9:0.080071,13:0.565410,14:0.019719","XMIN":707154.86160847,"YMIN":8507883.59738907,"XMAX":707254.86160847,"YMAX":8507983.59738907},"geometry":{"type":"Polygon","coordinates":[[[-73.0852783335032,-13.48985837782452],[-73.08528553505582,-13.488954648655504],[-73.08620901600479,-13.48896169422547],[-73.08620181792035,-13.489865423883755],[-73.0852783335032,-13.48985837782452]]]}},{"type":"Feature","properties":{"Cell_ID":191,"Area_ha":1.0,"LC":"5:0.140352,9:0.157021,13:0.084847,14:0.617780","XMIN":707154.86160847,"YMIN":8507783.59738907,"XMAX":707254.86160847,"YMAX":8507883.59738907},"geometry":{"type":"Polygon","coordinates":[[[-73.0852711314229,-13.490762106924798],[-73.0852783335032,-13.48985837782452],[-73.08620181792035,-13.489865423883755],[-73.08619461930851,-13.490769153473304],[-73.0852711314229,-13.490762106924798]]]}},{"type":"Feature","properties":{"Cell_ID":192,"Area_ha":1.0,"LC":"9:0.277162,13:0.522275,14:0.200562","XMIN":707154.86160847,"YMIN":8507683.59738907,"XMAX":707254.86160847,"YMAX":8507783.59738907},"geometry":{"type":"Polygon","coordinates":[[[-73.08526392881491,-13.491665835956338],[-73.0852711314229,-13.490762106924798],[-73.08619461930851,-13.490769153473304],[-73.08618742016924,-13.491672882994118],[-73.08526392881491,-13.491665835956338]]]}},{"type":"Feature","properties":{"Cell_ID":193,"Area_ha":1.0,"LC":"9:0.361292,13:0.638708","XMIN":707154.86160847,"YMIN":8507583.59738907,"XMAX":707254.86160847,"YMAX":8507683.59738907},"geometry":{"type":"Polygon","coordinates":[[[-73.08525672567923,-13.492569564919135],[-73.08526392881491,-13.491665835956338],[-73.08618742016924,-13.491672882994118],[-73.0861802205025,-13.492576612446191],[-73.08525672567923,-13.492569564919135]]]}},{"type":"Feature","properties":{"Cell_ID":194,"Area_ha":1.0,"LC":"9:0.980210,13:0.019790","XMIN":707154.86160847,"YMIN":8507483.59738907,"XMAX":707254.86160847,"YMAX":8507583.59738907},"geometry":{"type":"Polygon","coordinates":[[[-73.08524952201583,-13.493473293813175],[-73.08525672567923,-13.492569564919135],[-73.0861802205025,-13.492576612446191],[-73.08617302030831,-13.493480341829516],[-73.08524952201583,-13.493473293813175]]]}},{"type":"Feature","properties":{"Cell_ID":195,"Area_ha":1.0,"LC":"9:0.882010,13:0.117990","XMIN":707154.86160847,"YMIN":8507383.59738907,"XMAX":707254.86160847,"YMAX":8507483.59738907},"geometry":{"type":"Polygon","coordinates":[[[-73.08524231782471,-13.494377022638469],[-73.08524952201583,-13.493473293813175],[-73.08617302030831,-13.493480341829516],[-73.08616581958667,-13.494384071144095],[-73.08524231782471,-13.494377022638469]]]}},{"type":"Feature","properties":{"Cell_ID":196,"Area_ha":1.0,"LC":"9:0.881868,13:0.118132","XMIN":707154.86160847,"YMIN":8507283.59738907,"XMAX":707254.86160847,"YMAX":8507383.59738907},"geometry":{"type":"Polygon","coordinates":[[[-73.08523511310588,-13.495280751395004],[-73.08524231782471,-13.494377022638469],[-73.08616581958667,-13.494384071144095],[-73.08615861833754,-13.495287800389917],[-73.08523511310588,-13.495280751395004]]]}},{"type":"Feature","properties":{"Cell_ID":197,"Area_ha":1.0,"LC":"9:0.980281,13:0.019719","XMIN":707154.86160847,"YMIN":8507183.59738907,"XMAX":707254.86160847,"YMAX":8507283.59738907},"geometry":{"type":"Polygon","coordinates":[[[-73.08522790785929,-13.496184480082773],[-73.08523511310588,-13.495280751395004],[-73.08615861833754,-13.495287800389917],[-73.08615141656092,-13.49619152956698],[-73.08522790785929,-13.496184480082773]]]}},{"type":"Feature","properties":{"Cell_ID":198,"Area_ha":1.0,"LC":"9:0.815363,13:0.184159,16:0.000478","XMIN":707154.86160847,"YMIN":8507083.59738907,"XMAX":707254.86160847,"YMAX":8507183.59738907},"geometry":{"type":"Polygon","coordinates":[[[-73.08522070208497,-13.49708820870178],[-73.08522790785929,-13.496184480082773],[-73.08615141656092,-13.49619152956698],[-73.08614421425682,-13.497095258675284],[-73.08522070208497,-13.49708820870178]]]}},{"type":"Feature","properties":{"Cell_ID":199,"Area_ha":1.0,"LC":"9:0.996600,16:0.003400","XMIN":707154.86160847,"YMIN":8506983.59738907,"XMAX":707254.86160847,"YMAX":8507083.59738907},"geometry":{"type":"Polygon","coordinates":[[[-73.0852134957829,-13.497991937252014],[-73.08522070208497,-13.49708820870178],[-73.08614421425682,-13.497095258675284],[-73.08613701142522,-13.497998987714816],[-73.0852134957829,-13.497991937252014]]]}},{"type":"Feature","properties":{"Cell_ID":200,"Area_ha":1.0,"LC":"9:1.000000","XMIN":707154.86160847,"YMIN":8506883.59738907,"XMAX":707254.86160847,"YMAX":8506983.59738907},"geometry":{"type":"Polygon","coordinates":[[[-73.08520628895303,-13.498895665733473],[-73.0852134957829,-13.497991937252014],[-73.08613701142522,-13.497998987714816],[-73.0861298080661,-13.498902716685578],[-73.08520628895303,-13.498895665733473]]]}},{"type":"Feature","properties":{"Cell_ID":201,"Area_ha":1.0,"LC":"9:0.344315,13:0.200885,16:0.318061,18:0.136739","XMIN":707154.86160847,"YMIN":8506783.59738907,"XMAX":707254.86160847,"YMAX":8506883.59738907},"geometry":{"type":"Polygon","coordinates":[[[-73.08519908159542,-13.499799394146153],[-73.08520628895303,-13.498895665733473],[-73.0861298080661,-13.498902716685578],[-73.08612260417947,-13.499806445587563],[-73.08519908159542,-13.499799394146153]]]}},{"type":"Feature","properties":{"Cell_ID":202,"Area_ha":1.0,"LC":"9:0.535208,13:0.125410,18:0.339383","XMIN":707154.86160847,"YMIN":8506683.59738907,"XMAX":707254.86160847,"YMAX":8506783.59738907},"geometry":{"type":"Polygon","coordinates":[[[-73.08519187371002,-13.50070312249005],[-73.08519908159542,-13.499799394146153],[-73.08612260417947,-13.499806445587563],[-73.0861153997653,-13.500710174420771],[-73.08519187371002,-13.50070312249005]]]}},{"type":"Feature","properties":{"Cell_ID":203,"Area_ha":1.0,"LC":"9:0.998061,13:0.001939","XMIN":707154.86160847,"YMIN":8506583.59738907,"XMAX":707254.86160847,"YMAX":8506683.59738907},"geometry":{"type":"Polygon","coordinates":[[[-73.08518466529681,-13.501606850765157],[-73.08519187371002,-13.50070312249005],[-73.0861153997653,-13.500710174420771],[-73.08610819482361,-13.501613903185191],[-73.08518466529681,-13.501606850765157]]]}},{"type":"Feature","properties":{"Cell_ID":204,"Area_ha":1.0,"LC":"9:0.998539,13:0.001461","XMIN":707154.86160847,"YMIN":8506483.59738907,"XMAX":707254.86160847,"YMAX":8506583.59738907},"geometry":{"type":"Polygon","coordinates":[[[-73.08517745635581,-13.502510578971476],[-73.08518466529681,-13.501606850765157],[-73.08610819482361,-13.501613903185191],[-73.08610098935435,-13.502517631880824],[-73.08517745635581,-13.502510578971476]]]}},{"type":"Feature","properties":{"Cell_ID":205,"Area_ha":1.0,"LC":"9:0.559593,18:0.440407","XMIN":707154.86160847,"YMIN":8506383.59738907,"XMAX":707254.86160847,"YMAX":8506483.59738907},"geometry":{"type":"Polygon","coordinates":[[[-73.08517024688699,-13.503414307108995],[-73.08517745635581,-13.502510578971476],[-73.08610098935435,-13.502517631880824],[-73.08609378335753,-13.503421360507668],[-73.08517024688699,-13.503414307108995]]]}},{"type":"Feature","properties":{"Cell_ID":206,"Area_ha":1.0,"LC":"9:0.959438,18:0.040562","XMIN":707154.86160847,"YMIN":8506283.59738907,"XMAX":707254.86160847,"YMAX":8506383.59738907},"geometry":{"type":"Polygon","coordinates":[[[-73.08516303689034,-13.504318035177711],[-73.08517024688699,-13.503414307108995],[-73.08609378335753,-13.503421360507668],[-73.08608657683315,-13.504325089065707],[-73.08516303689034,-13.504318035177711]]]}},{"type":"Feature","properties":{"Cell_ID":207,"Area_ha":1.0,"LC":"9:0.941729,18:0.058271","XMIN":707154.86160847,"YMIN":8506183.59738907,"XMAX":707254.86160847,"YMAX":8506283.59738907},"geometry":{"type":"Polygon","coordinates":[[[-73.08515582636588,-13.505221763177623],[-73.08516303689034,-13.504318035177711],[-73.08608657683315,-13.504325089065707],[-73.08607936978119,-13.505228817554947],[-73.08515582636588,-13.505221763177623]]]}},{"type":"Feature","properties":{"Cell_ID":208,"Area_ha":1.0,"LC":"9:0.941180,18:0.058820","XMIN":707154.86160847,"YMIN":8506083.59738907,"XMAX":707254.86160847,"YMAX":8506183.59738907},"geometry":{"type":"Polygon","coordinates":[[[-73.08514861531356,-13.50612549110873],[-73.08515582636588,-13.505221763177623],[-73.08607936978119,-13.505228817554947],[-73.08607216220165,-13.506132545975385],[-73.08514861531356,-13.50612549110873]]]}},{"type":"Feature","properties":{"Cell_ID":209,"Area_ha":1.0,"LC":"6:0.196458,9:0.803542","XMIN":707154.86160847,"YMIN":8505983.59738907,"XMAX":707254.86160847,"YMAX":8506083.59738907},"geometry":{"type":"Polygon","coordinates":[[[-73.0851414037334,-13.507029218971018],[-73.08514861531356,-13.50612549110873],[-73.08607216220165,-13.506132545975385],[-73.0860649540945,-13.507036274327008],[-73.0851414037334,-13.507029218971018]]]}},{"type":"Feature","properties":{"Cell_ID":210,"Area_ha":1.0,"LC":"6:0.403542,9:0.079929,16:0.137302,17:0.379227","XMIN":707154.86160847,"YMIN":8505883.59738907,"XMAX":707254.86160847,"YMAX":8505983.59738907},"geometry":{"type":"Polygon","coordinates":[[[-73.08513419162537,-13.507932946764491],[-73.0851414037334,-13.507029218971018],[-73.0860649540945,-13.507036274327008],[-73.08605774545974,-13.507940002609821],[-73.08513419162537,-13.507932946764491]]]}},{"type":"Feature","properties":{"Cell_ID":211,"Area_ha":1.0,"LC":"9:0.801040,16:0.177217,17:0.021742","XMIN":707154.86160847,"YMIN":8505783.59738907,"XMAX":707254.86160847,"YMAX":8505883.59738907},"geometry":{"type":"Polygon","coordinates":[[[-73.08512697898948,-13.508836674489142],[-73.08513419162537,-13.507932946764491],[-73.08605774545974,-13.507940002609821],[-73.08605053629738,-13.508843730823813],[-73.08512697898948,-13.508836674489142]]]}},{"type":"Feature","properties":{"Cell_ID":212,"Area_ha":1.0,"LC":"9:0.061742,16:0.938258","XMIN":707154.86160847,"YMIN":8505683.59738907,"XMAX":707254.86160847,"YMAX":8505783.59738907},"geometry":{"type":"Polygon","coordinates":[[[-73.0851197658257,-13.509740402144963],[-73.08512697898948,-13.508836674489142],[-73.08605053629738,-13.508843730823813],[-73.0860433266074,-13.509747458968981],[-73.0851197658257,-13.509740402144963]]]}},{"type":"Feature","properties":{"Cell_ID":213,"Area_ha":1.0,"LC":"16:1.000000","XMIN":707154.86160847,"YMIN":8505583.59738907,"XMAX":707254.86160847,"YMAX":8505683.59738907},"geometry":{"type":"Polygon","coordinates":[[[-73.08511255213404,-13.510644129731956],[-73.0851197658257,-13.509740402144963],[-73.0860433266074,-13.509747458968981],[-73.08603611638976,-13.510651187045323],[-73.08511255213404,-13.510644129731956]]]}},{"type":"Feature","properties":{"Cell_ID":214,"Area_ha":1.0,"LC":"16:0.841556","XMIN":707154.86160847,"YMIN":8505483.59738907,"XMAX":707254.86160847,"YMAX":8505583.59738907},"geometry":{"type":"Polygon","coordinates":[[[-73.08510533791447,-13.511547857250113],[-73.08511255213404,-13.510644129731956],[-73.08603611638976,-13.510651187045323],[-73.0860289056445,-13.51155491505283],[-73.08510533791447,-13.511547857250113]]]}},{"type":"Feature","properties":{"Cell_ID":215,"Area_ha":1.0,"LC":"13:1.000000","XMIN":707254.86160847,"YMIN":8509183.59738907,"XMAX":707354.86160847,"YMAX":8509283.59738907},"geometry":{"type":"Polygon","coordinates":[[[-73.08444847370865,-13.478102850177153],[-73.08445567186716,-13.477199120604418],[-73.08537910722522,-13.47720616320526],[-73.08537191253158,-13.478109893267455],[-73.08444847370865,-13.478102850177153]]]}},{"type":"Feature","properties":{"Cell_ID":216,"Area_ha":1.0,"LC":"13:0.620437,14:0.379563","XMIN":707254.86160847,"YMIN":8509083.59738907,"XMAX":707354.86160847,"YMAX":8509183.59738907},"geometry":{"type":"Polygon","coordinates":[[[-73.08444127502233,-13.479006579681212],[-73.08444847370865,-13.478102850177153],[-73.08537191253158,-13.478109893267455],[-73.0853647173104,-13.47901362326097],[-73.08444127502233,-13.479006579681212]]]}},{"type":"Feature","properties":{"Cell_ID":217,"Area_ha":1.0,"LC":"9:0.479438,13:0.276051,14:0.244511","XMIN":707254.86160847,"YMIN":8508983.59738907,"XMAX":707354.86160847,"YMAX":8509083.59738907},"geometry":{"type":"Polygon","coordinates":[[[-73.08443407580819,-13.479910309116576],[-73.08444127502233,-13.479006579681212],[-73.0853647173104,-13.47901362326097],[-73.08535752156163,-13.479917353185801],[-73.08443407580819,-13.479910309116576]]]}},{"type":"Feature","properties":{"Cell_ID":218,"Area_ha":1.0,"LC":"9:0.297709,13:0.639579,14:0.062712","XMIN":707254.86160847,"YMIN":8508883.59738907,"XMAX":707354.86160847,"YMAX":8508983.59738907},"geometry":{"type":"Polygon","coordinates":[[[-73.0844268760662,-13.480814038483249],[-73.08443407580819,-13.479910309116576],[-73.08535752156163,-13.479917353185801],[-73.0853503252853,-13.480821083041942],[-73.0844268760662,-13.480814038483249]]]}},{"type":"Feature","properties":{"Cell_ID":219,"Area_ha":1.0,"LC":"5:0.003386,9:0.495996,13:0.000492,14:0.500126","XMIN":707254.86160847,"YMIN":8508783.59738907,"XMAX":707354.86160847,"YMAX":8508883.59738907},"geometry":{"type":"Polygon","coordinates":[[[-73.0844196757964,-13.481717767781225],[-73.0844268760662,-13.480814038483249],[-73.0853503252853,-13.480821083041942],[-73.08534312848138,-13.481724812829388],[-73.0844196757964,-13.481717767781225]]]}},{"type":"Feature","properties":{"Cell_ID":220,"Area_ha":1.0,"LC":"5:0.082431,9:0.416726,14:0.500844","XMIN":707254.86160847,"YMIN":8508683.59738907,"XMAX":707354.86160847,"YMAX":8508783.59738907},"geometry":{"type":"Polygon","coordinates":[[[-73.08441247499873,-13.482621497010499],[-73.0844196757964,-13.481717767781225],[-73.08534312848138,-13.481724812829388],[-73.08533593114987,-13.482628542548138],[-73.08441247499873,-13.482621497010499]]]}},{"type":"Feature","properties":{"Cell_ID":221,"Area_ha":1.0,"LC":"9:1.000000","XMIN":707254.86160847,"YMIN":8508583.59738907,"XMAX":707354.86160847,"YMAX":8508683.59738907},"geometry":{"type":"Polygon","coordinates":[[[-73.0844052736732,-13.483525226171073],[-73.08441247499873,-13.482621497010499],[-73.08533593114987,-13.482628542548138],[-73.08532873329075,-13.48353227219819],[-73.0844052736732,-13.483525226171073]]]}},{"type":"Feature","properties":{"Cell_ID":222,"Area_ha":1.0,"LC":"9:0.502783,14:0.497217","XMIN":707254.86160847,"YMIN":8508483.59738907,"XMAX":707354.86160847,"YMAX":8508583.59738907},"geometry":{"type":"Polygon","coordinates":[[[-73.08439807181982,-13.484428955262937],[-73.0844052736732,-13.483525226171073],[-73.08532873329075,-13.48353227219819],[-73.08532153490401,-13.484436001779535],[-73.08439807181982,-13.484428955262937]]]}},{"type":"Feature","properties":{"Cell_ID":223,"Area_ha":1.0,"LC":"3:0.097302,5:0.360323,9:0.239593,14:0.302783","XMIN":707254.86160847,"YMIN":8508383.59738907,"XMAX":707354.86160847,"YMAX":8508483.59738907},"geometry":{"type":"Polygon","coordinates":[[[-73.08439086943854,-13.485332684286082],[-73.08439807181982,-13.484428955262937],[-73.08532153490401,-13.484436001779535],[-73.08531433598966,-13.485339731292164],[-73.08439086943854,-13.485332684286082]]]}},{"type":"Feature","properties":{"Cell_ID":224,"Area_ha":1.0,"LC":"3:0.102698,5:0.441616,9:0.455685","XMIN":707254.86160847,"YMIN":8508283.59738907,"XMAX":707354.86160847,"YMAX":8508383.59738907},"geometry":{"type":"Polygon","coordinates":[[[-73.08438366652939,-13.486236413240508],[-73.08439086943854,-13.485332684286082],[-73.08531433598966,-13.485339731292164],[-73.08530713654767,-13.486243460736082],[-73.08438366652939,-13.486236413240508]]]}},{"type":"Feature","properties":{"Cell_ID":225,"Area_ha":1.0,"LC":"5:0.757414,9:0.223345,14:0.019241","XMIN":707254.86160847,"YMIN":8508183.59738907,"XMAX":707354.86160847,"YMAX":8508283.59738907},"geometry":{"type":"Polygon","coordinates":[[[-73.08437646309234,-13.487140142126215],[-73.08438366652939,-13.486236413240508],[-73.08530713654767,-13.486243460736082],[-73.08529993657804,-13.487147190111282],[-73.08437646309234,-13.487140142126215]]]}},{"type":"Feature","properties":{"Cell_ID":226,"Area_ha":1.0,"LC":"5:0.821180,14:0.178820","XMIN":707254.86160847,"YMIN":8508083.59738907,"XMAX":707354.86160847,"YMAX":8508183.59738907},"geometry":{"type":"Polygon","coordinates":[[[-73.08436925912739,-13.488043870943194],[-73.08437646309234,-13.487140142126215],[-73.08529993657804,-13.487147190111282],[-73.08529273608075,-13.488050919417756],[-73.08436925912739,-13.488043870943194]]]}},{"type":"Feature","properties":{"Cell_ID":227,"Area_ha":1.0,"LC":"5:0.339467,9:0.423597,13:0.216739,14:0.020197","XMIN":707254.86160847,"YMIN":8507983.59738907,"XMAX":707354.86160847,"YMAX":8508083.59738907},"geometry":{"type":"Polygon","coordinates":[[[-73.08436205463451,-13.488947599691443],[-73.08436925912739,-13.488043870943194],[-73.08529273608075,-13.488050919417756],[-73.08528553505582,-13.488954648655504],[-73.08436205463451,-13.488947599691443]]]}},{"type":"Feature","properties":{"Cell_ID":228,"Area_ha":1.0,"LC":"9:0.262220,13:0.455912,14:0.281868","XMIN":707254.86160847,"YMIN":8507883.59738907,"XMAX":707354.86160847,"YMAX":8507983.59738907},"geometry":{"type":"Polygon","coordinates":[[[-73.08435484961369,-13.489851328370953],[-73.08436205463451,-13.488947599691443],[-73.08528553505582,-13.488954648655504],[-73.0852783335032,-13.48985837782452],[-73.08435484961369,-13.489851328370953]]]}},{"type":"Feature","properties":{"Cell_ID":229,"Area_ha":1.0,"LC":"13:0.759438,14:0.240562","XMIN":707254.86160847,"YMIN":8507783.59738907,"XMAX":707354.86160847,"YMAX":8507883.59738907},"geometry":{"type":"Polygon","coordinates":[[[-73.08434764406496,-13.490755056981728],[-73.08435484961369,-13.489851328370953],[-73.0852783335032,-13.48985837782452],[-73.0852711314229,-13.490762106924798],[-73.08434764406496,-13.490755056981728]]]}},{"type":"Feature","properties":{"Cell_ID":230,"Area_ha":1.0,"LC":"9:0.059719,13:0.600085,14:0.340197","XMIN":707254.86160847,"YMIN":8507683.59738907,"XMAX":707354.86160847,"YMAX":8507783.59738907},"geometry":{"type":"Polygon","coordinates":[[[-73.08434043798829,-13.491658785523756],[-73.08434764406496,-13.490755056981728],[-73.0852711314229,-13.490762106924798],[-73.08526392881491,-13.491665835956338],[-73.08434043798829,-13.491658785523756]]]}},{"type":"Feature","properties":{"Cell_ID":231,"Area_ha":1.0,"LC":"9:0.758875,13:0.158132,14:0.082993","XMIN":707254.86160847,"YMIN":8507583.59738907,"XMAX":707354.86160847,"YMAX":8507683.59738907},"geometry":{"type":"Polygon","coordinates":[[[-73.08433323138365,-13.492562513997038],[-73.08434043798829,-13.491658785523756],[-73.08526392881491,-13.491665835956338],[-73.08525672567923,-13.492569564919135],[-73.08433323138365,-13.492562513997038]]]}},{"type":"Feature","properties":{"Cell_ID":232,"Area_ha":1.0,"LC":"9:1.000000","XMIN":707254.86160847,"YMIN":8507483.59738907,"XMAX":707354.86160847,"YMAX":8507583.59738907},"geometry":{"type":"Polygon","coordinates":[[[-73.08432602425106,-13.493466242401562],[-73.08433323138365,-13.492562513997038],[-73.08525672567923,-13.492569564919135],[-73.08524952201583,-13.493473293813175],[-73.08432602425106,-13.493466242401562]]]}},{"type":"Feature","properties":{"Cell_ID":233,"Area_ha":1.0,"LC":"9:1.000000","XMIN":707254.86160847,"YMIN":8507383.59738907,"XMAX":707354.86160847,"YMAX":8507483.59738907},"geometry":{"type":"Polygon","coordinates":[[[-73.0843188165905,-13.494369970737333],[-73.08432602425106,-13.493466242401562],[-73.08524952201583,-13.493473293813175],[-73.08524231782471,-13.494377022638469],[-73.0843188165905,-13.494369970737333]]]}},{"type":"Feature","properties":{"Cell_ID":234,"Area_ha":1.0,"LC":"9:1.000000","XMIN":707254.86160847,"YMIN":8507283.59738907,"XMAX":707354.86160847,"YMAX":8507383.59738907},"geometry":{"type":"Polygon","coordinates":[[[-73.08431160840195,-13.495273699004343],[-73.0843188165905,-13.494369970737333],[-73.08524231782471,-13.494377022638469],[-73.08523511310588,-13.495280751395004],[-73.08431160840195,-13.495273699004343]]]}},{"type":"Feature","properties":{"Cell_ID":235,"Area_ha":1.0,"LC":"9:1.000000","XMIN":707254.86160847,"YMIN":8507183.59738907,"XMAX":707354.86160847,"YMAX":8507283.59738907},"geometry":{"type":"Polygon","coordinates":[[[-73.08430439968541,-13.496177427202586],[-73.08431160840195,-13.495273699004343],[-73.08523511310588,-13.495280751395004],[-73.08522790785929,-13.496184480082773],[-73.08430439968541,-13.496177427202586]]]}},{"type":"Feature","properties":{"Cell_ID":236,"Area_ha":1.0,"LC":"9:0.423345,13:0.317092,16:0.259563","XMIN":707254.86160847,"YMIN":8507083.59738907,"XMAX":707354.86160847,"YMAX":8507183.59738907},"geometry":{"type":"Polygon","coordinates":[[[-73.08429719044086,-13.49708115533206],[-73.08430439968541,-13.496177427202586],[-73.08522790785929,-13.496184480082773],[-73.08522070208497,-13.49708820870178],[-73.08429719044086,-13.49708115533206]]]}},{"type":"Feature","properties":{"Cell_ID":237,"Area_ha":1.0,"LC":"9:0.137624,16:0.862376","XMIN":707254.86160847,"YMIN":8506983.59738907,"XMAX":707354.86160847,"YMAX":8507083.59738907},"geometry":{"type":"Polygon","coordinates":[[[-73.0842899806683,-13.49798488339276],[-73.08429719044086,-13.49708115533206],[-73.08522070208497,-13.49708820870178],[-73.0852134957829,-13.497991937252014],[-73.0842899806683,-13.49798488339276]]]}},{"type":"Feature","properties":{"Cell_ID":238,"Area_ha":1.0,"LC":"9:0.561125,13:0.438875","XMIN":707254.86160847,"YMIN":8506883.59738907,"XMAX":707354.86160847,"YMAX":8506983.59738907},"geometry":{"type":"Polygon","coordinates":[[[-73.08428277036774,-13.49888861138468],[-73.0842899806683,-13.49798488339276],[-73.0852134957829,-13.497991937252014],[-73.08520628895303,-13.498895665733473],[-73.08428277036774,-13.49888861138468]]]}},{"type":"Feature","properties":{"Cell_ID":239,"Area_ha":1.0,"LC":"7:0.020197,9:0.660688,13:0.319115","XMIN":707254.86160847,"YMIN":8506783.59738907,"XMAX":707354.86160847,"YMAX":8506883.59738907},"geometry":{"type":"Polygon","coordinates":[[[-73.08427555953914,-13.499792339307819],[-73.08428277036774,-13.49888861138468],[-73.08520628895303,-13.498895665733473],[-73.08519908159542,-13.499799394146153],[-73.08427555953914,-13.499792339307819]]]}},{"type":"Feature","properties":{"Cell_ID":240,"Area_ha":1.0,"LC":"7:0.304651,9:0.300197,13:0.395153","XMIN":707254.86160847,"YMIN":8506683.59738907,"XMAX":707354.86160847,"YMAX":8506783.59738907},"geometry":{"type":"Polygon","coordinates":[[[-73.0842683481825,-13.500696067162172],[-73.08427555953914,-13.499792339307819],[-73.08519908159542,-13.499799394146153],[-73.08519187371002,-13.50070312249005],[-73.0842683481825,-13.500696067162172]]]}},{"type":"Feature","properties":{"Cell_ID":241,"Area_ha":1.0,"LC":"9:0.721939,13:0.278061","XMIN":707254.86160847,"YMIN":8506583.59738907,"XMAX":707354.86160847,"YMAX":8506683.59738907},"geometry":{"type":"Polygon","coordinates":[[[-73.08426113629781,-13.501599794947726],[-73.0842683481825,-13.500696067162172],[-73.08519187371002,-13.50070312249005],[-73.08518466529681,-13.501606850765157],[-73.08426113629781,-13.501599794947726]]]}},{"type":"Feature","properties":{"Cell_ID":242,"Area_ha":1.0,"LC":"9:0.840899,13:0.159101","XMIN":707254.86160847,"YMIN":8506483.59738907,"XMAX":707354.86160847,"YMAX":8506583.59738907},"geometry":{"type":"Polygon","coordinates":[[[-73.08425392388506,-13.50250352266449],[-73.08426113629781,-13.501599794947726],[-73.08518466529681,-13.501606850765157],[-73.08517745635581,-13.502510578971476],[-73.08425392388506,-13.50250352266449]]]}},{"type":"Feature","properties":{"Cell_ID":243,"Area_ha":1.0,"LC":"9:0.960969,18:0.039031","XMIN":707254.86160847,"YMIN":8506383.59738907,"XMAX":707354.86160847,"YMAX":8506483.59738907},"geometry":{"type":"Polygon","coordinates":[[[-73.08424671094426,-13.503407250312456],[-73.08425392388506,-13.50250352266449],[-73.08517745635581,-13.502510578971476],[-73.08517024688699,-13.503414307108995],[-73.08424671094426,-13.503407250312456]]]}},{"type":"Feature","properties":{"Cell_ID":244,"Area_ha":1.0,"LC":"9:1.000000","XMIN":707254.86160847,"YMIN":8506283.59738907,"XMAX":707354.86160847,"YMAX":8506383.59738907},"geometry":{"type":"Polygon","coordinates":[[[-73.08423949747537,-13.504310977891613],[-73.08424671094426,-13.503407250312456],[-73.08517024688699,-13.503414307108995],[-73.08516303689034,-13.504318035177711],[-73.08423949747537,-13.504310977891613]]]}},{"type":"Feature","properties":{"Cell_ID":245,"Area_ha":1.0,"LC":"9:1.000000","XMIN":707254.86160847,"YMIN":8506183.59738907,"XMAX":707354.86160847,"YMAX":8506283.59738907},"geometry":{"type":"Polygon","coordinates":[[[-73.08423228347839,-13.505214705401963],[-73.08423949747537,-13.504310977891613],[-73.08516303689034,-13.504318035177711],[-73.08515582636588,-13.505221763177623],[-73.08423228347839,-13.505214705401963]]]}},{"type":"Feature","properties":{"Cell_ID":246,"Area_ha":1.0,"LC":"9:0.976895,13:0.023105","XMIN":707254.86160847,"YMIN":8506083.59738907,"XMAX":707354.86160847,"YMAX":8506183.59738907},"geometry":{"type":"Polygon","coordinates":[[[-73.08422506895332,-13.5061184328435],[-73.08423228347839,-13.505214705401963],[-73.08515582636588,-13.505221763177623],[-73.08514861531356,-13.50612549110873],[-73.08422506895332,-13.5061184328435]]]}},{"type":"Feature","properties":{"Cell_ID":247,"Area_ha":1.0,"LC":"9:0.937288,13:0.062712","XMIN":707254.86160847,"YMIN":8505983.59738907,"XMAX":707354.86160847,"YMAX":8506083.59738907},"geometry":{"type":"Polygon","coordinates":[[[-73.08421785390014,-13.507022160216218],[-73.08422506895332,-13.5061184328435],[-73.08514861531356,-13.50612549110873],[-73.0851414037334,-13.507029218971018],[-73.08421785390014,-13.507022160216218]]]}},{"type":"Feature","properties":{"Cell_ID":248,"Area_ha":1.0,"LC":"6:0.378258,9:0.424315,17:0.197428","XMIN":707254.86160847,"YMIN":8505883.59738907,"XMAX":707354.86160847,"YMAX":8505983.59738907},"geometry":{"type":"Polygon","coordinates":[[[-73.08421063831885,-13.507925887520118],[-73.08421785390014,-13.507022160216218],[-73.0851414037334,-13.507029218971018],[-73.08513419162537,-13.507932946764491],[-73.08421063831885,-13.507925887520118]]]}},{"type":"Feature","properties":{"Cell_ID":249,"Area_ha":1.0,"LC":"6:0.020773,9:0.455770,14:0.201854,17:0.321603","XMIN":707254.86160847,"YMIN":8505783.59738907,"XMAX":707354.86160847,"YMAX":8505883.59738907},"geometry":{"type":"Polygon","coordinates":[[[-73.08420342220944,-13.508829614755191],[-73.08421063831885,-13.507925887520118],[-73.08513419162537,-13.507932946764491],[-73.08512697898948,-13.508836674489142],[-73.08420342220944,-13.508829614755191]]]}},{"type":"Feature","properties":{"Cell_ID":250,"Area_ha":1.0,"LC":"9:0.538258,14:0.082023,16:0.379719","XMIN":707254.86160847,"YMIN":8505683.59738907,"XMAX":707354.86160847,"YMAX":8505783.59738907},"geometry":{"type":"Polygon","coordinates":[[[-73.08419620557189,-13.509733341921429],[-73.08420342220944,-13.508829614755191],[-73.08512697898948,-13.508836674489142],[-73.0851197658257,-13.509740402144963],[-73.08419620557189,-13.509733341921429]]]}},{"type":"Feature","properties":{"Cell_ID":251,"Area_ha":1.0,"LC":"9:0.561532,16:0.438468","XMIN":707254.86160847,"YMIN":8505583.59738907,"XMAX":707354.86160847,"YMAX":8505683.59738907},"geometry":{"type":"Polygon","coordinates":[[[-73.0841889884062,-13.51063706901884],[-73.08419620557189,-13.509733341921429],[-73.0851197658257,-13.509740402144963],[-73.08511255213404,-13.510644129731956],[-73.0841889884062,-13.51063706901884]]]}},{"type":"Feature","properties":{"Cell_ID":252,"Area_ha":1.0,"LC":"9:0.080562,16:0.919438","XMIN":707254.86160847,"YMIN":8505483.59738907,"XMAX":707354.86160847,"YMAX":8505583.59738907},"geometry":{"type":"Polygon","coordinates":[[[-73.08418177071236,-13.511540796047408],[-73.0841889884062,-13.51063706901884],[-73.08511255213404,-13.510644129731956],[-73.08510533791447,-13.511547857250113],[-73.08418177071236,-13.511540796047408]]]}},{"type":"Feature","properties":{"Cell_ID":253,"Area_ha":1.0,"LC":"5:0.001939,9:0.001461,13:0.996600","XMIN":707354.86160847,"YMIN":8509183.59738907,"XMAX":707454.86160847,"YMAX":8509283.59738907},"geometry":{"type":"Polygon","coordinates":[[[-73.08352503541353,-13.478095803695599],[-73.08353223703692,-13.477192074612555],[-73.08445567186716,-13.477199120604418],[-73.08444847370865,-13.478102850177153],[-73.08352503541353,-13.478095803695599]]]}},{"type":"Feature","properties":{"Cell_ID":254,"Area_ha":1.0,"LC":"13:0.542376,14:0.457624","XMIN":707354.86160847,"YMIN":8509083.59738907,"XMAX":707454.86160847,"YMAX":8509183.59738907},"geometry":{"type":"Polygon","coordinates":[[[-73.08351783326209,-13.478999532709956],[-73.08352503541353,-13.478095803695599],[-73.08444847370865,-13.478102850177153],[-73.08444127502233,-13.479006579681212],[-73.08351783326209,-13.478999532709956]]]}},{"type":"Feature","properties":{"Cell_ID":255,"Area_ha":1.0,"LC":"9:0.460197,14:0.539803","XMIN":707354.86160847,"YMIN":8508983.59738907,"XMAX":707454.86160847,"YMAX":8509083.59738907},"geometry":{"type":"Polygon","coordinates":[[[-73.08351063058257,-13.479903261655624],[-73.08351783326209,-13.478999532709956],[-73.08444127502233,-13.479006579681212],[-73.08443407580819,-13.479910309116576],[-73.08351063058257,-13.479903261655624]]]}},{"type":"Feature","properties":{"Cell_ID":256,"Area_ha":1.0,"LC":"5:0.120885,9:0.061742,13:0.336739,14:0.480633","XMIN":707354.86160847,"YMIN":8508883.59738907,"XMAX":707454.86160847,"YMAX":8508983.59738907},"geometry":{"type":"Polygon","coordinates":[[[-73.08350342737495,-13.480806990532592],[-73.08351063058257,-13.479903261655624],[-73.08443407580819,-13.479910309116576],[-73.0844268760662,-13.480814038483249],[-73.08350342737495,-13.480806990532592]]]}},{"type":"Feature","properties":{"Cell_ID":257,"Area_ha":1.0,"LC":"5:0.738201,6:0.082417,13:0.060352,14:0.119031","XMIN":707354.86160847,"YMIN":8508783.59738907,"XMAX":707454.86160847,"YMAX":8508883.59738907},"geometry":{"type":"Polygon","coordinates":[[[-73.08349622363926,-13.481710719340857],[-73.08350342737495,-13.480806990532592],[-73.0844268760662,-13.480814038483249],[-73.0844196757964,-13.481717767781225],[-73.08349622363926,-13.481710719340857]]]}},{"type":"Feature","properties":{"Cell_ID":258,"Area_ha":1.0,"LC":"5:0.578976,6:0.000492,9:0.420533","XMIN":707354.86160847,"YMIN":8508683.59738907,"XMAX":707454.86160847,"YMAX":8508783.59738907},"geometry":{"type":"Polygon","coordinates":[[[-73.08348901937545,-13.482614448080424],[-73.08349622363926,-13.481710719340857],[-73.0844196757964,-13.481717767781225],[-73.08441247499873,-13.482621497010499],[-73.08348901937545,-13.482614448080424]]]}},{"type":"Feature","properties":{"Cell_ID":259,"Area_ha":1.0,"LC":"5:0.401784,9:0.598216","XMIN":707354.86160847,"YMIN":8508583.59738907,"XMAX":707454.86160847,"YMAX":8508683.59738907},"geometry":{"type":"Polygon","coordinates":[[[-73.08348181458354,-13.483518176751282],[-73.08348901937545,-13.482614448080424],[-73.08441247499873,-13.482621497010499],[-73.0844052736732,-13.483525226171073],[-73.08348181458354,-13.483518176751282]]]}},{"type":"Feature","properties":{"Cell_ID":260,"Area_ha":1.0,"LC":"5:0.323064,9:0.497780,14:0.179156","XMIN":707354.86160847,"YMIN":8508483.59738907,"XMAX":707454.86160847,"YMAX":8508583.59738907},"geometry":{"type":"Polygon","coordinates":[[[-73.08347460926349,-13.484421905353425],[-73.08348181458354,-13.483518176751282],[-73.0844052736732,-13.483525226171073],[-73.08439807181982,-13.484428955262937],[-73.08347460926349,-13.484421905353425]]]}},{"type":"Feature","properties":{"Cell_ID":261,"Area_ha":1.0,"LC":"5:0.137709,9:0.240478,13:0.001939,14:0.619874","XMIN":707354.86160847,"YMIN":8508383.59738907,"XMAX":707454.86160847,"YMAX":8508483.59738907},"geometry":{"type":"Polygon","coordinates":[[[-73.08346740341531,-13.48532563388685],[-73.08347460926349,-13.484421905353425],[-73.08439807181982,-13.484428955262937],[-73.08439086943854,-13.485332684286082],[-73.08346740341531,-13.48532563388685]]]}},{"type":"Feature","properties":{"Cell_ID":262,"Area_ha":1.0,"LC":"3:0.717977,5:0.140352,9:0.141671","XMIN":707354.86160847,"YMIN":8508283.59738907,"XMAX":707454.86160847,"YMAX":8508383.59738907},"geometry":{"type":"Polygon","coordinates":[[[-73.083460197039,-13.486229362351553],[-73.08346740341531,-13.48532563388685],[-73.08439086943854,-13.485332684286082],[-73.08438366652939,-13.486236413240508],[-73.083460197039,-13.486229362351553]]]}},{"type":"Feature","properties":{"Cell_ID":263,"Area_ha":1.0,"LC":"3:0.041054,5:0.336177,9:0.622769","XMIN":707354.86160847,"YMIN":8508183.59738907,"XMAX":707454.86160847,"YMAX":8508283.59738907},"geometry":{"type":"Polygon","coordinates":[[[-73.08345299013455,-13.487133090747532],[-73.083460197039,-13.486229362351553],[-73.08438366652939,-13.486236413240508],[-73.08437646309234,-13.487140142126215],[-73.08345299013455,-13.487133090747532]]]}},{"type":"Feature","properties":{"Cell_ID":264,"Area_ha":1.0,"LC":"5:0.996122,9:0.003878","XMIN":707354.86160847,"YMIN":8508083.59738907,"XMAX":707454.86160847,"YMAX":8508183.59738907},"geometry":{"type":"Polygon","coordinates":[[[-73.0834457827019,-13.488036819074779],[-73.08345299013455,-13.487133090747532],[-73.08437646309234,-13.487140142126215],[-73.08436925912739,-13.488043870943194],[-73.0834457827019,-13.488036819074779]]]}},{"type":"Feature","properties":{"Cell_ID":265,"Area_ha":1.0,"LC":"5:0.300915,9:0.460688,14:0.238397","XMIN":707354.86160847,"YMIN":8507983.59738907,"XMAX":707454.86160847,"YMAX":8508083.59738907},"geometry":{"type":"Polygon","coordinates":[[[-73.08343857474112,-13.488940547333291],[-73.0834457827019,-13.488036819074779],[-73.08436925912739,-13.488043870943194],[-73.08436205463451,-13.488947599691443],[-73.08343857474112,-13.488940547333291]]]}},{"type":"Feature","properties":{"Cell_ID":266,"Area_ha":1.0,"LC":"9:0.442908,13:0.138678,14:0.418413","XMIN":707354.86160847,"YMIN":8507883.59738907,"XMAX":707454.86160847,"YMAX":8507983.59738907},"geometry":{"type":"Polygon","coordinates":[[[-73.08343136625214,-13.489844275523064],[-73.08343857474112,-13.488940547333291],[-73.08436205463451,-13.488947599691443],[-73.08435484961369,-13.489851328370953],[-73.08343136625214,-13.489844275523064]]]}},{"type":"Feature","properties":{"Cell_ID":267,"Area_ha":1.0,"LC":"9:0.579648,13:0.400071,14:0.020281","XMIN":707354.86160847,"YMIN":8507783.59738907,"XMAX":707454.86160847,"YMAX":8507883.59738907},"geometry":{"type":"Polygon","coordinates":[[[-73.08342415723499,-13.490748003644095],[-73.08343136625214,-13.489844275523064],[-73.08435484961369,-13.489851328370953],[-73.08434764406496,-13.490755056981728],[-73.08342415723499,-13.490748003644095]]]}},{"type":"Feature","properties":{"Cell_ID":268,"Area_ha":1.0,"LC":"9:0.323064,13:0.415841,14:0.261095","XMIN":707354.86160847,"YMIN":8507683.59738907,"XMAX":707454.86160847,"YMAX":8507783.59738907},"geometry":{"type":"Polygon","coordinates":[[[-73.08341694768961,-13.49165173169638],[-73.08342415723499,-13.490748003644095],[-73.08434764406496,-13.490755056981728],[-73.08434043798829,-13.491658785523756],[-73.08341694768961,-13.49165173169638]]]}},{"type":"Feature","properties":{"Cell_ID":269,"Area_ha":1.0,"LC":"5:0.000969,9:0.117021,13:0.120562,14:0.761447","XMIN":707354.86160847,"YMIN":8507583.59738907,"XMAX":707454.86160847,"YMAX":8507683.59738907},"geometry":{"type":"Polygon","coordinates":[[[-73.08340973761605,-13.492555459679911],[-73.08341694768961,-13.49165173169638],[-73.08434043798829,-13.491658785523756],[-73.08433323138365,-13.492562513997038],[-73.08340973761605,-13.492555459679911]]]}},{"type":"Feature","properties":{"Cell_ID":270,"Area_ha":1.0,"LC":"5:0.481292,9:0.295434,14:0.223274","XMIN":707354.86160847,"YMIN":8507483.59738907,"XMAX":707454.86160847,"YMAX":8507583.59738907},"geometry":{"type":"Polygon","coordinates":[[[-73.08340252701427,-13.493459187594684],[-73.08340973761605,-13.492555459679911],[-73.08433323138365,-13.492562513997038],[-73.08432602425106,-13.493466242401562],[-73.08340252701427,-13.493459187594684]]]}},{"type":"Feature","properties":{"Cell_ID":271,"Area_ha":1.0,"LC":"5:0.125494,9:0.874506","XMIN":707354.86160847,"YMIN":8507383.59738907,"XMAX":707454.86160847,"YMAX":8507483.59738907},"geometry":{"type":"Polygon","coordinates":[[[-73.08339531588426,-13.494362915440696],[-73.08340252701427,-13.493459187594684],[-73.08432602425106,-13.493466242401562],[-73.0843188165905,-13.494369970737333],[-73.08339531588426,-13.494362915440696]]]}},{"type":"Feature","properties":{"Cell_ID":272,"Area_ha":1.0,"LC":"9:1.000000","XMIN":707354.86160847,"YMIN":8507283.59738907,"XMAX":707454.86160847,"YMAX":8507383.59738907},"geometry":{"type":"Polygon","coordinates":[[[-73.083388104226,-13.495266643217949],[-73.08339531588426,-13.494362915440696],[-73.0843188165905,-13.494369970737333],[-73.08431160840195,-13.495273699004343],[-73.083388104226,-13.495266643217949]]]}},{"type":"Feature","properties":{"Cell_ID":273,"Area_ha":1.0,"LC":"9:0.978834,13:0.021166","XMIN":707354.86160847,"YMIN":8507183.59738907,"XMAX":707454.86160847,"YMAX":8507283.59738907},"geometry":{"type":"Polygon","coordinates":[[[-73.08338089203951,-13.496170370926427],[-73.083388104226,-13.495266643217949],[-73.08431160840195,-13.495273699004343],[-73.08430439968541,-13.496177427202586],[-73.08338089203951,-13.496170370926427]]]}},{"type":"Feature","properties":{"Cell_ID":274,"Area_ha":1.0,"LC":"9:0.519017,13:0.422712,16:0.058271","XMIN":707354.86160847,"YMIN":8507083.59738907,"XMAX":707454.86160847,"YMAX":8507183.59738907},"geometry":{"type":"Polygon","coordinates":[[[-73.08337367932477,-13.497074098566134],[-73.08338089203951,-13.496170370926427],[-73.08430439968541,-13.496177427202586],[-73.08429719044086,-13.49708115533206],[-73.08337367932477,-13.497074098566134]]]}},{"type":"Feature","properties":{"Cell_ID":275,"Area_ha":1.0,"LC":"5:0.120885,9:0.703203,16:0.175912","XMIN":707354.86160847,"YMIN":8506983.59738907,"XMAX":707454.86160847,"YMAX":8507083.59738907},"geometry":{"type":"Polygon","coordinates":[[[-73.08336646608176,-13.497977826137063],[-73.08337367932477,-13.497074098566134],[-73.08429719044086,-13.49708115533206],[-73.0842899806683,-13.49798488339276],[-73.08336646608176,-13.497977826137063]]]}},{"type":"Feature","properties":{"Cell_ID":276,"Area_ha":1.0,"LC":"5:0.444847,9:0.555153","XMIN":707354.86160847,"YMIN":8506883.59738907,"XMAX":707454.86160847,"YMAX":8506983.59738907},"geometry":{"type":"Polygon","coordinates":[[[-73.08335925231047,-13.498881553639206],[-73.08336646608176,-13.497977826137063],[-73.0842899806683,-13.49798488339276],[-73.08428277036774,-13.49888861138468],[-73.08335925231047,-13.498881553639206]]]}},{"type":"Feature","properties":{"Cell_ID":277,"Area_ha":1.0,"LC":"5:0.322023,7:0.038960,9:0.596193,13:0.042824","XMIN":707354.86160847,"YMIN":8506783.59738907,"XMAX":707454.86160847,"YMAX":8506883.59738907},"geometry":{"type":"Polygon","coordinates":[[[-73.0833520380109,-13.499785281072569],[-73.08335925231047,-13.498881553639206],[-73.08428277036774,-13.49888861138468],[-73.08427555953914,-13.499792339307819],[-73.0833520380109,-13.499785281072569]]]}},{"type":"Feature","properties":{"Cell_ID":278,"Area_ha":1.0,"LC":"7:0.356193,9:0.440814,13:0.041054,14:0.161939","XMIN":707354.86160847,"YMIN":8506683.59738907,"XMAX":707454.86160847,"YMAX":8506783.59738907},"geometry":{"type":"Polygon","coordinates":[[[-73.08334482318304,-13.50068900843714],[-73.0833520380109,-13.499785281072569],[-73.08427555953914,-13.499792339307819],[-73.0842683481825,-13.500696067162172],[-73.08334482318304,-13.50068900843714]]]}},{"type":"Feature","properties":{"Cell_ID":279,"Area_ha":1.0,"LC":"9:0.776488,13:0.223512","XMIN":707354.86160847,"YMIN":8506583.59738907,"XMAX":707454.86160847,"YMAX":8506683.59738907},"geometry":{"type":"Polygon","coordinates":[[[-73.08333760782688,-13.50159273573291],[-73.08334482318304,-13.50068900843714],[-73.0842683481825,-13.500696067162172],[-73.08426113629781,-13.501599794947726],[-73.08333760782688,-13.50159273573291]]]}},{"type":"Feature","properties":{"Cell_ID":280,"Area_ha":1.0,"LC":"9:0.938665,13:0.061335","XMIN":707354.86160847,"YMIN":8506483.59738907,"XMAX":707454.86160847,"YMAX":8506583.59738907},"geometry":{"type":"Polygon","coordinates":[[[-73.0833303919424,-13.502496462959884],[-73.08333760782688,-13.50159273573291],[-73.08426113629781,-13.501599794947726],[-73.08425392388506,-13.50250352266449],[-73.0833303919424,-13.502496462959884]]]}},{"type":"Feature","properties":{"Cell_ID":281,"Area_ha":1.0,"LC":"9:1.000000","XMIN":707354.86160847,"YMIN":8506383.59738907,"XMAX":707454.86160847,"YMAX":8506483.59738907},"geometry":{"type":"Polygon","coordinates":[[[-73.0833231755296,-13.503400190118056],[-73.0833303919424,-13.502496462959884],[-73.08425392388506,-13.50250352266449],[-73.08424671094426,-13.503407250312456],[-73.0833231755296,-13.503400190118056]]]}},{"type":"Feature","properties":{"Cell_ID":282,"Area_ha":1.0,"LC":"5:0.161447,9:0.838553","XMIN":707354.86160847,"YMIN":8506283.59738907,"XMAX":707454.86160847,"YMAX":8506383.59738907},"geometry":{"type":"Polygon","coordinates":[[[-73.08331595858847,-13.50430391720742],[-73.0833231755296,-13.503400190118056],[-73.08424671094426,-13.503407250312456],[-73.08423949747537,-13.504310977891613],[-73.08331595858847,-13.50430391720742]]]}},{"type":"Feature","properties":{"Cell_ID":283,"Area_ha":1.0,"LC":"5:0.003400,9:0.996600","XMIN":707354.86160847,"YMIN":8506183.59738907,"XMAX":707454.86160847,"YMAX":8506283.59738907},"geometry":{"type":"Polygon","coordinates":[[[-73.08330874111901,-13.50520764422797],[-73.08331595858847,-13.50430391720742],[-73.08423949747537,-13.504310977891613],[-73.08423228347839,-13.505214705401963],[-73.08330874111901,-13.50520764422797]]]}},{"type":"Feature","properties":{"Cell_ID":284,"Area_ha":1.0,"LC":"9:0.664230,13:0.335770","XMIN":707354.86160847,"YMIN":8506083.59738907,"XMAX":707454.86160847,"YMAX":8506183.59738907},"geometry":{"type":"Polygon","coordinates":[[[-73.0833015231212,-13.506111371179706],[-73.08330874111901,-13.50520764422797],[-73.08423228347839,-13.505214705401963],[-73.08422506895332,-13.5061184328435],[-73.0833015231212,-13.506111371179706]]]}},{"type":"Feature","properties":{"Cell_ID":285,"Area_ha":1.0,"LC":"9:0.621587,13:0.378413","XMIN":707354.86160847,"YMIN":8505983.59738907,"XMAX":707454.86160847,"YMAX":8506083.59738907},"geometry":{"type":"Polygon","coordinates":[[[-73.08329430459501,-13.50701509806262],[-73.0833015231212,-13.506111371179706],[-73.08422506895332,-13.5061184328435],[-73.08421785390014,-13.507022160216218],[-73.08329430459501,-13.50701509806262]]]}},{"type":"Feature","properties":{"Cell_ID":286,"Area_ha":1.0,"LC":"5:0.121939,6:0.217624,9:0.660437","XMIN":707354.86160847,"YMIN":8505883.59738907,"XMAX":707454.86160847,"YMAX":8505983.59738907},"geometry":{"type":"Polygon","coordinates":[[[-73.08328708554046,-13.507918824876707],[-73.08329430459501,-13.50701509806262],[-73.08421785390014,-13.507022160216218],[-73.08421063831885,-13.507925887520118],[-73.08328708554046,-13.507918824876707]]]}},{"type":"Feature","properties":{"Cell_ID":287,"Area_ha":1.0,"LC":"6:0.142376,9:0.119353,14:0.137302,17:0.600969","XMIN":707354.86160847,"YMIN":8505783.59738907,"XMAX":707454.86160847,"YMAX":8505883.59738907},"geometry":{"type":"Polygon","coordinates":[[[-73.08327986595754,-13.508822551621968],[-73.08328708554046,-13.507918824876707],[-73.08421063831885,-13.507925887520118],[-73.08420342220944,-13.508829614755191],[-73.08327986595754,-13.508822551621968]]]}},{"type":"Feature","properties":{"Cell_ID":288,"Area_ha":1.0,"LC":"9:0.124525,14:0.058820,16:0.816655","XMIN":707354.86160847,"YMIN":8505683.59738907,"XMAX":707454.86160847,"YMAX":8505783.59738907},"geometry":{"type":"Polygon","coordinates":[[[-73.08327264584622,-13.50972627829839],[-73.08327986595754,-13.508822551621968],[-73.08420342220944,-13.508829614755191],[-73.08419620557189,-13.509733341921429],[-73.08327264584622,-13.50972627829839]]]}},{"type":"Feature","properties":{"Cell_ID":289,"Area_ha":1.0,"LC":"9:0.079031,16:0.920969","XMIN":707354.86160847,"YMIN":8505583.59738907,"XMAX":707454.86160847,"YMAX":8505683.59738907},"geometry":{"type":"Polygon","coordinates":[[[-73.08326542520652,-13.510630004905975],[-73.08327264584622,-13.50972627829839],[-73.08419620557189,-13.509733341921429],[-73.0841889884062,-13.51063706901884],[-73.08326542520652,-13.510630004905975]]]}},{"type":"Feature","properties":{"Cell_ID":290,"Area_ha":1.0,"LC":"16:1.000000","XMIN":707354.86160847,"YMIN":8505483.59738907,"XMAX":707454.86160847,"YMAX":8505583.59738907},"geometry":{"type":"Polygon","coordinates":[[[-73.0832582040384,-13.511533731444723],[-73.08326542520652,-13.510630004905975],[-73.0841889884062,-13.51063706901884],[-73.08418177071236,-13.511540796047408],[-73.0832582040384,-13.511533731444723]]]}},{"type":"Feature","properties":{"Cell_ID":291,"Area_ha":1.0,"LC":"13:0.467165,16:0.394917","XMIN":707354.86160847,"YMIN":8505383.59738907,"XMAX":707454.86160847,"YMAX":8505483.59738907},"geometry":{"type":"Polygon","coordinates":[[[-73.08325098234187,-13.512437457914618],[-73.0832582040384,-13.511533731444723],[-73.08418177071236,-13.511540796047408],[-73.08417455249035,-13.512444523007133],[-73.08325098234187,-13.512437457914618]]]}},{"type":"Feature","properties":{"Cell_ID":292,"Area_ha":1.0,"LC":"5:0.721125,13:0.200393,14:0.078482","XMIN":707454.86160847,"YMIN":8509083.59738907,"XMAX":707554.86160847,"YMAX":8509183.59738907},"geometry":{"type":"Polygon","coordinates":[[[-73.08259439202993,-13.478992482347214],[-73.08260159764649,-13.478088753822789],[-73.08352503541353,-13.478095803695599],[-73.08351783326209,-13.478999532709956],[-73.08259439202993,-13.478992482347214]]]}},{"type":"Feature","properties":{"Cell_ID":293,"Area_ha":1.0,"LC":"9:0.038960,13:0.684847,14:0.276193","XMIN":707454.86160847,"YMIN":8508983.59738907,"XMAX":707554.86160847,"YMAX":8509083.59738907},"geometry":{"type":"Polygon","coordinates":[[[-73.08258718588503,-13.479896210802945],[-73.08259439202993,-13.478992482347214],[-73.08351783326209,-13.478999532709956],[-73.08351063058257,-13.479903261655624],[-73.08258718588503,-13.479896210802945]]]}},{"type":"Feature","properties":{"Cell_ID":294,"Area_ha":1.0,"LC":"5:0.218594,9:0.119101,13:0.464244,14:0.198061","XMIN":707454.86160847,"YMIN":8508883.59738907,"XMAX":707554.86160847,"YMAX":8508983.59738907},"geometry":{"type":"Polygon","coordinates":[[[-73.0825799792118,-13.480799939189977],[-73.08258718588503,-13.479896210802945],[-73.08351063058257,-13.479903261655624],[-73.08350342737495,-13.480806990532592],[-73.0825799792118,-13.480799939189977]]]}},{"type":"Feature","properties":{"Cell_ID":295,"Area_ha":1.0,"LC":"5:0.260437,6:0.738594,9:0.000969","XMIN":707454.86160847,"YMIN":8508783.59738907,"XMAX":707554.86160847,"YMAX":8508883.59738907},"geometry":{"type":"Polygon","coordinates":[[[-73.08257277201021,-13.481703667508302],[-73.0825799792118,-13.480799939189977],[-73.08350342737495,-13.480806990532592],[-73.08349622363926,-13.481710719340857],[-73.08257277201021,-13.481703667508302]]]}},{"type":"Feature","properties":{"Cell_ID":296,"Area_ha":1.0,"LC":"5:0.199031,6:0.102376,9:0.416739,14:0.281854","XMIN":707454.86160847,"YMIN":8508683.59738907,"XMAX":707554.86160847,"YMAX":8508783.59738907},"geometry":{"type":"Polygon","coordinates":[[[-73.08256556428029,-13.482607395757922],[-73.08257277201021,-13.481703667508302],[-73.08349622363926,-13.481710719340857],[-73.08348901937545,-13.482614448080424],[-73.08256556428029,-13.482607395757922]]]}},{"type":"Feature","properties":{"Cell_ID":297,"Area_ha":1.0,"LC":"5:0.157092,9:0.801854,14:0.041054","XMIN":707454.86160847,"YMIN":8508583.59738907,"XMAX":707554.86160847,"YMAX":8508683.59738907},"geometry":{"type":"Polygon","coordinates":[[[-73.08255835602198,-13.483511123938827],[-73.08256556428029,-13.482607395757922],[-73.08348901937545,-13.482614448080424],[-73.08348181458354,-13.483518176751282],[-73.08255835602198,-13.483511123938827]]]}},{"type":"Feature","properties":{"Cell_ID":298,"Area_ha":1.0,"LC":"5:0.318061,9:0.382376,13:0.161854,14:0.137709","XMIN":707454.86160847,"YMIN":8508483.59738907,"XMAX":707554.86160847,"YMAX":8508583.59738907},"geometry":{"type":"Polygon","coordinates":[[[-73.08255114723529,-13.484414852051017],[-73.08255835602198,-13.483511123938827],[-73.08348181458354,-13.483518176751282],[-73.08347460926349,-13.484421905353425],[-73.08255114723529,-13.484414852051017]]]}},{"type":"Feature","properties":{"Cell_ID":299,"Area_ha":1.0,"LC":"9:0.098594,13:0.360085,14:0.541322","XMIN":707454.86160847,"YMIN":8508383.59738907,"XMAX":707554.86160847,"YMAX":8508483.59738907},"geometry":{"type":"Polygon","coordinates":[[[-73.08254393792022,-13.485318580094486],[-73.08255114723529,-13.484414852051017],[-73.08347460926349,-13.484421905353425],[-73.08346740341531,-13.48532563388685],[-73.08254393792022,-13.485318580094486]]]}},{"type":"Feature","properties":{"Cell_ID":300,"Area_ha":1.0,"LC":"3:0.376655,9:0.623345","XMIN":707454.86160847,"YMIN":8508283.59738907,"XMAX":707554.86160847,"YMAX":8508383.59738907},"geometry":{"type":"Polygon","coordinates":[[[-73.08253672807676,-13.48622230806923],[-73.08254393792022,-13.485318580094486],[-73.08346740341531,-13.48532563388685],[-73.083460197039,-13.486229362351553],[-73.08253672807676,-13.48622230806923]]]}},{"type":"Feature","properties":{"Cell_ID":301,"Area_ha":1.0,"LC":"3:0.465284,9:0.534716","XMIN":707454.86160847,"YMIN":8508183.59738907,"XMAX":707554.86160847,"YMAX":8508283.59738907},"geometry":{"type":"Polygon","coordinates":[[[-73.0825295177049,-13.487126035975242],[-73.08253672807676,-13.48622230806923],[-73.083460197039,-13.486229362351553],[-73.08345299013455,-13.487133090747532],[-73.0825295177049,-13.487126035975242]]]}},{"type":"Feature","properties":{"Cell_ID":302,"Area_ha":1.0,"LC":"5:0.399438,9:0.600562","XMIN":707454.86160847,"YMIN":8508083.59738907,"XMAX":707554.86160847,"YMAX":8508183.59738907},"geometry":{"type":"Polygon","coordinates":[[[-73.08252230680462,-13.488029763812523],[-73.0825295177049,-13.487126035975242],[-73.08345299013455,-13.487133090747532],[-73.0834457827019,-13.488036819074779],[-73.08252230680462,-13.488029763812523]]]}},{"type":"Feature","properties":{"Cell_ID":303,"Area_ha":1.0,"LC":"5:0.164440,9:0.835560","XMIN":707454.86160847,"YMIN":8507983.59738907,"XMAX":707554.86160847,"YMAX":8508083.59738907},"geometry":{"type":"Polygon","coordinates":[[[-73.08251509537591,-13.488933491581065],[-73.08252230680462,-13.488029763812523],[-73.0834457827019,-13.488036819074779],[-73.08343857474112,-13.488940547333291],[-73.08251509537591,-13.488933491581065]]]}},{"type":"Feature","properties":{"Cell_ID":304,"Area_ha":1.0,"LC":"9:1.000000","XMIN":707454.86160847,"YMIN":8507883.59738907,"XMAX":707554.86160847,"YMAX":8507983.59738907},"geometry":{"type":"Polygon","coordinates":[[[-73.08250788341878,-13.489837219280863],[-73.08251509537591,-13.488933491581065],[-73.08343857474112,-13.488940547333291],[-73.08343136625214,-13.489844275523064],[-73.08250788341878,-13.489837219280863]]]}},{"type":"Feature","properties":{"Cell_ID":305,"Area_ha":1.0,"LC":"9:0.764918,13:0.235082","XMIN":707454.86160847,"YMIN":8507783.59738907,"XMAX":707554.86160847,"YMAX":8507883.59738907},"geometry":{"type":"Polygon","coordinates":[[[-73.0825006709332,-13.490740946911917],[-73.08250788341878,-13.489837219280863],[-73.08343136625214,-13.489844275523064],[-73.08342415723499,-13.490748003644095],[-73.0825006709332,-13.490740946911917]]]}},{"type":"Feature","properties":{"Cell_ID":306,"Area_ha":1.0,"LC":"5:0.238875,9:0.502305,13:0.081518,14:0.177302","XMIN":707454.86160847,"YMIN":8507683.59738907,"XMAX":707554.86160847,"YMAX":8507783.59738907},"geometry":{"type":"Polygon","coordinates":[[[-73.08249345791916,-13.491644674474218],[-73.0825006709332,-13.490740946911917],[-73.08342415723499,-13.490748003644095],[-73.08341694768961,-13.49165173169638],[-73.08249345791916,-13.491644674474218]]]}},{"type":"Feature","properties":{"Cell_ID":307,"Area_ha":1.0,"LC":"5:0.760562,13:0.003878,14:0.235560","XMIN":707454.86160847,"YMIN":8507583.59738907,"XMAX":707554.86160847,"YMAX":8507683.59738907},"geometry":{"type":"Polygon","coordinates":[[[-73.08248624437667,-13.492548401967763],[-73.08249345791916,-13.491644674474218],[-73.08341694768961,-13.49165173169638],[-73.08340973761605,-13.492555459679911],[-73.08248624437667,-13.492548401967763]]]}},{"type":"Feature","properties":{"Cell_ID":308,"Area_ha":1.0,"LC":"5:0.500688,13:0.001461,14:0.497851","XMIN":707454.86160847,"YMIN":8507483.59738907,"XMAX":707554.86160847,"YMAX":8507583.59738907},"geometry":{"type":"Polygon","coordinates":[[[-73.0824790303057,-13.493452129392546],[-73.08248624437667,-13.492548401967763],[-73.08340973761605,-13.492555459679911],[-73.08340252701427,-13.493459187594684],[-73.0824790303057,-13.493452129392546]]]}},{"type":"Feature","properties":{"Cell_ID":309,"Area_ha":1.0,"LC":"5:0.818905,9:0.140533,14:0.040562","XMIN":707454.86160847,"YMIN":8507383.59738907,"XMAX":707554.86160847,"YMAX":8507483.59738907},"geometry":{"type":"Polygon","coordinates":[[[-73.08247181570626,-13.494355856748566],[-73.0824790303057,-13.493452129392546],[-73.08340252701427,-13.493459187594684],[-73.08339531588426,-13.494362915440696],[-73.08247181570626,-13.494355856748566]]]}},{"type":"Feature","properties":{"Cell_ID":310,"Area_ha":1.0,"LC":"9:0.899396,13:0.100604","XMIN":707454.86160847,"YMIN":8507283.59738907,"XMAX":707554.86160847,"YMAX":8507383.59738907},"geometry":{"type":"Polygon","coordinates":[[[-73.08246460057832,-13.495259584035825],[-73.08247181570626,-13.494355856748566],[-73.08339531588426,-13.494362915440696],[-73.083388104226,-13.495266643217949],[-73.08246460057832,-13.495259584035825]]]}},{"type":"Feature","properties":{"Cell_ID":311,"Area_ha":1.0,"LC":"9:0.799424,13:0.200576","XMIN":707454.86160847,"YMIN":8507183.59738907,"XMAX":707554.86160847,"YMAX":8507283.59738907},"geometry":{"type":"Polygon","coordinates":[[[-73.0824573849219,-13.4961633112543],[-73.08246460057832,-13.495259584035825],[-73.083388104226,-13.495266643217949],[-73.08338089203951,-13.496170370926427],[-73.0824573849219,-13.4961633112543]]]}},{"type":"Feature","properties":{"Cell_ID":312,"Area_ha":1.0,"LC":"5:0.102543,9:0.680576,13:0.216881","XMIN":707454.86160847,"YMIN":8507083.59738907,"XMAX":707554.86160847,"YMAX":8507183.59738907},"geometry":{"type":"Polygon","coordinates":[[[-73.08245016873694,-13.497067038404008],[-73.0824573849219,-13.4961633112543],[-73.08338089203951,-13.496170370926427],[-73.08337367932477,-13.497074098566134],[-73.08245016873694,-13.497067038404008]]]}},{"type":"Feature","properties":{"Cell_ID":313,"Area_ha":1.0,"LC":"5:0.700702,9:0.197162,13:0.102136","XMIN":707454.86160847,"YMIN":8506983.59738907,"XMAX":707554.86160847,"YMAX":8507083.59738907},"geometry":{"type":"Polygon","coordinates":[[[-73.08244295202348,-13.497970765484927],[-73.08245016873694,-13.497067038404008],[-73.08337367932477,-13.497074098566134],[-73.08336646608176,-13.497977826137063],[-73.08244295202348,-13.497970765484927]]]}},{"type":"Feature","properties":{"Cell_ID":314,"Area_ha":1.0,"LC":"5:0.737935,13:0.262065","XMIN":707454.86160847,"YMIN":8506883.59738907,"XMAX":707554.86160847,"YMAX":8506983.59738907},"geometry":{"type":"Polygon","coordinates":[[[-73.0824357347815,-13.498874492497066],[-73.08244295202348,-13.497970765484927],[-73.08336646608176,-13.497977826137063],[-73.08335925231047,-13.498881553639206],[-73.0824357347815,-13.498874492497066]]]}},{"type":"Feature","properties":{"Cell_ID":315,"Area_ha":1.0,"LC":"5:0.058820,9:0.201854,13:0.739325","XMIN":707454.86160847,"YMIN":8506783.59738907,"XMAX":707554.86160847,"YMAX":8506883.59738907},"geometry":{"type":"Polygon","coordinates":[[[-73.08242851701097,-13.499778219440412],[-73.0824357347815,-13.498874492497066],[-73.08335925231047,-13.498881553639206],[-73.0833520380109,-13.499785281072569],[-73.08242851701097,-13.499778219440412]]]}},{"type":"Feature","properties":{"Cell_ID":316,"Area_ha":1.0,"LC":"5:0.001447,9:0.540139,13:0.060352,14:0.398061","XMIN":707454.86160847,"YMIN":8506683.59738907,"XMAX":707554.86160847,"YMAX":8506783.59738907},"geometry":{"type":"Polygon","coordinates":[[[-73.08242129871188,-13.500681946314966],[-73.08242851701097,-13.499778219440412],[-73.0833520380109,-13.499785281072569],[-73.08334482318304,-13.50068900843714],[-73.08242129871188,-13.500681946314966]]]}},{"type":"Feature","properties":{"Cell_ID":317,"Area_ha":1.0,"LC":"5:0.000492,9:0.644427,13:0.355082","XMIN":707454.86160847,"YMIN":8506583.59738907,"XMAX":707554.86160847,"YMAX":8506683.59738907},"geometry":{"type":"Polygon","coordinates":[[[-73.08241407988424,-13.501585673120715],[-73.08242129871188,-13.500681946314966],[-73.08334482318304,-13.50068900843714],[-73.08333760782688,-13.50159273573291],[-73.08241407988424,-13.501585673120715]]]}},{"type":"Feature","properties":{"Cell_ID":318,"Area_ha":1.0,"LC":"5:0.001447,9:0.958482,13:0.040071","XMIN":707454.86160847,"YMIN":8506483.59738907,"XMAX":707554.86160847,"YMAX":8506583.59738907},"geometry":{"type":"Polygon","coordinates":[[[-73.08240686052805,-13.502489399857666],[-73.08241407988424,-13.501585673120715],[-73.08333760782688,-13.50159273573291],[-73.0833303919424,-13.502496462959884],[-73.08240686052805,-13.502489399857666]]]}},{"type":"Feature","properties":{"Cell_ID":319,"Area_ha":1.0,"LC":"5:0.001461,9:0.998539","XMIN":707454.86160847,"YMIN":8506383.59738907,"XMAX":707554.86160847,"YMAX":8506483.59738907},"geometry":{"type":"Polygon","coordinates":[[[-73.08239964064329,-13.50339312652581],[-73.08240686052805,-13.502489399857666],[-73.0833303919424,-13.502496462959884],[-73.0833231755296,-13.503400190118056],[-73.08239964064329,-13.50339312652581]]]}},{"type":"Feature","properties":{"Cell_ID":320,"Area_ha":1.0,"LC":"5:0.178678,9:0.821322","XMIN":707454.86160847,"YMIN":8506283.59738907,"XMAX":707554.86160847,"YMAX":8506383.59738907},"geometry":{"type":"Polygon","coordinates":[[[-73.08239242022992,-13.504296853125142],[-73.08239964064329,-13.50339312652581],[-73.0833231755296,-13.503400190118056],[-73.08331595858847,-13.50430391720742],[-73.08239242022992,-13.504296853125142]]]}},{"type":"Feature","properties":{"Cell_ID":321,"Area_ha":1.0,"LC":"5:0.418329,9:0.581671","XMIN":707454.86160847,"YMIN":8506183.59738907,"XMAX":707554.86160847,"YMAX":8506283.59738907},"geometry":{"type":"Polygon","coordinates":[[[-73.08238519928797,-13.505200579655657],[-73.08239242022992,-13.504296853125142],[-73.08331595858847,-13.50430391720742],[-73.08330874111901,-13.50520764422797],[-73.08238519928797,-13.505200579655657]]]}},{"type":"Feature","properties":{"Cell_ID":322,"Area_ha":1.0,"LC":"5:0.122023,9:0.877977","XMIN":707454.86160847,"YMIN":8506083.59738907,"XMAX":707554.86160847,"YMAX":8506183.59738907},"geometry":{"type":"Polygon","coordinates":[[[-73.08237797781742,-13.506104306117352],[-73.08238519928797,-13.505200579655657],[-73.08330874111901,-13.50520764422797],[-73.0833015231212,-13.506111371179706],[-73.08237797781742,-13.506104306117352]]]}},{"type":"Feature","properties":{"Cell_ID":323,"Area_ha":1.0,"LC":"9:1.000000","XMIN":707454.86160847,"YMIN":8505983.59738907,"XMAX":707554.86160847,"YMAX":8506083.59738907},"geometry":{"type":"Polygon","coordinates":[[[-73.08237075581825,-13.507008032510226],[-73.08237797781742,-13.506104306117352],[-73.0833015231212,-13.506111371179706],[-73.08329430459501,-13.50701509806262],[-73.08237075581825,-13.507008032510226]]]}},{"type":"Feature","properties":{"Cell_ID":324,"Area_ha":1.0,"LC":"5:0.319031,6:0.038960,9:0.642010","XMIN":707454.86160847,"YMIN":8505883.59738907,"XMAX":707554.86160847,"YMAX":8505983.59738907},"geometry":{"type":"Polygon","coordinates":[[[-73.08236353329045,-13.50791175883427],[-73.08237075581825,-13.507008032510226],[-73.08329430459501,-13.50701509806262],[-73.08328708554046,-13.507918824876707],[-73.08236353329045,-13.50791175883427]]]}},{"type":"Feature","properties":{"Cell_ID":325,"Area_ha":1.0,"LC":"5:0.202908,6:0.159101,9:0.159451,17:0.478539","XMIN":707454.86160847,"YMIN":8505783.59738907,"XMAX":707554.86160847,"YMAX":8505883.59738907},"geometry":{"type":"Polygon","coordinates":[[[-73.08235631023402,-13.508815485089478],[-73.08236353329045,-13.50791175883427],[-73.08328708554046,-13.507918824876707],[-73.08327986595754,-13.508822551621968],[-73.08235631023402,-13.508815485089478]]]}},{"type":"Feature","properties":{"Cell_ID":326,"Area_ha":1.0,"LC":"9:0.679664,16:0.319845,17:0.000492","XMIN":707454.86160847,"YMIN":8505683.59738907,"XMAX":707554.86160847,"YMAX":8505783.59738907},"geometry":{"type":"Polygon","coordinates":[[[-73.08234908664896,-13.509719211275849],[-73.08235631023402,-13.508815485089478],[-73.08327986595754,-13.508822551621968],[-73.08327264584622,-13.50972627829839],[-73.08234908664896,-13.509719211275849]]]}},{"type":"Feature","properties":{"Cell_ID":327,"Area_ha":1.0,"LC":"9:0.020281,16:0.979719","XMIN":707454.86160847,"YMIN":8505583.59738907,"XMAX":707554.86160847,"YMAX":8505683.59738907},"geometry":{"type":"Polygon","coordinates":[[[-73.08234186253524,-13.510622937393379],[-73.08234908664896,-13.509719211275849],[-73.08327264584622,-13.50972627829839],[-73.08326542520652,-13.510630004905975],[-73.08234186253524,-13.510622937393379]]]}},{"type":"Feature","properties":{"Cell_ID":328,"Area_ha":1.0,"LC":"16:1.000000","XMIN":707454.86160847,"YMIN":8505483.59738907,"XMAX":707554.86160847,"YMAX":8505583.59738907},"geometry":{"type":"Polygon","coordinates":[[[-73.08233463789286,-13.511526663442066],[-73.08234186253524,-13.510622937393379],[-73.08326542520652,-13.510630004905975],[-73.0832582040384,-13.511533731444723],[-73.08233463789286,-13.511526663442066]]]}},{"type":"Feature","properties":{"Cell_ID":329,"Area_ha":1.0,"LC":"5:0.040885,16:0.959115","XMIN":707454.86160847,"YMIN":8505383.59738907,"XMAX":707554.86160847,"YMAX":8505483.59738907},"geometry":{"type":"Polygon","coordinates":[[[-73.08232741272181,-13.5124303894219],[-73.08233463789286,-13.511526663442066],[-73.0832582040384,-13.511533731444723],[-73.08325098234187,-13.512437457914618],[-73.08232741272181,-13.5124303894219]]]}},{"type":"Feature","properties":{"Cell_ID":330,"Area_ha":1.0,"LC":"13:0.518146,14:0.481854","XMIN":707554.86160847,"YMIN":8508983.59738907,"XMAX":707654.86160847,"YMAX":8509083.59738907},"geometry":{"type":"Polygon","coordinates":[[[-73.08166374171583,-13.479889156558556],[-73.08167095132609,-13.478985428592999],[-73.08259439202993,-13.478992482347214],[-73.08258718588503,-13.479896210802945],[-73.08166374171583,-13.479889156558556]]]}},{"type":"Feature","properties":{"Cell_ID":331,"Area_ha":1.0,"LC":"5:0.379085,6:0.001447,13:0.577444,14:0.042023","XMIN":707554.86160847,"YMIN":8508883.59738907,"XMAX":707654.86160847,"YMAX":8508983.59738907},"geometry":{"type":"Polygon","coordinates":[[[-73.08165653157698,-13.480792884455415],[-73.08166374171583,-13.479889156558556],[-73.08258718588503,-13.479896210802945],[-73.0825799792118,-13.480799939189977],[-73.08165653157698,-13.480792884455415]]]}},{"type":"Feature","properties":{"Cell_ID":332,"Area_ha":1.0,"LC":"5:0.561040,6:0.117990,9:0.320969","XMIN":707554.86160847,"YMIN":8508783.59738907,"XMAX":707654.86160847,"YMAX":8508883.59738907},"geometry":{"type":"Polygon","coordinates":[[[-73.08164932090953,-13.481696612283558],[-73.08165653157698,-13.480792884455415],[-73.0825799792118,-13.480799939189977],[-73.08257277201021,-13.481703667508302],[-73.08164932090953,-13.481696612283558]]]}},{"type":"Feature","properties":{"Cell_ID":333,"Area_ha":1.0,"LC":"5:0.301813,6:0.160562,9:0.039031,14:0.498594","XMIN":707554.86160847,"YMIN":8508683.59738907,"XMAX":707654.86160847,"YMAX":8508783.59738907},"geometry":{"type":"Polygon","coordinates":[[[-73.08164210971347,-13.482600340042994],[-73.08164932090953,-13.481696612283558],[-73.08257277201021,-13.481703667508302],[-73.08256556428029,-13.482607395757922],[-73.08164210971347,-13.482600340042994]]]}},{"type":"Feature","properties":{"Cell_ID":334,"Area_ha":1.0,"LC":"5:0.441854,9:0.414801,14:0.143345","XMIN":707554.86160847,"YMIN":8508583.59738907,"XMAX":707654.86160847,"YMAX":8508683.59738907},"geometry":{"type":"Polygon","coordinates":[[[-73.08163489798879,-13.483504067733715],[-73.08164210971347,-13.482600340042994],[-73.08256556428029,-13.482607395757922],[-73.08255835602198,-13.483511123938827],[-73.08163489798879,-13.483504067733715]]]}},{"type":"Feature","properties":{"Cell_ID":335,"Area_ha":1.0,"LC":"5:0.082501,9:0.419383,13:0.498116","XMIN":707554.86160847,"YMIN":8508483.59738907,"XMAX":707654.86160847,"YMAX":8508583.59738907},"geometry":{"type":"Polygon","coordinates":[[[-73.08162768573548,-13.48440779535572],[-73.08163489798879,-13.483504067733715],[-73.08255835602198,-13.483511123938827],[-73.08255114723529,-13.484414852051017],[-73.08162768573548,-13.48440779535572]]]}},{"type":"Feature","properties":{"Cell_ID":336,"Area_ha":1.0,"LC":"5:0.001461,9:0.058678,13:0.702769,14:0.237092","XMIN":707554.86160847,"YMIN":8508383.59738907,"XMAX":707654.86160847,"YMAX":8508483.59738907},"geometry":{"type":"Polygon","coordinates":[[[-73.08162047295353,-13.485311522908995],[-73.08162768573548,-13.48440779535572],[-73.08255114723529,-13.484414852051017],[-73.08254393792022,-13.485318580094486],[-73.08162047295353,-13.485311522908995]]]}},{"type":"Feature","properties":{"Cell_ID":337,"Area_ha":1.0,"LC":"3:0.078397,6:0.019719,9:0.860830,13:0.041054","XMIN":707554.86160847,"YMIN":8508283.59738907,"XMAX":707654.86160847,"YMAX":8508383.59738907},"geometry":{"type":"Polygon","coordinates":[[[-73.08161325964292,-13.486215250393544],[-73.08162047295353,-13.485311522908995],[-73.08254393792022,-13.485318580094486],[-73.08253672807676,-13.48622230806923],[-73.08161325964292,-13.486215250393544]]]}},{"type":"Feature","properties":{"Cell_ID":338,"Area_ha":1.0,"LC":"3:0.598694,6:0.182220,9:0.219085","XMIN":707554.86160847,"YMIN":8508183.59738907,"XMAX":707654.86160847,"YMAX":8508283.59738907},"geometry":{"type":"Polygon","coordinates":[[[-73.08160604580368,-13.487118977809356],[-73.08161325964292,-13.486215250393544],[-73.08253672807676,-13.48622230806923],[-73.0825295177049,-13.487126035975242],[-73.08160604580368,-13.487118977809356]]]}},{"type":"Feature","properties":{"Cell_ID":339,"Area_ha":1.0,"LC":"5:0.039031,9:0.799031,13:0.161939","XMIN":707554.86160847,"YMIN":8508083.59738907,"XMAX":707654.86160847,"YMAX":8508183.59738907},"geometry":{"type":"Polygon","coordinates":[[[-73.08159883143576,-13.488022705156434],[-73.08160604580368,-13.487118977809356],[-73.0825295177049,-13.487126035975242],[-73.08252230680462,-13.488029763812523],[-73.08159883143576,-13.488022705156434]]]}},{"type":"Feature","properties":{"Cell_ID":340,"Area_ha":1.0,"LC":"5:0.475560,9:0.524440","XMIN":707554.86160847,"YMIN":8507983.59738907,"XMAX":707654.86160847,"YMAX":8508083.59738907},"geometry":{"type":"Polygon","coordinates":[[[-73.08159161653914,-13.488926432434768],[-73.08159883143576,-13.488022705156434],[-73.08252230680462,-13.488029763812523],[-73.08251509537591,-13.488933491581065],[-73.08159161653914,-13.488926432434768]]]}},{"type":"Feature","properties":{"Cell_ID":341,"Area_ha":1.0,"LC":"5:0.040562,9:0.959438","XMIN":707554.86160847,"YMIN":8507883.59738907,"XMAX":707654.86160847,"YMAX":8507983.59738907},"geometry":{"type":"Polygon","coordinates":[[[-73.08158440111384,-13.489830159644356],[-73.08159161653914,-13.488926432434768],[-73.08251509537591,-13.488933491581065],[-73.08250788341878,-13.489837219280863],[-73.08158440111384,-13.489830159644356]]]}},{"type":"Feature","properties":{"Cell_ID":342,"Area_ha":1.0,"LC":"5:0.001939,9:0.557247,13:0.440814","XMIN":707554.86160847,"YMIN":8507783.59738907,"XMAX":707654.86160847,"YMAX":8507883.59738907},"geometry":{"type":"Polygon","coordinates":[[[-73.08157718515986,-13.490733886785195],[-73.08158440111384,-13.489830159644356],[-73.08250788341878,-13.489837219280863],[-73.0825006709332,-13.490740946911917],[-73.08157718515986,-13.490733886785195]]]}},{"type":"Feature","properties":{"Cell_ID":343,"Area_ha":1.0,"LC":"9:0.558946,13:0.441054","XMIN":707554.86160847,"YMIN":8507683.59738907,"XMAX":707654.86160847,"YMAX":8507783.59738907},"geometry":{"type":"Polygon","coordinates":[[[-73.08156996867717,-13.491637613857279],[-73.08157718515986,-13.490733886785195],[-73.0825006709332,-13.490740946911917],[-73.08249345791916,-13.491644674474218],[-73.08156996867717,-13.491637613857279]]]}},{"type":"Feature","properties":{"Cell_ID":344,"Area_ha":1.0,"LC":"5:0.078946,9:0.464244,13:0.375841,14:0.080969","XMIN":707554.86160847,"YMIN":8507583.59738907,"XMAX":707654.86160847,"YMAX":8507683.59738907},"geometry":{"type":"Polygon","coordinates":[[[-73.08156275166576,-13.492541340860603],[-73.08156996867717,-13.491637613857279],[-73.08249345791916,-13.491644674474218],[-73.08248624437667,-13.492548401967763],[-73.08156275166576,-13.492541340860603]]]}},{"type":"Feature","properties":{"Cell_ID":345,"Area_ha":1.0,"LC":"5:0.900617,13:0.099383","XMIN":707554.86160847,"YMIN":8507483.59738907,"XMAX":707654.86160847,"YMAX":8507583.59738907},"geometry":{"type":"Polygon","coordinates":[[[-73.08155553412561,-13.493445067795163],[-73.08156275166576,-13.492541340860603],[-73.08248624437667,-13.492548401967763],[-73.0824790303057,-13.493452129392546],[-73.08155553412561,-13.493445067795163]]]}},{"type":"Feature","properties":{"Cell_ID":346,"Area_ha":1.0,"LC":"5:0.500437,9:0.499563","XMIN":707554.86160847,"YMIN":8507383.59738907,"XMAX":707654.86160847,"YMAX":8507483.59738907},"geometry":{"type":"Polygon","coordinates":[[[-73.08154831605674,-13.494348794660956],[-73.08155553412561,-13.493445067795163],[-73.0824790303057,-13.493452129392546],[-73.08247181570626,-13.494355856748566],[-73.08154831605674,-13.494348794660956]]]}},{"type":"Feature","properties":{"Cell_ID":347,"Area_ha":1.0,"LC":"5:0.000478,9:0.881532,13:0.117990","XMIN":707554.86160847,"YMIN":8507283.59738907,"XMAX":707654.86160847,"YMAX":8507383.59738907},"geometry":{"type":"Polygon","coordinates":[[[-73.08154109745914,-13.49525252145798],[-73.08154831605674,-13.494348794660956],[-73.08247181570626,-13.494355856748566],[-73.08246460057832,-13.495259584035825],[-73.08154109745914,-13.49525252145798]]]}},{"type":"Feature","properties":{"Cell_ID":348,"Area_ha":1.0,"LC":"5:0.283723,9:0.557176,13:0.159101","XMIN":707554.86160847,"YMIN":8507183.59738907,"XMAX":707654.86160847,"YMAX":8507283.59738907},"geometry":{"type":"Polygon","coordinates":[[[-73.08153387833276,-13.496156248186223],[-73.08154109745914,-13.49525252145798],[-73.08246460057832,-13.495259584035825],[-73.0824573849219,-13.4961633112543],[-73.08153387833276,-13.496156248186223]]]}},{"type":"Feature","properties":{"Cell_ID":349,"Area_ha":1.0,"LC":"5:0.941180,9:0.058820","XMIN":707554.86160847,"YMIN":8507083.59738907,"XMAX":707654.86160847,"YMAX":8507183.59738907},"geometry":{"type":"Polygon","coordinates":[[[-73.08152665867763,-13.49705997484569],[-73.08153387833276,-13.496156248186223],[-73.0824573849219,-13.4961633112543],[-73.08245016873694,-13.497067038404008],[-73.08152665867763,-13.49705997484569]]]}},{"type":"Feature","properties":{"Cell_ID":350,"Area_ha":1.0,"LC":"5:0.661406,9:0.022136,13:0.316458","XMIN":707554.86160847,"YMIN":8506983.59738907,"XMAX":707654.86160847,"YMAX":8507083.59738907},"geometry":{"type":"Polygon","coordinates":[[[-73.08151943849371,-13.49796370143637],[-73.08152665867763,-13.49705997484569],[-73.08245016873694,-13.497067038404008],[-73.08244295202348,-13.497970765484927],[-73.08151943849371,-13.49796370143637]]]}},{"type":"Feature","properties":{"Cell_ID":351,"Area_ha":1.0,"LC":"5:0.118061,9:0.284847,13:0.597092","XMIN":707554.86160847,"YMIN":8506883.59738907,"XMAX":707654.86160847,"YMAX":8506983.59738907},"geometry":{"type":"Polygon","coordinates":[[[-73.08151221778104,-13.498867427958258],[-73.08151943849371,-13.49796370143637],[-73.08244295202348,-13.497970765484927],[-73.0824357347815,-13.498874492497066],[-73.08151221778104,-13.498867427958258]]]}},{"type":"Feature","properties":{"Cell_ID":352,"Area_ha":1.0,"LC":"5:0.259156,9:0.542149,13:0.198694","XMIN":707554.86160847,"YMIN":8506783.59738907,"XMAX":707654.86160847,"YMAX":8506883.59738907},"geometry":{"type":"Polygon","coordinates":[[[-73.08150499653956,-13.499771154411357],[-73.08151221778104,-13.498867427958258],[-73.0824357347815,-13.498874492497066],[-73.08242851701097,-13.499778219440412],[-73.08150499653956,-13.499771154411357]]]}},{"type":"Feature","properties":{"Cell_ID":353,"Area_ha":1.0,"LC":"5:0.620210,9:0.359593,18:0.020197","XMIN":707554.86160847,"YMIN":8506683.59738907,"XMAX":707654.86160847,"YMAX":8506783.59738907},"geometry":{"type":"Polygon","coordinates":[[[-73.08149777476928,-13.500674880795657],[-73.08150499653956,-13.499771154411357],[-73.08242851701097,-13.499778219440412],[-73.08242129871188,-13.500681946314966],[-73.08149777476928,-13.500674880795657]]]}},{"type":"Feature","properties":{"Cell_ID":354,"Area_ha":1.0,"LC":"5:0.481040,9:0.456248,18:0.062712","XMIN":707554.86160847,"YMIN":8506583.59738907,"XMAX":707654.86160847,"YMAX":8506683.59738907},"geometry":{"type":"Polygon","coordinates":[[[-73.0814905524702,-13.501578607111153],[-73.08149777476928,-13.500674880795657],[-73.08242129871188,-13.500681946314966],[-73.08241407988424,-13.501585673120715],[-73.0814905524702,-13.501578607111153]]]}},{"type":"Feature","properties":{"Cell_ID":355,"Area_ha":1.0,"LC":"5:0.537709,9:0.462291","XMIN":707554.86160847,"YMIN":8506483.59738907,"XMAX":707654.86160847,"YMAX":8506583.59738907},"geometry":{"type":"Polygon","coordinates":[[[-73.08148332964228,-13.502482333357843],[-73.0814905524702,-13.501578607111153],[-73.08241407988424,-13.501585673120715],[-73.08240686052805,-13.502489399857666],[-73.08148332964228,-13.502482333357843]]]}},{"type":"Feature","properties":{"Cell_ID":356,"Area_ha":1.0,"LC":"5:0.301392,6:0.002908,9:0.695699","XMIN":707554.86160847,"YMIN":8506383.59738907,"XMAX":707654.86160847,"YMAX":8506483.59738907},"geometry":{"type":"Polygon","coordinates":[[[-73.08147610628555,-13.503386059535725],[-73.08148332964228,-13.502482333357843],[-73.08240686052805,-13.502489399857666],[-73.08239964064329,-13.50339312652581],[-73.08147610628555,-13.503386059535725]]]}},{"type":"Feature","properties":{"Cell_ID":357,"Area_ha":1.0,"LC":"5:0.200814,9:0.799186","XMIN":707554.86160847,"YMIN":8506283.59738907,"XMAX":707654.86160847,"YMAX":8506383.59738907},"geometry":{"type":"Polygon","coordinates":[[[-73.08146888239997,-13.504289785644788],[-73.08147610628555,-13.503386059535725],[-73.08239964064329,-13.50339312652581],[-73.08239242022992,-13.504296853125142],[-73.08146888239997,-13.504289785644788]]]}},{"type":"Feature","properties":{"Cell_ID":358,"Area_ha":1.0,"LC":"5:0.863119,9:0.136881","XMIN":707554.86160847,"YMIN":8506183.59738907,"XMAX":707654.86160847,"YMAX":8506283.59738907},"geometry":{"type":"Polygon","coordinates":[[[-73.08146165798554,-13.505193511685034],[-73.08146888239997,-13.504289785644788],[-73.08239242022992,-13.504296853125142],[-73.08238519928797,-13.505200579655657],[-73.08146165798554,-13.505193511685034]]]}},{"type":"Feature","properties":{"Cell_ID":359,"Area_ha":1.0,"LC":"5:0.482094,9:0.497709,13:0.020197","XMIN":707554.86160847,"YMIN":8506083.59738907,"XMAX":707654.86160847,"YMAX":8506183.59738907},"geometry":{"type":"Polygon","coordinates":[[[-73.08145443304225,-13.506097237656457],[-73.08146165798554,-13.505193511685034],[-73.08238519928797,-13.505200579655657],[-73.08237797781742,-13.506104306117352],[-73.08145443304225,-13.506097237656457]]]}},{"type":"Feature","properties":{"Cell_ID":360,"Area_ha":1.0,"LC":"5:0.060281,9:0.757977,13:0.181742","XMIN":707554.86160847,"YMIN":8505983.59738907,"XMAX":707654.86160847,"YMAX":8506083.59738907},"geometry":{"type":"Polygon","coordinates":[[[-73.08144720757011,-13.507000963559049],[-73.08145443304225,-13.506097237656457],[-73.08237797781742,-13.506104306117352],[-73.08237075581825,-13.507008032510226],[-73.08144720757011,-13.507000963559049]]]}},{"type":"Feature","properties":{"Cell_ID":361,"Area_ha":1.0,"LC":"5:0.079031,9:0.920969","XMIN":707554.86160847,"YMIN":8505883.59738907,"XMAX":707654.86160847,"YMAX":8505983.59738907},"geometry":{"type":"Polygon","coordinates":[[[-73.08143998156908,-13.50790468939281],[-73.08144720757011,-13.507000963559049],[-73.08237075581825,-13.507008032510226],[-73.08236353329045,-13.50791175883427],[-73.08143998156908,-13.50790468939281]]]}},{"type":"Feature","properties":{"Cell_ID":362,"Area_ha":1.0,"LC":"5:0.277092,7:0.060197,9:0.425284,17:0.237428","XMIN":707554.86160847,"YMIN":8505783.59738907,"XMAX":707654.86160847,"YMAX":8505883.59738907},"geometry":{"type":"Polygon","coordinates":[[[-73.08143275503916,-13.508808415157738],[-73.08143998156908,-13.50790468939281],[-73.08236353329045,-13.50791175883427],[-73.08235631023402,-13.508815485089478],[-73.08143275503916,-13.508808415157738]]]}},{"type":"Feature","properties":{"Cell_ID":363,"Area_ha":1.0,"LC":"7:0.021742,9:0.198061,16:0.457624,17:0.322572","XMIN":707554.86160847,"YMIN":8505683.59738907,"XMAX":707654.86160847,"YMAX":8505783.59738907},"geometry":{"type":"Polygon","coordinates":[[[-73.08142552798034,-13.509712140853818],[-73.08143275503916,-13.508808415157738],[-73.08235631023402,-13.508815485089478],[-73.08234908664896,-13.509719211275849],[-73.08142552798034,-13.509712140853818]]]}},{"type":"Feature","properties":{"Cell_ID":364,"Area_ha":1.0,"LC":"16:1.000000","XMIN":707554.86160847,"YMIN":8505583.59738907,"XMAX":707654.86160847,"YMAX":8505683.59738907},"geometry":{"type":"Polygon","coordinates":[[[-73.08141830039263,-13.510615866481059],[-73.08142552798034,-13.509712140853818],[-73.08234908664896,-13.509719211275849],[-73.08234186253524,-13.510622937393379],[-73.08141830039263,-13.510615866481059]]]}},{"type":"Feature","properties":{"Cell_ID":365,"Area_ha":1.0,"LC":"16:1.000000","XMIN":707554.86160847,"YMIN":8505483.59738907,"XMAX":707654.86160847,"YMAX":8505583.59738907},"geometry":{"type":"Polygon","coordinates":[[[-73.081411072276,-13.51151959203945],[-73.08141830039263,-13.510615866481059],[-73.08234186253524,-13.510622937393379],[-73.08233463789286,-13.511526663442066],[-73.081411072276,-13.51151959203945]]]}},{"type":"Feature","properties":{"Cell_ID":366,"Area_ha":1.0,"LC":"5:0.337147,16:0.662853","XMIN":707554.86160847,"YMIN":8505383.59738907,"XMAX":707654.86160847,"YMAX":8505483.59738907},"geometry":{"type":"Polygon","coordinates":[[[-73.08140384363044,-13.512423317528985],[-73.081411072276,-13.51151959203945],[-73.08233463789286,-13.511526663442066],[-73.08232741272181,-13.5124303894219],[-73.08140384363044,-13.512423317528985]]]}},{"type":"Feature","properties":{"Cell_ID":367,"Area_ha":1.0,"LC":"5:0.909092,16:0.003400","XMIN":707554.86160847,"YMIN":8505283.59738907,"XMAX":707654.86160847,"YMAX":8505383.59738907},"geometry":{"type":"Polygon","coordinates":[[[-73.08139661445594,-13.51332704294966],[-73.08140384363044,-13.512423317528985],[-73.08232741272181,-13.5124303894219],[-73.08232018702208,-13.513334115332878],[-73.08139661445594,-13.51332704294966]]]}},{"type":"Feature","properties":{"Cell_ID":368,"Area_ha":1.0,"LC":"5:0.061166,13:0.722094,14:0.216739","XMIN":707654.86160847,"YMIN":8508983.59738907,"XMAX":707754.86160847,"YMAX":8509083.59738907},"geometry":{"type":"Polygon","coordinates":[[[-73.08074029807523,-13.479882098922467],[-73.08074751115083,-13.478978371447313],[-73.08167095132609,-13.478985428592999],[-73.08166374171583,-13.479889156558556],[-73.08074029807523,-13.479882098922467]]]}},{"type":"Feature","properties":{"Cell_ID":369,"Area_ha":1.0,"LC":"5:0.320969,6:0.157428,13:0.020281,14:0.501322","XMIN":707654.86160847,"YMIN":8508883.59738907,"XMAX":707754.86160847,"YMAX":8508983.59738907},"geometry":{"type":"Polygon","coordinates":[[[-73.08073308447078,-13.480785826328908],[-73.08074029807523,-13.479882098922467],[-73.08166374171583,-13.479889156558556],[-73.08165653157698,-13.480792884455415],[-73.08073308447078,-13.480785826328908]]]}},{"type":"Feature","properties":{"Cell_ID":370,"Area_ha":1.0,"LC":"5:0.098834,6:0.421658,9:0.479508","XMIN":707654.86160847,"YMIN":8508783.59738907,"XMAX":707754.86160847,"YMAX":8508883.59738907},"geometry":{"type":"Polygon","coordinates":[[[-73.08072587033746,-13.481689553666643],[-73.08073308447078,-13.480785826328908],[-73.08165653157698,-13.480792884455415],[-73.08164932090953,-13.481696612283558],[-73.08072587033746,-13.481689553666643]]]}},{"type":"Feature","properties":{"Cell_ID":371,"Area_ha":1.0,"LC":"5:0.159031,6:0.342853,9:0.000492,14:0.497624","XMIN":707654.86160847,"YMIN":8508683.59738907,"XMAX":707754.86160847,"YMAX":8508783.59738907},"geometry":{"type":"Polygon","coordinates":[[[-73.08071865567528,-13.482593280935662],[-73.08072587033746,-13.481689553666643],[-73.08164932090953,-13.481696612283558],[-73.08164210971347,-13.482600340042994],[-73.08071865567528,-13.482593280935662]]]}},{"type":"Feature","properties":{"Cell_ID":372,"Area_ha":1.0,"LC":"5:0.498594,14:0.501406","XMIN":707654.86160847,"YMIN":8508583.59738907,"XMAX":707754.86160847,"YMAX":8508683.59738907},"geometry":{"type":"Polygon","coordinates":[[[-73.08071144048425,-13.483497008135961],[-73.08071865567528,-13.482593280935662],[-73.08164210971347,-13.482600340042994],[-73.08163489798879,-13.483504067733715],[-73.08071144048425,-13.483497008135961]]]}},{"type":"Feature","properties":{"Cell_ID":373,"Area_ha":1.0,"LC":"5:0.399522,9:0.080478,13:0.520000","XMIN":707654.86160847,"YMIN":8508483.59738907,"XMAX":707754.86160847,"YMAX":8508583.59738907},"geometry":{"type":"Polygon","coordinates":[[[-73.0807042247643,-13.48440073526754],[-73.08071144048425,-13.483497008135961],[-73.08163489798879,-13.483504067733715],[-73.08162768573548,-13.48440779535572],[-73.0807042247643,-13.48440073526754]]]}},{"type":"Feature","properties":{"Cell_ID":374,"Area_ha":1.0,"LC":"5:0.299945,9:0.144566,13:0.555489","XMIN":707654.86160847,"YMIN":8508383.59738907,"XMAX":707754.86160847,"YMAX":8508483.59738907},"geometry":{"type":"Polygon","coordinates":[[[-73.0806970085155,-13.485304462330387],[-73.0807042247643,-13.48440073526754],[-73.08162768573548,-13.48440779535572],[-73.08162047295353,-13.485311522908995],[-73.0806970085155,-13.485304462330387]]]}},{"type":"Feature","properties":{"Cell_ID":375,"Area_ha":1.0,"LC":"9:0.677428,13:0.080633,14:0.241939","XMIN":707654.86160847,"YMIN":8508283.59738907,"XMAX":707754.86160847,"YMAX":8508383.59738907},"geometry":{"type":"Polygon","coordinates":[[[-73.08068979173777,-13.4862081893245],[-73.0806970085155,-13.485304462330387],[-73.08162047295353,-13.485311522908995],[-73.08161325964292,-13.486215250393544],[-73.08068979173777,-13.4862081893245]]]}},{"type":"Feature","properties":{"Cell_ID":376,"Area_ha":1.0,"LC":"3:0.398468,6:0.280000,9:0.321532","XMIN":707654.86160847,"YMIN":8508183.59738907,"XMAX":707754.86160847,"YMAX":8508283.59738907},"geometry":{"type":"Polygon","coordinates":[[[-73.08068257443112,-13.487111916249882],[-73.08068979173777,-13.4862081893245],[-73.08161325964292,-13.486215250393544],[-73.08160604580368,-13.487118977809356],[-73.08068257443112,-13.487111916249882]]]}},{"type":"Feature","properties":{"Cell_ID":377,"Area_ha":1.0,"LC":"3:0.040562,9:0.599522,13:0.359915","XMIN":707654.86160847,"YMIN":8508083.59738907,"XMAX":707754.86160847,"YMAX":8508183.59738907},"geometry":{"type":"Polygon","coordinates":[[[-73.08067535659555,-13.488015643106518],[-73.08068257443112,-13.487111916249882],[-73.08160604580368,-13.487118977809356],[-73.08159883143576,-13.488022705156434],[-73.08067535659555,-13.488015643106518]]]}},{"type":"Feature","properties":{"Cell_ID":378,"Area_ha":1.0,"LC":"9:0.717007,13:0.041054,14:0.241939","XMIN":707654.86160847,"YMIN":8507983.59738907,"XMAX":707754.86160847,"YMAX":8508083.59738907},"geometry":{"type":"Polygon","coordinates":[[[-73.08066813823106,-13.488919369894413],[-73.08067535659555,-13.488015643106518],[-73.08159883143576,-13.488022705156434],[-73.08159161653914,-13.488926432434768],[-73.08066813823106,-13.488919369894413]]]}},{"type":"Feature","properties":{"Cell_ID":379,"Area_ha":1.0,"LC":"5:0.301573,9:0.698427","XMIN":707654.86160847,"YMIN":8507883.59738907,"XMAX":707754.86160847,"YMAX":8507983.59738907},"geometry":{"type":"Polygon","coordinates":[[[-73.08066091933762,-13.489823096613552],[-73.08066813823106,-13.488919369894413],[-73.08159161653914,-13.488926432434768],[-73.08158440111384,-13.489830159644356],[-73.08066091933762,-13.489823096613552]]]}},{"type":"Feature","properties":{"Cell_ID":380,"Area_ha":1.0,"LC":"5:0.663190,9:0.098749,13:0.238061","XMIN":707654.86160847,"YMIN":8507783.59738907,"XMAX":707754.86160847,"YMAX":8507883.59738907},"geometry":{"type":"Polygon","coordinates":[[[-73.08065369991523,-13.490726823263941],[-73.08066091933762,-13.489823096613552],[-73.08158440111384,-13.489830159644356],[-73.08157718515986,-13.490733886785195],[-73.08065369991523,-13.490726823263941]]]}},{"type":"Feature","properties":{"Cell_ID":381,"Area_ha":1.0,"LC":"5:0.041054,9:0.880885,13:0.078061","XMIN":707654.86160847,"YMIN":8507683.59738907,"XMAX":707754.86160847,"YMAX":8507783.59738907},"geometry":{"type":"Polygon","coordinates":[[[-73.08064647996389,-13.491630549845572],[-73.08065369991523,-13.490726823263941],[-73.08157718515986,-13.490733886785195],[-73.08156996867717,-13.491637613857279],[-73.08064647996389,-13.491630549845572]]]}},{"type":"Feature","properties":{"Cell_ID":382,"Area_ha":1.0,"LC":"5:0.019241,9:0.601603,14:0.379156","XMIN":707654.86160847,"YMIN":8507583.59738907,"XMAX":707754.86160847,"YMAX":8507683.59738907},"geometry":{"type":"Polygon","coordinates":[[[-73.08063925948356,-13.492534276358443],[-73.08064647996389,-13.491630549845572],[-73.08156996867717,-13.491637613857279],[-73.08156275166576,-13.492541340860603],[-73.08063925948356,-13.492534276358443]]]}},{"type":"Feature","properties":{"Cell_ID":383,"Area_ha":1.0,"LC":"5:0.756445,9:0.182712,14:0.060844","XMIN":707654.86160847,"YMIN":8507483.59738907,"XMAX":707754.86160847,"YMAX":8507583.59738907},"geometry":{"type":"Polygon","coordinates":[[[-73.08063203847426,-13.493438002802542],[-73.08063925948356,-13.492534276358443],[-73.08156275166576,-13.492541340860603],[-73.08155553412561,-13.493445067795163],[-73.08063203847426,-13.493438002802542]]]}},{"type":"Feature","properties":{"Cell_ID":384,"Area_ha":1.0,"LC":"5:0.604511,9:0.395489","XMIN":707654.86160847,"YMIN":8507383.59738907,"XMAX":707754.86160847,"YMAX":8507483.59738907},"geometry":{"type":"Polygon","coordinates":[[[-73.08062481693598,-13.494341729177872],[-73.08063203847426,-13.493438002802542],[-73.08155553412561,-13.493445067795163],[-73.08154831605674,-13.494348794660956],[-73.08062481693598,-13.494341729177872]]]}},{"type":"Feature","properties":{"Cell_ID":385,"Area_ha":1.0,"LC":"5:0.040983,9:0.959017","XMIN":707654.86160847,"YMIN":8507283.59738907,"XMAX":707754.86160847,"YMAX":8507383.59738907},"geometry":{"type":"Polygon","coordinates":[[[-73.08061759486868,-13.495245455484426],[-73.08062481693598,-13.494341729177872],[-73.08154831605674,-13.494348794660956],[-73.08154109745914,-13.49525252145798],[-73.08061759486868,-13.495245455484426]]]}},{"type":"Feature","properties":{"Cell_ID":386,"Area_ha":1.0,"LC":"5:0.195153,9:0.445003,13:0.359845","XMIN":707654.86160847,"YMIN":8507183.59738907,"XMAX":707754.86160847,"YMAX":8507283.59738907},"geometry":{"type":"Polygon","coordinates":[[[-73.0806103722724,-13.496149181722203],[-73.08061759486868,-13.495245455484426],[-73.08154109745914,-13.49525252145798],[-73.08153387833276,-13.496156248186223],[-73.0806103722724,-13.496149181722203]]]}},{"type":"Feature","properties":{"Cell_ID":387,"Area_ha":1.0,"LC":"5:0.917414,9:0.001461,13:0.081125","XMIN":707654.86160847,"YMIN":8507083.59738907,"XMAX":707754.86160847,"YMAX":8507183.59738907},"geometry":{"type":"Polygon","coordinates":[[[-73.0806031491471,-13.497052907891195],[-73.0806103722724,-13.496149181722203],[-73.08153387833276,-13.496156248186223],[-73.08152665867763,-13.49705997484569],[-73.0806031491471,-13.497052907891195]]]}},{"type":"Feature","properties":{"Cell_ID":388,"Area_ha":1.0,"LC":"5:0.678623,9:0.279929,13:0.041447","XMIN":707654.86160847,"YMIN":8506983.59738907,"XMAX":707754.86160847,"YMAX":8507083.59738907},"geometry":{"type":"Polygon","coordinates":[[[-73.08059592549276,-13.497956633991393],[-73.0806031491471,-13.497052907891195],[-73.08152665867763,-13.49705997484569],[-73.08151943849371,-13.49796370143637],[-73.08059592549276,-13.497956633991393]]]}},{"type":"Feature","properties":{"Cell_ID":389,"Area_ha":1.0,"LC":"5:0.600000,9:0.395153,13:0.004847","XMIN":707654.86160847,"YMIN":8506883.59738907,"XMAX":707754.86160847,"YMAX":8506983.59738907},"geometry":{"type":"Polygon","coordinates":[[[-73.08058870130938,-13.498860360022801],[-73.08059592549276,-13.497956633991393],[-73.08151943849371,-13.49796370143637],[-73.08151221778104,-13.498867427958258],[-73.08058870130938,-13.498860360022801]]]}},{"type":"Feature","properties":{"Cell_ID":390,"Area_ha":1.0,"LC":"5:0.423190,9:0.576319,13:0.000492","XMIN":707654.86160847,"YMIN":8506783.59738907,"XMAX":707754.86160847,"YMAX":8506883.59738907},"geometry":{"type":"Polygon","coordinates":[[[-73.08058147659696,-13.499764085985415],[-73.08058870130938,-13.498860360022801],[-73.08151221778104,-13.498867427958258],[-73.08150499653956,-13.499771154411357],[-73.08058147659696,-13.499764085985415]]]}},{"type":"Feature","properties":{"Cell_ID":391,"Area_ha":1.0,"LC":"5:0.457780,9:0.522979,18:0.019241","XMIN":707654.86160847,"YMIN":8506683.59738907,"XMAX":707754.86160847,"YMAX":8506783.59738907},"geometry":{"type":"Polygon","coordinates":[[[-73.0805742513555,-13.500667811879227],[-73.08058147659696,-13.499764085985415],[-73.08150499653956,-13.499771154411357],[-73.08149777476928,-13.500674880795657],[-73.0805742513555,-13.500667811879227]]]}},{"type":"Feature","properties":{"Cell_ID":392,"Area_ha":1.0,"LC":"5:0.460759,9:0.221671,18:0.317569","XMIN":707654.86160847,"YMIN":8506583.59738907,"XMAX":707754.86160847,"YMAX":8506683.59738907},"geometry":{"type":"Polygon","coordinates":[[[-73.08056702558495,-13.50157153770423],[-73.0805742513555,-13.500667811879227],[-73.08149777476928,-13.500674880795657],[-73.0814905524702,-13.501578607111153],[-73.08056702558495,-13.50157153770423]]]}},{"type":"Feature","properties":{"Cell_ID":393,"Area_ha":1.0,"LC":"5:0.123962,9:0.775756,18:0.100281","XMIN":707654.86160847,"YMIN":8506483.59738907,"XMAX":707754.86160847,"YMAX":8506583.59738907},"geometry":{"type":"Polygon","coordinates":[[[-73.08055979928534,-13.502475263460424],[-73.08056702558495,-13.50157153770423],[-73.0814905524702,-13.501578607111153],[-73.08148332964228,-13.502482333357843],[-73.08055979928534,-13.502475263460424]]]}},{"type":"Feature","properties":{"Cell_ID":394,"Area_ha":1.0,"LC":"5:0.138271,6:0.519031,9:0.102376,16:0.240323","XMIN":707654.86160847,"YMIN":8506383.59738907,"XMAX":707754.86160847,"YMAX":8506483.59738907},"geometry":{"type":"Polygon","coordinates":[[[-73.08055257245665,-13.503378989147807],[-73.08055979928534,-13.502475263460424],[-73.08148332964228,-13.502482333357843],[-73.08147610628555,-13.503386059535725],[-73.08055257245665,-13.503378989147807]]]}},{"type":"Feature","properties":{"Cell_ID":395,"Area_ha":1.0,"LC":"5:0.397092,6:0.000969,7:0.102136,9:0.297217,16:0.202586","XMIN":707654.86160847,"YMIN":8506283.59738907,"XMAX":707754.86160847,"YMAX":8506383.59738907},"geometry":{"type":"Polygon","coordinates":[[[-73.08054534509886,-13.504282714766367],[-73.08055257245665,-13.503378989147807],[-73.08147610628555,-13.503386059535725],[-73.08146888239997,-13.504289785644788],[-73.08054534509886,-13.504282714766367]]]}},{"type":"Feature","properties":{"Cell_ID":396,"Area_ha":1.0,"LC":"5:0.195153,7:0.020773,9:0.764356,16:0.019719","XMIN":707654.86160847,"YMIN":8506183.59738907,"XMAX":707754.86160847,"YMAX":8506283.59738907},"geometry":{"type":"Polygon","coordinates":[[[-73.08053811721196,-13.505186440316107],[-73.08054534509886,-13.504282714766367],[-73.08146888239997,-13.504289785644788],[-73.08146165798554,-13.505193511685034],[-73.08053811721196,-13.505186440316107]]]}},{"type":"Feature","properties":{"Cell_ID":397,"Area_ha":1.0,"LC":"5:0.097851,9:0.343190,13:0.019241,16:0.539719","XMIN":707654.86160847,"YMIN":8506083.59738907,"XMAX":707754.86160847,"YMAX":8506183.59738907},"geometry":{"type":"Polygon","coordinates":[[[-73.08053088879596,-13.50609016579702],[-73.08053811721196,-13.505186440316107],[-73.08146165798554,-13.505193511685034],[-73.08145443304225,-13.506097237656457],[-73.08053088879596,-13.50609016579702]]]}},{"type":"Feature","properties":{"Cell_ID":398,"Area_ha":1.0,"LC":"5:0.003386,9:0.457793,13:0.238539,16:0.300281","XMIN":707654.86160847,"YMIN":8505983.59738907,"XMAX":707754.86160847,"YMAX":8506083.59738907},"geometry":{"type":"Polygon","coordinates":[[[-73.08052365985084,-13.5069938912091],[-73.08053088879596,-13.50609016579702],[-73.08145443304225,-13.506097237656457],[-73.08144720757011,-13.507000963559049],[-73.08052365985084,-13.5069938912091]]]}},{"type":"Feature","properties":{"Cell_ID":399,"Area_ha":1.0,"LC":"5:0.002431,9:0.757007,13:0.060281,16:0.180281","XMIN":707654.86160847,"YMIN":8505883.59738907,"XMAX":707754.86160847,"YMAX":8505983.59738907},"geometry":{"type":"Polygon","coordinates":[[[-73.08051643037658,-13.507897616552345],[-73.08052365985084,-13.5069938912091],[-73.08144720757011,-13.507000963559049],[-73.08143998156908,-13.50790468939281],[-73.08051643037658,-13.507897616552345]]]}},{"type":"Feature","properties":{"Cell_ID":400,"Area_ha":1.0,"LC":"7:0.038960,9:0.961040","XMIN":707654.86160847,"YMIN":8505783.59738907,"XMAX":707754.86160847,"YMAX":8505883.59738907},"geometry":{"type":"Polygon","coordinates":[[[-73.08050920037319,-13.508801341826752],[-73.08051643037658,-13.507897616552345],[-73.08143998156908,-13.50790468939281],[-73.08143275503916,-13.508808415157738],[-73.08050920037319,-13.508801341826752]]]}},{"type":"Feature","properties":{"Cell_ID":401,"Area_ha":1.0,"LC":"7:0.401040,9:0.183274,16:0.077990,17:0.337695","XMIN":707654.86160847,"YMIN":8505683.59738907,"XMAX":707754.86160847,"YMAX":8505783.59738907},"geometry":{"type":"Polygon","coordinates":[[[-73.08050196984064,-13.509705067032309],[-73.08050920037319,-13.508801341826752],[-73.08143275503916,-13.508808415157738],[-73.08142552798034,-13.509712140853818],[-73.08050196984064,-13.509705067032309]]]}},{"type":"Feature","properties":{"Cell_ID":402,"Area_ha":1.0,"LC":"16:0.897695,17:0.102305","XMIN":707654.86160847,"YMIN":8505583.59738907,"XMAX":707754.86160847,"YMAX":8505683.59738907},"geometry":{"type":"Polygon","coordinates":[[[-73.08049473877892,-13.51060879216902],[-73.08050196984064,-13.509705067032309],[-73.08142552798034,-13.509712140853818],[-73.08141830039263,-13.510615866481059],[-73.08049473877892,-13.51060879216902]]]}},{"type":"Feature","properties":{"Cell_ID":403,"Area_ha":1.0,"LC":"16:1.000000","XMIN":707654.86160847,"YMIN":8505483.59738907,"XMAX":707754.86160847,"YMAX":8505583.59738907},"geometry":{"type":"Polygon","coordinates":[[[-73.08048750718805,-13.51151251723688],[-73.08049473877892,-13.51060879216902],[-73.08141830039263,-13.510615866481059],[-73.081411072276,-13.51151959203945],[-73.08048750718805,-13.51151251723688]]]}},{"type":"Feature","properties":{"Cell_ID":404,"Area_ha":1.0,"LC":"5:0.120885,16:0.879115","XMIN":707654.86160847,"YMIN":8505383.59738907,"XMAX":707754.86160847,"YMAX":8505483.59738907},"geometry":{"type":"Polygon","coordinates":[[[-73.080480275068,-13.512416242235878],[-73.08048750718805,-13.51151251723688],[-73.081411072276,-13.51151959203945],[-73.08140384363044,-13.512423317528985],[-73.080480275068,-13.512416242235878]]]}},{"type":"Feature","properties":{"Cell_ID":405,"Area_ha":1.0,"LC":"5:0.702556,16:0.297444","XMIN":707654.86160847,"YMIN":8505283.59738907,"XMAX":707754.86160847,"YMAX":8505383.59738907},"geometry":{"type":"Polygon","coordinates":[[[-73.08047304241875,-13.513319967166018],[-73.080480275068,-13.512416242235878],[-73.08140384363044,-13.512423317528985],[-73.08139661445594,-13.51332704294966],[-73.08047304241875,-13.513319967166018]]]}},{"type":"Feature","properties":{"Cell_ID":406,"Area_ha":1.0,"LC":"5:0.257624,9:0.124369,13:0.618006","XMIN":707754.86160847,"YMIN":8508983.59738907,"XMAX":707854.86160847,"YMAX":8509083.59738907},"geometry":{"type":"Polygon","coordinates":[[[-73.07981685496347,-13.479875037894676],[-73.07982407150442,-13.478971310910168],[-73.08074751115083,-13.478978371447313],[-73.08074029807523,-13.479882098922467],[-73.07981685496347,-13.479875037894676]]]}},{"type":"Feature","properties":{"Cell_ID":407,"Area_ha":1.0,"LC":"5:0.841939,14:0.158061","XMIN":707754.86160847,"YMIN":8508883.59738907,"XMAX":707854.86160847,"YMAX":8508983.59738907},"geometry":{"type":"Polygon","coordinates":[[[-73.07980963789342,-13.480778764810475],[-73.07981685496347,-13.479875037894676],[-73.08074029807523,-13.479882098922467],[-73.08073308447078,-13.480785826328908],[-73.07980963789342,-13.480778764810475]]]}},{"type":"Feature","properties":{"Cell_ID":408,"Area_ha":1.0,"LC":"5:0.185762,6:0.736248,9:0.077990","XMIN":707754.86160847,"YMIN":8508783.59738907,"XMAX":707854.86160847,"YMAX":8508883.59738907},"geometry":{"type":"Polygon","coordinates":[[[-73.07980242029426,-13.48168249165756],[-73.07980963789342,-13.480778764810475],[-73.08073308447078,-13.480785826328908],[-73.08072587033746,-13.481689553666643],[-73.07980242029426,-13.48168249165756]]]}},{"type":"Feature","properties":{"Cell_ID":409,"Area_ha":1.0,"LC":"5:0.041377,6:0.720562,9:0.120071,14:0.117990","XMIN":707754.86160847,"YMIN":8508683.59738907,"XMAX":707854.86160847,"YMAX":8508783.59738907},"geometry":{"type":"Polygon","coordinates":[[[-73.079795202166,-13.482586218435925],[-73.07980242029426,-13.48168249165756],[-73.08072587033746,-13.481689553666643],[-73.08071865567528,-13.482593280935662],[-73.079795202166,-13.482586218435925]]]}},{"type":"Feature","properties":{"Cell_ID":410,"Area_ha":1.0,"LC":"5:0.199044,6:0.199915,9:0.202908,14:0.398132","XMIN":707754.86160847,"YMIN":8508583.59738907,"XMAX":707854.86160847,"YMAX":8508683.59738907},"geometry":{"type":"Polygon","coordinates":[[[-73.07978798350858,-13.483489945145568],[-73.079795202166,-13.482586218435925],[-73.08071865567528,-13.482593280935662],[-73.08071144048425,-13.483497008135961],[-73.07978798350858,-13.483489945145568]]]}},{"type":"Feature","properties":{"Cell_ID":411,"Area_ha":1.0,"LC":"5:0.541644,6:0.182305,9:0.117990,13:0.158061","XMIN":707754.86160847,"YMIN":8508483.59738907,"XMAX":707854.86160847,"YMAX":8508583.59738907},"geometry":{"type":"Polygon","coordinates":[[[-73.07978076432204,-13.484393671786487],[-73.07978798350858,-13.483489945145568],[-73.08071144048425,-13.483497008135961],[-73.0807042247643,-13.48440073526754],[-73.07978076432204,-13.484393671786487]]]}},{"type":"Feature","properties":{"Cell_ID":412,"Area_ha":1.0,"LC":"5:0.143274,9:0.856726","XMIN":707754.86160847,"YMIN":8508383.59738907,"XMAX":707854.86160847,"YMAX":8508483.59738907},"geometry":{"type":"Polygon","coordinates":[[[-73.07977354460635,-13.48529739835867],[-73.07978076432204,-13.484393671786487],[-73.0807042247643,-13.48440073526754],[-73.0806970085155,-13.485304462330387],[-73.07977354460635,-13.48529739835867]]]}},{"type":"Feature","properties":{"Cell_ID":413,"Area_ha":1.0,"LC":"9:0.722501,14:0.277499","XMIN":707754.86160847,"YMIN":8508283.59738907,"XMAX":707854.86160847,"YMAX":8508383.59738907},"geometry":{"type":"Polygon","coordinates":[[[-73.0797663243615,-13.486201124862115],[-73.07977354460635,-13.48529739835867],[-73.0806970085155,-13.485304462330387],[-73.08068979173777,-13.4862081893245],[-73.0797663243615,-13.486201124862115]]]}},{"type":"Feature","properties":{"Cell_ID":414,"Area_ha":1.0,"LC":"3:0.079031,6:0.118061,9:0.762346,14:0.040562","XMIN":707754.86160847,"YMIN":8508183.59738907,"XMAX":707854.86160847,"YMAX":8508283.59738907},"geometry":{"type":"Polygon","coordinates":[[[-73.07975910358748,-13.487104851296825],[-73.0797663243615,-13.486201124862115],[-73.08068979173777,-13.4862081893245],[-73.08068257443112,-13.487111916249882],[-73.07975910358748,-13.487104851296825]]]}},{"type":"Feature","properties":{"Cell_ID":415,"Area_ha":1.0,"LC":"9:0.663823,13:0.336177","XMIN":707754.86160847,"YMIN":8508083.59738907,"XMAX":707854.86160847,"YMAX":8508183.59738907},"geometry":{"type":"Polygon","coordinates":[[[-73.0797518822843,-13.48800857766279],[-73.07975910358748,-13.487104851296825],[-73.08068257443112,-13.487111916249882],[-73.08067535659555,-13.488015643106518],[-73.0797518822843,-13.48800857766279]]]}},{"type":"Feature","properties":{"Cell_ID":416,"Area_ha":1.0,"LC":"9:0.661024,13:0.100915,14:0.238061","XMIN":707754.86160847,"YMIN":8507983.59738907,"XMAX":707854.86160847,"YMAX":8508083.59738907},"geometry":{"type":"Polygon","coordinates":[[[-73.07974466045191,-13.488912303960003],[-73.0797518822843,-13.48800857766279],[-73.08067535659555,-13.488015643106518],[-73.08066813823106,-13.488919369894413],[-73.07974466045191,-13.488912303960003]]]}},{"type":"Feature","properties":{"Cell_ID":417,"Area_ha":1.0,"LC":"5:0.359929,9:0.639593,13:0.000478","XMIN":707754.86160847,"YMIN":8507883.59738907,"XMAX":707854.86160847,"YMAX":8507983.59738907},"geometry":{"type":"Polygon","coordinates":[[[-73.07973743809033,-13.489816030188464],[-73.07974466045191,-13.488912303960003],[-73.08066813823106,-13.488919369894413],[-73.08066091933762,-13.489823096613552],[-73.07973743809033,-13.489816030188464]]]}},{"type":"Feature","properties":{"Cell_ID":418,"Area_ha":1.0,"LC":"5:0.375434,9:0.362979,13:0.261587","XMIN":707754.86160847,"YMIN":8507783.59738907,"XMAX":707854.86160847,"YMAX":8507883.59738907},"geometry":{"type":"Polygon","coordinates":[[[-73.07973021519956,-13.490719756348167],[-73.07973743809033,-13.489816030188464],[-73.08066091933762,-13.489823096613552],[-73.08065369991523,-13.490726823263941],[-73.07973021519956,-13.490719756348167]]]}},{"type":"Feature","properties":{"Cell_ID":419,"Area_ha":1.0,"LC":"5:0.019790,9:0.879367,13:0.100844","XMIN":707754.86160847,"YMIN":8507683.59738907,"XMAX":707854.86160847,"YMAX":8507783.59738907},"geometry":{"type":"Polygon","coordinates":[[[-73.07972299177958,-13.491623482439106],[-73.07973021519956,-13.490719756348167],[-73.08065369991523,-13.490726823263941],[-73.08064647996389,-13.491630549845572],[-73.07972299177958,-13.491623482439106]]]}},{"type":"Feature","properties":{"Cell_ID":420,"Area_ha":1.0,"LC":"7:0.064075,9:0.896895,14:0.039031","XMIN":707754.86160847,"YMIN":8507583.59738907,"XMAX":707854.86160847,"YMAX":8507683.59738907},"geometry":{"type":"Polygon","coordinates":[[[-73.07971576783035,-13.492527208461285],[-73.07972299177958,-13.491623482439106],[-73.08064647996389,-13.491630549845572],[-73.08063925948356,-13.492534276358443],[-73.07971576783035,-13.492527208461285]]]}},{"type":"Feature","properties":{"Cell_ID":421,"Area_ha":1.0,"LC":"5:0.097302,7:0.061742,9:0.840956","XMIN":707754.86160847,"YMIN":8507483.59738907,"XMAX":707854.86160847,"YMAX":8507583.59738907},"geometry":{"type":"Polygon","coordinates":[[[-73.0797085433519,-13.493430934414688],[-73.07971576783035,-13.492527208461285],[-73.08063925948356,-13.492534276358443],[-73.08063203847426,-13.493438002802542],[-73.0797085433519,-13.493430934414688]]]}},{"type":"Feature","properties":{"Cell_ID":422,"Area_ha":1.0,"LC":"5:0.414309,9:0.585691","XMIN":707754.86160847,"YMIN":8507383.59738907,"XMAX":707854.86160847,"YMAX":8507483.59738907},"geometry":{"type":"Polygon","coordinates":[[[-73.0797013183442,-13.494334660299318],[-73.0797085433519,-13.493430934414688],[-73.08063203847426,-13.493438002802542],[-73.08062481693598,-13.494341729177872],[-73.0797013183442,-13.494334660299318]]]}},{"type":"Feature","properties":{"Cell_ID":423,"Area_ha":1.0,"LC":"5:0.239664,9:0.760336","XMIN":707754.86160847,"YMIN":8507283.59738907,"XMAX":707854.86160847,"YMAX":8507383.59738907},"geometry":{"type":"Polygon","coordinates":[[[-73.07969409280727,-13.495238386115174],[-73.0797013183442,-13.494334660299318],[-73.08062481693598,-13.494341729177872],[-73.08061759486868,-13.495245455484426],[-73.07969409280727,-13.495238386115174]]]}},{"type":"Feature","properties":{"Cell_ID":424,"Area_ha":1.0,"LC":"9:0.880969,13:0.119031","XMIN":707754.86160847,"YMIN":8507183.59738907,"XMAX":707854.86160847,"YMAX":8507283.59738907},"geometry":{"type":"Polygon","coordinates":[[[-73.07968686674106,-13.49614211186224],[-73.07969409280727,-13.495238386115174],[-73.08061759486868,-13.495245455484426],[-73.0806103722724,-13.496149181722203],[-73.07968686674106,-13.49614211186224]]]}},{"type":"Feature","properties":{"Cell_ID":425,"Area_ha":1.0,"LC":"5:0.136332,9:0.862698,13:0.000969","XMIN":707754.86160847,"YMIN":8507083.59738907,"XMAX":707854.86160847,"YMAX":8507183.59738907},"geometry":{"type":"Polygon","coordinates":[[[-73.07967964014559,-13.49704583754052],[-73.07968686674106,-13.49614211186224],[-73.0806103722724,-13.496149181722203],[-73.0806031491471,-13.497052907891195],[-73.07967964014559,-13.49704583754052]]]}},{"type":"Feature","properties":{"Cell_ID":426,"Area_ha":1.0,"LC":"5:0.019790,9:0.662783,13:0.317428","XMIN":707754.86160847,"YMIN":8506983.59738907,"XMAX":707854.86160847,"YMAX":8507083.59738907},"geometry":{"type":"Polygon","coordinates":[[[-73.07967241302082,-13.497949563150012],[-73.07967964014559,-13.49704583754052],[-73.0806031491471,-13.497052907891195],[-73.08059592549276,-13.497956633991393],[-73.07967241302082,-13.497949563150012]]]}},{"type":"Feature","properties":{"Cell_ID":427,"Area_ha":1.0,"LC":"5:0.099156,9:0.022712,13:0.878132","XMIN":707754.86160847,"YMIN":8506883.59738907,"XMAX":707854.86160847,"YMAX":8506983.59738907},"geometry":{"type":"Polygon","coordinates":[[[-73.07966518536678,-13.498853288690698],[-73.07967241302082,-13.497949563150012],[-73.08059592549276,-13.497956633991393],[-73.08058870130938,-13.498860360022801],[-73.07966518536678,-13.498853288690698]]]}},{"type":"Feature","properties":{"Cell_ID":428,"Area_ha":1.0,"LC":"5:0.377935,9:0.557428,13:0.064637","XMIN":707754.86160847,"YMIN":8506783.59738907,"XMAX":707854.86160847,"YMAX":8506883.59738907},"geometry":{"type":"Polygon","coordinates":[[[-73.07965795718343,-13.499757014162594],[-73.07966518536678,-13.498853288690698],[-73.08058870130938,-13.498860360022801],[-73.08058147659696,-13.499764085985415],[-73.07965795718343,-13.499757014162594]]]}},{"type":"Feature","properties":{"Cell_ID":429,"Area_ha":1.0,"LC":"9:0.937288,13:0.062712","XMIN":707754.86160847,"YMIN":8506683.59738907,"XMAX":707854.86160847,"YMAX":8506783.59738907},"geometry":{"type":"Polygon","coordinates":[[[-73.07965072847077,-13.500660739565678],[-73.07965795718343,-13.499757014162594],[-73.08058147659696,-13.499764085985415],[-73.0805742513555,-13.500667811879227],[-73.07965072847077,-13.500660739565678]]]}},{"type":"Feature","properties":{"Cell_ID":430,"Area_ha":1.0,"LC":"5:0.542065,9:0.457935","XMIN":707754.86160847,"YMIN":8506583.59738907,"XMAX":707854.86160847,"YMAX":8506683.59738907},"geometry":{"type":"Polygon","coordinates":[[[-73.0796434992288,-13.501564464899955],[-73.07965072847077,-13.500660739565678],[-73.0805742513555,-13.500667811879227],[-73.08056702558495,-13.50157153770423],[-73.0796434992288,-13.501564464899955]]]}},{"type":"Feature","properties":{"Cell_ID":431,"Area_ha":1.0,"LC":"5:0.338905,9:0.657709,18:0.003386","XMIN":707754.86160847,"YMIN":8506483.59738907,"XMAX":707854.86160847,"YMAX":8506583.59738907},"geometry":{"type":"Polygon","coordinates":[[[-73.0796362694575,-13.50246819016542],[-73.0796434992288,-13.501564464899955],[-73.08056702558495,-13.50157153770423],[-73.08055979928534,-13.502475263460424],[-73.0796362694575,-13.50246819016542]]]}},{"type":"Feature","properties":{"Cell_ID":432,"Area_ha":1.0,"LC":"6:0.357499,9:0.581799,16:0.058271,18:0.002431","XMIN":707754.86160847,"YMIN":8506383.59738907,"XMAX":707854.86160847,"YMAX":8506483.59738907},"geometry":{"type":"Polygon","coordinates":[[[-73.07962903915684,-13.503371915362067],[-73.0796362694575,-13.50246819016542],[-73.08055979928534,-13.502475263460424],[-73.08055257245665,-13.503378989147807],[-73.07962903915684,-13.503371915362067]]]}},{"type":"Feature","properties":{"Cell_ID":433,"Area_ha":1.0,"LC":"5:0.083386,6:0.239593,7:0.416177,9:0.202023,16:0.058820","XMIN":707754.86160847,"YMIN":8506283.59738907,"XMAX":707854.86160847,"YMAX":8506383.59738907},"geometry":{"type":"Polygon","coordinates":[[[-73.07962180832685,-13.504275640489888],[-73.07962903915684,-13.503371915362067],[-73.08055257245665,-13.503378989147807],[-73.08054534509886,-13.504282714766367],[-73.07962180832685,-13.504275640489888]]]}},{"type":"Feature","properties":{"Cell_ID":434,"Area_ha":1.0,"LC":"5:0.000492,6:0.119438,7:0.345270,9:0.534801","XMIN":707754.86160847,"YMIN":8506183.59738907,"XMAX":707854.86160847,"YMAX":8506283.59738907},"geometry":{"type":"Polygon","coordinates":[[[-73.07961457696751,-13.505179365548889],[-73.07962180832685,-13.504275640489888],[-73.08054534509886,-13.504282714766367],[-73.08053811721196,-13.505186440316107],[-73.07961457696751,-13.505179365548889]]]}},{"type":"Feature","properties":{"Cell_ID":435,"Area_ha":1.0,"LC":"5:0.000478,6:0.403878,7:0.000492,9:0.595153","XMIN":707754.86160847,"YMIN":8506083.59738907,"XMAX":707854.86160847,"YMAX":8506183.59738907},"geometry":{"type":"Polygon","coordinates":[[[-73.07960734507878,-13.506083090539056],[-73.07961457696751,-13.505179365548889],[-73.08053811721196,-13.505186440316107],[-73.08053088879596,-13.50609016579702],[-73.07960734507878,-13.506083090539056]]]}},{"type":"Feature","properties":{"Cell_ID":436,"Area_ha":1.0,"LC":"5:0.860055,6:0.040562,9:0.099383","XMIN":707754.86160847,"YMIN":8505983.59738907,"XMAX":707854.86160847,"YMAX":8506083.59738907},"geometry":{"type":"Polygon","coordinates":[[[-73.07960011266071,-13.506986815460387],[-73.07960734507878,-13.506083090539056],[-73.08053088879596,-13.50609016579702],[-73.08052365985084,-13.5069938912091],[-73.07960011266071,-13.506986815460387]]]}},{"type":"Feature","properties":{"Cell_ID":437,"Area_ha":1.0,"LC":"5:0.703261,9:0.296739","XMIN":707754.86160847,"YMIN":8505883.59738907,"XMAX":707854.86160847,"YMAX":8505983.59738907},"geometry":{"type":"Polygon","coordinates":[[[-73.07959287971323,-13.507890540312879],[-73.07960011266071,-13.506986815460387],[-73.08052365985084,-13.5069938912091],[-73.08051643037658,-13.507897616552345],[-73.07959287971323,-13.507890540312879]]]}},{"type":"Feature","properties":{"Cell_ID":438,"Area_ha":1.0,"LC":"5:0.484847,9:0.515153","XMIN":707754.86160847,"YMIN":8505783.59738907,"XMAX":707854.86160847,"YMAX":8505883.59738907},"geometry":{"type":"Polygon","coordinates":[[[-73.07958564623635,-13.508794265096528],[-73.07959287971323,-13.507890540312879],[-73.08051643037658,-13.507897616552345],[-73.08050920037319,-13.508801341826752],[-73.07958564623635,-13.508794265096528]]]}},{"type":"Feature","properties":{"Cell_ID":439,"Area_ha":1.0,"LC":"5:0.041054,6:0.160885,7:0.118061,9:0.621322,17:0.058678","XMIN":707754.86160847,"YMIN":8505683.59738907,"XMAX":707854.86160847,"YMAX":8505783.59738907},"geometry":{"type":"Polygon","coordinates":[[[-73.07957841223008,-13.509697989811327],[-73.07958564623635,-13.508794265096528],[-73.08050920037319,-13.508801341826752],[-73.08050196984064,-13.509705067032309],[-73.07957841223008,-13.509697989811327]]]}},{"type":"Feature","properties":{"Cell_ID":440,"Area_ha":1.0,"LC":"6:0.041054,16:0.496655,17:0.462291","XMIN":707754.86160847,"YMIN":8505583.59738907,"XMAX":707854.86160847,"YMAX":8505683.59738907},"geometry":{"type":"Polygon","coordinates":[[[-73.0795711776944,-13.510601714457273],[-73.07957841223008,-13.509697989811327],[-73.08050196984064,-13.509705067032309],[-73.08049473877892,-13.51060879216902],[-73.0795711776944,-13.510601714457273]]]}},{"type":"Feature","properties":{"Cell_ID":441,"Area_ha":1.0,"LC":"16:1.000000","XMIN":707754.86160847,"YMIN":8505483.59738907,"XMAX":707854.86160847,"YMAX":8505583.59738907},"geometry":{"type":"Polygon","coordinates":[[[-73.07956394262928,-13.51150543903437],[-73.0795711776944,-13.510601714457273],[-73.08049473877892,-13.51060879216902],[-73.08048750718805,-13.51151251723688],[-73.07956394262928,-13.51150543903437]]]}},{"type":"Feature","properties":{"Cell_ID":442,"Area_ha":1.0,"LC":"5:0.117990,9:0.039438,16:0.842572","XMIN":707754.86160847,"YMIN":8505383.59738907,"XMAX":707854.86160847,"YMAX":8505483.59738907},"geometry":{"type":"Polygon","coordinates":[[[-73.07955670703474,-13.512409163542596],[-73.07956394262928,-13.51150543903437],[-73.08048750718805,-13.51151251723688],[-73.080480275068,-13.512416242235878],[-73.07955670703474,-13.512409163542596]]]}},{"type":"Feature","properties":{"Cell_ID":443,"Area_ha":1.0,"LC":"5:0.575756,9:0.403471,16:0.020773","XMIN":707754.86160847,"YMIN":8505283.59738907,"XMAX":707854.86160847,"YMAX":8505383.59738907},"geometry":{"type":"Polygon","coordinates":[[[-73.07954947091076,-13.513312887981959],[-73.07955670703474,-13.512409163542596],[-73.080480275068,-13.512416242235878],[-73.08047304241875,-13.513319967166018],[-73.07954947091076,-13.513312887981959]]]}},{"type":"Feature","properties":{"Cell_ID":444,"Area_ha":1.0,"LC":"5:0.441274,13:0.132516","XMIN":707754.86160847,"YMIN":8505183.59738907,"XMAX":707854.86160847,"YMAX":8505283.59738907},"geometry":{"type":"Polygon","coordinates":[[[-73.07954223425732,-13.514216612352458],[-73.07954947091076,-13.513312887981959],[-73.08047304241875,-13.513319967166018],[-73.08046580924031,-13.51422369202729],[-73.07954223425732,-13.514216612352458]]]}},{"type":"Feature","properties":{"Cell_ID":445,"Area_ha":1.0,"LC":"5:0.958946,9:0.041054","XMIN":707854.86160847,"YMIN":8508883.59738907,"XMAX":707954.86160847,"YMAX":8508983.59738907},"geometry":{"type":"Polygon","coordinates":[[[-73.07888619184517,-13.480771699900119],[-73.07889341238081,-13.479867973475203],[-73.07981685496347,-13.479875037894676],[-73.07980963789342,-13.480778764810475],[-73.07888619184517,-13.480771699900119]]]}},{"type":"Feature","properties":{"Cell_ID":446,"Area_ha":1.0,"LC":"5:1.000000","XMIN":707854.86160847,"YMIN":8508783.59738907,"XMAX":707954.86160847,"YMAX":8508883.59738907},"geometry":{"type":"Polygon","coordinates":[[[-73.07887897078018,-13.481675426256318],[-73.07888619184517,-13.480771699900119],[-73.07980963789342,-13.480778764810475],[-73.07980242029426,-13.48168249165756],[-73.07887897078018,-13.481675426256318]]]}},{"type":"Feature","properties":{"Cell_ID":447,"Area_ha":1.0,"LC":"5:0.882908,6:0.117092","XMIN":707854.86160847,"YMIN":8508683.59738907,"XMAX":707954.86160847,"YMAX":8508783.59738907},"geometry":{"type":"Polygon","coordinates":[[[-73.07887174918581,-13.482579152543796],[-73.07887897078018,-13.481675426256318],[-73.07980242029426,-13.48168249165756],[-73.079795202166,-13.482586218435925],[-73.07887174918581,-13.482579152543796]]]}},{"type":"Feature","properties":{"Cell_ID":448,"Area_ha":1.0,"LC":"5:0.441040,6:0.038960,9:0.520000","XMIN":707854.86160847,"YMIN":8508583.59738907,"XMAX":707954.86160847,"YMAX":8508683.59738907},"geometry":{"type":"Polygon","coordinates":[[[-73.07886452706205,-13.483482878762548],[-73.07887174918581,-13.482579152543796],[-73.079795202166,-13.482586218435925],[-73.07978798350858,-13.483489945145568],[-73.07886452706205,-13.483482878762548]]]}},{"type":"Feature","properties":{"Cell_ID":449,"Area_ha":1.0,"LC":"5:0.859732,6:0.119101,9:0.021166","XMIN":707854.86160847,"YMIN":8508483.59738907,"XMAX":707954.86160847,"YMAX":8508583.59738907},"geometry":{"type":"Polygon","coordinates":[[[-73.07885730440891,-13.484386604912569],[-73.07886452706205,-13.483482878762548],[-73.07978798350858,-13.483489945145568],[-73.07978076432204,-13.484393671786487],[-73.07885730440891,-13.484386604912569]]]}},{"type":"Feature","properties":{"Cell_ID":450,"Area_ha":1.0,"LC":"5:0.638132,9:0.301671,14:0.060197","XMIN":707854.86160847,"YMIN":8508383.59738907,"XMAX":707954.86160847,"YMAX":8508483.59738907},"geometry":{"type":"Polygon","coordinates":[[[-73.07885008122636,-13.485290330993852],[-73.07885730440891,-13.484386604912569],[-73.07978076432204,-13.484393671786487],[-73.07977354460635,-13.48529739835867],[-73.07885008122636,-13.485290330993852]]]}},{"type":"Feature","properties":{"Cell_ID":451,"Area_ha":1.0,"LC":"5:0.361532,9:0.435068,14:0.203400","XMIN":707854.86160847,"YMIN":8508283.59738907,"XMAX":707954.86160847,"YMAX":8508383.59738907},"geometry":{"type":"Polygon","coordinates":[[[-73.0788428575144,-13.486194057006395],[-73.07885008122636,-13.485290330993852],[-73.07977354460635,-13.48529739835867],[-73.0797663243615,-13.486201124862115],[-73.0788428575144,-13.486194057006395]]]}},{"type":"Feature","properties":{"Cell_ID":452,"Area_ha":1.0,"LC":"9:0.978271,14:0.021729","XMIN":707854.86160847,"YMIN":8508183.59738907,"XMAX":707954.86160847,"YMAX":8508283.59738907},"geometry":{"type":"Polygon","coordinates":[[[-73.07883563327303,-13.487097782950197],[-73.0788428575144,-13.486194057006395],[-73.0797663243615,-13.486201124862115],[-73.07975910358748,-13.487104851296825],[-73.07883563327303,-13.487097782950197]]]}},{"type":"Feature","properties":{"Cell_ID":453,"Area_ha":1.0,"LC":"9:0.955631,14:0.044369","XMIN":707854.86160847,"YMIN":8508083.59738907,"XMAX":707954.86160847,"YMAX":8508183.59738907},"geometry":{"type":"Polygon","coordinates":[[[-73.07882840850222,-13.48800150882525],[-73.07883563327303,-13.487097782950197],[-73.07975910358748,-13.487104851296825],[-73.0797518822843,-13.48800857766279],[-73.07882840850222,-13.48800150882525]]]}},{"type":"Feature","properties":{"Cell_ID":454,"Area_ha":1.0,"LC":"7:0.000478,9:0.999522","XMIN":707854.86160847,"YMIN":8507983.59738907,"XMAX":707954.86160847,"YMAX":8508083.59738907},"geometry":{"type":"Polygon","coordinates":[[[-73.07882118320197,-13.488905234631552],[-73.07882840850222,-13.48800150882525],[-73.0797518822843,-13.48800857766279],[-73.07974466045191,-13.488912303960003],[-73.07882118320197,-13.488905234631552]]]}},{"type":"Feature","properties":{"Cell_ID":455,"Area_ha":1.0,"LC":"5:0.357092,7:0.104566,9:0.479664,13:0.058678","XMIN":707854.86160847,"YMIN":8507883.59738907,"XMAX":707954.86160847,"YMAX":8507983.59738907},"geometry":{"type":"Polygon","coordinates":[[[-73.07881395737226,-13.489808960369094],[-73.07882118320197,-13.488905234631552],[-73.07974466045191,-13.488912303960003],[-73.07973743809033,-13.489816030188464],[-73.07881395737226,-13.489808960369094]]]}},{"type":"Feature","properties":{"Cell_ID":456,"Area_ha":1.0,"LC":"6:0.161854,7:0.102712,9:0.477021,13:0.258413","XMIN":707854.86160847,"YMIN":8507783.59738907,"XMAX":707954.86160847,"YMAX":8507883.59738907},"geometry":{"type":"Polygon","coordinates":[[[-73.07880673101312,-13.490712686037877],[-73.07881395737226,-13.489808960369094],[-73.07973743809033,-13.489816030188464],[-73.07973021519956,-13.490719756348167],[-73.07880673101312,-13.490712686037877]]]}},{"type":"Feature","properties":{"Cell_ID":457,"Area_ha":1.0,"LC":"6:0.421742,7:0.159438,9:0.275715,13:0.061166,16:0.081939","XMIN":707854.86160847,"YMIN":8507683.59738907,"XMAX":707954.86160847,"YMAX":8507783.59738907},"geometry":{"type":"Polygon","coordinates":[[[-73.07879950412449,-13.491616411637896],[-73.07880673101312,-13.490712686037877],[-73.07973021519956,-13.490719756348167],[-73.07972299177958,-13.491623482439106],[-73.07879950412449,-13.491616411637896]]]}},{"type":"Feature","properties":{"Cell_ID":458,"Area_ha":1.0,"LC":"6:0.060281,7:0.475644,9:0.079424,13:0.384651","XMIN":707854.86160847,"YMIN":8507583.59738907,"XMAX":707954.86160847,"YMAX":8507683.59738907},"geometry":{"type":"Polygon","coordinates":[[[-73.07879227670638,-13.492520137169144],[-73.07879950412449,-13.491616411637896],[-73.07972299177958,-13.491623482439106],[-73.07971576783035,-13.492527208461285],[-73.07879227670638,-13.492520137169144]]]}},{"type":"Feature","properties":{"Cell_ID":459,"Area_ha":1.0,"LC":"7:0.079101,9:0.920899","XMIN":707854.86160847,"YMIN":8507483.59738907,"XMAX":707954.86160847,"YMAX":8507583.59738907},"geometry":{"type":"Polygon","coordinates":[[[-73.07878504875879,-13.493423862631618],[-73.07879227670638,-13.492520137169144],[-73.07971576783035,-13.492527208461285],[-73.0797085433519,-13.493430934414688],[-73.07878504875879,-13.493423862631618]]]}},{"type":"Feature","properties":{"Cell_ID":460,"Area_ha":1.0,"LC":"9:1.000000","XMIN":707854.86160847,"YMIN":8507383.59738907,"XMAX":707954.86160847,"YMAX":8507483.59738907},"geometry":{"type":"Polygon","coordinates":[[[-73.0787778202817,-13.494327588025312],[-73.07878504875879,-13.493423862631618],[-73.0797085433519,-13.493430934414688],[-73.0797013183442,-13.494334660299318],[-73.0787778202817,-13.494327588025312]]]}},{"type":"Feature","properties":{"Cell_ID":461,"Area_ha":1.0,"LC":"9:1.000000","XMIN":707854.86160847,"YMIN":8507283.59738907,"XMAX":707954.86160847,"YMAX":8507383.59738907},"geometry":{"type":"Polygon","coordinates":[[[-73.07877059127509,-13.495231313350226],[-73.0787778202817,-13.494327588025312],[-73.0797013183442,-13.494334660299318],[-73.07969409280727,-13.495238386115174],[-73.07877059127509,-13.495231313350226]]]}},{"type":"Feature","properties":{"Cell_ID":462,"Area_ha":1.0,"LC":"5:0.000969,9:0.438708,13:0.560323","XMIN":707854.86160847,"YMIN":8507183.59738907,"XMAX":707954.86160847,"YMAX":8507283.59738907},"geometry":{"type":"Polygon","coordinates":[[[-73.078763361739,-13.496135038606353],[-73.07877059127509,-13.495231313350226],[-73.07969409280727,-13.495238386115174],[-73.07968686674106,-13.49614211186224],[-73.078763361739,-13.496135038606353]]]}},{"type":"Feature","properties":{"Cell_ID":463,"Area_ha":1.0,"LC":"5:0.001447,9:0.435560,13:0.562993","XMIN":707854.86160847,"YMIN":8507083.59738907,"XMAX":707954.86160847,"YMAX":8507183.59738907},"geometry":{"type":"Polygon","coordinates":[[[-73.07875613167334,-13.497038763793686],[-73.078763361739,-13.496135038606353],[-73.07968686674106,-13.49614211186224],[-73.07967964014559,-13.49704583754052],[-73.07875613167334,-13.497038763793686]]]}},{"type":"Feature","properties":{"Cell_ID":464,"Area_ha":1.0,"LC":"5:0.502556,9:0.376881,13:0.120562","XMIN":707854.86160847,"YMIN":8506983.59738907,"XMAX":707954.86160847,"YMAX":8507083.59738907},"geometry":{"type":"Polygon","coordinates":[[[-73.07874890107819,-13.497942488912225],[-73.07875613167334,-13.497038763793686],[-73.07967964014559,-13.49704583754052],[-73.07967241302082,-13.497949563150012],[-73.07874890107819,-13.497942488912225]]]}},{"type":"Feature","properties":{"Cell_ID":465,"Area_ha":1.0,"LC":"5:0.302783,9:0.238623,13:0.458594","XMIN":707854.86160847,"YMIN":8506883.59738907,"XMAX":707954.86160847,"YMAX":8506983.59738907},"geometry":{"type":"Polygon","coordinates":[[[-73.07874166995347,-13.498846213961963],[-73.07874890107819,-13.497942488912225],[-73.07967241302082,-13.497949563150012],[-73.07966518536678,-13.498853288690698],[-73.07874166995347,-13.498846213961963]]]}},{"type":"Feature","properties":{"Cell_ID":466,"Area_ha":1.0,"LC":"13:1.000000","XMIN":707854.86160847,"YMIN":8506783.59738907,"XMAX":707954.86160847,"YMAX":8506883.59738907},"geometry":{"type":"Polygon","coordinates":[[[-73.0787344382992,-13.4997499389429],[-73.07874166995347,-13.498846213961963],[-73.07966518536678,-13.498853288690698],[-73.07965795718343,-13.499757014162594],[-73.0787344382992,-13.4997499389429]]]}},{"type":"Feature","properties":{"Cell_ID":467,"Area_ha":1.0,"LC":"9:0.117021,13:0.882979","XMIN":707854.86160847,"YMIN":8506683.59738907,"XMAX":707954.86160847,"YMAX":8506783.59738907},"geometry":{"type":"Polygon","coordinates":[[[-73.07872720611536,-13.50065366385503],[-73.0787344382992,-13.4997499389429],[-73.07965795718343,-13.499757014162594],[-73.07965072847077,-13.500660739565678],[-73.07872720611536,-13.50065366385503]]]}},{"type":"Feature","properties":{"Cell_ID":468,"Area_ha":1.0,"LC":"5:0.737624,9:0.200071,13:0.062305","XMIN":707854.86160847,"YMIN":8506583.59738907,"XMAX":707954.86160847,"YMAX":8506683.59738907},"geometry":{"type":"Polygon","coordinates":[[[-73.07871997340196,-13.501557388698341],[-73.07872720611536,-13.50065366385503],[-73.07965072847077,-13.500660739565678],[-73.0796434992288,-13.501564464899955],[-73.07871997340196,-13.501557388698341]]]}},{"type":"Feature","properties":{"Cell_ID":469,"Area_ha":1.0,"LC":"5:0.584230,18:0.415770","XMIN":707854.86160847,"YMIN":8506483.59738907,"XMAX":707954.86160847,"YMAX":8506583.59738907},"geometry":{"type":"Polygon","coordinates":[[[-73.07871274015898,-13.502461113472839],[-73.07871997340196,-13.501557388698341],[-73.0796434992288,-13.501564464899955],[-73.0796362694575,-13.50246819016542],[-73.07871274015898,-13.502461113472839]]]}},{"type":"Feature","properties":{"Cell_ID":470,"Area_ha":1.0,"LC":"5:0.041054,9:0.497624,13:0.040969,18:0.420352","XMIN":707854.86160847,"YMIN":8506383.59738907,"XMAX":707954.86160847,"YMAX":8506483.59738907},"geometry":{"type":"Polygon","coordinates":[[[-73.0787055063864,-13.503364838178513],[-73.07871274015898,-13.502461113472839],[-73.0796362694575,-13.50246819016542],[-73.07962903915684,-13.503371915362067],[-73.0787055063864,-13.503364838178513]]]}},{"type":"Feature","properties":{"Cell_ID":471,"Area_ha":1.0,"LC":"5:0.335770,9:0.664230","XMIN":707854.86160847,"YMIN":8506283.59738907,"XMAX":707954.86160847,"YMAX":8506383.59738907},"geometry":{"type":"Polygon","coordinates":[[[-73.0786982720842,-13.504268562815362],[-73.0787055063864,-13.503364838178513],[-73.07962903915684,-13.503371915362067],[-73.07962180832685,-13.504275640489888],[-73.0786982720842,-13.504268562815362]]]}},{"type":"Feature","properties":{"Cell_ID":472,"Area_ha":1.0,"LC":"5:0.180352,7:0.434519,9:0.385129","XMIN":707854.86160847,"YMIN":8506183.59738907,"XMAX":707954.86160847,"YMAX":8506283.59738907},"geometry":{"type":"Polygon","coordinates":[[[-73.07869103725241,-13.505172287383381],[-73.0786982720842,-13.504268562815362],[-73.07962180832685,-13.504275640489888],[-73.07961457696751,-13.505179365548889],[-73.07869103725241,-13.505172287383381]]]}},{"type":"Feature","properties":{"Cell_ID":473,"Area_ha":1.0,"LC":"5:0.038960,6:0.295841,7:0.602488,9:0.062712","XMIN":707854.86160847,"YMIN":8506083.59738907,"XMAX":707954.86160847,"YMAX":8506183.59738907},"geometry":{"type":"Polygon","coordinates":[[[-73.078683801891,-13.506076011882568],[-73.07869103725241,-13.505172287383381],[-73.07961457696751,-13.505179365548889],[-73.07960734507878,-13.506083090539056],[-73.078683801891,-13.506076011882568]]]}},{"type":"Feature","properties":{"Cell_ID":474,"Area_ha":1.0,"LC":"5:0.854309,6:0.020281,7:0.125410","XMIN":707854.86160847,"YMIN":8505983.59738907,"XMAX":707954.86160847,"YMAX":8506083.59738907},"geometry":{"type":"Polygon","coordinates":[[[-73.07867656599996,-13.506979736312912],[-73.078683801891,-13.506076011882568],[-73.07960734507878,-13.506083090539056],[-73.07960011266071,-13.506986815460387],[-73.07867656599996,-13.506979736312912]]]}},{"type":"Feature","properties":{"Cell_ID":475,"Area_ha":1.0,"LC":"5:0.977851,7:0.002431,16:0.019719","XMIN":707854.86160847,"YMIN":8505883.59738907,"XMAX":707954.86160847,"YMAX":8505983.59738907},"geometry":{"type":"Polygon","coordinates":[[[-73.07866932957927,-13.50788346067442],[-73.07867656599996,-13.506979736312912],[-73.07960011266071,-13.506986815460387],[-73.07959287971323,-13.507890540312879],[-73.07866932957927,-13.50788346067442]]]}},{"type":"Feature","properties":{"Cell_ID":476,"Area_ha":1.0,"LC":"5:0.615925,6:0.061166,16:0.322908","XMIN":707854.86160847,"YMIN":8505783.59738907,"XMAX":707954.86160847,"YMAX":8505883.59738907},"geometry":{"type":"Polygon","coordinates":[[[-73.07866209262895,-13.508787184967076],[-73.07866932957927,-13.50788346067442],[-73.07959287971323,-13.507890540312879],[-73.07958564623635,-13.508794265096528],[-73.07866209262895,-13.508787184967076]]]}},{"type":"Feature","properties":{"Cell_ID":477,"Area_ha":1.0,"LC":"5:0.140352,6:0.722275,9:0.117092,16:0.020281","XMIN":707854.86160847,"YMIN":8505683.59738907,"XMAX":707954.86160847,"YMAX":8505783.59738907},"geometry":{"type":"Polygon","coordinates":[[[-73.07865485514895,-13.509690909190876],[-73.07866209262895,-13.508787184967076],[-73.07958564623635,-13.508794265096528],[-73.07957841223008,-13.509697989811327],[-73.07865485514895,-13.509690909190876]]]}},{"type":"Feature","properties":{"Cell_ID":478,"Area_ha":1.0,"LC":"6:0.101406,9:0.041447,16:0.257147,17:0.600000","XMIN":707854.86160847,"YMIN":8505583.59738907,"XMAX":707954.86160847,"YMAX":8505683.59738907},"geometry":{"type":"Polygon","coordinates":[[[-73.0786476171393,-13.510594633345828],[-73.07865485514895,-13.509690909190876],[-73.07957841223008,-13.509697989811327],[-73.0795711776944,-13.510601714457273],[-73.0786476171393,-13.510594633345828]]]}},{"type":"Feature","properties":{"Cell_ID":479,"Area_ha":1.0,"LC":"9:0.000492,16:0.999508","XMIN":707854.86160847,"YMIN":8505483.59738907,"XMAX":707954.86160847,"YMAX":8505583.59738907},"geometry":{"type":"Polygon","coordinates":[[[-73.07864037859996,-13.511498357431918],[-73.0786476171393,-13.510594633345828],[-73.0795711776944,-13.510601714457273],[-73.07956394262928,-13.51150543903437],[-73.07864037859996,-13.511498357431918]]]}},{"type":"Feature","properties":{"Cell_ID":480,"Area_ha":1.0,"LC":"16:1.000000","XMIN":707854.86160847,"YMIN":8505383.59738907,"XMAX":707954.86160847,"YMAX":8505483.59738907},"geometry":{"type":"Polygon","coordinates":[[[-73.07863313953094,-13.512402081449144],[-73.07864037859996,-13.511498357431918],[-73.07956394262928,-13.51150543903437],[-73.07955670703474,-13.512409163542596],[-73.07863313953094,-13.512402081449144]]]}},{"type":"Feature","properties":{"Cell_ID":481,"Area_ha":1.0,"LC":"5:0.257147,9:0.277092,16:0.465762","XMIN":707854.86160847,"YMIN":8505283.59738907,"XMAX":707954.86160847,"YMAX":8505383.59738907},"geometry":{"type":"Polygon","coordinates":[[[-73.07862589993222,-13.513305805397497],[-73.07863313953094,-13.512402081449144],[-73.07955670703474,-13.512409163542596],[-73.07954947091076,-13.513312887981959],[-73.07862589993222,-13.513305805397497]]]}},{"type":"Feature","properties":{"Cell_ID":482,"Area_ha":1.0,"LC":"5:0.975587,16:0.003400","XMIN":707854.86160847,"YMIN":8505183.59738907,"XMAX":707954.86160847,"YMAX":8505283.59738907},"geometry":{"type":"Polygon","coordinates":[[[-73.0786186598038,-13.51420952927698],[-73.07862589993222,-13.513305805397497],[-73.07954947091076,-13.513312887981959],[-73.07954223425732,-13.514216612352458],[-73.0786186598038,-13.51420952927698]]]}},{"type":"Feature","properties":{"Cell_ID":483,"Area_ha":1.0,"LC":"5:0.360350,13:0.135797,16:0.019968","XMIN":707854.86160847,"YMIN":8505083.59738907,"XMAX":707954.86160847,"YMAX":8505183.59738907},"geometry":{"type":"Polygon","coordinates":[[[-73.07861141914564,-13.515113253087584],[-73.0786186598038,-13.51420952927698],[-73.07954223425732,-13.514216612352458],[-73.07953499707443,-13.515120336654078],[-73.07861141914564,-13.515113253087584]]]}},{"type":"Feature","properties":{"Cell_ID":484,"Area_ha":1.0,"LC":"9:0.576655,13:0.402572,14:0.020773","XMIN":707954.86160847,"YMIN":8509083.59738907,"XMAX":708054.86160847,"YMAX":8509183.59738907},"geometry":{"type":"Polygon","coordinates":[[[-73.07797719379911,-13.478957179661535],[-73.0779844167411,-13.478053453590306],[-73.07890785186402,-13.47806052041923],[-73.07890063238709,-13.478964246981572],[-73.07797719379911,-13.478957179661535]]]}},{"type":"Feature","properties":{"Cell_ID":485,"Area_ha":1.0,"LC":"5:0.295363,9:0.703190,13:0.001447","XMIN":707954.86160847,"YMIN":8508883.59738907,"XMAX":708054.86160847,"YMAX":8508983.59738907},"geometry":{"type":"Polygon","coordinates":[[[-73.07796274632629,-13.480764631597852],[-73.0779699703275,-13.479860905664054],[-73.07889341238081,-13.479867973475203],[-73.07888619184517,-13.480771699900119],[-73.07796274632629,-13.480764631597852]]]}},{"type":"Feature","properties":{"Cell_ID":486,"Area_ha":1.0,"LC":"5:0.715475,9:0.284033,13:0.000492","XMIN":707954.86160847,"YMIN":8508783.59738907,"XMAX":708054.86160847,"YMAX":8508883.59738907},"geometry":{"type":"Polygon","coordinates":[[[-73.07795552179547,-13.481668357462931],[-73.07796274632629,-13.480764631597852],[-73.07888619184517,-13.480771699900119],[-73.07887897078018,-13.481675426256318],[-73.07795552179547,-13.481668357462931]]]}},{"type":"Feature","properties":{"Cell_ID":487,"Area_ha":1.0,"LC":"5:1.000000","XMIN":707954.86160847,"YMIN":8508683.59738907,"XMAX":708054.86160847,"YMAX":8508783.59738907},"geometry":{"type":"Polygon","coordinates":[[[-73.07794829673502,-13.482572083259283],[-73.07795552179547,-13.481668357462931],[-73.07887897078018,-13.481675426256318],[-73.07887174918581,-13.482579152543796],[-73.07794829673502,-13.482572083259283]]]}},{"type":"Feature","properties":{"Cell_ID":488,"Area_ha":1.0,"LC":"5:0.800969,9:0.199031","XMIN":707954.86160847,"YMIN":8508583.59738907,"XMAX":708054.86160847,"YMAX":8508683.59738907},"geometry":{"type":"Polygon","coordinates":[[[-73.07794107114492,-13.483475808986906],[-73.07794829673502,-13.482572083259283],[-73.07887174918581,-13.482579152543796],[-73.07886452706205,-13.483482878762548],[-73.07794107114492,-13.483475808986906]]]}},{"type":"Feature","properties":{"Cell_ID":489,"Area_ha":1.0,"LC":"5:0.379467,9:0.599367,13:0.021166","XMIN":707954.86160847,"YMIN":8508483.59738907,"XMAX":708054.86160847,"YMAX":8508583.59738907},"geometry":{"type":"Polygon","coordinates":[[[-73.07793384502519,-13.484379534645797],[-73.07794107114492,-13.483475808986906],[-73.07886452706205,-13.483482878762548],[-73.07885730440891,-13.484386604912569],[-73.07793384502519,-13.484379534645797]]]}},{"type":"Feature","properties":{"Cell_ID":490,"Area_ha":1.0,"LC":"9:0.878610,13:0.062712,14:0.058678","XMIN":707954.86160847,"YMIN":8508383.59738907,"XMAX":708054.86160847,"YMAX":8508483.59738907},"geometry":{"type":"Polygon","coordinates":[[[-73.0779266183758,-13.485283260235944],[-73.07793384502519,-13.484379534645797],[-73.07885730440891,-13.484386604912569],[-73.07885008122636,-13.485290330993852],[-73.0779266183758,-13.485283260235944]]]}},{"type":"Feature","properties":{"Cell_ID":491,"Area_ha":1.0,"LC":"5:0.319438,9:0.061264,14:0.576881,18:0.042417","XMIN":707954.86160847,"YMIN":8508283.59738907,"XMAX":708054.86160847,"YMAX":8508383.59738907},"geometry":{"type":"Polygon","coordinates":[[[-73.07791939119673,-13.48618698575735],[-73.0779266183758,-13.485283260235944],[-73.07885008122636,-13.485290330993852],[-73.0788428575144,-13.486194057006395],[-73.07791939119673,-13.48618698575735]]]}},{"type":"Feature","properties":{"Cell_ID":492,"Area_ha":1.0,"LC":"5:0.040562,9:0.560956,14:0.397990,18:0.000492","XMIN":707954.86160847,"YMIN":8508183.59738907,"XMAX":708054.86160847,"YMAX":8508283.59738907},"geometry":{"type":"Polygon","coordinates":[[[-73.077912163488,-13.487090711210008],[-73.07791939119673,-13.48618698575735],[-73.0788428575144,-13.486194057006395],[-73.07883563327303,-13.487097782950197],[-73.077912163488,-13.487090711210008]]]}},{"type":"Feature","properties":{"Cell_ID":493,"Area_ha":1.0,"LC":"9:0.283245,14:0.716755","XMIN":707954.86160847,"YMIN":8508083.59738907,"XMAX":708054.86160847,"YMAX":8508183.59738907},"geometry":{"type":"Polygon","coordinates":[[[-73.07790493524958,-13.487994436593915],[-73.077912163488,-13.487090711210008],[-73.07883563327303,-13.487097782950197],[-73.07882840850222,-13.48800150882525],[-73.07790493524958,-13.487994436593915]]]}},{"type":"Feature","properties":{"Cell_ID":494,"Area_ha":1.0,"LC":"7:0.019241,9:0.980759","XMIN":707954.86160847,"YMIN":8507983.59738907,"XMAX":708054.86160847,"YMAX":8508083.59738907},"geometry":{"type":"Polygon","coordinates":[[[-73.07789770648148,-13.48889816190907],[-73.07790493524958,-13.487994436593915],[-73.07882840850222,-13.48800150882525],[-73.07882118320197,-13.488905234631552],[-73.07789770648148,-13.48889816190907]]]}},{"type":"Feature","properties":{"Cell_ID":495,"Area_ha":1.0,"LC":"7:0.458258,9:0.162586,13:0.379156","XMIN":707954.86160847,"YMIN":8507883.59738907,"XMAX":708054.86160847,"YMAX":8507983.59738907},"geometry":{"type":"Polygon","coordinates":[[[-73.07789047718366,-13.48980188715546],[-73.07789770648148,-13.48889816190907],[-73.07882118320197,-13.488905234631552],[-73.07881395737226,-13.489808960369094],[-73.07789047718366,-13.48980188715546]]]}},{"type":"Feature","properties":{"Cell_ID":496,"Area_ha":1.0,"LC":"6:0.097302,7:0.302698,13:0.600000","XMIN":707954.86160847,"YMIN":8507783.59738907,"XMAX":708054.86160847,"YMAX":8507883.59738907},"geometry":{"type":"Polygon","coordinates":[[[-73.07788324735613,-13.490705612333084],[-73.07789047718366,-13.48980188715546],[-73.07881395737226,-13.489808960369094],[-73.07880673101312,-13.490712686037877],[-73.07788324735613,-13.490705612333084]]]}},{"type":"Feature","properties":{"Cell_ID":497,"Area_ha":1.0,"LC":"6:0.058820,7:0.102712,9:0.001447,13:0.319115,16:0.517906","XMIN":707954.86160847,"YMIN":8507683.59738907,"XMAX":708054.86160847,"YMAX":8507783.59738907},"geometry":{"type":"Polygon","coordinates":[[[-73.07787601699887,-13.491609337441941],[-73.07788324735613,-13.490705612333084],[-73.07880673101312,-13.490712686037877],[-73.07879950412449,-13.491616411637896],[-73.07787601699887,-13.491609337441941]]]}},{"type":"Feature","properties":{"Cell_ID":498,"Area_ha":1.0,"LC":"6:0.059719,7:0.359438,9:0.163807,13:0.255912,16:0.161125","XMIN":707954.86160847,"YMIN":8507583.59738907,"XMAX":708054.86160847,"YMAX":8507683.59738907},"geometry":{"type":"Polygon","coordinates":[[[-73.07786878611189,-13.492513062482029],[-73.07787601699887,-13.491609337441941],[-73.07879950412449,-13.491616411637896],[-73.07879227670638,-13.492520137169144],[-73.07786878611189,-13.492513062482029]]]}},{"type":"Feature","properties":{"Cell_ID":499,"Area_ha":1.0,"LC":"6:0.360000,7:0.240562,9:0.399438","XMIN":707954.86160847,"YMIN":8507483.59738907,"XMAX":708054.86160847,"YMAX":8507583.59738907},"geometry":{"type":"Polygon","coordinates":[[[-73.07786155469516,-13.49341678745333],[-73.07786878611189,-13.492513062482029],[-73.07879227670638,-13.492520137169144],[-73.07878504875879,-13.493423862631618],[-73.07786155469516,-13.49341678745333]]]}},{"type":"Feature","properties":{"Cell_ID":500,"Area_ha":1.0,"LC":"6:0.060281,9:0.695363,13:0.244356","XMIN":707954.86160847,"YMIN":8507383.59738907,"XMAX":708054.86160847,"YMAX":8507483.59738907},"geometry":{"type":"Polygon","coordinates":[[[-73.07785432274869,-13.494320512355856],[-73.07786155469516,-13.49341678745333],[-73.07878504875879,-13.493423862631618],[-73.0787778202817,-13.494327588025312],[-73.07785432274869,-13.494320512355856]]]}},{"type":"Feature","properties":{"Cell_ID":501,"Area_ha":1.0,"LC":"5:0.120323,9:0.879186,13:0.000492","XMIN":707954.86160847,"YMIN":8507283.59738907,"XMAX":708054.86160847,"YMAX":8507383.59738907},"geometry":{"type":"Polygon","coordinates":[[[-73.07784709027246,-13.495224237189598],[-73.07785432274869,-13.494320512355856],[-73.0787778202817,-13.494327588025312],[-73.07877059127509,-13.495231313350226],[-73.07784709027246,-13.495224237189598]]]}},{"type":"Feature","properties":{"Cell_ID":502,"Area_ha":1.0,"LC":"5:0.423752,9:0.398539,13:0.177709","XMIN":707954.86160847,"YMIN":8507183.59738907,"XMAX":708054.86160847,"YMAX":8507283.59738907},"geometry":{"type":"Polygon","coordinates":[[[-73.07783985726644,-13.496127961954544],[-73.07784709027246,-13.495224237189598],[-73.07877059127509,-13.495231313350226],[-73.078763361739,-13.496135038606353],[-73.07783985726644,-13.496127961954544]]]}},{"type":"Feature","properties":{"Cell_ID":503,"Area_ha":1.0,"LC":"5:0.341671,9:0.200000,13:0.458329","XMIN":707954.86160847,"YMIN":8507083.59738907,"XMAX":708054.86160847,"YMAX":8507183.59738907},"geometry":{"type":"Polygon","coordinates":[[[-73.07783262373066,-13.497031686650699],[-73.07783985726644,-13.496127961954544],[-73.078763361739,-13.496135038606353],[-73.07875613167334,-13.497038763793686],[-73.07783262373066,-13.497031686650699]]]}},{"type":"Feature","properties":{"Cell_ID":504,"Area_ha":1.0,"LC":"5:0.238047,9:0.517990,13:0.243962","XMIN":707954.86160847,"YMIN":8506983.59738907,"XMAX":708054.86160847,"YMAX":8507083.59738907},"geometry":{"type":"Polygon","coordinates":[[[-73.07782538966508,-13.497935411278052],[-73.07783262373066,-13.497031686650699],[-73.07875613167334,-13.497038763793686],[-73.07874890107819,-13.497942488912225],[-73.07782538966508,-13.497935411278052]]]}},{"type":"Feature","properties":{"Cell_ID":505,"Area_ha":1.0,"LC":"5:0.782627,9:0.060352,13:0.157021","XMIN":707954.86160847,"YMIN":8506883.59738907,"XMAX":708054.86160847,"YMAX":8506983.59738907},"geometry":{"type":"Polygon","coordinates":[[[-73.0778181550697,-13.498839135836603],[-73.07782538966508,-13.497935411278052],[-73.07874890107819,-13.497942488912225],[-73.07874166995347,-13.498846213961963],[-73.0778181550697,-13.498839135836603]]]}},{"type":"Feature","properties":{"Cell_ID":506,"Area_ha":1.0,"LC":"5:0.303274,9:0.062136,13:0.634590","XMIN":707954.86160847,"YMIN":8506783.59738907,"XMAX":708054.86160847,"YMAX":8506883.59738907},"geometry":{"type":"Polygon","coordinates":[[[-73.07781091994453,-13.499742860326348],[-73.0778181550697,-13.498839135836603],[-73.07874166995347,-13.498846213961963],[-73.0787344382992,-13.4997499389429],[-73.07781091994453,-13.499742860326348]]]}},{"type":"Feature","properties":{"Cell_ID":507,"Area_ha":1.0,"LC":"9:0.464004,13:0.535996","XMIN":707954.86160847,"YMIN":8506683.59738907,"XMAX":708054.86160847,"YMAX":8506783.59738907},"geometry":{"type":"Polygon","coordinates":[[[-73.07780368428953,-13.50064658474728],[-73.07781091994453,-13.499742860326348],[-73.0787344382992,-13.4997499389429],[-73.07872720611536,-13.50065366385503],[-73.07780368428953,-13.50064658474728]]]}},{"type":"Feature","properties":{"Cell_ID":508,"Area_ha":1.0,"LC":"5:0.577624,9:0.323555,13:0.098820","XMIN":707954.86160847,"YMIN":8506583.59738907,"XMAX":708054.86160847,"YMAX":8506683.59738907},"geometry":{"type":"Polygon","coordinates":[[[-73.0777964481047,-13.501550309099393],[-73.07780368428953,-13.50064658474728],[-73.07872720611536,-13.50065366385503],[-73.07871997340196,-13.501557388698341],[-73.0777964481047,-13.501550309099393]]]}},{"type":"Feature","properties":{"Cell_ID":509,"Area_ha":1.0,"LC":"5:1.000000","XMIN":707954.86160847,"YMIN":8506483.59738907,"XMAX":708054.86160847,"YMAX":8506583.59738907},"geometry":{"type":"Polygon","coordinates":[[[-73.07778921139004,-13.502454033382687],[-73.0777964481047,-13.501550309099393],[-73.07871997340196,-13.501557388698341],[-73.07871274015898,-13.502461113472839],[-73.07778921139004,-13.502454033382687]]]}},{"type":"Feature","properties":{"Cell_ID":510,"Area_ha":1.0,"LC":"5:0.101406,9:0.258594,13:0.401939,18:0.238061","XMIN":707954.86160847,"YMIN":8506383.59738907,"XMAX":708054.86160847,"YMAX":8506483.59738907},"geometry":{"type":"Polygon","coordinates":[[[-73.07778197414552,-13.503357757597158],[-73.07778921139004,-13.502454033382687],[-73.07871274015898,-13.502461113472839],[-73.0787055063864,-13.503364838178513],[-73.07778197414552,-13.503357757597158]]]}},{"type":"Feature","properties":{"Cell_ID":511,"Area_ha":1.0,"LC":"9:0.996614,16:0.003386","XMIN":707954.86160847,"YMIN":8506283.59738907,"XMAX":708054.86160847,"YMAX":8506383.59738907},"geometry":{"type":"Polygon","coordinates":[[[-73.07777473637117,-13.504261481742796],[-73.07778197414552,-13.503357757597158],[-73.0787055063864,-13.503364838178513],[-73.0786982720842,-13.504268562815362],[-73.07777473637117,-13.504261481742796]]]}},{"type":"Feature","properties":{"Cell_ID":512,"Area_ha":1.0,"LC":"6:0.099719,9:0.755715,16:0.144566","XMIN":707954.86160847,"YMIN":8506183.59738907,"XMAX":708054.86160847,"YMAX":8506283.59738907},"geometry":{"type":"Polygon","coordinates":[[[-73.07776749806693,-13.505165205819601],[-73.07777473637117,-13.504261481742796],[-73.0786982720842,-13.504268562815362],[-73.07869103725241,-13.505172287383381],[-73.07776749806693,-13.505165205819601]]]}},{"type":"Feature","properties":{"Cell_ID":513,"Area_ha":1.0,"LC":"6:0.299719,7:0.216739,9:0.298413,16:0.185129","XMIN":707954.86160847,"YMIN":8506083.59738907,"XMAX":708054.86160847,"YMAX":8506183.59738907},"geometry":{"type":"Polygon","coordinates":[[[-73.07776025923283,-13.506068929827569],[-73.07776749806693,-13.505165205819601],[-73.07869103725241,-13.505172287383381],[-73.078683801891,-13.506076011882568],[-73.07776025923283,-13.506068929827569]]]}},{"type":"Feature","properties":{"Cell_ID":514,"Area_ha":1.0,"LC":"6:0.303105,7:0.695434,16:0.001461","XMIN":707954.86160847,"YMIN":8505983.59738907,"XMAX":708054.86160847,"YMAX":8506083.59738907},"geometry":{"type":"Polygon","coordinates":[[[-73.07775301986885,-13.506972653766695],[-73.07776025923283,-13.506068929827569],[-73.078683801891,-13.506076011882568],[-73.07867656599996,-13.506979736312912],[-73.07775301986885,-13.506972653766695]]]}},{"type":"Feature","properties":{"Cell_ID":515,"Area_ha":1.0,"LC":"5:0.097302,6:0.262305,7:0.198132,16:0.442261","XMIN":707954.86160847,"YMIN":8505883.59738907,"XMAX":708054.86160847,"YMAX":8505983.59738907},"geometry":{"type":"Polygon","coordinates":[[[-73.07774577997496,-13.507876377636977],[-73.07775301986885,-13.506972653766695],[-73.07867656599996,-13.506979736312912],[-73.07866932957927,-13.50788346067442],[-73.07774577997496,-13.507876377636977]]]}},{"type":"Feature","properties":{"Cell_ID":516,"Area_ha":1.0,"LC":"5:0.019790,6:0.077990,16:0.902220","XMIN":707954.86160847,"YMIN":8505783.59738907,"XMAX":708054.86160847,"YMAX":8505883.59738907},"geometry":{"type":"Polygon","coordinates":[[[-73.07773853955118,-13.50878010143841],[-73.07774577997496,-13.507876377636977],[-73.07866932957927,-13.50788346067442],[-73.07866209262895,-13.508787184967076],[-73.07773853955118,-13.50878010143841]]]}},{"type":"Feature","properties":{"Cell_ID":517,"Area_ha":1.0,"LC":"6:0.574787,16:0.425213","XMIN":707954.86160847,"YMIN":8505683.59738907,"XMAX":708054.86160847,"YMAX":8505783.59738907},"geometry":{"type":"Polygon","coordinates":[[[-73.07773129859748,-13.509683825170981],[-73.07773853955118,-13.50878010143841],[-73.07866209262895,-13.508787184967076],[-73.07865485514895,-13.509690909190876],[-73.07773129859748,-13.509683825170981]]]}},{"type":"Feature","properties":{"Cell_ID":518,"Area_ha":1.0,"LC":"6:0.101406,9:0.297624,17:0.600969","XMIN":707954.86160847,"YMIN":8505583.59738907,"XMAX":708054.86160847,"YMAX":8505683.59738907},"geometry":{"type":"Polygon","coordinates":[[[-73.07772405711385,-13.510587548834694],[-73.07773129859748,-13.509683825170981],[-73.07865485514895,-13.509690909190876],[-73.0786476171393,-13.510594633345828],[-73.07772405711385,-13.510587548834694]]]}},{"type":"Feature","properties":{"Cell_ID":519,"Area_ha":1.0,"LC":"9:0.344315,16:0.655685","XMIN":707954.86160847,"YMIN":8505483.59738907,"XMAX":708054.86160847,"YMAX":8505583.59738907},"geometry":{"type":"Polygon","coordinates":[[[-73.07771681510032,-13.511491272429545],[-73.07772405711385,-13.510587548834694],[-73.0786476171393,-13.510594633345828],[-73.07864037859996,-13.511498357431918],[-73.07771681510032,-13.511491272429545]]]}},{"type":"Feature","properties":{"Cell_ID":520,"Area_ha":1.0,"LC":"16:1.000000","XMIN":707954.86160847,"YMIN":8505383.59738907,"XMAX":708054.86160847,"YMAX":8505483.59738907},"geometry":{"type":"Polygon","coordinates":[[[-73.07770957255683,-13.51239499595553],[-73.07771681510032,-13.511491272429545],[-73.07864037859996,-13.511498357431918],[-73.07863313953094,-13.512402081449144],[-73.07770957255683,-13.51239499595553]]]}},{"type":"Feature","properties":{"Cell_ID":521,"Area_ha":1.0,"LC":"16:1.000000","XMIN":707954.86160847,"YMIN":8505283.59738907,"XMAX":708054.86160847,"YMAX":8505383.59738907},"geometry":{"type":"Polygon","coordinates":[[[-73.07770232948337,-13.513298719412637],[-73.07770957255683,-13.51239499595553],[-73.07863313953094,-13.512402081449144],[-73.07862589993222,-13.513305805397497],[-73.07770232948337,-13.513298719412637]]]}},{"type":"Feature","properties":{"Cell_ID":522,"Area_ha":1.0,"LC":"5:0.058271,16:0.941729","XMIN":707954.86160847,"YMIN":8505183.59738907,"XMAX":708054.86160847,"YMAX":8505283.59738907},"geometry":{"type":"Polygon","coordinates":[[[-73.07769508587998,-13.51420244280087],[-73.07770232948337,-13.513298719412637],[-73.07862589993222,-13.513305805397497],[-73.0786186598038,-13.51420952927698],[-73.07769508587998,-13.51420244280087]]]}},{"type":"Feature","properties":{"Cell_ID":523,"Area_ha":1.0,"LC":"5:0.058820,13:0.177709,16:0.763471","XMIN":707954.86160847,"YMIN":8505083.59738907,"XMAX":708054.86160847,"YMAX":8505183.59738907},"geometry":{"type":"Polygon","coordinates":[[[-73.07768784174661,-13.515106166120225],[-73.07769508587998,-13.51420244280087],[-73.0786186598038,-13.51420952927698],[-73.07861141914564,-13.515113253087584],[-73.07768784174661,-13.515106166120225]]]}},{"type":"Feature","properties":{"Cell_ID":524,"Area_ha":1.0,"LC":"13:0.271446,16:0.314530","XMIN":707954.86160847,"YMIN":8504983.59738907,"XMAX":708054.86160847,"YMAX":8505083.59738907},"geometry":{"type":"Polygon","coordinates":[[[-73.07768059708324,-13.516009889370693],[-73.07768784174661,-13.515106166120225],[-73.07861141914564,-13.515113253087584],[-73.07860417795779,-13.516016976829308],[-73.07768059708324,-13.516009889370693]]]}},{"type":"Feature","properties":{"Cell_ID":525,"Area_ha":1.0,"LC":"5:0.020197,9:0.839115,13:0.140688","XMIN":708054.86160847,"YMIN":8509283.59738907,"XMAX":708154.86160847,"YMAX":8509383.59738907},"geometry":{"type":"Polygon","coordinates":[[[-73.077068208025,-13.477142657721588],[-73.07707543337239,-13.476238932004287],[-73.07799886103635,-13.476246001241725],[-73.07799163915352,-13.47714972745037],[-73.077068208025,-13.477142657721588]]]}},{"type":"Feature","properties":{"Cell_ID":526,"Area_ha":1.0,"LC":"5:0.062712,9:0.818891,13:0.020281,14:0.098116","XMIN":708054.86160847,"YMIN":8509183.59738907,"XMAX":708154.86160847,"YMAX":8509283.59738907},"geometry":{"type":"Polygon","coordinates":[[[-73.07706098214778,-13.478046383370184],[-73.077068208025,-13.477142657721588],[-73.07799163915352,-13.47714972745037],[-73.0779844167411,-13.478053453590306],[-73.07706098214778,-13.478046383370184]]]}},{"type":"Feature","properties":{"Cell_ID":527,"Area_ha":1.0,"LC":"9:0.263526,13:0.435560,14:0.300915","XMIN":708054.86160847,"YMIN":8509083.59738907,"XMAX":708154.86160847,"YMAX":8509183.59738907},"geometry":{"type":"Polygon","coordinates":[[[-73.07705375574074,-13.478950108950068],[-73.07706098214778,-13.478046383370184],[-73.0779844167411,-13.478053453590306],[-73.07797719379911,-13.478957179661535],[-73.07705375574074,-13.478950108950068]]]}},{"type":"Feature","properties":{"Cell_ID":528,"Area_ha":1.0,"LC":"9:0.919438,13:0.080562","XMIN":708054.86160847,"YMIN":8508983.59738907,"XMAX":708154.86160847,"YMAX":8509083.59738907},"geometry":{"type":"Polygon","coordinates":[[[-73.07704652880382,-13.479853834461236],[-73.07705375574074,-13.478950108950068],[-73.07797719379911,-13.478957179661535],[-73.0779699703275,-13.479860905664054],[-73.07704652880382,-13.479853834461236]]]}},{"type":"Feature","properties":{"Cell_ID":529,"Area_ha":1.0,"LC":"9:0.459467,13:0.540533","XMIN":708054.86160847,"YMIN":8508883.59738907,"XMAX":708154.86160847,"YMAX":8508983.59738907},"geometry":{"type":"Polygon","coordinates":[[[-73.07703930133704,-13.48075755990368],[-73.07704652880382,-13.479853834461236],[-73.0779699703275,-13.479860905664054],[-73.07796274632629,-13.480764631597852],[-73.07703930133704,-13.48075755990368]]]}},{"type":"Feature","properties":{"Cell_ID":530,"Area_ha":1.0,"LC":"5:0.137624,9:0.478061,13:0.384315","XMIN":708054.86160847,"YMIN":8508783.59738907,"XMAX":708154.86160847,"YMAX":8508883.59738907},"geometry":{"type":"Polygon","coordinates":[[[-73.07703207334039,-13.481661285277402],[-73.07703930133704,-13.48075755990368],[-73.07796274632629,-13.480764631597852],[-73.07795552179547,-13.481668357462931],[-73.07703207334039,-13.481661285277402]]]}},{"type":"Feature","properties":{"Cell_ID":531,"Area_ha":1.0,"LC":"5:0.637176,9:0.362824","XMIN":708054.86160847,"YMIN":8508683.59738907,"XMAX":708154.86160847,"YMAX":8508783.59738907},"geometry":{"type":"Polygon","coordinates":[[[-73.07702484481385,-13.482565010582395],[-73.07703207334039,-13.481661285277402],[-73.07795552179547,-13.481668357462931],[-73.07794829673502,-13.482572083259283],[-73.07702484481385,-13.482565010582395]]]}},{"type":"Feature","properties":{"Cell_ID":532,"Area_ha":1.0,"LC":"5:0.477977,9:0.522023","XMIN":708054.86160847,"YMIN":8508583.59738907,"XMAX":708154.86160847,"YMAX":8508683.59738907},"geometry":{"type":"Polygon","coordinates":[[[-73.07701761575744,-13.483468735818654],[-73.07702484481385,-13.482565010582395],[-73.07794829673502,-13.482572083259283],[-73.07794107114492,-13.483475808986906],[-73.07701761575744,-13.483468735818654]]]}},{"type":"Feature","properties":{"Cell_ID":533,"Area_ha":1.0,"LC":"5:0.644511,9:0.158061,13:0.197428","XMIN":708054.86160847,"YMIN":8508483.59738907,"XMAX":708154.86160847,"YMAX":8508583.59738907},"geometry":{"type":"Polygon","coordinates":[[[-73.07701038617112,-13.484372460986176],[-73.07701761575744,-13.483468735818654],[-73.07794107114492,-13.483475808986906],[-73.07793384502519,-13.484379534645797],[-73.07701038617112,-13.484372460986176]]]}},{"type":"Feature","properties":{"Cell_ID":534,"Area_ha":1.0,"LC":"5:0.020773,9:0.619563,13:0.359664","XMIN":708054.86160847,"YMIN":8508383.59738907,"XMAX":708154.86160847,"YMAX":8508483.59738907},"geometry":{"type":"Polygon","coordinates":[[[-73.07700315605489,-13.485276186084953],[-73.07701038617112,-13.484372460986176],[-73.07793384502519,-13.484379534645797],[-73.0779266183758,-13.485283260235944],[-73.07700315605489,-13.485276186084953]]]}},{"type":"Feature","properties":{"Cell_ID":535,"Area_ha":1.0,"LC":"5:0.119031,9:0.461406,17:0.003386,18:0.416177","XMIN":708054.86160847,"YMIN":8508283.59738907,"XMAX":708154.86160847,"YMAX":8508383.59738907},"geometry":{"type":"Polygon","coordinates":[[[-73.07699592540874,-13.486179911114986],[-73.07700315605489,-13.485276186084953],[-73.0779266183758,-13.485283260235944],[-73.07791939119673,-13.48618698575735],[-73.07699592540874,-13.486179911114986]]]}},{"type":"Feature","properties":{"Cell_ID":536,"Area_ha":1.0,"LC":"9:0.454801,17:0.184566,18:0.360633","XMIN":708054.86160847,"YMIN":8508183.59738907,"XMAX":708154.86160847,"YMAX":8508283.59738907},"geometry":{"type":"Polygon","coordinates":[[[-73.07698869423265,-13.487083636076267],[-73.07699592540874,-13.486179911114986],[-73.07791939119673,-13.48618698575735],[-73.077912163488,-13.487090711210008],[-73.07698869423265,-13.487083636076267]]]}},{"type":"Feature","properties":{"Cell_ID":537,"Area_ha":1.0,"LC":"5:0.001447,9:0.595153,17:0.383119,18:0.020281","XMIN":708054.86160847,"YMIN":8508083.59738907,"XMAX":708154.86160847,"YMAX":8508183.59738907},"geometry":{"type":"Polygon","coordinates":[[[-73.07698146252663,-13.487987360968793],[-73.07698869423265,-13.487083636076267],[-73.077912163488,-13.487090711210008],[-73.07790493524958,-13.487994436593915],[-73.07698146252663,-13.487987360968793]]]}},{"type":"Feature","properties":{"Cell_ID":538,"Area_ha":1.0,"LC":"5:0.084847,6:0.039438,9:0.715153,17:0.160562","XMIN":708054.86160847,"YMIN":8507983.59738907,"XMAX":708154.86160847,"YMAX":8508083.59738907},"geometry":{"type":"Polygon","coordinates":[[[-73.07697423029067,-13.48889108579256],[-73.07698146252663,-13.487987360968793],[-73.07790493524958,-13.487994436593915],[-73.07789770648148,-13.48889816190907],[-73.07697423029067,-13.48889108579256]]]}},{"type":"Feature","properties":{"Cell_ID":539,"Area_ha":1.0,"LC":"5:0.124285,6:0.480562,7:0.175770,9:0.219383","XMIN":708054.86160847,"YMIN":8507883.59738907,"XMAX":708154.86160847,"YMAX":8507983.59738907},"geometry":{"type":"Polygon","coordinates":[[[-73.07696699752475,-13.48979481054756],[-73.07697423029067,-13.48889108579256],[-73.07789770648148,-13.48889816190907],[-73.07789047718366,-13.48980188715546],[-73.07696699752475,-13.48979481054756]]]}},{"type":"Feature","properties":{"Cell_ID":540,"Area_ha":1.0,"LC":"5:0.140688,7:0.415434,9:0.443878","XMIN":708054.86160847,"YMIN":8507783.59738907,"XMAX":708154.86160847,"YMAX":8507883.59738907},"geometry":{"type":"Polygon","coordinates":[[[-73.07695976422886,-13.490698535233793],[-73.07696699752475,-13.48979481054756],[-73.07789047718366,-13.48980188715546],[-73.07788324735613,-13.490705612333084],[-73.07695976422886,-13.490698535233793]]]}},{"type":"Feature","properties":{"Cell_ID":541,"Area_ha":1.0,"LC":"5:0.061335,7:0.118132,9:0.437428,14:0.344075,16:0.039031","XMIN":708054.86160847,"YMIN":8507683.59738907,"XMAX":708154.86160847,"YMAX":8507783.59738907},"geometry":{"type":"Polygon","coordinates":[[[-73.07695253040299,-13.491602259851255],[-73.07695976422886,-13.490698535233793],[-73.07788324735613,-13.490705612333084],[-73.07787601699887,-13.491609337441941],[-73.07695253040299,-13.491602259851255]]]}},{"type":"Feature","properties":{"Cell_ID":542,"Area_ha":1.0,"LC":"5:0.121854,9:0.815434,14:0.062712","XMIN":708054.86160847,"YMIN":8507583.59738907,"XMAX":708154.86160847,"YMAX":8507683.59738907},"geometry":{"type":"Polygon","coordinates":[[[-73.07694529604714,-13.492505984399942],[-73.07695253040299,-13.491602259851255],[-73.07787601699887,-13.491609337441941],[-73.07786878611189,-13.492513062482029],[-73.07694529604714,-13.492505984399942]]]}},{"type":"Feature","properties":{"Cell_ID":543,"Area_ha":1.0,"LC":"5:0.165410,9:0.834590","XMIN":708054.86160847,"YMIN":8507483.59738907,"XMAX":708154.86160847,"YMAX":8507583.59738907},"geometry":{"type":"Polygon","coordinates":[[[-73.07693806116129,-13.493409708879845],[-73.07694529604714,-13.492505984399942],[-73.07786878611189,-13.492513062482029],[-73.07786155469516,-13.49341678745333],[-73.07693806116129,-13.493409708879845]]]}},{"type":"Feature","properties":{"Cell_ID":544,"Area_ha":1.0,"LC":"5:0.004847,9:0.680071,13:0.315082","XMIN":708054.86160847,"YMIN":8507383.59738907,"XMAX":708154.86160847,"YMAX":8507483.59738907},"geometry":{"type":"Polygon","coordinates":[[[-73.07693082574544,-13.494313433290964],[-73.07693806116129,-13.493409708879845],[-73.07786155469516,-13.49341678745333],[-73.07785432274869,-13.494320512355856],[-73.07693082574544,-13.494313433290964]]]}},{"type":"Feature","properties":{"Cell_ID":545,"Area_ha":1.0,"LC":"5:0.178116,9:0.741813,13:0.080071","XMIN":708054.86160847,"YMIN":8507283.59738907,"XMAX":708154.86160847,"YMAX":8507383.59738907},"geometry":{"type":"Polygon","coordinates":[[[-73.07692358979958,-13.495217157633293],[-73.07693082574544,-13.494313433290964],[-73.07785432274869,-13.494320512355856],[-73.07784709027246,-13.495224237189598],[-73.07692358979958,-13.495217157633293]]]}},{"type":"Feature","properties":{"Cell_ID":546,"Area_ha":1.0,"LC":"5:0.498427,9:0.501573","XMIN":708054.86160847,"YMIN":8507183.59738907,"XMAX":708154.86160847,"YMAX":8507283.59738907},"geometry":{"type":"Polygon","coordinates":[[[-73.07691635332367,-13.496120881906828],[-73.07692358979958,-13.495217157633293],[-73.07784709027246,-13.495224237189598],[-73.07783985726644,-13.496127961954544],[-73.07691635332367,-13.496120881906828]]]}},{"type":"Feature","properties":{"Cell_ID":547,"Area_ha":1.0,"LC":"5:0.616319,9:0.265691,13:0.117990","XMIN":708054.86160847,"YMIN":8507083.59738907,"XMAX":708154.86160847,"YMAX":8507183.59738907},"geometry":{"type":"Polygon","coordinates":[[[-73.07690911631775,-13.497024606111566],[-73.07691635332367,-13.496120881906828],[-73.07783985726644,-13.496127961954544],[-73.07783262373066,-13.497031686650699],[-73.07690911631775,-13.497024606111566]]]}},{"type":"Feature","properties":{"Cell_ID":548,"Area_ha":1.0,"LC":"5:0.520899,9:0.001461,13:0.477640","XMIN":708054.86160847,"YMIN":8506983.59738907,"XMAX":708154.86160847,"YMAX":8507083.59738907},"geometry":{"type":"Polygon","coordinates":[[[-73.07690187878178,-13.497928330247499],[-73.07690911631775,-13.497024606111566],[-73.07783262373066,-13.497031686650699],[-73.07782538966508,-13.497935411278052],[-73.07690187878178,-13.497928330247499]]]}},{"type":"Feature","properties":{"Cell_ID":549,"Area_ha":1.0,"LC":"5:0.997569,13:0.002431","XMIN":708054.86160847,"YMIN":8506883.59738907,"XMAX":708154.86160847,"YMAX":8506983.59738907},"geometry":{"type":"Polygon","coordinates":[[[-73.07689464071576,-13.498832054314622],[-73.07690187878178,-13.497928330247499],[-73.07782538966508,-13.497935411278052],[-73.0778181550697,-13.498839135836603],[-73.07689464071576,-13.498832054314622]]]}},{"type":"Feature","properties":{"Cell_ID":550,"Area_ha":1.0,"LC":"5:0.600155,9:0.117021,13:0.282824","XMIN":708054.86160847,"YMIN":8506783.59738907,"XMAX":708154.86160847,"YMAX":8506883.59738907},"geometry":{"type":"Polygon","coordinates":[[[-73.07688740211968,-13.49973577831294],[-73.07689464071576,-13.498832054314622],[-73.0778181550697,-13.498839135836603],[-73.07781091994453,-13.499742860326348],[-73.07688740211968,-13.49973577831294]]]}},{"type":"Feature","properties":{"Cell_ID":551,"Area_ha":1.0,"LC":"5:0.239438,9:0.395631,13:0.364932","XMIN":708054.86160847,"YMIN":8506683.59738907,"XMAX":708154.86160847,"YMAX":8506783.59738907},"geometry":{"type":"Polygon","coordinates":[[[-73.07688016299353,-13.500639502242441],[-73.07688740211968,-13.49973577831294],[-73.07781091994453,-13.499742860326348],[-73.07780368428953,-13.50064658474728],[-73.07688016299353,-13.500639502242441]]]}},{"type":"Feature","properties":{"Cell_ID":552,"Area_ha":1.0,"LC":"5:0.839438,9:0.160562","XMIN":708054.86160847,"YMIN":8506583.59738907,"XMAX":708154.86160847,"YMAX":8506683.59738907},"geometry":{"type":"Polygon","coordinates":[[[-73.07687292333728,-13.501543226103118],[-73.07688016299353,-13.500639502242441],[-73.07780368428953,-13.50064658474728],[-73.0777964481047,-13.501550309099393],[-73.07687292333728,-13.501543226103118]]]}},{"type":"Feature","properties":{"Cell_ID":553,"Area_ha":1.0,"LC":"5:0.898427,13:0.101573","XMIN":708054.86160847,"YMIN":8506483.59738907,"XMAX":708154.86160847,"YMAX":8506583.59738907},"geometry":{"type":"Polygon","coordinates":[[[-73.07686568315096,-13.502446949894976],[-73.07687292333728,-13.501543226103118],[-73.0777964481047,-13.501550309099393],[-73.07778921139004,-13.502454033382687],[-73.07686568315096,-13.502446949894976]]]}},{"type":"Feature","properties":{"Cell_ID":554,"Area_ha":1.0,"LC":"5:0.040071,9:0.181658,13:0.539396,16:0.238875","XMIN":708054.86160847,"YMIN":8506383.59738907,"XMAX":708154.86160847,"YMAX":8506483.59738907},"geometry":{"type":"Polygon","coordinates":[[[-73.07685844243453,-13.503350673618005],[-73.07686568315096,-13.502446949894976],[-73.07778921139004,-13.502454033382687],[-73.07778197414552,-13.503357757597158],[-73.07685844243453,-13.503350673618005]]]}},{"type":"Feature","properties":{"Cell_ID":555,"Area_ha":1.0,"LC":"9:0.383105,16:0.616895","XMIN":708054.86160847,"YMIN":8506283.59738907,"XMAX":708154.86160847,"YMAX":8506383.59738907},"geometry":{"type":"Polygon","coordinates":[[[-73.07685120118799,-13.5042543972722],[-73.07685844243453,-13.503350673618005],[-73.07778197414552,-13.503357757597158],[-73.07777473637117,-13.504261481742796],[-73.07685120118799,-13.5042543972722]]]}},{"type":"Feature","properties":{"Cell_ID":556,"Area_ha":1.0,"LC":"9:0.085410,13:0.518875,16:0.395715","XMIN":708054.86160847,"YMIN":8506183.59738907,"XMAX":708154.86160847,"YMAX":8506283.59738907},"geometry":{"type":"Polygon","coordinates":[[[-73.07684395941133,-13.505158120857555],[-73.07685120118799,-13.5042543972722],[-73.07777473637117,-13.504261481742796],[-73.07776749806693,-13.505165205819601],[-73.07684395941133,-13.505158120857555]]]}},{"type":"Feature","properties":{"Cell_ID":557,"Area_ha":1.0,"LC":"9:0.000492,13:0.644918,16:0.354590","XMIN":708054.86160847,"YMIN":8506083.59738907,"XMAX":708154.86160847,"YMAX":8506183.59738907},"geometry":{"type":"Polygon","coordinates":[[[-73.07683671710456,-13.506061844374072],[-73.07684395941133,-13.505158120857555],[-73.07776749806693,-13.505165205819601],[-73.07776025923283,-13.506068929827569],[-73.07683671710456,-13.506061844374072]]]}},{"type":"Feature","properties":{"Cell_ID":558,"Area_ha":1.0,"LC":"6:0.136332,9:0.082417,13:0.162993,16:0.618258","XMIN":708054.86160847,"YMIN":8505983.59738907,"XMAX":708154.86160847,"YMAX":8506083.59738907},"geometry":{"type":"Polygon","coordinates":[[[-73.07682947426764,-13.506965567821743],[-73.07683671710456,-13.506061844374072],[-73.07776025923283,-13.506068929827569],[-73.07775301986885,-13.506972653766695],[-73.07682947426764,-13.506965567821743]]]}},{"type":"Feature","properties":{"Cell_ID":559,"Area_ha":1.0,"LC":"6:0.058820,9:0.004847,16:0.936332","XMIN":708054.86160847,"YMIN":8505883.59738907,"XMAX":708154.86160847,"YMAX":8505983.59738907},"geometry":{"type":"Polygon","coordinates":[[[-73.07682223090056,-13.507869291200564],[-73.07682947426764,-13.506965567821743],[-73.07775301986885,-13.506972653766695],[-73.07774577997496,-13.507876377636977],[-73.07682223090056,-13.507869291200564]]]}},{"type":"Feature","properties":{"Cell_ID":560,"Area_ha":1.0,"LC":"9:0.000492,16:0.999508","XMIN":708054.86160847,"YMIN":8505783.59738907,"XMAX":708154.86160847,"YMAX":8505883.59738907},"geometry":{"type":"Polygon","coordinates":[[[-73.07681498700333,-13.508773014510526],[-73.07682223090056,-13.507869291200564],[-73.07774577997496,-13.507876377636977],[-73.07773853955118,-13.50878010143841],[-73.07681498700333,-13.508773014510526]]]}},{"type":"Feature","properties":{"Cell_ID":561,"Area_ha":1.0,"LC":"6:0.078397,13:0.000969,16:0.920633","XMIN":708054.86160847,"YMIN":8505683.59738907,"XMAX":708154.86160847,"YMAX":8505783.59738907},"geometry":{"type":"Polygon","coordinates":[[[-73.07680774257594,-13.509676737751635],[-73.07681498700333,-13.508773014510526],[-73.07773853955118,-13.50878010143841],[-73.07773129859748,-13.509683825170981],[-73.07680774257594,-13.509676737751635]]]}},{"type":"Feature","properties":{"Cell_ID":562,"Area_ha":1.0,"LC":"6:0.080633,9:0.019241,16:0.064651,17:0.835475","XMIN":708054.86160847,"YMIN":8505583.59738907,"XMAX":708154.86160847,"YMAX":8505683.59738907},"geometry":{"type":"Polygon","coordinates":[[[-73.07680049761836,-13.510580460923878],[-73.07680774257594,-13.509676737751635],[-73.07773129859748,-13.509683825170981],[-73.07772405711385,-13.510587548834694],[-73.07680049761836,-13.510580460923878]]]}},{"type":"Feature","properties":{"Cell_ID":563,"Area_ha":1.0,"LC":"9:0.696881,16:0.179563,17:0.123555","XMIN":708054.86160847,"YMIN":8505483.59738907,"XMAX":708154.86160847,"YMAX":8505583.59738907},"geometry":{"type":"Polygon","coordinates":[[[-73.07679325213061,-13.511484184027255],[-73.07680049761836,-13.510580460923878],[-73.07772405711385,-13.510587548834694],[-73.07771681510032,-13.511491272429545],[-73.07679325213061,-13.511484184027255]]]}},{"type":"Feature","properties":{"Cell_ID":564,"Area_ha":1.0,"LC":"9:0.000478,16:0.999522","XMIN":708054.86160847,"YMIN":8505383.59738907,"XMAX":708154.86160847,"YMAX":8505483.59738907},"geometry":{"type":"Polygon","coordinates":[[[-73.07678600611266,-13.512387907061763],[-73.07679325213061,-13.511484184027255],[-73.07771681510032,-13.511491272429545],[-73.07770957255683,-13.51239499595553],[-73.07678600611266,-13.512387907061763]]]}},{"type":"Feature","properties":{"Cell_ID":565,"Area_ha":1.0,"LC":"9:0.204285,16:0.795715","XMIN":708054.86160847,"YMIN":8505283.59738907,"XMAX":708154.86160847,"YMAX":8505383.59738907},"geometry":{"type":"Polygon","coordinates":[[[-73.0767787595645,-13.513291630027389],[-73.07678600611266,-13.512387907061763],[-73.07770957255683,-13.51239499595553],[-73.07770232948337,-13.513298719412637],[-73.0767787595645,-13.513291630027389]]]}},{"type":"Feature","properties":{"Cell_ID":566,"Area_ha":1.0,"LC":"9:0.041054,16:0.958946","XMIN":708054.86160847,"YMIN":8505183.59738907,"XMAX":708154.86160847,"YMAX":8505283.59738907},"geometry":{"type":"Polygon","coordinates":[[[-73.07677151248612,-13.51419535292414],[-73.0767787595645,-13.513291630027389],[-73.07770232948337,-13.513298719412637],[-73.07769508587998,-13.51420244280087],[-73.07677151248612,-13.51419535292414]]]}},{"type":"Feature","properties":{"Cell_ID":567,"Area_ha":1.0,"LC":"16:1.000000","XMIN":708054.86160847,"YMIN":8505083.59738907,"XMAX":708154.86160847,"YMAX":8505183.59738907},"geometry":{"type":"Polygon","coordinates":[[[-73.07676426487754,-13.515099075752001],[-73.07677151248612,-13.51419535292414],[-73.07769508587998,-13.51420244280087],[-73.07768784174661,-13.515106166120225],[-73.07676426487754,-13.515099075752001]]]}},{"type":"Feature","properties":{"Cell_ID":568,"Area_ha":1.0,"LC":"16:1.000000","XMIN":708054.86160847,"YMIN":8504983.59738907,"XMAX":708154.86160847,"YMAX":8505083.59738907},"geometry":{"type":"Polygon","coordinates":[[[-73.0767570167387,-13.516002798510979],[-73.07676426487754,-13.515099075752001],[-73.07768784174661,-13.515106166120225],[-73.07768059708324,-13.516009889370693],[-73.0767570167387,-13.516002798510979]]]}},{"type":"Feature","properties":{"Cell_ID":569,"Area_ha":1.0,"LC":"5:0.519986,9:0.277428,13:0.202586","XMIN":708154.86160847,"YMIN":8509183.59738907,"XMAX":708254.86160847,"YMAX":8509283.59738907},"geometry":{"type":"Polygon","coordinates":[[[-73.0761375480843,-13.478039309758872],[-73.07614477742632,-13.47713558460186],[-73.077068208025,-13.477142657721588],[-73.07706098214778,-13.478046383370184],[-73.0761375480843,-13.478039309758872]]]}},{"type":"Feature","properties":{"Cell_ID":570,"Area_ha":1.0,"LC":"5:0.020773,9:0.959508,14:0.019719","XMIN":708154.86160847,"YMIN":8509083.59738907,"XMAX":708254.86160847,"YMAX":8509183.59738907},"geometry":{"type":"Polygon","coordinates":[[[-73.0761303182122,-13.478943034847177],[-73.0761375480843,-13.478039309758872],[-73.07706098214778,-13.478046383370184],[-73.07705375574074,-13.478950108950068],[-73.0761303182122,-13.478943034847177]]]}},{"type":"Feature","properties":{"Cell_ID":571,"Area_ha":1.0,"LC":"9:0.675644,14:0.324356","XMIN":708154.86160847,"YMIN":8508983.59738907,"XMAX":708254.86160847,"YMAX":8509083.59738907},"geometry":{"type":"Polygon","coordinates":[[[-73.07612308780999,-13.47984675986676],[-73.0761303182122,-13.478943034847177],[-73.07705375574074,-13.478950108950068],[-73.07704652880382,-13.479853834461236],[-73.07612308780999,-13.47984675986676]]]}},{"type":"Feature","properties":{"Cell_ID":572,"Area_ha":1.0,"LC":"9:0.420268,13:0.436051,14:0.143681","XMIN":708154.86160847,"YMIN":8508883.59738907,"XMAX":708254.86160847,"YMAX":8508983.59738907},"geometry":{"type":"Polygon","coordinates":[[[-73.07611585687764,-13.480750484817618],[-73.07612308780999,-13.47984675986676],[-73.07704652880382,-13.479853834461236],[-73.07703930133704,-13.48075755990368],[-73.07611585687764,-13.480750484817618]]]}},{"type":"Feature","properties":{"Cell_ID":573,"Area_ha":1.0,"LC":"5:0.019241,6:0.360323,9:0.343274,13:0.277162","XMIN":708154.86160847,"YMIN":8508783.59738907,"XMAX":708254.86160847,"YMAX":8508883.59738907},"geometry":{"type":"Polygon","coordinates":[[[-73.07610862541519,-13.481654209699744],[-73.07611585687764,-13.480750484817618],[-73.07703930133704,-13.48075755990368],[-73.07703207334039,-13.481661285277402],[-73.07610862541519,-13.481654209699744]]]}},{"type":"Feature","properties":{"Cell_ID":574,"Area_ha":1.0,"LC":"5:0.058820,6:0.525494,9:0.415208,14:0.000478","XMIN":708154.86160847,"YMIN":8508683.59738907,"XMAX":708254.86160847,"YMAX":8508783.59738907},"geometry":{"type":"Polygon","coordinates":[[[-73.07610139342259,-13.482557934513142],[-73.07610862541519,-13.481654209699744],[-73.07703207334039,-13.481661285277402],[-73.07702484481385,-13.482565010582395],[-73.07610139342259,-13.482557934513142]]]}},{"type":"Feature","properties":{"Cell_ID":575,"Area_ha":1.0,"LC":"5:0.179156,9:0.818413,14:0.002431","XMIN":708154.86160847,"YMIN":8508583.59738907,"XMAX":708254.86160847,"YMAX":8508683.59738907},"geometry":{"type":"Polygon","coordinates":[[[-73.07609416089986,-13.4834616592578],[-73.07610139342259,-13.482557934513142],[-73.07702484481385,-13.482565010582395],[-73.07701761575744,-13.483468735818654],[-73.07609416089986,-13.4834616592578]]]}},{"type":"Feature","properties":{"Cell_ID":576,"Area_ha":1.0,"LC":"5:0.959438,9:0.040562","XMIN":708154.86160847,"YMIN":8508483.59738907,"XMAX":708254.86160847,"YMAX":8508583.59738907},"geometry":{"type":"Polygon","coordinates":[[[-73.07608692784696,-13.48436538393372],[-73.07609416089986,-13.4834616592578],[-73.07701761575744,-13.483468735818654],[-73.07701038617112,-13.484372460986176],[-73.07608692784696,-13.48436538393372]]]}},{"type":"Feature","properties":{"Cell_ID":577,"Area_ha":1.0,"LC":"5:0.382376,9:0.378187,13:0.199031,14:0.040407","XMIN":708154.86160847,"YMIN":8508383.59738907,"XMAX":708254.86160847,"YMAX":8508483.59738907},"geometry":{"type":"Polygon","coordinates":[[[-73.0760796942639,-13.48526910854089],[-73.07608692784696,-13.48436538393372],[-73.07701038617112,-13.484372460986176],[-73.07700315605489,-13.485276186084953],[-73.0760796942639,-13.48526910854089]]]}},{"type":"Feature","properties":{"Cell_ID":578,"Area_ha":1.0,"LC":"6:0.019719,9:0.220759,14:0.203471,17:0.556051","XMIN":708154.86160847,"YMIN":8508283.59738907,"XMAX":708254.86160847,"YMAX":8508383.59738907},"geometry":{"type":"Polygon","coordinates":[[[-73.07607246015067,-13.486172833079314],[-73.0760796942639,-13.48526910854089],[-73.07700315605489,-13.485276186084953],[-73.07699592540874,-13.486179911114986],[-73.07607246015067,-13.486172833079314]]]}},{"type":"Feature","properties":{"Cell_ID":579,"Area_ha":1.0,"LC":"5:0.002417,6:0.319438,9:0.282993,17:0.395153","XMIN":708154.86160847,"YMIN":8508183.59738907,"XMAX":708254.86160847,"YMAX":8508283.59738907},"geometry":{"type":"Polygon","coordinates":[[[-73.07606522550725,-13.487076557548981],[-73.07607246015067,-13.486172833079314],[-73.07699592540874,-13.486179911114986],[-73.07698869423265,-13.487083636076267],[-73.07606522550725,-13.487076557548981]]]}},{"type":"Feature","properties":{"Cell_ID":580,"Area_ha":1.0,"LC":"5:0.118482,6:0.423752,9:0.220604,17:0.237162","XMIN":708154.86160847,"YMIN":8508083.59738907,"XMAX":708254.86160847,"YMAX":8508183.59738907},"geometry":{"type":"Polygon","coordinates":[[[-73.07605799033364,-13.48798028194989],[-73.07606522550725,-13.487076557548981],[-73.07698869423265,-13.487083636076267],[-73.07698146252663,-13.487987360968793],[-73.07605799033364,-13.48798028194989]]]}},{"type":"Feature","properties":{"Cell_ID":581,"Area_ha":1.0,"LC":"5:0.395153,9:0.604847","XMIN":708154.86160847,"YMIN":8507983.59738907,"XMAX":708254.86160847,"YMAX":8508083.59738907},"geometry":{"type":"Polygon","coordinates":[[[-73.07605075462985,-13.488884006282033],[-73.07605799033364,-13.48798028194989],[-73.07698146252663,-13.487987360968793],[-73.07697423029067,-13.48889108579256],[-73.07605075462985,-13.488884006282033]]]}},{"type":"Feature","properties":{"Cell_ID":582,"Area_ha":1.0,"LC":"5:0.578665,9:0.421335","XMIN":708154.86160847,"YMIN":8507883.59738907,"XMAX":708254.86160847,"YMAX":8507983.59738907},"geometry":{"type":"Polygon","coordinates":[[[-73.07604351839582,-13.489787730545412],[-73.07605075462985,-13.488884006282033],[-73.07697423029067,-13.48889108579256],[-73.07696699752475,-13.48979481054756],[-73.07604351839582,-13.489787730545412]]]}},{"type":"Feature","properties":{"Cell_ID":583,"Area_ha":1.0,"LC":"5:0.141335,9:0.858665","XMIN":708154.86160847,"YMIN":8507783.59738907,"XMAX":708254.86160847,"YMAX":8507883.59738907},"geometry":{"type":"Polygon","coordinates":[[[-73.07603628163157,-13.490691454740016],[-73.07604351839582,-13.489787730545412],[-73.07696699752475,-13.48979481054756],[-73.07695976422886,-13.490698535233793],[-73.07603628163157,-13.490691454740016]]]}},{"type":"Feature","properties":{"Cell_ID":584,"Area_ha":1.0,"LC":"5:0.761363,9:0.063274,14:0.175363","XMIN":708154.86160847,"YMIN":8507683.59738907,"XMAX":708254.86160847,"YMAX":8507783.59738907},"geometry":{"type":"Polygon","coordinates":[[[-73.0760290443371,-13.491595178865849],[-73.07603628163157,-13.490691454740016],[-73.07695976422886,-13.490698535233793],[-73.07695253040299,-13.491602259851255],[-73.0760290443371,-13.491595178865849]]]}},{"type":"Feature","properties":{"Cell_ID":585,"Area_ha":1.0,"LC":"5:0.782149,14:0.217851","XMIN":708154.86160847,"YMIN":8507583.59738907,"XMAX":708254.86160847,"YMAX":8507683.59738907},"geometry":{"type":"Polygon","coordinates":[[[-73.07602180651239,-13.492498902922902],[-73.0760290443371,-13.491595178865849],[-73.07695253040299,-13.491602259851255],[-73.07694529604714,-13.492505984399942],[-73.07602180651239,-13.492498902922902]]]}},{"type":"Feature","properties":{"Cell_ID":586,"Area_ha":1.0,"LC":"5:0.917092,9:0.082908","XMIN":708154.86160847,"YMIN":8507483.59738907,"XMAX":708254.86160847,"YMAX":8507583.59738907},"geometry":{"type":"Polygon","coordinates":[[[-73.07601456815743,-13.493402626911164],[-73.07602180651239,-13.492498902922902],[-73.07694529604714,-13.492505984399942],[-73.07693806116129,-13.493409708879845],[-73.07601456815743,-13.493402626911164]]]}},{"type":"Feature","properties":{"Cell_ID":587,"Area_ha":1.0,"LC":"5:0.977864,9:0.022136","XMIN":708154.86160847,"YMIN":8507383.59738907,"XMAX":708254.86160847,"YMAX":8507483.59738907},"geometry":{"type":"Polygon","coordinates":[[[-73.0760073292722,-13.49430635083064],[-73.07601456815743,-13.493402626911164],[-73.07693806116129,-13.493409708879845],[-73.07693082574544,-13.494313433290964],[-73.0760073292722,-13.49430635083064]]]}},{"type":"Feature","properties":{"Cell_ID":588,"Area_ha":1.0,"LC":"5:0.119593,9:0.880407","XMIN":708154.86160847,"YMIN":8507283.59738907,"XMAX":708254.86160847,"YMAX":8507383.59738907},"geometry":{"type":"Polygon","coordinates":[[[-73.07600008985672,-13.495210074681326],[-73.0760073292722,-13.49430635083064],[-73.07693082574544,-13.494313433290964],[-73.07692358979958,-13.495217157633293],[-73.07600008985672,-13.495210074681326]]]}},{"type":"Feature","properties":{"Cell_ID":589,"Area_ha":1.0,"LC":"5:0.440071,9:0.559929","XMIN":708154.86160847,"YMIN":8507183.59738907,"XMAX":708254.86160847,"YMAX":8507283.59738907},"geometry":{"type":"Polygon","coordinates":[[[-73.07599284991095,-13.496113798463211],[-73.07600008985672,-13.495210074681326],[-73.07692358979958,-13.495217157633293],[-73.07691635332367,-13.496120881906828],[-73.07599284991095,-13.496113798463211]]]}},{"type":"Feature","properties":{"Cell_ID":590,"Area_ha":1.0,"LC":"5:0.181573,9:0.818427","XMIN":708154.86160847,"YMIN":8507083.59738907,"XMAX":708254.86160847,"YMAX":8507183.59738907},"geometry":{"type":"Polygon","coordinates":[[[-73.07598560943488,-13.497017522176295],[-73.07599284991095,-13.496113798463211],[-73.07691635332367,-13.496120881906828],[-73.07690911631775,-13.497024606111566],[-73.07598560943488,-13.497017522176295]]]}},{"type":"Feature","properties":{"Cell_ID":591,"Area_ha":1.0,"LC":"5:0.420366,9:0.418820,13:0.160814","XMIN":708154.86160847,"YMIN":8506983.59738907,"XMAX":708254.86160847,"YMAX":8507083.59738907},"geometry":{"type":"Polygon","coordinates":[[[-73.07597836842854,-13.49792124582057],[-73.07598560943488,-13.497017522176295],[-73.07690911631775,-13.497024606111566],[-73.07690187878178,-13.497928330247499],[-73.07597836842854,-13.49792124582057]]]}},{"type":"Feature","properties":{"Cell_ID":592,"Area_ha":1.0,"LC":"5:0.396458,9:0.020281,13:0.583261","XMIN":708154.86160847,"YMIN":8506883.59738907,"XMAX":708254.86160847,"YMAX":8506983.59738907},"geometry":{"type":"Polygon","coordinates":[[[-73.07597112689187,-13.498824969396038],[-73.07597836842854,-13.49792124582057],[-73.07690187878178,-13.497928330247499],[-73.07689464071576,-13.498832054314622],[-73.07597112689187,-13.498824969396038]]]}},{"type":"Feature","properties":{"Cell_ID":593,"Area_ha":1.0,"LC":"5:0.239664,9:0.000478,13:0.759858","XMIN":708154.86160847,"YMIN":8506783.59738907,"XMAX":708254.86160847,"YMAX":8506883.59738907},"geometry":{"type":"Polygon","coordinates":[[[-73.0759638848249,-13.49972869290269],[-73.07597112689187,-13.498824969396038],[-73.07689464071576,-13.498832054314622],[-73.07688740211968,-13.49973577831294],[-73.0759638848249,-13.49972869290269]]]}},{"type":"Feature","properties":{"Cell_ID":594,"Area_ha":1.0,"LC":"9:0.222963,13:0.777037","XMIN":708154.86160847,"YMIN":8506683.59738907,"XMAX":708254.86160847,"YMAX":8506783.59738907},"geometry":{"type":"Polygon","coordinates":[[[-73.0759566422276,-13.500632416340526],[-73.0759638848249,-13.49972869290269],[-73.07688740211968,-13.49973577831294],[-73.07688016299353,-13.500639502242441],[-73.0759566422276,-13.500632416340526]]]}},{"type":"Feature","properties":{"Cell_ID":595,"Area_ha":1.0,"LC":"5:0.257624,9:0.742376","XMIN":708154.86160847,"YMIN":8506583.59738907,"XMAX":708254.86160847,"YMAX":8506683.59738907},"geometry":{"type":"Polygon","coordinates":[[[-73.07594939909997,-13.50153613970953],[-73.0759566422276,-13.500632416340526],[-73.07688016299353,-13.500639502242441],[-73.07687292333728,-13.501543226103118],[-73.07594939909997,-13.50153613970953]]]}},{"type":"Feature","properties":{"Cell_ID":596,"Area_ha":1.0,"LC":"5:0.420437,13:0.579563","XMIN":708154.86160847,"YMIN":8506483.59738907,"XMAX":708254.86160847,"YMAX":8506583.59738907},"geometry":{"type":"Polygon","coordinates":[[[-73.07594215544198,-13.502439863009714],[-73.07594939909997,-13.50153613970953],[-73.07687292333728,-13.501543226103118],[-73.07686568315096,-13.502446949894976],[-73.07594215544198,-13.502439863009714]]]}},{"type":"Feature","properties":{"Cell_ID":597,"Area_ha":1.0,"LC":"9:0.698594,13:0.301406","XMIN":708154.86160847,"YMIN":8506383.59738907,"XMAX":708254.86160847,"YMAX":8506483.59738907},"geometry":{"type":"Polygon","coordinates":[[[-73.07593491125365,-13.503343586241066],[-73.07594215544198,-13.502439863009714],[-73.07686568315096,-13.502446949894976],[-73.07685844243453,-13.503350673618005],[-73.07593491125365,-13.503343586241066]]]}},{"type":"Feature","properties":{"Cell_ID":598,"Area_ha":1.0,"LC":"9:0.537457,13:0.462543","XMIN":708154.86160847,"YMIN":8506283.59738907,"XMAX":708254.86160847,"YMAX":8506383.59738907},"geometry":{"type":"Polygon","coordinates":[[[-73.07592766653494,-13.504247309403578],[-73.07593491125365,-13.503343586241066],[-73.07685844243453,-13.503350673618005],[-73.07685120118799,-13.5042543972722],[-73.07592766653494,-13.504247309403578]]]}},{"type":"Feature","properties":{"Cell_ID":599,"Area_ha":1.0,"LC":"5:0.280885,9:0.454871,13:0.264244","XMIN":708154.86160847,"YMIN":8506183.59738907,"XMAX":708254.86160847,"YMAX":8506283.59738907},"geometry":{"type":"Polygon","coordinates":[[[-73.07592042128587,-13.50515103249725],[-73.07592766653494,-13.504247309403578],[-73.07685120118799,-13.5042543972722],[-73.07684395941133,-13.505158120857555],[-73.07592042128587,-13.50515103249725]]]}},{"type":"Feature","properties":{"Cell_ID":600,"Area_ha":1.0,"LC":"5:0.461742,9:0.362895,13:0.175363","XMIN":708154.86160847,"YMIN":8506083.59738907,"XMAX":708254.86160847,"YMAX":8506183.59738907},"geometry":{"type":"Polygon","coordinates":[[[-73.07591317550641,-13.50605475552208],[-73.07592042128587,-13.50515103249725],[-73.07684395941133,-13.505158120857555],[-73.07683671710456,-13.506061844374072],[-73.07591317550641,-13.50605475552208]]]}},{"type":"Feature","properties":{"Cell_ID":601,"Area_ha":1.0,"LC":"5:0.020281,9:0.881868,13:0.097851","XMIN":708154.86160847,"YMIN":8505983.59738907,"XMAX":708254.86160847,"YMAX":8506083.59738907},"geometry":{"type":"Polygon","coordinates":[[[-73.07590592919657,-13.506958478478056],[-73.07591317550641,-13.50605475552208],[-73.07683671710456,-13.506061844374072],[-73.07682947426764,-13.506965567821743],[-73.07590592919657,-13.506958478478056]]]}},{"type":"Feature","properties":{"Cell_ID":602,"Area_ha":1.0,"LC":"9:1.000000","XMIN":708154.86160847,"YMIN":8505883.59738907,"XMAX":708254.86160847,"YMAX":8505983.59738907},"geometry":{"type":"Polygon","coordinates":[[[-73.07589868235631,-13.507862201365183],[-73.07590592919657,-13.506958478478056],[-73.07682947426764,-13.506965567821743],[-73.07682223090056,-13.507869291200564],[-73.07589868235631,-13.507862201365183]]]}},{"type":"Feature","properties":{"Cell_ID":603,"Area_ha":1.0,"LC":"6:0.203386,9:0.102376,13:0.119438,16:0.574801","XMIN":708154.86160847,"YMIN":8505783.59738907,"XMAX":708254.86160847,"YMAX":8505883.59738907},"geometry":{"type":"Polygon","coordinates":[[[-73.07589143498565,-13.50876592418345],[-73.07589868235631,-13.507862201365183],[-73.07682223090056,-13.507869291200564],[-73.07681498700333,-13.508773014510526],[-73.07589143498565,-13.50876592418345]]]}},{"type":"Feature","properties":{"Cell_ID":604,"Area_ha":1.0,"LC":"6:0.004369,13:0.618749,16:0.376881","XMIN":708154.86160847,"YMIN":8505683.59738907,"XMAX":708254.86160847,"YMAX":8505783.59738907},"geometry":{"type":"Polygon","coordinates":[[[-73.07588418708457,-13.509669646932853],[-73.07589143498565,-13.50876592418345],[-73.07681498700333,-13.508773014510526],[-73.07680774257594,-13.509676737751635],[-73.07588418708457,-13.509669646932853]]]}},{"type":"Feature","properties":{"Cell_ID":605,"Area_ha":1.0,"LC":"13:0.060844,16:0.900197,17:0.038960","XMIN":708154.86160847,"YMIN":8505583.59738907,"XMAX":708254.86160847,"YMAX":8505683.59738907},"geometry":{"type":"Polygon","coordinates":[[[-73.07587693865305,-13.510573369613391],[-73.07588418708457,-13.509669646932853],[-73.07680774257594,-13.509676737751635],[-73.07680049761836,-13.510580460923878],[-73.07587693865305,-13.510573369613391]]]}},{"type":"Feature","properties":{"Cell_ID":606,"Area_ha":1.0,"LC":"16:0.400983,17:0.599017","XMIN":708154.86160847,"YMIN":8505483.59738907,"XMAX":708254.86160847,"YMAX":8505583.59738907},"geometry":{"type":"Polygon","coordinates":[[[-73.0758696896911,-13.51147709222506],[-73.07587693865305,-13.510573369613391],[-73.07680049761836,-13.510580460923878],[-73.07679325213061,-13.511484184027255],[-73.0758696896911,-13.51147709222506]]]}},{"type":"Feature","properties":{"Cell_ID":607,"Area_ha":1.0,"LC":"9:0.038960,16:0.917078,17:0.043962","XMIN":708154.86160847,"YMIN":8505383.59738907,"XMAX":708254.86160847,"YMAX":8505483.59738907},"geometry":{"type":"Polygon","coordinates":[[[-73.0758624401987,-13.512380814767852],[-73.0758696896911,-13.51147709222506],[-73.07679325213061,-13.511484184027255],[-73.07678600611266,-13.512387907061763],[-73.0758624401987,-13.512380814767852]]]}},{"type":"Feature","properties":{"Cell_ID":608,"Area_ha":1.0,"LC":"9:0.455434,16:0.544566","XMIN":708154.86160847,"YMIN":8505283.59738907,"XMAX":708254.86160847,"YMAX":8505383.59738907},"geometry":{"type":"Polygon","coordinates":[[[-73.07585519017584,-13.513284537241764],[-73.0758624401987,-13.512380814767852],[-73.07678600611266,-13.512387907061763],[-73.0767787595645,-13.513291630027389],[-73.07585519017584,-13.513284537241764]]]}},{"type":"Feature","properties":{"Cell_ID":609,"Area_ha":1.0,"LC":"9:0.019790,16:0.980210","XMIN":708154.86160847,"YMIN":8505183.59738907,"XMAX":708254.86160847,"YMAX":8505283.59738907},"geometry":{"type":"Polygon","coordinates":[[[-73.0758479396225,-13.514188259646794],[-73.07585519017584,-13.513284537241764],[-73.0767787595645,-13.513291630027389],[-73.07677151248612,-13.51419535292414],[-73.0758479396225,-13.514188259646794]]]}},{"type":"Feature","properties":{"Cell_ID":610,"Area_ha":1.0,"LC":"16:1.000000","XMIN":708154.86160847,"YMIN":8505083.59738907,"XMAX":708254.86160847,"YMAX":8505183.59738907},"geometry":{"type":"Polygon","coordinates":[[[-73.0758406885387,-13.51509198198293],[-73.0758479396225,-13.514188259646794],[-73.07677151248612,-13.51419535292414],[-73.07676426487754,-13.515099075752001],[-73.0758406885387,-13.51509198198293]]]}},{"type":"Feature","properties":{"Cell_ID":611,"Area_ha":1.0,"LC":"16:1.000000","XMIN":708154.86160847,"YMIN":8504983.59738907,"XMAX":708254.86160847,"YMAX":8505083.59738907},"geometry":{"type":"Polygon","coordinates":[[[-73.0758334369244,-13.51599570425018],[-73.0758406885387,-13.51509198198293],[-73.07676426487754,-13.515099075752001],[-73.0767570167387,-13.516002798510979],[-73.0758334369244,-13.51599570425018]]]}},{"type":"Feature","properties":{"Cell_ID":612,"Area_ha":1.0,"LC":"16:0.686763","XMIN":708154.86160847,"YMIN":8504883.59738907,"XMAX":708254.86160847,"YMAX":8504983.59738907},"geometry":{"type":"Polygon","coordinates":[[[-73.07582618477961,-13.516899426448534],[-73.0758334369244,-13.51599570425018],[-73.0767570167387,-13.516002798510979],[-73.07674976806963,-13.516906521201063],[-73.07582618477961,-13.516899426448534]]]}},{"type":"Feature","properties":{"Cell_ID":613,"Area_ha":1.0,"LC":"5:0.019790,9:0.980210","XMIN":708254.86160847,"YMIN":8509083.59738907,"XMAX":708354.86160847,"YMAX":8509183.59738907},"geometry":{"type":"Polygon","coordinates":[[[-73.07520688121377,-13.47893595735287],[-73.07521411455092,-13.478032232756384],[-73.0761375480843,-13.478039309758872],[-73.0761303182122,-13.478943034847177],[-73.07520688121377,-13.47893595735287]]]}},{"type":"Feature","properties":{"Cell_ID":614,"Area_ha":1.0,"LC":"9:0.624722,13:0.060197,14:0.315082","XMIN":708254.86160847,"YMIN":8508983.59738907,"XMAX":708354.86160847,"YMAX":8509083.59738907},"geometry":{"type":"Polygon","coordinates":[[[-73.07519964734627,-13.479839681880634],[-73.07520688121377,-13.47893595735287],[-73.0761303182122,-13.478943034847177],[-73.07612308780999,-13.47984675986676],[-73.07519964734627,-13.479839681880634]]]}},{"type":"Feature","properties":{"Cell_ID":615,"Area_ha":1.0,"LC":"9:0.701095,13:0.061742,14:0.237162","XMIN":708254.86160847,"YMIN":8508883.59738907,"XMAX":708354.86160847,"YMAX":8508983.59738907},"geometry":{"type":"Polygon","coordinates":[[[-73.07519241294838,-13.480743406339666],[-73.07519964734627,-13.479839681880634],[-73.07612308780999,-13.47984675986676],[-73.07611585687764,-13.480750484817618],[-73.07519241294838,-13.480743406339666]]]}},{"type":"Feature","properties":{"Cell_ID":616,"Area_ha":1.0,"LC":"6:0.058271,9:0.941729","XMIN":708254.86160847,"YMIN":8508783.59738907,"XMAX":708354.86160847,"YMAX":8508883.59738907},"geometry":{"type":"Polygon","coordinates":[[[-73.07518517802012,-13.481647130729968],[-73.07519241294838,-13.480743406339666],[-73.07611585687764,-13.480750484817618],[-73.07610862541519,-13.481654209699744],[-73.07518517802012,-13.481647130729968]]]}},{"type":"Feature","properties":{"Cell_ID":617,"Area_ha":1.0,"LC":"6:0.678047,9:0.243555,14:0.078397","XMIN":708254.86160847,"YMIN":8508683.59738907,"XMAX":708354.86160847,"YMAX":8508783.59738907},"geometry":{"type":"Polygon","coordinates":[[[-73.07517794256147,-13.482550855051532],[-73.07518517802012,-13.481647130729968],[-73.07610862541519,-13.481654209699744],[-73.07610139342259,-13.482557934513142],[-73.07517794256147,-13.482550855051532]]]}},{"type":"Feature","properties":{"Cell_ID":618,"Area_ha":1.0,"LC":"5:0.058271,6:0.143681,9:0.239915,14:0.558132","XMIN":708254.86160847,"YMIN":8508583.59738907,"XMAX":708354.86160847,"YMAX":8508683.59738907},"geometry":{"type":"Polygon","coordinates":[[[-73.07517070657242,-13.483454579304357],[-73.07517794256147,-13.482550855051532],[-73.07610139342259,-13.482557934513142],[-73.07609416089986,-13.4834616592578],[-73.07517070657242,-13.483454579304357]]]}},{"type":"Feature","properties":{"Cell_ID":619,"Area_ha":1.0,"LC":"5:0.715475,9:0.123962,14:0.160562","XMIN":708254.86160847,"YMIN":8508483.59738907,"XMAX":708354.86160847,"YMAX":8508583.59738907},"geometry":{"type":"Polygon","coordinates":[[[-73.07516347005296,-13.48435830348844],[-73.07517070657242,-13.483454579304357],[-73.07609416089986,-13.4834616592578],[-73.07608692784696,-13.48436538393372],[-73.07516347005296,-13.48435830348844]]]}},{"type":"Feature","properties":{"Cell_ID":620,"Area_ha":1.0,"LC":"5:0.301406,9:0.417147,14:0.281447","XMIN":708254.86160847,"YMIN":8508383.59738907,"XMAX":708354.86160847,"YMAX":8508483.59738907},"geometry":{"type":"Polygon","coordinates":[[[-73.07515623300309,-13.485262027603765],[-73.07516347005296,-13.48435830348844],[-73.07608692784696,-13.48436538393372],[-73.0760796942639,-13.48526910854089],[-73.07515623300309,-13.485262027603765]]]}},{"type":"Feature","properties":{"Cell_ID":621,"Area_ha":1.0,"LC":"9:0.598061,14:0.401939","XMIN":708254.86160847,"YMIN":8508283.59738907,"XMAX":708354.86160847,"YMAX":8508383.59738907},"geometry":{"type":"Polygon","coordinates":[[[-73.0751489954228,-13.486165751650342],[-73.07515623300309,-13.485262027603765],[-73.0760796942639,-13.48526910854089],[-73.07607246015067,-13.486172833079314],[-73.0751489954228,-13.486165751650342]]]}},{"type":"Feature","properties":{"Cell_ID":622,"Area_ha":1.0,"LC":"5:0.296739,9:0.700830,14:0.002431","XMIN":708254.86160847,"YMIN":8508183.59738907,"XMAX":708354.86160847,"YMAX":8508283.59738907},"geometry":{"type":"Polygon","coordinates":[[[-73.07514175731204,-13.487069475628159],[-73.0751489954228,-13.486165751650342],[-73.07607246015067,-13.486172833079314],[-73.07606522550725,-13.487076557548981],[-73.07514175731204,-13.487069475628159]]]}},{"type":"Feature","properties":{"Cell_ID":623,"Area_ha":1.0,"LC":"5:0.220352,6:0.157092,9:0.622556","XMIN":708254.86160847,"YMIN":8508083.59738907,"XMAX":708354.86160847,"YMAX":8508183.59738907},"geometry":{"type":"Polygon","coordinates":[[[-73.07513451867085,-13.487973199537214],[-73.07514175731204,-13.487069475628159],[-73.07606522550725,-13.487076557548981],[-73.07605799033364,-13.48798028194989],[-73.07513451867085,-13.487973199537214]]]}},{"type":"Feature","properties":{"Cell_ID":624,"Area_ha":1.0,"LC":"9:0.896488,14:0.103512","XMIN":708254.86160847,"YMIN":8507983.59738907,"XMAX":708354.86160847,"YMAX":8508083.59738907},"geometry":{"type":"Polygon","coordinates":[[[-73.07512727949921,-13.488876923377505],[-73.07513451867085,-13.487973199537214],[-73.07605799033364,-13.48798028194989],[-73.07605075462985,-13.488884006282033],[-73.07512727949921,-13.488876923377505]]]}},{"type":"Feature","properties":{"Cell_ID":625,"Area_ha":1.0,"LC":"5:0.355082,9:0.223583,14:0.421335","XMIN":708254.86160847,"YMIN":8507883.59738907,"XMAX":708354.86160847,"YMAX":8507983.59738907},"geometry":{"type":"Polygon","coordinates":[[[-73.0751200397971,-13.489780647149024],[-73.07512727949921,-13.488876923377505],[-73.07605075462985,-13.488884006282033],[-73.07604351839582,-13.489787730545412],[-73.0751200397971,-13.489780647149024]]]}},{"type":"Feature","properties":{"Cell_ID":626,"Area_ha":1.0,"LC":"5:0.138820,9:0.861180","XMIN":708254.86160847,"YMIN":8507783.59738907,"XMAX":708354.86160847,"YMAX":8507883.59738907},"geometry":{"type":"Polygon","coordinates":[[[-73.07511279956452,-13.490684370851765],[-73.0751200397971,-13.489780647149024],[-73.07604351839582,-13.489787730545412],[-73.07603628163157,-13.490691454740016],[-73.07511279956452,-13.490684370851765]]]}},{"type":"Feature","properties":{"Cell_ID":627,"Area_ha":1.0,"LC":"5:0.638875,9:0.361125","XMIN":708254.86160847,"YMIN":8507683.59738907,"XMAX":708354.86160847,"YMAX":8507783.59738907},"geometry":{"type":"Polygon","coordinates":[[[-73.07510555880145,-13.49158809448573],[-73.07511279956452,-13.490684370851765],[-73.07603628163157,-13.490691454740016],[-73.0760290443371,-13.491595178865849],[-73.07510555880145,-13.49158809448573]]]}},{"type":"Feature","properties":{"Cell_ID":628,"Area_ha":1.0,"LC":"5:1.000000","XMIN":708254.86160847,"YMIN":8507583.59738907,"XMAX":708354.86160847,"YMAX":8507683.59738907},"geometry":{"type":"Polygon","coordinates":[[[-73.07509831750788,-13.492491818050908],[-73.07510555880145,-13.49158809448573],[-73.0760290443371,-13.491595178865849],[-73.07602180651239,-13.492498902922902],[-73.07509831750788,-13.492491818050908]]]}},{"type":"Feature","properties":{"Cell_ID":629,"Area_ha":1.0,"LC":"5:0.442908,9:0.557092","XMIN":708254.86160847,"YMIN":8507483.59738907,"XMAX":708354.86160847,"YMAX":8507583.59738907},"geometry":{"type":"Polygon","coordinates":[[[-73.07509107568382,-13.493395541547297],[-73.07509831750788,-13.492491818050908],[-73.07602180651239,-13.492498902922902],[-73.07601456815743,-13.493402626911164],[-73.07509107568382,-13.493395541547297]]]}},{"type":"Feature","properties":{"Cell_ID":630,"Area_ha":1.0,"LC":"5:0.603542,9:0.396458","XMIN":708254.86160847,"YMIN":8507383.59738907,"XMAX":708354.86160847,"YMAX":8507483.59738907},"geometry":{"type":"Polygon","coordinates":[[[-73.07508383332924,-13.494299264974897],[-73.07509107568382,-13.493395541547297],[-73.07601456815743,-13.493402626911164],[-73.0760073292722,-13.49430635083064],[-73.07508383332924,-13.494299264974897]]]}},{"type":"Feature","properties":{"Cell_ID":631,"Area_ha":1.0,"LC":"5:0.020773,9:0.979227","XMIN":708254.86160847,"YMIN":8507283.59738907,"XMAX":708354.86160847,"YMAX":8507383.59738907},"geometry":{"type":"Polygon","coordinates":[[[-73.07507659044413,-13.4952029883337],[-73.07508383332924,-13.494299264974897],[-73.0760073292722,-13.49430635083064],[-73.07600008985672,-13.495210074681326],[-73.07507659044413,-13.4952029883337]]]}},{"type":"Feature","properties":{"Cell_ID":632,"Area_ha":1.0,"LC":"5:0.039031,9:0.959522,14:0.001447","XMIN":708254.86160847,"YMIN":8507183.59738907,"XMAX":708354.86160847,"YMAX":8507283.59738907},"geometry":{"type":"Polygon","coordinates":[[[-73.0750693470285,-13.4961067116237],[-73.07507659044413,-13.4952029883337],[-73.07600008985672,-13.495210074681326],[-73.07599284991095,-13.496113798463211],[-73.0750693470285,-13.4961067116237]]]}},{"type":"Feature","properties":{"Cell_ID":633,"Area_ha":1.0,"LC":"5:0.117021,9:0.818413,14:0.064566","XMIN":708254.86160847,"YMIN":8507083.59738907,"XMAX":708354.86160847,"YMAX":8507183.59738907},"geometry":{"type":"Polygon","coordinates":[[[-73.07506210308233,-13.497010434844897],[-73.0750693470285,-13.4961067116237],[-73.07599284991095,-13.496113798463211],[-73.07598560943488,-13.497017522176295],[-73.07506210308233,-13.497010434844897]]]}},{"type":"Feature","properties":{"Cell_ID":634,"Area_ha":1.0,"LC":"5:0.278132,9:0.344075,13:0.237021,14:0.140773","XMIN":708254.86160847,"YMIN":8506983.59738907,"XMAX":708354.86160847,"YMAX":8507083.59738907},"geometry":{"type":"Polygon","coordinates":[[[-73.07505485860558,-13.49791415799728],[-73.07506210308233,-13.497010434844897],[-73.07598560943488,-13.497017522176295],[-73.07597836842854,-13.49792124582057],[-73.07505485860558,-13.49791415799728]]]}},{"type":"Feature","properties":{"Cell_ID":635,"Area_ha":1.0,"LC":"5:0.059719,9:0.625129,13:0.315153","XMIN":708254.86160847,"YMIN":8506883.59738907,"XMAX":708354.86160847,"YMAX":8506983.59738907},"geometry":{"type":"Polygon","coordinates":[[[-73.0750476135983,-13.498817881080852],[-73.07505485860558,-13.49791415799728],[-73.07597836842854,-13.49792124582057],[-73.07597112689187,-13.498824969396038],[-73.0750476135983,-13.498817881080852]]]}},{"type":"Feature","properties":{"Cell_ID":636,"Area_ha":1.0,"LC":"5:0.379719,9:0.140295,13:0.479986","XMIN":708254.86160847,"YMIN":8506783.59738907,"XMAX":708354.86160847,"YMAX":8506883.59738907},"geometry":{"type":"Polygon","coordinates":[[[-73.07504036806044,-13.499721604095603],[-73.0750476135983,-13.498817881080852],[-73.07597112689187,-13.498824969396038],[-73.0759638848249,-13.49972869290269],[-73.07504036806044,-13.499721604095603]]]}},{"type":"Feature","properties":{"Cell_ID":637,"Area_ha":1.0,"LC":"5:0.160562,9:0.758384,13:0.081054","XMIN":708254.86160847,"YMIN":8506683.59738907,"XMAX":708354.86160847,"YMAX":8506783.59738907},"geometry":{"type":"Polygon","coordinates":[[[-73.075033121992,-13.500625327041536],[-73.07504036806044,-13.499721604095603],[-73.0759638848249,-13.49972869290269],[-73.0759566422276,-13.500632416340526],[-73.075033121992,-13.500625327041536]]]}},{"type":"Feature","properties":{"Cell_ID":638,"Area_ha":1.0,"LC":"5:0.380533,9:0.619467","XMIN":708254.86160847,"YMIN":8506583.59738907,"XMAX":708354.86160847,"YMAX":8506683.59738907},"geometry":{"type":"Polygon","coordinates":[[[-73.07502587539298,-13.501529049918638],[-73.075033121992,-13.500625327041536],[-73.0759566422276,-13.500632416340526],[-73.07594939909997,-13.50153613970953],[-73.07502587539298,-13.501529049918638]]]}},{"type":"Feature","properties":{"Cell_ID":639,"Area_ha":1.0,"LC":"5:0.260437,9:0.019719,13:0.719845","XMIN":708254.86160847,"YMIN":8506483.59738907,"XMAX":708354.86160847,"YMAX":8506583.59738907},"geometry":{"type":"Polygon","coordinates":[[[-73.07501862826335,-13.502432772726912],[-73.07502587539298,-13.501529049918638],[-73.07594939909997,-13.50153613970953],[-73.07594215544198,-13.502439863009714],[-73.07501862826335,-13.502432772726912]]]}},{"type":"Feature","properties":{"Cell_ID":640,"Area_ha":1.0,"LC":"9:0.416332,13:0.341729,16:0.241939","XMIN":708254.86160847,"YMIN":8506383.59738907,"XMAX":708354.86160847,"YMAX":8506483.59738907},"geometry":{"type":"Polygon","coordinates":[[[-73.07501138060312,-13.503336495466352],[-73.07501862826335,-13.502432772726912],[-73.07594215544198,-13.502439863009714],[-73.07593491125365,-13.503343586241066],[-73.07501138060312,-13.503336495466352]]]}},{"type":"Feature","properties":{"Cell_ID":641,"Area_ha":1.0,"LC":"9:0.423176,13:0.576824","XMIN":708254.86160847,"YMIN":8506283.59738907,"XMAX":708354.86160847,"YMAX":8506383.59738907},"geometry":{"type":"Polygon","coordinates":[[[-73.07500413241226,-13.504240218136944],[-73.07501138060312,-13.503336495466352],[-73.07593491125365,-13.503343586241066],[-73.07592766653494,-13.504247309403578],[-73.07500413241226,-13.504240218136944]]]}},{"type":"Feature","properties":{"Cell_ID":642,"Area_ha":1.0,"LC":"5:0.058271,9:0.265129,13:0.676600","XMIN":708254.86160847,"YMIN":8506183.59738907,"XMAX":708354.86160847,"YMAX":8506283.59738907},"geometry":{"type":"Polygon","coordinates":[[[-73.07499688369077,-13.505143940738698],[-73.07500413241226,-13.504240218136944],[-73.07592766653494,-13.504247309403578],[-73.07592042128587,-13.50515103249725],[-73.07499688369077,-13.505143940738698]]]}},{"type":"Feature","properties":{"Cell_ID":643,"Area_ha":1.0,"LC":"5:0.662614,9:0.236543,13:0.081125,14:0.019719","XMIN":708254.86160847,"YMIN":8506083.59738907,"XMAX":708354.86160847,"YMAX":8506183.59738907},"geometry":{"type":"Polygon","coordinates":[[[-73.07498963443867,-13.506047663271602],[-73.07499688369077,-13.505143940738698],[-73.07592042128587,-13.50515103249725],[-73.07591317550641,-13.50605475552208],[-73.07498963443867,-13.506047663271602]]]}},{"type":"Feature","properties":{"Cell_ID":644,"Area_ha":1.0,"LC":"5:0.041054,9:0.575349,14:0.383597","XMIN":708254.86160847,"YMIN":8505983.59738907,"XMAX":708354.86160847,"YMAX":8506083.59738907},"geometry":{"type":"Polygon","coordinates":[[[-73.0749823846559,-13.506951385735654],[-73.07498963443867,-13.506047663271602],[-73.07591317550641,-13.50605475552208],[-73.07590592919657,-13.506958478478056],[-73.0749823846559,-13.506951385735654]]]}},{"type":"Feature","properties":{"Cell_ID":645,"Area_ha":1.0,"LC":"9:0.696332,14:0.303668","XMIN":708254.86160847,"YMIN":8505883.59738907,"XMAX":708354.86160847,"YMAX":8505983.59738907},"geometry":{"type":"Polygon","coordinates":[[[-73.07497513434248,-13.507855108130848],[-73.0749823846559,-13.506951385735654],[-73.07590592919657,-13.506958478478056],[-73.07589868235631,-13.507862201365183],[-73.07497513434248,-13.507855108130848]]]}},{"type":"Feature","properties":{"Cell_ID":646,"Area_ha":1.0,"LC":"6:0.495685,9:0.483542,14:0.020773","XMIN":708254.86160847,"YMIN":8505783.59738907,"XMAX":708354.86160847,"YMAX":8505883.59738907},"geometry":{"type":"Polygon","coordinates":[[[-73.07496788349839,-13.50875883045718],[-73.07497513434248,-13.507855108130848],[-73.07589868235631,-13.507862201365183],[-73.07589143498565,-13.50876592418345],[-73.07496788349839,-13.50875883045718]]]}},{"type":"Feature","properties":{"Cell_ID":647,"Area_ha":1.0,"LC":"6:0.959593,16:0.040407","XMIN":708254.86160847,"YMIN":8505683.59738907,"XMAX":708354.86160847,"YMAX":8505783.59738907},"geometry":{"type":"Polygon","coordinates":[[[-73.07496063212363,-13.509662552714643],[-73.07496788349839,-13.50875883045718],[-73.07589143498565,-13.50876592418345],[-73.07588418708457,-13.509669646932853],[-73.07496063212363,-13.509662552714643]]]}},{"type":"Feature","properties":{"Cell_ID":648,"Area_ha":1.0,"LC":"6:0.140844,16:0.859156","XMIN":708254.86160847,"YMIN":8505583.59738907,"XMAX":708354.86160847,"YMAX":8505683.59738907},"geometry":{"type":"Polygon","coordinates":[[[-73.07495338021819,-13.510566274903242],[-73.07496063212363,-13.509662552714643],[-73.07588418708457,-13.509669646932853],[-73.07587693865305,-13.510573369613391],[-73.07495338021819,-13.510566274903242]]]}},{"type":"Feature","properties":{"Cell_ID":649,"Area_ha":1.0,"LC":"7:0.201939,16:0.259732,17:0.538329","XMIN":708254.86160847,"YMIN":8505383.59738907,"XMAX":708354.86160847,"YMAX":8505483.59738907},"geometry":{"type":"Polygon","coordinates":[[[-73.0749388748152,-13.512373719073807],[-73.07494612778204,-13.511469997022965],[-73.0758696896911,-13.51147709222506],[-73.0758624401987,-13.512380814767852],[-73.0749388748152,-13.512373719073807]]]}},{"type":"Feature","properties":{"Cell_ID":650,"Area_ha":1.0,"LC":"16:0.897288,17:0.102712","XMIN":708254.86160847,"YMIN":8505283.59738907,"XMAX":708354.86160847,"YMAX":8505383.59738907},"geometry":{"type":"Polygon","coordinates":[[[-73.07493162131765,-13.513277441055767],[-73.0749388748152,-13.512373719073807],[-73.0758624401987,-13.512380814767852],[-73.07585519017584,-13.513284537241764],[-73.07493162131765,-13.513277441055767]]]}},{"type":"Feature","properties":{"Cell_ID":651,"Area_ha":1.0,"LC":"16:0.718146,17:0.281854","XMIN":708254.86160847,"YMIN":8505183.59738907,"XMAX":708354.86160847,"YMAX":8505283.59738907},"geometry":{"type":"Polygon","coordinates":[[[-73.07492436728936,-13.514181162968843],[-73.07493162131765,-13.513277441055767],[-73.07585519017584,-13.513284537241764],[-73.0758479396225,-13.514188259646794],[-73.07492436728936,-13.514181162968843]]]}},{"type":"Feature","properties":{"Cell_ID":652,"Area_ha":1.0,"LC":"16:0.878946,17:0.121054","XMIN":708254.86160847,"YMIN":8505083.59738907,"XMAX":708354.86160847,"YMAX":8505183.59738907},"geometry":{"type":"Polygon","coordinates":[[[-73.07491711273035,-13.515084884813021],[-73.07492436728936,-13.514181162968843],[-73.0758479396225,-13.514188259646794],[-73.0758406885387,-13.51509198198293],[-73.07491711273035,-13.515084884813021]]]}},{"type":"Feature","properties":{"Cell_ID":653,"Area_ha":1.0,"LC":"16:1.000000","XMIN":708254.86160847,"YMIN":8504983.59738907,"XMAX":708354.86160847,"YMAX":8505083.59738907},"geometry":{"type":"Polygon","coordinates":[[[-73.07490985764059,-13.515988606588305],[-73.07491711273035,-13.515084884813021],[-73.0758406885387,-13.51509198198293],[-73.0758334369244,-13.51599570425018],[-73.07490985764059,-13.515988606588305]]]}},{"type":"Feature","properties":{"Cell_ID":654,"Area_ha":1.0,"LC":"9:0.900915,13:0.099085","XMIN":708354.86160847,"YMIN":8508983.59738907,"XMAX":708454.86160847,"YMAX":8509083.59738907},"geometry":{"type":"Polygon","coordinates":[[[-73.07427620741292,-13.479832600502865],[-73.07428344474572,-13.47892887646716],[-73.07520688121377,-13.47893595735287],[-73.07519964734627,-13.479839681880634],[-73.07427620741292,-13.479832600502865]]]}},{"type":"Feature","properties":{"Cell_ID":655,"Area_ha":1.0,"LC":"9:0.660055,13:0.339945","XMIN":708354.86160847,"YMIN":8508883.59738907,"XMAX":708454.86160847,"YMAX":8508983.59738907},"geometry":{"type":"Polygon","coordinates":[[[-73.07426896954951,-13.480736324469838],[-73.07427620741292,-13.479832600502865],[-73.07519964734627,-13.479839681880634],[-73.07519241294838,-13.480743406339666],[-73.07426896954951,-13.480736324469838]]]}},{"type":"Feature","properties":{"Cell_ID":656,"Area_ha":1.0,"LC":"9:1.000000","XMIN":708354.86160847,"YMIN":8508783.59738907,"XMAX":708454.86160847,"YMAX":8508883.59738907},"geometry":{"type":"Polygon","coordinates":[[[-73.07426173115545,-13.481640048368076],[-73.07426896954951,-13.480736324469838],[-73.07519241294838,-13.480743406339666],[-73.07518517802012,-13.481647130729968],[-73.07426173115545,-13.481640048368076]]]}},{"type":"Feature","properties":{"Cell_ID":657,"Area_ha":1.0,"LC":"6:0.097302,9:0.902698","XMIN":708354.86160847,"YMIN":8508683.59738907,"XMAX":708454.86160847,"YMAX":8508783.59738907},"geometry":{"type":"Polygon","coordinates":[[[-73.07425449223075,-13.482543772197571],[-73.07426173115545,-13.481640048368076],[-73.07518517802012,-13.481647130729968],[-73.07517794256147,-13.482550855051532],[-73.07425449223075,-13.482543772197571]]]}},{"type":"Feature","properties":{"Cell_ID":658,"Area_ha":1.0,"LC":"5:0.020197,6:0.336881,9:0.642922","XMIN":708354.86160847,"YMIN":8508583.59738907,"XMAX":708454.86160847,"YMAX":8508683.59738907},"geometry":{"type":"Polygon","coordinates":[[[-73.0742472527754,-13.483447495958327],[-73.07425449223075,-13.482543772197571],[-73.07517794256147,-13.482550855051532],[-73.07517070657242,-13.483454579304357],[-73.0742472527754,-13.483447495958327]]]}},{"type":"Feature","properties":{"Cell_ID":659,"Area_ha":1.0,"LC":"5:0.478482,9:0.518132,13:0.003386","XMIN":708354.86160847,"YMIN":8508483.59738907,"XMAX":708454.86160847,"YMAX":8508583.59738907},"geometry":{"type":"Polygon","coordinates":[[[-73.07424001278939,-13.484351219650334],[-73.0742472527754,-13.483447495958327],[-73.07517070657242,-13.483454579304357],[-73.07516347005296,-13.48435830348844],[-73.07424001278939,-13.484351219650334]]]}},{"type":"Feature","properties":{"Cell_ID":660,"Area_ha":1.0,"LC":"5:0.139383,9:0.658749,13:0.004847,14:0.197021","XMIN":708354.86160847,"YMIN":8508383.59738907,"XMAX":708454.86160847,"YMAX":8508483.59738907},"geometry":{"type":"Polygon","coordinates":[[[-73.0742327722727,-13.485254943273581],[-73.07424001278939,-13.484351219650334],[-73.07516347005296,-13.48435830348844],[-73.07515623300309,-13.485262027603765],[-73.0742327722727,-13.485254943273581]]]}},{"type":"Feature","properties":{"Cell_ID":661,"Area_ha":1.0,"LC":"9:0.463752,13:0.001461,14:0.534787","XMIN":708354.86160847,"YMIN":8508283.59738907,"XMAX":708454.86160847,"YMAX":8508383.59738907},"geometry":{"type":"Polygon","coordinates":[[[-73.07422553122534,-13.486158666828079],[-73.0742327722727,-13.485254943273581],[-73.07515623300309,-13.485262027603765],[-73.0751489954228,-13.486165751650342],[-73.07422553122534,-13.486158666828079]]]}},{"type":"Feature","properties":{"Cell_ID":662,"Area_ha":1.0,"LC":"9:0.580617,14:0.419383","XMIN":708354.86160847,"YMIN":8508183.59738907,"XMAX":708454.86160847,"YMAX":8508283.59738907},"geometry":{"type":"Polygon","coordinates":[[[-73.07421828964728,-13.487062390313811],[-73.07422553122534,-13.486158666828079],[-73.0751489954228,-13.486165751650342],[-73.07514175731204,-13.487069475628159],[-73.07421828964728,-13.487062390313811]]]}},{"type":"Feature","properties":{"Cell_ID":663,"Area_ha":1.0,"LC":"9:0.915068,14:0.084932","XMIN":708354.86160847,"YMIN":8508083.59738907,"XMAX":708454.86160847,"YMAX":8508183.59738907},"geometry":{"type":"Polygon","coordinates":[[[-73.07421104753853,-13.487966113730778],[-73.07421828964728,-13.487062390313811],[-73.07514175731204,-13.487069475628159],[-73.07513451867085,-13.487973199537214],[-73.07421104753853,-13.487966113730778]]]}},{"type":"Feature","properties":{"Cell_ID":664,"Area_ha":1.0,"LC":"9:0.302376,14:0.697624","XMIN":708354.86160847,"YMIN":8507983.59738907,"XMAX":708454.86160847,"YMAX":8508083.59738907},"geometry":{"type":"Polygon","coordinates":[[[-73.07420380489906,-13.488869837078978],[-73.07421104753853,-13.487966113730778],[-73.07513451867085,-13.487973199537214],[-73.07512727949921,-13.488876923377505],[-73.07420380489906,-13.488869837078978]]]}},{"type":"Feature","properties":{"Cell_ID":665,"Area_ha":1.0,"LC":"5:0.359438,9:0.175363,14:0.465199","XMIN":708354.86160847,"YMIN":8507883.59738907,"XMAX":708454.86160847,"YMAX":8507983.59738907},"geometry":{"type":"Polygon","coordinates":[[[-73.07419656172887,-13.4897735603584],[-73.07420380489906,-13.488869837078978],[-73.07512727949921,-13.488876923377505],[-73.0751200397971,-13.489780647149024],[-73.07419656172887,-13.4897735603584]]]}},{"type":"Feature","properties":{"Cell_ID":666,"Area_ha":1.0,"LC":"5:0.200562,9:0.234590,14:0.564847","XMIN":708354.86160847,"YMIN":8507783.59738907,"XMAX":708454.86160847,"YMAX":8507883.59738907},"geometry":{"type":"Polygon","coordinates":[[[-73.07418931802795,-13.490677283569042],[-73.07419656172887,-13.4897735603584],[-73.0751200397971,-13.489780647149024],[-73.07511279956452,-13.490684370851765],[-73.07418931802795,-13.490677283569042]]]}},{"type":"Feature","properties":{"Cell_ID":667,"Area_ha":1.0,"LC":"5:0.476458,9:0.482488,14:0.041054","XMIN":708354.86160847,"YMIN":8507683.59738907,"XMAX":708454.86160847,"YMAX":8507783.59738907},"geometry":{"type":"Polygon","coordinates":[[[-73.0741820737963,-13.491581006710904],[-73.07418931802795,-13.490677283569042],[-73.07511279956452,-13.490684370851765],[-73.07510555880145,-13.49158809448573],[-73.0741820737963,-13.491581006710904]]]}},{"type":"Feature","properties":{"Cell_ID":668,"Area_ha":1.0,"LC":"5:0.876122,9:0.082431,14:0.041447","XMIN":708354.86160847,"YMIN":8507583.59738907,"XMAX":708454.86160847,"YMAX":8507683.59738907},"geometry":{"type":"Polygon","coordinates":[[[-73.07417482903388,-13.492484729783977],[-73.0741820737963,-13.491581006710904],[-73.07510555880145,-13.49158809448573],[-73.07509831750788,-13.492491818050908],[-73.07417482903388,-13.492484729783977]]]}},{"type":"Feature","properties":{"Cell_ID":669,"Area_ha":1.0,"LC":"5:0.296966,9:0.702543,14:0.000492","XMIN":708354.86160847,"YMIN":8507483.59738907,"XMAX":708454.86160847,"YMAX":8507583.59738907},"geometry":{"type":"Polygon","coordinates":[[[-73.07416758374072,-13.493388452788258],[-73.07417482903388,-13.492484729783977],[-73.07509831750788,-13.492491818050908],[-73.07509107568382,-13.493395541547297],[-73.07416758374072,-13.493388452788258]]]}},{"type":"Feature","properties":{"Cell_ID":670,"Area_ha":1.0,"LC":"5:0.195153,9:0.804847","XMIN":708354.86160847,"YMIN":8507383.59738907,"XMAX":708454.86160847,"YMAX":8507483.59738907},"geometry":{"type":"Polygon","coordinates":[[[-73.0741603379168,-13.494292175723741],[-73.07416758374072,-13.493388452788258],[-73.07509107568382,-13.493395541547297],[-73.07508383332924,-13.494299264974897],[-73.0741603379168,-13.494292175723741]]]}},{"type":"Feature","properties":{"Cell_ID":671,"Area_ha":1.0,"LC":"5:0.019790,9:0.980210","XMIN":708354.86160847,"YMIN":8507283.59738907,"XMAX":708454.86160847,"YMAX":8507383.59738907},"geometry":{"type":"Polygon","coordinates":[[[-73.0741530915621,-13.49519589859043],[-73.0741603379168,-13.494292175723741],[-73.07508383332924,-13.494299264974897],[-73.07507659044413,-13.4952029883337],[-73.0741530915621,-13.49519589859043]]]}},{"type":"Feature","properties":{"Cell_ID":672,"Area_ha":1.0,"LC":"9:0.860844,13:0.021166,14:0.117990","XMIN":708354.86160847,"YMIN":8507183.59738907,"XMAX":708454.86160847,"YMAX":8507283.59738907},"geometry":{"type":"Polygon","coordinates":[[[-73.0741458446766,-13.49609962138831],[-73.0741530915621,-13.49519589859043],[-73.07507659044413,-13.4952029883337],[-73.0750693470285,-13.4961067116237],[-73.0741458446766,-13.49609962138831]]]}},{"type":"Feature","properties":{"Cell_ID":673,"Area_ha":1.0,"LC":"9:0.260281,13:0.444285,14:0.295434","XMIN":708354.86160847,"YMIN":8507083.59738907,"XMAX":708454.86160847,"YMAX":8507183.59738907},"geometry":{"type":"Polygon","coordinates":[[[-73.0741385972603,-13.497003344117381],[-73.0741458446766,-13.49609962138831],[-73.0750693470285,-13.4961067116237],[-73.07506210308233,-13.497010434844897],[-73.0741385972603,-13.497003344117381]]]}},{"type":"Feature","properties":{"Cell_ID":674,"Area_ha":1.0,"LC":"9:0.476936,13:0.503274,14:0.019790","XMIN":708354.86160847,"YMIN":8506983.59738907,"XMAX":708454.86160847,"YMAX":8507083.59738907},"geometry":{"type":"Polygon","coordinates":[[[-73.07413134931322,-13.497907066777637],[-73.0741385972603,-13.497003344117381],[-73.07506210308233,-13.497010434844897],[-73.07505485860558,-13.49791415799728],[-73.07413134931322,-13.497907066777637]]]}},{"type":"Feature","properties":{"Cell_ID":675,"Area_ha":1.0,"LC":"9:0.818834,13:0.181166","XMIN":708354.86160847,"YMIN":8506883.59738907,"XMAX":708454.86160847,"YMAX":8506983.59738907},"geometry":{"type":"Polygon","coordinates":[[[-73.0741241008353,-13.49881078936908],[-73.07413134931322,-13.497907066777637],[-73.07505485860558,-13.49791415799728],[-73.0750476135983,-13.498817881080852],[-73.0741241008353,-13.49881078936908]]]}},{"type":"Feature","properties":{"Cell_ID":676,"Area_ha":1.0,"LC":"9:0.081111,13:0.918889","XMIN":708354.86160847,"YMIN":8506783.59738907,"XMAX":708454.86160847,"YMAX":8506883.59738907},"geometry":{"type":"Polygon","coordinates":[[[-73.07411685182657,-13.499714511891696],[-73.0741241008353,-13.49881078936908],[-73.0750476135983,-13.498817881080852],[-73.07504036806044,-13.499721604095603],[-73.07411685182657,-13.499714511891696]]]}},{"type":"Feature","properties":{"Cell_ID":677,"Area_ha":1.0,"LC":"9:0.699648,13:0.300352","XMIN":708354.86160847,"YMIN":8506683.59738907,"XMAX":708454.86160847,"YMAX":8506783.59738907},"geometry":{"type":"Polygon","coordinates":[[[-73.07410960228701,-13.50061823434549],[-73.07411685182657,-13.499714511891696],[-73.07504036806044,-13.499721604095603],[-73.075033121992,-13.500625327041536],[-73.07410960228701,-13.50061823434549]]]}},{"type":"Feature","properties":{"Cell_ID":678,"Area_ha":1.0,"LC":"5:0.456655,9:0.179874,13:0.363471","XMIN":708354.86160847,"YMIN":8506583.59738907,"XMAX":708454.86160847,"YMAX":8506683.59738907},"geometry":{"type":"Polygon","coordinates":[[[-73.0741023522166,-13.50152195673045],[-73.07410960228701,-13.50061823434549],[-73.075033121992,-13.500625327041536],[-73.07502587539298,-13.501529049918638],[-73.0741023522166,-13.50152195673045]]]}},{"type":"Feature","properties":{"Cell_ID":679,"Area_ha":1.0,"LC":"5:0.101406,9:0.041939,13:0.856655","XMIN":708354.86160847,"YMIN":8506483.59738907,"XMAX":708454.86160847,"YMAX":8506583.59738907},"geometry":{"type":"Polygon","coordinates":[[[-73.07409510161533,-13.502425679046578],[-73.0741023522166,-13.50152195673045],[-73.07502587539298,-13.501529049918638],[-73.07501862826335,-13.502432772726912],[-73.07409510161533,-13.502425679046578]]]}},{"type":"Feature","properties":{"Cell_ID":680,"Area_ha":1.0,"LC":"9:0.000969,13:0.600969,16:0.398061","XMIN":708354.86160847,"YMIN":8506383.59738907,"XMAX":708454.86160847,"YMAX":8506483.59738907},"geometry":{"type":"Polygon","coordinates":[[[-73.07408785048321,-13.503329401293866],[-73.07409510161533,-13.502425679046578],[-73.07501862826335,-13.502432772726912],[-73.07501138060312,-13.503336495466352],[-73.07408785048321,-13.503329401293866]]]}},{"type":"Feature","properties":{"Cell_ID":681,"Area_ha":1.0,"LC":"9:0.817624,13:0.182376","XMIN":708354.86160847,"YMIN":8506283.59738907,"XMAX":708454.86160847,"YMAX":8506383.59738907},"geometry":{"type":"Polygon","coordinates":[[[-73.07408059882022,-13.504233123472309],[-73.07408785048321,-13.503329401293866],[-73.07501138060312,-13.503336495466352],[-73.07500413241226,-13.504240218136944],[-73.07408059882022,-13.504233123472309]]]}},{"type":"Feature","properties":{"Cell_ID":682,"Area_ha":1.0,"LC":"5:0.674519,9:0.325481","XMIN":708354.86160847,"YMIN":8506083.59738907,"XMAX":708454.86160847,"YMAX":8506183.59738907},"geometry":{"type":"Polygon","coordinates":[[[-73.07406609390156,-13.50604056762265],[-73.07407334662634,-13.505136845581905],[-73.07499688369077,-13.505143940738698],[-73.07498963443867,-13.506047663271602],[-73.07406609390156,-13.50604056762265]]]}},{"type":"Feature","properties":{"Cell_ID":683,"Area_ha":1.0,"LC":"5:0.340830,9:0.503048,14:0.156122","XMIN":708354.86160847,"YMIN":8505983.59738907,"XMAX":708454.86160847,"YMAX":8506083.59738907},"geometry":{"type":"Polygon","coordinates":[[[-73.07405884064589,-13.506944289594538],[-73.07406609390156,-13.50604056762265],[-73.07498963443867,-13.506047663271602],[-73.0749823846559,-13.506951385735654],[-73.07405884064589,-13.506944289594538]]]}},{"type":"Feature","properties":{"Cell_ID":684,"Area_ha":1.0,"LC":"5:0.362431,9:0.501237,14:0.136332","XMIN":708354.86160847,"YMIN":8505883.59738907,"XMAX":708454.86160847,"YMAX":8505983.59738907},"geometry":{"type":"Polygon","coordinates":[[[-73.07405158685931,-13.507848011497563],[-73.07405884064589,-13.506944289594538],[-73.0749823846559,-13.506951385735654],[-73.07497513434248,-13.507855108130848],[-73.07405158685931,-13.507848011497563]]]}},{"type":"Feature","properties":{"Cell_ID":685,"Area_ha":1.0,"LC":"5:0.020281,6:0.038960,9:0.920969,14:0.019790","XMIN":708354.86160847,"YMIN":8505783.59738907,"XMAX":708454.86160847,"YMAX":8505883.59738907},"geometry":{"type":"Polygon","coordinates":[[[-73.0740443325418,-13.508751733331728],[-73.07405158685931,-13.507848011497563],[-73.07497513434248,-13.507855108130848],[-73.07496788349839,-13.50875883045718],[-73.0740443325418,-13.508751733331728]]]}},{"type":"Feature","properties":{"Cell_ID":686,"Area_ha":1.0,"LC":"6:0.436600,9:0.385691,16:0.177709","XMIN":708354.86160847,"YMIN":8505683.59738907,"XMAX":708454.86160847,"YMAX":8505783.59738907},"geometry":{"type":"Polygon","coordinates":[[[-73.07403707769338,-13.50965545509702],[-73.0740443325418,-13.508751733331728],[-73.07496788349839,-13.50875883045718],[-73.07496063212363,-13.509662552714643],[-73.07403707769338,-13.50965545509702]]]}},{"type":"Feature","properties":{"Cell_ID":687,"Area_ha":1.0,"LC":"16:0.959929,17:0.040071","XMIN":708354.86160847,"YMIN":8505083.59738907,"XMAX":708454.86160847,"YMAX":8505183.59738907},"geometry":{"type":"Polygon","coordinates":[[[-73.07399353745275,-13.515077784242278],[-73.07400079548695,-13.514174062890293],[-73.07492436728936,-13.514181162968843],[-73.07491711273035,-13.515084884813021],[-73.07399353745275,-13.515077784242278]]]}},{"type":"Feature","properties":{"Cell_ID":688,"Area_ha":1.0,"LC":"5:0.160969,9:0.598061,13:0.240969","XMIN":708454.86160847,"YMIN":8508983.59738907,"XMAX":708554.86160847,"YMAX":8509083.59738907},"geometry":{"type":"Polygon","coordinates":[[[-73.0733527680102,-13.479825515733468],[-73.07336000880827,-13.478921792190054],[-73.07428344474572,-13.47892887646716],[-73.07427620741292,-13.479832600502865],[-73.0733527680102,-13.479825515733468]]]}},{"type":"Feature","properties":{"Cell_ID":689,"Area_ha":1.0,"LC":"9:1.000000","XMIN":708454.86160847,"YMIN":8508883.59738907,"XMAX":708554.86160847,"YMAX":8508983.59738907},"geometry":{"type":"Polygon","coordinates":[[[-73.07334552668125,-13.480729239208143],[-73.0733527680102,-13.479825515733468],[-73.07427620741292,-13.479832600502865],[-73.07426896954951,-13.480736324469838],[-73.07334552668125,-13.480729239208143]]]}},{"type":"Feature","properties":{"Cell_ID":690,"Area_ha":1.0,"LC":"9:1.000000","XMIN":708454.86160847,"YMIN":8508783.59738907,"XMAX":708554.86160847,"YMAX":8508883.59738907},"geometry":{"type":"Polygon","coordinates":[[[-73.0733382848214,-13.48163296261408],[-73.07334552668125,-13.480729239208143],[-73.07426896954951,-13.480736324469838],[-73.07426173115545,-13.481640048368076],[-73.0733382848214,-13.48163296261408]]]}},{"type":"Feature","properties":{"Cell_ID":691,"Area_ha":1.0,"LC":"9:0.717176,13:0.282824","XMIN":708454.86160847,"YMIN":8508683.59738907,"XMAX":708554.86160847,"YMAX":8508783.59738907},"geometry":{"type":"Polygon","coordinates":[[[-73.07333104243067,-13.482536685951278],[-73.0733382848214,-13.48163296261408],[-73.07426173115545,-13.481640048368076],[-73.07425449223075,-13.482543772197571],[-73.07333104243067,-13.482536685951278]]]}},{"type":"Feature","properties":{"Cell_ID":692,"Area_ha":1.0,"LC":"5:0.019241,9:0.739298,13:0.241461","XMIN":708454.86160847,"YMIN":8508583.59738907,"XMAX":708554.86160847,"YMAX":8508683.59738907},"geometry":{"type":"Polygon","coordinates":[[[-73.07332379950904,-13.483440409219725],[-73.07333104243067,-13.482536685951278],[-73.07425449223075,-13.482543772197571],[-73.0742472527754,-13.483447495958327],[-73.07332379950904,-13.483440409219725]]]}},{"type":"Feature","properties":{"Cell_ID":693,"Area_ha":1.0,"LC":"5:0.019790,9:0.081054,13:0.899156","XMIN":708454.86160847,"YMIN":8508483.59738907,"XMAX":708554.86160847,"YMAX":8508583.59738907},"geometry":{"type":"Polygon","coordinates":[[[-73.07331655605648,-13.484344132419418],[-73.07332379950904,-13.483440409219725],[-73.0742472527754,-13.483447495958327],[-73.07424001278939,-13.484351219650334],[-73.07331655605648,-13.484344132419418]]]}},{"type":"Feature","properties":{"Cell_ID":694,"Area_ha":1.0,"LC":"9:0.201854,13:0.798146","XMIN":708454.86160847,"YMIN":8508383.59738907,"XMAX":708554.86160847,"YMAX":8508483.59738907},"geometry":{"type":"Polygon","coordinates":[[[-73.073309312073,-13.485247855550357],[-73.07331655605648,-13.484344132419418],[-73.07424001278939,-13.484351219650334],[-73.0742327722727,-13.485254943273581],[-73.073309312073,-13.485247855550357]]]}},{"type":"Feature","properties":{"Cell_ID":695,"Area_ha":1.0,"LC":"9:0.681939,13:0.279101,14:0.038960","XMIN":708454.86160847,"YMIN":8508283.59738907,"XMAX":708554.86160847,"YMAX":8508383.59738907},"geometry":{"type":"Polygon","coordinates":[[[-73.07330206755859,-13.486151578612535],[-73.073309312073,-13.485247855550357],[-73.0742327722727,-13.485254943273581],[-73.07422553122534,-13.486158666828079],[-73.07330206755859,-13.486151578612535]]]}},{"type":"Feature","properties":{"Cell_ID":696,"Area_ha":1.0,"LC":"9:0.239593,13:0.340281,14:0.420126","XMIN":708454.86160847,"YMIN":8508183.59738907,"XMAX":708554.86160847,"YMAX":8508283.59738907},"geometry":{"type":"Polygon","coordinates":[[[-73.07329482251322,-13.487055301605947],[-73.07330206755859,-13.486151578612535],[-73.07422553122534,-13.486158666828079],[-73.07421828964728,-13.487062390313811],[-73.07329482251322,-13.487055301605947]]]}},{"type":"Feature","properties":{"Cell_ID":697,"Area_ha":1.0,"LC":"5:0.019719,9:0.402767,14:0.577515","XMIN":708454.86160847,"YMIN":8508083.59738907,"XMAX":708554.86160847,"YMAX":8508183.59738907},"geometry":{"type":"Polygon","coordinates":[[[-73.07328757693689,-13.487959024530591],[-73.07329482251322,-13.487055301605947],[-73.07421828964728,-13.487062390313811],[-73.07421104753853,-13.487966113730778],[-73.07328757693689,-13.487959024530591]]]}},{"type":"Feature","properties":{"Cell_ID":698,"Area_ha":1.0,"LC":"5:0.280000,9:0.359664,14:0.360336","XMIN":708454.86160847,"YMIN":8507983.59738907,"XMAX":708554.86160847,"YMAX":8508083.59738907},"geometry":{"type":"Polygon","coordinates":[[[-73.0732803308296,-13.48886274738646],[-73.07328757693689,-13.487959024530591],[-73.07421104753853,-13.487966113730778],[-73.07420380489906,-13.488869837078978],[-73.0732803308296,-13.48886274738646]]]}},{"type":"Feature","properties":{"Cell_ID":699,"Area_ha":1.0,"LC":"5:0.240000,14:0.760000","XMIN":708454.86160847,"YMIN":8507883.59738907,"XMAX":708554.86160847,"YMAX":8507983.59738907},"geometry":{"type":"Polygon","coordinates":[[[-73.07327308419136,-13.489766470173551],[-73.0732803308296,-13.48886274738646],[-73.07420380489906,-13.488869837078978],[-73.07419656172887,-13.4897735603584],[-73.07327308419136,-13.489766470173551]]]}},{"type":"Feature","properties":{"Cell_ID":700,"Area_ha":1.0,"LC":"5:0.080478,9:0.462065,14:0.457457","XMIN":708454.86160847,"YMIN":8507783.59738907,"XMAX":708554.86160847,"YMAX":8507883.59738907},"geometry":{"type":"Polygon","coordinates":[[[-73.07326583702212,-13.49067019289186],[-73.07327308419136,-13.489766470173551],[-73.07419656172887,-13.4897735603584],[-73.07418931802795,-13.490677283569042],[-73.07326583702212,-13.49067019289186]]]}},{"type":"Feature","properties":{"Cell_ID":701,"Area_ha":1.0,"LC":"5:0.304566,9:0.675644,14:0.019790","XMIN":708454.86160847,"YMIN":8507683.59738907,"XMAX":708554.86160847,"YMAX":8507783.59738907},"geometry":{"type":"Polygon","coordinates":[[[-73.07325858932188,-13.491573915541382],[-73.07326583702212,-13.49067019289186],[-73.07418931802795,-13.490677283569042],[-73.0741820737963,-13.491581006710904],[-73.07325858932188,-13.491573915541382]]]}},{"type":"Feature","properties":{"Cell_ID":702,"Area_ha":1.0,"LC":"5:0.402993,9:0.338413,14:0.258594","XMIN":708454.86160847,"YMIN":8507583.59738907,"XMAX":708554.86160847,"YMAX":8507683.59738907},"geometry":{"type":"Polygon","coordinates":[[[-73.07325134109065,-13.492477638122116],[-73.07325858932188,-13.491573915541382],[-73.0741820737963,-13.491581006710904],[-73.07417482903388,-13.492484729783977],[-73.07325134109065,-13.492477638122116]]]}},{"type":"Feature","properties":{"Cell_ID":703,"Area_ha":1.0,"LC":"5:0.079031,9:0.539156,14:0.381813","XMIN":708454.86160847,"YMIN":8507483.59738907,"XMAX":708554.86160847,"YMAX":8507583.59738907},"geometry":{"type":"Polygon","coordinates":[[[-73.0732440923284,-13.493381360634048],[-73.07325134109065,-13.492477638122116],[-73.07417482903388,-13.492484729783977],[-73.07416758374072,-13.493388452788258],[-73.0732440923284,-13.493381360634048]]]}},{"type":"Feature","properties":{"Cell_ID":704,"Area_ha":1.0,"LC":"9:0.919438,14:0.080562","XMIN":708454.86160847,"YMIN":8507383.59738907,"XMAX":708554.86160847,"YMAX":8507483.59738907},"geometry":{"type":"Polygon","coordinates":[[[-73.07323684303513,-13.494285083077186],[-73.0732440923284,-13.493381360634048],[-73.07416758374072,-13.493388452788258],[-73.0741603379168,-13.494292175723741],[-73.07323684303513,-13.494285083077186]]]}},{"type":"Feature","properties":{"Cell_ID":705,"Area_ha":1.0,"LC":"9:1.000000","XMIN":708454.86160847,"YMIN":8507283.59738907,"XMAX":708554.86160847,"YMAX":8507383.59738907},"geometry":{"type":"Polygon","coordinates":[[[-73.07322959321083,-13.49518880545152],[-73.07323684303513,-13.494285083077186],[-73.0741603379168,-13.494292175723741],[-73.0741530915621,-13.49519589859043],[-73.07322959321083,-13.49518880545152]]]}},{"type":"Feature","properties":{"Cell_ID":706,"Area_ha":1.0,"LC":"9:0.701406,13:0.298594","XMIN":708454.86160847,"YMIN":8507183.59738907,"XMAX":708554.86160847,"YMAX":8507283.59738907},"geometry":{"type":"Polygon","coordinates":[[[-73.07322234285549,-13.496092527757044],[-73.07322959321083,-13.49518880545152],[-73.0741530915621,-13.49519589859043],[-73.0741458446766,-13.49609962138831],[-73.07322234285549,-13.496092527757044]]]}},{"type":"Feature","properties":{"Cell_ID":707,"Area_ha":1.0,"LC":"9:0.021166,13:0.978834","XMIN":708454.86160847,"YMIN":8507083.59738907,"XMAX":708554.86160847,"YMAX":8507183.59738907},"geometry":{"type":"Polygon","coordinates":[[[-73.0732150919691,-13.496996249993755],[-73.07322234285549,-13.496092527757044],[-73.0741458446766,-13.49609962138831],[-73.0741385972603,-13.497003344117381],[-73.0732150919691,-13.496996249993755]]]}},{"type":"Feature","properties":{"Cell_ID":708,"Area_ha":1.0,"LC":"9:0.599451,13:0.278694,16:0.120885,18:0.000969","XMIN":708454.86160847,"YMIN":8506983.59738907,"XMAX":708554.86160847,"YMAX":8507083.59738907},"geometry":{"type":"Polygon","coordinates":[[[-73.07320784055166,-13.49789997216165],[-73.0732150919691,-13.496996249993755],[-73.0741385972603,-13.497003344117381],[-73.07413134931322,-13.497907066777637],[-73.07320784055166,-13.49789997216165]]]}},{"type":"Feature","properties":{"Cell_ID":709,"Area_ha":1.0,"LC":"9:0.497444,13:0.339563,16:0.162993","XMIN":708454.86160847,"YMIN":8506883.59738907,"XMAX":708554.86160847,"YMAX":8506983.59738907},"geometry":{"type":"Polygon","coordinates":[[[-73.07320058860313,-13.49880369426072],[-73.07320784055166,-13.49789997216165],[-73.07413134931322,-13.497907066777637],[-73.0741241008353,-13.49881078936908],[-73.07320058860313,-13.49880369426072]]]}},{"type":"Feature","properties":{"Cell_ID":710,"Area_ha":1.0,"LC":"9:0.042346,13:0.957654","XMIN":708454.86160847,"YMIN":8506783.59738907,"XMAX":708554.86160847,"YMAX":8506883.59738907},"geometry":{"type":"Polygon","coordinates":[[[-73.07319333612354,-13.49970741629097],[-73.07320058860313,-13.49880369426072],[-73.0741241008353,-13.49881078936908],[-73.07411685182657,-13.499714511891696],[-73.07319333612354,-13.49970741629097]]]}},{"type":"Feature","properties":{"Cell_ID":711,"Area_ha":1.0,"LC":"9:0.939156,13:0.060844","XMIN":708454.86160847,"YMIN":8506683.59738907,"XMAX":708554.86160847,"YMAX":8506783.59738907},"geometry":{"type":"Polygon","coordinates":[[[-73.07318608311286,-13.50061113825239],[-73.07319333612354,-13.49970741629097],[-73.07411685182657,-13.499714511891696],[-73.07410960228701,-13.50061823434549],[-73.07318608311286,-13.50061113825239]]]}},{"type":"Feature","properties":{"Cell_ID":712,"Area_ha":1.0,"LC":"5:0.258594,9:0.303345,13:0.438061","XMIN":708454.86160847,"YMIN":8506583.59738907,"XMAX":708554.86160847,"YMAX":8506683.59738907},"geometry":{"type":"Polygon","coordinates":[[[-73.07317882957106,-13.50151486014497],[-73.07318608311286,-13.50061113825239],[-73.07410960228701,-13.50061823434549],[-73.0741023522166,-13.50152195673045],[-73.07317882957106,-13.50151486014497]]]}},{"type":"Feature","properties":{"Cell_ID":713,"Area_ha":1.0,"LC":"5:0.101406,9:0.781573,13:0.117021","XMIN":708454.86160847,"YMIN":8506483.59738907,"XMAX":708554.86160847,"YMAX":8506583.59738907},"geometry":{"type":"Polygon","coordinates":[[[-73.07317157549818,-13.502418581968717],[-73.07317882957106,-13.50151486014497],[-73.0741023522166,-13.50152195673045],[-73.07409510161533,-13.502425679046578],[-73.07317157549818,-13.502418581968717]]]}},{"type":"Feature","properties":{"Cell_ID":714,"Area_ha":1.0,"LC":"5:0.320407,9:0.320647,13:0.358946","XMIN":708554.86160847,"YMIN":8508983.59738907,"XMAX":708654.86160847,"YMAX":8509083.59738907},"geometry":{"type":"Polygon","coordinates":[[[-73.07242932913834,-13.479818427572447],[-73.07243657340169,-13.478914704521559],[-73.07336000880827,-13.478921792190054],[-73.0733527680102,-13.479825515733468],[-73.07242932913834,-13.479818427572447]]]}},{"type":"Feature","properties":{"Cell_ID":715,"Area_ha":1.0,"LC":"5:0.363471,9:0.554506,13:0.082023","XMIN":708554.86160847,"YMIN":8508883.59738907,"XMAX":708654.86160847,"YMAX":8508983.59738907},"geometry":{"type":"Polygon","coordinates":[[[-73.07242208434388,-13.480722150554591],[-73.07242932913834,-13.479818427572447],[-73.0733527680102,-13.479825515733468],[-73.07334552668125,-13.480729239208143],[-73.07242208434388,-13.480722150554591]]]}},{"type":"Feature","properties":{"Cell_ID":716,"Area_ha":1.0,"LC":"9:1.000000","XMIN":708554.86160847,"YMIN":8508783.59738907,"XMAX":708654.86160847,"YMAX":8508883.59738907},"geometry":{"type":"Polygon","coordinates":[[[-73.07241483901828,-13.481625873467994],[-73.07242208434388,-13.480722150554591],[-73.07334552668125,-13.480729239208143],[-73.0733382848214,-13.48163296261408],[-73.07241483901828,-13.481625873467994]]]}},{"type":"Feature","properties":{"Cell_ID":717,"Area_ha":1.0,"LC":"9:0.683949,13:0.316051","XMIN":708554.86160847,"YMIN":8508683.59738907,"XMAX":708654.86160847,"YMAX":8508783.59738907},"geometry":{"type":"Polygon","coordinates":[[[-73.07240759316151,-13.48252959631265],[-73.07241483901828,-13.481625873467994],[-73.0733382848214,-13.48163296261408],[-73.07333104243067,-13.482536685951278],[-73.07240759316151,-13.48252959631265]]]}},{"type":"Feature","properties":{"Cell_ID":718,"Area_ha":1.0,"LC":"9:0.880899,13:0.119101","XMIN":708554.86160847,"YMIN":8508583.59738907,"XMAX":708654.86160847,"YMAX":8508683.59738907},"geometry":{"type":"Polygon","coordinates":[[[-73.07240034677359,-13.483433319088556],[-73.07240759316151,-13.48252959631265],[-73.07333104243067,-13.482536685951278],[-73.07332379950904,-13.483440409219725],[-73.07240034677359,-13.483433319088556]]]}},{"type":"Feature","properties":{"Cell_ID":719,"Area_ha":1.0,"LC":"9:0.863668,13:0.136332","XMIN":708554.86160847,"YMIN":8508483.59738907,"XMAX":708654.86160847,"YMAX":8508583.59738907},"geometry":{"type":"Polygon","coordinates":[[[-73.0723930998545,-13.484337041795706],[-73.07240034677359,-13.483433319088556],[-73.07332379950904,-13.483440409219725],[-73.07331655605648,-13.484344132419418],[-73.0723930998545,-13.484337041795706]]]}},{"type":"Feature","properties":{"Cell_ID":720,"Area_ha":1.0,"LC":"9:0.521546,13:0.177851,14:0.300604","XMIN":708554.86160847,"YMIN":8508383.59738907,"XMAX":708654.86160847,"YMAX":8508483.59738907},"geometry":{"type":"Polygon","coordinates":[[[-73.07238585240422,-13.485240764434094],[-73.0723930998545,-13.484337041795706],[-73.07331655605648,-13.484344132419418],[-73.073309312073,-13.485247855550357],[-73.07238585240422,-13.485240764434094]]]}},{"type":"Feature","properties":{"Cell_ID":721,"Area_ha":1.0,"LC":"9:0.896726,14:0.103274","XMIN":708554.86160847,"YMIN":8508283.59738907,"XMAX":708654.86160847,"YMAX":8508383.59738907},"geometry":{"type":"Polygon","coordinates":[[[-73.07237860442277,-13.486144487003719],[-73.07238585240422,-13.485240764434094],[-73.073309312073,-13.485247855550357],[-73.07330206755859,-13.486151578612535],[-73.07237860442277,-13.486144487003719]]]}},{"type":"Feature","properties":{"Cell_ID":722,"Area_ha":1.0,"LC":"9:0.460366,14:0.539634","XMIN":708554.86160847,"YMIN":8508183.59738907,"XMAX":708654.86160847,"YMAX":8508283.59738907},"geometry":{"type":"Polygon","coordinates":[[[-73.07237135591011,-13.487048209504577],[-73.07237860442277,-13.486144487003719],[-73.07330206755859,-13.486151578612535],[-73.07329482251322,-13.487055301605947],[-73.07237135591011,-13.487048209504577]]]}},{"type":"Feature","properties":{"Cell_ID":723,"Area_ha":1.0,"LC":"9:0.796193,14:0.203807","XMIN":708554.86160847,"YMIN":8508083.59738907,"XMAX":708654.86160847,"YMAX":8508183.59738907},"geometry":{"type":"Polygon","coordinates":[[[-73.07236410686623,-13.48795193193666],[-73.07237135591011,-13.487048209504577],[-73.07329482251322,-13.487055301605947],[-73.07328757693689,-13.487959024530591],[-73.07236410686623,-13.48795193193666]]]}},{"type":"Feature","properties":{"Cell_ID":724,"Area_ha":1.0,"LC":"14:1.000000","XMIN":708554.86160847,"YMIN":8507983.59738907,"XMAX":708654.86160847,"YMAX":8508083.59738907},"geometry":{"type":"Polygon","coordinates":[[[-73.07235685729115,-13.488855654299966],[-73.07236410686623,-13.48795193193666],[-73.07328757693689,-13.487959024530591],[-73.0732803308296,-13.48886274738646],[-73.07235685729115,-13.488855654299966]]]}},{"type":"Feature","properties":{"Cell_ID":725,"Area_ha":1.0,"LC":"5:0.099719,14:0.900281","XMIN":708554.86160847,"YMIN":8507883.59738907,"XMAX":708654.86160847,"YMAX":8507983.59738907},"geometry":{"type":"Polygon","coordinates":[[[-73.07234960718483,-13.489759376594488],[-73.07235685729115,-13.488855654299966],[-73.0732803308296,-13.48886274738646],[-73.07327308419136,-13.489766470173551],[-73.07234960718483,-13.489759376594488]]]}},{"type":"Feature","properties":{"Cell_ID":726,"Area_ha":1.0,"LC":"5:0.520336,9:0.117092,14:0.362572","XMIN":708554.86160847,"YMIN":8507783.59738907,"XMAX":708654.86160847,"YMAX":8507883.59738907},"geometry":{"type":"Polygon","coordinates":[[[-73.07234235654727,-13.490663098820226],[-73.07234960718483,-13.489759376594488],[-73.07327308419136,-13.489766470173551],[-73.07326583702212,-13.49067019289186],[-73.07234235654727,-13.490663098820226]]]}},{"type":"Feature","properties":{"Cell_ID":727,"Area_ha":1.0,"LC":"5:0.997569,14:0.002431","XMIN":708554.86160847,"YMIN":8507683.59738907,"XMAX":708654.86160847,"YMAX":8507783.59738907},"geometry":{"type":"Polygon","coordinates":[[[-73.07233510537847,-13.491566820977173],[-73.07234235654727,-13.490663098820226],[-73.07326583702212,-13.49067019289186],[-73.07325858932188,-13.491573915541382],[-73.07233510537847,-13.491566820977173]]]}},{"type":"Feature","properties":{"Cell_ID":728,"Area_ha":1.0,"LC":"5:0.419467,9:0.502543,14:0.077990","XMIN":708554.86160847,"YMIN":8507583.59738907,"XMAX":708654.86160847,"YMAX":8507683.59738907},"geometry":{"type":"Polygon","coordinates":[[[-73.07232785367842,-13.492470543065329],[-73.07233510537847,-13.491566820977173],[-73.07325858932188,-13.491573915541382],[-73.07325134109065,-13.492477638122116],[-73.07232785367842,-13.492470543065329]]]}},{"type":"Feature","properties":{"Cell_ID":729,"Area_ha":1.0,"LC":"9:0.758960,14:0.241040","XMIN":708554.86160847,"YMIN":8507483.59738907,"XMAX":708654.86160847,"YMAX":8507583.59738907},"geometry":{"type":"Polygon","coordinates":[[[-73.07232060144709,-13.493374265084682],[-73.07232785367842,-13.492470543065329],[-73.07325134109065,-13.492477638122116],[-73.0732440923284,-13.493381360634048],[-73.07232060144709,-13.493374265084682]]]}},{"type":"Feature","properties":{"Cell_ID":730,"Area_ha":1.0,"LC":"9:1.000000","XMIN":708554.86160847,"YMIN":8507383.59738907,"XMAX":708654.86160847,"YMAX":8507483.59738907},"geometry":{"type":"Polygon","coordinates":[[[-73.0723133486845,-13.494277987035236],[-73.07232060144709,-13.493374265084682],[-73.0732440923284,-13.493381360634048],[-73.07323684303513,-13.494285083077186],[-73.0723133486845,-13.494277987035236]]]}},{"type":"Feature","properties":{"Cell_ID":731,"Area_ha":1.0,"LC":"9:0.738834,13:0.261166","XMIN":708554.86160847,"YMIN":8507283.59738907,"XMAX":708654.86160847,"YMAX":8507383.59738907},"geometry":{"type":"Polygon","coordinates":[[[-73.0723060953906,-13.49518170891698],[-73.0723133486845,-13.494277987035236],[-73.07323684303513,-13.494285083077186],[-73.07322959321083,-13.49518880545152],[-73.0723060953906,-13.49518170891698]]]}},{"type":"Feature","properties":{"Cell_ID":732,"Area_ha":1.0,"LC":"9:0.800633,13:0.159451,16:0.039915","XMIN":708554.86160847,"YMIN":8507183.59738907,"XMAX":708654.86160847,"YMAX":8507283.59738907},"geometry":{"type":"Polygon","coordinates":[[[-73.07229884156543,-13.496085430729913],[-73.0723060953906,-13.49518170891698],[-73.07322959321083,-13.49518880545152],[-73.07322234285549,-13.496092527757044],[-73.07229884156543,-13.496085430729913]]]}},{"type":"Feature","properties":{"Cell_ID":733,"Area_ha":1.0,"LC":"9:0.537147,13:0.257444,16:0.205410","XMIN":708554.86160847,"YMIN":8507083.59738907,"XMAX":708654.86160847,"YMAX":8507183.59738907},"geometry":{"type":"Polygon","coordinates":[[[-73.07229158720895,-13.496989152474027],[-73.07229884156543,-13.496085430729913],[-73.07322234285549,-13.496092527757044],[-73.0732150919691,-13.496996249993755],[-73.07229158720895,-13.496989152474027]]]}},{"type":"Feature","properties":{"Cell_ID":734,"Area_ha":1.0,"LC":"9:0.258976,16:0.262556,18:0.478468","XMIN":708554.86160847,"YMIN":8506983.59738907,"XMAX":708654.86160847,"YMAX":8507083.59738907},"geometry":{"type":"Polygon","coordinates":[[[-73.07228433232116,-13.497892874149322],[-73.07229158720895,-13.496989152474027],[-73.0732150919691,-13.496996249993755],[-73.07320784055166,-13.49789997216165],[-73.07228433232116,-13.497892874149322]]]}},{"type":"Feature","properties":{"Cell_ID":735,"Area_ha":1.0,"LC":"13:0.498594,16:0.420844,18:0.080562","XMIN":708554.86160847,"YMIN":8506883.59738907,"XMAX":708654.86160847,"YMAX":8506983.59738907},"geometry":{"type":"Polygon","coordinates":[[[-73.07227707690204,-13.498796595755795],[-73.07228433232116,-13.497892874149322],[-73.07320784055166,-13.49789997216165],[-73.07320058860313,-13.49880369426072],[-73.07227707690204,-13.498796595755795]]]}},{"type":"Feature","properties":{"Cell_ID":736,"Area_ha":1.0,"LC":"9:0.455685,13:0.544315","XMIN":708554.86160847,"YMIN":8506783.59738907,"XMAX":708654.86160847,"YMAX":8506883.59738907},"geometry":{"type":"Polygon","coordinates":[[[-73.07226982095158,-13.499700317293437],[-73.07227707690204,-13.498796595755795],[-73.07320058860313,-13.49880369426072],[-73.07319333612354,-13.49970741629097],[-73.07226982095158,-13.499700317293437]]]}},{"type":"Feature","properties":{"Cell_ID":737,"Area_ha":1.0,"LC":"9:1.000000","XMIN":708554.86160847,"YMIN":8506683.59738907,"XMAX":708654.86160847,"YMAX":8506783.59738907},"geometry":{"type":"Polygon","coordinates":[[[-73.0722625644698,-13.500604038762246],[-73.07226982095158,-13.499700317293437],[-73.07319333612354,-13.49970741629097],[-73.07318608311286,-13.50061113825239],[-73.0722625644698,-13.500604038762246]]]}},{"type":"Feature","properties":{"Cell_ID":738,"Area_ha":1.0,"LC":"5:0.177709,9:0.541322,13:0.280969","XMIN":708554.86160847,"YMIN":8506583.59738907,"XMAX":708654.86160847,"YMAX":8506683.59738907},"geometry":{"type":"Polygon","coordinates":[[[-73.07225530745664,-13.501507760162216],[-73.0722625644698,-13.500604038762246],[-73.07318608311286,-13.50061113825239],[-73.07317882957106,-13.50151486014497],[-73.07225530745664,-13.501507760162216]]]}},{"type":"Feature","properties":{"Cell_ID":739,"Area_ha":1.0,"LC":"5:0.100352,9:0.899648","XMIN":708554.86160847,"YMIN":8506483.59738907,"XMAX":708654.86160847,"YMAX":8506583.59738907},"geometry":{"type":"Polygon","coordinates":[[[-73.07224804991215,-13.502411481493347],[-73.07225530745664,-13.501507760162216],[-73.07317882957106,-13.50151486014497],[-73.07317157549818,-13.502418581968717],[-73.07224804991215,-13.502411481493347]]]}},{"type":"Feature","properties":{"Cell_ID":740,"Area_ha":1.0,"LC":"5:0.158061,9:0.543345,13:0.298594","XMIN":708654.86160847,"YMIN":8508983.59738907,"XMAX":708754.86160847,"YMAX":8509083.59738907},"geometry":{"type":"Polygon","coordinates":[[[-73.07150589079765,-13.479811336019809],[-73.07151313852623,-13.478907613461686],[-73.07243657340169,-13.478914704521559],[-73.07242932913834,-13.479818427572447],[-73.07150589079765,-13.479811336019809]]]}},{"type":"Feature","properties":{"Cell_ID":741,"Area_ha":1.0,"LC":"5:0.277092,9:0.039929,13:0.682979","XMIN":708654.86160847,"YMIN":8508883.59738907,"XMAX":708754.86160847,"YMAX":8508983.59738907},"geometry":{"type":"Polygon","coordinates":[[[-73.07149864253768,-13.480715058509189],[-73.07150589079765,-13.479811336019809],[-73.07242932913834,-13.479818427572447],[-73.07242208434388,-13.480722150554591],[-73.07149864253768,-13.480715058509189]]]}},{"type":"Feature","properties":{"Cell_ID":742,"Area_ha":1.0,"LC":"9:0.635153,13:0.364847","XMIN":708654.86160847,"YMIN":8508783.59738907,"XMAX":708754.86160847,"YMAX":8508883.59738907},"geometry":{"type":"Polygon","coordinates":[[[-73.0714913937463,-13.48161878092982],[-73.07149864253768,-13.480715058509189],[-73.07242208434388,-13.480722150554591],[-73.07241483901828,-13.481625873467994],[-73.0714913937463,-13.48161878092982]]]}},{"type":"Feature","properties":{"Cell_ID":743,"Area_ha":1.0,"LC":"9:0.856726,13:0.143274","XMIN":708654.86160847,"YMIN":8508683.59738907,"XMAX":708754.86160847,"YMAX":8508783.59738907},"geometry":{"type":"Polygon","coordinates":[[[-73.07148414442352,-13.482522503281702],[-73.0714913937463,-13.48161878092982],[-73.07241483901828,-13.481625873467994],[-73.07240759316151,-13.48252959631265],[-73.07148414442352,-13.482522503281702]]]}},{"type":"Feature","properties":{"Cell_ID":744,"Area_ha":1.0,"LC":"9:0.940844,16:0.059156","XMIN":708654.86160847,"YMIN":8508583.59738907,"XMAX":708754.86160847,"YMAX":8508683.59738907},"geometry":{"type":"Polygon","coordinates":[[[-73.07147689456932,-13.48342622556483],[-73.07148414442352,-13.482522503281702],[-73.07240759316151,-13.48252959631265],[-73.07240034677359,-13.483433319088556],[-73.07147689456932,-13.48342622556483]]]}},{"type":"Feature","properties":{"Cell_ID":745,"Area_ha":1.0,"LC":"9:0.456248,16:0.543752","XMIN":708654.86160847,"YMIN":8508483.59738907,"XMAX":708754.86160847,"YMAX":8508583.59738907},"geometry":{"type":"Polygon","coordinates":[[[-73.0714696441837,-13.484329947779198],[-73.07147689456932,-13.48342622556483],[-73.07240034677359,-13.483433319088556],[-73.0723930998545,-13.484337041795706],[-73.0714696441837,-13.484329947779198]]]}},{"type":"Feature","properties":{"Cell_ID":746,"Area_ha":1.0,"LC":"9:0.762572,14:0.237428","XMIN":708654.86160847,"YMIN":8508383.59738907,"XMAX":708754.86160847,"YMAX":8508483.59738907},"geometry":{"type":"Polygon","coordinates":[[[-73.07146239326664,-13.485233669924803],[-73.0714696441837,-13.484329947779198],[-73.0723930998545,-13.484337041795706],[-73.07238585240422,-13.485240764434094],[-73.07146239326664,-13.485233669924803]]]}},{"type":"Feature","properties":{"Cell_ID":747,"Area_ha":1.0,"LC":"9:0.198075,13:0.059719,14:0.742207","XMIN":708654.86160847,"YMIN":8508283.59738907,"XMAX":708754.86160847,"YMAX":8508383.59738907},"geometry":{"type":"Polygon","coordinates":[[[-73.07145514181815,-13.486137392001636],[-73.07146239326664,-13.485233669924803],[-73.07238585240422,-13.485240764434094],[-73.07237860442277,-13.486144487003719],[-73.07145514181815,-13.486137392001636]]]}},{"type":"Feature","properties":{"Cell_ID":748,"Area_ha":1.0,"LC":"9:0.097851,13:0.341166,14:0.560983","XMIN":708654.86160847,"YMIN":8508183.59738907,"XMAX":708754.86160847,"YMAX":8508283.59738907},"geometry":{"type":"Polygon","coordinates":[[[-73.0714478898382,-13.487041114009704],[-73.07145514181815,-13.486137392001636],[-73.07237860442277,-13.486144487003719],[-73.07237135591011,-13.487048209504577],[-73.0714478898382,-13.487041114009704]]]}},{"type":"Feature","properties":{"Cell_ID":749,"Area_ha":1.0,"LC":"13:0.485410,14:0.514590","XMIN":708654.86160847,"YMIN":8508083.59738907,"XMAX":708754.86160847,"YMAX":8508183.59738907},"geometry":{"type":"Polygon","coordinates":[[[-73.07144063732679,-13.48794483594899],[-73.0714478898382,-13.487041114009704],[-73.07237135591011,-13.487048209504577],[-73.07236410686623,-13.48795193193666],[-73.07144063732679,-13.48794483594899]]]}},{"type":"Feature","properties":{"Cell_ID":750,"Area_ha":1.0,"LC":"13:0.000492,14:0.999508","XMIN":708654.86160847,"YMIN":8507983.59738907,"XMAX":708754.86160847,"YMAX":8508083.59738907},"geometry":{"type":"Polygon","coordinates":[[[-73.0714333842839,-13.4888485578195],[-73.07144063732679,-13.48794483594899],[-73.07236410686623,-13.48795193193666],[-73.07235685729115,-13.488855654299966],[-73.0714333842839,-13.4888485578195]]]}},{"type":"Feature","properties":{"Cell_ID":751,"Area_ha":1.0,"LC":"5:0.039438,14:0.960562","XMIN":708654.86160847,"YMIN":8507883.59738907,"XMAX":708754.86160847,"YMAX":8507983.59738907},"geometry":{"type":"Polygon","coordinates":[[[-73.07142613070954,-13.489752279621218],[-73.0714333842839,-13.4888485578195],[-73.07235685729115,-13.488855654299966],[-73.07234960718483,-13.489759376594488],[-73.07142613070954,-13.489752279621218]]]}},{"type":"Feature","properties":{"Cell_ID":752,"Area_ha":1.0,"LC":"5:0.238623,14:0.761377","XMIN":708654.86160847,"YMIN":8507783.59738907,"XMAX":708754.86160847,"YMAX":8507883.59738907},"geometry":{"type":"Polygon","coordinates":[[[-73.07141887660367,-13.490656001354152],[-73.07142613070954,-13.489752279621218],[-73.07234960718483,-13.489759376594488],[-73.07234235654727,-13.490663098820226],[-73.07141887660367,-13.490656001354152]]]}},{"type":"Feature","properties":{"Cell_ID":753,"Area_ha":1.0,"LC":"5:0.216739,9:0.080885,14:0.702376","XMIN":708654.86160847,"YMIN":8507683.59738907,"XMAX":708754.86160847,"YMAX":8507783.59738907},"geometry":{"type":"Polygon","coordinates":[[[-73.07141162196632,-13.491559723018291],[-73.07141887660367,-13.490656001354152],[-73.07234235654727,-13.490663098820226],[-73.07233510537847,-13.491566820977173],[-73.07141162196632,-13.491559723018291]]]}},{"type":"Feature","properties":{"Cell_ID":754,"Area_ha":1.0,"LC":"5:0.260352,9:0.738201,14:0.001447","XMIN":708654.86160847,"YMIN":8507583.59738907,"XMAX":708754.86160847,"YMAX":8507683.59738907},"geometry":{"type":"Polygon","coordinates":[[[-73.07140436679745,-13.492463444613634],[-73.07141162196632,-13.491559723018291],[-73.07233510537847,-13.491566820977173],[-73.07232785367842,-13.492470543065329],[-73.07140436679745,-13.492463444613634]]]}},{"type":"Feature","properties":{"Cell_ID":755,"Area_ha":1.0,"LC":"9:0.497935,14:0.502065","XMIN":708654.86160847,"YMIN":8507483.59738907,"XMAX":708754.86160847,"YMAX":8507583.59738907},"geometry":{"type":"Polygon","coordinates":[[[-73.07139711109707,-13.493367166140168],[-73.07140436679745,-13.492463444613634],[-73.07232785367842,-13.492470543065329],[-73.07232060144709,-13.493374265084682],[-73.07139711109707,-13.493367166140168]]]}},{"type":"Feature","properties":{"Cell_ID":756,"Area_ha":1.0,"LC":"9:0.515153,14:0.304244,18:0.180604","XMIN":708654.86160847,"YMIN":8507383.59738907,"XMAX":708754.86160847,"YMAX":8507483.59738907},"geometry":{"type":"Polygon","coordinates":[[[-73.07138985486515,-13.4942708875979],[-73.07139711109707,-13.493367166140168],[-73.07232060144709,-13.493374265084682],[-73.0723133486845,-13.494277987035236],[-73.07138985486515,-13.4942708875979]]]}},{"type":"Feature","properties":{"Cell_ID":757,"Area_ha":1.0,"LC":"9:0.378736,13:0.397990,18:0.223274","XMIN":708654.86160847,"YMIN":8507283.59738907,"XMAX":708754.86160847,"YMAX":8507383.59738907},"geometry":{"type":"Polygon","coordinates":[[[-73.07138259810168,-13.495174608986822],[-73.07138985486515,-13.4942708875979],[-73.0723133486845,-13.494277987035236],[-73.0723060953906,-13.49518170891698],[-73.07138259810168,-13.495174608986822]]]}},{"type":"Feature","properties":{"Cell_ID":758,"Area_ha":1.0,"LC":"9:0.582783,13:0.358539,16:0.058678","XMIN":708654.86160847,"YMIN":8507183.59738907,"XMAX":708754.86160847,"YMAX":8507283.59738907},"geometry":{"type":"Polygon","coordinates":[[[-73.07137534080668,-13.496078330306926],[-73.07138259810168,-13.495174608986822],[-73.0723060953906,-13.49518170891698],[-73.07229884156543,-13.496085430729913],[-73.07137534080668,-13.496078330306926]]]}},{"type":"Feature","properties":{"Cell_ID":759,"Area_ha":1.0,"LC":"9:0.004847,13:0.280562,16:0.714590","XMIN":708654.86160847,"YMIN":8507083.59738907,"XMAX":708754.86160847,"YMAX":8507183.59738907},"geometry":{"type":"Polygon","coordinates":[[[-73.07136808298011,-13.496982051558211],[-73.07137534080668,-13.496078330306926],[-73.07229884156543,-13.496085430729913],[-73.07229158720895,-13.496989152474027],[-73.07136808298011,-13.496982051558211]]]}},{"type":"Feature","properties":{"Cell_ID":760,"Area_ha":1.0,"LC":"9:0.000492,16:0.999508","XMIN":708654.86160847,"YMIN":8506983.59738907,"XMAX":708754.86160847,"YMAX":8507083.59738907},"geometry":{"type":"Polygon","coordinates":[[[-73.07136082462199,-13.497885772740673],[-73.07136808298011,-13.496982051558211],[-73.07229158720895,-13.496989152474027],[-73.07228433232116,-13.497892874149322],[-73.07136082462199,-13.497885772740673]]]}},{"type":"Feature","properties":{"Cell_ID":761,"Area_ha":1.0,"LC":"13:0.176739,16:0.823261","XMIN":708654.86160847,"YMIN":8506883.59738907,"XMAX":708754.86160847,"YMAX":8506983.59738907},"geometry":{"type":"Polygon","coordinates":[[[-73.07135356573228,-13.498789493854305],[-73.07136082462199,-13.497885772740673],[-73.07228433232116,-13.497892874149322],[-73.07227707690204,-13.498796595755795],[-73.07135356573228,-13.498789493854305]]]}},{"type":"Feature","properties":{"Cell_ID":762,"Area_ha":1.0,"LC":"9:0.041377,13:0.836600,16:0.122023","XMIN":708654.86160847,"YMIN":8506783.59738907,"XMAX":708754.86160847,"YMAX":8506883.59738907},"geometry":{"type":"Polygon","coordinates":[[[-73.07134630631097,-13.499693214899105],[-73.07135356573228,-13.498789493854305],[-73.07227707690204,-13.498796595755795],[-73.07226982095158,-13.499700317293437],[-73.07134630631097,-13.499693214899105]]]}},{"type":"Feature","properties":{"Cell_ID":763,"Area_ha":1.0,"LC":"9:0.636529,13:0.363471","XMIN":708654.86160847,"YMIN":8506683.59738907,"XMAX":708754.86160847,"YMAX":8506783.59738907},"geometry":{"type":"Polygon","coordinates":[[[-73.07133904635809,-13.500596935875073],[-73.07134630631097,-13.499693214899105],[-73.07226982095158,-13.499700317293437],[-73.0722625644698,-13.500604038762246],[-73.07133904635809,-13.500596935875073]]]}},{"type":"Feature","properties":{"Cell_ID":764,"Area_ha":1.0,"LC":"9:0.842010,13:0.157990","XMIN":708754.86160847,"YMIN":8508983.59738907,"XMAX":708854.86160847,"YMAX":8509083.59738907},"geometry":{"type":"Polygon","coordinates":[[[-73.07058245298832,-13.47980424107557],[-73.07058970418215,-13.478900519010445],[-73.07151313852623,-13.478907613461686],[-73.07150589079765,-13.479811336019809],[-73.07058245298832,-13.47980424107557]]]}},{"type":"Feature","properties":{"Cell_ID":765,"Area_ha":1.0,"LC":"9:0.683878,13:0.316122","XMIN":708754.86160847,"YMIN":8508883.59738907,"XMAX":708854.86160847,"YMAX":8508983.59738907},"geometry":{"type":"Polygon","coordinates":[[[-73.07057520126284,-13.480707963071945],[-73.07058245298832,-13.47980424107557],[-73.07150589079765,-13.479811336019809],[-73.07149864253768,-13.480715058509189],[-73.07057520126284,-13.480707963071945]]]}},{"type":"Feature","properties":{"Cell_ID":766,"Area_ha":1.0,"LC":"9:0.263274,13:0.736726","XMIN":708754.86160847,"YMIN":8508783.59738907,"XMAX":708854.86160847,"YMAX":8508883.59738907},"geometry":{"type":"Polygon","coordinates":[[[-73.0705679490057,-13.481611684999573],[-73.07057520126284,-13.480707963071945],[-73.07149864253768,-13.480715058509189],[-73.0714913937463,-13.48161878092982],[-73.0705679490057,-13.481611684999573]]]}},{"type":"Feature","properties":{"Cell_ID":767,"Area_ha":1.0,"LC":"9:0.240814,13:0.759186","XMIN":708754.86160847,"YMIN":8508683.59738907,"XMAX":708854.86160847,"YMAX":8508783.59738907},"geometry":{"type":"Polygon","coordinates":[[[-73.07056069621693,-13.482515406858443],[-73.0705679490057,-13.481611684999573],[-73.0714913937463,-13.48161878092982],[-73.07148414442352,-13.482522503281702],[-73.07056069621693,-13.482515406858443]]]}},{"type":"Feature","properties":{"Cell_ID":768,"Area_ha":1.0,"LC":"9:0.979719,13:0.020281","XMIN":708754.86160847,"YMIN":8508583.59738907,"XMAX":708854.86160847,"YMAX":8508683.59738907},"geometry":{"type":"Polygon","coordinates":[[[-73.07055344289647,-13.483419128648558],[-73.07056069621693,-13.482515406858443],[-73.07148414442352,-13.482522503281702],[-73.07147689456932,-13.48342622556483],[-73.07055344289647,-13.483419128648558]]]}},{"type":"Feature","properties":{"Cell_ID":769,"Area_ha":1.0,"LC":"9:0.882908,16:0.117092","XMIN":708754.86160847,"YMIN":8508483.59738907,"XMAX":708854.86160847,"YMAX":8508583.59738907},"geometry":{"type":"Polygon","coordinates":[[[-73.07054618904434,-13.484322850369908],[-73.07055344289647,-13.483419128648558],[-73.07147689456932,-13.48342622556483],[-73.0714696441837,-13.484329947779198],[-73.07054618904434,-13.484322850369908]]]}},{"type":"Feature","properties":{"Cell_ID":770,"Area_ha":1.0,"LC":"9:0.798061,13:0.201939","XMIN":708754.86160847,"YMIN":8508383.59738907,"XMAX":708854.86160847,"YMAX":8508483.59738907},"geometry":{"type":"Polygon","coordinates":[[[-73.0705389346605,-13.485226572022494],[-73.07054618904434,-13.484322850369908],[-73.0714696441837,-13.484329947779198],[-73.07146239326664,-13.485233669924803],[-73.0705389346605,-13.485226572022494]]]}},{"type":"Feature","properties":{"Cell_ID":771,"Area_ha":1.0,"LC":"9:0.182376,13:0.158875,14:0.658749","XMIN":708754.86160847,"YMIN":8508283.59738907,"XMAX":708854.86160847,"YMAX":8508383.59738907},"geometry":{"type":"Polygon","coordinates":[[[-73.07053167974499,-13.486130293606307],[-73.0705389346605,-13.485226572022494],[-73.07146239326664,-13.485233669924803],[-73.07145514181815,-13.486137392001636],[-73.07053167974499,-13.486130293606307]]]}},{"type":"Feature","properties":{"Cell_ID":772,"Area_ha":1.0,"LC":"13:0.420210,14:0.579790","XMIN":708754.86160847,"YMIN":8508183.59738907,"XMAX":708854.86160847,"YMAX":8508283.59738907},"geometry":{"type":"Polygon","coordinates":[[[-73.07052442429777,-13.487034015121342],[-73.07053167974499,-13.486130293606307],[-73.07145514181815,-13.486137392001636],[-73.0714478898382,-13.487041114009704],[-73.07052442429777,-13.487034015121342]]]}},{"type":"Feature","properties":{"Cell_ID":773,"Area_ha":1.0,"LC":"5:0.060197,9:0.401377,13:0.477247,14:0.061180","XMIN":708754.86160847,"YMIN":8508083.59738907,"XMAX":708854.86160847,"YMAX":8508183.59738907},"geometry":{"type":"Polygon","coordinates":[[[-73.07051716831882,-13.4879377365676],[-73.07052442429777,-13.487034015121342],[-73.0714478898382,-13.487041114009704],[-73.07144063732679,-13.48794483594899],[-73.07051716831882,-13.4879377365676]]]}},{"type":"Feature","properties":{"Cell_ID":774,"Area_ha":1.0,"LC":"5:0.342065,9:0.202501,13:0.019790,14:0.435644","XMIN":708754.86160847,"YMIN":8507983.59738907,"XMAX":708854.86160847,"YMAX":8508083.59738907},"geometry":{"type":"Polygon","coordinates":[[[-73.07050991180814,-13.488841457945073],[-73.07051716831882,-13.4879377365676],[-73.07144063732679,-13.48794483594899],[-73.0714333842839,-13.4888485578195],[-73.07050991180814,-13.488841457945073]]]}},{"type":"Feature","properties":{"Cell_ID":775,"Area_ha":1.0,"LC":"5:0.242586,14:0.757414","XMIN":708754.86160847,"YMIN":8507883.59738907,"XMAX":708854.86160847,"YMAX":8507983.59738907},"geometry":{"type":"Polygon","coordinates":[[[-73.07050265476573,-13.489745179253756],[-73.07050991180814,-13.488841457945073],[-73.0714333842839,-13.4888485578195],[-73.07142613070954,-13.489752279621218],[-73.07050265476573,-13.489745179253756]]]}},{"type":"Feature","properties":{"Cell_ID":776,"Area_ha":1.0,"LC":"5:0.020197,9:0.441939,14:0.537864","XMIN":708754.86160847,"YMIN":8507783.59738907,"XMAX":708854.86160847,"YMAX":8507883.59738907},"geometry":{"type":"Polygon","coordinates":[[[-73.07049539719158,-13.490648900493644],[-73.07050265476573,-13.489745179253756],[-73.07142613070954,-13.489752279621218],[-73.07141887660367,-13.490656001354152],[-73.07049539719158,-13.490648900493644]]]}},{"type":"Feature","properties":{"Cell_ID":777,"Area_ha":1.0,"LC":"5:0.020773,9:0.339563,14:0.639664","XMIN":708754.86160847,"YMIN":8507683.59738907,"XMAX":708854.86160847,"YMAX":8507783.59738907},"geometry":{"type":"Polygon","coordinates":[[[-73.07048813908567,-13.491552621664738],[-73.07049539719158,-13.490648900493644],[-73.07141887660367,-13.490656001354152],[-73.07141162196632,-13.491559723018291],[-73.07048813908567,-13.491552621664738]]]}},{"type":"Feature","properties":{"Cell_ID":778,"Area_ha":1.0,"LC":"5:0.039031,9:0.702376,14:0.258594","XMIN":708754.86160847,"YMIN":8507583.59738907,"XMAX":708854.86160847,"YMAX":8507683.59738907},"geometry":{"type":"Polygon","coordinates":[[[-73.070480880448,-13.492456342767031],[-73.07048813908567,-13.491552621664738],[-73.07141162196632,-13.491559723018291],[-73.07140436679745,-13.492463444613634],[-73.070480880448,-13.492456342767031]]]}},{"type":"Feature","properties":{"Cell_ID":779,"Area_ha":1.0,"LC":"9:0.260604,14:0.739396","XMIN":708754.86160847,"YMIN":8507483.59738907,"XMAX":708854.86160847,"YMAX":8507583.59738907},"geometry":{"type":"Polygon","coordinates":[[[-73.07047362127855,-13.493360063800514],[-73.070480880448,-13.492456342767031],[-73.07140436679745,-13.492463444613634],[-73.07139711109707,-13.493367166140168],[-73.07047362127855,-13.493360063800514]]]}},{"type":"Feature","properties":{"Cell_ID":780,"Area_ha":1.0,"LC":"9:0.122501,14:0.680071,18:0.197428","XMIN":708754.86160847,"YMIN":8507383.59738907,"XMAX":708854.86160847,"YMAX":8507483.59738907},"geometry":{"type":"Polygon","coordinates":[[[-73.07046636157733,-13.49426378476519],[-73.07047362127855,-13.493360063800514],[-73.07139711109707,-13.493367166140168],[-73.07138985486515,-13.4942708875979],[-73.07046636157733,-13.49426378476519]]]}},{"type":"Feature","properties":{"Cell_ID":781,"Area_ha":1.0,"LC":"5:0.020197,9:0.581109,18:0.398694","XMIN":708754.86160847,"YMIN":8507283.59738907,"XMAX":708854.86160847,"YMAX":8507383.59738907},"geometry":{"type":"Polygon","coordinates":[[[-73.07045910134431,-13.495167505661055],[-73.07046636157733,-13.49426378476519],[-73.07138985486515,-13.4942708875979],[-73.07138259810168,-13.495174608986822],[-73.07045910134431,-13.495167505661055]]]}},{"type":"Feature","properties":{"Cell_ID":782,"Area_ha":1.0,"LC":"5:0.062712,9:0.916122,13:0.021166","XMIN":708754.86160847,"YMIN":8507183.59738907,"XMAX":708854.86160847,"YMAX":8507283.59738907},"geometry":{"type":"Polygon","coordinates":[[[-73.07045184057948,-13.496071226488095],[-73.07045910134431,-13.495167505661055],[-73.07138259810168,-13.495174608986822],[-73.07137534080668,-13.496078330306926],[-73.07045184057948,-13.496071226488095]]]}},{"type":"Feature","properties":{"Cell_ID":783,"Area_ha":1.0,"LC":"9:0.958061,13:0.041939","XMIN":708854.86160847,"YMIN":8508883.59738907,"XMAX":708954.86160847,"YMAX":8508983.59738907},"geometry":{"type":"Polygon","coordinates":[[[-73.06965176051968,-13.48070086424287],[-73.06965901571064,-13.47979714273973],[-73.07058245298832,-13.47980424107557],[-73.07057520126284,-13.480707963071945],[-73.06965176051968,-13.48070086424287]]]}},{"type":"Feature","properties":{"Cell_ID":784,"Area_ha":1.0,"LC":"9:0.420915,13:0.579085","XMIN":708854.86160847,"YMIN":8508783.59738907,"XMAX":708954.86160847,"YMAX":8508883.59738907},"geometry":{"type":"Polygon","coordinates":[[[-73.0696445047968,-13.481604585677255],[-73.06965176051968,-13.48070086424287],[-73.07057520126284,-13.480707963071945],[-73.0705679490057,-13.481611684999573],[-73.0696445047968,-13.481604585677255]]]}},{"type":"Feature","properties":{"Cell_ID":785,"Area_ha":1.0,"LC":"9:0.698116,13:0.301884","XMIN":708854.86160847,"YMIN":8508683.59738907,"XMAX":708954.86160847,"YMAX":8508783.59738907},"geometry":{"type":"Polygon","coordinates":[[[-73.06963724854201,-13.48250830704288],[-73.0696445047968,-13.481604585677255],[-73.0705679490057,-13.481611684999573],[-73.07056069621693,-13.482515406858443],[-73.06963724854201,-13.48250830704288]]]}},{"type":"Feature","properties":{"Cell_ID":786,"Area_ha":1.0,"LC":"9:0.796614,13:0.203386","XMIN":708854.86160847,"YMIN":8508583.59738907,"XMAX":708954.86160847,"YMAX":8508683.59738907},"geometry":{"type":"Polygon","coordinates":[[[-73.0696299917553,-13.483412028339746],[-73.06963724854201,-13.48250830704288],[-73.07056069621693,-13.482515406858443],[-73.07055344289647,-13.483419128648558],[-73.0696299917553,-13.483412028339746]]]}},{"type":"Feature","properties":{"Cell_ID":787,"Area_ha":1.0,"LC":"9:0.999508,13:0.000492","XMIN":708854.86160847,"YMIN":8508483.59738907,"XMAX":708954.86160847,"YMAX":8508583.59738907},"geometry":{"type":"Polygon","coordinates":[[[-73.06962273443665,-13.484315749567847],[-73.0696299917553,-13.483412028339746],[-73.07055344289647,-13.483419128648558],[-73.07054618904434,-13.484322850369908],[-73.06962273443665,-13.484315749567847]]]}},{"type":"Feature","properties":{"Cell_ID":788,"Area_ha":1.0,"LC":"9:0.440969,13:0.559031","XMIN":708854.86160847,"YMIN":8508383.59738907,"XMAX":708954.86160847,"YMAX":8508483.59738907},"geometry":{"type":"Polygon","coordinates":[[[-73.06961547658608,-13.485219470727174],[-73.06962273443665,-13.484315749567847],[-73.07054618904434,-13.484322850369908],[-73.0705389346605,-13.485226572022494],[-73.06961547658608,-13.485219470727174]]]}},{"type":"Feature","properties":{"Cell_ID":789,"Area_ha":1.0,"LC":"9:0.544315,13:0.019719,14:0.435967","XMIN":708854.86160847,"YMIN":8508283.59738907,"XMAX":708954.86160847,"YMAX":8508383.59738907},"geometry":{"type":"Polygon","coordinates":[[[-73.06960821820354,-13.486123191817729],[-73.06961547658608,-13.485219470727174],[-73.0705389346605,-13.485226572022494],[-73.07053167974499,-13.486130293606307],[-73.06960821820354,-13.486123191817729]]]}},{"type":"Feature","properties":{"Cell_ID":790,"Area_ha":1.0,"LC":"9:0.242417,13:0.260281,14:0.497302","XMIN":708854.86160847,"YMIN":8508183.59738907,"XMAX":708954.86160847,"YMAX":8508283.59738907},"geometry":{"type":"Polygon","coordinates":[[[-73.06960095928903,-13.4870269128395],[-73.06960821820354,-13.486123191817729],[-73.07053167974499,-13.486130293606307],[-73.07052442429777,-13.487034015121342],[-73.06960095928903,-13.4870269128395]]]}},{"type":"Feature","properties":{"Cell_ID":791,"Area_ha":1.0,"LC":"5:0.038960,9:0.419648,13:0.039031,14:0.502362","XMIN":708854.86160847,"YMIN":8508083.59738907,"XMAX":708954.86160847,"YMAX":8508183.59738907},"geometry":{"type":"Polygon","coordinates":[[[-73.06959369984257,-13.487930633792491],[-73.06960095928903,-13.4870269128395],[-73.07052442429777,-13.487034015121342],[-73.07051716831882,-13.4879377365676],[-73.06959369984257,-13.487930633792491]]]}},{"type":"Feature","properties":{"Cell_ID":792,"Area_ha":1.0,"LC":"5:0.618665,9:0.379874,14:0.001461","XMIN":708854.86160847,"YMIN":8507983.59738907,"XMAX":708954.86160847,"YMAX":8508083.59738907},"geometry":{"type":"Polygon","coordinates":[[[-73.06958643986412,-13.488834354676692],[-73.06959369984257,-13.487930633792491],[-73.07051716831882,-13.4879377365676],[-73.07050991180814,-13.488841457945073],[-73.06958643986412,-13.488834354676692]]]}},{"type":"Feature","properties":{"Cell_ID":793,"Area_ha":1.0,"LC":"5:0.580759,14:0.419241","XMIN":708854.86160847,"YMIN":8507883.59738907,"XMAX":708954.86160847,"YMAX":8507983.59738907},"geometry":{"type":"Polygon","coordinates":[[[-73.0695791793537,-13.4897380754921],[-73.06958643986412,-13.488834354676692],[-73.07050991180814,-13.488841457945073],[-73.07050265476573,-13.489745179253756],[-73.0695791793537,-13.4897380754921]]]}},{"type":"Feature","properties":{"Cell_ID":794,"Area_ha":1.0,"LC":"5:0.302234,9:0.337780,14:0.359986","XMIN":708854.86160847,"YMIN":8507783.59738907,"XMAX":708954.86160847,"YMAX":8507883.59738907},"geometry":{"type":"Polygon","coordinates":[[[-73.06957191831125,-13.490641796238714],[-73.0695791793537,-13.4897380754921],[-73.07050265476573,-13.489745179253756],[-73.07049539719158,-13.490648900493644],[-73.06957191831125,-13.490641796238714]]]}},{"type":"Feature","properties":{"Cell_ID":795,"Area_ha":1.0,"LC":"5:0.402979,9:0.317021,14:0.280000","XMIN":708854.86160847,"YMIN":8507683.59738907,"XMAX":708954.86160847,"YMAX":8507783.59738907},"geometry":{"type":"Polygon","coordinates":[[[-73.0695646567368,-13.491545516916528],[-73.06957191831125,-13.490641796238714],[-73.07049539719158,-13.490648900493644],[-73.07048813908567,-13.491552621664738],[-73.0695646567368,-13.491545516916528]]]}},{"type":"Feature","properties":{"Cell_ID":796,"Area_ha":1.0,"LC":"5:0.143668,9:0.257444,14:0.598889","XMIN":708854.86160847,"YMIN":8507583.59738907,"XMAX":708954.86160847,"YMAX":8507683.59738907},"geometry":{"type":"Polygon","coordinates":[[[-73.06955739463034,-13.492449237525536],[-73.0695646567368,-13.491545516916528],[-73.07048813908567,-13.491552621664738],[-73.070480880448,-13.492456342767031],[-73.06955739463034,-13.492449237525536]]]}},{"type":"Feature","properties":{"Cell_ID":797,"Area_ha":1.0,"LC":"3:0.261573,5:0.002431,9:0.058271,14:0.677725","XMIN":708854.86160847,"YMIN":8507483.59738907,"XMAX":708954.86160847,"YMAX":8507583.59738907},"geometry":{"type":"Polygon","coordinates":[[[-73.06955013199185,-13.493352958065731],[-73.06955739463034,-13.492449237525536],[-73.070480880448,-13.492456342767031],[-73.07047362127855,-13.493360063800514],[-73.06955013199185,-13.493352958065731]]]}},{"type":"Feature","properties":{"Cell_ID":798,"Area_ha":1.0,"LC":"3:0.405410,9:0.078061,14:0.516529","XMIN":708854.86160847,"YMIN":8507383.59738907,"XMAX":708954.86160847,"YMAX":8507483.59738907},"geometry":{"type":"Polygon","coordinates":[[[-73.06954286882132,-13.494256678537116],[-73.06955013199185,-13.493352958065731],[-73.07047362127855,-13.493360063800514],[-73.07046636157733,-13.49426378476519],[-73.06954286882132,-13.494256678537116]]]}},{"type":"Feature","properties":{"Cell_ID":799,"Area_ha":1.0,"LC":"9:0.499227,13:0.500773","XMIN":708954.86160847,"YMIN":8508883.59738907,"XMAX":709054.86160847,"YMAX":8508983.59738907},"geometry":{"type":"Polygon","coordinates":[[[-73.0687283203084,-13.480693762021971],[-73.06873557896485,-13.47979004101231],[-73.06965901571064,-13.47979714273973],[-73.06965176051968,-13.48070086424287],[-73.0687283203084,-13.480693762021971]]]}},{"type":"Feature","properties":{"Cell_ID":800,"Area_ha":1.0,"LC":"9:0.440969,13:0.559031","XMIN":708954.86160847,"YMIN":8508783.59738907,"XMAX":709054.86160847,"YMAX":8508883.59738907},"geometry":{"type":"Polygon","coordinates":[[[-73.06872106111979,-13.481597482962878],[-73.0687283203084,-13.480693762021971],[-73.06965176051968,-13.48070086424287],[-73.0696445047968,-13.481604585677255],[-73.06872106111979,-13.481597482962878]]]}},{"type":"Feature","properties":{"Cell_ID":801,"Area_ha":1.0,"LC":"9:0.960969,13:0.039031","XMIN":708954.86160847,"YMIN":8508683.59738907,"XMAX":709054.86160847,"YMAX":8508783.59738907},"geometry":{"type":"Polygon","coordinates":[[[-73.06871380139901,-13.482501203835023],[-73.06872106111979,-13.481597482962878],[-73.0696445047968,-13.481604585677255],[-73.06963724854201,-13.48250830704288],[-73.06871380139901,-13.482501203835023]]]}},{"type":"Feature","properties":{"Cell_ID":802,"Area_ha":1.0,"LC":"9:0.743668,13:0.256332","XMIN":708954.86160847,"YMIN":8508583.59738907,"XMAX":709054.86160847,"YMAX":8508683.59738907},"geometry":{"type":"Polygon","coordinates":[[[-73.06870654114607,-13.483404924638407],[-73.06871380139901,-13.482501203835023],[-73.06963724854201,-13.48250830704288],[-73.0696299917553,-13.483412028339746],[-73.06870654114607,-13.483404924638407]]]}},{"type":"Feature","properties":{"Cell_ID":803,"Area_ha":1.0,"LC":"9:0.980210,13:0.019790","XMIN":708954.86160847,"YMIN":8508483.59738907,"XMAX":709054.86160847,"YMAX":8508583.59738907},"geometry":{"type":"Polygon","coordinates":[[[-73.06869928036093,-13.484308645373018],[-73.06870654114607,-13.483404924638407],[-73.0696299917553,-13.483412028339746],[-73.06962273443665,-13.484315749567847],[-73.06869928036093,-13.484308645373018]]]}},{"type":"Feature","properties":{"Cell_ID":804,"Area_ha":1.0,"LC":"9:0.960969,13:0.039031","XMIN":708954.86160847,"YMIN":8508383.59738907,"XMAX":709054.86160847,"YMAX":8508483.59738907},"geometry":{"type":"Polygon","coordinates":[[[-73.06869201904358,-13.485212366038855],[-73.06869928036093,-13.484308645373018],[-73.06962273443665,-13.484315749567847],[-73.06961547658608,-13.485219470727174],[-73.06869201904358,-13.485212366038855]]]}},{"type":"Feature","properties":{"Cell_ID":805,"Area_ha":1.0,"LC":"9:0.418905,14:0.581095","XMIN":708954.86160847,"YMIN":8508283.59738907,"XMAX":709054.86160847,"YMAX":8508383.59738907},"geometry":{"type":"Polygon","coordinates":[[[-73.06868475719405,-13.486116086635912],[-73.06869201904358,-13.485212366038855],[-73.06961547658608,-13.485219470727174],[-73.06960821820354,-13.486123191817729],[-73.06868475719405,-13.486116086635912]]]}},{"type":"Feature","properties":{"Cell_ID":806,"Area_ha":1.0,"LC":"9:0.460210,13:0.438946,14:0.100844","XMIN":708954.86160847,"YMIN":8508183.59738907,"XMAX":709054.86160847,"YMAX":8508283.59738907},"geometry":{"type":"Polygon","coordinates":[[[-73.06867749481229,-13.487019807164184],[-73.06868475719405,-13.486116086635912],[-73.06960821820354,-13.486123191817729],[-73.06960095928903,-13.4870269128395],[-73.06867749481229,-13.487019807164184]]]}},{"type":"Feature","properties":{"Cell_ID":807,"Area_ha":1.0,"LC":"9:0.681518,13:0.122023,14:0.196458","XMIN":708954.86160847,"YMIN":8508083.59738907,"XMAX":709054.86160847,"YMAX":8508183.59738907},"geometry":{"type":"Polygon","coordinates":[[[-73.06867023189831,-13.487923527623673],[-73.06867749481229,-13.487019807164184],[-73.06960095928903,-13.4870269128395],[-73.06959369984257,-13.487930633792491],[-73.06867023189831,-13.487923527623673]]]}},{"type":"Feature","properties":{"Cell_ID":808,"Area_ha":1.0,"LC":"5:0.296655,9:0.100773,14:0.602572","XMIN":708954.86160847,"YMIN":8507983.59738907,"XMAX":709054.86160847,"YMAX":8508083.59738907},"geometry":{"type":"Polygon","coordinates":[[[-73.06866296845209,-13.488827248014372],[-73.06867023189831,-13.487923527623673],[-73.06959369984257,-13.487930633792491],[-73.06958643986412,-13.488834354676692],[-73.06866296845209,-13.488827248014372]]]}},{"type":"Feature","properties":{"Cell_ID":809,"Area_ha":1.0,"LC":"5:0.479522,14:0.520478","XMIN":708954.86160847,"YMIN":8507883.59738907,"XMAX":709054.86160847,"YMAX":8507983.59738907},"geometry":{"type":"Polygon","coordinates":[[[-73.06865570447364,-13.48973096833627],[-73.06866296845209,-13.488827248014372],[-73.06958643986412,-13.488834354676692],[-73.0695791793537,-13.4897380754921],[-73.06865570447364,-13.48973096833627]]]}},{"type":"Feature","properties":{"Cell_ID":810,"Area_ha":1.0,"LC":"5:0.343331,14:0.656669","XMIN":708954.86160847,"YMIN":8507783.59738907,"XMAX":709054.86160847,"YMAX":8507883.59738907},"geometry":{"type":"Polygon","coordinates":[[[-73.06864843996291,-13.490634688589369],[-73.06865570447364,-13.48973096833627],[-73.0695791793537,-13.4897380754921],[-73.06957191831125,-13.490641796238714],[-73.06864843996291,-13.490634688589369]]]}},{"type":"Feature","properties":{"Cell_ID":811,"Area_ha":1.0,"LC":"5:0.118553,14:0.881447","XMIN":708954.86160847,"YMIN":8507683.59738907,"XMAX":709054.86160847,"YMAX":8507783.59738907},"geometry":{"type":"Polygon","coordinates":[[[-73.06864117491995,-13.491538408773666],[-73.06864843996291,-13.490634688589369],[-73.06957191831125,-13.490641796238714],[-73.0695646567368,-13.491545516916528],[-73.06864117491995,-13.491538408773666]]]}},{"type":"Feature","properties":{"Cell_ID":812,"Area_ha":1.0,"LC":"5:0.436051,14:0.563949","XMIN":708954.86160847,"YMIN":8507583.59738907,"XMAX":709054.86160847,"YMAX":8507683.59738907},"geometry":{"type":"Polygon","coordinates":[[[-73.0686339093447,-13.492442128889152],[-73.06864117491995,-13.491538408773666],[-73.0695646567368,-13.491545516916528],[-73.06955739463034,-13.492449237525536],[-73.0686339093447,-13.492442128889152]]]}},{"type":"Feature","properties":{"Cell_ID":813,"Area_ha":1.0,"LC":"3:0.256739,5:0.520071,9:0.039915,14:0.183274","XMIN":708954.86160847,"YMIN":8507483.59738907,"XMAX":709054.86160847,"YMAX":8507583.59738907},"geometry":{"type":"Polygon","coordinates":[[[-73.06862664323717,-13.493345848935824],[-73.0686339093447,-13.492442128889152],[-73.06955739463034,-13.492449237525536],[-73.06955013199185,-13.493352958065731],[-73.06862664323717,-13.493345848935824]]]}},{"type":"Feature","properties":{"Cell_ID":814,"Area_ha":1.0,"LC":"9:0.676936,13:0.323064","XMIN":709054.86160847,"YMIN":8508883.59738907,"XMAX":709154.86160847,"YMAX":8508983.59738907},"geometry":{"type":"Polygon","coordinates":[[[-73.06780488062928,-13.480686656409262],[-73.06781214275122,-13.47978293589331],[-73.06873557896485,-13.47979004101231],[-73.0687283203084,-13.480693762021971],[-73.06780488062928,-13.480686656409262]]]}},{"type":"Feature","properties":{"Cell_ID":815,"Area_ha":1.0,"LC":"9:0.921939,13:0.078061","XMIN":709054.86160847,"YMIN":8508783.59738907,"XMAX":709154.86160847,"YMAX":8508883.59738907},"geometry":{"type":"Polygon","coordinates":[[[-73.06779761797496,-13.481590376856456],[-73.06780488062928,-13.480686656409262],[-73.0687283203084,-13.480693762021971],[-73.06872106111979,-13.481597482962878],[-73.06779761797496,-13.481590376856456]]]}},{"type":"Feature","properties":{"Cell_ID":816,"Area_ha":1.0,"LC":"9:1.000000","XMIN":709054.86160847,"YMIN":8508683.59738907,"XMAX":709154.86160847,"YMAX":8508783.59738907},"geometry":{"type":"Polygon","coordinates":[[[-73.0677903547882,-13.482494097234886],[-73.06779761797496,-13.481590376856456],[-73.06872106111979,-13.481597482962878],[-73.06871380139901,-13.482501203835023],[-73.0677903547882,-13.482494097234886]]]}},{"type":"Feature","properties":{"Cell_ID":817,"Area_ha":1.0,"LC":"9:0.880562,14:0.119438","XMIN":709054.86160847,"YMIN":8508583.59738907,"XMAX":709154.86160847,"YMAX":8508683.59738907},"geometry":{"type":"Polygon","coordinates":[[[-73.067783091069,-13.483397817544548],[-73.0677903547882,-13.482494097234886],[-73.06871380139901,-13.482501203835023],[-73.06870654114607,-13.483404924638407],[-73.067783091069,-13.483397817544548]]]}},{"type":"Feature","properties":{"Cell_ID":818,"Area_ha":1.0,"LC":"9:0.836529,14:0.163471","XMIN":709054.86160847,"YMIN":8508483.59738907,"XMAX":709154.86160847,"YMAX":8508583.59738907},"geometry":{"type":"Polygon","coordinates":[[[-73.0677758268174,-13.48430153778543],[-73.067783091069,-13.483397817544548],[-73.06870654114607,-13.483404924638407],[-73.06869928036093,-13.484308645373018],[-73.0677758268174,-13.48430153778543]]]}},{"type":"Feature","properties":{"Cell_ID":819,"Area_ha":1.0,"LC":"9:0.839031,14:0.160969","XMIN":709054.86160847,"YMIN":8508383.59738907,"XMAX":709154.86160847,"YMAX":8508483.59738907},"geometry":{"type":"Polygon","coordinates":[[[-73.06776856203331,-13.485205257957542],[-73.0677758268174,-13.48430153778543],[-73.06869928036093,-13.484308645373018],[-73.06869201904358,-13.485212366038855],[-73.06776856203331,-13.485205257957542]]]}},{"type":"Feature","properties":{"Cell_ID":820,"Area_ha":1.0,"LC":"9:0.583345,14:0.416655","XMIN":709054.86160847,"YMIN":8508283.59738907,"XMAX":709154.86160847,"YMAX":8508383.59738907},"geometry":{"type":"Polygon","coordinates":[[[-73.06776129671677,-13.486108978060868],[-73.06776856203331,-13.485205257957542],[-73.06869201904358,-13.485212366038855],[-73.06868475719405,-13.486116086635912],[-73.06776129671677,-13.486108978060868]]]}},{"type":"Feature","properties":{"Cell_ID":821,"Area_ha":1.0,"LC":"9:0.438061,13:0.217147,14:0.344792","XMIN":709054.86160847,"YMIN":8508183.59738907,"XMAX":709154.86160847,"YMAX":8508283.59738907},"geometry":{"type":"Polygon","coordinates":[[[-73.06775403086776,-13.48701269809541],[-73.06776129671677,-13.486108978060868],[-73.06868475719405,-13.486116086635912],[-73.06867749481229,-13.487019807164184],[-73.06775403086776,-13.48701269809541]]]}},{"type":"Feature","properties":{"Cell_ID":822,"Area_ha":1.0,"LC":"9:0.657624,13:0.341884,14:0.000492","XMIN":709054.86160847,"YMIN":8508083.59738907,"XMAX":709154.86160847,"YMAX":8508183.59738907},"geometry":{"type":"Polygon","coordinates":[[[-73.06774676448629,-13.487916418061157],[-73.06775403086776,-13.48701269809541],[-73.06867749481229,-13.487019807164184],[-73.06867023189831,-13.487923527623673],[-73.06774676448629,-13.487916418061157]]]}},{"type":"Feature","properties":{"Cell_ID":823,"Area_ha":1.0,"LC":"5:0.019241,9:0.564511,14:0.416248","XMIN":709054.86160847,"YMIN":8507983.59738907,"XMAX":709154.86160847,"YMAX":8508083.59738907},"geometry":{"type":"Polygon","coordinates":[[[-73.0677394975723,-13.488820137958113],[-73.06774676448629,-13.487916418061157],[-73.06867023189831,-13.487923527623673],[-73.06866296845209,-13.488827248014372],[-73.0677394975723,-13.488820137958113]]]}},{"type":"Feature","properties":{"Cell_ID":824,"Area_ha":1.0,"LC":"5:0.357977,9:0.345129,14:0.296895","XMIN":709054.86160847,"YMIN":8507883.59738907,"XMAX":709154.86160847,"YMAX":8507983.59738907},"geometry":{"type":"Polygon","coordinates":[[[-73.06773223012584,-13.489723857786268],[-73.0677394975723,-13.488820137958113],[-73.06866296845209,-13.488827248014372],[-73.06865570447364,-13.48973096833627],[-73.06773223012584,-13.489723857786268]]]}},{"type":"Feature","properties":{"Cell_ID":825,"Area_ha":1.0,"LC":"5:0.956529,9:0.003400,14:0.040071","XMIN":709054.86160847,"YMIN":8507783.59738907,"XMAX":709154.86160847,"YMAX":8507883.59738907},"geometry":{"type":"Polygon","coordinates":[[[-73.06772496214685,-13.490627577545618],[-73.06773223012584,-13.489723857786268],[-73.06865570447364,-13.48973096833627],[-73.06864843996291,-13.490634688589369],[-73.06772496214685,-13.490627577545618]]]}},{"type":"Feature","properties":{"Cell_ID":826,"Area_ha":1.0,"LC":"5:0.623345,9:0.160323,14:0.216332","XMIN":709054.86160847,"YMIN":8507683.59738907,"XMAX":709154.86160847,"YMAX":8507783.59738907},"geometry":{"type":"Polygon","coordinates":[[[-73.06771769363537,-13.491531297236161],[-73.06772496214685,-13.490627577545618],[-73.06864843996291,-13.490634688589369],[-73.06864117491995,-13.491538408773666],[-73.06771769363537,-13.491531297236161]]]}},{"type":"Feature","properties":{"Cell_ID":827,"Area_ha":1.0,"LC":"9:0.403555,14:0.596445","XMIN":709054.86160847,"YMIN":8507583.59738907,"XMAX":709154.86160847,"YMAX":8507683.59738907},"geometry":{"type":"Polygon","coordinates":[[[-73.06771042459134,-13.492435016857895],[-73.06771769363537,-13.491531297236161],[-73.06864117491995,-13.491538408773666],[-73.0686339093447,-13.492442128889152],[-73.06771042459134,-13.492435016857895]]]}},{"type":"Feature","properties":{"Cell_ID":828,"Area_ha":1.0,"LC":"9:0.556614,14:0.443386","XMIN":709154.86160847,"YMIN":8508683.59738907,"XMAX":709254.86160847,"YMAX":8508783.59738907},"geometry":{"type":"Polygon","coordinates":[[[-73.06686690870981,-13.482486987242469],[-73.06687417536254,-13.481583267357992],[-73.06779761797496,-13.481590376856456],[-73.0677903547882,-13.482494097234886],[-73.06686690870981,-13.482486987242469]]]}},{"type":"Feature","properties":{"Cell_ID":829,"Area_ha":1.0,"LC":"9:0.415912,14:0.584088","XMIN":709154.86160847,"YMIN":8508583.59738907,"XMAX":709254.86160847,"YMAX":8508683.59738907},"geometry":{"type":"Polygon","coordinates":[[[-73.0668596415244,-13.483390707058174],[-73.06686690870981,-13.482486987242469],[-73.0677903547882,-13.482494097234886],[-73.067783091069,-13.483397817544548],[-73.0668596415244,-13.483390707058174]]]}},{"type":"Feature","properties":{"Cell_ID":830,"Area_ha":1.0,"LC":"9:0.218678,14:0.781322","XMIN":709154.86160847,"YMIN":8508483.59738907,"XMAX":709254.86160847,"YMAX":8508583.59738907},"geometry":{"type":"Polygon","coordinates":[[[-73.0668523738063,-13.484294426805103],[-73.0668596415244,-13.483390707058174],[-73.067783091069,-13.483397817544548],[-73.0677758268174,-13.48430153778543],[-73.0668523738063,-13.484294426805103]]]}},{"type":"Feature","properties":{"Cell_ID":831,"Area_ha":1.0,"LC":"5:0.082908,9:0.478694,14:0.438397","XMIN":709154.86160847,"YMIN":8508383.59738907,"XMAX":709254.86160847,"YMAX":8508483.59738907},"geometry":{"type":"Polygon","coordinates":[[[-73.06684510555549,-13.485198146483247],[-73.0668523738063,-13.484294426805103],[-73.0677758268174,-13.48430153778543],[-73.06776856203331,-13.485205257957542],[-73.06684510555549,-13.485198146483247]]]}},{"type":"Feature","properties":{"Cell_ID":832,"Area_ha":1.0,"LC":"9:0.659227,14:0.340773","XMIN":709154.86160847,"YMIN":8508283.59738907,"XMAX":709254.86160847,"YMAX":8508383.59738907},"geometry":{"type":"Polygon","coordinates":[[[-73.06683783677197,-13.486101866092605],[-73.06684510555549,-13.485198146483247],[-73.06776856203331,-13.485205257957542],[-73.06776129671677,-13.486108978060868],[-73.06683783677197,-13.486101866092605]]]}},{"type":"Feature","properties":{"Cell_ID":833,"Area_ha":1.0,"LC":"9:0.080085,14:0.919915","XMIN":709154.86160847,"YMIN":8508183.59738907,"XMAX":709254.86160847,"YMAX":8508283.59738907},"geometry":{"type":"Polygon","coordinates":[[[-73.06683056745572,-13.487005585633177],[-73.06683783677197,-13.486101866092605],[-73.06776129671677,-13.486108978060868],[-73.06775403086776,-13.48701269809541],[-73.06683056745572,-13.487005585633177]]]}},{"type":"Feature","properties":{"Cell_ID":834,"Area_ha":1.0,"LC":"9:0.457624,13:0.118061,14:0.424315","XMIN":709154.86160847,"YMIN":8508083.59738907,"XMAX":709254.86160847,"YMAX":8508183.59738907},"geometry":{"type":"Polygon","coordinates":[[[-73.06682329760675,-13.487909305104951],[-73.06683056745572,-13.487005585633177],[-73.06775403086776,-13.48701269809541],[-73.06774676448629,-13.487916418061157],[-73.06682329760675,-13.487909305104951]]]}},{"type":"Feature","properties":{"Cell_ID":835,"Area_ha":1.0,"LC":"9:1.000000","XMIN":709154.86160847,"YMIN":8507983.59738907,"XMAX":709254.86160847,"YMAX":8508083.59738907},"geometry":{"type":"Polygon","coordinates":[[[-73.06681602722502,-13.48881302450793],[-73.06682329760675,-13.487909305104951],[-73.06774676448629,-13.487916418061157],[-73.0677394975723,-13.488820137958113],[-73.06681602722502,-13.48881302450793]]]}},{"type":"Feature","properties":{"Cell_ID":836,"Area_ha":1.0,"LC":"5:0.081939,9:0.918061","XMIN":709154.86160847,"YMIN":8507883.59738907,"XMAX":709254.86160847,"YMAX":8507983.59738907},"geometry":{"type":"Polygon","coordinates":[[[-73.06680875631055,-13.489716743842106],[-73.06681602722502,-13.48881302450793],[-73.0677394975723,-13.488820137958113],[-73.06773223012584,-13.489723857786268],[-73.06680875631055,-13.489716743842106]]]}},{"type":"Feature","properties":{"Cell_ID":837,"Area_ha":1.0,"LC":"5:0.299563,9:0.700437","XMIN":709154.86160847,"YMIN":8507783.59738907,"XMAX":709254.86160847,"YMAX":8507883.59738907},"geometry":{"type":"Polygon","coordinates":[[[-73.0668014848633,-13.490620463107469],[-73.06680875631055,-13.489716743842106],[-73.06773223012584,-13.489723857786268],[-73.06772496214685,-13.490627577545618],[-73.0668014848633,-13.490620463107469]]]}},{"type":"Feature","properties":{"Cell_ID":838,"Area_ha":1.0,"LC":"3:0.600000,5:0.259467,6:0.002908,9:0.097709,14:0.039915","XMIN":709154.86160847,"YMIN":8507683.59738907,"XMAX":709254.86160847,"YMAX":8507783.59738907},"geometry":{"type":"Polygon","coordinates":[[[-73.06679421288331,-13.491524182304026],[-73.0668014848633,-13.490620463107469],[-73.06772496214685,-13.490627577545618],[-73.06771769363537,-13.491531297236161],[-73.06679421288331,-13.491524182304026]]]}},{"type":"Feature","properties":{"Cell_ID":839,"Area_ha":1.0,"LC":"5:0.260604,9:0.480071,14:0.259325","XMIN":709154.86160847,"YMIN":8507583.59738907,"XMAX":709254.86160847,"YMAX":8507683.59738907},"geometry":{"type":"Polygon","coordinates":[[[-73.06678694037052,-13.492427901431766],[-73.06679421288331,-13.491524182304026],[-73.06771769363537,-13.491531297236161],[-73.06771042459134,-13.492435016857895],[-73.06678694037052,-13.492427901431766]]]}},{"type":"Feature","properties":{"Cell_ID":840,"Area_ha":1.0,"LC":"5:0.062712,9:0.442081,14:0.495208","XMIN":709254.86160847,"YMIN":8508683.59738907,"XMAX":709354.86160847,"YMAX":8508783.59738907},"geometry":{"type":"Polygon","coordinates":[[[-73.06594346316412,-13.482479873857786],[-73.0659507332828,-13.481576154467499],[-73.06687417536254,-13.481583267357992],[-73.06686690870981,-13.482486987242469],[-73.06594346316412,-13.482479873857786]]]}},{"type":"Feature","properties":{"Cell_ID":841,"Area_ha":1.0,"LC":"9:0.422963,14:0.577037","XMIN":709254.86160847,"YMIN":8508583.59738907,"XMAX":709354.86160847,"YMAX":8508683.59738907},"geometry":{"type":"Polygon","coordinates":[[[-73.0659361925125,-13.483383593179303],[-73.06594346316412,-13.482479873857786],[-73.06686690870981,-13.482486987242469],[-73.0668596415244,-13.483390707058174],[-73.0659361925125,-13.483383593179303]]]}},{"type":"Feature","properties":{"Cell_ID":842,"Area_ha":1.0,"LC":"5:0.000478,9:0.564033,14:0.435489","XMIN":709254.86160847,"YMIN":8508483.59738907,"XMAX":709354.86160847,"YMAX":8508583.59738907},"geometry":{"type":"Polygon","coordinates":[[[-73.06592892132792,-13.484287312432032],[-73.0659361925125,-13.483383593179303],[-73.0668596415244,-13.483390707058174],[-73.0668523738063,-13.484294426805103],[-73.06592892132792,-13.484287312432032]]]}},{"type":"Feature","properties":{"Cell_ID":843,"Area_ha":1.0,"LC":"5:0.661095,9:0.258271,14:0.080633","XMIN":709254.86160847,"YMIN":8508383.59738907,"XMAX":709354.86160847,"YMAX":8508483.59738907},"geometry":{"type":"Polygon","coordinates":[[[-73.06592164961039,-13.48519103161598],[-73.06592892132792,-13.484287312432032],[-73.0668523738063,-13.484294426805103],[-73.06684510555549,-13.485198146483247],[-73.06592164961039,-13.48519103161598]]]}},{"type":"Feature","properties":{"Cell_ID":844,"Area_ha":1.0,"LC":"5:0.102305,9:0.858665,14:0.039031","XMIN":709254.86160847,"YMIN":8508283.59738907,"XMAX":709354.86160847,"YMAX":8508383.59738907},"geometry":{"type":"Polygon","coordinates":[[[-73.06591437735989,-13.486094750731137],[-73.06592164961039,-13.48519103161598],[-73.06684510555549,-13.485198146483247],[-73.06683783677197,-13.486101866092605],[-73.06591437735989,-13.486094750731137]]]}},{"type":"Feature","properties":{"Cell_ID":845,"Area_ha":1.0,"LC":"5:0.059634,9:0.101406,14:0.838960","XMIN":709254.86160847,"YMIN":8508183.59738907,"XMAX":709354.86160847,"YMAX":8508283.59738907},"geometry":{"type":"Polygon","coordinates":[[[-73.06590710457641,-13.486998469777504],[-73.06591437735989,-13.486094750731137],[-73.06683783677197,-13.486101866092605],[-73.06683056745572,-13.487005585633177],[-73.06590710457641,-13.486998469777504]]]}},{"type":"Feature","properties":{"Cell_ID":846,"Area_ha":1.0,"LC":"5:0.142305,9:0.500533,14:0.357162","XMIN":709254.86160847,"YMIN":8508083.59738907,"XMAX":709354.86160847,"YMAX":8508183.59738907},"geometry":{"type":"Polygon","coordinates":[[[-73.06589983125994,-13.487902188755069],[-73.06590710457641,-13.486998469777504],[-73.06683056745572,-13.487005585633177],[-73.06682329760675,-13.487909305104951],[-73.06589983125994,-13.487902188755069]]]}},{"type":"Feature","properties":{"Cell_ID":847,"Area_ha":1.0,"LC":"5:0.219719,9:0.718146,14:0.062136","XMIN":709254.86160847,"YMIN":8507983.59738907,"XMAX":709354.86160847,"YMAX":8508083.59738907},"geometry":{"type":"Polygon","coordinates":[[[-73.06589255741048,-13.488805907663833],[-73.06589983125994,-13.487902188755069],[-73.06682329760675,-13.487909305104951],[-73.06681602722502,-13.48881302450793],[-73.06589255741048,-13.488805907663833]]]}},{"type":"Feature","properties":{"Cell_ID":848,"Area_ha":1.0,"LC":"5:0.557499,9:0.237654,14:0.204847","XMIN":709254.86160847,"YMIN":8507883.59738907,"XMAX":709354.86160847,"YMAX":8507983.59738907},"geometry":{"type":"Polygon","coordinates":[[[-73.06588528302802,-13.489709626503789],[-73.06589255741048,-13.488805907663833],[-73.06681602722502,-13.48881302450793],[-73.06680875631055,-13.489716743842106],[-73.06588528302802,-13.489709626503789]]]}},{"type":"Feature","properties":{"Cell_ID":849,"Area_ha":1.0,"LC":"5:0.798468,9:0.177851,14:0.023681","XMIN":709254.86160847,"YMIN":8507783.59738907,"XMAX":709354.86160847,"YMAX":8507883.59738907},"geometry":{"type":"Polygon","coordinates":[[[-73.06587800811253,-13.490613345274935],[-73.06588528302802,-13.489709626503789],[-73.06680875631055,-13.489716743842106],[-73.0668014848633,-13.490620463107469],[-73.06587800811253,-13.490613345274935]]]}},{"type":"Feature","properties":{"Cell_ID":850,"Area_ha":1.0,"LC":"5:0.503668,6:0.477092,14:0.019241","XMIN":709254.86160847,"YMIN":8507683.59738907,"XMAX":709354.86160847,"YMAX":8507783.59738907},"geometry":{"type":"Polygon","coordinates":[[[-73.06587073266402,-13.491517063977268],[-73.06587800811253,-13.490613345274935],[-73.0668014848633,-13.490620463107469],[-73.06679421288331,-13.491524182304026],[-73.06587073266402,-13.491517063977268]]]}},{"type":"Feature","properties":{"Cell_ID":851,"Area_ha":1.0,"LC":"5:0.400562,9:0.599438","XMIN":709354.86160847,"YMIN":8508683.59738907,"XMAX":709454.86160847,"YMAX":8508783.59738907},"geometry":{"type":"Polygon","coordinates":[[[-73.06502001815134,-13.482472757080846],[-73.06502729173599,-13.481569038184979],[-73.0659507332828,-13.481576154467499],[-73.06594346316412,-13.482479873857786],[-73.06502001815134,-13.482472757080846]]]}}]}