{"type":"FeatureCollection","features":[{"type":"Feature","properties":{"Cell_ID":1,"Area_ha":1.0,"LC":"5:0.302543,9:0.521546,16:0.175912","XMIN":712554.86160847,"YMIN":8503083.59738907,"XMAX":712654.86160847,"YMAX":8503183.59738907},"geometry":{"type":"Polygon","coordinates":[[[-73.035055664982,-13.532850484272192],[-73.03506307980096,-13.531946785187078],[-73.03598669862717,-13.531954038125058],[-73.0359792872881,-13.53285773771234],[-73.035055664982,-13.532850484272192]]]}},{"type":"Feature","properties":{"Cell_ID":2,"Area_ha":1.0,"LC":"5:0.303274,9:0.638454,16:0.058271","XMIN":712554.86160847,"YMIN":8502983.59738907,"XMAX":712654.86160847,"YMAX":8503083.59738907},"geometry":{"type":"Polygon","coordinates":[[[-73.03504824962117,-13.533754183288169],[-73.035055664982,-13.532850484272192],[-73.0359792872881,-13.53285773771234],[-73.03597187540741,-13.533761437230485],[-73.03504824962117,-13.533754183288169]]]}},{"type":"Feature","properties":{"Cell_ID":3,"Area_ha":1.0,"LC":"5:0.081939,9:0.719929,16:0.139312,17:0.058820","XMIN":712554.86160847,"YMIN":8502583.59738907,"XMAX":712654.86160847,"YMAX":8502683.59738907},"geometry":{"type":"Polygon","coordinates":[[[-73.03501858275905,-13.537368978660611],[-73.03502600028742,-13.536465279921227],[-73.03594963651555,-13.53647253537008],[-73.03594222246832,-13.537376234611648],[-73.03501858275905,-13.537368978660611]]]}},{"type":"Feature","properties":{"Cell_ID":4,"Area_ha":1.0,"LC":"5:0.161939,9:0.602979,13:0.235082","XMIN":712554.86160847,"YMIN":8502483.59738907,"XMAX":712654.86160847,"YMAX":8502583.59738907},"geometry":{"type":"Polygon","coordinates":[[[-73.03501116468874,-13.538272677330836],[-73.03501858275905,-13.537368978660611],[-73.03594222246832,-13.537376234611648],[-73.03593480787941,-13.538279933784064],[-73.03501116468874,-13.538272677330836]]]}},{"type":"Feature","properties":{"Cell_ID":5,"Area_ha":1.0,"LC":"5:0.000478,9:0.999522","XMIN":712654.86160847,"YMIN":8503183.59738907,"XMAX":712754.86160847,"YMAX":8503283.59738907},"geometry":{"type":"Polygon","coordinates":[[[-73.03413946151659,-13.53193952884418],[-73.03414687927331,-13.531035830192334],[-73.03507049407806,-13.531043086032833],[-73.03506307980096,-13.531946785187078],[-73.03413946151659,-13.53193952884418]]]}},{"type":"Feature","properties":{"Cell_ID":6,"Area_ha":1.0,"LC":"5:0.860055,9:0.139945","XMIN":712654.86160847,"YMIN":8503083.59738907,"XMAX":712754.86160847,"YMAX":8503183.59738907},"geometry":{"type":"Polygon","coordinates":[[[-73.03413204321777,-13.53284322742689],[-73.03413946151659,-13.53193952884418],[-73.03506307980096,-13.531946785187078],[-73.035055664982,-13.532850484272192],[-73.03413204321777,-13.53284322742689]]]}},{"type":"Feature","properties":{"Cell_ID":7,"Area_ha":1.0,"LC":"5:0.339467,9:0.417624,14:0.242908","XMIN":712654.86160847,"YMIN":8502983.59738907,"XMAX":712754.86160847,"YMAX":8503083.59738907},"geometry":{"type":"Polygon","coordinates":[[[-73.03412462437683,-13.53374692594046],[-73.03413204321777,-13.53284322742689],[-73.035055664982,-13.532850484272192],[-73.03504824962117,-13.533754183288169],[-73.03412462437683,-13.53374692594046]]]}},{"type":"Feature","properties":{"Cell_ID":8,"Area_ha":1.0,"LC":"9:0.681603,13:0.318397","XMIN":712654.86160847,"YMIN":8502883.59738907,"XMAX":712754.86160847,"YMAX":8502983.59738907},"geometry":{"type":"Polygon","coordinates":[[[-73.03411720499376,-13.534650624384884],[-73.03412462437683,-13.53374692594046],[-73.03504824962117,-13.533754183288169],[-73.03504083371848,-13.534657882235003],[-73.03411720499376,-13.534650624384884]]]}},{"type":"Feature","properties":{"Cell_ID":9,"Area_ha":1.0,"LC":"5:0.101166,9:0.382078,13:0.516755","XMIN":712654.86160847,"YMIN":8502783.59738907,"XMAX":712754.86160847,"YMAX":8502883.59738907},"geometry":{"type":"Polygon","coordinates":[[[-73.03410978506857,-13.53555432276016],[-73.03411720499376,-13.534650624384884],[-73.03504083371848,-13.534657882235003],[-73.03503341727391,-13.53556158111269],[-73.03410978506857,-13.53555432276016]]]}},{"type":"Feature","properties":{"Cell_ID":10,"Area_ha":1.0,"LC":"5:0.022712,9:0.976810,13:0.000478","XMIN":712654.86160847,"YMIN":8502683.59738907,"XMAX":712754.86160847,"YMAX":8502783.59738907},"geometry":{"type":"Polygon","coordinates":[[[-73.03410236460121,-13.536458021066275],[-73.03410978506857,-13.53555432276016],[-73.03503341727391,-13.53556158111269],[-73.03502600028742,-13.536465279921227],[-73.03410236460121,-13.536458021066275]]]}},{"type":"Feature","properties":{"Cell_ID":11,"Area_ha":1.0,"LC":"5:0.377217,9:0.399186,13:0.223597","XMIN":712654.86160847,"YMIN":8502583.59738907,"XMAX":712754.86160847,"YMAX":8502683.59738907},"geometry":{"type":"Polygon","coordinates":[[[-73.03409494359168,-13.537361719303242],[-73.03410236460121,-13.536458021066275],[-73.03502600028742,-13.536465279921227],[-73.03501858275905,-13.537368978660611],[-73.03409494359168,-13.537361719303242]]]}},{"type":"Feature","properties":{"Cell_ID":12,"Area_ha":1.0,"LC":"5:0.378820,9:0.439438,13:0.181742","XMIN":712654.86160847,"YMIN":8502483.59738907,"XMAX":712754.86160847,"YMAX":8502583.59738907},"geometry":{"type":"Polygon","coordinates":[[[-73.03408752204,-13.538265417471042],[-73.03409494359168,-13.537361719303242],[-73.03501858275905,-13.537368978660611],[-73.03501116468874,-13.538272677330836],[-73.03408752204,-13.538265417471042]]]}},{"type":"Feature","properties":{"Cell_ID":13,"Area_ha":1.0,"LC":"5:0.385129,9:0.614871","XMIN":712654.86160847,"YMIN":8502383.59738907,"XMAX":712754.86160847,"YMAX":8502483.59738907},"geometry":{"type":"Polygon","coordinates":[[[-73.03408009994614,-13.539169115569676],[-73.03408752204,-13.538265417471042],[-73.03501116468874,-13.538272677330836],[-73.03500374607653,-13.539176375931898],[-73.03408009994614,-13.539169115569676]]]}},{"type":"Feature","properties":{"Cell_ID":14,"Area_ha":1.0,"LC":"5:0.020773,9:0.555715,13:0.423512","XMIN":712654.86160847,"YMIN":8502283.59738907,"XMAX":712754.86160847,"YMAX":8502383.59738907},"geometry":{"type":"Polygon","coordinates":[[[-73.03407267731008,-13.540072813599139],[-73.03408009994614,-13.539169115569676],[-73.03500374607653,-13.539176375931898],[-73.03499632692237,-13.540080074463795],[-73.03407267731008,-13.540072813599139]]]}},{"type":"Feature","properties":{"Cell_ID":15,"Area_ha":1.0,"LC":"9:0.040071,13:0.959929","XMIN":712654.86160847,"YMIN":8502183.59738907,"XMAX":712754.86160847,"YMAX":8502283.59738907},"geometry":{"type":"Polygon","coordinates":[[[-73.03406525413183,-13.540976511559426],[-73.03407267731008,-13.540072813599139],[-73.03499632692237,-13.540080074463795],[-73.03498890722626,-13.540983772926516],[-73.03406525413183,-13.540976511559426]]]}},{"type":"Feature","properties":{"Cell_ID":16,"Area_ha":1.0,"LC":"13:0.685481,16:0.314519","XMIN":712654.86160847,"YMIN":8502083.59738907,"XMAX":712754.86160847,"YMAX":8502183.59738907},"geometry":{"type":"Polygon","coordinates":[[[-73.03405783041137,-13.541880209450534],[-73.03406525413183,-13.540976511559426],[-73.03498890722626,-13.540983772926516],[-73.03498148698822,-13.541887471320063],[-73.03405783041137,-13.541880209450534]]]}},{"type":"Feature","properties":{"Cell_ID":17,"Area_ha":1.0,"LC":"13:0.105129,16:0.894871","XMIN":712654.86160847,"YMIN":8501983.59738907,"XMAX":712754.86160847,"YMAX":8502083.59738907},"geometry":{"type":"Polygon","coordinates":[[[-73.03405040614868,-13.542783907272458],[-73.03405783041137,-13.541880209450534],[-73.03498148698822,-13.541887471320063],[-73.03497406620819,-13.542791169644431],[-73.03405040614868,-13.542783907272458]]]}},{"type":"Feature","properties":{"Cell_ID":18,"Area_ha":1.0,"LC":"9:0.001939,13:0.621587,16:0.376474","XMIN":712754.86160847,"YMIN":8503383.59738907,"XMAX":712854.86160847,"YMAX":8503483.59738907},"geometry":{"type":"Polygon","coordinates":[[[-73.0332306857046,-13.530124872728814],[-73.03323810585621,-13.529221174441334],[-73.03416171316043,-13.529228432681249],[-73.03415429648791,-13.530132131471358],[-73.0332306857046,-13.530124872728814]]]}},{"type":"Feature","properties":{"Cell_ID":19,"Area_ha":1.0,"LC":"9:0.237990,13:0.618498,14:0.143512","XMIN":712754.86160847,"YMIN":8503283.59738907,"XMAX":712854.86160847,"YMAX":8503383.59738907},"geometry":{"type":"Polygon","coordinates":[[[-73.03322326501066,-13.531028570947159],[-73.0332306857046,-13.530124872728814],[-73.03415429648791,-13.530132131471358],[-73.03414687927331,-13.531035830192334],[-73.03322326501066,-13.531028570947159]]]}},{"type":"Feature","properties":{"Cell_ID":20,"Area_ha":1.0,"LC":"5:0.038960,9:0.596193,14:0.364847","XMIN":712754.86160847,"YMIN":8503183.59738907,"XMAX":712854.86160847,"YMAX":8503283.59738907},"geometry":{"type":"Polygon","coordinates":[[[-73.03321584377434,-13.531932269096373],[-73.03322326501066,-13.531028570947159],[-73.03414687927331,-13.531035830192334],[-73.03413946151659,-13.53193952884418],[-73.03321584377434,-13.531932269096373]]]}},{"type":"Feature","properties":{"Cell_ID":21,"Area_ha":1.0,"LC":"5:0.554590,9:0.061166,14:0.384244","XMIN":712754.86160847,"YMIN":8503083.59738907,"XMAX":712854.86160847,"YMAX":8503183.59738907},"geometry":{"type":"Polygon","coordinates":[[[-73.03320842199567,-13.532835967176444],[-73.03321584377434,-13.531932269096373],[-73.03413946151659,-13.53193952884418],[-73.03413204321777,-13.53284322742689],[-73.03320842199567,-13.532835967176444]]]}},{"type":"Feature","properties":{"Cell_ID":22,"Area_ha":1.0,"LC":"5:0.080633,9:0.442275,14:0.477092","XMIN":712754.86160847,"YMIN":8502983.59738907,"XMAX":712854.86160847,"YMAX":8503083.59738907},"geometry":{"type":"Polygon","coordinates":[[[-73.03320099967463,-13.533739665187369],[-73.03320842199567,-13.532835967176444],[-73.03413204321777,-13.53284322742689],[-73.03412462437683,-13.53374692594046],[-73.03320099967463,-13.533739665187369]]]}},{"type":"Feature","properties":{"Cell_ID":23,"Area_ha":1.0,"LC":"5:0.000478,9:0.999522","XMIN":712754.86160847,"YMIN":8502883.59738907,"XMAX":712854.86160847,"YMAX":8502983.59738907},"geometry":{"type":"Polygon","coordinates":[[[-73.03319357681119,-13.534643363129149],[-73.03320099967463,-13.533739665187369],[-73.03412462437683,-13.53374692594046],[-73.03411720499376,-13.534650624384884],[-73.03319357681119,-13.534643363129149]]]}},{"type":"Feature","properties":{"Cell_ID":24,"Area_ha":1.0,"LC":"5:0.178201,9:0.821799","XMIN":712754.86160847,"YMIN":8502783.59738907,"XMAX":712854.86160847,"YMAX":8502883.59738907},"geometry":{"type":"Polygon","coordinates":[[[-73.03318615340537,-13.535547061001774],[-73.03319357681119,-13.534643363129149],[-73.03411720499376,-13.534650624384884],[-73.03410978506857,-13.53555432276016],[-73.03318615340537,-13.535547061001774]]]}},{"type":"Feature","properties":{"Cell_ID":25,"Area_ha":1.0,"LC":"5:0.258413,9:0.361054,13:0.380533","XMIN":712754.86160847,"YMIN":8502683.59738907,"XMAX":712854.86160847,"YMAX":8502783.59738907},"geometry":{"type":"Polygon","coordinates":[[[-73.03317872945713,-13.536450758805238],[-73.03318615340537,-13.535547061001774],[-73.03410978506857,-13.53555432276016],[-73.03410236460121,-13.536458021066275],[-73.03317872945713,-13.536450758805238]]]}},{"type":"Feature","properties":{"Cell_ID":26,"Area_ha":1.0,"LC":"9:0.358384,13:0.641616","XMIN":712754.86160847,"YMIN":8502583.59738907,"XMAX":712854.86160847,"YMAX":8502683.59738907},"geometry":{"type":"Polygon","coordinates":[[[-73.0331713049665,-13.537354456539546],[-73.03317872945713,-13.536450758805238],[-73.03410236460121,-13.536458021066275],[-73.03409494359168,-13.537361719303242],[-73.0331713049665,-13.537354456539546]]]}},{"type":"Feature","properties":{"Cell_ID":27,"Area_ha":1.0,"LC":"5:0.301024,9:0.640155,13:0.058820","XMIN":712754.86160847,"YMIN":8502483.59738907,"XMAX":712854.86160847,"YMAX":8502583.59738907},"geometry":{"type":"Polygon","coordinates":[[[-73.03316387993343,-13.538258154204689],[-73.0331713049665,-13.537354456539546],[-73.03409494359168,-13.537361719303242],[-73.03408752204,-13.538265417471042],[-73.03316387993343,-13.538258154204689]]]}},{"type":"Feature","properties":{"Cell_ID":28,"Area_ha":1.0,"LC":"5:0.998539,9:0.001461","XMIN":712754.86160847,"YMIN":8502383.59738907,"XMAX":712854.86160847,"YMAX":8502483.59738907},"geometry":{"type":"Polygon","coordinates":[[[-73.03315645435794,-13.539161851800657],[-73.03316387993343,-13.538258154204689],[-73.03408752204,-13.538265417471042],[-73.03408009994614,-13.539169115569676],[-73.03315645435794,-13.539161851800657]]]}},{"type":"Feature","properties":{"Cell_ID":29,"Area_ha":1.0,"LC":"5:0.265762,13:0.734238","XMIN":712754.86160847,"YMIN":8502283.59738907,"XMAX":712854.86160847,"YMAX":8502383.59738907},"geometry":{"type":"Polygon","coordinates":[[[-73.03314902823999,-13.540065549327451],[-73.03315645435794,-13.539161851800657],[-73.03408009994614,-13.539169115569676],[-73.03407267731008,-13.540072813599139],[-73.03314902823999,-13.540065549327451]]]}},{"type":"Feature","properties":{"Cell_ID":30,"Area_ha":1.0,"LC":"5:0.001461,13:0.998539","XMIN":712754.86160847,"YMIN":8502183.59738907,"XMAX":712854.86160847,"YMAX":8502283.59738907},"geometry":{"type":"Polygon","coordinates":[[[-73.03314160157959,-13.540969246785068],[-73.03314902823999,-13.540065549327451],[-73.03407267731008,-13.540072813599139],[-73.03406525413183,-13.540976511559426],[-73.03314160157959,-13.540969246785068]]]}},{"type":"Feature","properties":{"Cell_ID":31,"Area_ha":1.0,"LC":"13:1.000000","XMIN":712754.86160847,"YMIN":8502083.59738907,"XMAX":712854.86160847,"YMAX":8502183.59738907},"geometry":{"type":"Polygon","coordinates":[[[-73.03313417437674,-13.541872944173498],[-73.03314160157959,-13.540969246785068],[-73.03406525413183,-13.540976511559426],[-73.03405783041137,-13.541880209450534],[-73.03313417437674,-13.541872944173498]]]}},{"type":"Feature","properties":{"Cell_ID":32,"Area_ha":1.0,"LC":"13:1.000000","XMIN":712754.86160847,"YMIN":8501983.59738907,"XMAX":712854.86160847,"YMAX":8502083.59738907},"geometry":{"type":"Polygon","coordinates":[[[-73.03312674663141,-13.542776641492743],[-73.03313417437674,-13.541872944173498],[-73.03405783041137,-13.541880209450534],[-73.03405040614868,-13.542783907272458],[-73.03312674663141,-13.542776641492743]]]}},{"type":"Feature","properties":{"Cell_ID":33,"Area_ha":1.0,"LC":"9:0.201854,13:0.798146","XMIN":712754.86160847,"YMIN":8501883.59738907,"XMAX":712854.86160847,"YMAX":8501983.59738907},"geometry":{"type":"Polygon","coordinates":[[[-73.03311931834361,-13.543680338742801],[-73.03312674663141,-13.542776641492743],[-73.03405040614868,-13.542783907272458],[-73.03404298134379,-13.543687605025193],[-73.03311931834361,-13.543680338742801]]]}},{"type":"Feature","properties":{"Cell_ID":34,"Area_ha":1.0,"LC":"9:0.640407,13:0.359593","XMIN":712754.86160847,"YMIN":8501783.59738907,"XMAX":712854.86160847,"YMAX":8501883.59738907},"geometry":{"type":"Polygon","coordinates":[[[-73.03311188951331,-13.544584035923654],[-73.03311931834361,-13.543680338742801],[-73.03404298134379,-13.543687605025193],[-73.03403555599664,-13.544591302708733],[-73.03311188951331,-13.544584035923654]]]}},{"type":"Feature","properties":{"Cell_ID":35,"Area_ha":1.0,"LC":"5:0.198468,9:0.400155,14:0.401377","XMIN":712854.86160847,"YMIN":8503783.59738907,"XMAX":712954.86160847,"YMAX":8503883.59738907},"geometry":{"type":"Polygon","coordinates":[[[-73.0323367667309,-13.526502819028615],[-73.03234418819129,-13.525599120967497],[-73.03326778103938,-13.525606380600188],[-73.03326036305707,-13.526510079164149],[-73.0323367667309,-13.526502819028615]]]}},{"type":"Feature","properties":{"Cell_ID":36,"Area_ha":1.0,"LC":"5:0.322010,9:0.099312,14:0.578678","XMIN":712854.86160847,"YMIN":8503683.59738907,"XMAX":712954.86160847,"YMAX":8503783.59738907},"geometry":{"type":"Polygon","coordinates":[[[-73.03232934472796,-13.527406517020609],[-73.0323367667309,-13.526502819028615],[-73.03326036305707,-13.526510079164149],[-73.03325294453244,-13.527413777659],[-73.03232934472796,-13.527406517020609]]]}},{"type":"Feature","properties":{"Cell_ID":37,"Area_ha":1.0,"LC":"5:0.000492,14:0.999508","XMIN":712854.86160847,"YMIN":8503583.59738907,"XMAX":712954.86160847,"YMAX":8503683.59738907},"geometry":{"type":"Polygon","coordinates":[[[-73.03232192218243,-13.52831021494348],[-73.03232934472796,-13.527406517020609],[-73.03325294453244,-13.527413777659],[-73.03324552546549,-13.528317476084727],[-73.03232192218243,-13.52831021494348]]]}},{"type":"Feature","properties":{"Cell_ID":38,"Area_ha":1.0,"LC":"5:0.062136,9:0.236529,13:0.019241,14:0.682094","XMIN":712854.86160847,"YMIN":8503483.59738907,"XMAX":712954.86160847,"YMAX":8503583.59738907},"geometry":{"type":"Polygon","coordinates":[[[-73.03231449909434,-13.529213912797227],[-73.03232192218243,-13.52831021494348],[-73.03324552546549,-13.528317476084727],[-73.03323810585621,-13.529221174441334],[-73.03231449909434,-13.529213912797227]]]}},{"type":"Feature","properties":{"Cell_ID":39,"Area_ha":1.0,"LC":"5:0.020773,9:0.398623,13:0.117092,14:0.463512","XMIN":712854.86160847,"YMIN":8503383.59738907,"XMAX":712954.86160847,"YMAX":8503483.59738907},"geometry":{"type":"Polygon","coordinates":[[[-73.03230707546365,-13.530117610581843],[-73.03231449909434,-13.529213912797227],[-73.03323810585621,-13.529221174441334],[-73.0332306857046,-13.530124872728814],[-73.03230707546365,-13.530117610581843]]]}},{"type":"Feature","properties":{"Cell_ID":40,"Area_ha":1.0,"LC":"13:0.041925,14:0.958075","XMIN":712854.86160847,"YMIN":8503283.59738907,"XMAX":712954.86160847,"YMAX":8503383.59738907},"geometry":{"type":"Polygon","coordinates":[[[-73.03229965129036,-13.531021308297321],[-73.03230707546365,-13.530117610581843],[-73.0332306857046,-13.530124872728814],[-73.03322326501066,-13.531028570947159],[-73.03229965129036,-13.531021308297321]]]}},{"type":"Feature","properties":{"Cell_ID":41,"Area_ha":1.0,"LC":"9:0.179719,13:0.204847,14:0.615434","XMIN":712854.86160847,"YMIN":8503183.59738907,"XMAX":712954.86160847,"YMAX":8503283.59738907},"geometry":{"type":"Polygon","coordinates":[[[-73.03229222657446,-13.531925005943664],[-73.03229965129036,-13.531021308297321],[-73.03322326501066,-13.531028570947159],[-73.03321584377434,-13.531932269096373],[-73.03229222657446,-13.531925005943664]]]}},{"type":"Feature","properties":{"Cell_ID":42,"Area_ha":1.0,"LC":"9:0.561784,13:0.100773,14:0.337444","XMIN":712854.86160847,"YMIN":8503083.59738907,"XMAX":712954.86160847,"YMAX":8503183.59738907},"geometry":{"type":"Polygon","coordinates":[[[-73.03228480131594,-13.53282870352086],[-73.03229222657446,-13.531925005943664],[-73.03321584377434,-13.531932269096373],[-73.03320842199567,-13.532835967176444],[-73.03228480131594,-13.53282870352086]]]}},{"type":"Feature","properties":{"Cell_ID":43,"Area_ha":1.0,"LC":"9:0.600647,13:0.399353","XMIN":712854.86160847,"YMIN":8502983.59738907,"XMAX":712954.86160847,"YMAX":8503083.59738907},"geometry":{"type":"Polygon","coordinates":[[[-73.0322773755148,-13.533732401028908],[-73.03228480131594,-13.53282870352086],[-73.03320842199567,-13.532835967176444],[-73.03320099967463,-13.533739665187369],[-73.0322773755148,-13.533732401028908]]]}},{"type":"Feature","properties":{"Cell_ID":44,"Area_ha":1.0,"LC":"5:0.158397,9:0.639017,13:0.202586","XMIN":712854.86160847,"YMIN":8502883.59738907,"XMAX":712954.86160847,"YMAX":8502983.59738907},"geometry":{"type":"Polygon","coordinates":[[[-73.03226994917101,-13.534636098467807],[-73.0322773755148,-13.533732401028908],[-73.03320099967463,-13.533739665187369],[-73.03319357681119,-13.534643363129149],[-73.03226994917101,-13.534636098467807]]]}},{"type":"Feature","properties":{"Cell_ID":45,"Area_ha":1.0,"LC":"5:0.524020,9:0.475980","XMIN":712854.86160847,"YMIN":8502783.59738907,"XMAX":712954.86160847,"YMAX":8502883.59738907},"geometry":{"type":"Polygon","coordinates":[[[-73.03226252228458,-13.535539795837545],[-73.03226994917101,-13.534636098467807],[-73.03319357681119,-13.534643363129149],[-73.03318615340537,-13.535547061001774],[-73.03226252228458,-13.535539795837545]]]}},{"type":"Feature","properties":{"Cell_ID":46,"Area_ha":1.0,"LC":"5:0.000492,9:0.338976,13:0.660533","XMIN":712854.86160847,"YMIN":8502683.59738907,"XMAX":712954.86160847,"YMAX":8502783.59738907},"geometry":{"type":"Polygon","coordinates":[[[-73.03225509485549,-13.536443493138124],[-73.03226252228458,-13.535539795837545],[-73.03318615340537,-13.535547061001774],[-73.03317872945713,-13.536450758805238],[-73.03225509485549,-13.536443493138124]]]}},{"type":"Feature","properties":{"Cell_ID":47,"Area_ha":1.0,"LC":"9:0.542472,13:0.457528","XMIN":712854.86160847,"YMIN":8502583.59738907,"XMAX":712954.86160847,"YMAX":8502683.59738907},"geometry":{"type":"Polygon","coordinates":[[[-73.03224766688373,-13.53734719036954],[-73.03225509485549,-13.536443493138124],[-73.03317872945713,-13.536450758805238],[-73.0331713049665,-13.537354456539546],[-73.03224766688373,-13.53734719036954]]]}},{"type":"Feature","properties":{"Cell_ID":48,"Area_ha":1.0,"LC":"5:0.277092,7:0.001447,9:0.721461","XMIN":712854.86160847,"YMIN":8502483.59738907,"XMAX":712954.86160847,"YMAX":8502583.59738907},"geometry":{"type":"Polygon","coordinates":[[[-73.0322402383693,-13.538250887531783],[-73.03224766688373,-13.53734719036954],[-73.0331713049665,-13.537354456539546],[-73.03316387993343,-13.538258154204689],[-73.0322402383693,-13.538250887531783]]]}},{"type":"Feature","properties":{"Cell_ID":49,"Area_ha":1.0,"LC":"5:0.216332,7:0.004847,9:0.778820","XMIN":712854.86160847,"YMIN":8502383.59738907,"XMAX":712954.86160847,"YMAX":8502483.59738907},"geometry":{"type":"Polygon","coordinates":[[[-73.03223280931218,-13.539154584624853],[-73.0322402383693,-13.538250887531783],[-73.03316387993343,-13.538258154204689],[-73.03315645435794,-13.539161851800657],[-73.03223280931218,-13.539154584624853]]]}},{"type":"Feature","properties":{"Cell_ID":50,"Area_ha":1.0,"LC":"5:0.354506,7:0.004369,9:0.641125","XMIN":712854.86160847,"YMIN":8502283.59738907,"XMAX":712954.86160847,"YMAX":8502383.59738907},"geometry":{"type":"Polygon","coordinates":[[[-73.03222537971236,-13.540058281648745],[-73.03223280931218,-13.539154584624853],[-73.03315645435794,-13.539161851800657],[-73.03314902823999,-13.540065549327451],[-73.03222537971236,-13.540058281648745]]]}},{"type":"Feature","properties":{"Cell_ID":51,"Area_ha":1.0,"LC":"5:0.704230,13:0.295770","XMIN":712854.86160847,"YMIN":8502183.59738907,"XMAX":712954.86160847,"YMAX":8502283.59738907},"geometry":{"type":"Polygon","coordinates":[[[-73.03221794956983,-13.540961978603452],[-73.03222537971236,-13.540058281648745],[-73.03314902823999,-13.540065549327451],[-73.03314160157959,-13.540969246785068],[-73.03221794956983,-13.540961978603452]]]}},{"type":"Feature","properties":{"Cell_ID":52,"Area_ha":1.0,"LC":"5:0.041054,13:0.958946","XMIN":712854.86160847,"YMIN":8502083.59738907,"XMAX":712954.86160847,"YMAX":8502183.59738907},"geometry":{"type":"Polygon","coordinates":[[[-73.03221051888458,-13.541865675488975],[-73.03221794956983,-13.540961978603452],[-73.03314160157959,-13.540969246785068],[-73.03313417437674,-13.541872944173498],[-73.03221051888458,-13.541865675488975]]]}},{"type":"Feature","properties":{"Cell_ID":53,"Area_ha":1.0,"LC":"13:1.000000","XMIN":712854.86160847,"YMIN":8501983.59738907,"XMAX":712954.86160847,"YMAX":8502083.59738907},"geometry":{"type":"Polygon","coordinates":[[[-73.03220308765661,-13.542769372305306],[-73.03221051888458,-13.541865675488975],[-73.03313417437674,-13.541872944173498],[-73.03312674663141,-13.542776641492743],[-73.03220308765661,-13.542769372305306]]]}},{"type":"Feature","properties":{"Cell_ID":54,"Area_ha":1.0,"LC":"9:0.257302,13:0.742698","XMIN":712854.86160847,"YMIN":8501883.59738907,"XMAX":712954.86160847,"YMAX":8501983.59738907},"geometry":{"type":"Polygon","coordinates":[[[-73.03219565588591,-13.543673069052442],[-73.03220308765661,-13.542769372305306],[-73.03312674663141,-13.542776641492743],[-73.03311931834361,-13.543680338742801],[-73.03219565588591,-13.543673069052442]]]}},{"type":"Feature","properties":{"Cell_ID":55,"Area_ha":1.0,"LC":"9:0.234590,13:0.765410","XMIN":712854.86160847,"YMIN":8501783.59738907,"XMAX":712954.86160847,"YMAX":8501883.59738907},"geometry":{"type":"Polygon","coordinates":[[[-73.03218822357246,-13.544576765730374],[-73.03219565588591,-13.543673069052442],[-73.03311931834361,-13.543680338742801],[-73.03311188951331,-13.544584035923654],[-73.03218822357246,-13.544576765730374]]]}},{"type":"Feature","properties":{"Cell_ID":56,"Area_ha":1.0,"LC":"9:0.578342,13:0.421658","XMIN":712854.86160847,"YMIN":8501683.59738907,"XMAX":712954.86160847,"YMAX":8501783.59738907},"geometry":{"type":"Polygon","coordinates":[[[-73.03218079071625,-13.545480462339103],[-73.03218822357246,-13.544576765730374],[-73.03311188951331,-13.544584035923654],[-73.03310446014049,-13.54548773303531],[-73.03218079071625,-13.545480462339103]]]}},{"type":"Feature","properties":{"Cell_ID":57,"Area_ha":1.0,"LC":"9:0.120071,13:0.879929","XMIN":712854.86160847,"YMIN":8501583.59738907,"XMAX":712954.86160847,"YMAX":8501683.59738907},"geometry":{"type":"Polygon","coordinates":[[[-73.03217335731728,-13.546384158878627],[-73.03218079071625,-13.545480462339103],[-73.03310446014049,-13.54548773303531],[-73.03309703022519,-13.546391430077762],[-73.03217335731728,-13.546384158878627]]]}},{"type":"Feature","properties":{"Cell_ID":58,"Area_ha":1.0,"LC":"7:0.179383,9:0.820617","XMIN":712954.86160847,"YMIN":8503883.59738907,"XMAX":713054.86160847,"YMAX":8503983.59738907},"geometry":{"type":"Polygon","coordinates":[[[-73.03142059588573,-13.525591857931566],[-73.03142802028138,-13.524688160304422],[-73.03235160910913,-13.524695422837272],[-73.03234418819129,-13.525599120967497],[-73.03142059588573,-13.525591857931566]]]}},{"type":"Feature","properties":{"Cell_ID":59,"Area_ha":1.0,"LC":"9:0.801939,14:0.198061","XMIN":712954.86160847,"YMIN":8503783.59738907,"XMAX":713054.86160847,"YMAX":8503883.59738907},"geometry":{"type":"Polygon","coordinates":[[[-73.0314131709473,-13.526495555489596],[-73.03142059588573,-13.525591857931566],[-73.03234418819129,-13.525599120967497],[-73.0323367667309,-13.526502819028615],[-73.0314131709473,-13.526495555489596]]]}},{"type":"Feature","properties":{"Cell_ID":60,"Area_ha":1.0,"LC":"3:0.001939,5:0.316458,9:0.282572,14:0.399031","XMIN":712954.86160847,"YMIN":8503683.59738907,"XMAX":713054.86160847,"YMAX":8503783.59738907},"geometry":{"type":"Polygon","coordinates":[[[-73.03140574546603,-13.527399252978507],[-73.0314131709473,-13.526495555489596],[-73.0323367667309,-13.526502819028615],[-73.03232934472796,-13.527406517020609],[-73.03140574546603,-13.527399252978507]]]}},{"type":"Feature","properties":{"Cell_ID":61,"Area_ha":1.0,"LC":"3:0.142136,5:0.440071,9:0.062712,14:0.355082","XMIN":712954.86160847,"YMIN":8503583.59738907,"XMAX":713054.86160847,"YMAX":8503683.59738907},"geometry":{"type":"Polygon","coordinates":[[[-73.03139831944195,-13.528302950398285],[-73.03140574546603,-13.527399252978507],[-73.03232934472796,-13.527406517020609],[-73.03232192218243,-13.52831021494348],[-73.03139831944195,-13.528302950398285]]]}},{"type":"Feature","properties":{"Cell_ID":62,"Area_ha":1.0,"LC":"3:0.062712,5:0.497302,14:0.439986","XMIN":712954.86160847,"YMIN":8503483.59738907,"XMAX":713054.86160847,"YMAX":8503583.59738907},"geometry":{"type":"Polygon","coordinates":[[[-73.03139089287504,-13.529206647748937],[-73.03139831944195,-13.528302950398285],[-73.03232192218243,-13.52831021494348],[-73.03231449909434,-13.529213912797227],[-73.03139089287504,-13.529206647748937]]]}},{"type":"Feature","properties":{"Cell_ID":63,"Area_ha":1.0,"LC":"5:0.140352,9:0.020197,14:0.839451","XMIN":712954.86160847,"YMIN":8503383.59738907,"XMAX":713054.86160847,"YMAX":8503483.59738907},"geometry":{"type":"Polygon","coordinates":[[[-73.03138346576527,-13.530110345030451],[-73.03139089287504,-13.529206647748937],[-73.03231449909434,-13.529213912797227],[-73.03230707546365,-13.530117610581843],[-73.03138346576527,-13.530110345030451]]]}},{"type":"Feature","properties":{"Cell_ID":64,"Area_ha":1.0,"LC":"9:0.264566,13:0.097302,14:0.638132","XMIN":712954.86160847,"YMIN":8503283.59738907,"XMAX":713054.86160847,"YMAX":8503383.59738907},"geometry":{"type":"Polygon","coordinates":[[[-73.03137603811265,-13.531014042242829],[-73.03138346576527,-13.530110345030451],[-73.03230707546365,-13.530117610581843],[-73.03229965129036,-13.531021308297321],[-73.03137603811265,-13.531014042242829]]]}},{"type":"Feature","properties":{"Cell_ID":65,"Area_ha":1.0,"LC":"9:0.400492,13:0.195153,14:0.404356","XMIN":712954.86160847,"YMIN":8503183.59738907,"XMAX":713054.86160847,"YMAX":8503283.59738907},"geometry":{"type":"Polygon","coordinates":[[[-73.03136860991718,-13.531917739386067],[-73.03137603811265,-13.531014042242829],[-73.03229965129036,-13.531021308297321],[-73.03229222657446,-13.531925005943664],[-73.03136860991718,-13.531917739386067]]]}},{"type":"Feature","properties":{"Cell_ID":66,"Area_ha":1.0,"LC":"9:0.857217,13:0.019790,14:0.122993","XMIN":712954.86160847,"YMIN":8503083.59738907,"XMAX":713054.86160847,"YMAX":8503183.59738907},"geometry":{"type":"Polygon","coordinates":[[[-73.03136118117884,-13.532821436460152],[-73.03136860991718,-13.531917739386067],[-73.03229222657446,-13.531925005943664],[-73.03228480131594,-13.53282870352086],[-73.03136118117884,-13.532821436460152]]]}},{"type":"Feature","properties":{"Cell_ID":67,"Area_ha":1.0,"LC":"5:0.000969,9:0.979790,13:0.019241","XMIN":712954.86160847,"YMIN":8502983.59738907,"XMAX":713054.86160847,"YMAX":8503083.59738907},"geometry":{"type":"Polygon","coordinates":[[[-73.0313537518976,-13.533725133465087],[-73.03136118117884,-13.532821436460152],[-73.03228480131594,-13.53282870352086],[-73.0322773755148,-13.533732401028908],[-73.0313537518976,-13.533725133465087]]]}},{"type":"Feature","properties":{"Cell_ID":68,"Area_ha":1.0,"LC":"9:0.701742,13:0.138820,14:0.159438","XMIN":712954.86160847,"YMIN":8502883.59738907,"XMAX":713054.86160847,"YMAX":8502983.59738907},"geometry":{"type":"Polygon","coordinates":[[[-73.03134632207347,-13.534628830400866],[-73.0313537518976,-13.533725133465087],[-73.0322773755148,-13.533732401028908],[-73.03226994917101,-13.534636098467807],[-73.03134632207347,-13.534628830400866]]]}},{"type":"Feature","properties":{"Cell_ID":69,"Area_ha":1.0,"LC":"5:0.375770,9:0.263668,14:0.360562","XMIN":712954.86160847,"YMIN":8502783.59738907,"XMAX":713054.86160847,"YMAX":8502883.59738907},"geometry":{"type":"Polygon","coordinates":[[[-73.03133889170645,-13.53553252726749],[-73.03134632207347,-13.534628830400866],[-73.03226994917101,-13.534636098467807],[-73.03226252228458,-13.535539795837545],[-73.03133889170645,-13.53553252726749]]]}},{"type":"Feature","properties":{"Cell_ID":70,"Area_ha":1.0,"LC":"5:0.060352,6:0.262627,9:0.341742,13:0.315082,17:0.020197","XMIN":712954.86160847,"YMIN":8502683.59738907,"XMAX":713054.86160847,"YMAX":8502783.59738907},"geometry":{"type":"Polygon","coordinates":[[[-73.03133146079651,-13.536436224064937],[-73.03133889170645,-13.53553252726749],[-73.03226252228458,-13.535539795837545],[-73.03225509485549,-13.536443493138124],[-73.03133146079651,-13.536436224064937]]]}},{"type":"Feature","properties":{"Cell_ID":71,"Area_ha":1.0,"LC":"6:0.020281,7:0.059719,9:0.655363,13:0.040071,16:0.120885,17:0.103681","XMIN":712954.86160847,"YMIN":8502583.59738907,"XMAX":713054.86160847,"YMAX":8502683.59738907},"geometry":{"type":"Polygon","coordinates":[[[-73.03132402934364,-13.537339920793226],[-73.03133146079651,-13.536436224064937],[-73.03225509485549,-13.536443493138124],[-73.03224766688373,-13.53734719036954],[-73.03132402934364,-13.537339920793226]]]}},{"type":"Feature","properties":{"Cell_ID":72,"Area_ha":1.0,"LC":"7:0.797428,9:0.157162,16:0.045410","XMIN":712954.86160847,"YMIN":8502483.59738907,"XMAX":713054.86160847,"YMAX":8502583.59738907},"geometry":{"type":"Polygon","coordinates":[[[-73.03131659734785,-13.538243617452336],[-73.03132402934364,-13.537339920793226],[-73.03224766688373,-13.53734719036954],[-73.0322402383693,-13.538250887531783],[-73.03131659734785,-13.538243617452336]]]}},{"type":"Feature","properties":{"Cell_ID":73,"Area_ha":1.0,"LC":"7:0.898342,16:0.101658","XMIN":712954.86160847,"YMIN":8502383.59738907,"XMAX":713054.86160847,"YMAX":8502483.59738907},"geometry":{"type":"Polygon","coordinates":[[[-73.03130916480912,-13.539147314042273],[-73.03131659734785,-13.538243617452336],[-73.0322402383693,-13.538250887531783],[-73.03223280931218,-13.539154584624853],[-73.03130916480912,-13.539147314042273]]]}},{"type":"Feature","properties":{"Cell_ID":74,"Area_ha":1.0,"LC":"5:0.019241,7:0.796108,16:0.184651","XMIN":712954.86160847,"YMIN":8502283.59738907,"XMAX":713054.86160847,"YMAX":8502383.59738907},"geometry":{"type":"Polygon","coordinates":[[[-73.03130173172742,-13.540051010563023],[-73.03130916480912,-13.539147314042273],[-73.03223280931218,-13.539154584624853],[-73.03222537971236,-13.540058281648745],[-73.03130173172742,-13.540051010563023]]]}},{"type":"Feature","properties":{"Cell_ID":75,"Area_ha":1.0,"LC":"5:0.634506,7:0.365494","XMIN":712954.86160847,"YMIN":8502183.59738907,"XMAX":713054.86160847,"YMAX":8502283.59738907},"geometry":{"type":"Polygon","coordinates":[[[-73.03129429810278,-13.54095470701459],[-73.03130173172742,-13.540051010563023],[-73.03222537971236,-13.540058281648745],[-73.03221794956983,-13.540961978603452],[-73.03129429810278,-13.54095470701459]]]}},{"type":"Feature","properties":{"Cell_ID":76,"Area_ha":1.0,"LC":"5:0.824637,13:0.175363","XMIN":712954.86160847,"YMIN":8502083.59738907,"XMAX":713054.86160847,"YMAX":8502183.59738907},"geometry":{"type":"Polygon","coordinates":[[[-73.03128686393515,-13.541858403396963],[-73.03129429810278,-13.54095470701459],[-73.03221794956983,-13.540961978603452],[-73.03221051888458,-13.541865675488975],[-73.03128686393515,-13.541858403396963]]]}},{"type":"Feature","properties":{"Cell_ID":77,"Area_ha":1.0,"LC":"5:0.645494,13:0.354506","XMIN":712954.86160847,"YMIN":8501983.59738907,"XMAX":713054.86160847,"YMAX":8502083.59738907},"geometry":{"type":"Polygon","coordinates":[[[-73.03127942922457,-13.542762099710144],[-73.03128686393515,-13.541858403396963],[-73.03221051888458,-13.541865675488975],[-73.03220308765661,-13.542769372305306],[-73.03127942922457,-13.542762099710144]]]}},{"type":"Feature","properties":{"Cell_ID":78,"Area_ha":1.0,"LC":"9:0.180688,13:0.819312","XMIN":712954.86160847,"YMIN":8501883.59738907,"XMAX":713054.86160847,"YMAX":8501983.59738907},"geometry":{"type":"Polygon","coordinates":[[[-73.03127199397098,-13.543665795954126],[-73.03127942922457,-13.542762099710144],[-73.03220308765661,-13.542769372305306],[-73.03219565588591,-13.543673069052442],[-73.03127199397098,-13.543665795954126]]]}},{"type":"Feature","properties":{"Cell_ID":79,"Area_ha":1.0,"LC":"9:0.259719,13:0.740281","XMIN":712954.86160847,"YMIN":8501783.59738907,"XMAX":713054.86160847,"YMAX":8501883.59738907},"geometry":{"type":"Polygon","coordinates":[[[-73.03126455817439,-13.544569492128902],[-73.03127199397098,-13.543665795954126],[-73.03219565588591,-13.543673069052442],[-73.03218822357246,-13.544576765730374],[-73.03126455817439,-13.544569492128902]]]}},{"type":"Feature","properties":{"Cell_ID":80,"Area_ha":1.0,"LC":"9:0.437654,13:0.562346","XMIN":712954.86160847,"YMIN":8501683.59738907,"XMAX":713054.86160847,"YMAX":8501783.59738907},"geometry":{"type":"Polygon","coordinates":[[[-73.03125712183478,-13.545473188234471],[-73.03126455817439,-13.544569492128902],[-73.03218822357246,-13.544576765730374],[-73.03218079071625,-13.545480462339103],[-73.03125712183478,-13.545473188234471]]]}},{"type":"Feature","properties":{"Cell_ID":81,"Area_ha":1.0,"LC":"13:1.000000","XMIN":712954.86160847,"YMIN":8501583.59738907,"XMAX":713054.86160847,"YMAX":8501683.59738907},"geometry":{"type":"Polygon","coordinates":[[[-73.03124968495216,-13.54637688427083],[-73.03125712183478,-13.545473188234471],[-73.03218079071625,-13.545480462339103],[-73.03217335731728,-13.546384158878627],[-73.03124968495216,-13.54637688427083]]]}},{"type":"Feature","properties":{"Cell_ID":82,"Area_ha":1.0,"LC":"9:0.020197,13:0.979803","XMIN":712954.86160847,"YMIN":8501483.59738907,"XMAX":713054.86160847,"YMAX":8501583.59738907},"geometry":{"type":"Polygon","coordinates":[[[-73.0312422475265,-13.547280580237969],[-73.03124968495216,-13.54637688427083],[-73.03217335731728,-13.546384158878627],[-73.03216592337554,-13.547287855348934],[-73.0312422475265,-13.547280580237969]]]}},{"type":"Feature","properties":{"Cell_ID":83,"Area_ha":1.0,"LC":"9:0.256824,13:0.743176","XMIN":712954.86160847,"YMIN":8501383.59738907,"XMAX":713054.86160847,"YMAX":8501483.59738907},"geometry":{"type":"Polygon","coordinates":[[[-73.03123480955782,-13.548184276135888],[-73.0312422475265,-13.547280580237969],[-73.03216592337554,-13.547287855348934],[-73.03215848889101,-13.548191551750026],[-73.03123480955782,-13.548184276135888]]]}},{"type":"Feature","properties":{"Cell_ID":84,"Area_ha":1.0,"LC":"3:0.223190,14:0.776810","XMIN":713054.86160847,"YMIN":8504083.59738907,"XMAX":713154.86160847,"YMAX":8504183.59738907},"geometry":{"type":"Polygon","coordinates":[[[-73.03051185932681,-13.523777197175633],[-73.03051928611416,-13.522873499913574],[-73.03144286744428,-13.5228807648428],[-73.03143544413422,-13.523784462608164],[-73.03051185932681,-13.523777197175633]]]}},{"type":"Feature","properties":{"Cell_ID":85,"Area_ha":1.0,"LC":"3:0.122023,9:0.038960,14:0.839017","XMIN":713054.86160847,"YMIN":8503983.59738907,"XMAX":713154.86160847,"YMAX":8504083.59738907},"geometry":{"type":"Polygon","coordinates":[[[-73.03050443199643,-13.524680894368577],[-73.03051185932681,-13.523777197175633],[-73.03143544413422,-13.523784462608164],[-73.03142802028138,-13.524688160304422],[-73.03050443199643,-13.524680894368577]]]}},{"type":"Feature","properties":{"Cell_ID":86,"Area_ha":1.0,"LC":"9:0.574871,14:0.425129","XMIN":713054.86160847,"YMIN":8503883.59738907,"XMAX":713154.86160847,"YMAX":8503983.59738907},"geometry":{"type":"Polygon","coordinates":[[[-73.03049700412299,-13.525584591492406],[-73.03050443199643,-13.524680894368577],[-73.03142802028138,-13.524688160304422],[-73.03142059588573,-13.525591857931566],[-73.03049700412299,-13.525584591492406]]]}},{"type":"Feature","properties":{"Cell_ID":87,"Area_ha":1.0,"LC":"9:0.775841,14:0.224159","XMIN":713054.86160847,"YMIN":8503783.59738907,"XMAX":713154.86160847,"YMAX":8503883.59738907},"geometry":{"type":"Polygon","coordinates":[[[-73.0304895757065,-13.526488288547116],[-73.03049700412299,-13.525584591492406],[-73.03142059588573,-13.525591857931566],[-73.0314131709473,-13.526495555489596],[-73.0304895757065,-13.526488288547116]]]}},{"type":"Feature","properties":{"Cell_ID":88,"Area_ha":1.0,"LC":"3:0.318384,9:0.378905,14:0.302712","XMIN":713054.86160847,"YMIN":8503683.59738907,"XMAX":713154.86160847,"YMAX":8503783.59738907},"geometry":{"type":"Polygon","coordinates":[[[-73.03048214674695,-13.527391985532699],[-73.0304895757065,-13.526488288547116],[-73.0314131709473,-13.526495555489596],[-73.03140574546603,-13.527399252978507],[-73.03048214674695,-13.527391985532699]]]}},{"type":"Feature","properties":{"Cell_ID":89,"Area_ha":1.0,"LC":"3:0.320014,9:0.679986","XMIN":713054.86160847,"YMIN":8503583.59738907,"XMAX":713154.86160847,"YMAX":8503683.59738907},"geometry":{"type":"Polygon","coordinates":[[[-73.03047471724432,-13.528295682449151],[-73.03048214674695,-13.527391985532699],[-73.03140574546603,-13.527399252978507],[-73.03139831944195,-13.528302950398285],[-73.03047471724432,-13.528295682449151]]]}},{"type":"Feature","properties":{"Cell_ID":90,"Area_ha":1.0,"LC":"3:0.758694,9:0.021742,14:0.219563","XMIN":713054.86160847,"YMIN":8503483.59738907,"XMAX":713154.86160847,"YMAX":8503583.59738907},"geometry":{"type":"Polygon","coordinates":[[[-73.03046728719859,-13.52919937929647],[-73.03047471724432,-13.528295682449151],[-73.03139831944195,-13.528302950398285],[-73.03139089287504,-13.529206647748937],[-73.03046728719859,-13.52919937929647]]]}},{"type":"Feature","properties":{"Cell_ID":91,"Area_ha":1.0,"LC":"9:0.380533,14:0.619467","XMIN":713054.86160847,"YMIN":8503383.59738907,"XMAX":713154.86160847,"YMAX":8503483.59738907},"geometry":{"type":"Polygon","coordinates":[[[-73.03045985660977,-13.530103076074655],[-73.03046728719859,-13.52919937929647],[-73.03139089287504,-13.529206647748937],[-73.03138346576527,-13.530110345030451],[-73.03045985660977,-13.530103076074655]]]}},{"type":"Feature","properties":{"Cell_ID":92,"Area_ha":1.0,"LC":"9:1.000000","XMIN":713054.86160847,"YMIN":8503283.59738907,"XMAX":713154.86160847,"YMAX":8503383.59738907},"geometry":{"type":"Polygon","coordinates":[[[-73.03045242547785,-13.53100677278369],[-73.03045985660977,-13.530103076074655],[-73.03138346576527,-13.530110345030451],[-73.03137603811265,-13.531014042242829],[-73.03045242547785,-13.53100677278369]]]}},{"type":"Feature","properties":{"Cell_ID":93,"Area_ha":1.0,"LC":"9:0.824637,14:0.175363","XMIN":713054.86160847,"YMIN":8503183.59738907,"XMAX":713154.86160847,"YMAX":8503283.59738907},"geometry":{"type":"Polygon","coordinates":[[[-73.03044499380279,-13.531910469423586],[-73.03045242547785,-13.53100677278369],[-73.03137603811265,-13.531014042242829],[-73.03136860991718,-13.531917739386067],[-73.03044499380279,-13.531910469423586]]]}},{"type":"Feature","properties":{"Cell_ID":94,"Area_ha":1.0,"LC":"5:0.100604,9:0.521546,14:0.377851","XMIN":713054.86160847,"YMIN":8503083.59738907,"XMAX":713154.86160847,"YMAX":8503183.59738907},"geometry":{"type":"Polygon","coordinates":[[[-73.03043756158462,-13.532814165994326],[-73.03044499380279,-13.531910469423586],[-73.03136860991718,-13.531917739386067],[-73.03136118117884,-13.532821436460152],[-73.03043756158462,-13.532814165994326]]]}},{"type":"Feature","properties":{"Cell_ID":95,"Area_ha":1.0,"LC":"5:0.823597,9:0.176403","XMIN":713054.86160847,"YMIN":8502983.59738907,"XMAX":713154.86160847,"YMAX":8503083.59738907},"geometry":{"type":"Polygon","coordinates":[[[-73.0304301288233,-13.53371786249591],[-73.03043756158462,-13.532814165994326],[-73.03136118117884,-13.532821436460152],[-73.0313537518976,-13.533725133465087],[-73.0304301288233,-13.53371786249591]]]}},{"type":"Feature","properties":{"Cell_ID":96,"Area_ha":1.0,"LC":"5:0.404525,9:0.595475","XMIN":713054.86160847,"YMIN":8502883.59738907,"XMAX":713154.86160847,"YMAX":8502983.59738907},"geometry":{"type":"Polygon","coordinates":[[[-73.03042269551884,-13.534621558928338],[-73.0304301288233,-13.53371786249591],[-73.0313537518976,-13.533725133465087],[-73.03134632207347,-13.534628830400866],[-73.03042269551884,-13.534621558928338]]]}},{"type":"Feature","properties":{"Cell_ID":97,"Area_ha":1.0,"LC":"9:0.919115,16:0.080885","XMIN":713054.86160847,"YMIN":8502783.59738907,"XMAX":713154.86160847,"YMAX":8502883.59738907},"geometry":{"type":"Polygon","coordinates":[[[-73.03041526167122,-13.535525255291603],[-73.03042269551884,-13.534621558928338],[-73.03134632207347,-13.534628830400866],[-73.03133889170645,-13.53553252726749],[-73.03041526167122,-13.535525255291603]]]}},{"type":"Feature","properties":{"Cell_ID":98,"Area_ha":1.0,"LC":"6:0.557092,9:0.139383,16:0.041054,17:0.262472","XMIN":713054.86160847,"YMIN":8502683.59738907,"XMAX":713154.86160847,"YMAX":8502783.59738907},"geometry":{"type":"Polygon","coordinates":[[[-73.03040782728044,-13.536428951585695],[-73.03041526167122,-13.535525255291603],[-73.03133889170645,-13.53553252726749],[-73.03133146079651,-13.536436224064937],[-73.03040782728044,-13.536428951585695]]]}},{"type":"Feature","properties":{"Cell_ID":99,"Area_ha":1.0,"LC":"16:0.541502,17:0.458498","XMIN":713054.86160847,"YMIN":8502583.59738907,"XMAX":713154.86160847,"YMAX":8502683.59738907},"geometry":{"type":"Polygon","coordinates":[[[-73.03040039234648,-13.537332647810615],[-73.03040782728044,-13.536428951585695],[-73.03133146079651,-13.536436224064937],[-73.03132402934364,-13.537339920793226],[-73.03040039234648,-13.537332647810615]]]}},{"type":"Feature","properties":{"Cell_ID":100,"Area_ha":1.0,"LC":"16:1.000000","XMIN":713054.86160847,"YMIN":8502483.59738907,"XMAX":713154.86160847,"YMAX":8502583.59738907},"geometry":{"type":"Polygon","coordinates":[[[-73.03039295686933,-13.538236343966362],[-73.03040039234648,-13.537332647810615],[-73.03132402934364,-13.537339920793226],[-73.03131659734785,-13.538243617452336],[-73.03039295686933,-13.538236343966362]]]}},{"type":"Feature","properties":{"Cell_ID":101,"Area_ha":1.0,"LC":"5:0.199438,7:0.296810,9:0.124356,16:0.379396","XMIN":713054.86160847,"YMIN":8502383.59738907,"XMAX":713154.86160847,"YMAX":8502483.59738907},"geometry":{"type":"Polygon","coordinates":[[[-73.03038552084901,-13.539140040052922],[-73.03039295686933,-13.538236343966362],[-73.03131659734785,-13.538243617452336],[-73.03130916480912,-13.539147314042273],[-73.03038552084901,-13.539140040052922]]]}},{"type":"Feature","properties":{"Cell_ID":102,"Area_ha":1.0,"LC":"5:0.324356,7:0.078960,9:0.000492,16:0.596193","XMIN":713054.86160847,"YMIN":8502283.59738907,"XMAX":713154.86160847,"YMAX":8502383.59738907},"geometry":{"type":"Polygon","coordinates":[[[-73.03037808428546,-13.540043736070302],[-73.03038552084901,-13.539140040052922],[-73.03130916480912,-13.539147314042273],[-73.03130173172742,-13.540051010563023],[-73.03037808428546,-13.540043736070302]]]}},{"type":"Feature","properties":{"Cell_ID":103,"Area_ha":1.0,"LC":"5:0.183203,7:0.816797","XMIN":713054.86160847,"YMIN":8502183.59738907,"XMAX":713154.86160847,"YMAX":8502283.59738907},"geometry":{"type":"Polygon","coordinates":[[[-73.0303706471787,-13.540947432018488],[-73.03037808428546,-13.540043736070302],[-73.03130173172742,-13.540051010563023],[-73.03129429810278,-13.54095470701459],[-73.0303706471787,-13.540947432018488]]]}},{"type":"Feature","properties":{"Cell_ID":104,"Area_ha":1.0,"LC":"5:0.294871,7:0.485972,9:0.219156","XMIN":713054.86160847,"YMIN":8502083.59738907,"XMAX":713154.86160847,"YMAX":8502183.59738907},"geometry":{"type":"Polygon","coordinates":[[[-73.0303632095287,-13.541851127897479],[-73.0303706471787,-13.540947432018488],[-73.03129429810278,-13.54095470701459],[-73.03128686393515,-13.541858403396963],[-73.0303632095287,-13.541851127897479]]]}},{"type":"Feature","properties":{"Cell_ID":105,"Area_ha":1.0,"LC":"5:0.396193,7:0.000492,9:0.444918,13:0.158397","XMIN":713054.86160847,"YMIN":8501983.59738907,"XMAX":713154.86160847,"YMAX":8502083.59738907},"geometry":{"type":"Polygon","coordinates":[[[-73.0303557713355,-13.542754823707273],[-73.0303632095287,-13.541851127897479],[-73.03128686393515,-13.541858403396963],[-73.03127942922457,-13.542762099710144],[-73.0303557713355,-13.542754823707273]]]}},{"type":"Feature","properties":{"Cell_ID":106,"Area_ha":1.0,"LC":"9:0.783034,13:0.216966","XMIN":713054.86160847,"YMIN":8501883.59738907,"XMAX":713154.86160847,"YMAX":8501983.59738907},"geometry":{"type":"Polygon","coordinates":[[[-73.03034833259902,-13.543658519447867],[-73.0303557713355,-13.542754823707273],[-73.03127942922457,-13.542762099710144],[-73.03127199397098,-13.543665795954126],[-73.03034833259902,-13.543658519447867]]]}},{"type":"Feature","properties":{"Cell_ID":107,"Area_ha":1.0,"LC":"5:0.282824,9:0.522023,13:0.195153","XMIN":713054.86160847,"YMIN":8501783.59738907,"XMAX":713154.86160847,"YMAX":8501883.59738907},"geometry":{"type":"Polygon","coordinates":[[[-73.03034089331929,-13.544562215119251],[-73.03034833259902,-13.543658519447867],[-73.03127199397098,-13.543665795954126],[-73.03126455817439,-13.544569492128902],[-73.03034089331929,-13.544562215119251]]]}},{"type":"Feature","properties":{"Cell_ID":108,"Area_ha":1.0,"LC":"5:0.524285,9:0.200562,13:0.275153","XMIN":713054.86160847,"YMIN":8501683.59738907,"XMAX":713154.86160847,"YMAX":8501783.59738907},"geometry":{"type":"Polygon","coordinates":[[[-73.03033345349631,-13.545465910721422],[-73.03034089331929,-13.544562215119251],[-73.03126455817439,-13.544569492128902],[-73.03125712183478,-13.545473188234471],[-73.03033345349631,-13.545465910721422]]]}},{"type":"Feature","properties":{"Cell_ID":109,"Area_ha":1.0,"LC":"5:0.725972,13:0.274028","XMIN":713054.86160847,"YMIN":8501583.59738907,"XMAX":713154.86160847,"YMAX":8501683.59738907},"geometry":{"type":"Polygon","coordinates":[[[-73.03032601313006,-13.54636960625438],[-73.03033345349631,-13.545465910721422],[-73.03125712183478,-13.545473188234471],[-73.03124968495216,-13.54637688427083],[-73.03032601313006,-13.54636960625438]]]}},{"type":"Feature","properties":{"Cell_ID":110,"Area_ha":1.0,"LC":"5:0.123400,9:0.180126,13:0.696474","XMIN":713054.86160847,"YMIN":8501483.59738907,"XMAX":713154.86160847,"YMAX":8501583.59738907},"geometry":{"type":"Polygon","coordinates":[[[-73.03031857222051,-13.547273301718116],[-73.03032601313006,-13.54636960625438],[-73.03124968495216,-13.54637688427083],[-73.0312422475265,-13.547280580237969],[-73.03031857222051,-13.547273301718116]]]}},{"type":"Feature","properties":{"Cell_ID":111,"Area_ha":1.0,"LC":"9:0.422783,13:0.577217","XMIN":713054.86160847,"YMIN":8501383.59738907,"XMAX":713154.86160847,"YMAX":8501483.59738907},"geometry":{"type":"Polygon","coordinates":[[[-73.03031113076767,-13.548176997112629],[-73.03031857222051,-13.547273301718116],[-73.0312422475265,-13.547280580237969],[-73.03123480955782,-13.548184276135888],[-73.03031113076767,-13.548176997112629]]]}},{"type":"Feature","properties":{"Cell_ID":112,"Area_ha":1.0,"LC":"6:0.039438,9:0.138187,13:0.822376","XMIN":713054.86160847,"YMIN":8501283.59738907,"XMAX":713154.86160847,"YMAX":8501383.59738907},"geometry":{"type":"Polygon","coordinates":[[[-73.03030368877154,-13.549080692437913],[-73.03031113076767,-13.548176997112629],[-73.03123480955782,-13.548184276135888],[-73.03122737104609,-13.549087971964584],[-73.03030368877154,-13.549080692437913]]]}},{"type":"Feature","properties":{"Cell_ID":113,"Area_ha":1.0,"LC":"5:0.122908,6:0.501729,9:0.317092,13:0.058271","XMIN":713054.86160847,"YMIN":8501183.59738907,"XMAX":713154.86160847,"YMAX":8501283.59738907},"geometry":{"type":"Polygon","coordinates":[[[-73.03029624623208,-13.549984387693959],[-73.03030368877154,-13.549080692437913],[-73.03122737104609,-13.549087971964584],[-73.03121993199129,-13.549991667724047],[-73.03029624623208,-13.549984387693959]]]}},{"type":"Feature","properties":{"Cell_ID":114,"Area_ha":1.0,"LC":"3:0.258594,9:0.341406,14:0.400000","XMIN":713154.86160847,"YMIN":8504183.59738907,"XMAX":713254.86160847,"YMAX":8504283.59738907},"geometry":{"type":"Polygon","coordinates":[[[-73.02959570532704,-13.522866231581837],[-73.02960313504838,-13.52196253475421],[-73.03052671235845,-13.52196980258241],[-73.03051928611416,-13.522873499913574],[-73.02959570532704,-13.522866231581837]]]}},{"type":"Feature","properties":{"Cell_ID":115,"Area_ha":1.0,"LC":"3:0.881939,14:0.118061","XMIN":713154.86160847,"YMIN":8504083.59738907,"XMAX":713254.86160847,"YMAX":8504183.59738907},"geometry":{"type":"Polygon","coordinates":[[[-73.02958827506244,-13.523769928340348],[-73.02959570532704,-13.522866231581837],[-73.03051928611416,-13.522873499913574],[-73.03051185932681,-13.523777197175633],[-73.02958827506244,-13.523769928340348]]]}},{"type":"Feature","properties":{"Cell_ID":116,"Area_ha":1.0,"LC":"3:0.260437,14:0.739563","XMIN":713154.86160847,"YMIN":8503983.59738907,"XMAX":713254.86160847,"YMAX":8504083.59738907},"geometry":{"type":"Polygon","coordinates":[[[-73.02958084425453,-13.524673625029745],[-73.02958827506244,-13.523769928340348],[-73.03051185932681,-13.523777197175633],[-73.03050443199643,-13.524680894368577],[-73.02958084425453,-13.524673625029745]]]}},{"type":"Feature","properties":{"Cell_ID":117,"Area_ha":1.0,"LC":"14:1.000000","XMIN":713154.86160847,"YMIN":8503883.59738907,"XMAX":713254.86160847,"YMAX":8503983.59738907},"geometry":{"type":"Polygon","coordinates":[[[-73.02957341290332,-13.525577321650022],[-73.02958084425453,-13.524673625029745],[-73.03050443199643,-13.524680894368577],[-73.03049700412299,-13.525584591492406],[-73.02957341290332,-13.525577321650022]]]}},{"type":"Feature","properties":{"Cell_ID":118,"Area_ha":1.0,"LC":"9:0.619634,14:0.380366","XMIN":713154.86160847,"YMIN":8503783.59738907,"XMAX":713254.86160847,"YMAX":8503883.59738907},"geometry":{"type":"Polygon","coordinates":[[[-73.0295659810088,-13.526481018201173],[-73.02957341290332,-13.525577321650022],[-73.03049700412299,-13.525584591492406],[-73.0304895757065,-13.526488288547116],[-73.0295659810088,-13.526481018201173]]]}},{"type":"Feature","properties":{"Cell_ID":119,"Area_ha":1.0,"LC":"3:0.058271,9:0.600492,13:0.004356,14:0.336881","XMIN":713154.86160847,"YMIN":8503683.59738907,"XMAX":713254.86160847,"YMAX":8503783.59738907},"geometry":{"type":"Polygon","coordinates":[[[-73.02955854857095,-13.527384714683198],[-73.0295659810088,-13.526481018201173],[-73.0304895757065,-13.526488288547116],[-73.03048214674695,-13.527391985532699],[-73.02955854857095,-13.527384714683198]]]}},{"type":"Feature","properties":{"Cell_ID":120,"Area_ha":1.0,"LC":"3:0.097851,9:0.801377,13:0.000492,14:0.100281","XMIN":713154.86160847,"YMIN":8503583.59738907,"XMAX":713254.86160847,"YMAX":8503683.59738907},"geometry":{"type":"Polygon","coordinates":[[[-73.02955111558975,-13.52828841109609],[-73.02955854857095,-13.527384714683198],[-73.03048214674695,-13.527391985532699],[-73.03047471724432,-13.528295682449151],[-73.02955111558975,-13.52828841109609]]]}},{"type":"Feature","properties":{"Cell_ID":121,"Area_ha":1.0,"LC":"9:0.423345,14:0.576655","XMIN":713154.86160847,"YMIN":8503483.59738907,"XMAX":713254.86160847,"YMAX":8503583.59738907},"geometry":{"type":"Polygon","coordinates":[[[-73.02954368206524,-13.529192107439842],[-73.02955111558975,-13.52828841109609],[-73.03047471724432,-13.528295682449151],[-73.03046728719859,-13.52919937929647],[-73.02954368206524,-13.529192107439842]]]}},{"type":"Feature","properties":{"Cell_ID":122,"Area_ha":1.0,"LC":"9:0.176739,14:0.823261","XMIN":713154.86160847,"YMIN":8503383.59738907,"XMAX":713254.86160847,"YMAX":8503483.59738907},"geometry":{"type":"Polygon","coordinates":[[[-73.02953624799736,-13.530095803714453],[-73.02954368206524,-13.529192107439842],[-73.03046728719859,-13.52919937929647],[-73.03045985660977,-13.530103076074655],[-73.02953624799736,-13.530095803714453]]]}},{"type":"Feature","properties":{"Cell_ID":123,"Area_ha":1.0,"LC":"9:0.955068,13:0.003878,14:0.041054","XMIN":713154.86160847,"YMIN":8503283.59738907,"XMAX":713254.86160847,"YMAX":8503383.59738907},"geometry":{"type":"Polygon","coordinates":[[[-73.02952881338612,-13.530999499919917],[-73.02953624799736,-13.530095803714453],[-73.03045985660977,-13.530103076074655],[-73.03045242547785,-13.53100677278369],[-73.02952881338612,-13.530999499919917]]]}},{"type":"Feature","properties":{"Cell_ID":124,"Area_ha":1.0,"LC":"9:1.000000","XMIN":713154.86160847,"YMIN":8503183.59738907,"XMAX":713254.86160847,"YMAX":8503283.59738907},"geometry":{"type":"Polygon","coordinates":[[[-73.02952137823152,-13.531903196056234],[-73.02952881338612,-13.530999499919917],[-73.03045242547785,-13.53100677278369],[-73.03044499380279,-13.531910469423586],[-73.02952137823152,-13.531903196056234]]]}},{"type":"Feature","properties":{"Cell_ID":125,"Area_ha":1.0,"LC":"5:0.197428,9:0.802572","XMIN":713154.86160847,"YMIN":8503083.59738907,"XMAX":713254.86160847,"YMAX":8503183.59738907},"geometry":{"type":"Polygon","coordinates":[[[-73.02951394253353,-13.532806892123391],[-73.02952137823152,-13.531903196056234],[-73.03044499380279,-13.531910469423586],[-73.03043756158462,-13.532814165994326],[-73.02951394253353,-13.532806892123391]]]}},{"type":"Feature","properties":{"Cell_ID":126,"Area_ha":1.0,"LC":"5:0.979227,9:0.020773","XMIN":713154.86160847,"YMIN":8502983.59738907,"XMAX":713254.86160847,"YMAX":8503083.59738907},"geometry":{"type":"Polygon","coordinates":[[[-73.02950650629215,-13.533710588121393],[-73.02951394253353,-13.532806892123391],[-73.03043756158462,-13.532814165994326],[-73.0304301288233,-13.53371786249591],[-73.02950650629215,-13.533710588121393]]]}},{"type":"Feature","properties":{"Cell_ID":127,"Area_ha":1.0,"LC":"5:0.620437,9:0.379563","XMIN":713154.86160847,"YMIN":8502883.59738907,"XMAX":713254.86160847,"YMAX":8502983.59738907},"geometry":{"type":"Polygon","coordinates":[[[-73.02949906950738,-13.53461428405023],[-73.02950650629215,-13.533710588121393],[-73.0304301288233,-13.53371786249591],[-73.03042269551884,-13.534621558928338],[-73.02949906950738,-13.53461428405023]]]}},{"type":"Feature","properties":{"Cell_ID":128,"Area_ha":1.0,"LC":"9:0.578498,16:0.421502","XMIN":713154.86160847,"YMIN":8502783.59738907,"XMAX":713254.86160847,"YMAX":8502883.59738907},"geometry":{"type":"Polygon","coordinates":[[[-73.02949163217917,-13.5355179799099],[-73.02949906950738,-13.53461428405023],[-73.03042269551884,-13.534621558928338],[-73.03041526167122,-13.535525255291603],[-73.02949163217917,-13.5355179799099]]]}},{"type":"Feature","properties":{"Cell_ID":129,"Area_ha":1.0,"LC":"9:0.082908,16:0.261406,17:0.655685","XMIN":713154.86160847,"YMIN":8502683.59738907,"XMAX":713254.86160847,"YMAX":8502783.59738907},"geometry":{"type":"Polygon","coordinates":[[[-73.02948419430756,-13.536421675700398],[-73.02949163217917,-13.5355179799099],[-73.03041526167122,-13.535525255291603],[-73.03040782728044,-13.536428951585695],[-73.02948419430756,-13.536421675700398]]]}},{"type":"Feature","properties":{"Cell_ID":130,"Area_ha":1.0,"LC":"13:0.019719,16:0.798875,17:0.181406","XMIN":713154.86160847,"YMIN":8502583.59738907,"XMAX":713254.86160847,"YMAX":8502683.59738907},"geometry":{"type":"Polygon","coordinates":[[[-73.0294767558925,-13.53732537142172],[-73.02948419430756,-13.536421675700398],[-73.03040782728044,-13.536428951585695],[-73.03040039234648,-13.537332647810615],[-73.0294767558925,-13.53732537142172]]]}},{"type":"Feature","properties":{"Cell_ID":131,"Area_ha":1.0,"LC":"9:0.059634,13:0.464159,16:0.476207","XMIN":713154.86160847,"YMIN":8502483.59738907,"XMAX":713254.86160847,"YMAX":8502583.59738907},"geometry":{"type":"Polygon","coordinates":[[[-73.02946931693403,-13.538229067073862],[-73.0294767558925,-13.53732537142172],[-73.03040039234648,-13.537332647810615],[-73.03039295686933,-13.538236343966362],[-73.02946931693403,-13.538229067073862]]]}},{"type":"Feature","properties":{"Cell_ID":132,"Area_ha":1.0,"LC":"9:0.959929,16:0.040071","XMIN":713154.86160847,"YMIN":8502383.59738907,"XMAX":713254.86160847,"YMAX":8502483.59738907},"geometry":{"type":"Polygon","coordinates":[[[-73.0294618774321,-13.539132762656816],[-73.02946931693403,-13.538229067073862],[-73.03039295686933,-13.538236343966362],[-73.03038552084901,-13.539140040052922],[-73.0294618774321,-13.539132762656816]]]}},{"type":"Feature","properties":{"Cell_ID":133,"Area_ha":1.0,"LC":"5:0.195082,6:0.059634,9:0.745284","XMIN":713154.86160847,"YMIN":8502283.59738907,"XMAX":713254.86160847,"YMAX":8502383.59738907},"geometry":{"type":"Polygon","coordinates":[[[-73.0294544373867,-13.540036458170585],[-73.0294618774321,-13.539132762656816],[-73.03038552084901,-13.539140040052922],[-73.03037808428546,-13.540043736070302],[-73.0294544373867,-13.540036458170585]]]}},{"type":"Feature","properties":{"Cell_ID":134,"Area_ha":1.0,"LC":"5:0.277162,6:0.664566,7:0.058271","XMIN":713154.86160847,"YMIN":8502183.59738907,"XMAX":713254.86160847,"YMAX":8502283.59738907},"geometry":{"type":"Polygon","coordinates":[[[-73.02944699679783,-13.540940153615155],[-73.0294544373867,-13.540036458170585],[-73.03037808428546,-13.540043736070302],[-73.0303706471787,-13.540947432018488],[-73.02944699679783,-13.540940153615155]]]}},{"type":"Feature","properties":{"Cell_ID":135,"Area_ha":1.0,"LC":"5:0.242908,6:0.362586,7:0.354590,9:0.039915","XMIN":713154.86160847,"YMIN":8502083.59738907,"XMAX":713254.86160847,"YMAX":8502183.59738907},"geometry":{"type":"Polygon","coordinates":[[[-73.02943955566549,-13.54184384899053],[-73.02944699679783,-13.540940153615155],[-73.0303706471787,-13.540947432018488],[-73.0303632095287,-13.541851127897479],[-73.02943955566549,-13.54184384899053]]]}},{"type":"Feature","properties":{"Cell_ID":136,"Area_ha":1.0,"LC":"5:0.282908,7:0.419790,9:0.297302","XMIN":713154.86160847,"YMIN":8501983.59738907,"XMAX":713254.86160847,"YMAX":8502083.59738907},"geometry":{"type":"Polygon","coordinates":[[[-73.02943211398966,-13.542747544296706],[-73.02943955566549,-13.54184384899053],[-73.0303632095287,-13.541851127897479],[-73.0303557713355,-13.542754823707273],[-73.02943211398966,-13.542747544296706]]]}},{"type":"Feature","properties":{"Cell_ID":137,"Area_ha":1.0,"LC":"7:0.622136,9:0.377864","XMIN":713154.86160847,"YMIN":8501883.59738907,"XMAX":713254.86160847,"YMAX":8501983.59738907},"geometry":{"type":"Polygon","coordinates":[[[-73.02942467177033,-13.54365123953367],[-73.02943211398966,-13.542747544296706],[-73.0303557713355,-13.542754823707273],[-73.03034833259902,-13.543658519447867],[-73.02942467177033,-13.54365123953367]]]}},{"type":"Feature","properties":{"Cell_ID":138,"Area_ha":1.0,"LC":"5:0.575208,7:0.265691,9:0.159101","XMIN":713154.86160847,"YMIN":8501783.59738907,"XMAX":713254.86160847,"YMAX":8501883.59738907},"geometry":{"type":"Polygon","coordinates":[[[-73.02941722900749,-13.544554934701425],[-73.02942467177033,-13.54365123953367],[-73.03034833259902,-13.543658519447867],[-73.03034089331929,-13.544562215119251],[-73.02941722900749,-13.544554934701425]]]}},{"type":"Feature","properties":{"Cell_ID":139,"Area_ha":1.0,"LC":"5:0.999508,7:0.000492","XMIN":713154.86160847,"YMIN":8501683.59738907,"XMAX":713254.86160847,"YMAX":8501783.59738907},"geometry":{"type":"Polygon","coordinates":[[[-73.02940978570113,-13.545458629799965],[-73.02941722900749,-13.544554934701425],[-73.03034089331929,-13.544562215119251],[-73.03033345349631,-13.545465910721422],[-73.02940978570113,-13.545458629799965]]]}},{"type":"Feature","properties":{"Cell_ID":140,"Area_ha":1.0,"LC":"5:1.000000","XMIN":713154.86160847,"YMIN":8501583.59738907,"XMAX":713254.86160847,"YMAX":8501683.59738907},"geometry":{"type":"Polygon","coordinates":[[[-73.02940234185125,-13.546362324829285],[-73.02940978570113,-13.545458629799965],[-73.03033345349631,-13.545465910721422],[-73.03032601313006,-13.54636960625438],[-73.02940234185125,-13.546362324829285]]]}},{"type":"Feature","properties":{"Cell_ID":141,"Area_ha":1.0,"LC":"5:0.338498,9:0.661502","XMIN":713154.86160847,"YMIN":8501483.59738907,"XMAX":713254.86160847,"YMAX":8501583.59738907},"geometry":{"type":"Polygon","coordinates":[[[-73.02939489745782,-13.547266019789381],[-73.02940234185125,-13.546362324829285],[-73.03032601313006,-13.54636960625438],[-73.03031857222051,-13.547273301718116],[-73.02939489745782,-13.547266019789381]]]}},{"type":"Feature","properties":{"Cell_ID":142,"Area_ha":1.0,"LC":"9:0.901729,13:0.098271","XMIN":713154.86160847,"YMIN":8501383.59738907,"XMAX":713254.86160847,"YMAX":8501483.59738907},"geometry":{"type":"Polygon","coordinates":[[[-73.02938745252084,-13.548169714680249],[-73.02939489745782,-13.547266019789381],[-73.03031857222051,-13.547273301718116],[-73.03031113076767,-13.548176997112629],[-73.02938745252084,-13.548169714680249]]]}},{"type":"Feature","properties":{"Cell_ID":143,"Area_ha":1.0,"LC":"5:0.039438,7:0.000478,9:0.784173,13:0.175912","XMIN":713154.86160847,"YMIN":8501283.59738907,"XMAX":713254.86160847,"YMAX":8501383.59738907},"geometry":{"type":"Polygon","coordinates":[[[-73.02938000704032,-13.549073409501887],[-73.02938745252084,-13.548169714680249],[-73.03031113076767,-13.548176997112629],[-73.03030368877154,-13.549080692437913],[-73.02938000704032,-13.549073409501887]]]}},{"type":"Feature","properties":{"Cell_ID":144,"Area_ha":1.0,"LC":"5:0.697373,6:0.237428,7:0.004847,9:0.060352","XMIN":713154.86160847,"YMIN":8501183.59738907,"XMAX":713254.86160847,"YMAX":8501283.59738907},"geometry":{"type":"Polygon","coordinates":[[[-73.02937256101622,-13.549977104254284],[-73.02938000704032,-13.549073409501887],[-73.03030368877154,-13.549080692437913],[-73.03029624623208,-13.549984387693959],[-73.02937256101622,-13.549977104254284]]]}},{"type":"Feature","properties":{"Cell_ID":145,"Area_ha":1.0,"LC":"5:0.894801,6:0.080633,7:0.024566","XMIN":713154.86160847,"YMIN":8501083.59738907,"XMAX":713254.86160847,"YMAX":8501183.59738907},"geometry":{"type":"Polygon","coordinates":[[[-73.02936511444854,-13.550880798937444],[-73.02937256101622,-13.549977104254284],[-73.03029624623208,-13.549984387693959],[-73.0302888031493,-13.550888082880773],[-73.02936511444854,-13.550880798937444]]]}},{"type":"Feature","properties":{"Cell_ID":146,"Area_ha":1.0,"LC":"5:0.522572,7:0.062712,9:0.176332,13:0.238384","XMIN":713154.86160847,"YMIN":8500983.59738907,"XMAX":713254.86160847,"YMAX":8501083.59738907},"geometry":{"type":"Polygon","coordinates":[[[-73.02935766733728,-13.551784493551358],[-73.02936511444854,-13.550880798937444],[-73.0302888031493,-13.550888082880773],[-73.0302813595232,-13.551791777998343],[-73.02935766733728,-13.551784493551358]]]}},{"type":"Feature","properties":{"Cell_ID":147,"Area_ha":1.0,"LC":"3:0.620533,9:0.080562,14:0.298905","XMIN":713254.86160847,"YMIN":8504583.59738907,"XMAX":713354.86160847,"YMAX":8504683.59738907},"geometry":{"type":"Polygon","coordinates":[[[-73.02870185461545,-13.519244174137555],[-73.02870928563974,-13.518340477537292],[-73.02963284850105,-13.518347746752687],[-73.02962542095275,-13.519251443856716],[-73.02870185461545,-13.519244174137555]]]}},{"type":"Feature","properties":{"Cell_ID":148,"Area_ha":1.0,"LC":"3:1.000000","XMIN":713254.86160847,"YMIN":8504483.59738907,"XMAX":713354.86160847,"YMAX":8504583.59738907},"geometry":{"type":"Polygon","coordinates":[[[-73.02869442304767,-13.520147870668724],[-73.02870185461545,-13.519244174137555],[-73.02962542095275,-13.519251443856716],[-73.02961799286122,-13.520155140891648],[-73.02869442304767,-13.520147870668724]]]}},{"type":"Feature","properties":{"Cell_ID":149,"Area_ha":1.0,"LC":"3:0.764511,7:0.136332,9:0.099156","XMIN":713254.86160847,"YMIN":8504383.59738907,"XMAX":713354.86160847,"YMAX":8504483.59738907},"geometry":{"type":"Polygon","coordinates":[[[-73.02868699093638,-13.521051567130785],[-73.02869442304767,-13.520147870668724],[-73.02961799286122,-13.520155140891648],[-73.02961056422643,-13.521058837857481],[-73.02868699093638,-13.521051567130785]]]}},{"type":"Feature","properties":{"Cell_ID":150,"Area_ha":1.0,"LC":"3:0.204847,7:0.058820,9:0.736332","XMIN":713254.86160847,"YMIN":8504283.59738907,"XMAX":713354.86160847,"YMAX":8504383.59738907},"geometry":{"type":"Polygon","coordinates":[[[-73.02867955828155,-13.521955263523745],[-73.02868699093638,-13.521051567130785],[-73.02961056422643,-13.521058837857481],[-73.02960313504838,-13.52196253475421],[-73.02867955828155,-13.521955263523745]]]}},{"type":"Feature","properties":{"Cell_ID":151,"Area_ha":1.0,"LC":"3:0.040983,9:0.662769,14:0.296248","XMIN":713254.86160847,"YMIN":8504183.59738907,"XMAX":713354.86160847,"YMAX":8504283.59738907},"geometry":{"type":"Polygon","coordinates":[[[-73.02867212508323,-13.522858959847591],[-73.02867955828155,-13.521955263523745],[-73.02960313504838,-13.52196253475421],[-73.02959570532704,-13.522866231581837],[-73.02867212508323,-13.522858959847591]]]}},{"type":"Feature","properties":{"Cell_ID":152,"Area_ha":1.0,"LC":"3:0.414309,9:0.023681,14:0.562010","XMIN":713254.86160847,"YMIN":8504083.59738907,"XMAX":713354.86160847,"YMAX":8504183.59738907},"geometry":{"type":"Polygon","coordinates":[[[-73.02866469134135,-13.523762656102326],[-73.02867212508323,-13.522858959847591],[-73.02959570532704,-13.522866231581837],[-73.02958827506244,-13.523769928340348],[-73.02866469134135,-13.523762656102326]]]}},{"type":"Feature","properties":{"Cell_ID":153,"Area_ha":1.0,"LC":"3:0.120633,14:0.879367","XMIN":713254.86160847,"YMIN":8503983.59738907,"XMAX":713354.86160847,"YMAX":8504083.59738907},"geometry":{"type":"Polygon","coordinates":[[[-73.02865725705593,-13.524666352287934],[-73.02866469134135,-13.523762656102326],[-73.02958827506244,-13.523769928340348],[-73.02958084425453,-13.524673625029745],[-73.02865725705593,-13.524666352287934]]]}},{"type":"Feature","properties":{"Cell_ID":154,"Area_ha":1.0,"LC":"9:0.020197,14:0.979803","XMIN":713254.86160847,"YMIN":8503883.59738907,"XMAX":713354.86160847,"YMAX":8503983.59738907},"geometry":{"type":"Polygon","coordinates":[[[-73.02864982222695,-13.525570048404424],[-73.02865725705593,-13.524666352287934],[-73.02958084425453,-13.524673625029745],[-73.02957341290332,-13.525577321650022],[-73.02864982222695,-13.525570048404424]]]}},{"type":"Feature","properties":{"Cell_ID":155,"Area_ha":1.0,"LC":"9:0.200899,14:0.799101","XMIN":713254.86160847,"YMIN":8503783.59738907,"XMAX":713354.86160847,"YMAX":8503883.59738907},"geometry":{"type":"Polygon","coordinates":[[[-73.02864238685439,-13.526473744451785],[-73.02864982222695,-13.525570048404424],[-73.02957341290332,-13.525577321650022],[-73.0295659810088,-13.526481018201173],[-73.02864238685439,-13.526473744451785]]]}},{"type":"Feature","properties":{"Cell_ID":156,"Area_ha":1.0,"LC":"7:0.001447,9:0.583190,13:0.294801,14:0.120562","XMIN":713254.86160847,"YMIN":8503683.59738907,"XMAX":713354.86160847,"YMAX":8503783.59738907},"geometry":{"type":"Polygon","coordinates":[[[-73.02863495093827,-13.527377440430016],[-73.02864238685439,-13.526473744451785],[-73.0295659810088,-13.526481018201173],[-73.02955854857095,-13.527384714683198],[-73.02863495093827,-13.527377440430016]]]}},{"type":"Feature","properties":{"Cell_ID":157,"Area_ha":1.0,"LC":"7:0.001461,9:0.435644,13:0.220352,14:0.342543","XMIN":713254.86160847,"YMIN":8503583.59738907,"XMAX":713354.86160847,"YMAX":8503683.59738907},"geometry":{"type":"Polygon","coordinates":[[[-73.02862751447856,-13.528281136339105],[-73.02863495093827,-13.527377440430016],[-73.02955854857095,-13.527384714683198],[-73.02955111558975,-13.52828841109609],[-73.02862751447856,-13.528281136339105]]]}},{"type":"Feature","properties":{"Cell_ID":158,"Area_ha":1.0,"LC":"9:0.636600,13:0.083386,14:0.280014","XMIN":713254.86160847,"YMIN":8503483.59738907,"XMAX":713354.86160847,"YMAX":8503583.59738907},"geometry":{"type":"Polygon","coordinates":[[[-73.02862007747525,-13.529184832179055],[-73.02862751447856,-13.528281136339105],[-73.02955111558975,-13.52828841109609],[-73.02954368206524,-13.529192107439842],[-73.02862007747525,-13.529184832179055]]]}},{"type":"Feature","properties":{"Cell_ID":159,"Area_ha":1.0,"LC":"9:0.220281,13:0.124285,14:0.655434","XMIN":713254.86160847,"YMIN":8503383.59738907,"XMAX":713354.86160847,"YMAX":8503483.59738907},"geometry":{"type":"Polygon","coordinates":[[[-73.02861263992833,-13.53008852794986],[-73.02862007747525,-13.529184832179055],[-73.02954368206524,-13.529192107439842],[-73.02953624799736,-13.530095803714453],[-73.02861263992833,-13.53008852794986]]]}},{"type":"Feature","properties":{"Cell_ID":160,"Area_ha":1.0,"LC":"9:0.600814,13:0.359115,14:0.040071","XMIN":713254.86160847,"YMIN":8503283.59738907,"XMAX":713354.86160847,"YMAX":8503383.59738907},"geometry":{"type":"Polygon","coordinates":[[[-73.02860520183779,-13.530992223651515],[-73.02861263992833,-13.53008852794986],[-73.02953624799736,-13.530095803714453],[-73.02952881338612,-13.530999499919917],[-73.02860520183779,-13.530992223651515]]]}},{"type":"Feature","properties":{"Cell_ID":161,"Area_ha":1.0,"LC":"9:0.938834,14:0.061166","XMIN":713254.86160847,"YMIN":8503183.59738907,"XMAX":713354.86160847,"YMAX":8503283.59738907},"geometry":{"type":"Polygon","coordinates":[[[-73.02859776320363,-13.531895919284016],[-73.02860520183779,-13.530992223651515],[-73.02952881338612,-13.530999499919917],[-73.02952137823152,-13.531903196056234],[-73.02859776320363,-13.531895919284016]]]}},{"type":"Feature","properties":{"Cell_ID":162,"Area_ha":1.0,"LC":"5:0.059719,9:0.617444,14:0.322838","XMIN":713254.86160847,"YMIN":8503083.59738907,"XMAX":713354.86160847,"YMAX":8503183.59738907},"geometry":{"type":"Polygon","coordinates":[[[-73.02859032402584,-13.53279961484736],[-73.02859776320363,-13.531895919284016],[-73.02952137823152,-13.531903196056234],[-73.02951394253353,-13.532806892123391],[-73.02859032402584,-13.53279961484736]]]}},{"type":"Feature","properties":{"Cell_ID":163,"Area_ha":1.0,"LC":"5:0.375363,9:0.483793,14:0.140844","XMIN":713254.86160847,"YMIN":8502983.59738907,"XMAX":713354.86160847,"YMAX":8503083.59738907},"geometry":{"type":"Polygon","coordinates":[[[-73.0285828843044,-13.533703310341538],[-73.02859032402584,-13.53279961484736],[-73.02951394253353,-13.532806892123391],[-73.02950650629215,-13.533710588121393],[-73.0285828843044,-13.533703310341538]]]}},{"type":"Feature","properties":{"Cell_ID":164,"Area_ha":1.0,"LC":"5:0.220268,9:0.779732","XMIN":713254.86160847,"YMIN":8502883.59738907,"XMAX":713354.86160847,"YMAX":8502983.59738907},"geometry":{"type":"Polygon","coordinates":[[[-73.0285754440393,-13.534607005766553],[-73.0285828843044,-13.533703310341538],[-73.02950650629215,-13.533710588121393],[-73.02949906950738,-13.53461428405023],[-73.0285754440393,-13.534607005766553]]]}},{"type":"Feature","properties":{"Cell_ID":165,"Area_ha":1.0,"LC":"5:0.061742,9:0.482895,16:0.455363","XMIN":713254.86160847,"YMIN":8502783.59738907,"XMAX":713354.86160847,"YMAX":8502883.59738907},"geometry":{"type":"Polygon","coordinates":[[[-73.02856800323053,-13.535510701122394],[-73.0285754440393,-13.534607005766553],[-73.02949906950738,-13.53461428405023],[-73.02949163217917,-13.5355179799099],[-73.02856800323053,-13.535510701122394]]]}},{"type":"Feature","properties":{"Cell_ID":166,"Area_ha":1.0,"LC":"9:0.862783,16:0.078946,17:0.058271","XMIN":713254.86160847,"YMIN":8502683.59738907,"XMAX":713354.86160847,"YMAX":8502783.59738907},"geometry":{"type":"Polygon","coordinates":[[[-73.02856056187811,-13.536414396409059],[-73.02856800323053,-13.535510701122394],[-73.02949163217917,-13.5355179799099],[-73.02948419430756,-13.536421675700398],[-73.02856056187811,-13.536414396409059]]]}},{"type":"Feature","properties":{"Cell_ID":167,"Area_ha":1.0,"LC":"5:0.020197,6:0.241939,9:0.142712,16:0.575363,17:0.019790","XMIN":713254.86160847,"YMIN":8502583.59738907,"XMAX":713354.86160847,"YMAX":8502683.59738907},"geometry":{"type":"Polygon","coordinates":[[[-73.02855311998199,-13.537318091626545],[-73.02856056187811,-13.536414396409059],[-73.02948419430756,-13.536421675700398],[-73.0294767558925,-13.53732537142172],[-73.02855311998199,-13.537318091626545]]]}},{"type":"Feature","properties":{"Cell_ID":168,"Area_ha":1.0,"LC":"5:0.020773,9:0.260533,13:0.638061,16:0.080633","XMIN":713254.86160847,"YMIN":8502483.59738907,"XMAX":713354.86160847,"YMAX":8502583.59738907},"geometry":{"type":"Polygon","coordinates":[[[-73.02854567754217,-13.538221786774848],[-73.02855311998199,-13.537318091626545],[-73.0294767558925,-13.53732537142172],[-73.02946931693403,-13.538229067073862],[-73.02854567754217,-13.538221786774848]]]}},{"type":"Feature","properties":{"Cell_ID":169,"Area_ha":1.0,"LC":"9:1.000000","XMIN":713254.86160847,"YMIN":8502383.59738907,"XMAX":713354.86160847,"YMAX":8502483.59738907},"geometry":{"type":"Polygon","coordinates":[[[-73.02853823455865,-13.539125481853961],[-73.02854567754217,-13.538221786774848],[-73.02946931693403,-13.538229067073862],[-73.0294618774321,-13.539132762656816],[-73.02853823455865,-13.539125481853961]]]}},{"type":"Feature","properties":{"Cell_ID":170,"Area_ha":1.0,"LC":"6:0.038960,9:0.961040","XMIN":713254.86160847,"YMIN":8502283.59738907,"XMAX":713354.86160847,"YMAX":8502383.59738907},"geometry":{"type":"Polygon","coordinates":[[[-73.02853079103141,-13.540029176863884],[-73.02853823455865,-13.539125481853961],[-73.0294618774321,-13.539132762656816],[-73.0294544373867,-13.540036458170585],[-73.02853079103141,-13.540029176863884]]]}},{"type":"Feature","properties":{"Cell_ID":171,"Area_ha":1.0,"LC":"6:0.335434,9:0.664566","XMIN":713254.86160847,"YMIN":8502183.59738907,"XMAX":713354.86160847,"YMAX":8502283.59738907},"geometry":{"type":"Polygon","coordinates":[[[-73.02852334696047,-13.540932871804605],[-73.02853079103141,-13.540029176863884],[-73.0294544373867,-13.540036458170585],[-73.02944699679783,-13.540940153615155],[-73.02852334696047,-13.540932871804605]]]}},{"type":"Feature","properties":{"Cell_ID":172,"Area_ha":1.0,"LC":"5:0.357092,6:0.058820,9:0.584088","XMIN":713254.86160847,"YMIN":8502083.59738907,"XMAX":713354.86160847,"YMAX":8502183.59738907},"geometry":{"type":"Polygon","coordinates":[[[-73.02851590234577,-13.541836566676125],[-73.02852334696047,-13.540932871804605],[-73.02944699679783,-13.540940153615155],[-73.02943955566549,-13.54184384899053],[-73.02851590234577,-13.541836566676125]]]}},{"type":"Feature","properties":{"Cell_ID":173,"Area_ha":1.0,"LC":"5:0.437092,9:0.562908","XMIN":713254.86160847,"YMIN":8501983.59738907,"XMAX":713354.86160847,"YMAX":8502083.59738907},"geometry":{"type":"Polygon","coordinates":[[[-73.02850845718733,-13.542740261478441],[-73.02851590234577,-13.541836566676125],[-73.02943955566549,-13.54184384899053],[-73.02943211398966,-13.542747544296706],[-73.02850845718733,-13.542740261478441]]]}},{"type":"Feature","properties":{"Cell_ID":174,"Area_ha":1.0,"LC":"5:0.003386,6:0.459156,7:0.157021,9:0.380437","XMIN":713254.86160847,"YMIN":8501883.59738907,"XMAX":713354.86160847,"YMAX":8501983.59738907},"geometry":{"type":"Polygon","coordinates":[[[-73.02850101148515,-13.543643956211547],[-73.02850845718733,-13.542740261478441],[-73.02943211398966,-13.542747544296706],[-73.02942467177033,-13.54365123953367],[-73.02850101148515,-13.543643956211547]]]}},{"type":"Feature","properties":{"Cell_ID":175,"Area_ha":1.0,"LC":"5:0.003400,6:0.060844,7:0.874590,9:0.061166","XMIN":713254.86160847,"YMIN":8501783.59738907,"XMAX":713354.86160847,"YMAX":8501883.59738907},"geometry":{"type":"Polygon","coordinates":[[[-73.02849356523919,-13.544547650875433],[-73.02850101148515,-13.543643956211547],[-73.02942467177033,-13.54365123953367],[-73.02941722900749,-13.544554934701425],[-73.02849356523919,-13.544547650875433]]]}},{"type":"Feature","properties":{"Cell_ID":176,"Area_ha":1.0,"LC":"5:0.175363,7:0.803864,9:0.020773","XMIN":713254.86160847,"YMIN":8501683.59738907,"XMAX":713354.86160847,"YMAX":8501783.59738907},"geometry":{"type":"Polygon","coordinates":[[[-73.02848611844948,-13.54545134547011],[-73.02849356523919,-13.544547650875433],[-73.02941722900749,-13.544554934701425],[-73.02940978570113,-13.545458629799965],[-73.02848611844948,-13.54545134547011]]]}},{"type":"Feature","properties":{"Cell_ID":177,"Area_ha":1.0,"LC":"5:0.195153,7:0.803400,16:0.001447","XMIN":713254.86160847,"YMIN":8501583.59738907,"XMAX":713354.86160847,"YMAX":8501683.59738907},"geometry":{"type":"Polygon","coordinates":[[[-73.02847867111596,-13.546355039995559],[-73.02848611844948,-13.54545134547011],[-73.02940978570113,-13.545458629799965],[-73.02940234185125,-13.546362324829285],[-73.02847867111596,-13.546355039995559]]]}},{"type":"Feature","properties":{"Cell_ID":178,"Area_ha":1.0,"LC":"5:0.019790,7:0.801447,9:0.175363,16:0.003400","XMIN":713254.86160847,"YMIN":8501483.59738907,"XMAX":713354.86160847,"YMAX":8501583.59738907},"geometry":{"type":"Polygon","coordinates":[[[-73.02847122323867,-13.547258734451777],[-73.02847867111596,-13.546355039995559],[-73.02940234185125,-13.546362324829285],[-73.02939489745782,-13.547266019789381],[-73.02847122323867,-13.547258734451777]]]}},{"type":"Feature","properties":{"Cell_ID":179,"Area_ha":1.0,"LC":"7:0.763962,9:0.195153,16:0.040885","XMIN":713254.86160847,"YMIN":8501383.59738907,"XMAX":713354.86160847,"YMAX":8501483.59738907},"geometry":{"type":"Polygon","coordinates":[[[-73.02846377481757,-13.548162428838767],[-73.02847122323867,-13.547258734451777],[-73.02939489745782,-13.547266019789381],[-73.02938745252084,-13.548169714680249],[-73.02846377481757,-13.548162428838767]]]}},{"type":"Feature","properties":{"Cell_ID":180,"Area_ha":1.0,"LC":"7:0.419241,9:0.175912,16:0.404847","XMIN":713254.86160847,"YMIN":8501283.59738907,"XMAX":713354.86160847,"YMAX":8501383.59738907},"geometry":{"type":"Polygon","coordinates":[[[-73.02845632585264,-13.549066123156521],[-73.02846377481757,-13.548162428838767],[-73.02938745252084,-13.548169714680249],[-73.02938000704032,-13.549073409501887],[-73.02845632585264,-13.549066123156521]]]}},{"type":"Feature","properties":{"Cell_ID":181,"Area_ha":1.0,"LC":"7:0.694871,9:0.001447,16:0.303681","XMIN":713254.86160847,"YMIN":8501183.59738907,"XMAX":713354.86160847,"YMAX":8501283.59738907},"geometry":{"type":"Polygon","coordinates":[[[-73.02844887634392,-13.549969817405032],[-73.02845632585264,-13.549066123156521],[-73.02938000704032,-13.549073409501887],[-73.02937256101622,-13.549977104254284],[-73.02844887634392,-13.549969817405032]]]}},{"type":"Feature","properties":{"Cell_ID":182,"Area_ha":1.0,"LC":"7:0.974871,9:0.004847,16:0.020281","XMIN":713254.86160847,"YMIN":8501083.59738907,"XMAX":713354.86160847,"YMAX":8501183.59738907},"geometry":{"type":"Polygon","coordinates":[[[-73.02844142629135,-13.5508735115843],[-73.02844887634392,-13.549969817405032],[-73.02937256101622,-13.549977104254284],[-73.02936511444854,-13.550880798937444],[-73.02844142629135,-13.5508735115843]]]}},{"type":"Feature","properties":{"Cell_ID":183,"Area_ha":1.0,"LC":"5:0.238061,7:0.681111,9:0.022149,13:0.058678","XMIN":713254.86160847,"YMIN":8500983.59738907,"XMAX":713354.86160847,"YMAX":8501083.59738907},"geometry":{"type":"Polygon","coordinates":[[[-73.02843397569494,-13.551777205694318],[-73.02844142629135,-13.5508735115843],[-73.02936511444854,-13.550880798937444],[-73.02935766733728,-13.551784493551358],[-73.02843397569494,-13.551777205694318]]]}},{"type":"Feature","properties":{"Cell_ID":184,"Area_ha":1.0,"LC":"7:0.021742,9:0.720814,13:0.257444","XMIN":713254.86160847,"YMIN":8500883.59738907,"XMAX":713354.86160847,"YMAX":8500983.59738907},"geometry":{"type":"Polygon","coordinates":[[[-73.02842652455469,-13.552680899735083],[-73.02843397569494,-13.551777205694318],[-73.02935766733728,-13.551784493551358],[-73.02935021968241,-13.552688188096015],[-73.02842652455469,-13.552680899735083]]]}},{"type":"Feature","properties":{"Cell_ID":185,"Area_ha":1.0,"LC":"9:0.517583,13:0.482417","XMIN":713254.86160847,"YMIN":8500783.59738907,"XMAX":713354.86160847,"YMAX":8500883.59738907},"geometry":{"type":"Polygon","coordinates":[[[-73.02841907287056,-13.55358459370659],[-73.02842652455469,-13.552680899735083],[-73.02935021968241,-13.552688188096015],[-73.02934277148395,-13.553591882571427],[-73.02841907287056,-13.55358459370659]]]}},{"type":"Feature","properties":{"Cell_ID":186,"Area_ha":1.0,"LC":"5:0.363793,9:0.518216,14:0.117990","XMIN":713354.86160847,"YMIN":8504683.59738907,"XMAX":713454.86160847,"YMAX":8504783.59738907},"geometry":{"type":"Polygon","coordinates":[[[-73.0277857233219,-13.518333204920577],[-73.02779315727842,-13.517429508755212],[-73.02871671612053,-13.517436780867934],[-73.02870928563974,-13.518340477537292],[-73.0277857233219,-13.518333204920577]]]}},{"type":"Feature","properties":{"Cell_ID":187,"Area_ha":1.0,"LC":"3:0.616655,5:0.061335,14:0.322010","XMIN":713354.86160847,"YMIN":8504583.59738907,"XMAX":713454.86160847,"YMAX":8504683.59738907},"geometry":{"type":"Polygon","coordinates":[[[-73.02777828882164,-13.519236901016844],[-73.0277857233219,-13.518333204920577],[-73.02870928563974,-13.518340477537292],[-73.02870185461545,-13.519244174137555],[-73.02777828882164,-13.519236901016844]]]}},{"type":"Feature","properties":{"Cell_ID":188,"Area_ha":1.0,"LC":"3:1.000000","XMIN":713354.86160847,"YMIN":8504483.59738907,"XMAX":713454.86160847,"YMAX":8504583.59738907},"geometry":{"type":"Polygon","coordinates":[[[-73.02777085377761,-13.520140597044007],[-73.02777828882164,-13.519236901016844],[-73.02870185461545,-13.519244174137555],[-73.02869442304767,-13.520147870668724],[-73.02777085377761,-13.520140597044007]]]}},{"type":"Feature","properties":{"Cell_ID":189,"Area_ha":1.0,"LC":"3:1.000000","XMIN":713354.86160847,"YMIN":8504383.59738907,"XMAX":713454.86160847,"YMAX":8504483.59738907},"geometry":{"type":"Polygon","coordinates":[[[-73.02776341818983,-13.521044293002065],[-73.02777085377761,-13.520140597044007],[-73.02869442304767,-13.520147870668724],[-73.02868699093638,-13.521051567130785],[-73.02776341818983,-13.521044293002065]]]}},{"type":"Feature","properties":{"Cell_ID":190,"Area_ha":1.0,"LC":"3:0.858427,14:0.141573","XMIN":713354.86160847,"YMIN":8504283.59738907,"XMAX":713454.86160847,"YMAX":8504383.59738907},"geometry":{"type":"Polygon","coordinates":[[[-73.02775598205828,-13.521947988891016],[-73.02776341818983,-13.521044293002065],[-73.02868699093638,-13.521051567130785],[-73.02867955828155,-13.521955263523745],[-73.02775598205828,-13.521947988891016]]]}},{"type":"Feature","properties":{"Cell_ID":191,"Area_ha":1.0,"LC":"3:0.442010,9:0.375770,14:0.182220","XMIN":713354.86160847,"YMIN":8504183.59738907,"XMAX":713454.86160847,"YMAX":8504283.59738907},"geometry":{"type":"Polygon","coordinates":[[[-73.02774854538295,-13.522851684710849],[-73.02775598205828,-13.521947988891016],[-73.02867955828155,-13.521955263523745],[-73.02867212508323,-13.522858959847591],[-73.02774854538295,-13.522851684710849]]]}},{"type":"Feature","properties":{"Cell_ID":192,"Area_ha":1.0,"LC":"9:0.520071,13:0.360885,14:0.119044","XMIN":713354.86160847,"YMIN":8504083.59738907,"XMAX":713454.86160847,"YMAX":8504183.59738907},"geometry":{"type":"Polygon","coordinates":[[[-73.02774110816382,-13.523755380461568],[-73.02774854538295,-13.522851684710849],[-73.02867212508323,-13.522858959847591],[-73.02866469134135,-13.523762656102326],[-73.02774110816382,-13.523755380461568]]]}},{"type":"Feature","properties":{"Cell_ID":193,"Area_ha":1.0,"LC":"9:0.180281,13:0.324932,14:0.494787","XMIN":713354.86160847,"YMIN":8503983.59738907,"XMAX":713454.86160847,"YMAX":8504083.59738907},"geometry":{"type":"Polygon","coordinates":[[[-73.02773367040088,-13.524659076143159],[-73.02774110816382,-13.523755380461568],[-73.02866469134135,-13.523762656102326],[-73.02865725705593,-13.524666352287934],[-73.02773367040088,-13.524659076143159]]]}},{"type":"Feature","properties":{"Cell_ID":194,"Area_ha":1.0,"LC":"9:0.259563,14:0.740437","XMIN":713354.86160847,"YMIN":8503883.59738907,"XMAX":713454.86160847,"YMAX":8503983.59738907},"geometry":{"type":"Polygon","coordinates":[[[-73.02772623209414,-13.525562771755622],[-73.02773367040088,-13.524659076143159],[-73.02865725705593,-13.524666352287934],[-73.02864982222695,-13.525570048404424],[-73.02772623209414,-13.525562771755622]]]}},{"type":"Feature","properties":{"Cell_ID":195,"Area_ha":1.0,"LC":"9:0.520647,13:0.321292,14:0.158061","XMIN":713354.86160847,"YMIN":8503783.59738907,"XMAX":713454.86160847,"YMAX":8503883.59738907},"geometry":{"type":"Polygon","coordinates":[[[-73.02771879324358,-13.526466467298958],[-73.02772623209414,-13.525562771755622],[-73.02864982222695,-13.525570048404424],[-73.02864238685439,-13.526473744451785],[-73.02771879324358,-13.526466467298958]]]}},{"type":"Feature","properties":{"Cell_ID":196,"Area_ha":1.0,"LC":"7:0.297709,9:0.537766,13:0.164525","XMIN":713354.86160847,"YMIN":8503683.59738907,"XMAX":713454.86160847,"YMAX":8503783.59738907},"geometry":{"type":"Polygon","coordinates":[[[-73.02771135384918,-13.527370162773156],[-73.02771879324358,-13.526466467298958],[-73.02864238685439,-13.526473744451785],[-73.02863495093827,-13.527377440430016],[-73.02771135384918,-13.527370162773156]]]}},{"type":"Feature","properties":{"Cell_ID":197,"Area_ha":1.0,"LC":"7:0.661729,9:0.201939,14:0.136332","XMIN":713354.86160847,"YMIN":8503583.59738907,"XMAX":713454.86160847,"YMAX":8503683.59738907},"geometry":{"type":"Polygon","coordinates":[[[-73.02770391391094,-13.528273858178212],[-73.02771135384918,-13.527370162773156],[-73.02863495093827,-13.527377440430016],[-73.02862751447856,-13.528281136339105],[-73.02770391391094,-13.528273858178212]]]}},{"type":"Feature","properties":{"Cell_ID":198,"Area_ha":1.0,"LC":"5:0.219719,7:0.040562,9:0.505129,13:0.175770,14:0.058820","XMIN":713354.86160847,"YMIN":8503483.59738907,"XMAX":713454.86160847,"YMAX":8503583.59738907},"geometry":{"type":"Polygon","coordinates":[[[-73.02769647342886,-13.529177553514124],[-73.02770391391094,-13.528273858178212],[-73.02862751447856,-13.528281136339105],[-73.02862007747525,-13.529184832179055],[-73.02769647342886,-13.529177553514124]]]}},{"type":"Feature","properties":{"Cell_ID":199,"Area_ha":1.0,"LC":"5:0.204356,9:0.020773,13:0.774871","XMIN":713354.86160847,"YMIN":8503383.59738907,"XMAX":713454.86160847,"YMAX":8503483.59738907},"geometry":{"type":"Polygon","coordinates":[[[-73.0276890324029,-13.530081248780887],[-73.02769647342886,-13.529177553514124],[-73.02862007747525,-13.529184832179055],[-73.02861263992833,-13.53008852794986],[-73.0276890324029,-13.530081248780887]]]}},{"type":"Feature","properties":{"Cell_ID":200,"Area_ha":1.0,"LC":"3:0.000969,5:0.201939,9:0.197021,13:0.598132,14:0.001939","XMIN":713354.86160847,"YMIN":8503283.59738907,"XMAX":713454.86160847,"YMAX":8503383.59738907},"geometry":{"type":"Polygon","coordinates":[[[-73.02768159083308,-13.530984943978494],[-73.0276890324029,-13.530081248780887],[-73.02861263992833,-13.53008852794986],[-73.02860520183779,-13.530992223651515],[-73.02768159083308,-13.530984943978494]]]}},{"type":"Feature","properties":{"Cell_ID":201,"Area_ha":1.0,"LC":"5:0.304651,9:0.516516,13:0.080562,14:0.098271","XMIN":713354.86160847,"YMIN":8503183.59738907,"XMAX":713454.86160847,"YMAX":8503283.59738907},"geometry":{"type":"Polygon","coordinates":[[[-73.02767414871938,-13.531888639106947],[-73.02768159083308,-13.530984943978494],[-73.02860520183779,-13.530992223651515],[-73.02859776320363,-13.531895919284016],[-73.02767414871938,-13.531888639106947]]]}},{"type":"Feature","properties":{"Cell_ID":202,"Area_ha":1.0,"LC":"9:0.863119,14:0.136881","XMIN":713354.86160847,"YMIN":8503083.59738907,"XMAX":713454.86160847,"YMAX":8503183.59738907},"geometry":{"type":"Polygon","coordinates":[[[-73.0276667060618,-13.532792334166235],[-73.02767414871938,-13.531888639106947],[-73.02859776320363,-13.531895919284016],[-73.02859032402584,-13.53279961484736],[-73.0276667060618,-13.532792334166235]]]}},{"type":"Feature","properties":{"Cell_ID":203,"Area_ha":1.0,"LC":"9:1.000000","XMIN":713354.86160847,"YMIN":8502983.59738907,"XMAX":713454.86160847,"YMAX":8503083.59738907},"geometry":{"type":"Polygon","coordinates":[[[-73.02765926286031,-13.533696029156362],[-73.0276667060618,-13.532792334166235],[-73.02859032402584,-13.53279961484736],[-73.0285828843044,-13.533703310341538],[-73.02765926286031,-13.533696029156362]]]}},{"type":"Feature","properties":{"Cell_ID":204,"Area_ha":1.0,"LC":"5:0.337624,9:0.662376","XMIN":713354.86160847,"YMIN":8502883.59738907,"XMAX":713454.86160847,"YMAX":8502983.59738907},"geometry":{"type":"Polygon","coordinates":[[[-73.0276518191149,-13.534599724077315],[-73.02765926286031,-13.533696029156362],[-73.0285828843044,-13.533703310341538],[-73.0285754440393,-13.534607005766553],[-73.0276518191149,-13.534599724077315]]]}},{"type":"Feature","properties":{"Cell_ID":205,"Area_ha":1.0,"LC":"5:0.422376,9:0.577624","XMIN":713354.86160847,"YMIN":8502783.59738907,"XMAX":713454.86160847,"YMAX":8502883.59738907},"geometry":{"type":"Polygon","coordinates":[[[-73.02764437482558,-13.535503418929093],[-73.0276518191149,-13.534599724077315],[-73.0285754440393,-13.534607005766553],[-73.02856800323053,-13.535510701122394],[-73.02764437482558,-13.535503418929093]]]}},{"type":"Feature","properties":{"Cell_ID":206,"Area_ha":1.0,"LC":"9:1.000000","XMIN":713354.86160847,"YMIN":8502683.59738907,"XMAX":713454.86160847,"YMAX":8502783.59738907},"geometry":{"type":"Polygon","coordinates":[[[-73.02763692999234,-13.53640711371169],[-73.02764437482558,-13.535503418929093],[-73.02856800323053,-13.535510701122394],[-73.02856056187811,-13.536414396409059],[-73.02763692999234,-13.53640711371169]]]}},{"type":"Feature","properties":{"Cell_ID":207,"Area_ha":1.0,"LC":"5:0.221502,6:0.278061,9:0.500437","XMIN":713354.86160847,"YMIN":8502583.59738907,"XMAX":713454.86160847,"YMAX":8502683.59738907},"geometry":{"type":"Polygon","coordinates":[[[-73.02762948461515,-13.537310808425104],[-73.02763692999234,-13.53640711371169],[-73.02856056187811,-13.536414396409059],[-73.02855311998199,-13.537318091626545],[-73.02762948461515,-13.537310808425104]]]}},{"type":"Feature","properties":{"Cell_ID":208,"Area_ha":1.0,"LC":"5:0.203064,6:0.102136,9:0.296739,13:0.398061","XMIN":713354.86160847,"YMIN":8502483.59738907,"XMAX":713454.86160847,"YMAX":8502583.59738907},"geometry":{"type":"Polygon","coordinates":[[[-73.02762203869402,-13.538214503069332],[-73.02762948461515,-13.537310808425104],[-73.02855311998199,-13.537318091626545],[-73.02854567754217,-13.538221786774848],[-73.02762203869402,-13.538214503069332]]]}},{"type":"Feature","properties":{"Cell_ID":209,"Area_ha":1.0,"LC":"5:0.141251,6:0.061742,9:0.797007","XMIN":713354.86160847,"YMIN":8502383.59738907,"XMAX":713454.86160847,"YMAX":8502483.59738907},"geometry":{"type":"Polygon","coordinates":[[[-73.02761459222891,-13.539118197644369],[-73.02762203869402,-13.538214503069332],[-73.02854567754217,-13.538221786774848],[-73.02853823455865,-13.539125481853961],[-73.02761459222891,-13.539118197644369]]]}},{"type":"Feature","properties":{"Cell_ID":210,"Area_ha":1.0,"LC":"9:1.000000","XMIN":713354.86160847,"YMIN":8502283.59738907,"XMAX":713454.86160847,"YMAX":8502383.59738907},"geometry":{"type":"Polygon","coordinates":[[[-73.02760714521986,-13.540021892150204],[-73.02761459222891,-13.539118197644369],[-73.02853823455865,-13.539125481853961],[-73.02853079103141,-13.540029176863884],[-73.02760714521986,-13.540021892150204]]]}},{"type":"Feature","properties":{"Cell_ID":211,"Area_ha":1.0,"LC":"9:1.000000","XMIN":713354.86160847,"YMIN":8502183.59738907,"XMAX":713454.86160847,"YMAX":8502283.59738907},"geometry":{"type":"Polygon","coordinates":[[[-73.02759969766682,-13.540925586586843],[-73.02760714521986,-13.540021892150204],[-73.02853079103141,-13.540029176863884],[-73.02852334696047,-13.540932871804605],[-73.02759969766682,-13.540925586586843]]]}},{"type":"Feature","properties":{"Cell_ID":212,"Area_ha":1.0,"LC":"9:0.998061,14:0.001939","XMIN":713354.86160847,"YMIN":8502083.59738907,"XMAX":713454.86160847,"YMAX":8502183.59738907},"geometry":{"type":"Polygon","coordinates":[[[-73.02759224956979,-13.541829280954273],[-73.02759969766682,-13.540925586586843],[-73.02852334696047,-13.540932871804605],[-73.02851590234577,-13.541836566676125],[-73.02759224956979,-13.541829280954273]]]}},{"type":"Feature","properties":{"Cell_ID":213,"Area_ha":1.0,"LC":"6:0.039915,9:0.960085","XMIN":713354.86160847,"YMIN":8501983.59738907,"XMAX":713454.86160847,"YMAX":8502083.59738907},"geometry":{"type":"Polygon","coordinates":[[[-73.02758480092875,-13.542732975252497],[-73.02759224956979,-13.541829280954273],[-73.02851590234577,-13.541836566676125],[-73.02850845718733,-13.542740261478441],[-73.02758480092875,-13.542732975252497]]]}},{"type":"Feature","properties":{"Cell_ID":214,"Area_ha":1.0,"LC":"5:0.156051,6:0.424566,9:0.419383","XMIN":713354.86160847,"YMIN":8501883.59738907,"XMAX":713454.86160847,"YMAX":8501983.59738907},"geometry":{"type":"Polygon","coordinates":[[[-73.02757735174373,-13.543636669481508],[-73.02758480092875,-13.542732975252497],[-73.02850845718733,-13.542740261478441],[-73.02850101148515,-13.543643956211547],[-73.02757735174373,-13.543636669481508]]]}},{"type":"Feature","properties":{"Cell_ID":215,"Area_ha":1.0,"LC":"5:0.317162,6:0.381335,9:0.261587,16:0.039915","XMIN":713354.86160847,"YMIN":8501783.59738907,"XMAX":713454.86160847,"YMAX":8501883.59738907},"geometry":{"type":"Polygon","coordinates":[[[-73.02756990201468,-13.544540363641294],[-73.02757735174373,-13.543636669481508],[-73.02850101148515,-13.543643956211547],[-73.02849356523919,-13.544547650875433],[-73.02756990201468,-13.544540363641294]]]}},{"type":"Feature","properties":{"Cell_ID":216,"Area_ha":1.0,"LC":"6:0.220604,7:0.275082,9:0.462291,16:0.042023","XMIN":713354.86160847,"YMIN":8501683.59738907,"XMAX":713454.86160847,"YMAX":8501783.59738907},"geometry":{"type":"Polygon","coordinates":[[[-73.0275624517416,-13.545444057731862],[-73.02756990201468,-13.544540363641294],[-73.02849356523919,-13.544547650875433],[-73.02848611844948,-13.54545134547011],[-73.0275624517416,-13.545444057731862]]]}},{"type":"Feature","properties":{"Cell_ID":217,"Area_ha":1.0,"LC":"6:0.181335,7:0.157162,16:0.421180,18:0.240323","XMIN":713354.86160847,"YMIN":8501583.59738907,"XMAX":713454.86160847,"YMAX":8501683.59738907},"geometry":{"type":"Polygon","coordinates":[[[-73.02755500092448,-13.546347751753203],[-73.0275624517416,-13.545444057731862],[-73.02848611844948,-13.54545134547011],[-73.02847867111596,-13.546355039995559],[-73.02755500092448,-13.546347751753203]]]}},{"type":"Feature","properties":{"Cell_ID":218,"Area_ha":1.0,"LC":"7:0.298594,16:0.298820,18:0.402586","XMIN":713354.86160847,"YMIN":8501483.59738907,"XMAX":713454.86160847,"YMAX":8501583.59738907},"geometry":{"type":"Polygon","coordinates":[[[-73.02754754956332,-13.547251445705312],[-73.02755500092448,-13.546347751753203],[-73.02847867111596,-13.546355039995559],[-73.02847122323867,-13.547258734451777],[-73.02754754956332,-13.547251445705312]]]}},{"type":"Feature","properties":{"Cell_ID":219,"Area_ha":1.0,"LC":"7:0.619467,9:0.000478,16:0.380055","XMIN":713354.86160847,"YMIN":8501383.59738907,"XMAX":713454.86160847,"YMAX":8501483.59738907},"geometry":{"type":"Polygon","coordinates":[[[-73.02754009765809,-13.548155139588184],[-73.02754754956332,-13.547251445705312],[-73.02847122323867,-13.547258734451777],[-73.02846377481757,-13.548162428838767],[-73.02754009765809,-13.548155139588184]]]}},{"type":"Feature","properties":{"Cell_ID":220,"Area_ha":1.0,"LC":"9:0.204285,16:0.795715","XMIN":713354.86160847,"YMIN":8501283.59738907,"XMAX":713454.86160847,"YMAX":8501383.59738907},"geometry":{"type":"Polygon","coordinates":[[[-73.02753264520881,-13.54905883340182],[-73.02754009765809,-13.548155139588184],[-73.02846377481757,-13.548162428838767],[-73.02845632585264,-13.549066123156521],[-73.02753264520881,-13.54905883340182]]]}},{"type":"Feature","properties":{"Cell_ID":221,"Area_ha":1.0,"LC":"9:0.662556,16:0.337444","XMIN":713354.86160847,"YMIN":8501183.59738907,"XMAX":713454.86160847,"YMAX":8501283.59738907},"geometry":{"type":"Polygon","coordinates":[[[-73.02752519221546,-13.54996252714621],[-73.02753264520881,-13.54905883340182],[-73.02845632585264,-13.549066123156521],[-73.02844887634392,-13.549969817405032],[-73.02752519221546,-13.54996252714621]]]}},{"type":"Feature","properties":{"Cell_ID":222,"Area_ha":1.0,"LC":"5:0.082417,9:0.837176,14:0.080407","XMIN":713354.86160847,"YMIN":8501083.59738907,"XMAX":713454.86160847,"YMAX":8501183.59738907},"geometry":{"type":"Polygon","coordinates":[[[-73.027517738678,-13.550866220821353],[-73.02752519221546,-13.54996252714621],[-73.02844887634392,-13.549969817405032],[-73.02844142629135,-13.5508735115843],[-73.027517738678,-13.550866220821353]]]}},{"type":"Feature","properties":{"Cell_ID":223,"Area_ha":1.0,"LC":"5:0.004369,7:0.136739,9:0.478132,14:0.380759","XMIN":713354.86160847,"YMIN":8500983.59738907,"XMAX":713454.86160847,"YMAX":8501083.59738907},"geometry":{"type":"Polygon","coordinates":[[[-73.02751028459646,-13.551769914427243],[-73.027517738678,-13.550866220821353],[-73.02844142629135,-13.5508735115843],[-73.02843397569494,-13.551777205694318],[-73.02751028459646,-13.551769914427243]]]}},{"type":"Feature","properties":{"Cell_ID":224,"Area_ha":1.0,"LC":"7:0.458820,9:0.479438,14:0.061742","XMIN":713354.86160847,"YMIN":8500883.59738907,"XMAX":713454.86160847,"YMAX":8500983.59738907},"geometry":{"type":"Polygon","coordinates":[[[-73.02750282997081,-13.552673607963868],[-73.02751028459646,-13.551769914427243],[-73.02843397569494,-13.551777205694318],[-73.02842652455469,-13.552680899735083],[-73.02750282997081,-13.552673607963868]]]}},{"type":"Feature","properties":{"Cell_ID":225,"Area_ha":1.0,"LC":"7:0.360000,9:0.503261,13:0.097302,18:0.039438","XMIN":713354.86160847,"YMIN":8500783.59738907,"XMAX":713454.86160847,"YMAX":8500883.59738907},"geometry":{"type":"Polygon","coordinates":[[[-73.02749537480105,-13.553577301431242],[-73.02750282997081,-13.552673607963868],[-73.02842652455469,-13.552680899735083],[-73.02841907287056,-13.55358459370659],[-73.02749537480105,-13.553577301431242]]]}},{"type":"Feature","properties":{"Cell_ID":226,"Area_ha":1.0,"LC":"7:0.082501,9:0.157583,13:0.058820,16:0.198397,18:0.502698","XMIN":713354.86160847,"YMIN":8500683.59738907,"XMAX":713454.86160847,"YMAX":8500783.59738907},"geometry":{"type":"Polygon","coordinates":[[[-73.02748791908716,-13.554480994829348],[-73.02749537480105,-13.553577301431242],[-73.02841907287056,-13.55358459370659],[-73.02841162064257,-13.554488287608837],[-73.02748791908716,-13.554480994829348]]]}},{"type":"Feature","properties":{"Cell_ID":227,"Area_ha":1.0,"LC":"5:0.916543,9:0.060352,14:0.023105","XMIN":713454.86160847,"YMIN":8504683.59738907,"XMAX":713554.86160847,"YMAX":8504783.59738907},"geometry":{"type":"Polygon","coordinates":[[[-73.02686216154781,-13.518325928902552],[-73.02686959898006,-13.517422233241419],[-73.02779315727842,-13.517429508755212],[-73.0277857233219,-13.518333204920577],[-73.02686216154781,-13.518325928902552]]]}},{"type":"Feature","properties":{"Cell_ID":228,"Area_ha":1.0,"LC":"3:0.058271,5:0.160633,6:0.219634,14:0.561461","XMIN":713454.86160847,"YMIN":8504583.59738907,"XMAX":713554.86160847,"YMAX":8504683.59738907},"geometry":{"type":"Polygon","coordinates":[[[-73.02685472357157,-13.519229624494585],[-73.02686216154781,-13.518325928902552],[-73.0277857233219,-13.518333204920577],[-73.02777828882164,-13.519236901016844],[-73.02685472357157,-13.519229624494585]]]}},{"type":"Feature","properties":{"Cell_ID":229,"Area_ha":1.0,"LC":"3:0.275068,6:0.304244,14:0.420688","XMIN":713454.86160847,"YMIN":8504483.59738907,"XMAX":713554.86160847,"YMAX":8504583.59738907},"geometry":{"type":"Polygon","coordinates":[[[-73.02684728505133,-13.520133320017512],[-73.02685472357157,-13.519229624494585],[-73.02777828882164,-13.519236901016844],[-73.02777085377761,-13.520140597044007],[-73.02684728505133,-13.520133320017512]]]}},{"type":"Feature","properties":{"Cell_ID":230,"Area_ha":1.0,"LC":"3:0.959438,14:0.040562","XMIN":713454.86160847,"YMIN":8504383.59738907,"XMAX":713554.86160847,"YMAX":8504483.59738907},"geometry":{"type":"Polygon","coordinates":[[[-73.02683984598707,-13.521037015471329],[-73.02684728505133,-13.520133320017512],[-73.02777085377761,-13.520140597044007],[-73.02776341818983,-13.521044293002065],[-73.02683984598707,-13.521037015471329]]]}},{"type":"Feature","properties":{"Cell_ID":231,"Area_ha":1.0,"LC":"3:0.683542,14:0.316458","XMIN":713454.86160847,"YMIN":8504283.59738907,"XMAX":713554.86160847,"YMAX":8504383.59738907},"geometry":{"type":"Polygon","coordinates":[[[-73.02683240637877,-13.521940710856036],[-73.02683984598707,-13.521037015471329],[-73.02776341818983,-13.521044293002065],[-73.02775598205828,-13.521947988891016],[-73.02683240637877,-13.521940710856036]]]}},{"type":"Feature","properties":{"Cell_ID":232,"Area_ha":1.0,"LC":"3:0.500773,14:0.499227","XMIN":713454.86160847,"YMIN":8504183.59738907,"XMAX":713554.86160847,"YMAX":8504283.59738907},"geometry":{"type":"Polygon","coordinates":[[[-73.02682496622646,-13.52284440617162],[-73.02683240637877,-13.521940710856036],[-73.02775598205828,-13.521947988891016],[-73.02774854538295,-13.522851684710849],[-73.02682496622646,-13.52284440617162]]]}},{"type":"Feature","properties":{"Cell_ID":233,"Area_ha":1.0,"LC":"9:0.357092,13:0.297624,14:0.345284","XMIN":713454.86160847,"YMIN":8504083.59738907,"XMAX":713554.86160847,"YMAX":8504183.59738907},"geometry":{"type":"Polygon","coordinates":[[[-73.02681752553008,-13.523748101418084],[-73.02682496622646,-13.52284440617162],[-73.02774854538295,-13.522851684710849],[-73.02774110816382,-13.523755380461568],[-73.02681752553008,-13.523748101418084]]]}},{"type":"Feature","properties":{"Cell_ID":234,"Area_ha":1.0,"LC":"13:0.941322,14:0.058678","XMIN":713454.86160847,"YMIN":8503983.59738907,"XMAX":713554.86160847,"YMAX":8504083.59738907},"geometry":{"type":"Polygon","coordinates":[[[-73.02681008428965,-13.524651796595423],[-73.02681752553008,-13.523748101418084],[-73.02774110816382,-13.523755380461568],[-73.02773367040088,-13.524659076143159],[-73.02681008428965,-13.524651796595423]]]}},{"type":"Feature","properties":{"Cell_ID":235,"Area_ha":1.0,"LC":"9:0.117990,13:0.544566,14:0.337444","XMIN":713454.86160847,"YMIN":8503883.59738907,"XMAX":713554.86160847,"YMAX":8503983.59738907},"geometry":{"type":"Polygon","coordinates":[[[-73.02680264250516,-13.525555491703626],[-73.02681008428965,-13.524651796595423],[-73.02773367040088,-13.524659076143159],[-73.02772623209414,-13.525562771755622],[-73.02680264250516,-13.525555491703626]]]}},{"type":"Feature","properties":{"Cell_ID":236,"Area_ha":1.0,"LC":"9:0.557569,13:0.442431","XMIN":713454.86160847,"YMIN":8503783.59738907,"XMAX":713554.86160847,"YMAX":8503883.59738907},"geometry":{"type":"Polygon","coordinates":[[[-73.0267952001766,-13.526459186742697],[-73.02680264250516,-13.525555491703626],[-73.02772623209414,-13.525562771755622],[-73.02771879324358,-13.526466467298958],[-73.0267952001766,-13.526459186742697]]]}},{"type":"Feature","properties":{"Cell_ID":237,"Area_ha":1.0,"LC":"9:0.341180,13:0.658820","XMIN":713454.86160847,"YMIN":8503683.59738907,"XMAX":713554.86160847,"YMAX":8503783.59738907},"geometry":{"type":"Polygon","coordinates":[[[-73.02678775730394,-13.527362881712628],[-73.0267952001766,-13.526459186742697],[-73.02771879324358,-13.526466467298958],[-73.02771135384918,-13.527370162773156],[-73.02678775730394,-13.527362881712628]]]}},{"type":"Feature","properties":{"Cell_ID":238,"Area_ha":1.0,"LC":"7:0.576248,9:0.301729,13:0.122023","XMIN":713454.86160847,"YMIN":8503583.59738907,"XMAX":713554.86160847,"YMAX":8503683.59738907},"geometry":{"type":"Polygon","coordinates":[[[-73.02678031388717,-13.528266576613415],[-73.02678775730394,-13.527362881712628],[-73.02771135384918,-13.527370162773156],[-73.02770391391094,-13.528273858178212],[-73.02678031388717,-13.528266576613415]]]}},{"type":"Feature","properties":{"Cell_ID":239,"Area_ha":1.0,"LC":"7:0.060844,9:0.939156","XMIN":713454.86160847,"YMIN":8503483.59738907,"XMAX":713554.86160847,"YMAX":8503583.59738907},"geometry":{"type":"Polygon","coordinates":[[[-73.02677286992632,-13.52917027144505],[-73.02678031388717,-13.528266576613415],[-73.02770391391094,-13.528273858178212],[-73.02769647342886,-13.529177553514124],[-73.02677286992632,-13.52917027144505]]]}},{"type":"Feature","properties":{"Cell_ID":240,"Area_ha":1.0,"LC":"3:0.219156,5:0.575363,9:0.182376,14:0.023105","XMIN":713454.86160847,"YMIN":8503383.59738907,"XMAX":713554.86160847,"YMAX":8503483.59738907},"geometry":{"type":"Polygon","coordinates":[[[-73.02676542542135,-13.530073966207539],[-73.02677286992632,-13.52917027144505],[-73.02769647342886,-13.529177553514124],[-73.0276890324029,-13.530081248780887],[-73.02676542542135,-13.530073966207539]]]}},{"type":"Feature","properties":{"Cell_ID":241,"Area_ha":1.0,"LC":"3:0.462291,5:0.078061,14:0.459648","XMIN":713454.86160847,"YMIN":8503283.59738907,"XMAX":713554.86160847,"YMAX":8503383.59738907},"geometry":{"type":"Polygon","coordinates":[[[-73.02675798037225,-13.530977660900868],[-73.02676542542135,-13.530073966207539],[-73.0276890324029,-13.530081248780887],[-73.02768159083308,-13.530984943978494],[-73.02675798037225,-13.530977660900868]]]}},{"type":"Feature","properties":{"Cell_ID":242,"Area_ha":1.0,"LC":"3:0.001461,5:0.675546,9:0.038960,14:0.284033","XMIN":713454.86160847,"YMIN":8503183.59738907,"XMAX":713554.86160847,"YMAX":8503283.59738907},"geometry":{"type":"Polygon","coordinates":[[[-73.02675053477903,-13.531881355525032],[-73.02675798037225,-13.530977660900868],[-73.02768159083308,-13.530984943978494],[-73.02767414871938,-13.531888639106947],[-73.02675053477903,-13.531881355525032]]]}},{"type":"Feature","properties":{"Cell_ID":243,"Area_ha":1.0,"LC":"5:0.143274,7:0.040885,9:0.815841","XMIN":713454.86160847,"YMIN":8503083.59738907,"XMAX":713554.86160847,"YMAX":8503183.59738907},"geometry":{"type":"Polygon","coordinates":[[[-73.02674308864165,-13.532785050080035],[-73.02675053477903,-13.531881355525032],[-73.02767414871938,-13.531888639106947],[-73.0276667060618,-13.532792334166235],[-73.02674308864165,-13.532785050080035]]]}},{"type":"Feature","properties":{"Cell_ID":244,"Area_ha":1.0,"LC":"5:0.059634,6:0.202908,7:0.482023,9:0.255434","XMIN":713454.86160847,"YMIN":8502983.59738907,"XMAX":713554.86160847,"YMAX":8503083.59738907},"geometry":{"type":"Polygon","coordinates":[[[-73.02673564196012,-13.533688744565865],[-73.02674308864165,-13.532785050080035],[-73.0276667060618,-13.532792334166235],[-73.02765926286031,-13.533696029156362],[-73.02673564196012,-13.533688744565865]]]}},{"type":"Feature","properties":{"Cell_ID":245,"Area_ha":1.0,"LC":"5:0.301671,9:0.698329","XMIN":713454.86160847,"YMIN":8502883.59738907,"XMAX":713554.86160847,"YMAX":8502983.59738907},"geometry":{"type":"Polygon","coordinates":[[[-73.02672819473442,-13.534592438982523],[-73.02673564196012,-13.533688744565865],[-73.02765926286031,-13.533696029156362],[-73.0276518191149,-13.534599724077315],[-73.02672819473442,-13.534592438982523]]]}},{"type":"Feature","properties":{"Cell_ID":246,"Area_ha":1.0,"LC":"5:0.642081,9:0.357919","XMIN":713454.86160847,"YMIN":8502783.59738907,"XMAX":713554.86160847,"YMAX":8502883.59738907},"geometry":{"type":"Polygon","coordinates":[[[-73.02672074696456,-13.535496133330001],[-73.02672819473442,-13.534592438982523],[-73.0276518191149,-13.534599724077315],[-73.02764437482558,-13.535503418929093],[-73.02672074696456,-13.535496133330001]]]}},{"type":"Feature","properties":{"Cell_ID":247,"Area_ha":1.0,"LC":"5:0.264566,9:0.735434","XMIN":713454.86160847,"YMIN":8502683.59738907,"XMAX":713554.86160847,"YMAX":8502783.59738907},"geometry":{"type":"Polygon","coordinates":[[[-73.0267132986505,-13.536399827608294],[-73.02672074696456,-13.535496133330001],[-73.02764437482558,-13.535503418929093],[-73.02763692999234,-13.53640711371169],[-73.0267132986505,-13.536399827608294]]]}},{"type":"Feature","properties":{"Cell_ID":248,"Area_ha":1.0,"LC":"5:0.480899,9:0.519101","XMIN":713454.86160847,"YMIN":8502583.59738907,"XMAX":713554.86160847,"YMAX":8502683.59738907},"geometry":{"type":"Polygon","coordinates":[[[-73.02670584979226,-13.537303521817407],[-73.0267132986505,-13.536399827608294],[-73.02763692999234,-13.53640711371169],[-73.02762948461515,-13.537310808425104],[-73.02670584979226,-13.537303521817407]]]}},{"type":"Feature","properties":{"Cell_ID":249,"Area_ha":1.0,"LC":"5:0.301813,6:0.136739,9:0.561447","XMIN":713454.86160847,"YMIN":8502483.59738907,"XMAX":713554.86160847,"YMAX":8502583.59738907},"geometry":{"type":"Polygon","coordinates":[[[-73.02669840038982,-13.53820721595732],[-73.02670584979226,-13.537303521817407],[-73.02762948461515,-13.537310808425104],[-73.02762203869402,-13.538214503069332],[-73.02669840038982,-13.53820721595732]]]}},{"type":"Feature","properties":{"Cell_ID":250,"Area_ha":1.0,"LC":"5:0.240969,6:0.259383,9:0.499648","XMIN":713454.86160847,"YMIN":8502383.59738907,"XMAX":713554.86160847,"YMAX":8502483.59738907},"geometry":{"type":"Polygon","coordinates":[[[-73.02669095044315,-13.53911091002804],[-73.02669840038982,-13.53820721595732],[-73.02762203869402,-13.538214503069332],[-73.02761459222891,-13.539118197644369],[-73.02669095044315,-13.53911091002804]]]}},{"type":"Feature","properties":{"Cell_ID":251,"Area_ha":1.0,"LC":"9:1.000000","XMIN":713454.86160847,"YMIN":8502283.59738907,"XMAX":713554.86160847,"YMAX":8502383.59738907},"geometry":{"type":"Polygon","coordinates":[[[-73.02668349995227,-13.540014604029562],[-73.02669095044315,-13.53911091002804],[-73.02761459222891,-13.539118197644369],[-73.02760714521986,-13.540021892150204],[-73.02668349995227,-13.540014604029562]]]}},{"type":"Feature","properties":{"Cell_ID":252,"Area_ha":1.0,"LC":"9:0.536966,14:0.463034","XMIN":713454.86160847,"YMIN":8502183.59738907,"XMAX":713554.86160847,"YMAX":8502283.59738907},"geometry":{"type":"Polygon","coordinates":[[[-73.02667604891715,-13.540918297961879],[-73.02668349995227,-13.540014604029562],[-73.02760714521986,-13.540021892150204],[-73.02759969766682,-13.540925586586843],[-73.02667604891715,-13.540918297961879]]]}},{"type":"Feature","properties":{"Cell_ID":253,"Area_ha":1.0,"LC":"9:0.781095,14:0.218905","XMIN":713454.86160847,"YMIN":8502083.59738907,"XMAX":713554.86160847,"YMAX":8502183.59738907},"geometry":{"type":"Polygon","coordinates":[[[-73.0266685973378,-13.541821991824985],[-73.02667604891715,-13.540918297961879],[-73.02759969766682,-13.540925586586843],[-73.02759224956979,-13.541829280954273],[-73.0266685973378,-13.541821991824985]]]}},{"type":"Feature","properties":{"Cell_ID":254,"Area_ha":1.0,"LC":"6:0.019241,9:0.861406,14:0.119353","XMIN":713454.86160847,"YMIN":8501983.59738907,"XMAX":713554.86160847,"YMAX":8502083.59738907},"geometry":{"type":"Polygon","coordinates":[[[-73.02666114521419,-13.54272568561888],[-73.0266685973378,-13.541821991824985],[-73.02759224956979,-13.541829280954273],[-73.02758480092875,-13.542732975252497],[-73.02666114521419,-13.54272568561888]]]}},{"type":"Feature","properties":{"Cell_ID":255,"Area_ha":1.0,"LC":"6:0.334871,9:0.421573,14:0.243555","XMIN":713454.86160847,"YMIN":8501883.59738907,"XMAX":713554.86160847,"YMAX":8501983.59738907},"geometry":{"type":"Polygon","coordinates":[[[-73.02665369254633,-13.543629379343555],[-73.02666114521419,-13.54272568561888],[-73.02758480092875,-13.542732975252497],[-73.02757735174373,-13.543636669481508],[-73.02665369254633,-13.543629379343555]]]}},{"type":"Feature","properties":{"Cell_ID":256,"Area_ha":1.0,"LC":"6:0.040071,9:0.699396,13:0.019719,16:0.240814","XMIN":713454.86160847,"YMIN":8501783.59738907,"XMAX":713554.86160847,"YMAX":8501883.59738907},"geometry":{"type":"Polygon","coordinates":[[[-73.02664623933417,-13.544533072999007],[-73.02665369254633,-13.543629379343555],[-73.02757735174373,-13.543636669481508],[-73.02756990201468,-13.544540363641294],[-73.02664623933417,-13.544533072999007]]]}},{"type":"Feature","properties":{"Cell_ID":257,"Area_ha":1.0,"LC":"6:0.237428,9:0.078061,13:0.284356,16:0.400155","XMIN":713454.86160847,"YMIN":8501683.59738907,"XMAX":713554.86160847,"YMAX":8501783.59738907},"geometry":{"type":"Polygon","coordinates":[[[-73.02663878557776,-13.545436766585233],[-73.02664623933417,-13.544533072999007],[-73.02756990201468,-13.544540363641294],[-73.0275624517416,-13.545444057731862],[-73.02663878557776,-13.545436766585233]]]}},{"type":"Feature","properties":{"Cell_ID":258,"Area_ha":1.0,"LC":"6:0.080633,9:0.022136,13:0.021742,16:0.277092,18:0.598397","XMIN":713454.86160847,"YMIN":8501583.59738907,"XMAX":713554.86160847,"YMAX":8501683.59738907},"geometry":{"type":"Polygon","coordinates":[[[-73.02663133127704,-13.546340460102233],[-73.02663878557776,-13.545436766585233],[-73.0275624517416,-13.545444057731862],[-73.02755500092448,-13.546347751753203],[-73.02663133127704,-13.546340460102233]]]}},{"type":"Feature","properties":{"Cell_ID":259,"Area_ha":1.0,"LC":"7:0.058271,9:0.102712,13:0.161854,16:0.357499,18:0.319664","XMIN":713454.86160847,"YMIN":8501483.59738907,"XMAX":713554.86160847,"YMAX":8501583.59738907},"geometry":{"type":"Polygon","coordinates":[[[-73.02662387643203,-13.547244153549995],[-73.02663133127704,-13.546340460102233],[-73.02755500092448,-13.546347751753203],[-73.02754754956332,-13.547251445705312],[-73.02662387643203,-13.547244153549995]]]}},{"type":"Feature","properties":{"Cell_ID":260,"Area_ha":1.0,"LC":"5:0.119438,7:0.098820,9:0.381095,13:0.122993,16:0.277654","XMIN":713454.86160847,"YMIN":8501383.59738907,"XMAX":713554.86160847,"YMAX":8501483.59738907},"geometry":{"type":"Polygon","coordinates":[[[-73.0266164210427,-13.548147846928519],[-73.02662387643203,-13.547244153549995],[-73.02754754956332,-13.547251445705312],[-73.02754009765809,-13.548155139588184],[-73.0266164210427,-13.548147846928519]]]}},{"type":"Feature","properties":{"Cell_ID":261,"Area_ha":1.0,"LC":"5:0.264637,9:0.735363","XMIN":713454.86160847,"YMIN":8501283.59738907,"XMAX":713554.86160847,"YMAX":8501383.59738907},"geometry":{"type":"Polygon","coordinates":[[[-73.02660896510905,-13.549051540237798],[-73.0266164210427,-13.548147846928519],[-73.02754009765809,-13.548155139588184],[-73.02753264520881,-13.54905883340182],[-73.02660896510905,-13.549051540237798]]]}},{"type":"Feature","properties":{"Cell_ID":262,"Area_ha":1.0,"LC":"5:0.204847,9:0.795153","XMIN":713454.86160847,"YMIN":8501183.59738907,"XMAX":713554.86160847,"YMAX":8501283.59738907},"geometry":{"type":"Polygon","coordinates":[[[-73.02660150863107,-13.549955233477828],[-73.02660896510905,-13.549051540237798],[-73.02753264520881,-13.54905883340182],[-73.02752519221546,-13.54996252714621],[-73.02660150863107,-13.549955233477828]]]}},{"type":"Feature","properties":{"Cell_ID":263,"Area_ha":1.0,"LC":"5:0.721306,9:0.239664,14:0.039031","XMIN":713454.86160847,"YMIN":8501083.59738907,"XMAX":713554.86160847,"YMAX":8501183.59738907},"geometry":{"type":"Polygon","coordinates":[[[-73.02659405160875,-13.550858926648612],[-73.02660150863107,-13.549955233477828],[-73.02752519221546,-13.54996252714621],[-73.027517738678,-13.550866220821353],[-73.02659405160875,-13.550858926648612]]]}},{"type":"Feature","properties":{"Cell_ID":264,"Area_ha":1.0,"LC":"5:0.961040,14:0.038960","XMIN":713454.86160847,"YMIN":8500983.59738907,"XMAX":713554.86160847,"YMAX":8501083.59738907},"geometry":{"type":"Polygon","coordinates":[[[-73.0265865940421,-13.551762619750132],[-73.02659405160875,-13.550858926648612],[-73.027517738678,-13.550866220821353],[-73.02751028459646,-13.551769914427243],[-73.0265865940421,-13.551762619750132]]]}},{"type":"Feature","properties":{"Cell_ID":265,"Area_ha":1.0,"LC":"5:0.182305,9:0.698594,14:0.119101","XMIN":713454.86160847,"YMIN":8500883.59738907,"XMAX":713554.86160847,"YMAX":8500983.59738907},"geometry":{"type":"Polygon","coordinates":[[[-73.02657913593106,-13.552666312782392],[-73.0265865940421,-13.551762619750132],[-73.02751028459646,-13.551769914427243],[-73.02750282997081,-13.552673607963868],[-73.02657913593106,-13.552666312782392]]]}},{"type":"Feature","properties":{"Cell_ID":266,"Area_ha":1.0,"LC":"9:1.000000","XMIN":713454.86160847,"YMIN":8500783.59738907,"XMAX":713554.86160847,"YMAX":8500883.59738907},"geometry":{"type":"Polygon","coordinates":[[[-73.02657167727567,-13.553570005745392],[-73.02657913593106,-13.552666312782392],[-73.02750282997081,-13.552673607963868],[-73.02749537480105,-13.553577301431242],[-73.02657167727567,-13.553570005745392]]]}},{"type":"Feature","properties":{"Cell_ID":267,"Area_ha":1.0,"LC":"7:0.559353,9:0.343345,18:0.097302","XMIN":713454.86160847,"YMIN":8500683.59738907,"XMAX":713554.86160847,"YMAX":8500783.59738907},"geometry":{"type":"Polygon","coordinates":[[[-73.02656421807589,-13.55447369863912],[-73.02657167727567,-13.553570005745392],[-73.02749537480105,-13.553577301431242],[-73.02748791908716,-13.554480994829348],[-73.02656421807589,-13.55447369863912]]]}},{"type":"Feature","properties":{"Cell_ID":268,"Area_ha":1.0,"LC":"5:0.555715,6:0.162431,14:0.281854","XMIN":713554.86160847,"YMIN":8504783.59738907,"XMAX":713654.86160847,"YMAX":8504883.59738907},"geometry":{"type":"Polygon","coordinates":[[[-73.02594604122568,-13.51741495432656],[-73.02595348158938,-13.516511259100794],[-73.02687703586831,-13.51651853751119],[-73.02686959898006,-13.517422233241419],[-73.02594604122568,-13.51741495432656]]]}},{"type":"Feature","properties":{"Cell_ID":269,"Area_ha":1.0,"LC":"5:0.259383,6:0.300604,14:0.440014","XMIN":713554.86160847,"YMIN":8504683.59738907,"XMAX":713654.86160847,"YMAX":8504783.59738907},"geometry":{"type":"Polygon","coordinates":[[[-73.02593860031773,-13.518318649483229],[-73.02594604122568,-13.51741495432656],[-73.02686959898006,-13.517422233241419],[-73.02686216154781,-13.518325928902552],[-73.02593860031773,-13.518318649483229]]]}},{"type":"Feature","properties":{"Cell_ID":270,"Area_ha":1.0,"LC":"6:0.643807,14:0.356193","XMIN":713554.86160847,"YMIN":8504583.59738907,"XMAX":713654.86160847,"YMAX":8504683.59738907},"geometry":{"type":"Polygon","coordinates":[[[-73.02593115886553,-13.519222344570796],[-73.02593860031773,-13.518318649483229],[-73.02686216154781,-13.518325928902552],[-73.02685472357157,-13.519229624494585],[-73.02593115886553,-13.519222344570796]]]}},{"type":"Feature","properties":{"Cell_ID":271,"Area_ha":1.0,"LC":"3:0.019241,5:0.001939,6:0.838216,14:0.140604","XMIN":713554.86160847,"YMIN":8504483.59738907,"XMAX":713654.86160847,"YMAX":8504583.59738907},"geometry":{"type":"Polygon","coordinates":[[[-73.02592371686906,-13.520126039589245],[-73.02593115886553,-13.519222344570796],[-73.02685472357157,-13.519229624494585],[-73.02684728505133,-13.520133320017512],[-73.02592371686906,-13.520126039589245]]]}},{"type":"Feature","properties":{"Cell_ID":272,"Area_ha":1.0,"LC":"3:0.456319,6:0.159438,14:0.384244","XMIN":713554.86160847,"YMIN":8504383.59738907,"XMAX":713654.86160847,"YMAX":8504483.59738907},"geometry":{"type":"Polygon","coordinates":[[[-73.02591627432834,-13.521029734538589],[-73.02592371686906,-13.520126039589245],[-73.02684728505133,-13.520133320017512],[-73.02683984598707,-13.521037015471329],[-73.02591627432834,-13.521029734538589]]]}},{"type":"Feature","properties":{"Cell_ID":273,"Area_ha":1.0,"LC":"3:0.457217,6:0.460844,14:0.081939","XMIN":713554.86160847,"YMIN":8504283.59738907,"XMAX":713654.86160847,"YMAX":8504383.59738907},"geometry":{"type":"Polygon","coordinates":[[[-73.02590883124331,-13.52193342941881],[-73.02591627432834,-13.521029734538589],[-73.02683984598707,-13.521037015471329],[-73.02683240637877,-13.521940710856036],[-73.02590883124331,-13.52193342941881]]]}},{"type":"Feature","properties":{"Cell_ID":274,"Area_ha":1.0,"LC":"3:0.822291,14:0.177709","XMIN":713554.86160847,"YMIN":8504183.59738907,"XMAX":713654.86160847,"YMAX":8504283.59738907},"geometry":{"type":"Polygon","coordinates":[[[-73.02590138761401,-13.522837124229913],[-73.02590883124331,-13.52193342941881],[-73.02683240637877,-13.521940710856036],[-73.02682496622646,-13.52284440617162],[-73.02590138761401,-13.522837124229913]]]}},{"type":"Feature","properties":{"Cell_ID":275,"Area_ha":1.0,"LC":"3:0.285410,13:0.058678,14:0.655912","XMIN":713554.86160847,"YMIN":8504083.59738907,"XMAX":713654.86160847,"YMAX":8504183.59738907},"geometry":{"type":"Polygon","coordinates":[[[-73.02589394344041,-13.523740818971888],[-73.02590138761401,-13.522837124229913],[-73.02682496622646,-13.52284440617162],[-73.02681752553008,-13.523748101418084],[-73.02589394344041,-13.523740818971888]]]}},{"type":"Feature","properties":{"Cell_ID":276,"Area_ha":1.0,"LC":"3:0.002431,13:0.774871,14:0.222698","XMIN":713554.86160847,"YMIN":8503983.59738907,"XMAX":713654.86160847,"YMAX":8504083.59738907},"geometry":{"type":"Polygon","coordinates":[[[-73.02588649872249,-13.524644513644732],[-73.02589394344041,-13.523740818971888],[-73.02681752553008,-13.523748101418084],[-73.02681008428965,-13.524651796595423],[-73.02588649872249,-13.524644513644732]]]}},{"type":"Feature","properties":{"Cell_ID":277,"Area_ha":1.0,"LC":"13:0.717092,14:0.282908","XMIN":713554.86160847,"YMIN":8503883.59738907,"XMAX":713654.86160847,"YMAX":8503983.59738907},"geometry":{"type":"Polygon","coordinates":[[[-73.02587905346026,-13.525548208248443],[-73.02588649872249,-13.524644513644732],[-73.02681008428965,-13.524651796595423],[-73.02680264250516,-13.525555491703626],[-73.02587905346026,-13.525548208248443]]]}},{"type":"Feature","properties":{"Cell_ID":278,"Area_ha":1.0,"LC":"9:0.082908,13:0.896319,14:0.020773","XMIN":713554.86160847,"YMIN":8503783.59738907,"XMAX":713654.86160847,"YMAX":8503883.59738907},"geometry":{"type":"Polygon","coordinates":[[[-73.02587160765368,-13.526451902783018],[-73.02587905346026,-13.525548208248443],[-73.02680264250516,-13.525555491703626],[-73.0267952001766,-13.526459186742697],[-73.02587160765368,-13.526451902783018]]]}},{"type":"Feature","properties":{"Cell_ID":279,"Area_ha":1.0,"LC":"9:0.176810,13:0.823190","XMIN":713554.86160847,"YMIN":8503683.59738907,"XMAX":713654.86160847,"YMAX":8503783.59738907},"geometry":{"type":"Polygon","coordinates":[[[-73.02586416130278,-13.527355597248444],[-73.02587160765368,-13.526451902783018],[-73.0267952001766,-13.526459186742697],[-73.02678775730394,-13.527362881712628],[-73.02586416130278,-13.527355597248444]]]}},{"type":"Feature","properties":{"Cell_ID":280,"Area_ha":1.0,"LC":"9:0.535770,13:0.464230","XMIN":713554.86160847,"YMIN":8503583.59738907,"XMAX":713654.86160847,"YMAX":8503683.59738907},"geometry":{"type":"Polygon","coordinates":[[[-73.02585671440751,-13.528259291644726],[-73.02586416130278,-13.527355597248444],[-73.02678775730394,-13.527362881712628],[-73.02678031388717,-13.528266576613415],[-73.02585671440751,-13.528259291644726]]]}},{"type":"Feature","properties":{"Cell_ID":281,"Area_ha":1.0,"LC":"9:0.979227,13:0.020773","XMIN":713554.86160847,"YMIN":8503483.59738907,"XMAX":713654.86160847,"YMAX":8503583.59738907},"geometry":{"type":"Polygon","coordinates":[[[-73.02584926696791,-13.529162985971853],[-73.02585671440751,-13.528259291644726],[-73.02678031388717,-13.528266576613415],[-73.02677286992632,-13.52917027144505],[-73.02584926696791,-13.529162985971853]]]}},{"type":"Feature","properties":{"Cell_ID":282,"Area_ha":1.0,"LC":"5:0.161939,9:0.221406,14:0.616655","XMIN":713554.86160847,"YMIN":8503383.59738907,"XMAX":713654.86160847,"YMAX":8503483.59738907},"geometry":{"type":"Polygon","coordinates":[[[-73.02584181898392,-13.530066680229826],[-73.02584926696791,-13.529162985971853],[-73.02677286992632,-13.52917027144505],[-73.02676542542135,-13.530073966207539],[-73.02584181898392,-13.530066680229826]]]}},{"type":"Feature","properties":{"Cell_ID":283,"Area_ha":1.0,"LC":"3:0.396458,5:0.103105,14:0.500437","XMIN":713554.86160847,"YMIN":8503283.59738907,"XMAX":713654.86160847,"YMAX":8503383.59738907},"geometry":{"type":"Polygon","coordinates":[[[-73.02583437045556,-13.530970374418635],[-73.02584181898392,-13.530066680229826],[-73.02676542542135,-13.530073966207539],[-73.02675798037225,-13.530977660900868],[-73.02583437045556,-13.530970374418635]]]}},{"type":"Feature","properties":{"Cell_ID":284,"Area_ha":1.0,"LC":"3:0.520633,5:0.121953,6:0.000478,14:0.356936","XMIN":713554.86160847,"YMIN":8503183.59738907,"XMAX":713654.86160847,"YMAX":8503283.59738907},"geometry":{"type":"Polygon","coordinates":[[[-73.0258269213828,-13.531874068538286],[-73.02583437045556,-13.530970374418635],[-73.02675798037225,-13.530977660900868],[-73.02675053477903,-13.531881355525032],[-73.0258269213828,-13.531874068538286]]]}},{"type":"Feature","properties":{"Cell_ID":285,"Area_ha":1.0,"LC":"5:0.297851,6:0.000492,7:0.481868,9:0.138665,14:0.081125","XMIN":713554.86160847,"YMIN":8503083.59738907,"XMAX":713654.86160847,"YMAX":8503183.59738907},"geometry":{"type":"Polygon","coordinates":[[[-73.02581947176566,-13.532777762588761],[-73.0258269213828,-13.531874068538286],[-73.02675053477903,-13.531881355525032],[-73.02674308864165,-13.532785050080035],[-73.02581947176566,-13.532777762588761]]]}},{"type":"Feature","properties":{"Cell_ID":286,"Area_ha":1.0,"LC":"5:0.059156,6:0.716529,7:0.079101,9:0.145213","XMIN":713554.86160847,"YMIN":8502983.59738907,"XMAX":713654.86160847,"YMAX":8503083.59738907},"geometry":{"type":"Polygon","coordinates":[[[-73.0258120216041,-13.533681456570061],[-73.02581947176566,-13.532777762588761],[-73.02674308864165,-13.532785050080035],[-73.02673564196012,-13.533688744565865],[-73.0258120216041,-13.533681456570061]]]}},{"type":"Feature","properties":{"Cell_ID":287,"Area_ha":1.0,"LC":"5:0.700281,6:0.040562,9:0.259156","XMIN":713554.86160847,"YMIN":8502883.59738907,"XMAX":713654.86160847,"YMAX":8502983.59738907},"geometry":{"type":"Polygon","coordinates":[[[-73.02580457089812,-13.53458515048219],[-73.0258120216041,-13.533681456570061],[-73.02673564196012,-13.533688744565865],[-73.02672819473442,-13.534592438982523],[-73.02580457089812,-13.53458515048219]]]}},{"type":"Feature","properties":{"Cell_ID":288,"Area_ha":1.0,"LC":"5:0.720492,9:0.279508","XMIN":713554.86160847,"YMIN":8502783.59738907,"XMAX":713654.86160847,"YMAX":8502883.59738907},"geometry":{"type":"Polygon","coordinates":[[[-73.02579711964772,-13.535488844325133],[-73.02580457089812,-13.53458515048219],[-73.02672819473442,-13.534592438982523],[-73.02672074696456,-13.535496133330001],[-73.02579711964772,-13.535488844325133]]]}},{"type":"Feature","properties":{"Cell_ID":289,"Area_ha":1.0,"LC":"5:0.775756,9:0.224244","XMIN":713554.86160847,"YMIN":8502683.59738907,"XMAX":713654.86160847,"YMAX":8502783.59738907},"geometry":{"type":"Polygon","coordinates":[[[-73.02578966785288,-13.536392538098887],[-73.02579711964772,-13.535488844325133],[-73.02672074696456,-13.535496133330001],[-73.0267132986505,-13.536399827608294],[-73.02578966785288,-13.536392538098887]]]}},{"type":"Feature","properties":{"Cell_ID":290,"Area_ha":1.0,"LC":"5:1.000000","XMIN":713554.86160847,"YMIN":8502583.59738907,"XMAX":713654.86160847,"YMAX":8502683.59738907},"geometry":{"type":"Polygon","coordinates":[[[-73.02578221551359,-13.537296231803454],[-73.02578966785288,-13.536392538098887],[-73.0267132986505,-13.536399827608294],[-73.02670584979226,-13.537303521817407],[-73.02578221551359,-13.537296231803454]]]}},{"type":"Feature","properties":{"Cell_ID":291,"Area_ha":1.0,"LC":"5:0.379467,9:0.298594,13:0.321939","XMIN":713554.86160847,"YMIN":8502483.59738907,"XMAX":713654.86160847,"YMAX":8502583.59738907},"geometry":{"type":"Polygon","coordinates":[[[-73.02577476262984,-13.538199925438827],[-73.02578221551359,-13.537296231803454],[-73.02670584979226,-13.537303521817407],[-73.02669840038982,-13.53820721595732],[-73.02577476262984,-13.538199925438827]]]}},{"type":"Feature","properties":{"Cell_ID":292,"Area_ha":1.0,"LC":"5:0.078061,9:0.603064,14:0.318875","XMIN":713554.86160847,"YMIN":8502383.59738907,"XMAX":713654.86160847,"YMAX":8502483.59738907},"geometry":{"type":"Polygon","coordinates":[[[-73.02576730920161,-13.539103619004996],[-73.02577476262984,-13.538199925438827],[-73.02669840038982,-13.53820721595732],[-73.02669095044315,-13.53911091002804],[-73.02576730920161,-13.539103619004996]]]}},{"type":"Feature","properties":{"Cell_ID":293,"Area_ha":1.0,"LC":"9:0.838875,14:0.161125","XMIN":713554.86160847,"YMIN":8502283.59738907,"XMAX":713654.86160847,"YMAX":8502383.59738907},"geometry":{"type":"Polygon","coordinates":[[[-73.02575985522893,-13.540007312501963],[-73.02576730920161,-13.539103619004996],[-73.02669095044315,-13.53911091002804],[-73.02668349995227,-13.540014604029562],[-73.02575985522893,-13.540007312501963]]]}},{"type":"Feature","properties":{"Cell_ID":294,"Area_ha":1.0,"LC":"9:0.643878,14:0.356122","XMIN":713554.86160847,"YMIN":8502183.59738907,"XMAX":713654.86160847,"YMAX":8502283.59738907},"geometry":{"type":"Polygon","coordinates":[[[-73.02575240071174,-13.54091100592972],[-73.02575985522893,-13.540007312501963],[-73.02668349995227,-13.540014604029562],[-73.02667604891715,-13.540918297961879],[-73.02575240071174,-13.54091100592972]]]}},{"type":"Feature","properties":{"Cell_ID":295,"Area_ha":1.0,"LC":"5:0.019719,9:0.780844,14:0.199438","XMIN":713554.86160847,"YMIN":8502083.59738907,"XMAX":713654.86160847,"YMAX":8502183.59738907},"geometry":{"type":"Polygon","coordinates":[[[-73.02574494565008,-13.541814699288265],[-73.02575240071174,-13.54091100592972],[-73.02667604891715,-13.540918297961879],[-73.0266685973378,-13.541821991824985],[-73.02574494565008,-13.541814699288265]]]}},{"type":"Feature","properties":{"Cell_ID":296,"Area_ha":1.0,"LC":"5:0.299719,9:0.300759,14:0.399522","XMIN":713554.86160847,"YMIN":8501983.59738907,"XMAX":713654.86160847,"YMAX":8502083.59738907},"geometry":{"type":"Polygon","coordinates":[[[-73.02573749004388,-13.542718392577594],[-73.02574494565008,-13.541814699288265],[-73.0266685973378,-13.541821991824985],[-73.02666114521419,-13.54272568561888],[-73.02573749004388,-13.542718392577594]]]}},{"type":"Feature","properties":{"Cell_ID":297,"Area_ha":1.0,"LC":"5:0.480885,9:0.360983,14:0.158132","XMIN":713554.86160847,"YMIN":8501883.59738907,"XMAX":713654.86160847,"YMAX":8501983.59738907},"geometry":{"type":"Polygon","coordinates":[[[-73.0257300338932,-13.543622085797704],[-73.02573749004388,-13.542718392577594],[-73.02666114521419,-13.54272568561888],[-73.02665369254633,-13.543629379343555],[-73.0257300338932,-13.543622085797704]]]}},{"type":"Feature","properties":{"Cell_ID":298,"Area_ha":1.0,"LC":"5:0.121616,9:0.700675,13:0.080407,16:0.097302","XMIN":713554.86160847,"YMIN":8501783.59738907,"XMAX":713654.86160847,"YMAX":8501883.59738907},"geometry":{"type":"Polygon","coordinates":[[[-73.02572257719797,-13.544525778948582],[-73.0257300338932,-13.543622085797704],[-73.02665369254633,-13.543629379343555],[-73.02664623933417,-13.544533072999007],[-73.02572257719797,-13.544525778948582]]]}},{"type":"Feature","properties":{"Cell_ID":299,"Area_ha":1.0,"LC":"9:0.323878,13:0.656332,16:0.019790","XMIN":713554.86160847,"YMIN":8501683.59738907,"XMAX":713654.86160847,"YMAX":8501783.59738907},"geometry":{"type":"Polygon","coordinates":[[[-73.0257151199582,-13.545429472030238],[-73.02572257719797,-13.544525778948582],[-73.02664623933417,-13.544533072999007],[-73.02663878557776,-13.545436766585233],[-73.0257151199582,-13.545429472030238]]]}},{"type":"Feature","properties":{"Cell_ID":300,"Area_ha":1.0,"LC":"5:0.604847,9:0.297302,13:0.097851","XMIN":713554.86160847,"YMIN":8501383.59738907,"XMAX":713654.86160847,"YMAX":8501483.59738907},"geometry":{"type":"Polygon","coordinates":[[[-73.02569274497162,-13.548140550859772],[-73.02570020384505,-13.547236857985837],[-73.02662387643203,-13.547244153549995],[-73.0266164210427,-13.548147846928519],[-73.02569274497162,-13.548140550859772]]]}},{"type":"Feature","properties":{"Cell_ID":301,"Area_ha":1.0,"LC":"5:0.959929,9:0.040071","XMIN":713554.86160847,"YMIN":8501283.59738907,"XMAX":713654.86160847,"YMAX":8501383.59738907},"geometry":{"type":"Polygon","coordinates":[[[-73.02568528555362,-13.549044243664463],[-73.02569274497162,-13.548140550859772],[-73.0266164210427,-13.548147846928519],[-73.02660896510905,-13.549051540237798],[-73.02568528555362,-13.549044243664463]]]}},{"type":"Feature","properties":{"Cell_ID":302,"Area_ha":1.0,"LC":"5:1.000000","XMIN":713554.86160847,"YMIN":8501183.59738907,"XMAX":713654.86160847,"YMAX":8501283.59738907},"geometry":{"type":"Polygon","coordinates":[[[-73.02567782559103,-13.549947936399901],[-73.02568528555362,-13.549044243664463],[-73.02660896510905,-13.549051540237798],[-73.02660150863107,-13.549955233477828],[-73.02567782559103,-13.549947936399901]]]}},{"type":"Feature","properties":{"Cell_ID":303,"Area_ha":1.0,"LC":"5:1.000000","XMIN":713554.86160847,"YMIN":8501083.59738907,"XMAX":713654.86160847,"YMAX":8501183.59738907},"geometry":{"type":"Polygon","coordinates":[[[-73.02567036508385,-13.550851629066083],[-73.02567782559103,-13.549947936399901],[-73.02660150863107,-13.549955233477828],[-73.02659405160875,-13.550858926648612],[-73.02567036508385,-13.550851629066083]]]}},{"type":"Feature","properties":{"Cell_ID":304,"Area_ha":1.0,"LC":"5:1.000000","XMIN":713554.86160847,"YMIN":8500983.59738907,"XMAX":713654.86160847,"YMAX":8501083.59738907},"geometry":{"type":"Polygon","coordinates":[[[-73.02566290403207,-13.551755321663004],[-73.02567036508385,-13.550851629066083],[-73.02659405160875,-13.550858926648612],[-73.0265865940421,-13.551762619750132],[-73.02566290403207,-13.551755321663004]]]}},{"type":"Feature","properties":{"Cell_ID":305,"Area_ha":1.0,"LC":"5:0.220437,9:0.637428,13:0.142136","XMIN":713554.86160847,"YMIN":8500883.59738907,"XMAX":713654.86160847,"YMAX":8500983.59738907},"geometry":{"type":"Polygon","coordinates":[[[-73.02565544243568,-13.552659014190661],[-73.02566290403207,-13.551755321663004],[-73.0265865940421,-13.551762619750132],[-73.02657913593106,-13.552666312782392],[-73.02565544243568,-13.552659014190661]]]}},{"type":"Feature","properties":{"Cell_ID":306,"Area_ha":1.0,"LC":"9:0.698342,13:0.180773,18:0.120885","XMIN":713554.86160847,"YMIN":8500783.59738907,"XMAX":713654.86160847,"YMAX":8500883.59738907},"geometry":{"type":"Polygon","coordinates":[[[-73.02564798029465,-13.553562706649052],[-73.02565544243568,-13.552659014190661],[-73.02657913593106,-13.552666312782392],[-73.02657167727567,-13.553570005745392],[-73.02564798029465,-13.553562706649052]]]}},{"type":"Feature","properties":{"Cell_ID":307,"Area_ha":1.0,"LC":"7:0.097302,9:0.621644,18:0.281054","XMIN":713554.86160847,"YMIN":8500683.59738907,"XMAX":713654.86160847,"YMAX":8500783.59738907},"geometry":{"type":"Polygon","coordinates":[[[-73.025640517609,-13.554466399038166],[-73.02564798029465,-13.553562706649052],[-73.02657167727567,-13.553570005745392],[-73.02656421807589,-13.55447369863912],[-73.025640517609,-13.554466399038166]]]}},{"type":"Feature","properties":{"Cell_ID":308,"Area_ha":1.0,"LC":"5:0.463274,6:0.339563,7:0.136881,9:0.060281","XMIN":713654.86160847,"YMIN":8504883.59738907,"XMAX":713754.86160847,"YMAX":8504983.59738907},"geometry":{"type":"Polygon","coordinates":[[[-73.02502992785469,-13.516503977289581],[-73.02503737114935,-13.51560028249941],[-73.02596092140885,-13.515607563805935],[-73.02595348158938,-13.516511259100794],[-73.02502992785469,-13.516503977289581]]]}},{"type":"Feature","properties":{"Cell_ID":309,"Area_ha":1.0,"LC":"3:0.423512,6:0.339467,14:0.237021","XMIN":713654.86160847,"YMIN":8504783.59738907,"XMAX":713754.86160847,"YMAX":8504883.59738907},"geometry":{"type":"Polygon","coordinates":[[[-73.02502248401554,-13.517407672010648],[-73.02502992785469,-13.516503977289581],[-73.02595348158938,-13.516511259100794],[-73.02594604122568,-13.51741495432656],[-73.02502248401554,-13.517407672010648]]]}},{"type":"Feature","properties":{"Cell_ID":310,"Area_ha":1.0,"LC":"3:0.625129,6:0.058271,14:0.316600","XMIN":713654.86160847,"YMIN":8504683.59738907,"XMAX":713754.86160847,"YMAX":8504783.59738907},"geometry":{"type":"Polygon","coordinates":[[[-73.0250150396319,-13.518311366662616],[-73.02502248401554,-13.517407672010648],[-73.02594604122568,-13.51741495432656],[-73.02593860031773,-13.518318649483229],[-73.0250150396319,-13.518311366662616]]]}},{"type":"Feature","properties":{"Cell_ID":311,"Area_ha":1.0,"LC":"3:0.404847,5:0.119438,6:0.275153,14:0.200562","XMIN":713654.86160847,"YMIN":8504583.59738907,"XMAX":713754.86160847,"YMAX":8504683.59738907},"geometry":{"type":"Polygon","coordinates":[[[-73.02500759470374,-13.519215061245477],[-73.0250150396319,-13.518311366662616],[-73.02593860031773,-13.518318649483229],[-73.02593115886553,-13.519222344570796],[-73.02500759470374,-13.519215061245477]]]}},{"type":"Feature","properties":{"Cell_ID":312,"Area_ha":1.0,"LC":"3:0.082993,5:0.799915,6:0.019790,14:0.097302","XMIN":713654.86160847,"YMIN":8504483.59738907,"XMAX":713754.86160847,"YMAX":8504583.59738907},"geometry":{"type":"Polygon","coordinates":[[[-73.02500014923106,-13.520118755759217],[-73.02500759470374,-13.519215061245477],[-73.02593115886553,-13.519222344570796],[-73.02592371686906,-13.520126039589245],[-73.02500014923106,-13.520118755759217]]]}},{"type":"Feature","properties":{"Cell_ID":313,"Area_ha":1.0,"LC":"3:0.177709,5:0.162586,14:0.659705","XMIN":713654.86160847,"YMIN":8504383.59738907,"XMAX":713754.86160847,"YMAX":8504483.59738907},"geometry":{"type":"Polygon","coordinates":[[[-73.02499270321388,-13.521022450203848],[-73.02500014923106,-13.520118755759217],[-73.02592371686906,-13.520126039589245],[-73.02591627432834,-13.521029734538589],[-73.02499270321388,-13.521022450203848]]]}},{"type":"Feature","properties":{"Cell_ID":314,"Area_ha":1.0,"LC":"3:0.438623,14:0.561377","XMIN":713654.86160847,"YMIN":8504283.59738907,"XMAX":713754.86160847,"YMAX":8504383.59738907},"geometry":{"type":"Polygon","coordinates":[[[-73.02498525665214,-13.521926144579359],[-73.02499270321388,-13.521022450203848],[-73.02591627432834,-13.521029734538589],[-73.02590883124331,-13.52193342941881],[-73.02498525665214,-13.521926144579359]]]}},{"type":"Feature","properties":{"Cell_ID":315,"Area_ha":1.0,"LC":"3:0.675967,14:0.324033","XMIN":713654.86160847,"YMIN":8504183.59738907,"XMAX":713754.86160847,"YMAX":8504283.59738907},"geometry":{"type":"Polygon","coordinates":[[[-73.02497780954587,-13.522829838885741],[-73.02498525665214,-13.521926144579359],[-73.02590883124331,-13.52193342941881],[-73.02590138761401,-13.522837124229913],[-73.02497780954587,-13.522829838885741]]]}},{"type":"Feature","properties":{"Cell_ID":316,"Area_ha":1.0,"LC":"3:0.998539,14:0.001461","XMIN":713654.86160847,"YMIN":8504083.59738907,"XMAX":713754.86160847,"YMAX":8504183.59738907},"geometry":{"type":"Polygon","coordinates":[[[-73.02497036189503,-13.52373353312299],[-73.02497780954587,-13.522829838885741],[-73.02590138761401,-13.522837124229913],[-73.02589394344041,-13.523740818971888],[-73.02497036189503,-13.52373353312299]]]}},{"type":"Feature","properties":{"Cell_ID":317,"Area_ha":1.0,"LC":"3:0.882979,14:0.117021","XMIN":713654.86160847,"YMIN":8503983.59738907,"XMAX":713754.86160847,"YMAX":8504083.59738907},"geometry":{"type":"Polygon","coordinates":[[[-73.02496291369965,-13.524637227291109],[-73.02497036189503,-13.52373353312299],[-73.02589394344041,-13.523740818971888],[-73.02588649872249,-13.524644513644732],[-73.02496291369965,-13.524637227291109]]]}},{"type":"Feature","properties":{"Cell_ID":318,"Area_ha":1.0,"LC":"3:0.305213,13:0.297780,14:0.397007","XMIN":713654.86160847,"YMIN":8503883.59738907,"XMAX":713754.86160847,"YMAX":8503983.59738907},"geometry":{"type":"Polygon","coordinates":[[[-73.02495546495967,-13.525540921390087],[-73.02496291369965,-13.524637227291109],[-73.02588649872249,-13.524644513644732],[-73.02587905346026,-13.525548208248443],[-73.02495546495967,-13.525540921390087]]]}},{"type":"Feature","properties":{"Cell_ID":319,"Area_ha":1.0,"LC":"9:0.416810,13:0.459156,14:0.124033","XMIN":713654.86160847,"YMIN":8503783.59738907,"XMAX":713754.86160847,"YMAX":8503883.59738907},"geometry":{"type":"Polygon","coordinates":[[[-73.02494801567512,-13.526444615419926],[-73.02495546495967,-13.525540921390087],[-73.02587905346026,-13.525548208248443],[-73.02587160765368,-13.526451902783018],[-73.02494801567512,-13.526444615419926]]]}},{"type":"Feature","properties":{"Cell_ID":320,"Area_ha":1.0,"LC":"9:0.020281,13:0.896332,14:0.083386","XMIN":713654.86160847,"YMIN":8503683.59738907,"XMAX":713754.86160847,"YMAX":8503783.59738907},"geometry":{"type":"Polygon","coordinates":[[[-73.02494056584598,-13.527348309380617],[-73.02494801567512,-13.526444615419926],[-73.02587160765368,-13.526451902783018],[-73.02586416130278,-13.527355597248444],[-73.02494056584598,-13.527348309380617]]]}},{"type":"Feature","properties":{"Cell_ID":321,"Area_ha":1.0,"LC":"9:0.160323,13:0.836277,14:0.003400","XMIN":713654.86160847,"YMIN":8503583.59738907,"XMAX":713754.86160847,"YMAX":8503683.59738907},"geometry":{"type":"Polygon","coordinates":[[[-73.02493311547222,-13.528252003272152],[-73.02494056584598,-13.527348309380617],[-73.02586416130278,-13.527355597248444],[-73.02585671440751,-13.528259291644726],[-73.02493311547222,-13.528252003272152]]]}},{"type":"Feature","properties":{"Cell_ID":322,"Area_ha":1.0,"LC":"9:0.878075,13:0.019790,14:0.102136","XMIN":713654.86160847,"YMIN":8503483.59738907,"XMAX":713754.86160847,"YMAX":8503583.59738907},"geometry":{"type":"Polygon","coordinates":[[[-73.02492566455386,-13.529155697094538],[-73.02493311547222,-13.528252003272152],[-73.02585671440751,-13.528259291644726],[-73.02584926696791,-13.529162985971853],[-73.02492566455386,-13.529155697094538]]]}},{"type":"Feature","properties":{"Cell_ID":323,"Area_ha":1.0,"LC":"5:0.477499,9:0.239101,14:0.283400","XMIN":713654.86160847,"YMIN":8503383.59738907,"XMAX":713754.86160847,"YMAX":8503483.59738907},"geometry":{"type":"Polygon","coordinates":[[[-73.02491821309087,-13.53005939084776],[-73.02492566455386,-13.529155697094538],[-73.02584926696791,-13.529162985971853],[-73.02584181898392,-13.530066680229826],[-73.02491821309087,-13.53005939084776]]]}},{"type":"Feature","properties":{"Cell_ID":324,"Area_ha":1.0,"LC":"3:0.000969,5:0.400000,9:0.539719,14:0.059312","XMIN":713654.86160847,"YMIN":8503283.59738907,"XMAX":713754.86160847,"YMAX":8503383.59738907},"geometry":{"type":"Polygon","coordinates":[[[-73.02491076108325,-13.53096308453182],[-73.02491821309087,-13.53005939084776],[-73.02584181898392,-13.530066680229826],[-73.02583437045556,-13.530970374418635],[-73.02491076108325,-13.53096308453182]]]}},{"type":"Feature","properties":{"Cell_ID":325,"Area_ha":1.0,"LC":"3:0.039031,5:0.522501,6:0.098594,9:0.300844,14:0.039031","XMIN":713654.86160847,"YMIN":8503183.59738907,"XMAX":713754.86160847,"YMAX":8503283.59738907},"geometry":{"type":"Polygon","coordinates":[[[-73.024903308531,-13.531866778146707],[-73.02491076108325,-13.53096308453182],[-73.02583437045556,-13.530970374418635],[-73.0258269213828,-13.531874068538286],[-73.024903308531,-13.531866778146707]]]}},{"type":"Feature","properties":{"Cell_ID":326,"Area_ha":1.0,"LC":"6:0.181406,7:0.600478,9:0.218116","XMIN":713654.86160847,"YMIN":8503083.59738907,"XMAX":713754.86160847,"YMAX":8503183.59738907},"geometry":{"type":"Polygon","coordinates":[[[-73.02489585543407,-13.532770471692427],[-73.024903308531,-13.531866778146707],[-73.0258269213828,-13.531874068538286],[-73.02581947176566,-13.532777762588761],[-73.02489585543407,-13.532770471692427]]]}},{"type":"Feature","properties":{"Cell_ID":327,"Area_ha":1.0,"LC":"5:0.141502,7:0.000492,9:0.858006","XMIN":713654.86160847,"YMIN":8502983.59738907,"XMAX":713754.86160847,"YMAX":8503083.59738907},"geometry":{"type":"Polygon","coordinates":[[[-73.0248884017925,-13.533674165168962],[-73.02489585543407,-13.532770471692427],[-73.02581947176566,-13.532777762588761],[-73.0258120216041,-13.533681456570061],[-73.0248884017925,-13.533674165168962]]]}},{"type":"Feature","properties":{"Cell_ID":328,"Area_ha":1.0,"LC":"5:0.862376,9:0.137624","XMIN":713654.86160847,"YMIN":8502883.59738907,"XMAX":713754.86160847,"YMAX":8502983.59738907},"geometry":{"type":"Polygon","coordinates":[[[-73.02488094760623,-13.534577858576323],[-73.0248884017925,-13.533674165168962],[-73.0258120216041,-13.533681456570061],[-73.02580457089812,-13.53458515048219],[-73.02488094760623,-13.534577858576323]]]}},{"type":"Feature","properties":{"Cell_ID":329,"Area_ha":1.0,"LC":"5:0.716445,7:0.161939,9:0.121616","XMIN":713654.86160847,"YMIN":8502783.59738907,"XMAX":713754.86160847,"YMAX":8502883.59738907},"geometry":{"type":"Polygon","coordinates":[[[-73.02487349287532,-13.535481551914495],[-73.02488094760623,-13.534577858576323],[-73.02580457089812,-13.53458515048219],[-73.02579711964772,-13.535488844325133],[-73.02487349287532,-13.535481551914495]]]}},{"type":"Feature","properties":{"Cell_ID":330,"Area_ha":1.0,"LC":"5:0.783119,9:0.216881","XMIN":713654.86160847,"YMIN":8502683.59738907,"XMAX":713754.86160847,"YMAX":8502783.59738907},"geometry":{"type":"Polygon","coordinates":[[[-73.02486603759968,-13.536385245183476],[-73.02487349287532,-13.535481551914495],[-73.02579711964772,-13.535488844325133],[-73.02578966785288,-13.536392538098887],[-73.02486603759968,-13.536385245183476]]]}},{"type":"Feature","properties":{"Cell_ID":331,"Area_ha":1.0,"LC":"5:1.000000","XMIN":713654.86160847,"YMIN":8502583.59738907,"XMAX":713754.86160847,"YMAX":8502683.59738907},"geometry":{"type":"Polygon","coordinates":[[[-73.02485858177936,-13.537288938383261],[-73.02486603759968,-13.536385245183476],[-73.02578966785288,-13.536392538098887],[-73.02578221551359,-13.537296231803454],[-73.02485858177936,-13.537288938383261]]]}},{"type":"Feature","properties":{"Cell_ID":332,"Area_ha":1.0,"LC":"5:0.481532,9:0.118468,13:0.400000","XMIN":713654.86160847,"YMIN":8502483.59738907,"XMAX":713754.86160847,"YMAX":8502583.59738907},"geometry":{"type":"Polygon","coordinates":[[[-73.02485112541432,-13.538192631513853],[-73.02485858177936,-13.537288938383261],[-73.02578221551359,-13.537296231803454],[-73.02577476262984,-13.538199925438827],[-73.02485112541432,-13.538192631513853]]]}},{"type":"Feature","properties":{"Cell_ID":333,"Area_ha":1.0,"LC":"5:0.060844,9:0.396614,14:0.542543","XMIN":713654.86160847,"YMIN":8502383.59738907,"XMAX":713754.86160847,"YMAX":8502483.59738907},"geometry":{"type":"Polygon","coordinates":[[[-73.02484366850456,-13.539096324575237],[-73.02485112541432,-13.538192631513853],[-73.02577476262984,-13.538199925438827],[-73.02576730920161,-13.539103619004996],[-73.02484366850456,-13.539096324575237]]]}},{"type":"Feature","properties":{"Cell_ID":334,"Area_ha":1.0,"LC":"9:0.694787,14:0.305213","XMIN":713654.86160847,"YMIN":8502283.59738907,"XMAX":713754.86160847,"YMAX":8502383.59738907},"geometry":{"type":"Polygon","coordinates":[[[-73.02483621105006,-13.540000017567415],[-73.02484366850456,-13.539096324575237],[-73.02576730920161,-13.539103619004996],[-73.02575985522893,-13.540007312501963],[-73.02483621105006,-13.540000017567415]]]}},{"type":"Feature","properties":{"Cell_ID":335,"Area_ha":1.0,"LC":"9:0.798061,14:0.201939","XMIN":713654.86160847,"YMIN":8502183.59738907,"XMAX":713754.86160847,"YMAX":8502283.59738907},"geometry":{"type":"Polygon","coordinates":[[[-73.02482875305083,-13.540903710490381],[-73.02483621105006,-13.540000017567415],[-73.02575985522893,-13.540007312501963],[-73.02575240071174,-13.54091100592972],[-73.02482875305083,-13.540903710490381]]]}},{"type":"Feature","properties":{"Cell_ID":336,"Area_ha":1.0,"LC":"9:1.000000","XMIN":713654.86160847,"YMIN":8502083.59738907,"XMAX":713754.86160847,"YMAX":8502183.59738907},"geometry":{"type":"Polygon","coordinates":[[[-73.02482129450685,-13.541807403344128],[-73.02482875305083,-13.540903710490381],[-73.02575240071174,-13.54091100592972],[-73.02574494565008,-13.541814699288265],[-73.02482129450685,-13.541807403344128]]]}},{"type":"Feature","properties":{"Cell_ID":337,"Area_ha":1.0,"LC":"9:1.000000","XMIN":713654.86160847,"YMIN":8501983.59738907,"XMAX":713754.86160847,"YMAX":8502083.59738907},"geometry":{"type":"Polygon","coordinates":[[[-73.0248138354181,-13.542711096128658],[-73.02482129450685,-13.541807403344128],[-73.02574494565008,-13.541814699288265],[-73.02573749004388,-13.542718392577594],[-73.0248138354181,-13.542711096128658]]]}},{"type":"Feature","properties":{"Cell_ID":338,"Area_ha":1.0,"LC":"5:0.078468,9:0.921532","XMIN":713654.86160847,"YMIN":8501883.59738907,"XMAX":713754.86160847,"YMAX":8501983.59738907},"geometry":{"type":"Polygon","coordinates":[[[-73.02480637578459,-13.543614788843962],[-73.0248138354181,-13.542711096128658],[-73.02573749004388,-13.542718392577594],[-73.0257300338932,-13.543622085797704],[-73.02480637578459,-13.543614788843962]]]}},{"type":"Feature","properties":{"Cell_ID":339,"Area_ha":1.0,"LC":"5:0.041532,9:0.616332,13:0.342136","XMIN":713654.86160847,"YMIN":8501783.59738907,"XMAX":713754.86160847,"YMAX":8501883.59738907},"geometry":{"type":"Polygon","coordinates":[[[-73.0247989156063,-13.544518481490035],[-73.02480637578459,-13.543614788843962],[-73.0257300338932,-13.543622085797704],[-73.02572257719797,-13.544525778948582],[-73.0247989156063,-13.544518481490035]]]}},{"type":"Feature","properties":{"Cell_ID":340,"Area_ha":1.0,"LC":"9:0.698258,13:0.301742","XMIN":713654.86160847,"YMIN":8501683.59738907,"XMAX":713754.86160847,"YMAX":8501783.59738907},"geometry":{"type":"Polygon","coordinates":[[[-73.02479145488321,-13.54542217406688],[-73.0247989156063,-13.544518481490035],[-73.02572257719797,-13.544525778948582],[-73.0257151199582,-13.545429472030238],[-73.02479145488321,-13.54542217406688]]]}},{"type":"Feature","properties":{"Cell_ID":341,"Area_ha":1.0,"LC":"5:1.000000","XMIN":713654.86160847,"YMIN":8501183.59738907,"XMAX":713754.86160847,"YMAX":8501283.59738907},"geometry":{"type":"Polygon","coordinates":[[[-73.02475414309559,-13.549940635912428],[-73.02476160654278,-13.54903694368182],[-73.02568528555362,-13.549044243664463],[-73.02567782559103,-13.549947936399901],[-73.02475414309559,-13.549940635912428]]]}},{"type":"Feature","properties":{"Cell_ID":342,"Area_ha":1.0,"LC":"5:1.000000","XMIN":713654.86160847,"YMIN":8501083.59738907,"XMAX":713754.86160847,"YMAX":8501183.59738907},"geometry":{"type":"Polygon","coordinates":[[[-73.02474667910356,-13.550844328073778],[-73.02475414309559,-13.549940635912428],[-73.02567782559103,-13.549947936399901],[-73.02567036508385,-13.550851629066083],[-73.02474667910356,-13.550844328073778]]]}},{"type":"Feature","properties":{"Cell_ID":343,"Area_ha":1.0,"LC":"5:0.418413,6:0.357906,9:0.223681","XMIN":713754.86160847,"YMIN":8504883.59738907,"XMAX":713854.86160847,"YMAX":8504983.59738907},"geometry":{"type":"Polygon","coordinates":[[[-73.02410637466448,-13.516496692077558],[-73.02411382143433,-13.515592997792316],[-73.02503737114935,-13.51560028249941],[-73.02502992785469,-13.516503977289581],[-73.02410637466448,-13.516496692077558]]]}},{"type":"Feature","properties":{"Cell_ID":344,"Area_ha":1.0,"LC":"3:0.576248,6:0.423752","XMIN":713754.86160847,"YMIN":8504783.59738907,"XMAX":713854.86160847,"YMAX":8504883.59738907},"geometry":{"type":"Polygon","coordinates":[[[-73.0240989273499,-13.51740038629369],[-73.02410637466448,-13.516496692077558],[-73.02502992785469,-13.516503977289581],[-73.02502248401554,-13.517407672010648],[-73.0240989273499,-13.51740038629369]]]}},{"type":"Feature","properties":{"Cell_ID":345,"Area_ha":1.0,"LC":"3:0.879438,6:0.120562","XMIN":713754.86160847,"YMIN":8504683.59738907,"XMAX":713854.86160847,"YMAX":8504783.59738907},"geometry":{"type":"Polygon","coordinates":[[[-73.02409147949055,-13.518304080440723],[-73.0240989273499,-13.51740038629369],[-73.02502248401554,-13.517407672010648],[-73.0250150396319,-13.518311366662616],[-73.02409147949055,-13.518304080440723]]]}},{"type":"Feature","properties":{"Cell_ID":346,"Area_ha":1.0,"LC":"3:1.000000","XMIN":713754.86160847,"YMIN":8504583.59738907,"XMAX":713854.86160847,"YMAX":8504683.59738907},"geometry":{"type":"Polygon","coordinates":[[[-73.02408403108646,-13.519207774518636],[-73.02409147949055,-13.518304080440723],[-73.0250150396319,-13.518311366662616],[-73.02500759470374,-13.519215061245477],[-73.02408403108646,-13.519207774518636]]]}},{"type":"Feature","properties":{"Cell_ID":347,"Area_ha":1.0,"LC":"3:0.842979,5:0.157021","XMIN":713754.86160847,"YMIN":8504483.59738907,"XMAX":713854.86160847,"YMAX":8504583.59738907},"geometry":{"type":"Polygon","coordinates":[[[-73.0240765821376,-13.520111468527436],[-73.02408403108646,-13.519207774518636],[-73.02500759470374,-13.519215061245477],[-73.02500014923106,-13.520118755759217],[-73.0240765821376,-13.520111468527436]]]}},{"type":"Feature","properties":{"Cell_ID":348,"Area_ha":1.0,"LC":"3:0.262305,5:0.119101,14:0.618594","XMIN":713754.86160847,"YMIN":8504383.59738907,"XMAX":713854.86160847,"YMAX":8504483.59738907},"geometry":{"type":"Polygon","coordinates":[[[-73.02406913264394,-13.521015162467117],[-73.0240765821376,-13.520111468527436],[-73.02500014923106,-13.520118755759217],[-73.02499270321388,-13.521022450203848],[-73.02406913264394,-13.521015162467117]]]}},{"type":"Feature","properties":{"Cell_ID":349,"Area_ha":1.0,"LC":"3:0.277906,14:0.722094","XMIN":713754.86160847,"YMIN":8504283.59738907,"XMAX":713854.86160847,"YMAX":8504383.59738907},"geometry":{"type":"Polygon","coordinates":[[[-73.02406168260552,-13.521918856337672],[-73.02406913264394,-13.521015162467117],[-73.02499270321388,-13.521022450203848],[-73.02498525665214,-13.521926144579359],[-73.02406168260552,-13.521918856337672]]]}},{"type":"Feature","properties":{"Cell_ID":350,"Area_ha":1.0,"LC":"3:0.639186,14:0.360814","XMIN":713754.86160847,"YMIN":8504183.59738907,"XMAX":713854.86160847,"YMAX":8504283.59738907},"geometry":{"type":"Polygon","coordinates":[[[-73.02405423202228,-13.5228225501391],[-73.02406168260552,-13.521918856337672],[-73.02498525665214,-13.521926144579359],[-73.02497780954587,-13.522829838885741],[-73.02405423202228,-13.5228225501391]]]}},{"type":"Feature","properties":{"Cell_ID":351,"Area_ha":1.0,"LC":"3:0.196051,6:0.179156,14:0.624792","XMIN":713754.86160847,"YMIN":8504083.59738907,"XMAX":713854.86160847,"YMAX":8504183.59738907},"geometry":{"type":"Polygon","coordinates":[[[-73.02404678089424,-13.523726243871394],[-73.02405423202228,-13.5228225501391],[-73.02497780954587,-13.522829838885741],[-73.02497036189503,-13.52373353312299],[-73.02404678089424,-13.523726243871394]]]}},{"type":"Feature","properties":{"Cell_ID":352,"Area_ha":1.0,"LC":"3:0.695756,6:0.301813,14:0.002431","XMIN":713754.86160847,"YMIN":8503983.59738907,"XMAX":713854.86160847,"YMAX":8504083.59738907},"geometry":{"type":"Polygon","coordinates":[[[-73.02403932922137,-13.524629937534549],[-73.02404678089424,-13.523726243871394],[-73.02497036189503,-13.52373353312299],[-73.02496291369965,-13.524637227291109],[-73.02403932922137,-13.524629937534549]]]}},{"type":"Feature","properties":{"Cell_ID":353,"Area_ha":1.0,"LC":"3:0.980759,14:0.019241","XMIN":713754.86160847,"YMIN":8503883.59738907,"XMAX":713854.86160847,"YMAX":8503983.59738907},"geometry":{"type":"Polygon","coordinates":[[[-73.02403187700368,-13.52553363112856],[-73.02403932922137,-13.524629937534549],[-73.02496291369965,-13.524637227291109],[-73.02495546495967,-13.525540921390087],[-73.02403187700368,-13.52553363112856]]]}},{"type":"Feature","properties":{"Cell_ID":354,"Area_ha":1.0,"LC":"3:0.605410,13:0.058271,14:0.336319","XMIN":713754.86160847,"YMIN":8503783.59738907,"XMAX":713854.86160847,"YMAX":8503883.59738907},"geometry":{"type":"Polygon","coordinates":[[[-73.02402442424116,-13.52643732465343],[-73.02403187700368,-13.52553363112856],[-73.02495546495967,-13.525540921390087],[-73.02494801567512,-13.526444615419926],[-73.02402442424116,-13.52643732465343]]]}},{"type":"Feature","properties":{"Cell_ID":355,"Area_ha":1.0,"LC":"3:0.225129,13:0.058820,14:0.716051","XMIN":713754.86160847,"YMIN":8503683.59738907,"XMAX":713854.86160847,"YMAX":8503783.59738907},"geometry":{"type":"Polygon","coordinates":[[[-73.02401697093379,-13.527341018109148],[-73.02402442424116,-13.52643732465343],[-73.02494801567512,-13.526444615419926],[-73.02494056584598,-13.527348309380617],[-73.02401697093379,-13.527341018109148]]]}},{"type":"Feature","properties":{"Cell_ID":356,"Area_ha":1.0,"LC":"3:0.064651,9:0.357990,14:0.577359","XMIN":713754.86160847,"YMIN":8503583.59738907,"XMAX":713854.86160847,"YMAX":8503683.59738907},"geometry":{"type":"Polygon","coordinates":[[[-73.02400951708154,-13.528244711495706],[-73.02401697093379,-13.527341018109148],[-73.02494056584598,-13.527348309380617],[-73.02493311547222,-13.528252003272152],[-73.02400951708154,-13.528244711495706]]]}},{"type":"Feature","properties":{"Cell_ID":357,"Area_ha":1.0,"LC":"5:0.119438,9:0.158132,14:0.722431","XMIN":713754.86160847,"YMIN":8503483.59738907,"XMAX":713854.86160847,"YMAX":8503583.59738907},"geometry":{"type":"Polygon","coordinates":[[[-73.02400206268445,-13.52914840481311],[-73.02400951708154,-13.528244711495706],[-73.02493311547222,-13.528252003272152],[-73.02492566455386,-13.529155697094538],[-73.02400206268445,-13.52914840481311]]]}},{"type":"Feature","properties":{"Cell_ID":358,"Area_ha":1.0,"LC":"5:0.522417,14:0.477583","XMIN":713754.86160847,"YMIN":8503383.59738907,"XMAX":713854.86160847,"YMAX":8503483.59738907},"geometry":{"type":"Polygon","coordinates":[[[-73.02399460774245,-13.530052098061349],[-73.02400206268445,-13.52914840481311],[-73.02492566455386,-13.529155697094538],[-73.02491821309087,-13.53005939084776],[-73.02399460774245,-13.530052098061349]]]}},{"type":"Feature","properties":{"Cell_ID":359,"Area_ha":1.0,"LC":"3:0.400885,5:0.538763,14:0.060352","XMIN":713754.86160847,"YMIN":8503283.59738907,"XMAX":713854.86160847,"YMAX":8503383.59738907},"geometry":{"type":"Polygon","coordinates":[[[-73.02398715225559,-13.53095579124042],[-73.02399460774245,-13.530052098061349],[-73.02491821309087,-13.53005939084776],[-73.02491076108325,-13.53096308453182],[-73.02398715225559,-13.53095579124042]]]}},{"type":"Feature","properties":{"Cell_ID":360,"Area_ha":1.0,"LC":"3:0.203962,5:0.616952,6:0.179085","XMIN":713754.86160847,"YMIN":8503183.59738907,"XMAX":713854.86160847,"YMAX":8503283.59738907},"geometry":{"type":"Polygon","coordinates":[[[-73.02397969622382,-13.531859484350317],[-73.02398715225559,-13.53095579124042],[-73.02491076108325,-13.53096308453182],[-73.024903308531,-13.531866778146707],[-73.02397969622382,-13.531859484350317]]]}},{"type":"Feature","properties":{"Cell_ID":361,"Area_ha":1.0,"LC":"5:0.081461,6:0.463823,7:0.454716","XMIN":713754.86160847,"YMIN":8503083.59738907,"XMAX":713854.86160847,"YMAX":8503183.59738907},"geometry":{"type":"Polygon","coordinates":[[[-73.02397223964715,-13.53276317739104],[-73.02397969622382,-13.531859484350317],[-73.024903308531,-13.531866778146707],[-73.02489585543407,-13.532770471692427],[-73.02397223964715,-13.53276317739104]]]}},{"type":"Feature","properties":{"Cell_ID":362,"Area_ha":1.0,"LC":"5:0.577147,7:0.383345,9:0.039508","XMIN":713754.86160847,"YMIN":8502983.59738907,"XMAX":713854.86160847,"YMAX":8503083.59738907},"geometry":{"type":"Polygon","coordinates":[[[-73.02396478252555,-13.533666870362577],[-73.02397223964715,-13.53276317739104],[-73.02489585543407,-13.532770471692427],[-73.0248884017925,-13.533674165168962],[-73.02396478252555,-13.533666870362577]]]}},{"type":"Feature","properties":{"Cell_ID":363,"Area_ha":1.0,"LC":"5:0.777037,9:0.222963","XMIN":713754.86160847,"YMIN":8502883.59738907,"XMAX":713854.86160847,"YMAX":8502983.59738907},"geometry":{"type":"Polygon","coordinates":[[[-73.02395732485904,-13.534570563264934],[-73.02396478252555,-13.533666870362577],[-73.0248884017925,-13.533674165168962],[-73.02488094760623,-13.534577858576323],[-73.02395732485904,-13.534570563264934]]]}},{"type":"Feature","properties":{"Cell_ID":364,"Area_ha":1.0,"LC":"5:0.117990,6:0.259634,7:0.318061,9:0.301406,16:0.002908","XMIN":713754.86160847,"YMIN":8502783.59738907,"XMAX":713854.86160847,"YMAX":8502883.59738907},"geometry":{"type":"Polygon","coordinates":[[[-73.0239498666476,-13.535474256098102],[-73.02395732485904,-13.534570563264934],[-73.02488094760623,-13.534577858576323],[-73.02487349287532,-13.535481551914495],[-73.0239498666476,-13.535474256098102]]]}},{"type":"Feature","properties":{"Cell_ID":365,"Area_ha":1.0,"LC":"5:0.834590,6:0.162993,7:0.002417","XMIN":713754.86160847,"YMIN":8502683.59738907,"XMAX":713854.86160847,"YMAX":8502783.59738907},"geometry":{"type":"Polygon","coordinates":[[[-73.0239424078912,-13.536377948862068],[-73.0239498666476,-13.535474256098102],[-73.02487349287532,-13.535481551914495],[-73.02486603759968,-13.536385245183476],[-73.0239424078912,-13.536377948862068]]]}},{"type":"Feature","properties":{"Cell_ID":366,"Area_ha":1.0,"LC":"5:0.615996,6:0.143668,7:0.001461,9:0.238875","XMIN":713754.86160847,"YMIN":8502583.59738907,"XMAX":713854.86160847,"YMAX":8502683.59738907},"geometry":{"type":"Polygon","coordinates":[[[-73.02393494858984,-13.537281641556842],[-73.0239424078912,-13.536377948862068],[-73.02486603759968,-13.536385245183476],[-73.02485858177936,-13.537288938383261],[-73.02393494858984,-13.537281641556842]]]}},{"type":"Feature","properties":{"Cell_ID":367,"Area_ha":1.0,"LC":"5:0.258820,6:0.001461,9:0.581658,13:0.158061","XMIN":713754.86160847,"YMIN":8502483.59738907,"XMAX":713854.86160847,"YMAX":8502583.59738907},"geometry":{"type":"Polygon","coordinates":[[[-73.02392748874351,-13.538185334182414],[-73.02393494858984,-13.537281641556842],[-73.02485858177936,-13.537288938383261],[-73.02485112541432,-13.538192631513853],[-73.02392748874351,-13.538185334182414]]]}},{"type":"Feature","properties":{"Cell_ID":368,"Area_ha":1.0,"LC":"9:0.863668,14:0.136332","XMIN":713754.86160847,"YMIN":8502383.59738907,"XMAX":713854.86160847,"YMAX":8502483.59738907},"geometry":{"type":"Polygon","coordinates":[[[-73.02392002835222,-13.539089026738777],[-73.02392748874351,-13.538185334182414],[-73.02485112541432,-13.538192631513853],[-73.02484366850456,-13.539096324575237],[-73.02392002835222,-13.539089026738777]]]}},{"type":"Feature","properties":{"Cell_ID":369,"Area_ha":1.0,"LC":"9:0.545213,14:0.454787","XMIN":713754.86160847,"YMIN":8502283.59738907,"XMAX":713854.86160847,"YMAX":8502383.59738907},"geometry":{"type":"Polygon","coordinates":[[[-73.02391256741593,-13.53999271922593],[-73.02392002835222,-13.539089026738777],[-73.02484366850456,-13.539096324575237],[-73.02483621105006,-13.540000017567415],[-73.02391256741593,-13.53999271922593]]]}},{"type":"Feature","properties":{"Cell_ID":370,"Area_ha":1.0,"LC":"9:0.221658,14:0.778342","XMIN":713754.86160847,"YMIN":8502183.59738907,"XMAX":713854.86160847,"YMAX":8502283.59738907},"geometry":{"type":"Polygon","coordinates":[[[-73.02390510593467,-13.540896411643866],[-73.02391256741593,-13.53999271922593],[-73.02483621105006,-13.540000017567415],[-73.02482875305083,-13.540903710490381],[-73.02390510593467,-13.540896411643866]]]}},{"type":"Feature","properties":{"Cell_ID":371,"Area_ha":1.0,"LC":"9:0.457302,14:0.542698","XMIN":713754.86160847,"YMIN":8502083.59738907,"XMAX":713854.86160847,"YMAX":8502183.59738907},"geometry":{"type":"Polygon","coordinates":[[[-73.02389764390838,-13.541800103992582],[-73.02390510593467,-13.540896411643866],[-73.02482875305083,-13.540903710490381],[-73.02482129450685,-13.541807403344128],[-73.02389764390838,-13.541800103992582]]]}},{"type":"Feature","properties":{"Cell_ID":372,"Area_ha":1.0,"LC":"5:0.182136,9:0.694871,14:0.122993","XMIN":713754.86160847,"YMIN":8501983.59738907,"XMAX":713854.86160847,"YMAX":8502083.59738907},"geometry":{"type":"Polygon","coordinates":[[[-73.02389018133708,-13.542703796272077],[-73.02389764390838,-13.541800103992582],[-73.02482129450685,-13.541807403344128],[-73.0248138354181,-13.542711096128658],[-73.02389018133708,-13.542703796272077]]]}},{"type":"Feature","properties":{"Cell_ID":373,"Area_ha":1.0,"LC":"5:0.341109,9:0.658891","XMIN":713754.86160847,"YMIN":8501883.59738907,"XMAX":713854.86160847,"YMAX":8501983.59738907},"geometry":{"type":"Polygon","coordinates":[[[-73.02388271822076,-13.543607488482342],[-73.02389018133708,-13.542703796272077],[-73.0248138354181,-13.542711096128658],[-73.02480637578459,-13.543614788843962],[-73.02388271822076,-13.543607488482342]]]}},{"type":"Feature","properties":{"Cell_ID":374,"Area_ha":1.0,"LC":"5:0.319664,9:0.244285,13:0.436051","XMIN":713754.86160847,"YMIN":8501783.59738907,"XMAX":713854.86160847,"YMAX":8501883.59738907},"geometry":{"type":"Polygon","coordinates":[[[-73.02387525455941,-13.54451118062337],[-73.02388271822076,-13.543607488482342],[-73.02480637578459,-13.543614788843962],[-73.0247989156063,-13.544518481490035],[-73.02387525455941,-13.54451118062337]]]}},{"type":"Feature","properties":{"Cell_ID":375,"Area_ha":1.0,"LC":"6:0.019719,9:0.939719,13:0.040562","XMIN":713854.86160847,"YMIN":8504983.59738907,"XMAX":713954.86160847,"YMAX":8505083.59738907},"geometry":{"type":"Polygon","coordinates":[[[-73.02319027226403,-13.515585709684656],[-73.02319772196407,-13.514682015835481],[-73.02412126765945,-13.514689303437978],[-73.02411382143433,-13.515592997792316],[-73.02319027226403,-13.515585709684656]]]}},{"type":"Feature","properties":{"Cell_ID":376,"Area_ha":1.0,"LC":"3:0.119438,6:0.680407,9:0.200155","XMIN":713854.86160847,"YMIN":8504883.59738907,"XMAX":713954.86160847,"YMAX":8504983.59738907},"geometry":{"type":"Polygon","coordinates":[[[-73.02318282201901,-13.51648940346473],[-73.02319027226403,-13.515585709684656],[-73.02411382143433,-13.515592997792316],[-73.02410637466448,-13.516496692077558],[-73.02318282201901,-13.51648940346473]]]}},{"type":"Feature","properties":{"Cell_ID":377,"Area_ha":1.0,"LC":"3:0.680407,6:0.319593","XMIN":713854.86160847,"YMIN":8504783.59738907,"XMAX":713954.86160847,"YMAX":8504883.59738907},"geometry":{"type":"Polygon","coordinates":[[[-73.02317537122902,-13.517393097175693],[-73.02318282201901,-13.51648940346473],[-73.02410637466448,-13.516496692077558],[-73.0240989273499,-13.51740038629369],[-73.02317537122902,-13.517393097175693]]]}},{"type":"Feature","properties":{"Cell_ID":378,"Area_ha":1.0,"LC":"3:0.979719,6:0.020281","XMIN":713854.86160847,"YMIN":8504683.59738907,"XMAX":713954.86160847,"YMAX":8504783.59738907},"geometry":{"type":"Polygon","coordinates":[[[-73.02316791989398,-13.518296790817551],[-73.02317537122902,-13.517393097175693],[-73.0240989273499,-13.51740038629369],[-73.02409147949055,-13.518304080440723],[-73.02316791989398,-13.518296790817551]]]}},{"type":"Feature","properties":{"Cell_ID":379,"Area_ha":1.0,"LC":"3:1.000000","XMIN":713854.86160847,"YMIN":8504583.59738907,"XMAX":713954.86160847,"YMAX":8504683.59738907},"geometry":{"type":"Polygon","coordinates":[[[-73.02316046801396,-13.519200484390295],[-73.02316791989398,-13.518296790817551],[-73.02409147949055,-13.518304080440723],[-73.02408403108646,-13.519207774518636],[-73.02316046801396,-13.519200484390295]]]}},{"type":"Feature","properties":{"Cell_ID":380,"Area_ha":1.0,"LC":"3:1.000000","XMIN":713854.86160847,"YMIN":8504483.59738907,"XMAX":713954.86160847,"YMAX":8504583.59738907},"geometry":{"type":"Polygon","coordinates":[[[-73.0231530155889,-13.520104177893913],[-73.02316046801396,-13.519200484390295],[-73.02408403108646,-13.519207774518636],[-73.0240765821376,-13.520111468527436],[-73.0231530155889,-13.520104177893913]]]}},{"type":"Feature","properties":{"Cell_ID":381,"Area_ha":1.0,"LC":"3:0.664230,9:0.199438,14:0.136332","XMIN":713854.86160847,"YMIN":8504383.59738907,"XMAX":713954.86160847,"YMAX":8504483.59738907},"geometry":{"type":"Polygon","coordinates":[[[-73.02314556261882,-13.521007871328411],[-73.0231530155889,-13.520104177893913],[-73.0240765821376,-13.520111468527436],[-73.02406913264394,-13.521015162467117],[-73.02314556261882,-13.521007871328411]]]}},{"type":"Feature","properties":{"Cell_ID":382,"Area_ha":1.0,"LC":"3:0.165410,5:0.199438,9:0.300281,14:0.334871","XMIN":713854.86160847,"YMIN":8504283.59738907,"XMAX":713954.86160847,"YMAX":8504383.59738907},"geometry":{"type":"Polygon","coordinates":[[[-73.02313810910368,-13.521911564693777],[-73.02314556261882,-13.521007871328411],[-73.02406913264394,-13.521015162467117],[-73.02406168260552,-13.521918856337672],[-73.02313810910368,-13.521911564693777]]]}},{"type":"Feature","properties":{"Cell_ID":383,"Area_ha":1.0,"LC":"3:0.000492,5:0.459719,9:0.064159,14:0.475631","XMIN":713854.86160847,"YMIN":8504183.59738907,"XMAX":713954.86160847,"YMAX":8504283.59738907},"geometry":{"type":"Polygon","coordinates":[[[-73.0231306550435,-13.522815257990015],[-73.02313810910368,-13.521911564693777],[-73.02406168260552,-13.521918856337672],[-73.02405423202228,-13.5228225501391],[-73.0231306550435,-13.522815257990015]]]}},{"type":"Feature","properties":{"Cell_ID":384,"Area_ha":1.0,"LC":"5:0.180844,14:0.819156","XMIN":713854.86160847,"YMIN":8504083.59738907,"XMAX":713954.86160847,"YMAX":8504183.59738907},"geometry":{"type":"Polygon","coordinates":[[[-73.02312320043826,-13.523718951217111],[-73.0231306550435,-13.522815257990015],[-73.02405423202228,-13.5228225501391],[-73.02404678089424,-13.523726243871394],[-73.02312320043826,-13.523718951217111]]]}},{"type":"Feature","properties":{"Cell_ID":385,"Area_ha":1.0,"LC":"3:0.058271,6:0.078468,14:0.863261","XMIN":713854.86160847,"YMIN":8503983.59738907,"XMAX":713954.86160847,"YMAX":8504083.59738907},"geometry":{"type":"Polygon","coordinates":[[[-73.02311574528792,-13.52462264437507],[-73.02312320043826,-13.523718951217111],[-73.02404678089424,-13.523726243871394],[-73.02403932922137,-13.524629937534549],[-73.02311574528792,-13.52462264437507]]]}},{"type":"Feature","properties":{"Cell_ID":386,"Area_ha":1.0,"LC":"3:0.195153,6:0.402417,14:0.402431","XMIN":713854.86160847,"YMIN":8503883.59738907,"XMAX":713954.86160847,"YMAX":8503983.59738907},"geometry":{"type":"Polygon","coordinates":[[[-73.02310828959253,-13.52552633746388],[-73.02311574528792,-13.52462264437507],[-73.02403932922137,-13.524629937534549],[-73.02403187700368,-13.52553363112856],[-73.02310828959253,-13.52552633746388]]]}},{"type":"Feature","properties":{"Cell_ID":387,"Area_ha":1.0,"LC":"3:0.514028,6:0.081054,7:0.124356,14:0.280562","XMIN":713854.86160847,"YMIN":8503783.59738907,"XMAX":713954.86160847,"YMAX":8503883.59738907},"geometry":{"type":"Polygon","coordinates":[[[-73.02310083335203,-13.526430030483542],[-73.02310828959253,-13.52552633746388],[-73.02403187700368,-13.52553363112856],[-73.02402442424116,-13.52643732465343],[-73.02310083335203,-13.526430030483542]]]}},{"type":"Feature","properties":{"Cell_ID":388,"Area_ha":1.0,"LC":"3:0.997569,7:0.002431","XMIN":713854.86160847,"YMIN":8503683.59738907,"XMAX":713954.86160847,"YMAX":8503783.59738907},"geometry":{"type":"Polygon","coordinates":[[[-73.02309337656644,-13.52733372343405],[-73.02310083335203,-13.526430030483542],[-73.02402442424116,-13.52643732465343],[-73.02401697093379,-13.527341018109148],[-73.02309337656644,-13.52733372343405]]]}},{"type":"Feature","properties":{"Cell_ID":389,"Area_ha":1.0,"LC":"3:0.980759,14:0.019241","XMIN":713854.86160847,"YMIN":8503583.59738907,"XMAX":713954.86160847,"YMAX":8503683.59738907},"geometry":{"type":"Polygon","coordinates":[[[-73.02308591923571,-13.528237416315395],[-73.02309337656644,-13.52733372343405],[-73.02401697093379,-13.527341018109148],[-73.02400951708154,-13.528244711495706],[-73.02308591923571,-13.528237416315395]]]}},{"type":"Feature","properties":{"Cell_ID":390,"Area_ha":1.0,"LC":"3:0.705129,14:0.294871","XMIN":713854.86160847,"YMIN":8503483.59738907,"XMAX":713954.86160847,"YMAX":8503583.59738907},"geometry":{"type":"Polygon","coordinates":[[[-73.0230784613599,-13.529141109127583],[-73.02308591923571,-13.528237416315395],[-73.02400951708154,-13.528244711495706],[-73.02400206268445,-13.52914840481311],[-73.0230784613599,-13.529141109127583]]]}},{"type":"Feature","properties":{"Cell_ID":391,"Area_ha":1.0,"LC":"3:0.265691,5:0.216739,14:0.517569","XMIN":713854.86160847,"YMIN":8503383.59738907,"XMAX":713954.86160847,"YMAX":8503483.59738907},"geometry":{"type":"Polygon","coordinates":[[[-73.02307100293893,-13.530044801870599],[-73.0230784613599,-13.529141109127583],[-73.02400206268445,-13.52914840481311],[-73.02399460774245,-13.530052098061349],[-73.02307100293893,-13.530044801870599]]]}},{"type":"Feature","properties":{"Cell_ID":392,"Area_ha":1.0,"LC":"3:0.638889,5:0.259383,6:0.021166,14:0.080562","XMIN":713854.86160847,"YMIN":8503283.59738907,"XMAX":713954.86160847,"YMAX":8503383.59738907},"geometry":{"type":"Polygon","coordinates":[[[-73.02306354397282,-13.530948494544445],[-73.02307100293893,-13.530044801870599],[-73.02399460774245,-13.530052098061349],[-73.02398715225559,-13.53095579124042],[-73.02306354397282,-13.530948494544445]]]}},{"type":"Feature","properties":{"Cell_ID":393,"Area_ha":1.0,"LC":"3:0.357725,5:0.260533,6:0.381742","XMIN":713854.86160847,"YMIN":8503183.59738907,"XMAX":713954.86160847,"YMAX":8503283.59738907},"geometry":{"type":"Polygon","coordinates":[[[-73.02305608446156,-13.531852187149118],[-73.02306354397282,-13.530948494544445],[-73.02398715225559,-13.53095579124042],[-73.02397969622382,-13.531859484350317],[-73.02305608446156,-13.531852187149118]]]}},{"type":"Feature","properties":{"Cell_ID":394,"Area_ha":1.0,"LC":"5:0.763949,6:0.197092,7:0.038960","XMIN":713854.86160847,"YMIN":8503083.59738907,"XMAX":713954.86160847,"YMAX":8503183.59738907},"geometry":{"type":"Polygon","coordinates":[[[-73.02304862440515,-13.532755879684608],[-73.02305608446156,-13.531852187149118],[-73.02397969622382,-13.531859484350317],[-73.02397223964715,-13.53276317739104],[-73.02304862440515,-13.532755879684608]]]}},{"type":"Feature","properties":{"Cell_ID":395,"Area_ha":1.0,"LC":"5:0.620281,7:0.238132,9:0.100617,16:0.040969","XMIN":713854.86160847,"YMIN":8502983.59738907,"XMAX":713954.86160847,"YMAX":8503083.59738907},"geometry":{"type":"Polygon","coordinates":[[[-73.02304116380355,-13.53365957215091],[-73.02304862440515,-13.532755879684608],[-73.02397223964715,-13.53276317739104],[-73.02396478252555,-13.533666870362577],[-73.02304116380355,-13.53365957215091]]]}},{"type":"Feature","properties":{"Cell_ID":396,"Area_ha":1.0,"LC":"5:0.041054,9:0.958946","XMIN":713854.86160847,"YMIN":8502883.59738907,"XMAX":713954.86160847,"YMAX":8502983.59738907},"geometry":{"type":"Polygon","coordinates":[[[-73.02303370265679,-13.534563264548028],[-73.02304116380355,-13.53365957215091],[-73.02396478252555,-13.533666870362577],[-73.02395732485904,-13.534570563264934],[-73.02303370265679,-13.534563264548028]]]}},{"type":"Feature","properties":{"Cell_ID":397,"Area_ha":1.0,"LC":"6:0.159367,7:0.020197,9:0.343345,16:0.477092","XMIN":713854.86160847,"YMIN":8502783.59738907,"XMAX":713954.86160847,"YMAX":8502883.59738907},"geometry":{"type":"Polygon","coordinates":[[[-73.02302624096482,-13.535466956875952],[-73.02303370265679,-13.534563264548028],[-73.02395732485904,-13.534570563264934],[-73.0239498666476,-13.535474256098102],[-73.02302624096482,-13.535466956875952]]]}},{"type":"Feature","properties":{"Cell_ID":398,"Area_ha":1.0,"LC":"6:0.359664,7:0.459732,9:0.180604","XMIN":713854.86160847,"YMIN":8502683.59738907,"XMAX":713954.86160847,"YMAX":8502783.59738907},"geometry":{"type":"Polygon","coordinates":[[[-73.02301877872766,-13.536370649134675],[-73.02302624096482,-13.535466956875952],[-73.0239498666476,-13.535474256098102],[-73.0239424078912,-13.536377948862068],[-73.02301877872766,-13.536370649134675]]]}},{"type":"Feature","properties":{"Cell_ID":399,"Area_ha":1.0,"LC":"6:0.415770,7:0.401040,9:0.183190","XMIN":713854.86160847,"YMIN":8502583.59738907,"XMAX":713954.86160847,"YMAX":8502683.59738907},"geometry":{"type":"Polygon","coordinates":[[[-73.0230113159453,-13.5372743413242],[-73.02301877872766,-13.536370649134675],[-73.0239424078912,-13.536377948862068],[-73.02393494858984,-13.537281641556842],[-73.0230113159453,-13.5372743413242]]]}},{"type":"Feature","properties":{"Cell_ID":400,"Area_ha":1.0,"LC":"5:0.241377,6:0.179383,9:0.579241","XMIN":713854.86160847,"YMIN":8502483.59738907,"XMAX":713954.86160847,"YMAX":8502583.59738907},"geometry":{"type":"Polygon","coordinates":[[[-73.02300385261769,-13.538178033444517],[-73.0230113159453,-13.5372743413242],[-73.02393494858984,-13.537281641556842],[-73.02392748874351,-13.538185334182414],[-73.02300385261769,-13.538178033444517]]]}},{"type":"Feature","properties":{"Cell_ID":401,"Area_ha":1.0,"LC":"5:0.242501,9:0.757499","XMIN":713854.86160847,"YMIN":8502383.59738907,"XMAX":713954.86160847,"YMAX":8502483.59738907},"geometry":{"type":"Polygon","coordinates":[[[-73.02299638874487,-13.539081725495624],[-73.02300385261769,-13.538178033444517],[-73.02392748874351,-13.538185334182414],[-73.02392002835222,-13.539089026738777],[-73.02299638874487,-13.539081725495624]]]}},{"type":"Feature","properties":{"Cell_ID":402,"Area_ha":1.0,"LC":"9:0.477739,13:0.040885,14:0.481377","XMIN":713854.86160847,"YMIN":8502283.59738907,"XMAX":713954.86160847,"YMAX":8502383.59738907},"geometry":{"type":"Polygon","coordinates":[[[-73.02298892432682,-13.539985417477517],[-73.02299638874487,-13.539081725495624],[-73.02392002835222,-13.539089026738777],[-73.02391256741593,-13.53999271922593],[-73.02298892432682,-13.539985417477517]]]}},{"type":"Feature","properties":{"Cell_ID":403,"Area_ha":1.0,"LC":"9:0.195153,13:0.562838,14:0.242010","XMIN":713854.86160847,"YMIN":8502183.59738907,"XMAX":713954.86160847,"YMAX":8502283.59738907},"geometry":{"type":"Polygon","coordinates":[[[-73.02298145936349,-13.540889109390188],[-73.02298892432682,-13.539985417477517],[-73.02391256741593,-13.53999271922593],[-73.02390510593467,-13.540896411643866],[-73.02298145936349,-13.540889109390188]]]}},{"type":"Feature","properties":{"Cell_ID":404,"Area_ha":1.0,"LC":"9:0.855756,13:0.144244","XMIN":713954.86160847,"YMIN":8504983.59738907,"XMAX":714054.86160847,"YMAX":8505083.59738907},"geometry":{"type":"Polygon","coordinates":[[[-73.02226672363872,-13.51557841817644],[-73.02227417681365,-13.514674724832663],[-73.02319772196407,-13.514682015835481],[-73.02319027226403,-13.515585709684656],[-73.02226672363872,-13.51557841817644]]]}},{"type":"Feature","properties":{"Cell_ID":405,"Area_ha":1.0,"LC":"3:0.019719,6:0.197021,9:0.781322,14:0.001939","XMIN":713954.86160847,"YMIN":8504883.59738907,"XMAX":714054.86160847,"YMAX":8504983.59738907},"geometry":{"type":"Polygon","coordinates":[[[-73.02225926991855,-13.516482111451115],[-73.02226672363872,-13.51557841817644],[-73.02319027226403,-13.515585709684656],[-73.02318282201901,-13.51648940346473],[-73.02225926991855,-13.516482111451115]]]}},{"type":"Feature","properties":{"Cell_ID":406,"Area_ha":1.0,"LC":"3:0.377217,6:0.238132,9:0.384651","XMIN":713954.86160847,"YMIN":8504783.59738907,"XMAX":714054.86160847,"YMAX":8504883.59738907},"geometry":{"type":"Polygon","coordinates":[[[-73.02225181565312,-13.517385804656673],[-73.02225926991855,-13.516482111451115],[-73.02318282201901,-13.51648940346473],[-73.02317537122902,-13.517393097175693],[-73.02225181565312,-13.517385804656673]]]}},{"type":"Feature","properties":{"Cell_ID":407,"Area_ha":1.0,"LC":"3:0.939719,9:0.060281","XMIN":713954.86160847,"YMIN":8504683.59738907,"XMAX":714054.86160847,"YMAX":8504783.59738907},"geometry":{"type":"Polygon","coordinates":[[[-73.02224436084244,-13.518289497793122],[-73.02225181565312,-13.517385804656673],[-73.02317537122902,-13.517393097175693],[-73.02316791989398,-13.518296790817551],[-73.02224436084244,-13.518289497793122]]]}},{"type":"Feature","properties":{"Cell_ID":408,"Area_ha":1.0,"LC":"3:0.999522,14:0.000478","XMIN":713954.86160847,"YMIN":8504583.59738907,"XMAX":714054.86160847,"YMAX":8504683.59738907},"geometry":{"type":"Polygon","coordinates":[[[-73.02223690548648,-13.519193190860452],[-73.02224436084244,-13.518289497793122],[-73.02316791989398,-13.518296790817551],[-73.02316046801396,-13.519200484390295],[-73.02223690548648,-13.519193190860452]]]}},{"type":"Feature","properties":{"Cell_ID":409,"Area_ha":1.0,"LC":"3:0.995631,14:0.004369","XMIN":713954.86160847,"YMIN":8504483.59738907,"XMAX":714054.86160847,"YMAX":8504583.59738907},"geometry":{"type":"Polygon","coordinates":[[[-73.02222944958524,-13.520096883858656],[-73.02223690548648,-13.519193190860452],[-73.02316046801396,-13.519200484390295],[-73.0231530155889,-13.520104177893913],[-73.02222944958524,-13.520096883858656]]]}},{"type":"Feature","properties":{"Cell_ID":410,"Area_ha":1.0,"LC":"3:1.000000","XMIN":713954.86160847,"YMIN":8504383.59738907,"XMAX":714054.86160847,"YMAX":8504483.59738907},"geometry":{"type":"Polygon","coordinates":[[[-73.02222199313873,-13.521000576787733],[-73.02222944958524,-13.520096883858656],[-73.0231530155889,-13.520104177893913],[-73.02314556261882,-13.521007871328411],[-73.02222199313873,-13.521000576787733]]]}},{"type":"Feature","properties":{"Cell_ID":411,"Area_ha":1.0,"LC":"3:0.980281,7:0.019719","XMIN":713954.86160847,"YMIN":8504283.59738907,"XMAX":714054.86160847,"YMAX":8504383.59738907},"geometry":{"type":"Polygon","coordinates":[[[-73.0222145361469,-13.52190426964768],[-73.02222199313873,-13.521000576787733],[-73.02314556261882,-13.521007871328411],[-73.02313810910368,-13.521911564693777],[-73.0222145361469,-13.52190426964768]]]}},{"type":"Feature","properties":{"Cell_ID":412,"Area_ha":1.0,"LC":"3:0.481532,7:0.283386,9:0.196122,14:0.038960","XMIN":713954.86160847,"YMIN":8504183.59738907,"XMAX":714054.86160847,"YMAX":8504283.59738907},"geometry":{"type":"Polygon","coordinates":[[[-73.02220707860978,-13.522807962438485],[-73.0222145361469,-13.52190426964768],[-73.02313810910368,-13.521911564693777],[-73.0231306550435,-13.522815257990015],[-73.02220707860978,-13.522807962438485]]]}},{"type":"Feature","properties":{"Cell_ID":413,"Area_ha":1.0,"LC":"3:0.120562,6:0.021166,7:0.102712,14:0.755560","XMIN":713954.86160847,"YMIN":8504083.59738907,"XMAX":714054.86160847,"YMAX":8504183.59738907},"geometry":{"type":"Polygon","coordinates":[[[-73.02219962052735,-13.523711655160154],[-73.02220707860978,-13.522807962438485],[-73.0231306550435,-13.522815257990015],[-73.02312320043826,-13.523718951217111],[-73.02219962052735,-13.523711655160154]]]}},{"type":"Feature","properties":{"Cell_ID":414,"Area_ha":1.0,"LC":"6:0.020773,7:0.184075,14:0.795153","XMIN":713954.86160847,"YMIN":8503983.59738907,"XMAX":714054.86160847,"YMAX":8504083.59738907},"geometry":{"type":"Polygon","coordinates":[[[-73.02219216189957,-13.524615347812677],[-73.02219962052735,-13.523711655160154],[-73.02312320043826,-13.523718951217111],[-73.02311574528792,-13.52462264437507],[-73.02219216189957,-13.524615347812677]]]}},{"type":"Feature","properties":{"Cell_ID":415,"Area_ha":1.0,"LC":"6:0.177302,7:0.023190,9:0.181658,14:0.617851","XMIN":713954.86160847,"YMIN":8503883.59738907,"XMAX":714054.86160847,"YMAX":8503983.59738907},"geometry":{"type":"Polygon","coordinates":[[[-73.02218470272646,-13.525519040396048],[-73.02219216189957,-13.524615347812677],[-73.02311574528792,-13.52462264437507],[-73.02310828959253,-13.52552633746388],[-73.02218470272646,-13.525519040396048]]]}},{"type":"Feature","properties":{"Cell_ID":416,"Area_ha":1.0,"LC":"6:0.019790,7:0.357512,9:0.100281,14:0.522417","XMIN":713954.86160847,"YMIN":8503783.59738907,"XMAX":714054.86160847,"YMAX":8503883.59738907},"geometry":{"type":"Polygon","coordinates":[[[-73.02217724300802,-13.526422732910271],[-73.02218470272646,-13.525519040396048],[-73.02310828959253,-13.52552633746388],[-73.02310083335203,-13.526430030483542],[-73.02217724300802,-13.526422732910271]]]}},{"type":"Feature","properties":{"Cell_ID":417,"Area_ha":1.0,"LC":"3:0.559929,7:0.297851,14:0.142220","XMIN":713954.86160847,"YMIN":8503683.59738907,"XMAX":714054.86160847,"YMAX":8503783.59738907},"geometry":{"type":"Polygon","coordinates":[[[-73.0221697827442,-13.527326425355332],[-73.02217724300802,-13.526422732910271],[-73.02310083335203,-13.526430030483542],[-73.02309337656644,-13.52733372343405],[-73.0221697827442,-13.527326425355332]]]}},{"type":"Feature","properties":{"Cell_ID":418,"Area_ha":1.0,"LC":"3:0.335434,7:0.259719,14:0.404847","XMIN":713954.86160847,"YMIN":8503583.59738907,"XMAX":714054.86160847,"YMAX":8503683.59738907},"geometry":{"type":"Polygon","coordinates":[[[-73.02216232193503,-13.528230117731233],[-73.0221697827442,-13.527326425355332],[-73.02309337656644,-13.52733372343405],[-73.02308591923571,-13.528237416315395],[-73.02216232193503,-13.528230117731233]]]}},{"type":"Feature","properties":{"Cell_ID":419,"Area_ha":1.0,"LC":"3:0.195153,7:0.419719,14:0.385129","XMIN":713954.86160847,"YMIN":8503483.59738907,"XMAX":714054.86160847,"YMAX":8503583.59738907},"geometry":{"type":"Polygon","coordinates":[[[-73.02215486058047,-13.529133810037964],[-73.02216232193503,-13.528230117731233],[-73.02308591923571,-13.528237416315395],[-73.0230784613599,-13.529141109127583],[-73.02215486058047,-13.529133810037964]]]}},{"type":"Feature","properties":{"Cell_ID":420,"Area_ha":1.0,"LC":"3:0.677414,7:0.300844,14:0.021742","XMIN":713954.86160847,"YMIN":8503383.59738907,"XMAX":714054.86160847,"YMAX":8503483.59738907},"geometry":{"type":"Polygon","coordinates":[[[-73.02214739868053,-13.530037502275526],[-73.02215486058047,-13.529133810037964],[-73.0230784613599,-13.529141109127583],[-73.02307100293893,-13.530044801870599],[-73.02214739868053,-13.530037502275526]]]}},{"type":"Feature","properties":{"Cell_ID":421,"Area_ha":1.0,"LC":"3:0.500437,5:0.320969,6:0.117990,14:0.060604","XMIN":713954.86160847,"YMIN":8503283.59738907,"XMAX":714054.86160847,"YMAX":8503383.59738907},"geometry":{"type":"Polygon","coordinates":[[[-73.0221399362352,-13.530941194443912],[-73.02214739868053,-13.530037502275526],[-73.02307100293893,-13.530044801870599],[-73.02306354397282,-13.530948494544445],[-73.0221399362352,-13.530941194443912]]]}},{"type":"Feature","properties":{"Cell_ID":422,"Area_ha":1.0,"LC":"5:0.097302,6:0.158132,9:0.160323,14:0.584244","XMIN":713954.86160847,"YMIN":8503183.59738907,"XMAX":714054.86160847,"YMAX":8503283.59738907},"geometry":{"type":"Polygon","coordinates":[[[-73.02213247324447,-13.53184488654312],[-73.0221399362352,-13.530941194443912],[-73.02306354397282,-13.530948494544445],[-73.02305608446156,-13.531852187149118],[-73.02213247324447,-13.53184488654312]]]}},{"type":"Feature","properties":{"Cell_ID":423,"Area_ha":1.0,"LC":"5:0.396122,6:0.240969,9:0.362431,16:0.000478","XMIN":713954.86160847,"YMIN":8503083.59738907,"XMAX":714054.86160847,"YMAX":8503183.59738907},"geometry":{"type":"Polygon","coordinates":[[[-73.0221250097083,-13.532748578573143],[-73.02213247324447,-13.53184488654312],[-73.02305608446156,-13.531852187149118],[-73.02304862440515,-13.532755879684608],[-73.0221250097083,-13.532748578573143]]]}},{"type":"Feature","properties":{"Cell_ID":424,"Area_ha":1.0,"LC":"5:0.097780,9:0.480155,16:0.382627,17:0.039438","XMIN":713954.86160847,"YMIN":8502983.59738907,"XMAX":714054.86160847,"YMAX":8503083.59738907},"geometry":{"type":"Polygon","coordinates":[[[-73.02211754562673,-13.533652270533976],[-73.0221250097083,-13.532748578573143],[-73.02304862440515,-13.532755879684608],[-73.02304116380355,-13.53365957215091],[-73.02211754562673,-13.533652270533976]]]}},{"type":"Feature","properties":{"Cell_ID":425,"Area_ha":1.0,"LC":"5:0.040071,9:0.355082,16:0.060773,17:0.544075","XMIN":713954.86160847,"YMIN":8502883.59738907,"XMAX":714054.86160847,"YMAX":8502983.59738907},"geometry":{"type":"Polygon","coordinates":[[[-73.02211008099972,-13.53455596242562],[-73.02211754562673,-13.533652270533976],[-73.02304116380355,-13.53365957215091],[-73.02303370265679,-13.534563264548028],[-73.02211008099972,-13.53455596242562]]]}},{"type":"Feature","properties":{"Cell_ID":426,"Area_ha":1.0,"LC":"6:0.200000,7:0.098116,9:0.637162,16:0.002908,17:0.061813","XMIN":713954.86160847,"YMIN":8502783.59738907,"XMAX":714054.86160847,"YMAX":8502883.59738907},"geometry":{"type":"Polygon","coordinates":[[[-73.02210261582725,-13.535459654248063],[-73.02211008099972,-13.53455596242562],[-73.02303370265679,-13.534563264548028],[-73.02302624096482,-13.535466956875952],[-73.02210261582725,-13.535459654248063]]]}},{"type":"Feature","properties":{"Cell_ID":427,"Area_ha":1.0,"LC":"6:0.279508,7:0.338976,9:0.381024,17:0.000492","XMIN":713954.86160847,"YMIN":8502683.59738907,"XMAX":714054.86160847,"YMAX":8502783.59738907},"geometry":{"type":"Polygon","coordinates":[[[-73.02209515010934,-13.536363346001304],[-73.02210261582725,-13.535459654248063],[-73.02302624096482,-13.535466956875952],[-73.02301877872766,-13.536370649134675],[-73.02209515010934,-13.536363346001304]]]}},{"type":"Feature","properties":{"Cell_ID":428,"Area_ha":1.0,"LC":"6:0.002431,7:0.360000,9:0.637569","XMIN":713954.86160847,"YMIN":8502583.59738907,"XMAX":714054.86160847,"YMAX":8502683.59738907},"geometry":{"type":"Polygon","coordinates":[[[-73.02208768384595,-13.537267037685345],[-73.02209515010934,-13.536363346001304],[-73.02301877872766,-13.536370649134675],[-73.0230113159453,-13.5372743413242],[-73.02208768384595,-13.537267037685345]]]}},{"type":"Feature","properties":{"Cell_ID":429,"Area_ha":1.0,"LC":"5:0.176810,9:0.823190","XMIN":713954.86160847,"YMIN":8502483.59738907,"XMAX":714054.86160847,"YMAX":8502583.59738907},"geometry":{"type":"Polygon","coordinates":[[[-73.0220802170371,-13.538170729300175],[-73.02208768384595,-13.537267037685345],[-73.0230113159453,-13.5372743413242],[-73.02300385261769,-13.538178033444517],[-73.0220802170371,-13.538170729300175]]]}},{"type":"Feature","properties":{"Cell_ID":430,"Area_ha":1.0,"LC":"5:0.658749,9:0.341251","XMIN":713954.86160847,"YMIN":8502383.59738907,"XMAX":714054.86160847,"YMAX":8502483.59738907},"geometry":{"type":"Polygon","coordinates":[[[-73.02207274968276,-13.539074420845786],[-73.0220802170371,-13.538170729300175],[-73.02300385261769,-13.538178033444517],[-73.02299638874487,-13.539081725495624],[-73.02207274968276,-13.539074420845786]]]}},{"type":"Feature","properties":{"Cell_ID":431,"Area_ha":1.0,"LC":"5:0.122979,9:0.501813,13:0.077990,14:0.297217","XMIN":713954.86160847,"YMIN":8502283.59738907,"XMAX":714054.86160847,"YMAX":8502383.59738907},"geometry":{"type":"Polygon","coordinates":[[[-73.02206528178293,-13.539978112322183],[-73.02207274968276,-13.539074420845786],[-73.02299638874487,-13.539081725495624],[-73.02298892432682,-13.539985417477517],[-73.02206528178293,-13.539978112322183]]]}},{"type":"Feature","properties":{"Cell_ID":432,"Area_ha":1.0,"LC":"9:0.340281,13:0.659719","XMIN":714054.86160847,"YMIN":8505083.59738907,"XMAX":714154.86160847,"YMAX":8505183.59738907},"geometry":{"type":"Polygon","coordinates":[[[-73.0213506322085,-13.514667430429533],[-73.02135808831284,-13.513763737522282],[-73.02228162944337,-13.51377103141978],[-73.02227417681365,-13.514674724832663],[-73.0213506322085,-13.514667430429533]]]}},{"type":"Feature","properties":{"Cell_ID":433,"Area_ha":1.0,"LC":"9:0.240407,13:0.720155,14:0.039438","XMIN":714054.86160847,"YMIN":8504983.59738907,"XMAX":714154.86160847,"YMAX":8505083.59738907},"geometry":{"type":"Polygon","coordinates":[[[-73.02134317555864,-13.515571123267677],[-73.0213506322085,-13.514667430429533],[-73.02227417681365,-13.514674724832663],[-73.02226672363872,-13.51557841817644],[-73.02134317555864,-13.515571123267677]]]}},{"type":"Feature","properties":{"Cell_ID":434,"Area_ha":1.0,"LC":"5:0.002908,9:0.398146,14:0.598946","XMIN":714054.86160847,"YMIN":8504883.59738907,"XMAX":714154.86160847,"YMAX":8504983.59738907},"geometry":{"type":"Polygon","coordinates":[[[-73.02133571836332,-13.516474816036716],[-73.02134317555864,-13.515571123267677],[-73.02226672363872,-13.51557841817644],[-73.02225926991855,-13.516482111451115],[-73.02133571836332,-13.516474816036716]]]}},{"type":"Feature","properties":{"Cell_ID":435,"Area_ha":1.0,"LC":"3:0.098678,6:0.184075,9:0.175912,14:0.541335","XMIN":714054.86160847,"YMIN":8504783.59738907,"XMAX":714154.86160847,"YMAX":8504883.59738907},"geometry":{"type":"Polygon","coordinates":[[[-73.02132826062248,-13.517378508736634],[-73.02133571836332,-13.516474816036716],[-73.02225926991855,-13.516482111451115],[-73.02225181565312,-13.517385804656673],[-73.02132826062248,-13.517378508736634]]]}},{"type":"Feature","properties":{"Cell_ID":436,"Area_ha":1.0,"LC":"3:0.817288,6:0.122431,14:0.060281","XMIN":714054.86160847,"YMIN":8504683.59738907,"XMAX":714154.86160847,"YMAX":8504783.59738907},"geometry":{"type":"Polygon","coordinates":[[[-73.02132080233613,-13.51828220136744],[-73.02132826062248,-13.517378508736634],[-73.02225181565312,-13.517385804656673],[-73.02224436084244,-13.518289497793122],[-73.02132080233613,-13.51828220136744]]]}},{"type":"Feature","properties":{"Cell_ID":437,"Area_ha":1.0,"LC":"3:0.898820,6:0.062220,14:0.038960","XMIN":714054.86160847,"YMIN":8504583.59738907,"XMAX":714154.86160847,"YMAX":8504683.59738907},"geometry":{"type":"Polygon","coordinates":[[[-73.02131334350429,-13.519185893929121],[-73.02132080233613,-13.51828220136744],[-73.02224436084244,-13.518289497793122],[-73.02223690548648,-13.519193190860452],[-73.02131334350429,-13.519185893929121]]]}},{"type":"Feature","properties":{"Cell_ID":438,"Area_ha":1.0,"LC":"3:0.444369,14:0.555631","XMIN":714054.86160847,"YMIN":8504483.59738907,"XMAX":714154.86160847,"YMAX":8504583.59738907},"geometry":{"type":"Polygon","coordinates":[[[-73.02130588412689,-13.520089586421673],[-73.02131334350429,-13.519185893929121],[-73.02223690548648,-13.519193190860452],[-73.02222944958524,-13.520096883858656],[-73.02130588412689,-13.520089586421673]]]}},{"type":"Feature","properties":{"Cell_ID":439,"Area_ha":1.0,"LC":"3:0.719522,6:0.199915,14:0.080562","XMIN":714054.86160847,"YMIN":8504383.59738907,"XMAX":714154.86160847,"YMAX":8504483.59738907},"geometry":{"type":"Polygon","coordinates":[[[-73.02129842420395,-13.520993278845093],[-73.02130588412689,-13.520089586421673],[-73.02222944958524,-13.520096883858656],[-73.02222199313873,-13.521000576787733],[-73.02129842420395,-13.520993278845093]]]}},{"type":"Feature","properties":{"Cell_ID":440,"Area_ha":1.0,"LC":"3:0.595153,6:0.401939,14:0.002908","XMIN":714054.86160847,"YMIN":8504283.59738907,"XMAX":714154.86160847,"YMAX":8504383.59738907},"geometry":{"type":"Polygon","coordinates":[[[-73.02129096373544,-13.521896971199379],[-73.02129842420395,-13.520993278845093],[-73.02222199313873,-13.521000576787733],[-73.0222145361469,-13.52190426964768],[-73.02129096373544,-13.521896971199379]]]}},{"type":"Feature","properties":{"Cell_ID":441,"Area_ha":1.0,"LC":"3:0.259383,5:0.101658,6:0.380773,7:0.236051,14:0.022136","XMIN":714054.86160847,"YMIN":8504183.59738907,"XMAX":714154.86160847,"YMAX":8504283.59738907},"geometry":{"type":"Polygon","coordinates":[[[-73.02128350272139,-13.522800663484526],[-73.02129096373544,-13.521896971199379],[-73.0222145361469,-13.52190426964768],[-73.02220707860978,-13.522807962438485],[-73.02128350272139,-13.522800663484526]]]}},{"type":"Feature","properties":{"Cell_ID":442,"Area_ha":1.0,"LC":"3:0.299156,5:0.184637,6:0.338271,7:0.118132,14:0.059803","XMIN":714054.86160847,"YMIN":8504083.59738907,"XMAX":714154.86160847,"YMAX":8504183.59738907},"geometry":{"type":"Polygon","coordinates":[[[-73.02127604116177,-13.523704355700527],[-73.02128350272139,-13.522800663484526],[-73.02220707860978,-13.522807962438485],[-73.02219962052735,-13.523711655160154],[-73.02127604116177,-13.523704355700527]]]}},{"type":"Feature","properties":{"Cell_ID":443,"Area_ha":1.0,"LC":"3:0.484918,5:0.000492,6:0.040071,7:0.295363,9:0.019719,14:0.159438","XMIN":714054.86160847,"YMIN":8503983.59738907,"XMAX":714154.86160847,"YMAX":8504083.59738907},"geometry":{"type":"Polygon","coordinates":[[[-73.02126857905655,-13.524608047847382],[-73.02127604116177,-13.523704355700527],[-73.02219962052735,-13.523711655160154],[-73.02219216189957,-13.524615347812677],[-73.02126857905655,-13.524608047847382]]]}},{"type":"Feature","properties":{"Cell_ID":444,"Area_ha":1.0,"LC":"3:0.061742,7:0.435967,9:0.258342,14:0.243949","XMIN":714054.86160847,"YMIN":8503883.59738907,"XMAX":714154.86160847,"YMAX":8503983.59738907},"geometry":{"type":"Polygon","coordinates":[[[-73.02126111640575,-13.525511739925081],[-73.02126857905655,-13.524608047847382],[-73.02219216189957,-13.524615347812677],[-73.02218470272646,-13.525519040396048],[-73.02126111640575,-13.525511739925081]]]}},{"type":"Feature","properties":{"Cell_ID":445,"Area_ha":1.0,"LC":"3:0.000969,7:0.658976,14:0.340055","XMIN":714054.86160847,"YMIN":8503783.59738907,"XMAX":714154.86160847,"YMAX":8503883.59738907},"geometry":{"type":"Polygon","coordinates":[[[-73.02125365320934,-13.526415431933625],[-73.02126111640575,-13.525511739925081],[-73.02218470272646,-13.525519040396048],[-73.02217724300802,-13.526422732910271],[-73.02125365320934,-13.526415431933625]]]}},{"type":"Feature","properties":{"Cell_ID":446,"Area_ha":1.0,"LC":"3:0.279508,6:0.339156,14:0.381335","XMIN":714054.86160847,"YMIN":8503683.59738907,"XMAX":714154.86160847,"YMAX":8503783.59738907},"geometry":{"type":"Polygon","coordinates":[[[-73.02124618946733,-13.527319123873005],[-73.02125365320934,-13.526415431933625],[-73.02217724300802,-13.526422732910271],[-73.0221697827442,-13.527326425355332],[-73.02124618946733,-13.527319123873005]]]}},{"type":"Feature","properties":{"Cell_ID":447,"Area_ha":1.0,"LC":"3:0.084369,6:0.460281,14:0.455349","XMIN":714054.86160847,"YMIN":8503583.59738907,"XMAX":714154.86160847,"YMAX":8503683.59738907},"geometry":{"type":"Polygon","coordinates":[[[-73.02123872517971,-13.52822281574322],[-73.02124618946733,-13.527319123873005],[-73.0221697827442,-13.527326425355332],[-73.02216232193503,-13.528230117731233],[-73.02123872517971,-13.52822281574322]]]}},{"type":"Feature","properties":{"Cell_ID":448,"Area_ha":1.0,"LC":"3:0.141166,6:0.082501,9:0.459156,14:0.317176","XMIN":714054.86160847,"YMIN":8503483.59738907,"XMAX":714154.86160847,"YMAX":8503583.59738907},"geometry":{"type":"Polygon","coordinates":[[[-73.02123126034645,-13.529126507544262],[-73.02123872517971,-13.52822281574322],[-73.02216232193503,-13.528230117731233],[-73.02215486058047,-13.529133810037964],[-73.02123126034645,-13.529126507544262]]]}},{"type":"Feature","properties":{"Cell_ID":449,"Area_ha":1.0,"LC":"3:0.558889,9:0.062291,14:0.378820","XMIN":714054.86160847,"YMIN":8503383.59738907,"XMAX":714154.86160847,"YMAX":8503483.59738907},"geometry":{"type":"Polygon","coordinates":[[[-73.02122379496754,-13.530030199276133],[-73.02123126034645,-13.529126507544262],[-73.02215486058047,-13.529133810037964],[-73.02214739868053,-13.530037502275526],[-73.02122379496754,-13.530030199276133]]]}},{"type":"Feature","properties":{"Cell_ID":450,"Area_ha":1.0,"LC":"3:0.139945,5:0.318061,9:0.424004,14:0.117990","XMIN":714054.86160847,"YMIN":8503283.59738907,"XMAX":714154.86160847,"YMAX":8503383.59738907},"geometry":{"type":"Polygon","coordinates":[[[-73.021216329043,-13.530933890938822],[-73.02122379496754,-13.530030199276133],[-73.02214739868053,-13.530037502275526],[-73.0221399362352,-13.530941194443912],[-73.021216329043,-13.530933890938822]]]}},{"type":"Feature","properties":{"Cell_ID":451,"Area_ha":1.0,"LC":"7:0.401939,9:0.440899,14:0.157162","XMIN":714054.86160847,"YMIN":8503183.59738907,"XMAX":714154.86160847,"YMAX":8503283.59738907},"geometry":{"type":"Polygon","coordinates":[[[-73.02120886257278,-13.531837582532333],[-73.021216329043,-13.530933890938822],[-73.0221399362352,-13.530941194443912],[-73.02213247324447,-13.53184488654312],[-73.02120886257278,-13.531837582532333]]]}},{"type":"Feature","properties":{"Cell_ID":452,"Area_ha":1.0,"LC":"5:0.199031,6:0.240000,7:0.041939,9:0.420437,16:0.098594","XMIN":714054.86160847,"YMIN":8503083.59738907,"XMAX":714154.86160847,"YMAX":8503183.59738907},"geometry":{"type":"Polygon","coordinates":[[[-73.0212013955569,-13.532741274056654],[-73.02120886257278,-13.531837582532333],[-73.02213247324447,-13.53184488654312],[-73.0221250097083,-13.532748578573143],[-73.0212013955569,-13.532741274056654]]]}},{"type":"Feature","properties":{"Cell_ID":453,"Area_ha":1.0,"LC":"9:0.079031,16:0.920969","XMIN":714054.86160847,"YMIN":8502983.59738907,"XMAX":714154.86160847,"YMAX":8503083.59738907},"geometry":{"type":"Polygon","coordinates":[[[-73.02119392799534,-13.533644965511778],[-73.0212013955569,-13.532741274056654],[-73.0221250097083,-13.532748578573143],[-73.02211754562673,-13.533652270533976],[-73.02119392799534,-13.533644965511778]]]}},{"type":"Feature","properties":{"Cell_ID":454,"Area_ha":1.0,"LC":"16:0.424315,17:0.575685","XMIN":714054.86160847,"YMIN":8502883.59738907,"XMAX":714154.86160847,"YMAX":8502983.59738907},"geometry":{"type":"Polygon","coordinates":[[[-73.02118645988809,-13.534548656897714],[-73.02119392799534,-13.533644965511778],[-73.02211754562673,-13.533652270533976],[-73.02211008099972,-13.53455596242562],[-73.02118645988809,-13.534548656897714]]]}},{"type":"Feature","properties":{"Cell_ID":455,"Area_ha":1.0,"LC":"6:0.119031,16:0.480000,17:0.400969","XMIN":714054.86160847,"YMIN":8502783.59738907,"XMAX":714154.86160847,"YMAX":8502883.59738907},"geometry":{"type":"Polygon","coordinates":[[[-73.02117899123515,-13.535452348214445],[-73.02118645988809,-13.534548656897714],[-73.02211008099972,-13.53455596242562],[-73.02210261582725,-13.535459654248063],[-73.02117899123515,-13.535452348214445]]]}},{"type":"Feature","properties":{"Cell_ID":456,"Area_ha":1.0,"LC":"6:0.019241,7:0.202417,9:0.594997,17:0.183345","XMIN":714054.86160847,"YMIN":8502683.59738907,"XMAX":714154.86160847,"YMAX":8502783.59738907},"geometry":{"type":"Polygon","coordinates":[[[-73.02117152203648,-13.536356039461968],[-73.02117899123515,-13.535452348214445],[-73.02210261582725,-13.535459654248063],[-73.02209515010934,-13.536363346001304],[-73.02117152203648,-13.536356039461968]]]}},{"type":"Feature","properties":{"Cell_ID":457,"Area_ha":1.0,"LC":"5:0.020197,6:0.397007,7:0.078553,9:0.504244","XMIN":714054.86160847,"YMIN":8502583.59738907,"XMAX":714154.86160847,"YMAX":8502683.59738907},"geometry":{"type":"Polygon","coordinates":[[[-73.02116405229211,-13.537259730640287],[-73.02117152203648,-13.536356039461968],[-73.02209515010934,-13.536363346001304],[-73.02208768384595,-13.537267037685345],[-73.02116405229211,-13.537259730640287]]]}},{"type":"Feature","properties":{"Cell_ID":458,"Area_ha":1.0,"LC":"9:0.058678,13:0.941322","XMIN":714154.86160847,"YMIN":8505283.59738907,"XMAX":714254.86160847,"YMAX":8505383.59738907},"geometry":{"type":"Polygon","coordinates":[[[-73.02044200676103,-13.512852747754224],[-73.02044946524857,-13.511949055214634],[-73.02137299888514,-13.51195635150048],[-73.02136554387172,-13.512860044545928],[-73.02044200676103,-13.512852747754224]]]}},{"type":"Feature","properties":{"Cell_ID":459,"Area_ha":1.0,"LC":"9:0.740268,13:0.259732","XMIN":714154.86160847,"YMIN":8505183.59738907,"XMAX":714254.86160847,"YMAX":8505283.59738907},"geometry":{"type":"Polygon","coordinates":[[[-73.02043454772777,-13.513756440224716],[-73.02044200676103,-13.512852747754224],[-73.02136554387172,-13.512860044545928],[-73.02135808831284,-13.513763737522282],[-73.02043454772777,-13.513756440224716]]]}},{"type":"Feature","properties":{"Cell_ID":460,"Area_ha":1.0,"LC":"9:0.603471,13:0.396529","XMIN":714154.86160847,"YMIN":8505083.59738907,"XMAX":714254.86160847,"YMAX":8505183.59738907},"geometry":{"type":"Polygon","coordinates":[[[-73.0204270881488,-13.514660132626103],[-73.02043454772777,-13.513756440224716],[-73.02135808831284,-13.513763737522282],[-73.0213506322085,-13.514667430429533],[-73.0204270881488,-13.514660132626103]]]}},{"type":"Feature","properties":{"Cell_ID":461,"Area_ha":1.0,"LC":"9:0.698116,13:0.301884","XMIN":714154.86160847,"YMIN":8504983.59738907,"XMAX":714254.86160847,"YMAX":8505083.59738907},"geometry":{"type":"Polygon","coordinates":[[[-73.02041962802407,-13.515563824958381],[-73.0204270881488,-13.514660132626103],[-73.0213506322085,-13.514667430429533],[-73.02134317555864,-13.515571123267677],[-73.02041962802407,-13.515563824958381]]]}},{"type":"Feature","properties":{"Cell_ID":462,"Area_ha":1.0,"LC":"5:0.576810,6:0.019719,9:0.305762,14:0.097709","XMIN":714154.86160847,"YMIN":8504883.59738907,"XMAX":714254.86160847,"YMAX":8504983.59738907},"geometry":{"type":"Polygon","coordinates":[[[-73.0204121673536,-13.51646751722154],[-73.02041962802407,-13.515563824958381],[-73.02134317555864,-13.515571123267677],[-73.02133571836332,-13.516474816036716],[-73.0204121673536,-13.51646751722154]]]}},{"type":"Feature","properties":{"Cell_ID":463,"Area_ha":1.0,"LC":"5:0.100281,6:0.499156,9:0.000492,14:0.400071","XMIN":714154.86160847,"YMIN":8504783.59738907,"XMAX":714254.86160847,"YMAX":8504883.59738907},"geometry":{"type":"Polygon","coordinates":[[[-73.02040470613737,-13.517371209415584],[-73.0204121673536,-13.51646751722154],[-73.02133571836332,-13.516474816036716],[-73.02132826062248,-13.517378508736634],[-73.02040470613737,-13.517371209415584]]]}},{"type":"Feature","properties":{"Cell_ID":464,"Area_ha":1.0,"LC":"3:0.119438,6:0.560562,14:0.320000","XMIN":714154.86160847,"YMIN":8504683.59738907,"XMAX":714254.86160847,"YMAX":8504783.59738907},"geometry":{"type":"Polygon","coordinates":[[[-73.02039724437537,-13.51827490154051],[-73.02040470613737,-13.517371209415584],[-73.02132826062248,-13.517378508736634],[-73.02132080233613,-13.51828220136744],[-73.02039724437537,-13.51827490154051]]]}},{"type":"Feature","properties":{"Cell_ID":465,"Area_ha":1.0,"LC":"3:0.199522,6:0.278623,14:0.521854","XMIN":714154.86160847,"YMIN":8504583.59738907,"XMAX":714254.86160847,"YMAX":8504683.59738907},"geometry":{"type":"Polygon","coordinates":[[[-73.02038978206761,-13.519178593596308],[-73.02039724437537,-13.51827490154051],[-73.02132080233613,-13.51828220136744],[-73.02131334350429,-13.519185893929121],[-73.02038978206761,-13.519178593596308]]]}},{"type":"Feature","properties":{"Cell_ID":466,"Area_ha":1.0,"LC":"3:0.414871,6:0.081939,14:0.503190","XMIN":714154.86160847,"YMIN":8504483.59738907,"XMAX":714254.86160847,"YMAX":8504583.59738907},"geometry":{"type":"Polygon","coordinates":[[[-73.02038231921405,-13.520082285582971],[-73.02038978206761,-13.519178593596308],[-73.02131334350429,-13.519185893929121],[-73.02130588412689,-13.520089586421673],[-73.02038231921405,-13.520082285582971]]]}},{"type":"Feature","properties":{"Cell_ID":467,"Area_ha":1.0,"LC":"3:0.616474,6:0.300533,14:0.082993","XMIN":714154.86160847,"YMIN":8504383.59738907,"XMAX":714254.86160847,"YMAX":8504483.59738907},"geometry":{"type":"Polygon","coordinates":[[[-73.0203748558147,-13.520985977500503],[-73.02038231921405,-13.520082285582971],[-73.02130588412689,-13.520089586421673],[-73.02129842420395,-13.520993278845093],[-73.0203748558147,-13.520985977500503]]]}},{"type":"Feature","properties":{"Cell_ID":468,"Area_ha":1.0,"LC":"6:0.440647,14:0.559353","XMIN":714154.86160847,"YMIN":8504283.59738907,"XMAX":714254.86160847,"YMAX":8504383.59738907},"geometry":{"type":"Polygon","coordinates":[[[-73.02036739186954,-13.521889669348896],[-73.0203748558147,-13.520985977500503],[-73.02129842420395,-13.520993278845093],[-73.02129096373544,-13.521896971199379],[-73.02036739186954,-13.521889669348896]]]}},{"type":"Feature","properties":{"Cell_ID":469,"Area_ha":1.0,"LC":"3:0.002417,5:0.078061,6:0.019790,14:0.899732","XMIN":714154.86160847,"YMIN":8504183.59738907,"XMAX":714254.86160847,"YMAX":8504283.59738907},"geometry":{"type":"Polygon","coordinates":[[[-73.02035992737856,-13.522793361128144],[-73.02036739186954,-13.521889669348896],[-73.02129096373544,-13.521896971199379],[-73.02128350272139,-13.522800663484526],[-73.02035992737856,-13.522793361128144]]]}},{"type":"Feature","properties":{"Cell_ID":470,"Area_ha":1.0,"LC":"3:0.141180,5:0.235082,14:0.623738","XMIN":714154.86160847,"YMIN":8504083.59738907,"XMAX":714254.86160847,"YMAX":8504183.59738907},"geometry":{"type":"Polygon","coordinates":[[[-73.02035246234176,-13.523697052838246],[-73.02035992737856,-13.522793361128144],[-73.02128350272139,-13.522800663484526],[-73.02127604116177,-13.523704355700527],[-73.02035246234176,-13.523697052838246]]]}},{"type":"Feature","properties":{"Cell_ID":471,"Area_ha":1.0,"LC":"3:0.675082,5:0.040071,7:0.119438,9:0.043386,14:0.122023","XMIN":714154.86160847,"YMIN":8503983.59738907,"XMAX":714254.86160847,"YMAX":8504083.59738907},"geometry":{"type":"Polygon","coordinates":[[[-73.02034499675912,-13.52460074447919],[-73.02035246234176,-13.523697052838246],[-73.02127604116177,-13.523704355700527],[-73.02126857905655,-13.524608047847382],[-73.02034499675912,-13.52460074447919]]]}},{"type":"Feature","properties":{"Cell_ID":472,"Area_ha":1.0,"LC":"3:0.319101,7:0.383668,9:0.001461,14:0.295770","XMIN":714154.86160847,"YMIN":8503883.59738907,"XMAX":714254.86160847,"YMAX":8503983.59738907},"geometry":{"type":"Polygon","coordinates":[[[-73.02033753063064,-13.525504436050982],[-73.02034499675912,-13.52460074447919],[-73.02126857905655,-13.524608047847382],[-73.02126111640575,-13.525511739925081],[-73.02033753063064,-13.525504436050982]]]}},{"type":"Feature","properties":{"Cell_ID":473,"Area_ha":1.0,"LC":"3:0.501573,7:0.020773,9:0.160969,14:0.316685","XMIN":714154.86160847,"YMIN":8503783.59738907,"XMAX":714254.86160847,"YMAX":8503883.59738907},"geometry":{"type":"Polygon","coordinates":[[[-73.02033006395631,-13.526408127553612],[-73.02033753063064,-13.525504436050982],[-73.02126111640575,-13.525511739925081],[-73.02125365320934,-13.526415431933625],[-73.02033006395631,-13.526408127553612]]]}},{"type":"Feature","properties":{"Cell_ID":474,"Area_ha":1.0,"LC":"3:0.760983,14:0.239017","XMIN":714154.86160847,"YMIN":8503683.59738907,"XMAX":714254.86160847,"YMAX":8503783.59738907},"geometry":{"type":"Polygon","coordinates":[[[-73.02032259673611,-13.527311818987078],[-73.02033006395631,-13.526408127553612],[-73.02125365320934,-13.526415431933625],[-73.02124618946733,-13.527319123873005],[-73.02032259673611,-13.527311818987078]]]}},{"type":"Feature","properties":{"Cell_ID":475,"Area_ha":1.0,"LC":"3:0.399664,6:0.179719,14:0.420617","XMIN":714154.86160847,"YMIN":8503583.59738907,"XMAX":714254.86160847,"YMAX":8503683.59738907},"geometry":{"type":"Polygon","coordinates":[[[-73.02031512897003,-13.528215510351371],[-73.02032259673611,-13.527311818987078],[-73.02124618946733,-13.527319123873005],[-73.02123872517971,-13.52822281574322],[-73.02031512897003,-13.528215510351371]]]}},{"type":"Feature","properties":{"Cell_ID":476,"Area_ha":1.0,"LC":"3:0.097709,6:0.501166,14:0.401125","XMIN":714154.86160847,"YMIN":8503483.59738907,"XMAX":714254.86160847,"YMAX":8503583.59738907},"geometry":{"type":"Polygon","coordinates":[[[-73.02030766065806,-13.529119201646493],[-73.02031512897003,-13.528215510351371],[-73.02123872517971,-13.52822281574322],[-73.02123126034645,-13.529126507544262],[-73.02030766065806,-13.529119201646493]]]}},{"type":"Feature","properties":{"Cell_ID":477,"Area_ha":1.0,"LC":"3:0.660352,6:0.041054,7:0.061166,9:0.237428","XMIN":714154.86160847,"YMIN":8503383.59738907,"XMAX":714254.86160847,"YMAX":8503483.59738907},"geometry":{"type":"Polygon","coordinates":[[[-73.02030019180022,-13.530022892872434],[-73.02030766065806,-13.529119201646493],[-73.02123126034645,-13.529126507544262],[-73.02122379496754,-13.530030199276133],[-73.02030019180022,-13.530022892872434]]]}},{"type":"Feature","properties":{"Cell_ID":478,"Area_ha":1.0,"LC":"5:0.124356,7:0.020773,9:0.854871","XMIN":714154.86160847,"YMIN":8503283.59738907,"XMAX":714254.86160847,"YMAX":8503383.59738907},"geometry":{"type":"Polygon","coordinates":[[[-73.02029272239645,-13.530926584029194],[-73.02030019180022,-13.530022892872434],[-73.02122379496754,-13.530030199276133],[-73.021216329043,-13.530933890938822],[-73.02029272239645,-13.530926584029194]]]}},{"type":"Feature","properties":{"Cell_ID":479,"Area_ha":1.0,"LC":"5:0.000492,6:0.039438,7:0.278061,9:0.682010","XMIN":714154.86160847,"YMIN":8503183.59738907,"XMAX":714254.86160847,"YMAX":8503283.59738907},"geometry":{"type":"Polygon","coordinates":[[[-73.02028525244678,-13.531830275116766],[-73.02029272239645,-13.530926584029194],[-73.021216329043,-13.530933890938822],[-73.02120886257278,-13.531837582532333],[-73.02028525244678,-13.531830275116766]]]}},{"type":"Feature","properties":{"Cell_ID":480,"Area_ha":1.0,"LC":"6:0.240562,7:0.560969,9:0.099874,16:0.098594","XMIN":714154.86160847,"YMIN":8503083.59738907,"XMAX":714254.86160847,"YMAX":8503183.59738907},"geometry":{"type":"Polygon","coordinates":[[[-73.02027778195118,-13.532733966135147],[-73.02028525244678,-13.531830275116766],[-73.02120886257278,-13.531837582532333],[-73.0212013955569,-13.532741274056654],[-73.02027778195118,-13.532733966135147]]]}},{"type":"Feature","properties":{"Cell_ID":481,"Area_ha":1.0,"LC":"16:1.000000","XMIN":714154.86160847,"YMIN":8502983.59738907,"XMAX":714254.86160847,"YMAX":8503083.59738907},"geometry":{"type":"Polygon","coordinates":[[[-73.02027031090964,-13.533637657084332],[-73.02027778195118,-13.532733966135147],[-73.0212013955569,-13.532741274056654],[-73.02119392799534,-13.533644965511778],[-73.02027031090964,-13.533637657084332]]]}},{"type":"Feature","properties":{"Cell_ID":482,"Area_ha":1.0,"LC":"16:0.762572,17:0.237428","XMIN":714154.86160847,"YMIN":8502883.59738907,"XMAX":714254.86160847,"YMAX":8502983.59738907},"geometry":{"type":"Polygon","coordinates":[[[-73.02026283932217,-13.534541347964318],[-73.02027031090964,-13.533637657084332],[-73.02119392799534,-13.533644965511778],[-73.02118645988809,-13.534548656897714],[-73.02026283932217,-13.534541347964318]]]}},{"type":"Feature","properties":{"Cell_ID":483,"Area_ha":1.0,"LC":"16:0.781742,17:0.218258","XMIN":714154.86160847,"YMIN":8502783.59738907,"XMAX":714254.86160847,"YMAX":8502883.59738907},"geometry":{"type":"Polygon","coordinates":[[[-73.02025536718872,-13.5354450387751],[-73.02026283932217,-13.534541347964318],[-73.02118645988809,-13.534548656897714],[-73.02117899123515,-13.535452348214445],[-73.02025536718872,-13.5354450387751]]]}},{"type":"Feature","properties":{"Cell_ID":484,"Area_ha":1.0,"LC":"7:0.416655,17:0.583345","XMIN":714154.86160847,"YMIN":8502683.59738907,"XMAX":714254.86160847,"YMAX":8502783.59738907},"geometry":{"type":"Polygon","coordinates":[[[-73.02024789450935,-13.536348729516673],[-73.02025536718872,-13.5354450387751],[-73.02117899123515,-13.535452348214445],[-73.02117152203648,-13.536356039461968],[-73.02024789450935,-13.536348729516673]]]}},{"type":"Feature","properties":{"Cell_ID":485,"Area_ha":1.0,"LC":"5:0.179563,7:0.101406,9:0.719031","XMIN":714154.86160847,"YMIN":8502583.59738907,"XMAX":714254.86160847,"YMAX":8502683.59738907},"geometry":{"type":"Polygon","coordinates":[[[-73.02024042128397,-13.537252420189034],[-73.02024789450935,-13.536348729516673],[-73.02117152203648,-13.536356039461968],[-73.02116405229211,-13.537259730640287],[-73.02024042128397,-13.537252420189034]]]}},{"type":"Feature","properties":{"Cell_ID":486,"Area_ha":1.0,"LC":"13:1.000000","XMIN":714254.86160847,"YMIN":8505283.59738907,"XMAX":714354.86160847,"YMAX":8505383.59738907},"geometry":{"type":"Polygon","coordinates":[[[-73.01951847019608,-13.5128454475627],[-73.01952593215773,-13.511941755529204],[-73.02044946524857,-13.511949055214634],[-73.02044200676103,-13.512852747754224],[-73.01951847019608,-13.5128454475627]]]}},{"type":"Feature","properties":{"Cell_ID":487,"Area_ha":1.0,"LC":"9:0.117021,13:0.882979","XMIN":714254.86160847,"YMIN":8505183.59738907,"XMAX":714354.86160847,"YMAX":8505283.59738907},"geometry":{"type":"Polygon","coordinates":[[[-73.01951100768845,-13.513749139527095],[-73.01951847019608,-13.5128454475627],[-73.02044200676103,-13.512852747754224],[-73.02043454772777,-13.513756440224716],[-73.01951100768845,-13.513749139527095]]]}},{"type":"Feature","properties":{"Cell_ID":488,"Area_ha":1.0,"LC":"9:0.515153,13:0.484847","XMIN":714254.86160847,"YMIN":8505083.59738907,"XMAX":714354.86160847,"YMAX":8505183.59738907},"geometry":{"type":"Polygon","coordinates":[[[-73.01950354463484,-13.51465283142238],[-73.01951100768845,-13.513749139527095],[-73.02043454772777,-13.513756440224716],[-73.0204270881488,-13.514660132626103],[-73.01950354463484,-13.51465283142238]]]}},{"type":"Feature","properties":{"Cell_ID":489,"Area_ha":1.0,"LC":"5:0.061166,9:0.440407,13:0.498427","XMIN":714254.86160847,"YMIN":8504983.59738907,"XMAX":714354.86160847,"YMAX":8505083.59738907},"geometry":{"type":"Polygon","coordinates":[[[-73.01949608103523,-13.515556523248552],[-73.01950354463484,-13.51465283142238],[-73.0204270881488,-13.514660132626103],[-73.02041962802407,-13.515563824958381],[-73.01949608103523,-13.515556523248552]]]}},{"type":"Feature","properties":{"Cell_ID":490,"Area_ha":1.0,"LC":"5:0.103681,6:0.040885,9:0.855434","XMIN":714254.86160847,"YMIN":8504883.59738907,"XMAX":714354.86160847,"YMAX":8504983.59738907},"geometry":{"type":"Polygon","coordinates":[[[-73.01948861688963,-13.516460215005607],[-73.01949608103523,-13.515556523248552],[-73.02041962802407,-13.515563824958381],[-73.0204121673536,-13.51646751722154],[-73.01948861688963,-13.516460215005607]]]}},{"type":"Feature","properties":{"Cell_ID":491,"Area_ha":1.0,"LC":"3:0.199915,6:0.459732,9:0.340352","XMIN":714254.86160847,"YMIN":8504783.59738907,"XMAX":714354.86160847,"YMAX":8504883.59738907},"geometry":{"type":"Polygon","coordinates":[[[-73.01948115219803,-13.51736390669354],[-73.01948861688963,-13.516460215005607],[-73.0204121673536,-13.51646751722154],[-73.02040470613737,-13.517371209415584],[-73.01948115219803,-13.51736390669354]]]}},{"type":"Feature","properties":{"Cell_ID":492,"Area_ha":1.0,"LC":"3:0.861587,6:0.138413","XMIN":714254.86160847,"YMIN":8504683.59738907,"XMAX":714354.86160847,"YMAX":8504783.59738907},"geometry":{"type":"Polygon","coordinates":[[[-73.01947368696038,-13.518267598312345],[-73.01948115219803,-13.51736390669354],[-73.02040470613737,-13.517371209415584],[-73.02039724437537,-13.51827490154051],[-73.01947368696038,-13.518267598312345]]]}},{"type":"Feature","properties":{"Cell_ID":493,"Area_ha":1.0,"LC":"3:0.823261,14:0.176739","XMIN":714254.86160847,"YMIN":8504583.59738907,"XMAX":714354.86160847,"YMAX":8504683.59738907},"geometry":{"type":"Polygon","coordinates":[[[-73.01946622117673,-13.519171289862026],[-73.01947368696038,-13.518267598312345],[-73.02039724437537,-13.51827490154051],[-73.02038978206761,-13.519178593596308],[-73.01946622117673,-13.519171289862026]]]}},{"type":"Feature","properties":{"Cell_ID":494,"Area_ha":1.0,"LC":"3:0.204932,6:0.377217,14:0.417851","XMIN":714254.86160847,"YMIN":8504483.59738907,"XMAX":714354.86160847,"YMAX":8504583.59738907},"geometry":{"type":"Polygon","coordinates":[[[-73.01945875484702,-13.52007498134257],[-73.01946622117673,-13.519171289862026],[-73.02038978206761,-13.519178593596308],[-73.02038231921405,-13.520082285582971],[-73.01945875484702,-13.52007498134257]]]}},{"type":"Feature","properties":{"Cell_ID":495,"Area_ha":1.0,"LC":"6:0.380281,14:0.619719","XMIN":714254.86160847,"YMIN":8504383.59738907,"XMAX":714354.86160847,"YMAX":8504483.59738907},"geometry":{"type":"Polygon","coordinates":[[[-73.01945128797126,-13.520978672753971],[-73.01945875484702,-13.52007498134257],[-73.02038231921405,-13.520082285582971],[-73.0203748558147,-13.520985977500503],[-73.01945128797126,-13.520978672753971]]]}},{"type":"Feature","properties":{"Cell_ID":496,"Area_ha":1.0,"LC":"6:0.163949,14:0.836051","XMIN":714254.86160847,"YMIN":8504283.59738907,"XMAX":714354.86160847,"YMAX":8504383.59738907},"geometry":{"type":"Polygon","coordinates":[[[-73.01944382054944,-13.521882364096232],[-73.01945128797126,-13.520978672753971],[-73.0203748558147,-13.520985977500503],[-73.02036739186954,-13.521889669348896],[-73.01944382054944,-13.521882364096232]]]}},{"type":"Feature","properties":{"Cell_ID":497,"Area_ha":1.0,"LC":"3:0.456739,5:0.023105,6:0.000492,14:0.519664","XMIN":714254.86160847,"YMIN":8504183.59738907,"XMAX":714354.86160847,"YMAX":8504283.59738907},"geometry":{"type":"Polygon","coordinates":[[[-73.01943635258155,-13.522786055369345],[-73.01944382054944,-13.521882364096232],[-73.02036739186954,-13.521889669348896],[-73.02035992737856,-13.522793361128144],[-73.01943635258155,-13.522786055369345]]]}},{"type":"Feature","properties":{"Cell_ID":498,"Area_ha":1.0,"LC":"3:0.179383,5:0.400899,14:0.419719","XMIN":714254.86160847,"YMIN":8504083.59738907,"XMAX":714354.86160847,"YMAX":8504183.59738907},"geometry":{"type":"Polygon","coordinates":[[[-73.0194288840676,-13.523689746573313],[-73.01943635258155,-13.522786055369345],[-73.02035992737856,-13.522793361128144],[-73.02035246234176,-13.523697052838246],[-73.0194288840676,-13.523689746573313]]]}},{"type":"Feature","properties":{"Cell_ID":499,"Area_ha":1.0,"LC":"5:0.060844,9:0.596051,14:0.343105","XMIN":714254.86160847,"YMIN":8503983.59738907,"XMAX":714354.86160847,"YMAX":8504083.59738907},"geometry":{"type":"Polygon","coordinates":[[[-73.01942141500754,-13.524593437708115],[-73.0194288840676,-13.523689746573313],[-73.02035246234176,-13.523697052838246],[-73.02034499675912,-13.52460074447919],[-73.01942141500754,-13.524593437708115]]]}},{"type":"Feature","properties":{"Cell_ID":500,"Area_ha":1.0,"LC":"6:0.000478,7:0.317021,9:0.499227,14:0.183274","XMIN":714254.86160847,"YMIN":8503883.59738907,"XMAX":714354.86160847,"YMAX":8503983.59738907},"geometry":{"type":"Polygon","coordinates":[[[-73.01941394540138,-13.525497128773761],[-73.01942141500754,-13.524593437708115],[-73.02034499675912,-13.52460074447919],[-73.02033753063064,-13.525504436050982],[-73.01941394540138,-13.525497128773761]]]}},{"type":"Feature","properties":{"Cell_ID":501,"Area_ha":1.0,"LC":"3:0.395489,6:0.003400,7:0.341237,9:0.259874","XMIN":714254.86160847,"YMIN":8503783.59738907,"XMAX":714354.86160847,"YMAX":8503883.59738907},"geometry":{"type":"Polygon","coordinates":[[[-73.01940647524913,-13.526400819770243],[-73.01941394540138,-13.525497128773761],[-73.02033753063064,-13.525504436050982],[-73.02033006395631,-13.526408127553612],[-73.01940647524913,-13.526400819770243]]]}},{"type":"Feature","properties":{"Cell_ID":502,"Area_ha":1.0,"LC":"3:0.717640,7:0.104651,14:0.177709","XMIN":714254.86160847,"YMIN":8503683.59738907,"XMAX":714354.86160847,"YMAX":8503783.59738907},"geometry":{"type":"Polygon","coordinates":[[[-73.01939900455073,-13.527304510697556],[-73.01940647524913,-13.526400819770243],[-73.02033006395631,-13.526408127553612],[-73.02032259673611,-13.527311818987078],[-73.01939900455073,-13.527304510697556]]]}},{"type":"Feature","properties":{"Cell_ID":503,"Area_ha":1.0,"LC":"3:0.322023,6:0.199915,14:0.478061","XMIN":714254.86160847,"YMIN":8503583.59738907,"XMAX":714354.86160847,"YMAX":8503683.59738907},"geometry":{"type":"Polygon","coordinates":[[[-73.01939153330622,-13.528208201555696],[-73.01939900455073,-13.527304510697556],[-73.02032259673611,-13.527311818987078],[-73.02031512897003,-13.528215510351371],[-73.01939153330622,-13.528208201555696]]]}},{"type":"Feature","properties":{"Cell_ID":504,"Area_ha":1.0,"LC":"5:0.102136,6:0.718482,14:0.179383","XMIN":714254.86160847,"YMIN":8503483.59738907,"XMAX":714354.86160847,"YMAX":8503583.59738907},"geometry":{"type":"Polygon","coordinates":[[[-73.01938406151557,-13.529111892344654],[-73.01939153330622,-13.528208201555696],[-73.02031512897003,-13.528215510351371],[-73.02030766065806,-13.529119201646493],[-73.01938406151557,-13.529111892344654]]]}},{"type":"Feature","properties":{"Cell_ID":505,"Area_ha":1.0,"LC":"3:0.600000,5:0.020773,6:0.080633,7:0.298594","XMIN":714254.86160847,"YMIN":8503383.59738907,"XMAX":714354.86160847,"YMAX":8503483.59738907},"geometry":{"type":"Polygon","coordinates":[[[-73.01937658917878,-13.530015583064436],[-73.01938406151557,-13.529111892344654],[-73.02030766065806,-13.529119201646493],[-73.02030019180022,-13.530022892872434],[-73.01937658917878,-13.530015583064436]]]}},{"type":"Feature","properties":{"Cell_ID":506,"Area_ha":1.0,"LC":"5:0.878397,7:0.101406,9:0.020197","XMIN":714254.86160847,"YMIN":8503283.59738907,"XMAX":714354.86160847,"YMAX":8503383.59738907},"geometry":{"type":"Polygon","coordinates":[[[-73.0193691162958,-13.530919273715027],[-73.01937658917878,-13.530015583064436],[-73.02030019180022,-13.530022892872434],[-73.02029272239645,-13.530926584029194],[-73.0193691162958,-13.530919273715027]]]}},{"type":"Feature","properties":{"Cell_ID":507,"Area_ha":1.0,"LC":"5:0.080633,9:0.919367","XMIN":714254.86160847,"YMIN":8503183.59738907,"XMAX":714354.86160847,"YMAX":8503283.59738907},"geometry":{"type":"Polygon","coordinates":[[[-73.01936164286668,-13.53182296429643],[-73.0193691162958,-13.530919273715027],[-73.02029272239645,-13.530926584029194],[-73.02028525244678,-13.531830275116766],[-73.01936164286668,-13.53182296429643]]]}},{"type":"Feature","properties":{"Cell_ID":508,"Area_ha":1.0,"LC":"5:0.000969,6:0.119031,7:0.600000,9:0.181406,16:0.098594","XMIN":714254.86160847,"YMIN":8503083.59738907,"XMAX":714354.86160847,"YMAX":8503183.59738907},"geometry":{"type":"Polygon","coordinates":[[[-73.01935416889137,-13.53272665480864],[-73.01936164286668,-13.53182296429643],[-73.02028525244678,-13.531830275116766],[-73.02027778195118,-13.532733966135147],[-73.01935416889137,-13.53272665480864]]]}},{"type":"Feature","properties":{"Cell_ID":509,"Area_ha":1.0,"LC":"16:1.000000","XMIN":714254.86160847,"YMIN":8502983.59738907,"XMAX":714354.86160847,"YMAX":8503083.59738907},"geometry":{"type":"Polygon","coordinates":[[[-73.01934669436987,-13.533630345251646],[-73.01935416889137,-13.53272665480864],[-73.02027778195118,-13.532733966135147],[-73.02027031090964,-13.533637657084332],[-73.01934669436987,-13.533630345251646]]]}},{"type":"Feature","properties":{"Cell_ID":510,"Area_ha":1.0,"LC":"16:0.676122,17:0.323878","XMIN":714254.86160847,"YMIN":8502883.59738907,"XMAX":714354.86160847,"YMAX":8502983.59738907},"geometry":{"type":"Polygon","coordinates":[[[-73.0193392193022,-13.534534035625452],[-73.01934669436987,-13.533630345251646],[-73.02027031090964,-13.533637657084332],[-73.02026283932217,-13.534541347964318],[-73.0193392193022,-13.534534035625452]]]}},{"type":"Feature","properties":{"Cell_ID":511,"Area_ha":1.0,"LC":"9:0.059719,16:0.801603,17:0.138678","XMIN":714254.86160847,"YMIN":8502783.59738907,"XMAX":714354.86160847,"YMAX":8502883.59738907},"geometry":{"type":"Polygon","coordinates":[[[-73.0193317436883,-13.535437725930047],[-73.0193392193022,-13.534534035625452],[-73.02026283932217,-13.534541347964318],[-73.02025536718872,-13.5354450387751],[-73.0193317436883,-13.535437725930047]]]}},{"type":"Feature","properties":{"Cell_ID":512,"Area_ha":1.0,"LC":"7:0.218678,9:0.384075,16:0.020773,17:0.376474","XMIN":714254.86160847,"YMIN":8502683.59738907,"XMAX":714354.86160847,"YMAX":8502783.59738907},"geometry":{"type":"Polygon","coordinates":[[[-73.01932426752818,-13.536341416165428],[-73.0193317436883,-13.535437725930047],[-73.02025536718872,-13.5354450387751],[-73.02024789450935,-13.536348729516673],[-73.01932426752818,-13.536341416165428]]]}},{"type":"Feature","properties":{"Cell_ID":513,"Area_ha":1.0,"LC":"13:1.000000","XMIN":714354.86160847,"YMIN":8505383.59738907,"XMAX":714454.86160847,"YMAX":8505483.59738907},"geometry":{"type":"Polygon","coordinates":[[[-73.01860239961285,-13.511934452444198],[-73.0186098645024,-13.511030760847927],[-73.01953339357343,-13.511038063426609],[-73.01952593215773,-13.511941755529204],[-73.01860239961285,-13.511934452444198]]]}},{"type":"Feature","properties":{"Cell_ID":514,"Area_ha":1.0,"LC":"13:1.000000","XMIN":714354.86160847,"YMIN":8505283.59738907,"XMAX":714454.86160847,"YMAX":8505383.59738907},"geometry":{"type":"Polygon","coordinates":[[[-73.01859493417709,-13.512838143971363],[-73.01860239961285,-13.511934452444198],[-73.01952593215773,-13.511941755529204],[-73.01951847019608,-13.5128454475627],[-73.01859493417709,-13.512838143971363]]]}},{"type":"Feature","properties":{"Cell_ID":515,"Area_ha":1.0,"LC":"13:1.000000","XMIN":714354.86160847,"YMIN":8505183.59738907,"XMAX":714454.86160847,"YMAX":8505283.59738907},"geometry":{"type":"Polygon","coordinates":[[[-73.01858746819511,-13.513741835429425],[-73.01859493417709,-13.512838143971363],[-73.01951847019608,-13.5128454475627],[-73.01951100768845,-13.513749139527095],[-73.01858746819511,-13.513741835429425]]]}},{"type":"Feature","properties":{"Cell_ID":516,"Area_ha":1.0,"LC":"5:0.001447,13:0.998553","XMIN":714354.86160847,"YMIN":8505083.59738907,"XMAX":714454.86160847,"YMAX":8505183.59738907},"geometry":{"type":"Polygon","coordinates":[[[-73.01858000166688,-13.514645526818372],[-73.01858746819511,-13.513741835429425],[-73.01951100768845,-13.513749139527095],[-73.01950354463484,-13.51465283142238],[-73.01858000166688,-13.514645526818372]]]}},{"type":"Feature","properties":{"Cell_ID":517,"Area_ha":1.0,"LC":"5:0.182556,9:0.476529,13:0.340915","XMIN":714354.86160847,"YMIN":8504983.59738907,"XMAX":714454.86160847,"YMAX":8505083.59738907},"geometry":{"type":"Polygon","coordinates":[[[-73.01857253459241,-13.515549218138204],[-73.01858000166688,-13.514645526818372],[-73.01950354463484,-13.51465283142238],[-73.01949608103523,-13.515556523248552],[-73.01857253459241,-13.515549218138204]]]}},{"type":"Feature","properties":{"Cell_ID":518,"Area_ha":1.0,"LC":"5:0.781729,6:0.177709,9:0.040562","XMIN":714354.86160847,"YMIN":8504883.59738907,"XMAX":714454.86160847,"YMAX":8504983.59738907},"geometry":{"type":"Polygon","coordinates":[[[-73.01856506697168,-13.516452909388919],[-73.01857253459241,-13.515549218138204],[-73.01949608103523,-13.515556523248552],[-73.01948861688963,-13.516460215005607],[-73.01856506697168,-13.516452909388919]]]}},{"type":"Feature","properties":{"Cell_ID":519,"Area_ha":1.0,"LC":"3:0.078397,5:0.285410,6:0.636193","XMIN":714354.86160847,"YMIN":8504783.59738907,"XMAX":714454.86160847,"YMAX":8504883.59738907},"geometry":{"type":"Polygon","coordinates":[[[-73.01855759880469,-13.517356600570503],[-73.01856506697168,-13.516452909388919],[-73.01948861688963,-13.516460215005607],[-73.01948115219803,-13.51736390669354],[-73.01855759880469,-13.517356600570503]]]}},{"type":"Feature","properties":{"Cell_ID":520,"Area_ha":1.0,"LC":"3:0.936319,5:0.043400,6:0.020281","XMIN":714354.86160847,"YMIN":8504683.59738907,"XMAX":714454.86160847,"YMAX":8504783.59738907},"geometry":{"type":"Polygon","coordinates":[[[-73.01855013009143,-13.518260291682957],[-73.01855759880469,-13.517356600570503],[-73.01948115219803,-13.51736390669354],[-73.01947368696038,-13.518267598312345],[-73.01855013009143,-13.518260291682957]]]}},{"type":"Feature","properties":{"Cell_ID":521,"Area_ha":1.0,"LC":"3:0.916614,6:0.083386","XMIN":714354.86160847,"YMIN":8504583.59738907,"XMAX":714454.86160847,"YMAX":8504683.59738907},"geometry":{"type":"Polygon","coordinates":[[[-73.01854266083188,-13.519163982726283],[-73.01855013009143,-13.518260291682957],[-73.01947368696038,-13.518267598312345],[-73.01946622117673,-13.519171289862026],[-73.01854266083188,-13.519163982726283]]]}},{"type":"Feature","properties":{"Cell_ID":522,"Area_ha":1.0,"LC":"3:0.698976,6:0.122431,14:0.178594","XMIN":714354.86160847,"YMIN":8504483.59738907,"XMAX":714454.86160847,"YMAX":8504583.59738907},"geometry":{"type":"Polygon","coordinates":[[[-73.01853519102605,-13.520067673700467],[-73.01854266083188,-13.519163982726283],[-73.01946622117673,-13.519171289862026],[-73.01945875484702,-13.52007498134257],[-73.01853519102605,-13.520067673700467]]]}},{"type":"Feature","properties":{"Cell_ID":523,"Area_ha":1.0,"LC":"5:0.080885,6:0.097302,14:0.821813","XMIN":714354.86160847,"YMIN":8504383.59738907,"XMAX":714454.86160847,"YMAX":8504483.59738907},"geometry":{"type":"Polygon","coordinates":[[[-73.01852772067389,-13.520971364605508],[-73.01853519102605,-13.520067673700467],[-73.01945875484702,-13.52007498134257],[-73.01945128797126,-13.520978672753971],[-73.01852772067389,-13.520971364605508]]]}},{"type":"Feature","properties":{"Cell_ID":524,"Area_ha":1.0,"LC":"5:0.122023,6:0.414309,14:0.463668","XMIN":714354.86160847,"YMIN":8504283.59738907,"XMAX":714454.86160847,"YMAX":8504383.59738907},"geometry":{"type":"Polygon","coordinates":[[[-73.01852024977542,-13.521875055441406],[-73.01852772067389,-13.520971364605508],[-73.01945128797126,-13.520978672753971],[-73.01944382054944,-13.521882364096232],[-73.01852024977542,-13.521875055441406]]]}},{"type":"Feature","properties":{"Cell_ID":525,"Area_ha":1.0,"LC":"5:0.256332,6:0.080633,14:0.663034","XMIN":714354.86160847,"YMIN":8504183.59738907,"XMAX":714454.86160847,"YMAX":8504283.59738907},"geometry":{"type":"Polygon","coordinates":[[[-73.01851277833065,-13.522778746208148],[-73.01852024977542,-13.521875055441406],[-73.01944382054944,-13.521882364096232],[-73.01943635258155,-13.522786055369345],[-73.01851277833065,-13.522778746208148]]]}},{"type":"Feature","properties":{"Cell_ID":526,"Area_ha":1.0,"LC":"5:0.359424,14:0.640576","XMIN":714354.86160847,"YMIN":8504083.59738907,"XMAX":714454.86160847,"YMAX":8504183.59738907},"geometry":{"type":"Polygon","coordinates":[[[-73.01850530633952,-13.523682436905737],[-73.01851277833065,-13.522778746208148],[-73.01943635258155,-13.522786055369345],[-73.0194288840676,-13.523689746573313],[-73.01850530633952,-13.523682436905737]]]}},{"type":"Feature","properties":{"Cell_ID":527,"Area_ha":1.0,"LC":"5:0.604847,14:0.395153","XMIN":714354.86160847,"YMIN":8503983.59738907,"XMAX":714454.86160847,"YMAX":8504083.59738907},"geometry":{"type":"Polygon","coordinates":[[[-73.01849783380204,-13.524586127534167],[-73.01850530633952,-13.523682436905737],[-73.0194288840676,-13.523689746573313],[-73.01942141500754,-13.524593437708115],[-73.01849783380204,-13.524586127534167]]]}},{"type":"Feature","properties":{"Cell_ID":528,"Area_ha":1.0,"LC":"5:0.142305,6:0.058678,7:0.079031,9:0.441854,14:0.278132","XMIN":714354.86160847,"YMIN":8503883.59738907,"XMAX":714454.86160847,"YMAX":8503983.59738907},"geometry":{"type":"Polygon","coordinates":[[[-73.01849036071823,-13.52548981809343],[-73.01849783380204,-13.524586127534167],[-73.01942141500754,-13.524593437708115],[-73.01941394540138,-13.525497128773761],[-73.01849036071823,-13.52548981809343]]]}},{"type":"Feature","properties":{"Cell_ID":529,"Area_ha":1.0,"LC":"5:0.239438,6:0.656881,7:0.058271,9:0.045410","XMIN":714354.86160847,"YMIN":8503783.59738907,"XMAX":714454.86160847,"YMAX":8503883.59738907},"geometry":{"type":"Polygon","coordinates":[[[-73.01848288708806,-13.526393508583528],[-73.01849036071823,-13.52548981809343],[-73.01941394540138,-13.525497128773761],[-73.01940647524913,-13.526400819770243],[-73.01848288708806,-13.526393508583528]]]}},{"type":"Feature","properties":{"Cell_ID":530,"Area_ha":1.0,"LC":"3:0.019241,5:0.243471,6:0.181729,7:0.555068,9:0.000492","XMIN":714354.86160847,"YMIN":8503683.59738907,"XMAX":714454.86160847,"YMAX":8503783.59738907},"geometry":{"type":"Polygon","coordinates":[[[-73.01847541291149,-13.527297199004455],[-73.01848288708806,-13.526393508583528],[-73.01940647524913,-13.526400819770243],[-73.01939900455073,-13.527304510697556],[-73.01847541291149,-13.527297199004455]]]}},{"type":"Feature","properties":{"Cell_ID":531,"Area_ha":1.0,"LC":"3:0.575265,6:0.283892,7:0.140844","XMIN":714354.86160847,"YMIN":8503583.59738907,"XMAX":714454.86160847,"YMAX":8503683.59738907},"geometry":{"type":"Polygon","coordinates":[[[-73.01846793818855,-13.5282008893562],[-73.01847541291149,-13.527297199004455],[-73.01939900455073,-13.527304510697556],[-73.01939153330622,-13.528208201555696],[-73.01846793818855,-13.5282008893562]]]}},{"type":"Feature","properties":{"Cell_ID":532,"Area_ha":1.0,"LC":"3:0.525410,5:0.336739,6:0.137851","XMIN":714354.86160847,"YMIN":8503483.59738907,"XMAX":714454.86160847,"YMAX":8503583.59738907},"geometry":{"type":"Polygon","coordinates":[[[-73.01846046291924,-13.529104579638764],[-73.01846793818855,-13.5282008893562],[-73.01939153330622,-13.528208201555696],[-73.01938406151557,-13.529111892344654],[-73.01846046291924,-13.529104579638764]]]}},{"type":"Feature","properties":{"Cell_ID":533,"Area_ha":1.0,"LC":"3:0.521054,5:0.260675,7:0.218271","XMIN":714354.86160847,"YMIN":8503383.59738907,"XMAX":714454.86160847,"YMAX":8503483.59738907},"geometry":{"type":"Polygon","coordinates":[[[-73.01845298710349,-13.530008269852145],[-73.01846046291924,-13.529104579638764],[-73.01938406151557,-13.529111892344654],[-73.01937658917878,-13.530015583064436],[-73.01845298710349,-13.530008269852145]]]}},{"type":"Feature","properties":{"Cell_ID":534,"Area_ha":1.0,"LC":"5:0.821335,7:0.119986,9:0.058678","XMIN":714354.86160847,"YMIN":8503283.59738907,"XMAX":714454.86160847,"YMAX":8503383.59738907},"geometry":{"type":"Polygon","coordinates":[[[-73.01844551074134,-13.530911959996336],[-73.01845298710349,-13.530008269852145],[-73.01937658917878,-13.530015583064436],[-73.0193691162958,-13.530919273715027],[-73.01844551074134,-13.530911959996336]]]}},{"type":"Feature","properties":{"Cell_ID":535,"Area_ha":1.0,"LC":"5:0.400407,7:0.061742,9:0.475715,16:0.062136","XMIN":714354.86160847,"YMIN":8503183.59738907,"XMAX":714454.86160847,"YMAX":8503283.59738907},"geometry":{"type":"Polygon","coordinates":[[[-73.01843803383278,-13.531815650071334],[-73.01844551074134,-13.530911959996336],[-73.0193691162958,-13.530919273715027],[-73.01936164286668,-13.53182296429643],[-73.01843803383278,-13.531815650071334]]]}},{"type":"Feature","properties":{"Cell_ID":536,"Area_ha":1.0,"LC":"5:0.219874,7:0.437092,9:0.019790,16:0.323245","XMIN":714354.86160847,"YMIN":8503083.59738907,"XMAX":714454.86160847,"YMAX":8503183.59738907},"geometry":{"type":"Polygon","coordinates":[[[-73.01843055637778,-13.532719340077128],[-73.01843803383278,-13.531815650071334],[-73.01936164286668,-13.53182296429643],[-73.01935416889137,-13.53272665480864],[-73.01843055637778,-13.532719340077128]]]}},{"type":"Feature","properties":{"Cell_ID":537,"Area_ha":1.0,"LC":"16:1.000000","XMIN":714354.86160847,"YMIN":8502983.59738907,"XMAX":714454.86160847,"YMAX":8503083.59738907},"geometry":{"type":"Polygon","coordinates":[[[-73.01842307837632,-13.53362303001372],[-73.01843055637778,-13.532719340077128],[-73.01935416889137,-13.53272665480864],[-73.01934669436987,-13.533630345251646],[-73.01842307837632,-13.53362303001372]]]}},{"type":"Feature","properties":{"Cell_ID":538,"Area_ha":1.0,"LC":"16:0.403878,17:0.596122","XMIN":714354.86160847,"YMIN":8502883.59738907,"XMAX":714454.86160847,"YMAX":8502983.59738907},"geometry":{"type":"Polygon","coordinates":[[[-73.01841559982843,-13.53452671988111],[-73.01842307837632,-13.53362303001372],[-73.01934669436987,-13.533630345251646],[-73.0193392193022,-13.534534035625452],[-73.01841559982843,-13.53452671988111]]]}},{"type":"Feature","properties":{"Cell_ID":539,"Area_ha":1.0,"LC":"13:0.338594,14:0.661406","XMIN":714454.86160847,"YMIN":8505583.59738907,"XMAX":714554.86160847,"YMAX":8505683.59738907},"geometry":{"type":"Polygon","coordinates":[[[-73.01769380379449,-13.5101197637111],[-73.01770127106496,-13.509216072483188],[-73.01862479264287,-13.509223377448087],[-73.01861732884574,-13.510127069182554],[-73.01769380379449,-13.5101197637111]]]}},{"type":"Feature","properties":{"Cell_ID":540,"Area_ha":1.0,"LC":"13:1.000000","XMIN":714454.86160847,"YMIN":8505483.59738907,"XMAX":714554.86160847,"YMAX":8505583.59738907},"geometry":{"type":"Polygon","coordinates":[[[-73.01768633597756,-13.511023454869916],[-73.01769380379449,-13.5101197637111],[-73.01861732884574,-13.510127069182554],[-73.0186098645024,-13.511030760847927],[-73.01768633597756,-13.511023454869916]]]}},{"type":"Feature","properties":{"Cell_ID":541,"Area_ha":1.0,"LC":"13:1.000000","XMIN":714454.86160847,"YMIN":8505383.59738907,"XMAX":714554.86160847,"YMAX":8505483.59738907},"geometry":{"type":"Polygon","coordinates":[[[-73.01767886761418,-13.511927145959623],[-73.01768633597756,-13.511023454869916],[-73.0186098645024,-13.511030760847927],[-73.01860239961285,-13.511934452444198],[-73.01767886761418,-13.511927145959623]]]}},{"type":"Feature","properties":{"Cell_ID":542,"Area_ha":1.0,"LC":"13:1.000000","XMIN":714454.86160847,"YMIN":8505283.59738907,"XMAX":714554.86160847,"YMAX":8505383.59738907},"geometry":{"type":"Polygon","coordinates":[[[-73.01767139870432,-13.512830836980223],[-73.01767886761418,-13.511927145959623],[-73.01860239961285,-13.511934452444198],[-73.01859493417709,-13.512838143971363],[-73.01767139870432,-13.512830836980223]]]}},{"type":"Feature","properties":{"Cell_ID":543,"Area_ha":1.0,"LC":"13:1.000000","XMIN":714454.86160847,"YMIN":8505183.59738907,"XMAX":714554.86160847,"YMAX":8505283.59738907},"geometry":{"type":"Polygon","coordinates":[[[-73.01766392924799,-13.51373452793172],[-73.01767139870432,-13.512830836980223],[-73.01859493417709,-13.512838143971363],[-73.01858746819511,-13.513741835429425],[-73.01766392924799,-13.51373452793172]]]}},{"type":"Feature","properties":{"Cell_ID":544,"Area_ha":1.0,"LC":"5:0.137709,9:0.163793,13:0.698498","XMIN":714454.86160847,"YMIN":8505083.59738907,"XMAX":714554.86160847,"YMAX":8505183.59738907},"geometry":{"type":"Polygon","coordinates":[[[-73.01765645924516,-13.514638218814092],[-73.01766392924799,-13.51373452793172],[-73.01858746819511,-13.513741835429425],[-73.01858000166688,-13.514645526818372],[-73.01765645924516,-13.514638218814092]]]}},{"type":"Feature","properties":{"Cell_ID":545,"Area_ha":1.0,"LC":"5:0.595631,6:0.019719,9:0.384651","XMIN":714454.86160847,"YMIN":8504983.59738907,"XMAX":714554.86160847,"YMAX":8505083.59738907},"geometry":{"type":"Polygon","coordinates":[[[-73.01764898869583,-13.515541909627348],[-73.01765645924516,-13.514638218814092],[-73.01858000166688,-13.514645526818372],[-73.01857253459241,-13.515549218138204],[-73.01764898869583,-13.515541909627348]]]}},{"type":"Feature","properties":{"Cell_ID":546,"Area_ha":1.0,"LC":"5:0.797499,6:0.182220,9:0.020281","XMIN":714454.86160847,"YMIN":8504883.59738907,"XMAX":714554.86160847,"YMAX":8504983.59738907},"geometry":{"type":"Polygon","coordinates":[[[-73.0176415176,-13.516445600371481],[-73.01764898869583,-13.515541909627348],[-73.01857253459241,-13.515549218138204],[-73.01856506697168,-13.516452909388919],[-73.0176415176,-13.516445600371481]]]}},{"type":"Feature","properties":{"Cell_ID":547,"Area_ha":1.0,"LC":"5:1.000000","XMIN":714454.86160847,"YMIN":8504783.59738907,"XMAX":714554.86160847,"YMAX":8504883.59738907},"geometry":{"type":"Polygon","coordinates":[[[-73.01763404595764,-13.517349291046482],[-73.0176415176,-13.516445600371481],[-73.01856506697168,-13.516452909388919],[-73.01855759880469,-13.517356600570503],[-73.01763404595764,-13.517349291046482]]]}},{"type":"Feature","properties":{"Cell_ID":548,"Area_ha":1.0,"LC":"3:0.058271,5:0.941729","XMIN":714454.86160847,"YMIN":8504683.59738907,"XMAX":714554.86160847,"YMAX":8504783.59738907},"geometry":{"type":"Polygon","coordinates":[[[-73.01762657376877,-13.518252981652353],[-73.01763404595764,-13.517349291046482],[-73.01855759880469,-13.517356600570503],[-73.01855013009143,-13.518260291682957],[-73.01762657376877,-13.518252981652353]]]}},{"type":"Feature","properties":{"Cell_ID":549,"Area_ha":1.0,"LC":"3:0.058820,5:0.323555,6:0.537709,14:0.079915","XMIN":714454.86160847,"YMIN":8504583.59738907,"XMAX":714554.86160847,"YMAX":8504683.59738907},"geometry":{"type":"Polygon","coordinates":[[[-73.01761910103333,-13.519156672189085],[-73.01762657376877,-13.518252981652353],[-73.01855013009143,-13.518260291682957],[-73.01854266083188,-13.519163982726283],[-73.01761910103333,-13.519156672189085]]]}},{"type":"Feature","properties":{"Cell_ID":550,"Area_ha":1.0,"LC":"3:0.118061,6:0.498413,14:0.383526","XMIN":714454.86160847,"YMIN":8504483.59738907,"XMAX":714554.86160847,"YMAX":8504583.59738907},"geometry":{"type":"Polygon","coordinates":[[[-73.01761162775136,-13.520060362656675],[-73.01761910103333,-13.519156672189085],[-73.01854266083188,-13.519163982726283],[-73.01853519102605,-13.520067673700467],[-73.01761162775136,-13.520060362656675]]]}},{"type":"Feature","properties":{"Cell_ID":551,"Area_ha":1.0,"LC":"3:0.004356,5:0.217709,6:0.199438,14:0.578498","XMIN":714454.86160847,"YMIN":8504383.59738907,"XMAX":714554.86160847,"YMAX":8504483.59738907},"geometry":{"type":"Polygon","coordinates":[[[-73.01760415392283,-13.520964053055117],[-73.01761162775136,-13.520060362656675],[-73.01853519102605,-13.520067673700467],[-73.01852772067389,-13.520971364605508],[-73.01760415392283,-13.520964053055117]]]}},{"type":"Feature","properties":{"Cell_ID":552,"Area_ha":1.0,"LC":"3:0.001461,5:0.179383,6:0.243471,14:0.575685","XMIN":714454.86160847,"YMIN":8504283.59738907,"XMAX":714554.86160847,"YMAX":8504383.59738907},"geometry":{"type":"Polygon","coordinates":[[[-73.01759667954774,-13.521867743384414],[-73.01760415392283,-13.520964053055117],[-73.01852772067389,-13.520971364605508],[-73.01852024977542,-13.521875055441406],[-73.01759667954774,-13.521867743384414]]]}},{"type":"Feature","properties":{"Cell_ID":553,"Area_ha":1.0,"LC":"9:0.041939,14:0.958061","XMIN":714454.86160847,"YMIN":8504183.59738907,"XMAX":714554.86160847,"YMAX":8504283.59738907},"geometry":{"type":"Polygon","coordinates":[[[-73.01758920462606,-13.522771433644552],[-73.01759667954774,-13.521867743384414],[-73.01852024977542,-13.521875055441406],[-73.01851277833065,-13.522778746208148],[-73.01758920462606,-13.522771433644552]]]}},{"type":"Feature","properties":{"Cell_ID":554,"Area_ha":1.0,"LC":"5:0.197990,6:0.039438,14:0.762572","XMIN":714454.86160847,"YMIN":8504083.59738907,"XMAX":714554.86160847,"YMAX":8504183.59738907},"geometry":{"type":"Polygon","coordinates":[[[-73.01758172915778,-13.523675123835535],[-73.01758920462606,-13.522771433644552],[-73.01851277833065,-13.522778746208148],[-73.01850530633952,-13.523682436905737],[-73.01758172915778,-13.523675123835535]]]}},{"type":"Feature","properties":{"Cell_ID":555,"Area_ha":1.0,"LC":"5:0.215434,6:0.344637,14:0.439929","XMIN":714454.86160847,"YMIN":8503983.59738907,"XMAX":714554.86160847,"YMAX":8504083.59738907},"geometry":{"type":"Polygon","coordinates":[[[-73.01757425314291,-13.524578813957348],[-73.01758172915778,-13.523675123835535],[-73.01850530633952,-13.523682436905737],[-73.01849783380204,-13.524586127534167],[-73.01757425314291,-13.524578813957348]]]}},{"type":"Feature","properties":{"Cell_ID":556,"Area_ha":1.0,"LC":"5:0.058820,6:0.062712,7:0.219156,9:0.176332,14:0.482979","XMIN":714454.86160847,"YMIN":8503883.59738907,"XMAX":714554.86160847,"YMAX":8503983.59738907},"geometry":{"type":"Polygon","coordinates":[[[-73.01756677658145,-13.525482504009997],[-73.01757425314291,-13.524578813957348],[-73.01849783380204,-13.524586127534167],[-73.01849036071823,-13.52548981809343],[-73.01756677658145,-13.525482504009997]]]}},{"type":"Feature","properties":{"Cell_ID":557,"Area_ha":1.0,"LC":"3:0.019719,7:0.464637,9:0.494871,14:0.020773","XMIN":714454.86160847,"YMIN":8503783.59738907,"XMAX":714554.86160847,"YMAX":8503883.59738907},"geometry":{"type":"Polygon","coordinates":[[[-73.01755929947336,-13.526386193993474],[-73.01756677658145,-13.525482504009997],[-73.01849036071823,-13.52548981809343],[-73.01848288708806,-13.526393508583528],[-73.01755929947336,-13.526386193993474]]]}},{"type":"Feature","properties":{"Cell_ID":558,"Area_ha":1.0,"LC":"3:0.359915,5:0.197092,6:0.077990,7:0.284932,9:0.080071","XMIN":714454.86160847,"YMIN":8503683.59738907,"XMAX":714554.86160847,"YMAX":8503783.59738907},"geometry":{"type":"Polygon","coordinates":[[[-73.01755182181864,-13.527289883907777],[-73.01755929947336,-13.526386193993474],[-73.01848288708806,-13.526393508583528],[-73.01847541291149,-13.527297199004455],[-73.01755182181864,-13.527289883907777]]]}},{"type":"Feature","properties":{"Cell_ID":559,"Area_ha":1.0,"LC":"3:0.464088,6:0.535912","XMIN":714454.86160847,"YMIN":8503583.59738907,"XMAX":714554.86160847,"YMAX":8503683.59738907},"geometry":{"type":"Polygon","coordinates":[[[-73.01754434361729,-13.528193573752898],[-73.01755182181864,-13.527289883907777],[-73.01847541291149,-13.527297199004455],[-73.01846793818855,-13.5282008893562],[-73.01754434361729,-13.528193573752898]]]}},{"type":"Feature","properties":{"Cell_ID":560,"Area_ha":1.0,"LC":"3:0.837583,5:0.102136,6:0.060281","XMIN":714454.86160847,"YMIN":8503483.59738907,"XMAX":714554.86160847,"YMAX":8503583.59738907},"geometry":{"type":"Polygon","coordinates":[[[-73.01753686486929,-13.529097263528831],[-73.01754434361729,-13.528193573752898],[-73.01846793818855,-13.5282008893562],[-73.01846046291924,-13.529104579638764],[-73.01753686486929,-13.529097263528831]]]}},{"type":"Feature","properties":{"Cell_ID":561,"Area_ha":1.0,"LC":"3:0.639664,5:0.358397,9:0.001939","XMIN":714454.86160847,"YMIN":8503383.59738907,"XMAX":714554.86160847,"YMAX":8503483.59738907},"geometry":{"type":"Polygon","coordinates":[[[-73.01752938557462,-13.530000953235577],[-73.01753686486929,-13.529097263528831],[-73.01846046291924,-13.529104579638764],[-73.01845298710349,-13.530008269852145],[-73.01752938557462,-13.530000953235577]]]}},{"type":"Feature","properties":{"Cell_ID":562,"Area_ha":1.0,"LC":"5:0.980759,7:0.019241","XMIN":714454.86160847,"YMIN":8503283.59738907,"XMAX":714554.86160847,"YMAX":8503383.59738907},"geometry":{"type":"Polygon","coordinates":[[[-73.01752190573329,-13.530904642873129],[-73.01752938557462,-13.530000953235577],[-73.01845298710349,-13.530008269852145],[-73.01844551074134,-13.530911959996336],[-73.01752190573329,-13.530904642873129]]]}},{"type":"Feature","properties":{"Cell_ID":563,"Area_ha":1.0,"LC":"5:0.323555,7:0.420268,16:0.256177","XMIN":714454.86160847,"YMIN":8503183.59738907,"XMAX":714554.86160847,"YMAX":8503283.59738907},"geometry":{"type":"Polygon","coordinates":[[[-73.01751442534528,-13.531808332441482],[-73.01752190573329,-13.530904642873129],[-73.01844551074134,-13.530911959996336],[-73.01843803383278,-13.531815650071334],[-73.01751442534528,-13.531808332441482]]]}},{"type":"Feature","properties":{"Cell_ID":564,"Area_ha":1.0,"LC":"5:0.278875,7:0.000492,13:0.363386,16:0.357247","XMIN":714454.86160847,"YMIN":8503083.59738907,"XMAX":714554.86160847,"YMAX":8503183.59738907},"geometry":{"type":"Polygon","coordinates":[[[-73.01750694441061,-13.532712021940632],[-73.01751442534528,-13.531808332441482],[-73.01843803383278,-13.531815650071334],[-73.01843055637778,-13.532719340077128],[-73.01750694441061,-13.532712021940632]]]}},{"type":"Feature","properties":{"Cell_ID":565,"Area_ha":1.0,"LC":"5:0.361125,9:0.020197,13:0.083400,16:0.535278","XMIN":714454.86160847,"YMIN":8502983.59738907,"XMAX":714554.86160847,"YMAX":8503083.59738907},"geometry":{"type":"Polygon","coordinates":[[[-73.01749946292922,-13.533615711370578],[-73.01750694441061,-13.532712021940632],[-73.01843055637778,-13.532719340077128],[-73.01842307837632,-13.53362303001372],[-73.01749946292922,-13.533615711370578]]]}},{"type":"Feature","properties":{"Cell_ID":566,"Area_ha":1.0,"LC":"9:0.103681,16:0.896319","XMIN":714454.86160847,"YMIN":8502883.59738907,"XMAX":714554.86160847,"YMAX":8502983.59738907},"geometry":{"type":"Polygon","coordinates":[[[-73.01749198090113,-13.534519400731313],[-73.01749946292922,-13.533615711370578],[-73.01842307837632,-13.53362303001372],[-73.01841559982843,-13.53452671988111],[-73.01749198090113,-13.534519400731313]]]}},{"type":"Feature","properties":{"Cell_ID":567,"Area_ha":1.0,"LC":"5:0.121939,9:0.040969,13:0.497624,14:0.339467","XMIN":714554.86160847,"YMIN":8505583.59738907,"XMAX":714654.86160847,"YMAX":8505683.59738907},"geometry":{"type":"Polygon","coordinates":[[[-73.0167702792897,-13.51011245484056],[-73.0167777500335,-13.509208764119435],[-73.01770127106496,-13.509216072483188],[-73.01769380379449,-13.5101197637111],[-73.0167702792897,-13.51011245484056]]]}},{"type":"Feature","properties":{"Cell_ID":568,"Area_ha":1.0,"LC":"13:1.000000","XMIN":714554.86160847,"YMIN":8505483.59738907,"XMAX":714654.86160847,"YMAX":8505583.59738907},"geometry":{"type":"Polygon","coordinates":[[[-73.0167628079992,-13.51101614549258],[-73.0167702792897,-13.51011245484056],[-73.01769380379449,-13.5101197637111],[-73.01768633597756,-13.511023454869916],[-73.0167628079992,-13.51101614549258]]]}},{"type":"Feature","properties":{"Cell_ID":569,"Area_ha":1.0,"LC":"5:0.061166,13:0.938834","XMIN":714554.86160847,"YMIN":8505383.59738907,"XMAX":714654.86160847,"YMAX":8505483.59738907},"geometry":{"type":"Polygon","coordinates":[[[-73.01675533616198,-13.511919836075492],[-73.0167628079992,-13.51101614549258],[-73.01768633597756,-13.511023454869916],[-73.01767886761418,-13.511927145959623],[-73.01675533616198,-13.511919836075492]]]}},{"type":"Feature","properties":{"Cell_ID":570,"Area_ha":1.0,"LC":"5:0.303034,13:0.696966","XMIN":714554.86160847,"YMIN":8505283.59738907,"XMAX":714654.86160847,"YMAX":8505383.59738907},"geometry":{"type":"Polygon","coordinates":[[[-73.01674786377804,-13.512823526589294],[-73.01675533616198,-13.511919836075492],[-73.01767886761418,-13.511927145959623],[-73.01767139870432,-13.512830836980223],[-73.01674786377804,-13.512823526589294]]]}},{"type":"Feature","properties":{"Cell_ID":571,"Area_ha":1.0,"LC":"5:0.505129,13:0.494871","XMIN":714554.86160847,"YMIN":8505183.59738907,"XMAX":714654.86160847,"YMAX":8505283.59738907},"geometry":{"type":"Polygon","coordinates":[[[-73.01674039084736,-13.51372721703398],[-73.01674786377804,-13.512823526589294],[-73.01767139870432,-13.512830836980223],[-73.01766392924799,-13.51373452793172],[-73.01674039084736,-13.51372721703398]]]}},{"type":"Feature","properties":{"Cell_ID":572,"Area_ha":1.0,"LC":"5:0.485410,9:0.175363,13:0.339227","XMIN":714554.86160847,"YMIN":8505083.59738907,"XMAX":714654.86160847,"YMAX":8505183.59738907},"geometry":{"type":"Polygon","coordinates":[[[-73.01673291736995,-13.514630907409547],[-73.01674039084736,-13.51372721703398],[-73.01766392924799,-13.51373452793172],[-73.01765645924516,-13.514638218814092],[-73.01673291736995,-13.514630907409547]]]}},{"type":"Feature","properties":{"Cell_ID":573,"Area_ha":1.0,"LC":"5:0.040983,9:0.517007,13:0.442010","XMIN":714554.86160847,"YMIN":8504983.59738907,"XMAX":714654.86160847,"YMAX":8505083.59738907},"geometry":{"type":"Polygon","coordinates":[[[-73.01672544334576,-13.515534597715995],[-73.01673291736995,-13.514630907409547],[-73.01765645924516,-13.514638218814092],[-73.01764898869583,-13.515541909627348],[-73.01672544334576,-13.515534597715995]]]}},{"type":"Feature","properties":{"Cell_ID":574,"Area_ha":1.0,"LC":"5:0.600969,6:0.317414,9:0.060844,13:0.020773","XMIN":714554.86160847,"YMIN":8504883.59738907,"XMAX":714654.86160847,"YMAX":8504983.59738907},"geometry":{"type":"Polygon","coordinates":[[[-73.01671796877483,-13.516438287953312],[-73.01672544334576,-13.515534597715995],[-73.01764898869583,-13.515541909627348],[-73.0176415176,-13.516445600371481],[-73.01671796877483,-13.516438287953312]]]}},{"type":"Feature","properties":{"Cell_ID":575,"Area_ha":1.0,"LC":"5:0.195153,6:0.804847","XMIN":714554.86160847,"YMIN":8504783.59738907,"XMAX":714654.86160847,"YMAX":8504883.59738907},"geometry":{"type":"Polygon","coordinates":[[[-73.01671049365711,-13.517341978121491],[-73.01671796877483,-13.516438287953312],[-73.0176415176,-13.516445600371481],[-73.01763404595764,-13.517349291046482],[-73.01671049365711,-13.517341978121491]]]}},{"type":"Feature","properties":{"Cell_ID":576,"Area_ha":1.0,"LC":"5:0.474590,6:0.525410","XMIN":714554.86160847,"YMIN":8504683.59738907,"XMAX":714654.86160847,"YMAX":8504783.59738907},"geometry":{"type":"Polygon","coordinates":[[[-73.01670301799261,-13.518245668220539],[-73.01671049365711,-13.517341978121491],[-73.01763404595764,-13.517349291046482],[-73.01762657376877,-13.518252981652353],[-73.01670301799261,-13.518245668220539]]]}},{"type":"Feature","properties":{"Cell_ID":577,"Area_ha":1.0,"LC":"5:0.298413,6:0.682346,14:0.019241","XMIN":714554.86160847,"YMIN":8504583.59738907,"XMAX":714654.86160847,"YMAX":8504683.59738907},"geometry":{"type":"Polygon","coordinates":[[[-73.01669554178133,-13.519149358250447],[-73.01670301799261,-13.518245668220539],[-73.01762657376877,-13.518252981652353],[-73.01761910103333,-13.519156672189085],[-73.01669554178133,-13.519149358250447]]]}},{"type":"Feature","properties":{"Cell_ID":578,"Area_ha":1.0,"LC":"3:0.443231,6:0.121616,14:0.435153","XMIN":714554.86160847,"YMIN":8504483.59738907,"XMAX":714654.86160847,"YMAX":8504583.59738907},"geometry":{"type":"Polygon","coordinates":[[[-73.01668806502325,-13.520053048211206],[-73.01669554178133,-13.519149358250447],[-73.01761910103333,-13.519156672189085],[-73.01761162775136,-13.520060362656675],[-73.01668806502325,-13.520053048211206]]]}},{"type":"Feature","properties":{"Cell_ID":579,"Area_ha":1.0,"LC":"3:0.980210,14:0.019790","XMIN":714554.86160847,"YMIN":8504383.59738907,"XMAX":714654.86160847,"YMAX":8504483.59738907},"geometry":{"type":"Polygon","coordinates":[[[-73.01668058771834,-13.520956738102816],[-73.01668806502325,-13.520053048211206],[-73.01761162775136,-13.520060362656675],[-73.01760415392283,-13.520964053055117],[-73.01668058771834,-13.520956738102816]]]}},{"type":"Feature","properties":{"Cell_ID":580,"Area_ha":1.0,"LC":"3:0.381406,6:0.216810,9:0.019719,14:0.382065","XMIN":714554.86160847,"YMIN":8504283.59738907,"XMAX":714654.86160847,"YMAX":8504383.59738907},"geometry":{"type":"Polygon","coordinates":[[[-73.01667310986662,-13.521860427925274],[-73.01668058771834,-13.520956738102816],[-73.01760415392283,-13.520964053055117],[-73.01759667954774,-13.521867743384414],[-73.01667310986662,-13.521860427925274]]]}},{"type":"Feature","properties":{"Cell_ID":581,"Area_ha":1.0,"LC":"6:0.020281,9:0.537780,14:0.441939","XMIN":714554.86160847,"YMIN":8504183.59738907,"XMAX":714654.86160847,"YMAX":8504283.59738907},"geometry":{"type":"Polygon","coordinates":[[[-73.01666563146806,-13.522764117678571],[-73.01667310986662,-13.521860427925274],[-73.01759667954774,-13.521867743384414],[-73.01758920462606,-13.522771433644552],[-73.01666563146806,-13.522764117678571]]]}},{"type":"Feature","properties":{"Cell_ID":582,"Area_ha":1.0,"LC":"5:0.164356,9:0.320562,14:0.515082","XMIN":714554.86160847,"YMIN":8504083.59738907,"XMAX":714654.86160847,"YMAX":8504183.59738907},"geometry":{"type":"Polygon","coordinates":[[[-73.01665815252265,-13.523667807362708],[-73.01666563146806,-13.522764117678571],[-73.01758920462606,-13.522771433644552],[-73.01758172915778,-13.523675123835535],[-73.01665815252265,-13.523667807362708]]]}},{"type":"Feature","properties":{"Cell_ID":583,"Area_ha":1.0,"LC":"5:0.004847,6:0.195082,14:0.800071","XMIN":714554.86160847,"YMIN":8503983.59738907,"XMAX":714654.86160847,"YMAX":8504083.59738907},"geometry":{"type":"Polygon","coordinates":[[[-73.0166506730304,-13.524571496977675],[-73.01665815252265,-13.523667807362708],[-73.01758172915778,-13.523675123835535],[-73.01757425314291,-13.524578813957348],[-73.0166506730304,-13.524571496977675]]]}},{"type":"Feature","properties":{"Cell_ID":584,"Area_ha":1.0,"LC":"5:0.263526,6:0.198610,14:0.537864","XMIN":714554.86160847,"YMIN":8503883.59738907,"XMAX":714654.86160847,"YMAX":8503983.59738907},"geometry":{"type":"Polygon","coordinates":[[[-73.01664319299128,-13.525475186523472],[-73.0166506730304,-13.524571496977675],[-73.01757425314291,-13.524578813957348],[-73.01756677658145,-13.525482504009997],[-73.01664319299128,-13.525475186523472]]]}},{"type":"Feature","properties":{"Cell_ID":585,"Area_ha":1.0,"LC":"5:0.400562,6:0.004847,7:0.254801,14:0.339790","XMIN":714554.86160847,"YMIN":8503783.59738907,"XMAX":714654.86160847,"YMAX":8503883.59738907},"geometry":{"type":"Polygon","coordinates":[[[-73.01663571240529,-13.526378876000093],[-73.01664319299128,-13.525475186523472],[-73.01756677658145,-13.525482504009997],[-73.01755929947336,-13.526386193993474],[-73.01663571240529,-13.526378876000093]]]}},{"type":"Feature","properties":{"Cell_ID":586,"Area_ha":1.0,"LC":"3:0.019241,5:0.020281,6:0.004847,7:0.575912,14:0.379719","XMIN":714554.86160847,"YMIN":8503683.59738907,"XMAX":714654.86160847,"YMAX":8503783.59738907},"geometry":{"type":"Polygon","coordinates":[[[-73.01662823127242,-13.527282565407535],[-73.01663571240529,-13.526378876000093],[-73.01755929947336,-13.526386193993474],[-73.01755182181864,-13.527289883907777],[-73.01662823127242,-13.527282565407535]]]}},{"type":"Feature","properties":{"Cell_ID":587,"Area_ha":1.0,"LC":"3:0.717906,6:0.000492,7:0.240562,9:0.000478,14:0.040562","XMIN":714554.86160847,"YMIN":8503583.59738907,"XMAX":714654.86160847,"YMAX":8503683.59738907},"geometry":{"type":"Polygon","coordinates":[[[-73.01662074959266,-13.52818625474579],[-73.01662823127242,-13.527282565407535],[-73.01755182181864,-13.527289883907777],[-73.01754434361729,-13.528193573752898],[-73.01662074959266,-13.52818625474579]]]}},{"type":"Feature","properties":{"Cell_ID":588,"Area_ha":1.0,"LC":"3:0.600633,5:0.296739,9:0.102627","XMIN":714554.86160847,"YMIN":8503483.59738907,"XMAX":714654.86160847,"YMAX":8503583.59738907},"geometry":{"type":"Polygon","coordinates":[[[-73.01661326736601,-13.529089944014862],[-73.01662074959266,-13.52818625474579],[-73.01754434361729,-13.528193573752898],[-73.01753686486929,-13.529097263528831],[-73.01661326736601,-13.529089944014862]]]}},{"type":"Feature","properties":{"Cell_ID":589,"Area_ha":1.0,"LC":"3:0.178342,5:0.320562,9:0.499648,13:0.001447","XMIN":714554.86160847,"YMIN":8503383.59738907,"XMAX":714654.86160847,"YMAX":8503483.59738907},"geometry":{"type":"Polygon","coordinates":[[[-73.01660578459241,-13.529993633214737],[-73.01661326736601,-13.529089944014862],[-73.01753686486929,-13.529097263528831],[-73.01752938557462,-13.530000953235577],[-73.01660578459241,-13.529993633214737]]]}},{"type":"Feature","properties":{"Cell_ID":590,"Area_ha":1.0,"LC":"5:0.294871,9:0.461813,13:0.243315","XMIN":714554.86160847,"YMIN":8503283.59738907,"XMAX":714654.86160847,"YMAX":8503383.59738907},"geometry":{"type":"Polygon","coordinates":[[[-73.01659830127193,-13.530897322345414],[-73.01660578459241,-13.529993633214737],[-73.01752938557462,-13.530000953235577],[-73.01752190573329,-13.530904642873129],[-73.01659830127193,-13.530897322345414]]]}},{"type":"Feature","properties":{"Cell_ID":591,"Area_ha":1.0,"LC":"5:0.438132,7:0.298594,9:0.060281,13:0.202993","XMIN":714554.86160847,"YMIN":8503183.59738907,"XMAX":714654.86160847,"YMAX":8503283.59738907},"geometry":{"type":"Polygon","coordinates":[[[-73.0165908174045,-13.531801011406891],[-73.01659830127193,-13.530897322345414],[-73.01752190573329,-13.530904642873129],[-73.01751442534528,-13.531808332441482],[-73.0165908174045,-13.531801011406891]]]}},{"type":"Feature","properties":{"Cell_ID":592,"Area_ha":1.0,"LC":"7:0.102376,13:0.396051,16:0.501573","XMIN":714554.86160847,"YMIN":8503083.59738907,"XMAX":714654.86160847,"YMAX":8503183.59738907},"geometry":{"type":"Polygon","coordinates":[[[-73.01658333299014,-13.53270470039916],[-73.0165908174045,-13.531801011406891],[-73.01751442534528,-13.531808332441482],[-73.01750694441061,-13.532712021940632],[-73.01658333299014,-13.53270470039916]]]}},{"type":"Feature","properties":{"Cell_ID":593,"Area_ha":1.0,"LC":"9:0.098116,13:0.277162,16:0.624722","XMIN":714554.86160847,"YMIN":8502983.59738907,"XMAX":714654.86160847,"YMAX":8503083.59738907},"geometry":{"type":"Polygon","coordinates":[[[-73.01657584802882,-13.53360838932222],[-73.01658333299014,-13.53270470039916],[-73.01750694441061,-13.532712021940632],[-73.01749946292922,-13.533615711370578],[-73.01657584802882,-13.53360838932222]]]}},{"type":"Feature","properties":{"Cell_ID":594,"Area_ha":1.0,"LC":"7:0.241939,9:0.458976,16:0.299085","XMIN":714554.86160847,"YMIN":8502883.59738907,"XMAX":714654.86160847,"YMAX":8502983.59738907},"geometry":{"type":"Polygon","coordinates":[[[-73.01656836252054,-13.534512078176068],[-73.01657584802882,-13.53360838932222],[-73.01749946292922,-13.533615711370578],[-73.01749198090113,-13.534519400731313],[-73.01656836252054,-13.534512078176068]]]}},{"type":"Feature","properties":{"Cell_ID":595,"Area_ha":1.0,"LC":"5:0.503274,9:0.275631,14:0.221095","XMIN":714654.86160847,"YMIN":8505683.59738907,"XMAX":714754.86160847,"YMAX":8505783.59738907},"geometry":{"type":"Polygon","coordinates":[[[-73.01585422954872,-13.509201452356844],[-73.01586170321887,-13.508297762073648],[-73.0167852202306,-13.508305073329218],[-73.0167777500335,-13.509208764119435],[-73.01585422954872,-13.509201452356844]]]}},{"type":"Feature","properties":{"Cell_ID":596,"Area_ha":1.0,"LC":"5:0.600969,9:0.099312,13:0.238875,14:0.060844","XMIN":714654.86160847,"YMIN":8505583.59738907,"XMAX":714754.86160847,"YMAX":8505683.59738907},"geometry":{"type":"Polygon","coordinates":[[[-73.01584675533161,-13.510105142570941],[-73.01585422954872,-13.509201452356844],[-73.0167777500335,-13.509208764119435],[-73.0167702792897,-13.51011245484056],[-73.01584675533161,-13.510105142570941]]]}},{"type":"Feature","properties":{"Cell_ID":597,"Area_ha":1.0,"LC":"5:0.259156,13:0.740844","XMIN":714654.86160847,"YMIN":8505483.59738907,"XMAX":714754.86160847,"YMAX":8505583.59738907},"geometry":{"type":"Polygon","coordinates":[[[-73.01583928056753,-13.511008832715932],[-73.01584675533161,-13.510105142570941],[-73.0167702792897,-13.51011245484056],[-73.0167628079992,-13.51101614549258],[-73.01583928056753,-13.511008832715932]]]}},{"type":"Feature","properties":{"Cell_ID":598,"Area_ha":1.0,"LC":"5:0.661658,13:0.338342","XMIN":714654.86160847,"YMIN":8505383.59738907,"XMAX":714754.86160847,"YMAX":8505483.59738907},"geometry":{"type":"Polygon","coordinates":[[[-73.0158318052565,-13.511912522791812],[-73.01583928056753,-13.511008832715932],[-73.0167628079992,-13.51101614549258],[-73.01675533616198,-13.511919836075492],[-73.0158318052565,-13.511912522791812]]]}},{"type":"Feature","properties":{"Cell_ID":599,"Area_ha":1.0,"LC":"5:0.800969,13:0.199031","XMIN":714654.86160847,"YMIN":8505283.59738907,"XMAX":714754.86160847,"YMAX":8505383.59738907},"geometry":{"type":"Polygon","coordinates":[[[-73.01582432939848,-13.512816212798578],[-73.0158318052565,-13.511912522791812],[-73.01675533616198,-13.511919836075492],[-73.01674786377804,-13.512823526589294],[-73.01582432939848,-13.512816212798578]]]}},{"type":"Feature","properties":{"Cell_ID":600,"Area_ha":1.0,"LC":"5:1.000000","XMIN":714654.86160847,"YMIN":8505183.59738907,"XMAX":714754.86160847,"YMAX":8505283.59738907},"geometry":{"type":"Polygon","coordinates":[[[-73.01581685299348,-13.513719902736225],[-73.01582432939848,-13.512816212798578],[-73.01674786377804,-13.512823526589294],[-73.01674039084736,-13.51372721703398],[-73.01581685299348,-13.513719902736225]]]}},{"type":"Feature","properties":{"Cell_ID":601,"Area_ha":1.0,"LC":"5:1.000000","XMIN":714654.86160847,"YMIN":8505083.59738907,"XMAX":714754.86160847,"YMAX":8505183.59738907},"geometry":{"type":"Polygon","coordinates":[[[-73.01580937604147,-13.514623592604751],[-73.01581685299348,-13.513719902736225],[-73.01674039084736,-13.51372721703398],[-73.01673291736995,-13.514630907409547],[-73.01580937604147,-13.514623592604751]]]}},{"type":"Feature","properties":{"Cell_ID":602,"Area_ha":1.0,"LC":"5:0.301406,9:0.239031,13:0.459563","XMIN":714654.86160847,"YMIN":8504983.59738907,"XMAX":714754.86160847,"YMAX":8505083.59738907},"geometry":{"type":"Polygon","coordinates":[[[-73.01580189854248,-13.515527282404147],[-73.01580937604147,-13.514623592604751],[-73.01673291736995,-13.514630907409547],[-73.01672544334576,-13.515534597715995],[-73.01580189854248,-13.515527282404147]]]}},{"type":"Feature","properties":{"Cell_ID":603,"Area_ha":1.0,"LC":"5:0.678061,6:0.098594,13:0.223345","XMIN":714654.86160847,"YMIN":8504883.59738907,"XMAX":714754.86160847,"YMAX":8504983.59738907},"geometry":{"type":"Polygon","coordinates":[[[-73.01579442049643,-13.516430972134412],[-73.01580189854248,-13.515527282404147],[-73.01672544334576,-13.515534597715995],[-73.01671796877483,-13.516438287953312],[-73.01579442049643,-13.516430972134412]]]}},{"type":"Feature","properties":{"Cell_ID":604,"Area_ha":1.0,"LC":"6:1.000000","XMIN":714654.86160847,"YMIN":8504783.59738907,"XMAX":714754.86160847,"YMAX":8504883.59738907},"geometry":{"type":"Polygon","coordinates":[[[-73.01578694190337,-13.51733466179554],[-73.01579442049643,-13.516430972134412],[-73.01671796877483,-13.516438287953312],[-73.01671049365711,-13.517341978121491],[-73.01578694190337,-13.51733466179554]]]}},{"type":"Feature","properties":{"Cell_ID":605,"Area_ha":1.0,"LC":"6:1.000000","XMIN":714654.86160847,"YMIN":8504683.59738907,"XMAX":714754.86160847,"YMAX":8504783.59738907},"geometry":{"type":"Polygon","coordinates":[[[-73.01577946276328,-13.518238351387529],[-73.01578694190337,-13.51733466179554],[-73.01671049365711,-13.517341978121491],[-73.01670301799261,-13.518245668220539],[-73.01577946276328,-13.518238351387529]]]}},{"type":"Feature","properties":{"Cell_ID":606,"Area_ha":1.0,"LC":"3:0.039438,6:0.459396,14:0.501166","XMIN":714654.86160847,"YMIN":8504583.59738907,"XMAX":714754.86160847,"YMAX":8504683.59738907},"geometry":{"type":"Polygon","coordinates":[[[-73.01577198307614,-13.519142040910374],[-73.01577946276328,-13.518238351387529],[-73.01670301799261,-13.518245668220539],[-73.01669554178133,-13.519149358250447],[-73.01577198307614,-13.519142040910374]]]}},{"type":"Feature","properties":{"Cell_ID":607,"Area_ha":1.0,"LC":"3:0.936248,6:0.040071,14:0.023681","XMIN":714654.86160847,"YMIN":8504483.59738907,"XMAX":714754.86160847,"YMAX":8504583.59738907},"geometry":{"type":"Polygon","coordinates":[[[-73.01576450284193,-13.520045730364068],[-73.01577198307614,-13.519142040910374],[-73.01669554178133,-13.519149358250447],[-73.01668806502325,-13.520053048211206],[-73.01576450284193,-13.520045730364068]]]}},{"type":"Feature","properties":{"Cell_ID":608,"Area_ha":1.0,"LC":"3:1.000000","XMIN":714654.86160847,"YMIN":8504383.59738907,"XMAX":714754.86160847,"YMAX":8504483.59738907},"geometry":{"type":"Polygon","coordinates":[[[-73.01575702206067,-13.520949419748609],[-73.01576450284193,-13.520045730364068],[-73.01668806502325,-13.520053048211206],[-73.01668058771834,-13.520956738102816],[-73.01575702206067,-13.520949419748609]]]}},{"type":"Feature","properties":{"Cell_ID":609,"Area_ha":1.0,"LC":"3:0.421322,14:0.578678","XMIN":714654.86160847,"YMIN":8504283.59738907,"XMAX":714754.86160847,"YMAX":8504383.59738907},"geometry":{"type":"Polygon","coordinates":[[[-73.01574954073233,-13.521853109063994],[-73.01575702206067,-13.520949419748609],[-73.01668058771834,-13.520956738102816],[-73.01667310986662,-13.521860427925274],[-73.01574954073233,-13.521853109063994]]]}},{"type":"Feature","properties":{"Cell_ID":610,"Area_ha":1.0,"LC":"3:0.122023,5:0.043386,14:0.834590","XMIN":714654.86160847,"YMIN":8504183.59738907,"XMAX":714754.86160847,"YMAX":8504283.59738907},"geometry":{"type":"Polygon","coordinates":[[[-73.0157420588569,-13.522756798310215],[-73.01574954073233,-13.521853109063994],[-73.01667310986662,-13.521860427925274],[-73.01666563146806,-13.522764117678571],[-73.0157420588569,-13.522756798310215]]]}},{"type":"Feature","properties":{"Cell_ID":611,"Area_ha":1.0,"LC":"5:0.377709,14:0.622291","XMIN":714654.86160847,"YMIN":8504083.59738907,"XMAX":714754.86160847,"YMAX":8504183.59738907},"geometry":{"type":"Polygon","coordinates":[[[-73.01573457643437,-13.523660487487271],[-73.0157420588569,-13.522756798310215],[-73.01666563146806,-13.522764117678571],[-73.01665815252265,-13.523667807362708],[-73.01573457643437,-13.523660487487271]]]}},{"type":"Feature","properties":{"Cell_ID":612,"Area_ha":1.0,"LC":"5:0.816810,9:0.042908,14:0.140281","XMIN":714654.86160847,"YMIN":8503983.59738907,"XMAX":714754.86160847,"YMAX":8504083.59738907},"geometry":{"type":"Polygon","coordinates":[[[-73.01572709346473,-13.524564176595154],[-73.01573457643437,-13.523660487487271],[-73.01665815252265,-13.523667807362708],[-73.0166506730304,-13.524571496977675],[-73.01572709346473,-13.524564176595154]]]}},{"type":"Feature","properties":{"Cell_ID":613,"Area_ha":1.0,"LC":"5:0.237247,6:0.618116,9:0.002417,14:0.142220","XMIN":714654.86160847,"YMIN":8503883.59738907,"XMAX":714754.86160847,"YMAX":8503983.59738907},"geometry":{"type":"Polygon","coordinates":[[[-73.015719609948,-13.525467865633864],[-73.01572709346473,-13.524564176595154],[-73.0166506730304,-13.524571496977675],[-73.01664319299128,-13.525475186523472],[-73.015719609948,-13.525467865633864]]]}},{"type":"Feature","properties":{"Cell_ID":614,"Area_ha":1.0,"LC":"3:0.120885,5:0.080969,6:0.755715,9:0.042431","XMIN":714654.86160847,"YMIN":8503783.59738907,"XMAX":714754.86160847,"YMAX":8503883.59738907},"geometry":{"type":"Polygon","coordinates":[[[-73.01571212588411,-13.526371554603394],[-73.015719609948,-13.525467865633864],[-73.01664319299128,-13.525475186523472],[-73.01663571240529,-13.526378876000093],[-73.01571212588411,-13.526371554603394]]]}},{"type":"Feature","properties":{"Cell_ID":615,"Area_ha":1.0,"LC":"3:0.404847,6:0.555715,7:0.039438","XMIN":714654.86160847,"YMIN":8503683.59738907,"XMAX":714754.86160847,"YMAX":8503783.59738907},"geometry":{"type":"Polygon","coordinates":[[[-73.0157046412731,-13.527275243503743],[-73.01571212588411,-13.526371554603394],[-73.01663571240529,-13.526378876000093],[-73.01662823127242,-13.527282565407535],[-73.0157046412731,-13.527275243503743]]]}},{"type":"Feature","properties":{"Cell_ID":616,"Area_ha":1.0,"LC":"3:0.439115,6:0.019790,7:0.440000,9:0.101095","XMIN":714654.86160847,"YMIN":8503583.59738907,"XMAX":714754.86160847,"YMAX":8503683.59738907},"geometry":{"type":"Polygon","coordinates":[[[-73.01569715611494,-13.5281789323349],[-73.0157046412731,-13.527275243503743],[-73.01662823127242,-13.527282565407535],[-73.01662074959266,-13.52818625474579],[-73.01569715611494,-13.5281789323349]]]}},{"type":"Feature","properties":{"Cell_ID":617,"Area_ha":1.0,"LC":"3:0.399031,7:0.040562,9:0.560407","XMIN":714654.86160847,"YMIN":8503483.59738907,"XMAX":714754.86160847,"YMAX":8503583.59738907},"geometry":{"type":"Polygon","coordinates":[[[-73.01568967040963,-13.529082621096864],[-73.01569715611494,-13.5281789323349],[-73.01662074959266,-13.52818625474579],[-73.01661326736601,-13.529089944014862],[-73.01568967040963,-13.529082621096864]]]}},{"type":"Feature","properties":{"Cell_ID":618,"Area_ha":1.0,"LC":"5:0.039031,6:0.019719,7:0.000478,9:0.483064,13:0.457709","XMIN":714654.86160847,"YMIN":8503383.59738907,"XMAX":714754.86160847,"YMAX":8503483.59738907},"geometry":{"type":"Polygon","coordinates":[[[-73.01568218415714,-13.529986309789635],[-73.01568967040963,-13.529082621096864],[-73.01661326736601,-13.529089944014862],[-73.01660578459241,-13.529993633214737],[-73.01568218415714,-13.529986309789635]]]}},{"type":"Feature","properties":{"Cell_ID":619,"Area_ha":1.0,"LC":"6:0.181251,7:0.001461,9:0.179312,13:0.615841,16:0.022136","XMIN":714654.86160847,"YMIN":8503283.59738907,"XMAX":714754.86160847,"YMAX":8503383.59738907},"geometry":{"type":"Polygon","coordinates":[[[-73.0156746973575,-13.530889998413203],[-73.01568218415714,-13.529986309789635],[-73.01660578459241,-13.529993633214737],[-73.01659830127193,-13.530897322345414],[-73.0156746973575,-13.530889998413203]]]}},{"type":"Feature","properties":{"Cell_ID":620,"Area_ha":1.0,"LC":"5:0.039031,7:0.298594,13:0.398694,16:0.263681","XMIN":714654.86160847,"YMIN":8503183.59738907,"XMAX":714754.86160847,"YMAX":8503283.59738907},"geometry":{"type":"Polygon","coordinates":[[[-73.01566721001066,-13.531793686967564],[-73.0156746973575,-13.530889998413203],[-73.01659830127193,-13.530897322345414],[-73.0165908174045,-13.531801011406891],[-73.01566721001066,-13.531793686967564]]]}},{"type":"Feature","properties":{"Cell_ID":621,"Area_ha":1.0,"LC":"7:0.342376,16:0.657624","XMIN":714654.86160847,"YMIN":8503083.59738907,"XMAX":714754.86160847,"YMAX":8503183.59738907},"geometry":{"type":"Polygon","coordinates":[[[-73.01565972211662,-13.532697375452718],[-73.01566721001066,-13.531793686967564],[-73.0165908174045,-13.531801011406891],[-73.01658333299014,-13.53270470039916],[-73.01565972211662,-13.532697375452718]]]}},{"type":"Feature","properties":{"Cell_ID":622,"Area_ha":1.0,"LC":"9:0.103105,16:0.896895","XMIN":714654.86160847,"YMIN":8502983.59738907,"XMAX":714754.86160847,"YMAX":8503083.59738907},"geometry":{"type":"Polygon","coordinates":[[[-73.01565223367537,-13.533601063868657],[-73.01565972211662,-13.532697375452718],[-73.01658333299014,-13.53270470039916],[-73.01657584802882,-13.53360838932222],[-73.01565223367537,-13.533601063868657]]]}},{"type":"Feature","properties":{"Cell_ID":623,"Area_ha":1.0,"LC":"7:0.316936,9:0.424159,16:0.258905","XMIN":714654.86160847,"YMIN":8502883.59738907,"XMAX":714754.86160847,"YMAX":8502983.59738907},"geometry":{"type":"Polygon","coordinates":[[[-73.01564474468692,-13.53450475221538],[-73.01565223367537,-13.533601063868657],[-73.01657584802882,-13.53360838932222],[-73.01656836252054,-13.534512078176068],[-73.01564474468692,-13.53450475221538]]]}},{"type":"Feature","properties":{"Cell_ID":624,"Area_ha":1.0,"LC":"5:0.678875,14:0.321125","XMIN":714754.86160847,"YMIN":8505883.59738907,"XMAX":714854.86160847,"YMAX":8505983.59738907},"geometry":{"type":"Polygon","coordinates":[[[-73.01494566335013,-13.507386757574437],[-73.01495313939895,-13.5064830676603],[-73.0158766489184,-13.506490381299962],[-73.01586917634211,-13.50739407172135],[-73.01494566335013,-13.507386757574437]]]}},{"type":"Feature","properties":{"Cell_ID":625,"Area_ha":1.0,"LC":"5:0.758061,6:0.241939","XMIN":714754.86160847,"YMIN":8505783.59738907,"XMAX":714854.86160847,"YMAX":8505883.59738907},"geometry":{"type":"Polygon","coordinates":[[[-73.01493818675411,-13.508290447419478],[-73.01494566335013,-13.507386757574437],[-73.01586917634211,-13.50739407172135],[-73.01586170321887,-13.508297762073648],[-73.01493818675411,-13.508290447419478]]]}},{"type":"Feature","properties":{"Cell_ID":626,"Area_ha":1.0,"LC":"5:0.523542,9:0.179156,14:0.297302","XMIN":714754.86160847,"YMIN":8505683.59738907,"XMAX":714854.86160847,"YMAX":8505783.59738907},"geometry":{"type":"Polygon","coordinates":[[[-73.0149307096109,-13.509194137195419],[-73.01493818675411,-13.508290447419478],[-73.01586170321887,-13.508297762073648],[-73.01585422954872,-13.509201452356844],[-73.0149307096109,-13.509194137195419]]]}},{"type":"Feature","properties":{"Cell_ID":627,"Area_ha":1.0,"LC":"5:0.559438,9:0.342783,13:0.077990,14:0.019790","XMIN":714754.86160847,"YMIN":8505583.59738907,"XMAX":714854.86160847,"YMAX":8505683.59738907},"geometry":{"type":"Polygon","coordinates":[[[-73.01492323192049,-13.510097826902255],[-73.0149307096109,-13.509194137195419],[-73.01585422954872,-13.509201452356844],[-73.01584675533161,-13.510105142570941],[-73.01492323192049,-13.510097826902255]]]}},{"type":"Feature","properties":{"Cell_ID":628,"Area_ha":1.0,"LC":"5:0.263274,13:0.736726","XMIN":714754.86160847,"YMIN":8505483.59738907,"XMAX":714854.86160847,"YMAX":8505583.59738907},"geometry":{"type":"Polygon","coordinates":[[[-73.01491575368286,-13.511001516539983],[-73.01492323192049,-13.510097826902255],[-73.01584675533161,-13.510105142570941],[-73.01583928056753,-13.511008832715932],[-73.01491575368286,-13.511001516539983]]]}},{"type":"Feature","properties":{"Cell_ID":629,"Area_ha":1.0,"LC":"5:0.340126,9:0.479438,13:0.180437","XMIN":714754.86160847,"YMIN":8505383.59738907,"XMAX":714854.86160847,"YMAX":8505483.59738907},"geometry":{"type":"Polygon","coordinates":[[[-73.014908274898,-13.511905206108594],[-73.01491575368286,-13.511001516539983],[-73.01583928056753,-13.511008832715932],[-73.0158318052565,-13.511912522791812],[-73.014908274898,-13.511905206108594]]]}},{"type":"Feature","properties":{"Cell_ID":630,"Area_ha":1.0,"LC":"5:0.577373,6:0.179156,9:0.243471","XMIN":714754.86160847,"YMIN":8505283.59738907,"XMAX":714854.86160847,"YMAX":8505383.59738907},"geometry":{"type":"Polygon","coordinates":[[[-73.01490079556592,-13.512808895608087],[-73.014908274898,-13.511905206108594],[-73.0158318052565,-13.511912522791812],[-73.01582432939848,-13.512816212798578],[-73.01490079556592,-13.512808895608087]]]}},{"type":"Feature","properties":{"Cell_ID":631,"Area_ha":1.0,"LC":"5:0.315644,6:0.642417,7:0.041939","XMIN":714754.86160847,"YMIN":8505183.59738907,"XMAX":714854.86160847,"YMAX":8505283.59738907},"geometry":{"type":"Polygon","coordinates":[[[-73.0148933156866,-13.513712585038459],[-73.01490079556592,-13.512808895608087],[-73.01582432939848,-13.512816212798578],[-73.01581685299348,-13.513719902736225],[-73.0148933156866,-13.513712585038459]]]}},{"type":"Feature","properties":{"Cell_ID":632,"Area_ha":1.0,"LC":"5:0.534871,6:0.345691,9:0.119438","XMIN":714754.86160847,"YMIN":8505083.59738907,"XMAX":714854.86160847,"YMAX":8505183.59738907},"geometry":{"type":"Polygon","coordinates":[[[-73.01488583526002,-13.514616274399703],[-73.0148933156866,-13.513712585038459],[-73.01581685299348,-13.513719902736225],[-73.01580937604147,-13.514623592604751],[-73.01488583526002,-13.514616274399703]]]}},{"type":"Feature","properties":{"Cell_ID":633,"Area_ha":1.0,"LC":"5:0.099383,6:0.064004,9:0.479593,13:0.357021","XMIN":714754.86160847,"YMIN":8504983.59738907,"XMAX":714854.86160847,"YMAX":8505083.59738907},"geometry":{"type":"Polygon","coordinates":[[[-73.01487835428618,-13.515519963691819],[-73.01488583526002,-13.514616274399703],[-73.01580937604147,-13.514623592604751],[-73.01580189854248,-13.515527282404147],[-73.01487835428618,-13.515519963691819]]]}},{"type":"Feature","properties":{"Cell_ID":634,"Area_ha":1.0,"LC":"5:0.118061,6:0.683807,13:0.198132","XMIN":714754.86160847,"YMIN":8504883.59738907,"XMAX":714854.86160847,"YMAX":8504983.59738907},"geometry":{"type":"Polygon","coordinates":[[[-73.01487087276506,-13.516423652914797],[-73.01487835428618,-13.515519963691819],[-73.01580189854248,-13.515527282404147],[-73.01579442049643,-13.516430972134412],[-73.01487087276506,-13.516423652914797]]]}},{"type":"Feature","properties":{"Cell_ID":635,"Area_ha":1.0,"LC":"6:1.000000","XMIN":714754.86160847,"YMIN":8504783.59738907,"XMAX":714854.86160847,"YMAX":8504883.59738907},"geometry":{"type":"Polygon","coordinates":[[[-73.01486339069668,-13.517327342068636],[-73.01487087276506,-13.516423652914797],[-73.01579442049643,-13.516430972134412],[-73.01578694190337,-13.51733466179554],[-73.01486339069668,-13.517327342068636]]]}},{"type":"Feature","properties":{"Cell_ID":636,"Area_ha":1.0,"LC":"3:0.083386,6:0.916614","XMIN":714754.86160847,"YMIN":8504683.59738907,"XMAX":714854.86160847,"YMAX":8504783.59738907},"geometry":{"type":"Polygon","coordinates":[[[-73.01485590808099,-13.518231031153332],[-73.01486339069668,-13.517327342068636],[-73.01578694190337,-13.51733466179554],[-73.01577946276328,-13.518238351387529],[-73.01485590808099,-13.518231031153332]]]}},{"type":"Feature","properties":{"Cell_ID":637,"Area_ha":1.0,"LC":"3:0.103597,6:0.658413,14:0.237990","XMIN":714754.86160847,"YMIN":8504583.59738907,"XMAX":714854.86160847,"YMAX":8504683.59738907},"geometry":{"type":"Polygon","coordinates":[[[-73.014848424918,-13.519134720168879],[-73.01485590808099,-13.518231031153332],[-73.01577946276328,-13.518238351387529],[-73.01577198307614,-13.519142040910374],[-73.014848424918,-13.519134720168879]]]}},{"type":"Feature","properties":{"Cell_ID":638,"Area_ha":1.0,"LC":"3:0.519367,6:0.280562,14:0.200071","XMIN":714754.86160847,"YMIN":8504483.59738907,"XMAX":714854.86160847,"YMAX":8504583.59738907},"geometry":{"type":"Polygon","coordinates":[[[-73.01484094120771,-13.520038409115271],[-73.014848424918,-13.519134720168879],[-73.01577198307614,-13.519142040910374],[-73.01576450284193,-13.520045730364068],[-73.01484094120771,-13.520038409115271]]]}},{"type":"Feature","properties":{"Cell_ID":639,"Area_ha":1.0,"LC":"3:1.000000","XMIN":714754.86160847,"YMIN":8504383.59738907,"XMAX":714854.86160847,"YMAX":8504483.59738907},"geometry":{"type":"Polygon","coordinates":[[[-73.01483345695007,-13.520942097992505],[-73.01484094120771,-13.520038409115271],[-73.01576450284193,-13.520045730364068],[-73.01575702206067,-13.520949419748609],[-73.01483345695007,-13.520942097992505]]]}},{"type":"Feature","properties":{"Cell_ID":640,"Area_ha":1.0,"LC":"3:0.762908,14:0.237092","XMIN":714754.86160847,"YMIN":8504283.59738907,"XMAX":714854.86160847,"YMAX":8504383.59738907},"geometry":{"type":"Polygon","coordinates":[[[-73.01482597214513,-13.521845786800583],[-73.01483345695007,-13.520942097992505],[-73.01575702206067,-13.520949419748609],[-73.01574954073233,-13.521853109063994],[-73.01482597214513,-13.521845786800583]]]}},{"type":"Feature","properties":{"Cell_ID":641,"Area_ha":1.0,"LC":"3:0.382291,5:0.295770,14:0.321939","XMIN":714754.86160847,"YMIN":8504183.59738907,"XMAX":714854.86160847,"YMAX":8504283.59738907},"geometry":{"type":"Polygon","coordinates":[[[-73.01481848679285,-13.52274947553949],[-73.01482597214513,-13.521845786800583],[-73.01574954073233,-13.521853109063994],[-73.0157420588569,-13.522756798310215],[-73.01481848679285,-13.52274947553949]]]}},{"type":"Feature","properties":{"Cell_ID":642,"Area_ha":1.0,"LC":"3:0.042993,5:0.337373,6:0.262136,14:0.357499","XMIN":714754.86160847,"YMIN":8504083.59738907,"XMAX":714854.86160847,"YMAX":8504183.59738907},"geometry":{"type":"Polygon","coordinates":[[[-73.01481100089319,-13.52365316420923],[-73.01481848679285,-13.52274947553949],[-73.0157420588569,-13.522756798310215],[-73.01573457643437,-13.523660487487271],[-73.01481100089319,-13.52365316420923]]]}},{"type":"Feature","properties":{"Cell_ID":643,"Area_ha":1.0,"LC":"5:0.478061,6:0.020773,9:0.356529,14:0.144637","XMIN":714754.86160847,"YMIN":8503983.59738907,"XMAX":714854.86160847,"YMAX":8504083.59738907},"geometry":{"type":"Polygon","coordinates":[[[-73.0148035144462,-13.524556852809793],[-73.01481100089319,-13.52365316420923],[-73.01573457643437,-13.523660487487271],[-73.01572709346473,-13.524564176595154],[-73.0148035144462,-13.524556852809793]]]}},{"type":"Feature","properties":{"Cell_ID":644,"Area_ha":1.0,"LC":"5:0.040071,9:0.459719,14:0.500210","XMIN":714754.86160847,"YMIN":8503883.59738907,"XMAX":714854.86160847,"YMAX":8503983.59738907},"geometry":{"type":"Polygon","coordinates":[[[-73.01479602745182,-13.52546054134118],[-73.0148035144462,-13.524556852809793],[-73.01572709346473,-13.524564176595154],[-73.015719609948,-13.525467865633864],[-73.01479602745182,-13.52546054134118]]]}},{"type":"Feature","properties":{"Cell_ID":645,"Area_ha":1.0,"LC":"3:0.058271,5:0.198468,6:0.019719,7:0.000969,9:0.499874,14:0.222698","XMIN":714754.86160847,"YMIN":8503783.59738907,"XMAX":714854.86160847,"YMAX":8503883.59738907},"geometry":{"type":"Polygon","coordinates":[[[-73.01478853991006,-13.526364229803383],[-73.01479602745182,-13.52546054134118],[-73.015719609948,-13.525467865633864],[-73.01571212588411,-13.526371554603394],[-73.01478853991006,-13.526364229803383]]]}},{"type":"Feature","properties":{"Cell_ID":646,"Area_ha":1.0,"LC":"3:0.514028,5:0.200562,6:0.223668,7:0.040969,14:0.020773","XMIN":714754.86160847,"YMIN":8503683.59738907,"XMAX":714854.86160847,"YMAX":8503783.59738907},"geometry":{"type":"Polygon","coordinates":[[[-73.01478105182092,-13.527267918196404],[-73.01478853991006,-13.526364229803383],[-73.01571212588411,-13.526371554603394],[-73.0157046412731,-13.527275243503743],[-73.01478105182092,-13.527267918196404]]]}},{"type":"Feature","properties":{"Cell_ID":647,"Area_ha":1.0,"LC":"3:0.299945,6:0.000492,7:0.321939,9:0.377624","XMIN":714754.86160847,"YMIN":8503583.59738907,"XMAX":714854.86160847,"YMAX":8503683.59738907},"geometry":{"type":"Polygon","coordinates":[[[-73.01477356318438,-13.528171606520225],[-73.01478105182092,-13.527267918196404],[-73.0157046412731,-13.527275243503743],[-73.01569715611494,-13.5281789323349],[-73.01477356318438,-13.528171606520225]]]}},{"type":"Feature","properties":{"Cell_ID":648,"Area_ha":1.0,"LC":"3:0.039031,5:0.281939,9:0.679031","XMIN":714754.86160847,"YMIN":8503483.59738907,"XMAX":714854.86160847,"YMAX":8503583.59738907},"geometry":{"type":"Polygon","coordinates":[[[-73.01476607400042,-13.529075294774849],[-73.01477356318438,-13.528171606520225],[-73.01569715611494,-13.5281789323349],[-73.01568967040963,-13.529082621096864],[-73.01476607400042,-13.529075294774849]]]}},{"type":"Feature","properties":{"Cell_ID":649,"Area_ha":1.0,"LC":"7:0.098116,9:0.901884","XMIN":714754.86160847,"YMIN":8503383.59738907,"XMAX":714854.86160847,"YMAX":8503483.59738907},"geometry":{"type":"Polygon","coordinates":[[[-73.01475858426905,-13.52997898296028],[-73.01476607400042,-13.529075294774849],[-73.01568967040963,-13.529082621096864],[-73.01568218415714,-13.529986309789635],[-73.01475858426905,-13.52997898296028]]]}},{"type":"Feature","properties":{"Cell_ID":650,"Area_ha":1.0,"LC":"6:0.200000,7:0.300915,9:0.002908,13:0.259156,16:0.237021","XMIN":714754.86160847,"YMIN":8503283.59738907,"XMAX":714854.86160847,"YMAX":8503383.59738907},"geometry":{"type":"Polygon","coordinates":[[[-73.01475109399024,-13.530882671076503],[-73.01475858426905,-13.52997898296028],[-73.01568218415714,-13.529986309789635],[-73.0156746973575,-13.530889998413203],[-73.01475109399024,-13.530882671076503]]]}},{"type":"Feature","properties":{"Cell_ID":651,"Area_ha":1.0,"LC":"7:0.217147,9:0.081939,13:0.423752,16:0.277162","XMIN":714754.86160847,"YMIN":8503183.59738907,"XMAX":714854.86160847,"YMAX":8503283.59738907},"geometry":{"type":"Polygon","coordinates":[[[-73.01474360316399,-13.531786359123515],[-73.01475109399024,-13.530882671076503],[-73.0156746973575,-13.530889998413203],[-73.01566721001066,-13.531793686967564],[-73.01474360316399,-13.531786359123515]]]}},{"type":"Feature","properties":{"Cell_ID":652,"Area_ha":1.0,"LC":"6:0.040969,7:0.759579,9:0.042431,16:0.157021","XMIN":714754.86160847,"YMIN":8503083.59738907,"XMAX":714854.86160847,"YMAX":8503183.59738907},"geometry":{"type":"Polygon","coordinates":[[[-73.0147361117903,-13.532690047101317],[-73.01474360316399,-13.531786359123515],[-73.01566721001066,-13.531793686967564],[-73.01565972211662,-13.532697375452718],[-73.0147361117903,-13.532690047101317]]]}},{"type":"Feature","properties":{"Cell_ID":653,"Area_ha":1.0,"LC":"5:0.401292,7:0.103274,9:0.376332,16:0.119101","XMIN":714754.86160847,"YMIN":8502983.59738907,"XMAX":714854.86160847,"YMAX":8503083.59738907},"geometry":{"type":"Polygon","coordinates":[[[-73.01472861986915,-13.5335937350099],[-73.0147361117903,-13.532690047101317],[-73.01565972211662,-13.532697375452718],[-73.01565223367537,-13.533601063868657],[-73.01472861986915,-13.5335937350099]]]}},{"type":"Feature","properties":{"Cell_ID":654,"Area_ha":1.0,"LC":"5:0.523555,9:0.476445","XMIN":714754.86160847,"YMIN":8502883.59738907,"XMAX":714854.86160847,"YMAX":8502983.59738907},"geometry":{"type":"Polygon","coordinates":[[[-73.01472112740053,-13.53449742284926],[-73.01472861986915,-13.5335937350099],[-73.01565223367537,-13.533601063868657],[-73.01564474468692,-13.53450475221538],[-73.01472112740053,-13.53449742284926]]]}},{"type":"Feature","properties":{"Cell_ID":655,"Area_ha":1.0,"LC":"5:0.498594,13:0.501406","XMIN":714854.86160847,"YMIN":8505983.59738907,"XMAX":714954.86160847,"YMAX":8506083.59738907},"geometry":{"type":"Polygon","coordinates":[[[-73.0140296304267,-13.506475750622519],[-73.01403710940063,-13.50557206114677],[-73.01496061490063,-13.505579377677071],[-73.01495313939895,-13.5064830676603],[-73.0140296304267,-13.506475750622519]]]}},{"type":"Feature","properties":{"Cell_ID":656,"Area_ha":1.0,"LC":"5:1.000000","XMIN":714854.86160847,"YMIN":8505883.59738907,"XMAX":714954.86160847,"YMAX":8505983.59738907},"geometry":{"type":"Polygon","coordinates":[[[-73.01402215090533,-13.507379440029172],[-73.0140296304267,-13.506475750622519],[-73.01495313939895,-13.5064830676603],[-73.01494566335013,-13.507386757574437],[-73.01402215090533,-13.507379440029172]]]}},{"type":"Feature","properties":{"Cell_ID":657,"Area_ha":1.0,"LC":"5:0.822783,6:0.177217","XMIN":714854.86160847,"YMIN":8505783.59738907,"XMAX":714954.86160847,"YMAX":8505883.59738907},"geometry":{"type":"Polygon","coordinates":[[[-73.01401467083653,-13.508283129366724],[-73.01402215090533,-13.507379440029172],[-73.01494566335013,-13.507386757574437],[-73.01493818675411,-13.508290447419478],[-73.01401467083653,-13.508283129366724]]]}},{"type":"Feature","properties":{"Cell_ID":658,"Area_ha":1.0,"LC":"5:0.817217,6:0.182783","XMIN":714854.86160847,"YMIN":8505683.59738907,"XMAX":714954.86160847,"YMAX":8505783.59738907},"geometry":{"type":"Polygon","coordinates":[[[-73.01400719022028,-13.50918681863517],[-73.01401467083653,-13.508283129366724],[-73.01493818675411,-13.508290447419478],[-73.0149307096109,-13.509194137195419],[-73.01400719022028,-13.50918681863517]]]}},{"type":"Feature","properties":{"Cell_ID":659,"Area_ha":1.0,"LC":"5:0.919522,9:0.080478","XMIN":714854.86160847,"YMIN":8505583.59738907,"XMAX":714954.86160847,"YMAX":8505683.59738907},"geometry":{"type":"Polygon","coordinates":[[[-73.01399970905658,-13.51009050783451],[-73.01400719022028,-13.50918681863517],[-73.0149307096109,-13.509194137195419],[-73.01492323192049,-13.510097826902255],[-73.01399970905658,-13.51009050783451]]]}},{"type":"Feature","properties":{"Cell_ID":660,"Area_ha":1.0,"LC":"5:0.622853,9:0.000969,13:0.376177","XMIN":714854.86160847,"YMIN":8505483.59738907,"XMAX":714954.86160847,"YMAX":8505583.59738907},"geometry":{"type":"Polygon","coordinates":[[[-73.0139922273454,-13.510994196964738],[-73.01399970905658,-13.51009050783451],[-73.01492323192049,-13.510097826902255],[-73.01491575368286,-13.511001516539983],[-73.0139922273454,-13.510994196964738]]]}},{"type":"Feature","properties":{"Cell_ID":661,"Area_ha":1.0,"LC":"5:0.455685,9:0.123400,13:0.420915","XMIN":714854.86160847,"YMIN":8505383.59738907,"XMAX":714954.86160847,"YMAX":8505483.59738907},"geometry":{"type":"Polygon","coordinates":[[[-73.01398474508674,-13.511897886025846],[-73.0139922273454,-13.510994196964738],[-73.01491575368286,-13.511001516539983],[-73.014908274898,-13.511905206108594],[-73.01398474508674,-13.511897886025846]]]}},{"type":"Feature","properties":{"Cell_ID":662,"Area_ha":1.0,"LC":"5:0.842908,9:0.157092","XMIN":714854.86160847,"YMIN":8505283.59738907,"XMAX":714954.86160847,"YMAX":8505383.59738907},"geometry":{"type":"Polygon","coordinates":[[[-73.01397726228062,-13.512801575017832],[-73.01398474508674,-13.511897886025846],[-73.014908274898,-13.511905206108594],[-73.01490079556592,-13.512808895608087],[-73.01397726228062,-13.512801575017832]]]}},{"type":"Feature","properties":{"Cell_ID":663,"Area_ha":1.0,"LC":"5:0.261406,6:0.336177,7:0.401447,14:0.000969","XMIN":714854.86160847,"YMIN":8505183.59738907,"XMAX":714954.86160847,"YMAX":8505283.59738907},"geometry":{"type":"Polygon","coordinates":[[[-73.01396977892698,-13.513705263940695],[-73.01397726228062,-13.512801575017832],[-73.01490079556592,-13.512808895608087],[-73.0148933156866,-13.513712585038459],[-73.01396977892698,-13.513705263940695]]]}},{"type":"Feature","properties":{"Cell_ID":664,"Area_ha":1.0,"LC":"3:0.022136,6:0.977373,7:0.000492","XMIN":714854.86160847,"YMIN":8505083.59738907,"XMAX":714954.86160847,"YMAX":8505183.59738907},"geometry":{"type":"Polygon","coordinates":[[[-73.01396229502583,-13.51460895279442],[-73.01396977892698,-13.513705263940695],[-73.0148933156866,-13.513712585038459],[-73.01488583526002,-13.514616274399703],[-73.01396229502583,-13.51460895279442]]]}},{"type":"Feature","properties":{"Cell_ID":665,"Area_ha":1.0,"LC":"3:0.260126,6:0.739874","XMIN":714854.86160847,"YMIN":8504983.59738907,"XMAX":714954.86160847,"YMAX":8505083.59738907},"geometry":{"type":"Polygon","coordinates":[[[-73.01395481057718,-13.515512641579019],[-73.01396229502583,-13.51460895279442],[-73.01488583526002,-13.514616274399703],[-73.01487835428618,-13.515519963691819],[-73.01395481057718,-13.515512641579019]]]}},{"type":"Feature","properties":{"Cell_ID":666,"Area_ha":1.0,"LC":"3:0.645972,6:0.354028","XMIN":714854.86160847,"YMIN":8504883.59738907,"XMAX":714954.86160847,"YMAX":8504983.59738907},"geometry":{"type":"Polygon","coordinates":[[[-73.01394732558099,-13.516416330294476],[-73.01395481057718,-13.515512641579019],[-73.01487835428618,-13.515519963691819],[-73.01487087276506,-13.516423652914797],[-73.01394732558099,-13.516416330294476]]]}},{"type":"Feature","properties":{"Cell_ID":667,"Area_ha":1.0,"LC":"3:0.020688,6:0.979312","XMIN":714854.86160847,"YMIN":8504783.59738907,"XMAX":714954.86160847,"YMAX":8504883.59738907},"geometry":{"type":"Polygon","coordinates":[[[-73.01393984003727,-13.517320018940786],[-73.01394732558099,-13.516416330294476],[-73.01487087276506,-13.516423652914797],[-73.01486339069668,-13.517327342068636],[-73.01393984003727,-13.517320018940786]]]}},{"type":"Feature","properties":{"Cell_ID":668,"Area_ha":1.0,"LC":"3:0.499732,6:0.379383,14:0.120885","XMIN":714854.86160847,"YMIN":8504683.59738907,"XMAX":714954.86160847,"YMAX":8504783.59738907},"geometry":{"type":"Polygon","coordinates":[[[-73.01393235394599,-13.518223707517953],[-73.01393984003727,-13.517320018940786],[-73.01486339069668,-13.517327342068636],[-73.01485590808099,-13.518231031153332],[-73.01393235394599,-13.518223707517953]]]}},{"type":"Feature","properties":{"Cell_ID":669,"Area_ha":1.0,"LC":"3:0.478539,6:0.179312,14:0.342149","XMIN":714854.86160847,"YMIN":8504583.59738907,"XMAX":714954.86160847,"YMAX":8504683.59738907},"geometry":{"type":"Polygon","coordinates":[[[-73.01392486730717,-13.519127396025965],[-73.01393235394599,-13.518223707517953],[-73.01485590808099,-13.518231031153332],[-73.014848424918,-13.519134720168879],[-73.01392486730717,-13.519127396025965]]]}},{"type":"Feature","properties":{"Cell_ID":670,"Area_ha":1.0,"LC":"3:0.197990,14:0.802010","XMIN":714854.86160847,"YMIN":8504483.59738907,"XMAX":714954.86160847,"YMAX":8504583.59738907},"geometry":{"type":"Polygon","coordinates":[[[-73.01391738012079,-13.520031084464822],[-73.01392486730717,-13.519127396025965],[-73.014848424918,-13.519134720168879],[-73.01484094120771,-13.520038409115271],[-73.01391738012079,-13.520031084464822]]]}},{"type":"Feature","properties":{"Cell_ID":671,"Area_ha":1.0,"LC":"3:0.835153,14:0.164847","XMIN":714854.86160847,"YMIN":8504383.59738907,"XMAX":714954.86160847,"YMAX":8504483.59738907},"geometry":{"type":"Polygon","coordinates":[[[-73.01390989238682,-13.520934772834517],[-73.01391738012079,-13.520031084464822],[-73.01484094120771,-13.520038409115271],[-73.01483345695007,-13.520942097992505],[-73.01390989238682,-13.520934772834517]]]}},{"type":"Feature","properties":{"Cell_ID":672,"Area_ha":1.0,"LC":"3:0.939790,14:0.060210","XMIN":714854.86160847,"YMIN":8504283.59738907,"XMAX":714954.86160847,"YMAX":8504383.59738907},"geometry":{"type":"Polygon","coordinates":[[[-73.01390240410527,-13.521838461135047],[-73.01390989238682,-13.520934772834517],[-73.01483345695007,-13.520942097992505],[-73.01482597214513,-13.521845786800583],[-73.01390240410527,-13.521838461135047]]]}},{"type":"Feature","properties":{"Cell_ID":673,"Area_ha":1.0,"LC":"3:0.340773,6:0.240885,14:0.418342","XMIN":714854.86160847,"YMIN":8504183.59738907,"XMAX":714954.86160847,"YMAX":8504283.59738907},"geometry":{"type":"Polygon","coordinates":[[[-73.01389491527613,-13.52274214936641],[-73.01390240410527,-13.521838461135047],[-73.01482597214513,-13.521845786800583],[-73.01481848679285,-13.52274947553949],[-73.01389491527613,-13.52274214936641]]]}},{"type":"Feature","properties":{"Cell_ID":674,"Area_ha":1.0,"LC":"3:0.318132,6:0.338201,14:0.343668","XMIN":714854.86160847,"YMIN":8504083.59738907,"XMAX":714954.86160847,"YMAX":8504183.59738907},"geometry":{"type":"Polygon","coordinates":[[[-73.01388742589938,-13.523645837528598],[-73.01389491527613,-13.52274214936641],[-73.01481848679285,-13.52274947553949],[-73.01481100089319,-13.52365316420923],[-73.01388742589938,-13.523645837528598]]]}},{"type":"Feature","properties":{"Cell_ID":675,"Area_ha":1.0,"LC":"6:0.300915,7:0.360885,14:0.338201","XMIN":714854.86160847,"YMIN":8503983.59738907,"XMAX":714954.86160847,"YMAX":8504083.59738907},"geometry":{"type":"Polygon","coordinates":[[[-73.01387993597501,-13.524549525621609],[-73.01388742589938,-13.523645837528598],[-73.01481100089319,-13.52365316420923],[-73.0148035144462,-13.524556852809793],[-73.01387993597501,-13.524549525621609]]]}},{"type":"Feature","properties":{"Cell_ID":676,"Area_ha":1.0,"LC":"3:0.040969,7:0.341180,9:0.097302,14:0.520549","XMIN":714854.86160847,"YMIN":8503883.59738907,"XMAX":714954.86160847,"YMAX":8503983.59738907},"geometry":{"type":"Polygon","coordinates":[[[-73.01387244550303,-13.525453213645434],[-73.01387993597501,-13.524549525621609],[-73.0148035144462,-13.524556852809793],[-73.01479602745182,-13.52546054134118],[-73.01387244550303,-13.525453213645434]]]}},{"type":"Feature","properties":{"Cell_ID":677,"Area_ha":1.0,"LC":"7:0.702698,9:0.058820,14:0.238482","XMIN":714854.86160847,"YMIN":8503783.59738907,"XMAX":714954.86160847,"YMAX":8503883.59738907},"geometry":{"type":"Polygon","coordinates":[[[-73.01386495448341,-13.526356901600074],[-73.01387244550303,-13.525453213645434],[-73.01479602745182,-13.52546054134118],[-73.01478853991006,-13.526364229803383],[-73.01386495448341,-13.526356901600074]]]}},{"type":"Feature","properties":{"Cell_ID":678,"Area_ha":1.0,"LC":"3:0.181658,6:0.356051,7:0.401939,14:0.060352","XMIN":714854.86160847,"YMIN":8503683.59738907,"XMAX":714954.86160847,"YMAX":8503783.59738907},"geometry":{"type":"Polygon","coordinates":[[[-73.01385746291615,-13.527260589485525],[-73.01386495448341,-13.526356901600074],[-73.01478853991006,-13.526364229803383],[-73.01478105182092,-13.527267918196404],[-73.01385746291615,-13.527260589485525]]]}},{"type":"Feature","properties":{"Cell_ID":679,"Area_ha":1.0,"LC":"3:0.139312,5:0.039915,6:0.040071,7:0.722431,9:0.058271","XMIN":714854.86160847,"YMIN":8503583.59738907,"XMAX":714954.86160847,"YMAX":8503683.59738907},"geometry":{"type":"Polygon","coordinates":[[[-73.01384997080122,-13.528164277301775],[-73.01385746291615,-13.527260589485525],[-73.01478105182092,-13.527267918196404],[-73.01477356318438,-13.528171606520225],[-73.01384997080122,-13.528164277301775]]]}},{"type":"Feature","properties":{"Cell_ID":680,"Area_ha":1.0,"LC":"5:0.642023,7:0.221166,9:0.136810","XMIN":714854.86160847,"YMIN":8503483.59738907,"XMAX":714954.86160847,"YMAX":8503583.59738907},"geometry":{"type":"Polygon","coordinates":[[[-73.01384247813863,-13.529067965048831],[-73.01384997080122,-13.528164277301775],[-73.01477356318438,-13.528171606520225],[-73.01476607400042,-13.529075294774849],[-73.01384247813863,-13.529067965048831]]]}},{"type":"Feature","properties":{"Cell_ID":681,"Area_ha":1.0,"LC":"7:0.103274,9:0.896726","XMIN":714854.86160847,"YMIN":8503383.59738907,"XMAX":714954.86160847,"YMAX":8503483.59738907},"geometry":{"type":"Polygon","coordinates":[[[-73.01383498492837,-13.529971652726683],[-73.01384247813863,-13.529067965048831],[-73.01476607400042,-13.529075294774849],[-73.01475858426905,-13.52997898296028],[-73.01383498492837,-13.529971652726683]]]}},{"type":"Feature","properties":{"Cell_ID":682,"Area_ha":1.0,"LC":"5:0.022627,6:0.280000,7:0.119031,9:0.578342","XMIN":714854.86160847,"YMIN":8503283.59738907,"XMAX":714954.86160847,"YMAX":8503383.59738907},"geometry":{"type":"Polygon","coordinates":[[[-73.01382749117043,-13.530875340335324],[-73.01383498492837,-13.529971652726683],[-73.01475858426905,-13.52997898296028],[-73.01475109399024,-13.530882671076503],[-73.01382749117043,-13.530875340335324]]]}},{"type":"Feature","properties":{"Cell_ID":683,"Area_ha":1.0,"LC":"5:0.183190,9:0.459719,13:0.357092","XMIN":714854.86160847,"YMIN":8503183.59738907,"XMAX":714954.86160847,"YMAX":8503283.59738907},"geometry":{"type":"Polygon","coordinates":[[[-73.0138199968648,-13.531779027874753],[-73.01382749117043,-13.530875340335324],[-73.01475109399024,-13.530882671076503],[-73.01474360316399,-13.531786359123515],[-73.0138199968648,-13.531779027874753]]]}},{"type":"Feature","properties":{"Cell_ID":684,"Area_ha":1.0,"LC":"5:0.000969,6:0.200000,7:0.237990,9:0.561040","XMIN":714854.86160847,"YMIN":8503083.59738907,"XMAX":714954.86160847,"YMAX":8503183.59738907},"geometry":{"type":"Polygon","coordinates":[[[-73.01381250201145,-13.532682715344965],[-73.0138199968648,-13.531779027874753],[-73.01474360316399,-13.531786359123515],[-73.0147361117903,-13.532690047101317],[-73.01381250201145,-13.532682715344965]]]}},{"type":"Feature","properties":{"Cell_ID":685,"Area_ha":1.0,"LC":"5:0.176739,7:0.719508,9:0.103752","XMIN":714854.86160847,"YMIN":8502983.59738907,"XMAX":714954.86160847,"YMAX":8503083.59738907},"geometry":{"type":"Polygon","coordinates":[[[-73.0138050066104,-13.533586402745955],[-73.01381250201145,-13.532682715344965],[-73.0147361117903,-13.532690047101317],[-73.01472861986915,-13.5335937350099],[-73.0138050066104,-13.533586402745955]]]}},{"type":"Feature","properties":{"Cell_ID":686,"Area_ha":1.0,"LC":"5:0.580830,7:0.082501,9:0.336669","XMIN":714854.86160847,"YMIN":8502883.59738907,"XMAX":714954.86160847,"YMAX":8502983.59738907},"geometry":{"type":"Polygon","coordinates":[[[-73.01379751066162,-13.534490090077721],[-73.0138050066104,-13.533586402745955],[-73.01472861986915,-13.5335937350099],[-73.01472112740053,-13.53449742284926],[-73.01379751066162,-13.534490090077721]]]}},{"type":"Feature","properties":{"Cell_ID":687,"Area_ha":1.0,"LC":"5:0.201784,13:0.798216","XMIN":714954.86160847,"YMIN":8506083.59738907,"XMAX":715054.86160847,"YMAX":8506183.59738907},"geometry":{"type":"Polygon","coordinates":[[[-73.01311360444808,-13.5055647412186],[-73.0131210863466,-13.504661052181476],[-73.01404458782716,-13.504668371601932],[-73.01403710940063,-13.50557206114677],[-73.01311360444808,-13.5055647412186]]]}},{"type":"Feature","properties":{"Cell_ID":688,"Area_ha":1.0,"LC":"5:0.902149,13:0.097851","XMIN":714954.86160847,"YMIN":8505983.59738907,"XMAX":715054.86160847,"YMAX":8506083.59738907},"geometry":{"type":"Polygon","coordinates":[[[-73.01310612200187,-13.506468430186635],[-73.01311360444808,-13.5055647412186],[-73.01403710940063,-13.50557206114677],[-73.0140296304267,-13.506475750622519],[-73.01310612200187,-13.506468430186635]]]}},{"type":"Feature","properties":{"Cell_ID":689,"Area_ha":1.0,"LC":"5:0.997092,6:0.002908","XMIN":714954.86160847,"YMIN":8505883.59738907,"XMAX":715054.86160847,"YMAX":8505983.59738907},"geometry":{"type":"Polygon","coordinates":[[[-73.01309863900798,-13.507372119085565],[-73.01310612200187,-13.506468430186635],[-73.0140296304267,-13.506475750622519],[-73.01402215090533,-13.507379440029172],[-73.01309863900798,-13.507372119085565]]]}},{"type":"Feature","properties":{"Cell_ID":690,"Area_ha":1.0,"LC":"5:1.000000","XMIN":714954.86160847,"YMIN":8505783.59738907,"XMAX":715054.86160847,"YMAX":8505883.59738907},"geometry":{"type":"Polygon","coordinates":[[[-73.0130911554664,-13.508275807915393],[-73.01309863900798,-13.507372119085565],[-73.01402215090533,-13.507379440029172],[-73.01401467083653,-13.508283129366724],[-73.0130911554664,-13.508275807915393]]]}},{"type":"Feature","properties":{"Cell_ID":691,"Area_ha":1.0,"LC":"5:0.682501,6:0.317499","XMIN":714954.86160847,"YMIN":8505683.59738907,"XMAX":715054.86160847,"YMAX":8505783.59738907},"geometry":{"type":"Polygon","coordinates":[[[-73.01308367137712,-13.509179496676111],[-73.0130911554664,-13.508275807915393],[-73.01401467083653,-13.508283129366724],[-73.01400719022028,-13.50918681863517],[-73.01308367137712,-13.509179496676111]]]}},{"type":"Feature","properties":{"Cell_ID":692,"Area_ha":1.0,"LC":"5:0.441532,6:0.162010,9:0.336739,14:0.059719","XMIN":714954.86160847,"YMIN":8505583.59738907,"XMAX":715054.86160847,"YMAX":8505683.59738907},"geometry":{"type":"Polygon","coordinates":[[[-73.01307618674012,-13.51008318536772],[-73.01308367137712,-13.509179496676111],[-73.01400719022028,-13.50918681863517],[-73.01399970905658,-13.51009050783451],[-73.01307618674012,-13.51008318536772]]]}},{"type":"Feature","properties":{"Cell_ID":693,"Area_ha":1.0,"LC":"5:0.296403,6:0.084847,9:0.259312,14:0.359438","XMIN":714954.86160847,"YMIN":8505483.59738907,"XMAX":715054.86160847,"YMAX":8505583.59738907},"geometry":{"type":"Polygon","coordinates":[[[-73.01306870155541,-13.51098687399021],[-73.01307618674012,-13.51008318536772],[-73.01399970905658,-13.51009050783451],[-73.0139922273454,-13.510994196964738],[-73.01306870155541,-13.51098687399021]]]}},{"type":"Feature","properties":{"Cell_ID":694,"Area_ha":1.0,"LC":"5:0.298594,6:0.000492,9:0.357162,14:0.343752","XMIN":714954.86160847,"YMIN":8505383.59738907,"XMAX":715054.86160847,"YMAX":8505483.59738907},"geometry":{"type":"Polygon","coordinates":[[[-73.01306121582297,-13.511890562543577],[-73.01306870155541,-13.51098687399021],[-73.0139922273454,-13.510994196964738],[-73.01398474508674,-13.511897886025846],[-73.01306121582297,-13.511890562543577]]]}},{"type":"Feature","properties":{"Cell_ID":695,"Area_ha":1.0,"LC":"5:1.000000","XMIN":714954.86160847,"YMIN":8505283.59738907,"XMAX":715054.86160847,"YMAX":8505383.59738907},"geometry":{"type":"Polygon","coordinates":[[[-73.01305372954278,-13.512794251027822],[-73.01306121582297,-13.511890562543577],[-73.01398474508674,-13.511897886025846],[-73.01397726228062,-13.512801575017832],[-73.01305372954278,-13.512794251027822]]]}},{"type":"Feature","properties":{"Cell_ID":696,"Area_ha":1.0,"LC":"5:0.101406,7:0.416655,14:0.481939","XMIN":714954.86160847,"YMIN":8505183.59738907,"XMAX":715054.86160847,"YMAX":8505283.59738907},"geometry":{"type":"Polygon","coordinates":[[[-73.01304624271485,-13.513697939442933],[-73.01305372954278,-13.512794251027822],[-73.01397726228062,-13.512801575017832],[-73.01396977892698,-13.513705263940695],[-73.01304624271485,-13.513697939442933]]]}},{"type":"Feature","properties":{"Cell_ID":697,"Area_ha":1.0,"LC":"3:0.417624,6:0.480000,7:0.102376","XMIN":714954.86160847,"YMIN":8505083.59738907,"XMAX":715054.86160847,"YMAX":8505183.59738907},"geometry":{"type":"Polygon","coordinates":[[[-73.01303875533915,-13.514601627788913],[-73.01304624271485,-13.513697939442933],[-73.01396977892698,-13.513705263940695],[-73.01396229502583,-13.51460895279442],[-73.01303875533915,-13.514601627788913]]]}},{"type":"Feature","properties":{"Cell_ID":698,"Area_ha":1.0,"LC":"3:0.360492,6:0.639508","XMIN":714954.86160847,"YMIN":8504983.59738907,"XMAX":715054.86160847,"YMAX":8505083.59738907},"geometry":{"type":"Polygon","coordinates":[[[-73.01303126741568,-13.515505316065756],[-73.01303875533915,-13.514601627788913],[-73.01396229502583,-13.51460895279442],[-73.01395481057718,-13.515512641579019],[-73.01303126741568,-13.515505316065756]]]}},{"type":"Feature","properties":{"Cell_ID":699,"Area_ha":1.0,"LC":"3:0.938820,6:0.061180","XMIN":714954.86160847,"YMIN":8504883.59738907,"XMAX":715054.86160847,"YMAX":8504983.59738907},"geometry":{"type":"Polygon","coordinates":[[[-73.01302377894444,-13.516409004273456],[-73.01303126741568,-13.515505316065756],[-73.01395481057718,-13.515512641579019],[-73.01394732558099,-13.516416330294476],[-73.01302377894444,-13.516409004273456]]]}},{"type":"Feature","properties":{"Cell_ID":700,"Area_ha":1.0,"LC":"3:0.263597,6:0.736403","XMIN":714954.86160847,"YMIN":8504783.59738907,"XMAX":715054.86160847,"YMAX":8504883.59738907},"geometry":{"type":"Polygon","coordinates":[[[-73.0130162899254,-13.517312692412004],[-73.01302377894444,-13.516409004273456],[-73.01394732558099,-13.516416330294476],[-73.01393984003727,-13.517320018940786],[-73.0130162899254,-13.517312692412004]]]}},{"type":"Feature","properties":{"Cell_ID":701,"Area_ha":1.0,"LC":"3:0.941729,14:0.058271","XMIN":714954.86160847,"YMIN":8504683.59738907,"XMAX":715054.86160847,"YMAX":8504783.59738907},"geometry":{"type":"Polygon","coordinates":[[[-73.01300880035856,-13.518216380481402],[-73.0130162899254,-13.517312692412004],[-73.01393984003727,-13.517320018940786],[-73.01393235394599,-13.518223707517953],[-73.01300880035856,-13.518216380481402]]]}},{"type":"Feature","properties":{"Cell_ID":702,"Area_ha":1.0,"LC":"3:0.501264,14:0.498736","XMIN":714954.86160847,"YMIN":8504583.59738907,"XMAX":715054.86160847,"YMAX":8504683.59738907},"geometry":{"type":"Polygon","coordinates":[[[-73.01300131024391,-13.519120068481651],[-73.01300880035856,-13.518216380481402],[-73.01393235394599,-13.518223707517953],[-73.01392486730717,-13.519127396025965],[-73.01300131024391,-13.519120068481651]]]}},{"type":"Feature","properties":{"Cell_ID":703,"Area_ha":1.0,"LC":"3:0.181322,6:0.262136,14:0.556543","XMIN":714954.86160847,"YMIN":8504483.59738907,"XMAX":715054.86160847,"YMAX":8504583.59738907},"geometry":{"type":"Polygon","coordinates":[[[-73.01299381958144,-13.520023756412732],[-73.01300131024391,-13.519120068481651],[-73.01392486730717,-13.519127396025965],[-73.01391738012079,-13.520031084464822],[-73.01299381958144,-13.520023756412732]]]}},{"type":"Feature","properties":{"Cell_ID":704,"Area_ha":1.0,"LC":"3:0.200885,6:0.063681,14:0.735434","XMIN":714954.86160847,"YMIN":8504383.59738907,"XMAX":715054.86160847,"YMAX":8504483.59738907},"geometry":{"type":"Polygon","coordinates":[[[-73.01298632837116,-13.520927444274651],[-73.01299381958144,-13.520023756412732],[-73.01391738012079,-13.520031084464822],[-73.01390989238682,-13.520934772834517],[-73.01298632837116,-13.520927444274651]]]}},{"type":"Feature","properties":{"Cell_ID":705,"Area_ha":1.0,"LC":"3:0.939648,14:0.060352","XMIN":714954.86160847,"YMIN":8504283.59738907,"XMAX":715054.86160847,"YMAX":8504383.59738907},"geometry":{"type":"Polygon","coordinates":[[[-73.01297883661302,-13.521831132067403],[-73.01298632837116,-13.520927444274651],[-73.01390989238682,-13.520934772834517],[-73.01390240410527,-13.521838461135047],[-73.01297883661302,-13.521831132067403]]]}},{"type":"Feature","properties":{"Cell_ID":706,"Area_ha":1.0,"LC":"3:0.862291,6:0.077990,14:0.059719","XMIN":714954.86160847,"YMIN":8504183.59738907,"XMAX":715054.86160847,"YMAX":8504283.59738907},"geometry":{"type":"Polygon","coordinates":[[[-73.01297134430702,-13.52273481979098],[-73.01297883661302,-13.521831132067403],[-73.01390240410527,-13.521838461135047],[-73.01389491527613,-13.52274214936641],[-73.01297134430702,-13.52273481979098]]]}},{"type":"Feature","properties":{"Cell_ID":707,"Area_ha":1.0,"LC":"3:0.225129,6:0.119101,14:0.655770","XMIN":714954.86160847,"YMIN":8504083.59738907,"XMAX":715054.86160847,"YMAX":8504183.59738907},"geometry":{"type":"Polygon","coordinates":[[[-73.01296385145318,-13.523638507445382],[-73.01297134430702,-13.52273481979098],[-73.01389491527613,-13.52274214936641],[-73.01388742589938,-13.523645837528598],[-73.01296385145318,-13.523638507445382]]]}},{"type":"Feature","properties":{"Cell_ID":708,"Area_ha":1.0,"LC":"1:0.022136,3:0.362431,7:0.077990,14:0.537444","XMIN":714954.86160847,"YMIN":8503983.59738907,"XMAX":715054.86160847,"YMAX":8504083.59738907},"geometry":{"type":"Polygon","coordinates":[[[-73.01295635805147,-13.524542195030596],[-73.01296385145318,-13.523638507445382],[-73.01388742589938,-13.523645837528598],[-73.01387993597501,-13.524549525621609],[-73.01295635805147,-13.524542195030596]]]}},{"type":"Feature","properties":{"Cell_ID":709,"Area_ha":1.0,"LC":"1:0.020773,3:0.382220,7:0.160549,14:0.436458","XMIN":714954.86160847,"YMIN":8503883.59738907,"XMAX":715054.86160847,"YMAX":8503983.59738907},"geometry":{"type":"Polygon","coordinates":[[[-73.01294886410187,-13.52544588254663],[-73.01295635805147,-13.524542195030596],[-73.01387993597501,-13.524549525621609],[-73.01387244550303,-13.525453213645434],[-73.01294886410187,-13.52544588254663]]]}},{"type":"Feature","properties":{"Cell_ID":710,"Area_ha":1.0,"LC":"7:0.700055,14:0.299945","XMIN":714954.86160847,"YMIN":8503783.59738907,"XMAX":715054.86160847,"YMAX":8503883.59738907},"geometry":{"type":"Polygon","coordinates":[[[-73.0129413696044,-13.526349569993473],[-73.01294886410187,-13.52544588254663],[-73.01387244550303,-13.525453213645434],[-73.01386495448341,-13.526356901600074],[-73.0129413696044,-13.526349569993473]]]}},{"type":"Feature","properties":{"Cell_ID":711,"Area_ha":1.0,"LC":"3:0.217780,7:0.780773,9:0.001447","XMIN":714954.86160847,"YMIN":8503683.59738907,"XMAX":715054.86160847,"YMAX":8503783.59738907},"geometry":{"type":"Polygon","coordinates":[[[-73.01293387455901,-13.527253257371122],[-73.0129413696044,-13.526349569993473],[-73.01386495448341,-13.526356901600074],[-73.01385746291615,-13.527260589485525],[-73.01293387455901,-13.527253257371122]]]}},{"type":"Feature","properties":{"Cell_ID":712,"Area_ha":1.0,"LC":"3:0.060281,5:0.019241,7:0.677078,9:0.243400","XMIN":714954.86160847,"YMIN":8503583.59738907,"XMAX":715054.86160847,"YMAX":8503683.59738907},"geometry":{"type":"Polygon","coordinates":[[[-73.01292637896573,-13.528156944679568],[-73.01293387455901,-13.527253257371122],[-73.01385746291615,-13.527260589485525],[-73.01384997080122,-13.528164277301775],[-73.01292637896573,-13.528156944679568]]]}},{"type":"Feature","properties":{"Cell_ID":713,"Area_ha":1.0,"LC":"5:0.216881,7:0.339241,9:0.443878","XMIN":714954.86160847,"YMIN":8503483.59738907,"XMAX":715054.86160847,"YMAX":8503583.59738907},"geometry":{"type":"Polygon","coordinates":[[[-73.01291888282451,-13.529060631918812],[-73.01292637896573,-13.528156944679568],[-73.01384997080122,-13.528164277301775],[-73.01384247813863,-13.529067965048831],[-73.01291888282451,-13.529060631918812]]]}},{"type":"Feature","properties":{"Cell_ID":714,"Area_ha":1.0,"LC":"5:0.119353,7:0.783345,9:0.097302","XMIN":714954.86160847,"YMIN":8503383.59738907,"XMAX":715054.86160847,"YMAX":8503483.59738907},"geometry":{"type":"Polygon","coordinates":[[[-73.01291138613537,-13.52996431908885],[-73.01291888282451,-13.529060631918812],[-73.01384247813863,-13.529067965048831],[-73.01383498492837,-13.529971652726683],[-73.01291138613537,-13.52996431908885]]]}},{"type":"Feature","properties":{"Cell_ID":715,"Area_ha":1.0,"LC":"5:0.822220,6:0.079031,9:0.098749","XMIN":714954.86160847,"YMIN":8503283.59738907,"XMAX":715054.86160847,"YMAX":8503383.59738907},"geometry":{"type":"Polygon","coordinates":[[[-73.01290388889831,-13.530868006189678],[-73.01291138613537,-13.52996431908885],[-73.01383498492837,-13.529971652726683],[-73.01382749117043,-13.530875340335324],[-73.01290388889831,-13.530868006189678]]]}},{"type":"Feature","properties":{"Cell_ID":716,"Area_ha":1.0,"LC":"5:0.862220,9:0.137780","XMIN":714954.86160847,"YMIN":8503183.59738907,"XMAX":715054.86160847,"YMAX":8503283.59738907},"geometry":{"type":"Polygon","coordinates":[[[-73.01289639111329,-13.531771693221286],[-73.01290388889831,-13.530868006189678],[-73.01382749117043,-13.530875340335324],[-73.0138199968648,-13.531779027874753],[-73.01289639111329,-13.531771693221286]]]}},{"type":"Feature","properties":{"Cell_ID":717,"Area_ha":1.0,"LC":"5:0.242023,6:0.321447,9:0.436529","XMIN":714954.86160847,"YMIN":8503083.59738907,"XMAX":715054.86160847,"YMAX":8503183.59738907},"geometry":{"type":"Polygon","coordinates":[[[-73.01288889278031,-13.532675380183672],[-73.01289639111329,-13.531771693221286],[-73.0138199968648,-13.531779027874753],[-73.01381250201145,-13.532682715344965],[-73.01288889278031,-13.532675380183672]]]}},{"type":"Feature","properties":{"Cell_ID":718,"Area_ha":1.0,"LC":"5:0.000969,6:0.000492,7:0.318061,9:0.680478","XMIN":714954.86160847,"YMIN":8502983.59738907,"XMAX":715054.86160847,"YMAX":8503083.59738907},"geometry":{"type":"Polygon","coordinates":[[[-73.01288139389936,-13.533579067076834],[-73.01288889278031,-13.532675380183672],[-73.01381250201145,-13.532682715344965],[-73.0138050066104,-13.533586402745955],[-73.01288139389936,-13.533579067076834]]]}},{"type":"Feature","properties":{"Cell_ID":719,"Area_ha":1.0,"LC":"5:0.456655,6:0.000969,7:0.318061,9:0.224315","XMIN":714954.86160847,"YMIN":8502883.59738907,"XMAX":715054.86160847,"YMAX":8502983.59738907},"geometry":{"type":"Polygon","coordinates":[[[-73.01287389447045,-13.53448275390077],[-73.01288139389936,-13.533579067076834],[-73.0138050066104,-13.533586402745955],[-73.01379751066162,-13.534490090077721],[-73.01287389447045,-13.53448275390077]]]}},{"type":"Feature","properties":{"Cell_ID":720,"Area_ha":1.0,"LC":"5:0.502472,13:0.497528","XMIN":715054.86160847,"YMIN":8506183.59738907,"XMAX":715154.86160847,"YMAX":8506283.59738907},"geometry":{"type":"Polygon","coordinates":[[[-73.0121975854137,-13.504653729363396],[-73.01220507023633,-13.503750040765123],[-73.01312856769748,-13.503757363075257],[-73.0131210863466,-13.504661052181476],[-73.0121975854137,-13.504653729363396]]]}},{"type":"Feature","properties":{"Cell_ID":721,"Area_ha":1.0,"LC":"5:0.841939,13:0.158061","XMIN":715054.86160847,"YMIN":8506083.59738907,"XMAX":715154.86160847,"YMAX":8506183.59738907},"geometry":{"type":"Polygon","coordinates":[[[-73.01219010004317,-13.505557417892573],[-73.0121975854137,-13.504653729363396],[-73.0131210863466,-13.504661052181476],[-73.01311360444808,-13.5055647412186],[-73.01219010004317,-13.505557417892573]]]}},{"type":"Feature","properties":{"Cell_ID":722,"Area_ha":1.0,"LC":"5:0.920647,6:0.079353","XMIN":715054.86160847,"YMIN":8505983.59738907,"XMAX":715154.86160847,"YMAX":8506083.59738907},"geometry":{"type":"Polygon","coordinates":[[[-73.01218261412473,-13.50646110635265],[-73.01219010004317,-13.505557417892573],[-73.01311360444808,-13.5055647412186],[-73.01310612200187,-13.506468430186635],[-73.01218261412473,-13.50646110635265]]]}},{"type":"Feature","properties":{"Cell_ID":723,"Area_ha":1.0,"LC":"5:0.317414,6:0.682586","XMIN":715054.86160847,"YMIN":8505883.59738907,"XMAX":715154.86160847,"YMAX":8505983.59738907},"geometry":{"type":"Polygon","coordinates":[[[-73.01217512765832,-13.507364794743626],[-73.01218261412473,-13.50646110635265],[-73.01310612200187,-13.506468430186635],[-73.01309863900798,-13.507372119085565],[-73.01217512765832,-13.507364794743626]]]}},{"type":"Feature","properties":{"Cell_ID":724,"Area_ha":1.0,"LC":"5:1.000000","XMIN":715054.86160847,"YMIN":8505783.59738907,"XMAX":715154.86160847,"YMAX":8505883.59738907},"geometry":{"type":"Polygon","coordinates":[[[-73.01216764064397,-13.508268483065493],[-73.01217512765832,-13.507364794743626],[-73.01309863900798,-13.507372119085565],[-73.0130911554664,-13.508275807915393],[-73.01216764064397,-13.508268483065493]]]}},{"type":"Feature","properties":{"Cell_ID":725,"Area_ha":1.0,"LC":"5:0.838061,6:0.161939","XMIN":715054.86160847,"YMIN":8505683.59738907,"XMAX":715154.86160847,"YMAX":8505783.59738907},"geometry":{"type":"Polygon","coordinates":[[[-73.01216015308167,-13.509172171318246],[-73.01216764064397,-13.508268483065493],[-73.0130911554664,-13.508275807915393],[-73.01308367137712,-13.509179496676111],[-73.01216015308167,-13.509172171318246]]]}},{"type":"Feature","properties":{"Cell_ID":726,"Area_ha":1.0,"LC":"5:0.461406,6:0.538594","XMIN":715054.86160847,"YMIN":8505583.59738907,"XMAX":715154.86160847,"YMAX":8505683.59738907},"geometry":{"type":"Polygon","coordinates":[[[-73.0121526649714,-13.510075859501882],[-73.01216015308167,-13.509172171318246],[-73.01308367137712,-13.509179496676111],[-73.01307618674012,-13.51008318536772],[-73.0121526649714,-13.510075859501882]]]}},{"type":"Feature","properties":{"Cell_ID":727,"Area_ha":1.0,"LC":"6:0.919031,14:0.080969","XMIN":715054.86160847,"YMIN":8505483.59738907,"XMAX":715154.86160847,"YMAX":8505583.59738907},"geometry":{"type":"Polygon","coordinates":[[[-73.01214517631317,-13.510979547616405],[-73.0121526649714,-13.510075859501882],[-73.01307618674012,-13.51008318536772],[-73.01306870155541,-13.51098687399021],[-73.01214517631317,-13.510979547616405]]]}},{"type":"Feature","properties":{"Cell_ID":728,"Area_ha":1.0,"LC":"3:0.042908,5:0.457624,6:0.342376,14:0.157092","XMIN":715054.86160847,"YMIN":8505383.59738907,"XMAX":715154.86160847,"YMAX":8505483.59738907},"geometry":{"type":"Polygon","coordinates":[[[-73.01213768710693,-13.511883235661797],[-73.01214517631317,-13.510979547616405],[-73.01306870155541,-13.51098687399021],[-73.01306121582297,-13.511890562543577],[-73.01213768710693,-13.511883235661797]]]}},{"type":"Feature","properties":{"Cell_ID":729,"Area_ha":1.0,"LC":"5:0.740844,14:0.259156","XMIN":715054.86160847,"YMIN":8505283.59738907,"XMAX":715154.86160847,"YMAX":8505383.59738907},"geometry":{"type":"Polygon","coordinates":[[[-73.01213019735272,-13.512786923638062],[-73.01213768710693,-13.511883235661797],[-73.01306121582297,-13.511890562543577],[-73.01305372954278,-13.512794251027822],[-73.01213019735272,-13.512786923638062]]]}},{"type":"Feature","properties":{"Cell_ID":730,"Area_ha":1.0,"LC":"5:0.122501,6:0.301573,7:0.077990,14:0.497935","XMIN":715054.86160847,"YMIN":8505183.59738907,"XMAX":715154.86160847,"YMAX":8505283.59738907},"geometry":{"type":"Polygon","coordinates":[[[-73.0121227070505,-13.513690611545194],[-73.01213019735272,-13.512786923638062],[-73.01305372954278,-13.512794251027822],[-73.01304624271485,-13.513697939442933],[-73.0121227070505,-13.513690611545194]]]}},{"type":"Feature","properties":{"Cell_ID":731,"Area_ha":1.0,"LC":"3:0.137709,6:0.461251,7:0.401040","XMIN":715054.86160847,"YMIN":8505083.59738907,"XMAX":715154.86160847,"YMAX":8505183.59738907},"geometry":{"type":"Polygon","coordinates":[[[-73.01211521620024,-13.514594299383187],[-73.0121227070505,-13.513690611545194],[-73.01304624271485,-13.513697939442933],[-73.01303875533915,-13.514601627788913],[-73.01211521620024,-13.514594299383187]]]}},{"type":"Feature","properties":{"Cell_ID":732,"Area_ha":1.0,"LC":"3:0.339705,6:0.660295","XMIN":715054.86160847,"YMIN":8504983.59738907,"XMAX":715154.86160847,"YMAX":8505083.59738907},"geometry":{"type":"Polygon","coordinates":[[[-73.01210772480198,-13.515497987152038],[-73.01211521620024,-13.514594299383187],[-73.01303875533915,-13.514601627788913],[-73.01303126741568,-13.515505316065756],[-73.01210772480198,-13.515497987152038]]]}},{"type":"Feature","properties":{"Cell_ID":733,"Area_ha":1.0,"LC":"3:0.941180,6:0.058820","XMIN":715054.86160847,"YMIN":8504883.59738907,"XMAX":715154.86160847,"YMAX":8504983.59738907},"geometry":{"type":"Polygon","coordinates":[[[-73.01210023285569,-13.516401674851744],[-73.01210772480198,-13.515497987152038],[-73.01303126741568,-13.515505316065756],[-73.01302377894444,-13.516409004273456],[-73.01210023285569,-13.516401674851744]]]}},{"type":"Feature","properties":{"Cell_ID":734,"Area_ha":1.0,"LC":"3:0.657864,6:0.342136","XMIN":715054.86160847,"YMIN":8504783.59738907,"XMAX":715154.86160847,"YMAX":8504883.59738907},"geometry":{"type":"Polygon","coordinates":[[[-73.01209274036133,-13.517305362482297],[-73.01210023285569,-13.516401674851744],[-73.01302377894444,-13.516409004273456],[-73.0130162899254,-13.517312692412004],[-73.01209274036133,-13.517305362482297]]]}},{"type":"Feature","properties":{"Cell_ID":735,"Area_ha":1.0,"LC":"3:0.936319,6:0.063681","XMIN":715054.86160847,"YMIN":8504683.59738907,"XMAX":715154.86160847,"YMAX":8504783.59738907},"geometry":{"type":"Polygon","coordinates":[[[-73.01208524731894,-13.518209050043696],[-73.01209274036133,-13.517305362482297],[-73.0130162899254,-13.517312692412004],[-73.01300880035856,-13.518216380481402],[-73.01208524731894,-13.518209050043696]]]}},{"type":"Feature","properties":{"Cell_ID":736,"Area_ha":1.0,"LC":"3:0.941729,14:0.058271","XMIN":715054.86160847,"YMIN":8504583.59738907,"XMAX":715154.86160847,"YMAX":8504683.59738907},"geometry":{"type":"Polygon","coordinates":[[[-73.01207775372846,-13.519112737535934],[-73.01208524731894,-13.518209050043696],[-73.01300880035856,-13.518216380481402],[-73.01300131024391,-13.519120068481651],[-73.01207775372846,-13.519112737535934]]]}},{"type":"Feature","properties":{"Cell_ID":737,"Area_ha":1.0,"LC":"3:0.640000,6:0.097302,14:0.262698","XMIN":715054.86160847,"YMIN":8504483.59738907,"XMAX":715154.86160847,"YMAX":8504583.59738907},"geometry":{"type":"Polygon","coordinates":[[[-73.01207025958993,-13.52001642495901],[-73.01207775372846,-13.519112737535934],[-73.01300131024391,-13.519120068481651],[-73.01299381958144,-13.520023756412732],[-73.01207025958993,-13.52001642495901]]]}},{"type":"Feature","properties":{"Cell_ID":738,"Area_ha":1.0,"LC":"3:0.743119,6:0.256881","XMIN":715054.86160847,"YMIN":8504383.59738907,"XMAX":715154.86160847,"YMAX":8504483.59738907},"geometry":{"type":"Polygon","coordinates":[[[-73.0120627649033,-13.52092011231292],[-73.01207025958993,-13.52001642495901],[-73.01299381958144,-13.520023756412732],[-73.01298632837116,-13.520927444274651],[-73.0120627649033,-13.52092011231292]]]}},{"type":"Feature","properties":{"Cell_ID":739,"Area_ha":1.0,"LC":"3:1.000000","XMIN":715054.86160847,"YMIN":8504283.59738907,"XMAX":715154.86160847,"YMAX":8504383.59738907},"geometry":{"type":"Polygon","coordinates":[[[-73.01205526966861,-13.521823799597653],[-73.0120627649033,-13.52092011231292],[-73.01298632837116,-13.520927444274651],[-73.01297883661302,-13.521831132067403],[-73.01205526966861,-13.521823799597653]]]}},{"type":"Feature","properties":{"Cell_ID":740,"Area_ha":1.0,"LC":"3:1.000000","XMIN":715054.86160847,"YMIN":8504183.59738907,"XMAX":715154.86160847,"YMAX":8504283.59738907},"geometry":{"type":"Polygon","coordinates":[[[-73.01204777388578,-13.522727486813213],[-73.01205526966861,-13.521823799597653],[-73.01297883661302,-13.521831132067403],[-73.01297134430702,-13.52273481979098],[-73.01204777388578,-13.522727486813213]]]}},{"type":"Feature","properties":{"Cell_ID":741,"Area_ha":1.0,"LC":"3:1.000000","XMIN":715054.86160847,"YMIN":8504083.59738907,"XMAX":715154.86160847,"YMAX":8504183.59738907},"geometry":{"type":"Polygon","coordinates":[[[-73.01204027755485,-13.52363117395959],[-73.01204777388578,-13.522727486813213],[-73.01297134430702,-13.52273481979098],[-73.01296385145318,-13.523638507445382],[-73.01204027755485,-13.52363117395959]]]}},{"type":"Feature","properties":{"Cell_ID":742,"Area_ha":1.0,"LC":"1:0.376655,3:0.623345","XMIN":715054.86160847,"YMIN":8503983.59738907,"XMAX":715154.86160847,"YMAX":8504083.59738907},"geometry":{"type":"Polygon","coordinates":[[[-73.0120327806758,-13.524534861036779],[-73.01204027755485,-13.52363117395959],[-73.01296385145318,-13.523638507445382],[-73.01295635805147,-13.524542195030596],[-73.0120327806758,-13.524534861036779]]]}},{"type":"Feature","properties":{"Cell_ID":743,"Area_ha":1.0,"LC":"1:0.101406,3:0.720885,7:0.177709","XMIN":715054.86160847,"YMIN":8503883.59738907,"XMAX":715154.86160847,"YMAX":8503983.59738907},"geometry":{"type":"Polygon","coordinates":[[[-73.0120252832486,-13.52543854804478],[-73.0120327806758,-13.524534861036779],[-73.01295635805147,-13.524542195030596],[-73.01294886410187,-13.52544588254663],[-73.0120252832486,-13.52543854804478]]]}},{"type":"Feature","properties":{"Cell_ID":744,"Area_ha":1.0,"LC":"3:0.041054,7:0.716038,9:0.242908","XMIN":715054.86160847,"YMIN":8503783.59738907,"XMAX":715154.86160847,"YMAX":8503883.59738907},"geometry":{"type":"Polygon","coordinates":[[[-73.01201778527327,-13.52634223498359],[-73.0120252832486,-13.52543854804478],[-73.01294886410187,-13.52544588254663],[-73.0129413696044,-13.526349569993473],[-73.01201778527327,-13.52634223498359]]]}},{"type":"Feature","properties":{"Cell_ID":745,"Area_ha":1.0,"LC":"5:0.162417,7:0.660437,9:0.177147","XMIN":715054.86160847,"YMIN":8503683.59738907,"XMAX":715154.86160847,"YMAX":8503783.59738907},"geometry":{"type":"Polygon","coordinates":[[[-73.0120102867498,-13.5272459218532],[-73.01201778527327,-13.52634223498359],[-73.0129413696044,-13.526349569993473],[-73.01293387455901,-13.527253257371122],[-73.0120102867498,-13.5272459218532]]]}},{"type":"Feature","properties":{"Cell_ID":746,"Area_ha":1.0,"LC":"5:0.000492,7:0.399929,9:0.599579","XMIN":715054.86160847,"YMIN":8503583.59738907,"XMAX":715154.86160847,"YMAX":8503683.59738907},"geometry":{"type":"Polygon","coordinates":[[[-73.01200278767814,-13.528149608653608],[-73.0120102867498,-13.5272459218532],[-73.01293387455901,-13.527253257371122],[-73.01292637896573,-13.528156944679568],[-73.01200278767814,-13.528149608653608]]]}},{"type":"Feature","properties":{"Cell_ID":747,"Area_ha":1.0,"LC":"7:0.120407,9:0.659396,14:0.220197","XMIN":715054.86160847,"YMIN":8503483.59738907,"XMAX":715154.86160847,"YMAX":8503583.59738907},"geometry":{"type":"Polygon","coordinates":[[[-73.01199528805833,-13.529053295384807],[-73.01200278767814,-13.528149608653608],[-73.01292637896573,-13.528156944679568],[-73.01291888282451,-13.529060631918812],[-73.01199528805833,-13.529053295384807]]]}},{"type":"Feature","properties":{"Cell_ID":748,"Area_ha":1.0,"LC":"5:0.058678,7:0.917640,9:0.002908,14:0.020773","XMIN":715054.86160847,"YMIN":8503383.59738907,"XMAX":715154.86160847,"YMAX":8503483.59738907},"geometry":{"type":"Polygon","coordinates":[[[-73.01198778789033,-13.529956982046793],[-73.01199528805833,-13.529053295384807],[-73.01291888282451,-13.529060631918812],[-73.01291138613537,-13.52996431908885],[-73.01198778789033,-13.529956982046793]]]}},{"type":"Feature","properties":{"Cell_ID":749,"Area_ha":1.0,"LC":"5:0.957977,7:0.042023","XMIN":715054.86160847,"YMIN":8503283.59738907,"XMAX":715154.86160847,"YMAX":8503383.59738907},"geometry":{"type":"Polygon","coordinates":[[[-73.01198028717413,-13.530860668639566],[-73.01198778789033,-13.529956982046793],[-73.01291138613537,-13.52996431908885],[-73.01290388889831,-13.530868006189678],[-73.01198028717413,-13.530860668639566]]]}},{"type":"Feature","properties":{"Cell_ID":750,"Area_ha":1.0,"LC":"5:0.998553,6:0.001447","XMIN":715054.86160847,"YMIN":8503183.59738907,"XMAX":715154.86160847,"YMAX":8503283.59738907},"geometry":{"type":"Polygon","coordinates":[[[-73.01197278590975,-13.53176435516312],[-73.01198028717413,-13.530860668639566],[-73.01290388889831,-13.530868006189678],[-73.01289639111329,-13.531771693221286],[-73.01197278590975,-13.53176435516312]]]}},{"type":"Feature","properties":{"Cell_ID":751,"Area_ha":1.0,"LC":"5:0.841518,6:0.158482","XMIN":715054.86160847,"YMIN":8503083.59738907,"XMAX":715154.86160847,"YMAX":8503183.59738907},"geometry":{"type":"Polygon","coordinates":[[[-73.01196528409714,-13.532668041617448],[-73.01197278590975,-13.53176435516312],[-73.01289639111329,-13.531771693221286],[-73.01288889278031,-13.532675380183672],[-73.01196528409714,-13.532668041617448]]]}},{"type":"Feature","properties":{"Cell_ID":752,"Area_ha":1.0,"LC":"5:0.504244,6:0.040071,9:0.455685","XMIN":715054.86160847,"YMIN":8502983.59738907,"XMAX":715154.86160847,"YMAX":8503083.59738907},"geometry":{"type":"Polygon","coordinates":[[[-73.01195778173631,-13.533571728002546],[-73.01196528409714,-13.532668041617448],[-73.01288889278031,-13.532675380183672],[-73.01288139389936,-13.533579067076834],[-73.01195778173631,-13.533571728002546]]]}},{"type":"Feature","properties":{"Cell_ID":753,"Area_ha":1.0,"LC":"5:0.019241,6:0.259634,9:0.721125","XMIN":715054.86160847,"YMIN":8502883.59738907,"XMAX":715154.86160847,"YMAX":8502983.59738907},"geometry":{"type":"Polygon","coordinates":[[[-73.01195027882724,-13.534475414318413],[-73.01195778173631,-13.533571728002546],[-73.01288139389936,-13.533579067076834],[-73.01287389447045,-13.53448275390077],[-73.01195027882724,-13.534475414318413]]]}},{"type":"Feature","properties":{"Cell_ID":754,"Area_ha":1.0,"LC":"5:0.482261,9:0.160969,13:0.356769","XMIN":715154.86160847,"YMIN":8506283.59738907,"XMAX":715254.86160847,"YMAX":8506383.59738907},"geometry":{"type":"Polygon","coordinates":[[[-73.0112815733231,-13.503742715057612],[-73.01128906106929,-13.502839026898426],[-73.01221255451105,-13.502846352097766],[-73.01220507023633,-13.503750040765123],[-73.0112815733231,-13.503742715057612]]]}},{"type":"Feature","properties":{"Cell_ID":755,"Area_ha":1.0,"LC":"5:0.980210,13:0.019790","XMIN":715154.86160847,"YMIN":8506183.59738907,"XMAX":715254.86160847,"YMAX":8506283.59738907},"geometry":{"type":"Polygon","coordinates":[[[-73.01127408502873,-13.5046464031477],[-73.0112815733231,-13.503742715057612],[-73.01220507023633,-13.503750040765123],[-73.0121975854137,-13.504653729363396],[-73.01127408502873,-13.5046464031477]]]}},{"type":"Feature","properties":{"Cell_ID":756,"Area_ha":1.0,"LC":"5:1.000000","XMIN":715154.86160847,"YMIN":8506083.59738907,"XMAX":715254.86160847,"YMAX":8506183.59738907},"geometry":{"type":"Polygon","coordinates":[[[-73.0112665961862,-13.505550091168692],[-73.01127408502873,-13.5046464031477],[-73.0121975854137,-13.504653729363396],[-73.01219010004317,-13.505557417892573],[-73.0112665961862,-13.505550091168692]]]}},{"type":"Feature","properties":{"Cell_ID":757,"Area_ha":1.0,"LC":"5:0.980759,6:0.019241","XMIN":715154.86160847,"YMIN":8505983.59738907,"XMAX":715254.86160847,"YMAX":8506083.59738907},"geometry":{"type":"Polygon","coordinates":[[[-73.01125910679549,-13.50645377912058],[-73.0112665961862,-13.505550091168692],[-73.01219010004317,-13.505557417892573],[-73.01218261412473,-13.50646110635265],[-73.01125910679549,-13.50645377912058]]]}},{"type":"Feature","properties":{"Cell_ID":758,"Area_ha":1.0,"LC":"5:0.120576,6:0.879424","XMIN":715154.86160847,"YMIN":8505883.59738907,"XMAX":715254.86160847,"YMAX":8505983.59738907},"geometry":{"type":"Polygon","coordinates":[[[-73.0112516168566,-13.507357467003361],[-73.01125910679549,-13.50645377912058],[-73.01218261412473,-13.50646110635265],[-73.01217512765832,-13.507364794743626],[-73.0112516168566,-13.507357467003361]]]}},{"type":"Feature","properties":{"Cell_ID":759,"Area_ha":1.0,"LC":"5:0.696881,6:0.303119","XMIN":715154.86160847,"YMIN":8505783.59738907,"XMAX":715254.86160847,"YMAX":8505883.59738907},"geometry":{"type":"Polygon","coordinates":[[[-73.0112441263695,-13.508261154817033],[-73.0112516168566,-13.507357467003361],[-73.01217512765832,-13.507364794743626],[-73.01216764064397,-13.508268483065493],[-73.0112441263695,-13.508261154817033]]]}},{"type":"Feature","properties":{"Cell_ID":760,"Area_ha":1.0,"LC":"5:0.277021,6:0.722979","XMIN":715154.86160847,"YMIN":8505683.59738907,"XMAX":715254.86160847,"YMAX":8505783.59738907},"geometry":{"type":"Polygon","coordinates":[[[-73.01123663533419,-13.509164842561587],[-73.0112441263695,-13.508261154817033],[-73.01216764064397,-13.508268483065493],[-73.01216015308167,-13.509172171318246],[-73.01123663533419,-13.509164842561587]]]}},{"type":"Feature","properties":{"Cell_ID":761,"Area_ha":1.0,"LC":"5:0.821237,6:0.159044,14:0.019719","XMIN":715154.86160847,"YMIN":8505583.59738907,"XMAX":715254.86160847,"YMAX":8505683.59738907},"geometry":{"type":"Polygon","coordinates":[[[-73.01122914375065,-13.510068530237026],[-73.01123663533419,-13.509164842561587],[-73.01216015308167,-13.509172171318246],[-73.0121526649714,-13.510075859501882],[-73.01122914375065,-13.510068530237026]]]}},{"type":"Feature","properties":{"Cell_ID":762,"Area_ha":1.0,"LC":"5:0.205410,6:0.335841,14:0.458749","XMIN":715154.86160847,"YMIN":8505483.59738907,"XMAX":715254.86160847,"YMAX":8505583.59738907},"geometry":{"type":"Polygon","coordinates":[[[-73.0112216516189,-13.510972217843335],[-73.01122914375065,-13.510068530237026],[-73.0121526649714,-13.510075859501882],[-73.01214517631317,-13.510979547616405],[-73.0112216516189,-13.510972217843335]]]}},{"type":"Feature","properties":{"Cell_ID":763,"Area_ha":1.0,"LC":"3:0.556445,5:0.019732,6:0.383261,14:0.040562","XMIN":715154.86160847,"YMIN":8505383.59738907,"XMAX":715254.86160847,"YMAX":8505483.59738907},"geometry":{"type":"Polygon","coordinates":[[[-73.0112141589389,-13.511875905380517],[-73.0112216516189,-13.510972217843335],[-73.01214517631317,-13.510979547616405],[-73.01213768710693,-13.511883235661797],[-73.0112141589389,-13.511875905380517]]]}},{"type":"Feature","properties":{"Cell_ID":764,"Area_ha":1.0,"LC":"3:0.243064,5:0.355153,6:0.401784","XMIN":715154.86160847,"YMIN":8505283.59738907,"XMAX":715254.86160847,"YMAX":8505383.59738907},"geometry":{"type":"Polygon","coordinates":[[[-73.01120666571065,-13.512779592848567],[-73.0112141589389,-13.511875905380517],[-73.01213768710693,-13.511883235661797],[-73.01213019735272,-13.512786923638062],[-73.01120666571065,-13.512779592848567]]]}},{"type":"Feature","properties":{"Cell_ID":765,"Area_ha":1.0,"LC":"3:0.000492,5:0.097851,6:0.901658","XMIN":715154.86160847,"YMIN":8505183.59738907,"XMAX":715254.86160847,"YMAX":8505283.59738907},"geometry":{"type":"Polygon","coordinates":[[[-73.01119917193414,-13.51368328024748],[-73.01120666571065,-13.512779592848567],[-73.01213019735272,-13.512786923638062],[-73.0121227070505,-13.513690611545194],[-73.01119917193414,-13.51368328024748]]]}},{"type":"Feature","properties":{"Cell_ID":766,"Area_ha":1.0,"LC":"6:0.480647,7:0.279031,9:0.240323","XMIN":715154.86160847,"YMIN":8505083.59738907,"XMAX":715254.86160847,"YMAX":8505183.59738907},"geometry":{"type":"Polygon","coordinates":[[[-73.01119167760936,-13.51458696757725],[-73.01119917193414,-13.51368328024748],[-73.0121227070505,-13.513690611545194],[-73.01211521620024,-13.514594299383187],[-73.01119167760936,-13.51458696757725]]]}},{"type":"Feature","properties":{"Cell_ID":767,"Area_ha":1.0,"LC":"3:0.237428,6:0.679986,9:0.082586","XMIN":715154.86160847,"YMIN":8504983.59738907,"XMAX":715254.86160847,"YMAX":8505083.59738907},"geometry":{"type":"Polygon","coordinates":[[[-73.01118418273632,-13.51549065483788],[-73.01119167760936,-13.51458696757725],[-73.01211521620024,-13.514594299383187],[-73.01210772480198,-13.515497987152038],[-73.01118418273632,-13.51549065483788]]]}},{"type":"Feature","properties":{"Cell_ID":768,"Area_ha":1.0,"LC":"3:0.937288,6:0.062712","XMIN":715154.86160847,"YMIN":8504883.59738907,"XMAX":715254.86160847,"YMAX":8504983.59738907},"geometry":{"type":"Polygon","coordinates":[[[-73.01117668731496,-13.516394342029354],[-73.01118418273632,-13.51549065483788],[-73.01210772480198,-13.515497987152038],[-73.01210023285569,-13.516401674851744],[-73.01117668731496,-13.516394342029354]]]}},{"type":"Feature","properties":{"Cell_ID":769,"Area_ha":1.0,"LC":"3:0.881532,5:0.001447,6:0.117021","XMIN":715154.86160847,"YMIN":8504783.59738907,"XMAX":715254.86160847,"YMAX":8504883.59738907},"geometry":{"type":"Polygon","coordinates":[[[-73.01116919134533,-13.517298029151673],[-73.01117668731496,-13.516394342029354],[-73.01210023285569,-13.516401674851744],[-73.01209274036133,-13.517305362482297],[-73.01116919134533,-13.517298029151673]]]}},{"type":"Feature","properties":{"Cell_ID":770,"Area_ha":1.0,"LC":"3:0.760407,5:0.002431,6:0.237162","XMIN":715154.86160847,"YMIN":8504683.59738907,"XMAX":715254.86160847,"YMAX":8504783.59738907},"geometry":{"type":"Polygon","coordinates":[[[-73.01116169482736,-13.518201716204839],[-73.01116919134533,-13.517298029151673],[-73.01209274036133,-13.517305362482297],[-73.01208524731894,-13.518209050043696],[-73.01116169482736,-13.518201716204839]]]}},{"type":"Feature","properties":{"Cell_ID":771,"Area_ha":1.0,"LC":"3:1.000000","XMIN":715154.86160847,"YMIN":8504583.59738907,"XMAX":715254.86160847,"YMAX":8504683.59738907},"geometry":{"type":"Polygon","coordinates":[[[-73.01115419776112,-13.519105403188837],[-73.01116169482736,-13.518201716204839],[-73.01208524731894,-13.518209050043696],[-73.01207775372846,-13.519112737535934],[-73.01115419776112,-13.519105403188837]]]}},{"type":"Feature","properties":{"Cell_ID":772,"Area_ha":1.0,"LC":"3:0.624244,6:0.000478,14:0.375278","XMIN":715154.86160847,"YMIN":8504483.59738907,"XMAX":715254.86160847,"YMAX":8504583.59738907},"geometry":{"type":"Polygon","coordinates":[[[-73.01114670014651,-13.520009090103667],[-73.01115419776112,-13.519105403188837],[-73.01207775372846,-13.519112737535934],[-73.01207025958993,-13.52001642495901],[-73.01114670014651,-13.520009090103667]]]}},{"type":"Feature","properties":{"Cell_ID":773,"Area_ha":1.0,"LC":"3:0.654871,6:0.003400,14:0.341729","XMIN":715154.86160847,"YMIN":8504383.59738907,"XMAX":715254.86160847,"YMAX":8504483.59738907},"geometry":{"type":"Polygon","coordinates":[[[-73.01113920198357,-13.520912776949327],[-73.01114670014651,-13.520009090103667],[-73.01207025958993,-13.52001642495901],[-73.0120627649033,-13.52092011231292],[-73.01113920198357,-13.520912776949327]]]}},{"type":"Feature","properties":{"Cell_ID":774,"Area_ha":1.0,"LC":"3:0.877977,14:0.122023","XMIN":715154.86160847,"YMIN":8504283.59738907,"XMAX":715254.86160847,"YMAX":8504383.59738907},"geometry":{"type":"Polygon","coordinates":[[[-73.01113170327228,-13.52181646372581],[-73.01113920198357,-13.520912776949327],[-73.0120627649033,-13.52092011231292],[-73.01205526966861,-13.521823799597653],[-73.01113170327228,-13.52181646372581]]]}},{"type":"Feature","properties":{"Cell_ID":775,"Area_ha":1.0,"LC":"3:1.000000","XMIN":715154.86160847,"YMIN":8504183.59738907,"XMAX":715254.86160847,"YMAX":8504283.59738907},"geometry":{"type":"Polygon","coordinates":[[[-73.01112420401265,-13.522720150433111],[-73.01113170327228,-13.52181646372581],[-73.01205526966861,-13.521823799597653],[-73.01204777388578,-13.522727486813213],[-73.01112420401265,-13.522720150433111]]]}},{"type":"Feature","properties":{"Cell_ID":776,"Area_ha":1.0,"LC":"3:1.000000","XMIN":715154.86160847,"YMIN":8504083.59738907,"XMAX":715254.86160847,"YMAX":8504183.59738907},"geometry":{"type":"Polygon","coordinates":[[[-73.01111670420464,-13.52362383707123],[-73.01112420401265,-13.522720150433111],[-73.01204777388578,-13.522727486813213],[-73.01204027755485,-13.52363117395959],[-73.01111670420464,-13.52362383707123]]]}},{"type":"Feature","properties":{"Cell_ID":777,"Area_ha":1.0,"LC":"1:0.019241,3:0.859874,9:0.120885","XMIN":715154.86160847,"YMIN":8503983.59738907,"XMAX":715254.86160847,"YMAX":8504083.59738907},"geometry":{"type":"Polygon","coordinates":[[[-73.01110920384826,-13.524527523640163],[-73.01111670420464,-13.52362383707123],[-73.01204027755485,-13.52363117395959],[-73.0120327806758,-13.524534861036779],[-73.01110920384826,-13.524527523640163]]]}},{"type":"Feature","properties":{"Cell_ID":778,"Area_ha":1.0,"LC":"1:0.019790,3:0.655925,9:0.324285","XMIN":715154.86160847,"YMIN":8503883.59738907,"XMAX":715254.86160847,"YMAX":8503983.59738907},"geometry":{"type":"Polygon","coordinates":[[[-73.01110170294349,-13.5254312101399],[-73.01110920384826,-13.524527523640163],[-73.0120327806758,-13.524534861036779],[-73.0120252832486,-13.52543854804478],[-73.01110170294349,-13.5254312101399]]]}},{"type":"Feature","properties":{"Cell_ID":779,"Area_ha":1.0,"LC":"3:0.019790,5:0.119915,7:0.177709,9:0.682586","XMIN":715154.86160847,"YMIN":8503783.59738907,"XMAX":715254.86160847,"YMAX":8503883.59738907},"geometry":{"type":"Polygon","coordinates":[[[-73.01109420149031,-13.526334896570436],[-73.01110170294349,-13.5254312101399],[-73.0120252832486,-13.52543854804478],[-73.01201778527327,-13.52634223498359],[-73.01109420149031,-13.526334896570436]]]}},{"type":"Feature","properties":{"Cell_ID":780,"Area_ha":1.0,"LC":"5:0.381109,7:0.618413,9:0.000478","XMIN":715154.86160847,"YMIN":8503683.59738907,"XMAX":715254.86160847,"YMAX":8503783.59738907},"geometry":{"type":"Polygon","coordinates":[[[-73.01108669948874,-13.527238582931771],[-73.01109420149031,-13.526334896570436],[-73.01201778527327,-13.52634223498359],[-73.0120102867498,-13.5272459218532],[-73.01108669948874,-13.527238582931771]]]}},{"type":"Feature","properties":{"Cell_ID":781,"Area_ha":1.0,"LC":"5:0.180915,7:0.400969,9:0.418116","XMIN":715154.86160847,"YMIN":8503583.59738907,"XMAX":715254.86160847,"YMAX":8503683.59738907},"geometry":{"type":"Polygon","coordinates":[[[-73.01107919693874,-13.528142269223903],[-73.01108669948874,-13.527238582931771],[-73.0120102867498,-13.5272459218532],[-73.01200278767814,-13.528149608653608],[-73.01107919693874,-13.528142269223903]]]}},{"type":"Feature","properties":{"Cell_ID":782,"Area_ha":1.0,"LC":"7:0.440969,9:0.500352,14:0.058678","XMIN":715154.86160847,"YMIN":8503483.59738907,"XMAX":715254.86160847,"YMAX":8503583.59738907},"geometry":{"type":"Polygon","coordinates":[[[-73.01107169384034,-13.52904595544682],[-73.01107919693874,-13.528142269223903],[-73.01200278767814,-13.528149608653608],[-73.01199528805833,-13.529053295384807],[-73.01107169384034,-13.52904595544682]]]}},{"type":"Feature","properties":{"Cell_ID":783,"Area_ha":1.0,"LC":"7:0.137147,9:0.638623,13:0.003878,14:0.220352","XMIN":715154.86160847,"YMIN":8503383.59738907,"XMAX":715254.86160847,"YMAX":8503483.59738907},"geometry":{"type":"Polygon","coordinates":[[[-73.01106419019348,-13.529949641600522],[-73.01107169384034,-13.52904595544682],[-73.01199528805833,-13.529053295384807],[-73.01198778789033,-13.529956982046793],[-73.01106419019348,-13.529949641600522]]]}},{"type":"Feature","properties":{"Cell_ID":784,"Area_ha":1.0,"LC":"5:0.395489,6:0.002908,7:0.579945,9:0.021658","XMIN":715154.86160847,"YMIN":8503283.59738907,"XMAX":715254.86160847,"YMAX":8503383.59738907},"geometry":{"type":"Polygon","coordinates":[[[-73.01105668599817,-13.530853327685007],[-73.01106419019348,-13.529949641600522],[-73.01198778789033,-13.529956982046793],[-73.01198028717413,-13.530860668639566],[-73.01105668599817,-13.530853327685007]]]}},{"type":"Feature","properties":{"Cell_ID":785,"Area_ha":1.0,"LC":"5:0.858820,6:0.119438,9:0.021742","XMIN":715154.86160847,"YMIN":8503183.59738907,"XMAX":715254.86160847,"YMAX":8503283.59738907},"geometry":{"type":"Polygon","coordinates":[[[-73.0110491812544,-13.531757013700267],[-73.01105668599817,-13.530853327685007],[-73.01198028717413,-13.530860668639566],[-73.01197278590975,-13.53176435516312],[-73.0110491812544,-13.531757013700267]]]}},{"type":"Feature","properties":{"Cell_ID":786,"Area_ha":1.0,"LC":"5:0.660281,6:0.339719","XMIN":715154.86160847,"YMIN":8503083.59738907,"XMAX":715254.86160847,"YMAX":8503183.59738907},"geometry":{"type":"Polygon","coordinates":[[[-73.01104167596219,-13.532660699646302],[-73.0110491812544,-13.531757013700267],[-73.01197278590975,-13.53176435516312],[-73.01196528409714,-13.532668041617448],[-73.01104167596219,-13.532660699646302]]]}},{"type":"Feature","properties":{"Cell_ID":787,"Area_ha":1.0,"LC":"5:0.380281,6:0.340844,7:0.259634,9:0.019241","XMIN":715154.86160847,"YMIN":8502983.59738907,"XMAX":715254.86160847,"YMAX":8503083.59738907},"geometry":{"type":"Polygon","coordinates":[[[-73.01103417012149,-13.533564385523102],[-73.01104167596219,-13.532660699646302],[-73.01196528409714,-13.532668041617448],[-73.01195778173631,-13.533571728002546],[-73.01103417012149,-13.533564385523102]]]}},{"type":"Feature","properties":{"Cell_ID":788,"Area_ha":1.0,"LC":"3:0.000478,5:0.140281,6:0.177709,7:0.102305,9:0.458820,14:0.120407","XMIN":715154.86160847,"YMIN":8502883.59738907,"XMAX":715254.86160847,"YMAX":8502983.59738907},"geometry":{"type":"Polygon","coordinates":[[[-73.0110266637323,-13.534468071330666],[-73.01103417012149,-13.533564385523102],[-73.01195778173631,-13.533571728002546],[-73.01195027882724,-13.534475414318413],[-73.0110266637323,-13.534468071330666]]]}},{"type":"Feature","properties":{"Cell_ID":789,"Area_ha":1.0,"LC":"5:0.376177,9:0.583752,13:0.040071","XMIN":715254.86160847,"YMIN":8506283.59738907,"XMAX":715354.86160847,"YMAX":8506383.59738907},"geometry":{"type":"Polygon","coordinates":[[[-73.01035807695803,-13.503735385952721],[-73.0103655681757,-13.502831698301955],[-73.01128906106929,-13.502839026898426],[-73.0112815733231,-13.503742715057612],[-73.01035807695803,-13.503735385952721]]]}},{"type":"Feature","properties":{"Cell_ID":790,"Area_ha":1.0,"LC":"5:0.678132,6:0.319438,9:0.002431","XMIN":715254.86160847,"YMIN":8506183.59738907,"XMAX":715354.86160847,"YMAX":8506283.59738907},"geometry":{"type":"Polygon","coordinates":[[[-73.01035058519193,-13.504639073534394],[-73.01035807695803,-13.503735385952721],[-73.0112815733231,-13.503742715057612],[-73.01127408502873,-13.5046464031477],[-73.01035058519193,-13.504639073534394]]]}},{"type":"Feature","properties":{"Cell_ID":791,"Area_ha":1.0,"LC":"5:0.679438,6:0.320562","XMIN":715254.86160847,"YMIN":8506083.59738907,"XMAX":715354.86160847,"YMAX":8506183.59738907},"geometry":{"type":"Polygon","coordinates":[[[-73.01034309287742,-13.505542761046966],[-73.01035058519193,-13.504639073534394],[-73.01127408502873,-13.5046464031477],[-73.0112665961862,-13.505550091168692],[-73.01034309287742,-13.505542761046966]]]}},{"type":"Feature","properties":{"Cell_ID":792,"Area_ha":1.0,"LC":"5:0.997092,6:0.002908","XMIN":715254.86160847,"YMIN":8505983.59738907,"XMAX":715354.86160847,"YMAX":8506083.59738907},"geometry":{"type":"Polygon","coordinates":[[[-73.01033560001447,-13.506446448490431],[-73.01034309287742,-13.505542761046966],[-73.0112665961862,-13.505550091168692],[-73.01125910679549,-13.50645377912058],[-73.01033560001447,-13.506446448490431]]]}},{"type":"Feature","properties":{"Cell_ID":793,"Area_ha":1.0,"LC":"3:0.020197,5:0.384722,6:0.595082","XMIN":715254.86160847,"YMIN":8505883.59738907,"XMAX":715354.86160847,"YMAX":8505983.59738907},"geometry":{"type":"Polygon","coordinates":[[[-73.01032810660308,-13.507350135864785],[-73.01033560001447,-13.506446448490431],[-73.01125910679549,-13.50645377912058],[-73.0112516168566,-13.507357467003361],[-73.01032810660308,-13.507350135864785]]]}},{"type":"Feature","properties":{"Cell_ID":794,"Area_ha":1.0,"LC":"3:0.145129,5:0.277990,6:0.576881","XMIN":715254.86160847,"YMIN":8505783.59738907,"XMAX":715354.86160847,"YMAX":8505883.59738907},"geometry":{"type":"Polygon","coordinates":[[[-73.01032061264323,-13.508253823170024],[-73.01032810660308,-13.507350135864785],[-73.0112516168566,-13.507357467003361],[-73.0112441263695,-13.508261154817033],[-73.01032061264323,-13.508253823170024]]]}},{"type":"Feature","properties":{"Cell_ID":795,"Area_ha":1.0,"LC":"3:0.000492,5:0.361518,6:0.637990","XMIN":715254.86160847,"YMIN":8505683.59738907,"XMAX":715354.86160847,"YMAX":8505783.59738907},"geometry":{"type":"Polygon","coordinates":[[[-73.01031311813493,-13.509157510406142],[-73.01032061264323,-13.508253823170024],[-73.0112441263695,-13.508261154817033],[-73.01123663533419,-13.509164842561587],[-73.01031311813493,-13.509157510406142]]]}},{"type":"Feature","properties":{"Cell_ID":796,"Area_ha":1.0,"LC":"5:0.939648,6:0.060352","XMIN":715254.86160847,"YMIN":8505583.59738907,"XMAX":715354.86160847,"YMAX":8505683.59738907},"geometry":{"type":"Polygon","coordinates":[[[-73.01030562307814,-13.510061197573137],[-73.01031311813493,-13.509157510406142],[-73.01123663533419,-13.509164842561587],[-73.01122914375065,-13.510068530237026],[-73.01030562307814,-13.510061197573137]]]}},{"type":"Feature","properties":{"Cell_ID":797,"Area_ha":1.0,"LC":"3:0.041447,5:0.819396,6:0.139156","XMIN":715254.86160847,"YMIN":8505483.59738907,"XMAX":715354.86160847,"YMAX":8505583.59738907},"geometry":{"type":"Polygon","coordinates":[[[-73.01029812747288,-13.510964884671008],[-73.01030562307814,-13.510061197573137],[-73.01122914375065,-13.510068530237026],[-73.0112216516189,-13.510972217843335],[-73.01029812747288,-13.510964884671008]]]}},{"type":"Feature","properties":{"Cell_ID":798,"Area_ha":1.0,"LC":"3:0.019732,5:0.040071,6:0.940197","XMIN":715254.86160847,"YMIN":8505383.59738907,"XMAX":715354.86160847,"YMAX":8505483.59738907},"geometry":{"type":"Polygon","coordinates":[[[-73.01029063131911,-13.511868571699745],[-73.01029812747288,-13.510964884671008],[-73.0112216516189,-13.510972217843335],[-73.0112141589389,-13.511875905380517],[-73.01029063131911,-13.511868571699745]]]}},{"type":"Feature","properties":{"Cell_ID":799,"Area_ha":1.0,"LC":"3:0.681292,6:0.318708","XMIN":715254.86160847,"YMIN":8505283.59738907,"XMAX":715354.86160847,"YMAX":8505383.59738907},"geometry":{"type":"Polygon","coordinates":[[[-73.01028313461684,-13.512772258659345],[-73.01029063131911,-13.511868571699745],[-73.0112141589389,-13.511875905380517],[-73.01120666571065,-13.512779592848567],[-73.01028313461684,-13.512772258659345]]]}},{"type":"Feature","properties":{"Cell_ID":800,"Area_ha":1.0,"LC":"3:0.425199,6:0.574801","XMIN":715254.86160847,"YMIN":8505183.59738907,"XMAX":715354.86160847,"YMAX":8505283.59738907},"geometry":{"type":"Polygon","coordinates":[[[-73.01027563736606,-13.513675945549801],[-73.01028313461684,-13.512772258659345],[-73.01120666571065,-13.512779592848567],[-73.01119917193414,-13.51368328024748],[-73.01027563736606,-13.513675945549801]]]}},{"type":"Feature","properties":{"Cell_ID":801,"Area_ha":1.0,"LC":"3:0.243962,6:0.299861,7:0.239031,9:0.217147","XMIN":715254.86160847,"YMIN":8505083.59738907,"XMAX":715354.86160847,"YMAX":8505183.59738907},"geometry":{"type":"Polygon","coordinates":[[[-73.01026813956676,-13.514579632371115],[-73.01027563736606,-13.513675945549801],[-73.01119917193414,-13.51368328024748],[-73.01119167760936,-13.51458696757725],[-73.01026813956676,-13.514579632371115]]]}},{"type":"Feature","properties":{"Cell_ID":802,"Area_ha":1.0,"LC":"3:0.139156,5:0.003386,6:0.476543,9:0.380915","XMIN":715254.86160847,"YMIN":8504983.59738907,"XMAX":715354.86160847,"YMAX":8505083.59738907},"geometry":{"type":"Polygon","coordinates":[[[-73.01026064121893,-13.515483319123282],[-73.01026813956676,-13.514579632371115],[-73.01119167760936,-13.51458696757725],[-73.01118418273632,-13.51549065483788],[-73.01026064121893,-13.515483319123282]]]}},{"type":"Feature","properties":{"Cell_ID":803,"Area_ha":1.0,"LC":"3:0.800407,5:0.001461,6:0.198132","XMIN":715254.86160847,"YMIN":8504883.59738907,"XMAX":715354.86160847,"YMAX":8504983.59738907},"geometry":{"type":"Polygon","coordinates":[[[-73.01025314232255,-13.516387005806294],[-73.01026064121893,-13.515483319123282],[-73.01118418273632,-13.51549065483788],[-73.01117668731496,-13.516394342029354],[-73.01025314232255,-13.516387005806294]]]}},{"type":"Feature","properties":{"Cell_ID":804,"Area_ha":1.0,"LC":"3:0.882010,5:0.117990","XMIN":715254.86160847,"YMIN":8504783.59738907,"XMAX":715354.86160847,"YMAX":8504883.59738907},"geometry":{"type":"Polygon","coordinates":[[[-73.01024564287762,-13.517290692420143],[-73.01025314232255,-13.516387005806294],[-73.01117668731496,-13.516394342029354],[-73.01116919134533,-13.517298029151673],[-73.01024564287762,-13.517290692420143]]]}},{"type":"Feature","properties":{"Cell_ID":805,"Area_ha":1.0,"LC":"3:0.419325,5:0.580675","XMIN":715254.86160847,"YMIN":8504683.59738907,"XMAX":715354.86160847,"YMAX":8504783.59738907},"geometry":{"type":"Polygon","coordinates":[[[-73.01023814288413,-13.518194378964834],[-73.01024564287762,-13.517290692420143],[-73.01116919134533,-13.517298029151673],[-73.01116169482736,-13.518201716204839],[-73.01023814288413,-13.518194378964834]]]}},{"type":"Feature","properties":{"Cell_ID":806,"Area_ha":1.0,"LC":"3:0.275153,5:0.264244,14:0.460604","XMIN":715254.86160847,"YMIN":8504583.59738907,"XMAX":715354.86160847,"YMAX":8504683.59738907},"geometry":{"type":"Polygon","coordinates":[[[-73.01023064234207,-13.519098065440359],[-73.01023814288413,-13.518194378964834],[-73.01116169482736,-13.518201716204839],[-73.01115419776112,-13.519105403188837],[-73.01023064234207,-13.519098065440359]]]}},{"type":"Feature","properties":{"Cell_ID":807,"Area_ha":1.0,"LC":"3:0.196193,6:0.198960,14:0.604847","XMIN":715254.86160847,"YMIN":8504483.59738907,"XMAX":715354.86160847,"YMAX":8504583.59738907},"geometry":{"type":"Polygon","coordinates":[[[-73.01022314125142,-13.520001751846706],[-73.01023064234207,-13.519098065440359],[-73.01115419776112,-13.519105403188837],[-73.01114670014651,-13.520009090103667],[-73.01022314125142,-13.520001751846706]]]}},{"type":"Feature","properties":{"Cell_ID":808,"Area_ha":1.0,"LC":"6:0.476600,14:0.523400","XMIN":715254.86160847,"YMIN":8504383.59738907,"XMAX":715354.86160847,"YMAX":8504483.59738907},"geometry":{"type":"Polygon","coordinates":[[[-73.01021563961218,-13.520905438183883],[-73.01022314125142,-13.520001751846706],[-73.01114670014651,-13.520009090103667],[-73.01113920198357,-13.520912776949327],[-73.01021563961218,-13.520905438183883]]]}},{"type":"Feature","properties":{"Cell_ID":809,"Area_ha":1.0,"LC":"3:0.236051,6:0.299719,14:0.464230","XMIN":715254.86160847,"YMIN":8504283.59738907,"XMAX":715354.86160847,"YMAX":8504383.59738907},"geometry":{"type":"Polygon","coordinates":[[[-73.01020813742433,-13.521809124451883],[-73.01021563961218,-13.520905438183883],[-73.01113920198357,-13.520912776949327],[-73.01113170327228,-13.52181646372581],[-73.01020813742433,-13.521809124451883]]]}},{"type":"Feature","properties":{"Cell_ID":810,"Area_ha":1.0,"LC":"3:0.617695,6:0.380844,14:0.001461","XMIN":715254.86160847,"YMIN":8504183.59738907,"XMAX":715354.86160847,"YMAX":8504283.59738907},"geometry":{"type":"Polygon","coordinates":[[[-73.01020063468788,-13.522712810650695],[-73.01020813742433,-13.521809124451883],[-73.01113170327228,-13.52181646372581],[-73.01112420401265,-13.522720150433111],[-73.01020063468788,-13.522712810650695]]]}},{"type":"Feature","properties":{"Cell_ID":811,"Area_ha":1.0,"LC":"3:0.879593,7:0.120407","XMIN":715254.86160847,"YMIN":8504083.59738907,"XMAX":715354.86160847,"YMAX":8504183.59738907},"geometry":{"type":"Polygon","coordinates":[[[-73.01019313140281,-13.52361649678032],[-73.01020063468788,-13.522712810650695],[-73.01112420401265,-13.522720150433111],[-73.01111670420464,-13.52362383707123],[-73.01019313140281,-13.52361649678032]]]}},{"type":"Feature","properties":{"Cell_ID":812,"Area_ha":1.0,"LC":"3:0.378905,7:0.542627,9:0.078468","XMIN":715254.86160847,"YMIN":8503983.59738907,"XMAX":715354.86160847,"YMAX":8504083.59738907},"geometry":{"type":"Polygon","coordinates":[[[-73.0101856275691,-13.52452018284075],[-73.01019313140281,-13.52361649678032],[-73.01111670420464,-13.52362383707123],[-73.01110920384826,-13.524527523640163],[-73.0101856275691,-13.52452018284075]]]}},{"type":"Feature","properties":{"Cell_ID":813,"Area_ha":1.0,"LC":"7:0.060844,9:0.857217,13:0.081939","XMIN":715254.86160847,"YMIN":8503883.59738907,"XMAX":715354.86160847,"YMAX":8503983.59738907},"geometry":{"type":"Polygon","coordinates":[[[-73.01017812318676,-13.525423868831984],[-73.0101856275691,-13.52452018284075],[-73.01110920384826,-13.524527523640163],[-73.01110170294349,-13.5254312101399],[-73.01017812318676,-13.525423868831984]]]}},{"type":"Feature","properties":{"Cell_ID":814,"Area_ha":1.0,"LC":"5:0.101180,9:0.898820","XMIN":715254.86160847,"YMIN":8503783.59738907,"XMAX":715354.86160847,"YMAX":8503883.59738907},"geometry":{"type":"Polygon","coordinates":[[[-73.01017061825576,-13.526327554754017],[-73.01017812318676,-13.525423868831984],[-73.01110170294349,-13.5254312101399],[-73.01109420149031,-13.526334896570436],[-73.01017061825576,-13.526327554754017]]]}},{"type":"Feature","properties":{"Cell_ID":815,"Area_ha":1.0,"LC":"5:0.415349,9:0.584651","XMIN":715254.86160847,"YMIN":8503683.59738907,"XMAX":715354.86160847,"YMAX":8503783.59738907},"geometry":{"type":"Polygon","coordinates":[[[-73.0101631127761,-13.527231240606843],[-73.01017061825576,-13.526327554754017],[-73.01109420149031,-13.526334896570436],[-73.01108669948874,-13.527238582931771],[-73.0101631127761,-13.527231240606843]]]}},{"type":"Feature","properties":{"Cell_ID":816,"Area_ha":1.0,"LC":"5:0.040562,7:0.317092,9:0.522431,13:0.119915","XMIN":715254.86160847,"YMIN":8503583.59738907,"XMAX":715354.86160847,"YMAX":8503683.59738907},"geometry":{"type":"Polygon","coordinates":[[[-73.01015560674776,-13.528134926390461],[-73.0101631127761,-13.527231240606843],[-73.01108669948874,-13.527238582931771],[-73.01107919693874,-13.528142269223903],[-73.01015560674776,-13.528134926390461]]]}},{"type":"Feature","properties":{"Cell_ID":817,"Area_ha":1.0,"LC":"6:0.299634,7:0.237092,9:0.178342,13:0.284932","XMIN":715254.86160847,"YMIN":8503483.59738907,"XMAX":715354.86160847,"YMAX":8503583.59738907},"geometry":{"type":"Polygon","coordinates":[[[-73.01014810017075,-13.529038612104863],[-73.01015560674776,-13.528134926390461],[-73.01107919693874,-13.528142269223903],[-73.01107169384034,-13.52904595544682],[-73.01014810017075,-13.529038612104863]]]}},{"type":"Feature","properties":{"Cell_ID":818,"Area_ha":1.0,"LC":"6:0.203471,9:0.158468,13:0.638061","XMIN":715254.86160847,"YMIN":8503383.59738907,"XMAX":715354.86160847,"YMAX":8503483.59738907},"geometry":{"type":"Polygon","coordinates":[[[-73.01014059304507,-13.529942297750047],[-73.01014810017075,-13.529038612104863],[-73.01107169384034,-13.52904595544682],[-73.01106419019348,-13.529949641600522],[-73.01014059304507,-13.529942297750047]]]}},{"type":"Feature","properties":{"Cell_ID":819,"Area_ha":1.0,"LC":"6:0.557021,7:0.019719,9:0.423261","XMIN":715254.86160847,"YMIN":8503283.59738907,"XMAX":715354.86160847,"YMAX":8503383.59738907},"geometry":{"type":"Polygon","coordinates":[[[-73.01013308537065,-13.530845983326007],[-73.01014059304507,-13.529942297750047],[-73.01106419019348,-13.529949641600522],[-73.01105668599817,-13.530853327685007],[-73.01013308537065,-13.530845983326007]]]}},{"type":"Feature","properties":{"Cell_ID":820,"Area_ha":1.0,"LC":"5:0.078061,6:0.258834,7:0.142220,9:0.520885","XMIN":715254.86160847,"YMIN":8503183.59738907,"XMAX":715354.86160847,"YMAX":8503283.59738907},"geometry":{"type":"Polygon","coordinates":[[[-73.01012557714755,-13.53174966883274],[-73.01013308537065,-13.530845983326007],[-73.01105668599817,-13.530853327685007],[-73.0110491812544,-13.531757013700267],[-73.01012557714755,-13.53174966883274]]]}},{"type":"Feature","properties":{"Cell_ID":821,"Area_ha":1.0,"LC":"5:0.335208,6:0.519101,9:0.145691","XMIN":715254.86160847,"YMIN":8503083.59738907,"XMAX":715354.86160847,"YMAX":8503183.59738907},"geometry":{"type":"Polygon","coordinates":[[[-73.01011806837572,-13.532653354270241],[-73.01012557714755,-13.53174966883274],[-73.0110491812544,-13.531757013700267],[-73.01104167596219,-13.532660699646302],[-73.01011806837572,-13.532653354270241]]]}},{"type":"Feature","properties":{"Cell_ID":822,"Area_ha":1.0,"LC":"5:0.497037,7:0.158397,9:0.344566","XMIN":715254.86160847,"YMIN":8502983.59738907,"XMAX":715354.86160847,"YMAX":8503083.59738907},"geometry":{"type":"Polygon","coordinates":[[[-73.01011055905515,-13.533557039638506],[-73.01011806837572,-13.532653354270241],[-73.01104167596219,-13.532660699646302],[-73.01103417012149,-13.533564385523102],[-73.01011055905515,-13.533557039638506]]]}},{"type":"Feature","properties":{"Cell_ID":823,"Area_ha":1.0,"LC":"5:0.482261,9:0.098763,13:0.418976","XMIN":715354.86160847,"YMIN":8506383.59738907,"XMAX":715454.86160847,"YMAX":8506483.59738907},"geometry":{"type":"Polygon","coordinates":[[[-73.0094420758305,-13.502824366308356],[-73.00944956997098,-13.501920679097136],[-73.01037305884496,-13.501928010582091],[-73.0103655681757,-13.502831698301955],[-73.0094420758305,-13.502824366308356]]]}},{"type":"Feature","properties":{"Cell_ID":824,"Area_ha":1.0,"LC":"5:0.404440,9:0.595560","XMIN":715354.86160847,"YMIN":8506283.59738907,"XMAX":715454.86160847,"YMAX":8506383.59738907},"geometry":{"type":"Polygon","coordinates":[[[-73.00943458114136,-13.503728053450475],[-73.0094420758305,-13.502824366308356],[-73.0103655681757,-13.502831698301955],[-73.01035807695803,-13.503735385952721],[-73.00943458114136,-13.503728053450475]]]}},{"type":"Feature","properties":{"Cell_ID":825,"Area_ha":1.0,"LC":"5:0.362431,9:0.637569","XMIN":715354.86160847,"YMIN":8506183.59738907,"XMAX":715454.86160847,"YMAX":8506283.59738907},"geometry":{"type":"Polygon","coordinates":[[[-73.00942708590355,-13.504631740523495],[-73.00943458114136,-13.503728053450475],[-73.01035807695803,-13.503735385952721],[-73.01035058519193,-13.504639073534394],[-73.00942708590355,-13.504631740523495]]]}},{"type":"Feature","properties":{"Cell_ID":826,"Area_ha":1.0,"LC":"5:0.777217,9:0.222783","XMIN":715354.86160847,"YMIN":8506083.59738907,"XMAX":715454.86160847,"YMAX":8506183.59738907},"geometry":{"type":"Polygon","coordinates":[[[-73.00941959011706,-13.505535427527406],[-73.00942708590355,-13.504631740523495],[-73.01035058519193,-13.504639073534394],[-73.01034309287742,-13.505542761046966],[-73.00941959011706,-13.505535427527406]]]}},{"type":"Feature","properties":{"Cell_ID":827,"Area_ha":1.0,"LC":"5:0.643471,6:0.356529","XMIN":715354.86160847,"YMIN":8505983.59738907,"XMAX":715454.86160847,"YMAX":8506083.59738907},"geometry":{"type":"Polygon","coordinates":[[[-73.00941209378189,-13.506439114462212],[-73.00941959011706,-13.505535427527406],[-73.01034309287742,-13.505542761046966],[-73.01033560001447,-13.506446448490431],[-73.00941209378189,-13.506439114462212]]]}},{"type":"Feature","properties":{"Cell_ID":828,"Area_ha":1.0,"LC":"3:0.118960,5:0.478623,6:0.300281,14:0.102136","XMIN":715354.86160847,"YMIN":8505883.59738907,"XMAX":715454.86160847,"YMAX":8505983.59738907},"geometry":{"type":"Polygon","coordinates":[[[-73.00940459689801,-13.507342801327903],[-73.00941209378189,-13.506439114462212],[-73.01033560001447,-13.506446448490431],[-73.01032810660308,-13.507350135864785],[-73.00940459689801,-13.507342801327903]]]}},{"type":"Feature","properties":{"Cell_ID":829,"Area_ha":1.0,"LC":"3:0.255434,5:0.020281,6:0.339719,14:0.384566","XMIN":715354.86160847,"YMIN":8505783.59738907,"XMAX":715454.86160847,"YMAX":8505883.59738907},"geometry":{"type":"Polygon","coordinates":[[[-73.00939709946543,-13.508246488124474],[-73.00940459689801,-13.507342801327903],[-73.01032810660308,-13.507350135864785],[-73.01032061264323,-13.508253823170024],[-73.00939709946543,-13.508246488124474]]]}},{"type":"Feature","properties":{"Cell_ID":830,"Area_ha":1.0,"LC":"3:0.020268,5:0.058271,6:0.836529,14:0.084932","XMIN":715354.86160847,"YMIN":8505683.59738907,"XMAX":715454.86160847,"YMAX":8505783.59738907},"geometry":{"type":"Polygon","coordinates":[[[-73.00938960148413,-13.509150174851923],[-73.00939709946543,-13.508246488124474],[-73.01032061264323,-13.508253823170024],[-73.01031311813493,-13.509157510406142],[-73.00938960148413,-13.509150174851923]]]}},{"type":"Feature","properties":{"Cell_ID":831,"Area_ha":1.0,"LC":"3:0.204285,5:0.394590,6:0.401125","XMIN":715354.86160847,"YMIN":8505583.59738907,"XMAX":715454.86160847,"YMAX":8505683.59738907},"geometry":{"type":"Polygon","coordinates":[[[-73.00938210295409,-13.510053861510244],[-73.00938960148413,-13.509150174851923],[-73.01031311813493,-13.509157510406142],[-73.01030562307814,-13.510061197573137],[-73.00938210295409,-13.510053861510244]]]}},{"type":"Feature","properties":{"Cell_ID":832,"Area_ha":1.0,"LC":"3:0.702556,5:0.297444","XMIN":715354.86160847,"YMIN":8505483.59738907,"XMAX":715454.86160847,"YMAX":8505583.59738907},"geometry":{"type":"Polygon","coordinates":[[[-73.00937460387533,-13.510957548099435],[-73.00938210295409,-13.510053861510244],[-73.01030562307814,-13.510061197573137],[-73.01029812747288,-13.510964884671008],[-73.00937460387533,-13.510957548099435]]]}},{"type":"Feature","properties":{"Cell_ID":833,"Area_ha":1.0,"LC":"3:0.624637,6:0.375363","XMIN":715354.86160847,"YMIN":8505383.59738907,"XMAX":715454.86160847,"YMAX":8505483.59738907},"geometry":{"type":"Polygon","coordinates":[[[-73.00936710424783,-13.511861234619486],[-73.00937460387533,-13.510957548099435],[-73.01029812747288,-13.510964884671008],[-73.01029063131911,-13.511868571699745],[-73.00936710424783,-13.511861234619486]]]}},{"type":"Feature","properties":{"Cell_ID":834,"Area_ha":1.0,"LC":"3:0.980210,6:0.019790","XMIN":715354.86160847,"YMIN":8505283.59738907,"XMAX":715454.86160847,"YMAX":8505383.59738907},"geometry":{"type":"Polygon","coordinates":[[[-73.00935960407155,-13.512764921070401],[-73.00936710424783,-13.511861234619486],[-73.01029063131911,-13.511868571699745],[-73.01028313461684,-13.512772258659345],[-73.00935960407155,-13.512764921070401]]]}},{"type":"Feature","properties":{"Cell_ID":835,"Area_ha":1.0,"LC":"3:1.000000","XMIN":715354.86160847,"YMIN":8505183.59738907,"XMAX":715454.86160847,"YMAX":8505283.59738907},"geometry":{"type":"Polygon","coordinates":[[[-73.00935210334652,-13.513668607452173],[-73.00935960407155,-13.512764921070401],[-73.01028313461684,-13.512772258659345],[-73.01027563736606,-13.513675945549801],[-73.00935210334652,-13.513668607452173]]]}},{"type":"Feature","properties":{"Cell_ID":836,"Area_ha":1.0,"LC":"3:0.701406,6:0.298594","XMIN":715354.86160847,"YMIN":8505083.59738907,"XMAX":715454.86160847,"YMAX":8505183.59738907},"geometry":{"type":"Polygon","coordinates":[[[-73.00934460207269,-13.51457229376479],[-73.00935210334652,-13.513668607452173],[-73.01027563736606,-13.513675945549801],[-73.01026813956676,-13.514579632371115],[-73.00934460207269,-13.51457229376479]]]}},{"type":"Feature","properties":{"Cell_ID":837,"Area_ha":1.0,"LC":"5:0.859085,6:0.101884,9:0.039031","XMIN":715354.86160847,"YMIN":8504983.59738907,"XMAX":715454.86160847,"YMAX":8505083.59738907},"geometry":{"type":"Polygon","coordinates":[[[-73.0093371002501,-13.515475980008262],[-73.00934460207269,-13.51457229376479],[-73.01026813956676,-13.514579632371115],[-73.01026064121893,-13.515483319123282],[-73.0093371002501,-13.515475980008262]]]}},{"type":"Feature","properties":{"Cell_ID":838,"Area_ha":1.0,"LC":"3:0.355489,5:0.643050,6:0.001461","XMIN":715354.86160847,"YMIN":8504883.59738907,"XMAX":715454.86160847,"YMAX":8504983.59738907},"geometry":{"type":"Polygon","coordinates":[[[-73.00932959787869,-13.516379666182573],[-73.0093371002501,-13.515475980008262],[-73.01026064121893,-13.515483319123282],[-73.01025314232255,-13.516387005806294],[-73.00932959787869,-13.516379666182573]]]}},{"type":"Feature","properties":{"Cell_ID":839,"Area_ha":1.0,"LC":"3:0.939312,5:0.020773,9:0.039915","XMIN":715354.86160847,"YMIN":8504783.59738907,"XMAX":715454.86160847,"YMAX":8504883.59738907},"geometry":{"type":"Polygon","coordinates":[[[-73.00932209495848,-13.517283352287718],[-73.00932959787869,-13.516379666182573],[-73.01025314232255,-13.516387005806294],[-73.01024564287762,-13.517290692420143],[-73.00932209495848,-13.517283352287718]]]}},{"type":"Feature","properties":{"Cell_ID":840,"Area_ha":1.0,"LC":"3:0.179383,5:0.176332,9:0.460688,14:0.183597","XMIN":715354.86160847,"YMIN":8504683.59738907,"XMAX":715454.86160847,"YMAX":8504783.59738907},"geometry":{"type":"Polygon","coordinates":[[[-73.00931459148946,-13.518187038323699],[-73.00932209495848,-13.517283352287718],[-73.01024564287762,-13.517290692420143],[-73.01023814288413,-13.518194378964834],[-73.00931459148946,-13.518187038323699]]]}},{"type":"Feature","properties":{"Cell_ID":841,"Area_ha":1.0,"LC":"5:0.460268,6:0.259156,9:0.142305,14:0.138271","XMIN":715354.86160847,"YMIN":8504583.59738907,"XMAX":715454.86160847,"YMAX":8504683.59738907},"geometry":{"type":"Polygon","coordinates":[[[-73.00930708747161,-13.519090724290512],[-73.00931459148946,-13.518187038323699],[-73.01023814288413,-13.518194378964834],[-73.01023064234207,-13.519098065440359],[-73.00930708747161,-13.519090724290512]]]}},{"type":"Feature","properties":{"Cell_ID":842,"Area_ha":1.0,"LC":"3:0.123793,5:0.000492,6:0.220844,14:0.654871","XMIN":715354.86160847,"YMIN":8504483.59738907,"XMAX":715454.86160847,"YMAX":8504583.59738907},"geometry":{"type":"Polygon","coordinates":[[[-73.00929958290492,-13.519994410188147],[-73.00930708747161,-13.519090724290512],[-73.01023064234207,-13.519098065440359],[-73.01022314125142,-13.520001751846706],[-73.00929958290492,-13.519994410188147]]]}},{"type":"Feature","properties":{"Cell_ID":843,"Area_ha":1.0,"LC":"3:0.204932,14:0.795068","XMIN":715354.86160847,"YMIN":8504383.59738907,"XMAX":715454.86160847,"YMAX":8504483.59738907},"geometry":{"type":"Polygon","coordinates":[[[-73.00929207778938,-13.520898096016603],[-73.00929958290492,-13.519994410188147],[-73.01022314125142,-13.520001751846706],[-73.01021563961218,-13.520905438183883],[-73.00929207778938,-13.520898096016603]]]}},{"type":"Feature","properties":{"Cell_ID":844,"Area_ha":1.0,"LC":"3:0.120323,14:0.879677","XMIN":715354.86160847,"YMIN":8504283.59738907,"XMAX":715454.86160847,"YMAX":8504383.59738907},"geometry":{"type":"Polygon","coordinates":[[[-73.009284572125,-13.521801781775881],[-73.00929207778938,-13.520898096016603],[-73.01021563961218,-13.520905438183883],[-73.01020813742433,-13.521809124451883],[-73.009284572125,-13.521801781775881]]]}},{"type":"Feature","properties":{"Cell_ID":845,"Area_ha":1.0,"LC":"3:0.901180,14:0.098820","XMIN":715354.86160847,"YMIN":8504183.59738907,"XMAX":715454.86160847,"YMAX":8504283.59738907},"geometry":{"type":"Polygon","coordinates":[[[-73.00927706591175,-13.522705467465965],[-73.009284572125,-13.521801781775881],[-73.01020813742433,-13.521809124451883],[-73.01020063468788,-13.522712810650695],[-73.00927706591175,-13.522705467465965]]]}},{"type":"Feature","properties":{"Cell_ID":846,"Area_ha":1.0,"LC":"3:0.920969,7:0.079031","XMIN":715354.86160847,"YMIN":8504083.59738907,"XMAX":715454.86160847,"YMAX":8504183.59738907},"geometry":{"type":"Polygon","coordinates":[[[-73.00926955914962,-13.523609153086861],[-73.00927706591175,-13.522705467465965],[-73.01020063468788,-13.522712810650695],[-73.01019313140281,-13.52361649678032],[-73.00926955914962,-13.523609153086861]]]}},{"type":"Feature","properties":{"Cell_ID":847,"Area_ha":1.0,"LC":"3:0.664792,7:0.117092,9:0.218116","XMIN":715354.86160847,"YMIN":8503983.59738907,"XMAX":715454.86160847,"YMAX":8504083.59738907},"geometry":{"type":"Polygon","coordinates":[[[-73.00926205183859,-13.524512838638556],[-73.00926955914962,-13.523609153086861],[-73.01019313140281,-13.52361649678032],[-73.0101856275691,-13.52452018284075],[-73.00926205183859,-13.524512838638556]]]}},{"type":"Feature","properties":{"Cell_ID":848,"Area_ha":1.0,"LC":"3:0.001461,9:0.600155,13:0.398384","XMIN":715354.86160847,"YMIN":8503883.59738907,"XMAX":715454.86160847,"YMAX":8503983.59738907},"geometry":{"type":"Polygon","coordinates":[[[-73.00925454397868,-13.52541652412105],[-73.00926205183859,-13.524512838638556],[-73.0101856275691,-13.52452018284075],[-73.01017812318676,-13.525423868831984],[-73.00925454397868,-13.52541652412105]]]}},{"type":"Feature","properties":{"Cell_ID":849,"Area_ha":1.0,"LC":"5:0.499719,9:0.236529,13:0.263752","XMIN":715354.86160847,"YMIN":8503783.59738907,"XMAX":715454.86160847,"YMAX":8503883.59738907},"geometry":{"type":"Polygon","coordinates":[[[-73.00924703556987,-13.526320209534344],[-73.00925454397868,-13.52541652412105],[-73.01017812318676,-13.525423868831984],[-73.01017061825576,-13.526327554754017],[-73.00924703556987,-13.526320209534344]]]}},{"type":"Feature","properties":{"Cell_ID":850,"Area_ha":1.0,"LC":"5:0.180281,9:0.535434,13:0.284285","XMIN":715354.86160847,"YMIN":8503683.59738907,"XMAX":715454.86160847,"YMAX":8503783.59738907},"geometry":{"type":"Polygon","coordinates":[[[-73.00923952661213,-13.527223894878427],[-73.00924703556987,-13.526320209534344],[-73.01017061825576,-13.526327554754017],[-73.0101631127761,-13.527231240606843],[-73.00923952661213,-13.527223894878427]]]}},{"type":"Feature","properties":{"Cell_ID":851,"Area_ha":1.0,"LC":"9:0.316193,13:0.683807","XMIN":715354.86160847,"YMIN":8503583.59738907,"XMAX":715454.86160847,"YMAX":8503683.59738907},"geometry":{"type":"Polygon","coordinates":[[[-73.00923201710548,-13.528127580153296],[-73.00923952661213,-13.527223894878427],[-73.0101631127761,-13.527231240606843],[-73.01015560674776,-13.528134926390461],[-73.00923201710548,-13.528127580153296]]]}},{"type":"Feature","properties":{"Cell_ID":852,"Area_ha":1.0,"LC":"6:0.019241,13:0.980759","XMIN":715354.86160847,"YMIN":8503483.59738907,"XMAX":715454.86160847,"YMAX":8503583.59738907},"geometry":{"type":"Polygon","coordinates":[[[-73.00922450704988,-13.529031265358944],[-73.00923201710548,-13.528127580153296],[-73.01015560674776,-13.528134926390461],[-73.01014810017075,-13.529038612104863],[-73.00922450704988,-13.529031265358944]]]}},{"type":"Feature","properties":{"Cell_ID":853,"Area_ha":1.0,"LC":"6:0.216248,13:0.783752","XMIN":715354.86160847,"YMIN":8503383.59738907,"XMAX":715454.86160847,"YMAX":8503483.59738907},"geometry":{"type":"Polygon","coordinates":[[[-73.00921699644535,-13.529934950495372],[-73.00922450704988,-13.529031265358944],[-73.01014810017075,-13.529038612104863],[-73.01014059304507,-13.529942297750047],[-73.00921699644535,-13.529934950495372]]]}},{"type":"Feature","properties":{"Cell_ID":854,"Area_ha":1.0,"LC":"6:0.400633,9:0.577624,13:0.021742","XMIN":715354.86160847,"YMIN":8503283.59738907,"XMAX":715454.86160847,"YMAX":8503383.59738907},"geometry":{"type":"Polygon","coordinates":[[[-73.00920948529185,-13.530838635562574],[-73.00921699644535,-13.529934950495372],[-73.01014059304507,-13.529942297750047],[-73.01013308537065,-13.530845983326007],[-73.00920948529185,-13.530838635562574]]]}},{"type":"Feature","properties":{"Cell_ID":855,"Area_ha":1.0,"LC":"6:0.000478,7:0.520000,9:0.479522","XMIN":715354.86160847,"YMIN":8503183.59738907,"XMAX":715454.86160847,"YMAX":8503283.59738907},"geometry":{"type":"Polygon","coordinates":[[[-73.0092019735894,-13.531742320560545],[-73.00920948529185,-13.530838635562574],[-73.01013308537065,-13.530845983326007],[-73.01012557714755,-13.53174966883274],[-73.0092019735894,-13.531742320560545]]]}},{"type":"Feature","properties":{"Cell_ID":856,"Area_ha":1.0,"LC":"6:0.000492,9:0.455996,13:0.543512","XMIN":715354.86160847,"YMIN":8503083.59738907,"XMAX":715454.86160847,"YMAX":8503183.59738907},"geometry":{"type":"Polygon","coordinates":[[[-73.00919446133796,-13.532646005489278],[-73.0092019735894,-13.531742320560545],[-73.01012557714755,-13.53174966883274],[-73.01011806837572,-13.532653354270241],[-73.00919446133796,-13.532646005489278]]]}},{"type":"Feature","properties":{"Cell_ID":857,"Area_ha":1.0,"LC":"9:0.816726,13:0.183274","XMIN":715354.86160847,"YMIN":8502983.59738907,"XMAX":715454.86160847,"YMAX":8503083.59738907},"geometry":{"type":"Polygon","coordinates":[[[-73.00918694853755,-13.53354969034877],[-73.00919446133796,-13.532646005489278],[-73.01011806837572,-13.532653354270241],[-73.01011055905515,-13.533557039638506],[-73.00918694853755,-13.53354969034877]]]}},{"type":"Feature","properties":{"Cell_ID":858,"Area_ha":1.0,"LC":"5:0.838468,6:0.019719,9:0.141813","XMIN":715454.86160847,"YMIN":8506383.59738907,"XMAX":715554.86160847,"YMAX":8506483.59738907},"geometry":{"type":"Polygon","coordinates":[[[-73.00851858403396,-13.502817030917639],[-73.00852608164566,-13.5019133442153],[-73.00944956997098,-13.501920679097136],[-73.0094420758305,-13.502824366308356],[-73.00851858403396,-13.502817030917639]]]}},{"type":"Feature","properties":{"Cell_ID":859,"Area_ha":1.0,"LC":"5:0.936810,6:0.063190","XMIN":715454.86160847,"YMIN":8506283.59738907,"XMAX":715554.86160847,"YMAX":8506383.59738907},"geometry":{"type":"Polygon","coordinates":[[[-73.00851108587338,-13.503720717550875],[-73.00851858403396,-13.502817030917639],[-73.0094420758305,-13.502824366308356],[-73.00943458114136,-13.503728053450475],[-73.00851108587338,-13.503720717550875]]]}},{"type":"Feature","properties":{"Cell_ID":860,"Area_ha":1.0,"LC":"5:1.000000","XMIN":715454.86160847,"YMIN":8506183.59738907,"XMAX":715554.86160847,"YMAX":8506283.59738907},"geometry":{"type":"Polygon","coordinates":[[[-73.00850358716384,-13.504624404115003],[-73.00851108587338,-13.503720717550875],[-73.00943458114136,-13.503728053450475],[-73.00942708590355,-13.504631740523495],[-73.00850358716384,-13.504624404115003]]]}},{"type":"Feature","properties":{"Cell_ID":861,"Area_ha":1.0,"LC":"5:0.921939,9:0.078061","XMIN":715454.86160847,"YMIN":8506083.59738907,"XMAX":715554.86160847,"YMAX":8506183.59738907},"geometry":{"type":"Polygon","coordinates":[[[-73.0084960879054,-13.505528090610026],[-73.00850358716384,-13.504624404115003],[-73.00942708590355,-13.504631740523495],[-73.00941959011706,-13.505535427527406],[-73.0084960879054,-13.505528090610026]]]}},{"type":"Feature","properties":{"Cell_ID":862,"Area_ha":1.0,"LC":"5:0.677092,6:0.322908","XMIN":715454.86160847,"YMIN":8505983.59738907,"XMAX":715554.86160847,"YMAX":8506083.59738907},"geometry":{"type":"Polygon","coordinates":[[[-73.008488588098,-13.506431777035933],[-73.0084960879054,-13.505528090610026],[-73.00941959011706,-13.505535427527406],[-73.00941209378189,-13.506439114462212],[-73.008488588098,-13.506431777035933]]]}},{"type":"Feature","properties":{"Cell_ID":863,"Area_ha":1.0,"LC":"5:0.862783,14:0.137217","XMIN":715454.86160847,"YMIN":8505883.59738907,"XMAX":715554.86160847,"YMAX":8505983.59738907},"geometry":{"type":"Polygon","coordinates":[[[-73.00848108774166,-13.507335463392726],[-73.008488588098,-13.506431777035933],[-73.00941209378189,-13.506439114462212],[-73.00940459689801,-13.507342801327903],[-73.00848108774166,-13.507335463392726]]]}},{"type":"Feature","properties":{"Cell_ID":864,"Area_ha":1.0,"LC":"5:0.040562,6:0.181166,14:0.778271","XMIN":715454.86160847,"YMIN":8505783.59738907,"XMAX":715554.86160847,"YMAX":8505883.59738907},"geometry":{"type":"Polygon","coordinates":[[[-73.00847358683635,-13.508239149680394],[-73.00848108774166,-13.507335463392726],[-73.00940459689801,-13.507342801327903],[-73.00939709946543,-13.508246488124474],[-73.00847358683635,-13.508239149680394]]]}},{"type":"Feature","properties":{"Cell_ID":865,"Area_ha":1.0,"LC":"3:0.019719,6:0.020773,14:0.959508","XMIN":715454.86160847,"YMIN":8505683.59738907,"XMAX":715554.86160847,"YMAX":8505783.59738907},"geometry":{"type":"Polygon","coordinates":[[[-73.00846608538207,-13.509142835898933],[-73.00847358683635,-13.508239149680394],[-73.00939709946543,-13.508246488124474],[-73.00938960148413,-13.509150174851923],[-73.00846608538207,-13.509142835898933]]]}},{"type":"Feature","properties":{"Cell_ID":866,"Area_ha":1.0,"LC":"3:0.838875,14:0.161125","XMIN":715454.86160847,"YMIN":8505583.59738907,"XMAX":715554.86160847,"YMAX":8505683.59738907},"geometry":{"type":"Polygon","coordinates":[[[-73.0084585833788,-13.510046522048343],[-73.00846608538207,-13.509142835898933],[-73.00938960148413,-13.509150174851923],[-73.00938210295409,-13.510053861510244],[-73.0084585833788,-13.510046522048343]]]}},{"type":"Feature","properties":{"Cell_ID":867,"Area_ha":1.0,"LC":"3:0.879115,7:0.120885","XMIN":715454.86160847,"YMIN":8505483.59738907,"XMAX":715554.86160847,"YMAX":8505583.59738907},"geometry":{"type":"Polygon","coordinates":[[[-73.00845108082655,-13.510950208128621],[-73.0084585833788,-13.510046522048343],[-73.00938210295409,-13.510053861510244],[-73.00937460387533,-13.510957548099435],[-73.00845108082655,-13.510950208128621]]]}},{"type":"Feature","properties":{"Cell_ID":868,"Area_ha":1.0,"LC":"3:0.515153,7:0.082993,14:0.401854","XMIN":715454.86160847,"YMIN":8505383.59738907,"XMAX":715554.86160847,"YMAX":8505483.59738907},"geometry":{"type":"Polygon","coordinates":[[[-73.00844357772529,-13.51185389413976],[-73.00845108082655,-13.510950208128621],[-73.00937460387533,-13.510957548099435],[-73.00936710424783,-13.511861234619486],[-73.00844357772529,-13.51185389413976]]]}},{"type":"Feature","properties":{"Cell_ID":869,"Area_ha":1.0,"LC":"3:0.876038,14:0.123962","XMIN":715454.86160847,"YMIN":8505283.59738907,"XMAX":715554.86160847,"YMAX":8505383.59738907},"geometry":{"type":"Polygon","coordinates":[[[-73.00843607407502,-13.51275758008175],[-73.00844357772529,-13.51185389413976],[-73.00936710424783,-13.511861234619486],[-73.00935960407155,-13.512764921070401],[-73.00843607407502,-13.51275758008175]]]}},{"type":"Feature","properties":{"Cell_ID":870,"Area_ha":1.0,"LC":"3:1.000000","XMIN":715454.86160847,"YMIN":8505183.59738907,"XMAX":715554.86160847,"YMAX":8505283.59738907},"geometry":{"type":"Polygon","coordinates":[[[-73.00842856987573,-13.513661265954596],[-73.00843607407502,-13.51275758008175],[-73.00935960407155,-13.512764921070401],[-73.00935210334652,-13.513668607452173],[-73.00842856987573,-13.513661265954596]]]}},{"type":"Feature","properties":{"Cell_ID":871,"Area_ha":1.0,"LC":"3:0.902291,6:0.097709","XMIN":715454.86160847,"YMIN":8505083.59738907,"XMAX":715554.86160847,"YMAX":8505183.59738907},"geometry":{"type":"Polygon","coordinates":[[[-73.00842106512741,-13.514564951758288],[-73.00842856987573,-13.513661265954596],[-73.00935210334652,-13.513668607452173],[-73.00934460207269,-13.51457229376479],[-73.00842106512741,-13.514564951758288]]]}},{"type":"Feature","properties":{"Cell_ID":872,"Area_ha":1.0,"LC":"3:0.041054,5:0.758946,6:0.200000","XMIN":715454.86160847,"YMIN":8504983.59738907,"XMAX":715554.86160847,"YMAX":8505083.59738907},"geometry":{"type":"Polygon","coordinates":[[[-73.00841355983005,-13.515468637492821],[-73.00842106512741,-13.514564951758288],[-73.00934460207269,-13.51457229376479],[-73.0093371002501,-13.515475980008262],[-73.00841355983005,-13.515468637492821]]]}},{"type":"Feature","properties":{"Cell_ID":873,"Area_ha":1.0,"LC":"5:0.738678,6:0.261322","XMIN":715454.86160847,"YMIN":8504883.59738907,"XMAX":715554.86160847,"YMAX":8504983.59738907},"geometry":{"type":"Polygon","coordinates":[[[-73.00840605398362,-13.516372323158196],[-73.00841355983005,-13.515468637492821],[-73.0093371002501,-13.515475980008262],[-73.00932959787869,-13.516379666182573],[-73.00840605398362,-13.516372323158196]]]}},{"type":"Feature","properties":{"Cell_ID":874,"Area_ha":1.0,"LC":"3:0.518061,5:0.383345,9:0.098594","XMIN":715454.86160847,"YMIN":8504783.59738907,"XMAX":715554.86160847,"YMAX":8504883.59738907},"geometry":{"type":"Polygon","coordinates":[[[-73.00839854758816,-13.517276008754399],[-73.00840605398362,-13.516372323158196],[-73.00932959787869,-13.516379666182573],[-73.00932209495848,-13.517283352287718],[-73.00839854758816,-13.517276008754399]]]}},{"type":"Feature","properties":{"Cell_ID":875,"Area_ha":1.0,"LC":"3:0.243231,9:0.120647,14:0.636122","XMIN":715454.86160847,"YMIN":8504683.59738907,"XMAX":715554.86160847,"YMAX":8504783.59738907},"geometry":{"type":"Polygon","coordinates":[[[-73.0083910406436,-13.518179694281441],[-73.00839854758816,-13.517276008754399],[-73.00932209495848,-13.517283352287718],[-73.00931459148946,-13.518187038323699],[-73.0083910406436,-13.518179694281441]]]}},{"type":"Feature","properties":{"Cell_ID":876,"Area_ha":1.0,"LC":"3:0.283555,5:0.136332,9:0.058820,14:0.521292","XMIN":715454.86160847,"YMIN":8504583.59738907,"XMAX":715554.86160847,"YMAX":8504683.59738907},"geometry":{"type":"Polygon","coordinates":[[[-73.00838353314998,-13.519083379739307],[-73.0083910406436,-13.518179694281441],[-73.00931459148946,-13.518187038323699],[-73.00930708747161,-13.519090724290512],[-73.00838353314998,-13.519083379739307]]]}},{"type":"Feature","properties":{"Cell_ID":877,"Area_ha":1.0,"LC":"3:0.817624,5:0.019790,14:0.162586","XMIN":715454.86160847,"YMIN":8504483.59738907,"XMAX":715554.86160847,"YMAX":8504583.59738907},"geometry":{"type":"Polygon","coordinates":[[[-73.00837602510727,-13.519987065127992],[-73.00838353314998,-13.519083379739307],[-73.00930708747161,-13.519090724290512],[-73.00929958290492,-13.519994410188147],[-73.00837602510727,-13.519987065127992]]]}},{"type":"Feature","properties":{"Cell_ID":878,"Area_ha":1.0,"LC":"3:0.921603,14:0.078397","XMIN":715454.86160847,"YMIN":8504383.59738907,"XMAX":715554.86160847,"YMAX":8504483.59738907},"geometry":{"type":"Polygon","coordinates":[[[-73.00836851651545,-13.520890750447494],[-73.00837602510727,-13.519987065127992],[-73.00929958290492,-13.519994410188147],[-73.00929207778938,-13.520898096016603],[-73.00836851651545,-13.520890750447494]]]}},{"type":"Feature","properties":{"Cell_ID":879,"Area_ha":1.0,"LC":"3:0.602275,14:0.397725","XMIN":715454.86160847,"YMIN":8504283.59738907,"XMAX":715554.86160847,"YMAX":8504383.59738907},"geometry":{"type":"Polygon","coordinates":[[[-73.00836100737452,-13.52179443569781],[-73.00836851651545,-13.520890750447494],[-73.00929207778938,-13.520898096016603],[-73.009284572125,-13.521801781775881],[-73.00836100737452,-13.52179443569781]]]}},{"type":"Feature","properties":{"Cell_ID":880,"Area_ha":1.0,"LC":"3:0.680647,7:0.319353","XMIN":715454.86160847,"YMIN":8504183.59738907,"XMAX":715554.86160847,"YMAX":8504283.59738907},"geometry":{"type":"Polygon","coordinates":[[[-73.00835349768447,-13.522698120878932],[-73.00836100737452,-13.52179443569781],[-73.009284572125,-13.521801781775881],[-73.00927706591175,-13.522705467465965],[-73.00835349768447,-13.522698120878932]]]}},{"type":"Feature","properties":{"Cell_ID":881,"Area_ha":1.0,"LC":"3:0.394590,7:0.282586,14:0.322824","XMIN":715454.86160847,"YMIN":8504083.59738907,"XMAX":715554.86160847,"YMAX":8504183.59738907},"geometry":{"type":"Polygon","coordinates":[[[-73.0083459874453,-13.523601805990861],[-73.00835349768447,-13.522698120878932],[-73.00927706591175,-13.522705467465965],[-73.00926955914962,-13.523609153086861],[-73.0083459874453,-13.523601805990861]]]}},{"type":"Feature","properties":{"Cell_ID":882,"Area_ha":1.0,"LC":"3:0.794590,6:0.041447,9:0.000969,14:0.162993","XMIN":715454.86160847,"YMIN":8503983.59738907,"XMAX":715554.86160847,"YMAX":8504083.59738907},"geometry":{"type":"Polygon","coordinates":[[[-73.00833847665699,-13.524505491033588],[-73.0083459874453,-13.523601805990861],[-73.00926955914962,-13.523609153086861],[-73.00926205183859,-13.524512838638556],[-73.00833847665699,-13.524505491033588]]]}},{"type":"Feature","properties":{"Cell_ID":883,"Area_ha":1.0,"LC":"3:0.259945,6:0.324285,9:0.337780,13:0.077990","XMIN":715454.86160847,"YMIN":8503883.59738907,"XMAX":715554.86160847,"YMAX":8503983.59738907},"geometry":{"type":"Polygon","coordinates":[[[-73.00833096531952,-13.525409176007111],[-73.00833847665699,-13.524505491033588],[-73.00926205183859,-13.524512838638556],[-73.00925454397868,-13.52541652412105],[-73.00833096531952,-13.525409176007111]]]}},{"type":"Feature","properties":{"Cell_ID":884,"Area_ha":1.0,"LC":"5:0.316936,6:0.082023,9:0.383668,13:0.217373","XMIN":715454.86160847,"YMIN":8503783.59738907,"XMAX":715554.86160847,"YMAX":8503883.59738907},"geometry":{"type":"Polygon","coordinates":[[[-73.0083234534329,-13.526312860911426],[-73.00833096531952,-13.525409176007111],[-73.00925454397868,-13.52541652412105],[-73.00924703556987,-13.526320209534344],[-73.0083234534329,-13.526312860911426]]]}},{"type":"Feature","properties":{"Cell_ID":885,"Area_ha":1.0,"LC":"5:0.563949,9:0.201461,13:0.234590","XMIN":715454.86160847,"YMIN":8503683.59738907,"XMAX":715554.86160847,"YMAX":8503783.59738907},"geometry":{"type":"Polygon","coordinates":[[[-73.0083159409971,-13.52721654574653],[-73.0083234534329,-13.526312860911426],[-73.00924703556987,-13.526320209534344],[-73.00923952661213,-13.527223894878427],[-73.0083159409971,-13.52721654574653]]]}},{"type":"Feature","properties":{"Cell_ID":886,"Area_ha":1.0,"LC":"5:0.203962,13:0.796038","XMIN":715454.86160847,"YMIN":8503583.59738907,"XMAX":715554.86160847,"YMAX":8503683.59738907},"geometry":{"type":"Polygon","coordinates":[[[-73.00830842801211,-13.528120230512414],[-73.0083159409971,-13.52721654574653],[-73.00923952661213,-13.527223894878427],[-73.00923201710548,-13.528127580153296],[-73.00830842801211,-13.528120230512414]]]}},{"type":"Feature","properties":{"Cell_ID":887,"Area_ha":1.0,"LC":"13:1.000000","XMIN":715454.86160847,"YMIN":8503483.59738907,"XMAX":715554.86160847,"YMAX":8503583.59738907},"geometry":{"type":"Polygon","coordinates":[[[-73.00830091447796,-13.529023915209075],[-73.00830842801211,-13.528120230512414],[-73.00923201710548,-13.528127580153296],[-73.00922450704988,-13.529031265358944],[-73.00830091447796,-13.529023915209075]]]}},{"type":"Feature","properties":{"Cell_ID":888,"Area_ha":1.0,"LC":"13:1.000000","XMIN":715454.86160847,"YMIN":8503383.59738907,"XMAX":715554.86160847,"YMAX":8503483.59738907},"geometry":{"type":"Polygon","coordinates":[[[-73.00829340039459,-13.529927599836512],[-73.00830091447796,-13.529023915209075],[-73.00922450704988,-13.529031265358944],[-73.00921699644535,-13.529934950495372],[-73.00829340039459,-13.529927599836512]]]}},{"type":"Feature","properties":{"Cell_ID":889,"Area_ha":1.0,"LC":"9:0.559367,13:0.440633","XMIN":715454.86160847,"YMIN":8503283.59738907,"XMAX":715554.86160847,"YMAX":8503383.59738907},"geometry":{"type":"Polygon","coordinates":[[[-73.008285885762,-13.530831284394717],[-73.00829340039459,-13.529927599836512],[-73.00921699644535,-13.529934950495372],[-73.00920948529185,-13.530838635562574],[-73.008285885762,-13.530831284394717]]]}},{"type":"Feature","properties":{"Cell_ID":890,"Area_ha":1.0,"LC":"6:0.418594,7:0.198061,9:0.198694,13:0.184651","XMIN":715454.86160847,"YMIN":8503183.59738907,"XMAX":715554.86160847,"YMAX":8503283.59738907},"geometry":{"type":"Polygon","coordinates":[[[-73.00827837058023,-13.531734968883686],[-73.008285885762,-13.530831284394717],[-73.00920948529185,-13.530838635562574],[-73.0092019735894,-13.531742320560545],[-73.00827837058023,-13.531734968883686]]]}},{"type":"Feature","properties":{"Cell_ID":891,"Area_ha":1.0,"LC":"6:0.524918,13:0.475082","XMIN":715454.86160847,"YMIN":8503083.59738907,"XMAX":715554.86160847,"YMAX":8503183.59738907},"geometry":{"type":"Polygon","coordinates":[[[-73.0082708548492,-13.532638653303419],[-73.00827837058023,-13.531734968883686],[-73.0092019735894,-13.531742320560545],[-73.00919446133796,-13.532646005489278],[-73.0082708548492,-13.532638653303419]]]}},{"type":"Feature","properties":{"Cell_ID":892,"Area_ha":1.0,"LC":"6:0.263274,9:0.136739,13:0.599986","XMIN":715454.86160847,"YMIN":8502983.59738907,"XMAX":715554.86160847,"YMAX":8503083.59738907},"geometry":{"type":"Polygon","coordinates":[[[-73.00826333856894,-13.533542337653909],[-73.0082708548492,-13.532638653303419],[-73.00919446133796,-13.532646005489278],[-73.00918694853755,-13.53354969034877],[-73.00826333856894,-13.533542337653909]]]}},{"type":"Feature","properties":{"Cell_ID":893,"Area_ha":1.0,"LC":"5:0.203878,9:0.796122","XMIN":715554.86160847,"YMIN":8506483.59738907,"XMAX":715654.86160847,"YMAX":8506583.59738907},"geometry":{"type":"Polygon","coordinates":[[[-73.00760259386922,-13.501906005936593],[-73.00761009440293,-13.50100231967427],[-73.00853357870844,-13.501009657443866],[-73.00852608164566,-13.5019133442153],[-73.00760259386922,-13.501906005936593]]]}},{"type":"Feature","properties":{"Cell_ID":894,"Area_ha":1.0,"LC":"5:0.499648,6:0.320885,9:0.179467","XMIN":715554.86160847,"YMIN":8506383.59738907,"XMAX":715654.86160847,"YMAX":8506483.59738907},"geometry":{"type":"Polygon","coordinates":[[[-73.00759509278636,-13.502809692129812],[-73.00760259386922,-13.501906005936593],[-73.00852608164566,-13.5019133442153],[-73.00851858403396,-13.502817030917639],[-73.00759509278636,-13.502809692129812]]]}},{"type":"Feature","properties":{"Cell_ID":895,"Area_ha":1.0,"LC":"5:0.119593,6:0.778271,9:0.102136","XMIN":715554.86160847,"YMIN":8506283.59738907,"XMAX":715654.86160847,"YMAX":8506383.59738907},"geometry":{"type":"Polygon","coordinates":[[[-73.0075875911543,-13.503713378253929],[-73.00759509278636,-13.502809692129812],[-73.00851858403396,-13.502817030917639],[-73.00851108587338,-13.503720717550875],[-73.0075875911543,-13.503713378253929]]]}},{"type":"Feature","properties":{"Cell_ID":896,"Area_ha":1.0,"LC":"5:0.514028,6:0.465199,9:0.020773","XMIN":715554.86160847,"YMIN":8506183.59738907,"XMAX":715654.86160847,"YMAX":8506283.59738907},"geometry":{"type":"Polygon","coordinates":[[[-73.00758008897309,-13.504617064308933],[-73.0075875911543,-13.503713378253929],[-73.00851108587338,-13.503720717550875],[-73.00850358716384,-13.504624404115003],[-73.00758008897309,-13.504617064308933]]]}},{"type":"Feature","properties":{"Cell_ID":897,"Area_ha":1.0,"LC":"5:0.999508,6:0.000492","XMIN":715554.86160847,"YMIN":8506083.59738907,"XMAX":715654.86160847,"YMAX":8506183.59738907},"geometry":{"type":"Polygon","coordinates":[[[-73.00757258624269,-13.50552075029483],[-73.00758008897309,-13.504617064308933],[-73.00850358716384,-13.504624404115003],[-73.0084960879054,-13.505528090610026],[-73.00757258624269,-13.50552075029483]]]}},{"type":"Feature","properties":{"Cell_ID":898,"Area_ha":1.0,"LC":"5:0.439677,6:0.396445,9:0.163878","XMIN":715554.86160847,"YMIN":8505983.59738907,"XMAX":715654.86160847,"YMAX":8506083.59738907},"geometry":{"type":"Polygon","coordinates":[[[-73.00756508296308,-13.506424436211605],[-73.00757258624269,-13.50552075029483],[-73.0084960879054,-13.505528090610026],[-73.008488588098,-13.506431777035933],[-73.00756508296308,-13.506424436211605]]]}},{"type":"Feature","properties":{"Cell_ID":899,"Area_ha":1.0,"LC":"3:0.040969,5:0.396516,6:0.523555,14:0.038960","XMIN":715554.86160847,"YMIN":8505883.59738907,"XMAX":715654.86160847,"YMAX":8505983.59738907},"geometry":{"type":"Polygon","coordinates":[[[-73.00755757913426,-13.507328122059263],[-73.00756508296308,-13.506424436211605],[-73.008488588098,-13.506431777035933],[-73.00848108774166,-13.507335463392726],[-73.00755757913426,-13.507328122059263]]]}},{"type":"Feature","properties":{"Cell_ID":900,"Area_ha":1.0,"LC":"5:0.304244,6:0.298594,14:0.397162","XMIN":715554.86160847,"YMIN":8505783.59738907,"XMAX":715654.86160847,"YMAX":8505883.59738907},"geometry":{"type":"Polygon","coordinates":[[[-73.00755007475624,-13.508231807837792],[-73.00755757913426,-13.507328122059263],[-73.00848108774166,-13.507335463392726],[-73.00847358683635,-13.508239149680394],[-73.00755007475624,-13.508231807837792]]]}},{"type":"Feature","properties":{"Cell_ID":901,"Area_ha":1.0,"LC":"3:0.019241,6:0.303261,14:0.677499","XMIN":715554.86160847,"YMIN":8505683.59738907,"XMAX":715654.86160847,"YMAX":8505783.59738907},"geometry":{"type":"Polygon","coordinates":[[[-73.007542569829,-13.50913549354719],[-73.00755007475624,-13.508231807837792],[-73.00847358683635,-13.508239149680394],[-73.00846608538207,-13.509142835898933],[-73.007542569829,-13.50913549354719]]]}},{"type":"Feature","properties":{"Cell_ID":902,"Area_ha":1.0,"LC":"3:0.335756,6:0.041054,14:0.623190","XMIN":715554.86160847,"YMIN":8505583.59738907,"XMAX":715654.86160847,"YMAX":8505683.59738907},"geometry":{"type":"Polygon","coordinates":[[[-73.0075350643525,-13.510039179187455],[-73.007542569829,-13.50913549354719],[-73.00846608538207,-13.509142835898933],[-73.0084585833788,-13.510046522048343],[-73.0075350643525,-13.510039179187455]]]}},{"type":"Feature","properties":{"Cell_ID":903,"Area_ha":1.0,"LC":"3:0.602094,7:0.117990,14:0.279915","XMIN":715554.86160847,"YMIN":8505483.59738907,"XMAX":715654.86160847,"YMAX":8505583.59738907},"geometry":{"type":"Polygon","coordinates":[[[-73.00752755832676,-13.510942864758583],[-73.0075350643525,-13.510039179187455],[-73.0084585833788,-13.510046522048343],[-73.00845108082655,-13.510950208128621],[-73.00752755832676,-13.510942864758583]]]}},{"type":"Feature","properties":{"Cell_ID":904,"Area_ha":1.0,"LC":"3:0.061166,7:0.597569,14:0.341264","XMIN":715554.86160847,"YMIN":8505383.59738907,"XMAX":715654.86160847,"YMAX":8505483.59738907},"geometry":{"type":"Polygon","coordinates":[[[-73.00752005175177,-13.511846550260563],[-73.00752755832676,-13.510942864758583],[-73.00845108082655,-13.510950208128621],[-73.00844357772529,-13.51185389413976],[-73.00752005175177,-13.511846550260563]]]}},{"type":"Feature","properties":{"Cell_ID":905,"Area_ha":1.0,"LC":"3:0.302078,7:0.040562,14:0.657359","XMIN":715554.86160847,"YMIN":8505283.59738907,"XMAX":715654.86160847,"YMAX":8505383.59738907},"geometry":{"type":"Polygon","coordinates":[[[-73.00751254462752,-13.512750235693398],[-73.00752005175177,-13.511846550260563],[-73.00844357772529,-13.51185389413976],[-73.00843607407502,-13.51275758008175],[-73.00751254462752,-13.512750235693398]]]}},{"type":"Feature","properties":{"Cell_ID":906,"Area_ha":1.0,"LC":"3:0.978258,14:0.021742","XMIN":715554.86160847,"YMIN":8505183.59738907,"XMAX":715654.86160847,"YMAX":8505283.59738907},"geometry":{"type":"Polygon","coordinates":[[[-73.00750503695399,-13.513653921057083],[-73.00751254462752,-13.512750235693398],[-73.00843607407502,-13.51275758008175],[-73.00842856987573,-13.513661265954596],[-73.00750503695399,-13.513653921057083]]]}},{"type":"Feature","properties":{"Cell_ID":907,"Area_ha":1.0,"LC":"3:1.000000","XMIN":715554.86160847,"YMIN":8505083.59738907,"XMAX":715654.86160847,"YMAX":8505183.59738907},"geometry":{"type":"Polygon","coordinates":[[[-73.00749752873116,-13.514557606351607],[-73.00750503695399,-13.513653921057083],[-73.00842856987573,-13.513661265954596],[-73.00842106512741,-13.514564951758288],[-73.00749752873116,-13.514557606351607]]]}},{"type":"Feature","properties":{"Cell_ID":908,"Area_ha":1.0,"LC":"3:0.144315,5:0.495685,6:0.360000","XMIN":715554.86160847,"YMIN":8504983.59738907,"XMAX":715654.86160847,"YMAX":8505083.59738907},"geometry":{"type":"Polygon","coordinates":[[[-73.00749001995906,-13.515461291576976],[-73.00749752873116,-13.514557606351607],[-73.00842106512741,-13.514564951758288],[-73.00841355983005,-13.515468637492821],[-73.00749001995906,-13.515461291576976]]]}},{"type":"Feature","properties":{"Cell_ID":909,"Area_ha":1.0,"LC":"5:0.579803,6:0.318061,14:0.102136","XMIN":715554.86160847,"YMIN":8504883.59738907,"XMAX":715654.86160847,"YMAX":8504983.59738907},"geometry":{"type":"Polygon","coordinates":[[[-73.00748251063764,-13.516364976733179],[-73.00749001995906,-13.515461291576976],[-73.00841355983005,-13.515468637492821],[-73.00840605398362,-13.516372323158196],[-73.00748251063764,-13.516364976733179]]]}},{"type":"Feature","properties":{"Cell_ID":910,"Area_ha":1.0,"LC":"3:0.476936,5:0.398694,9:0.019241,14:0.105129","XMIN":715554.86160847,"YMIN":8504783.59738907,"XMAX":715654.86160847,"YMAX":8504883.59738907},"geometry":{"type":"Polygon","coordinates":[[[-73.00747500076692,-13.517268661820209],[-73.00748251063764,-13.516364976733179],[-73.00840605398362,-13.516372323158196],[-73.00839854758816,-13.517276008754399],[-73.00747500076692,-13.517268661820209]]]}},{"type":"Feature","properties":{"Cell_ID":911,"Area_ha":1.0,"LC":"3:0.877092,9:0.019790,14:0.103119","XMIN":715554.86160847,"YMIN":8504683.59738907,"XMAX":715654.86160847,"YMAX":8504783.59738907},"geometry":{"type":"Polygon","coordinates":[[[-73.00746749034685,-13.518172346838071],[-73.00747500076692,-13.517268661820209],[-73.00839854758816,-13.517276008754399],[-73.0083910406436,-13.518179694281441],[-73.00746749034685,-13.518172346838071]]]}},{"type":"Feature","properties":{"Cell_ID":912,"Area_ha":1.0,"LC":"3:0.283542,14:0.716458","XMIN":715554.86160847,"YMIN":8504583.59738907,"XMAX":715654.86160847,"YMAX":8504683.59738907},"geometry":{"type":"Polygon","coordinates":[[[-73.00745997937746,-13.519076031786753],[-73.00746749034685,-13.518172346838071],[-73.0083910406436,-13.518179694281441],[-73.00838353314998,-13.519083379739307],[-73.00745997937746,-13.519076031786753]]]}},{"type":"Feature","properties":{"Cell_ID":913,"Area_ha":1.0,"LC":"3:0.740055,14:0.259945","XMIN":715554.86160847,"YMIN":8504483.59738907,"XMAX":715654.86160847,"YMAX":8504583.59738907},"geometry":{"type":"Polygon","coordinates":[[[-73.00745246785871,-13.519979716666251],[-73.00745997937746,-13.519076031786753],[-73.00838353314998,-13.519083379739307],[-73.00837602510727,-13.519987065127992],[-73.00745246785871,-13.519979716666251]]]}},{"type":"Feature","properties":{"Cell_ID":914,"Area_ha":1.0,"LC":"3:1.000000","XMIN":715554.86160847,"YMIN":8504383.59738907,"XMAX":715654.86160847,"YMAX":8504483.59738907},"geometry":{"type":"Polygon","coordinates":[[[-73.00744495579063,-13.52088340147656],[-73.00745246785871,-13.519979716666251],[-73.00837602510727,-13.519987065127992],[-73.00836851651545,-13.520890750447494],[-73.00744495579063,-13.52088340147656]]]}},{"type":"Feature","properties":{"Cell_ID":915,"Area_ha":1.0,"LC":"3:0.556207,9:0.442346,14:0.001447","XMIN":715554.86160847,"YMIN":8504283.59738907,"XMAX":715654.86160847,"YMAX":8504383.59738907},"geometry":{"type":"Polygon","coordinates":[[[-73.00743744317317,-13.521787086217683],[-73.00744495579063,-13.52088340147656],[-73.00836851651545,-13.520890750447494],[-73.00836100737452,-13.52179443569781],[-73.00743744317317,-13.521787086217683]]]}},{"type":"Feature","properties":{"Cell_ID":916,"Area_ha":1.0,"LC":"3:0.535912,7:0.139156,9:0.160562,14:0.164369","XMIN":715554.86160847,"YMIN":8504183.59738907,"XMAX":715654.86160847,"YMAX":8504283.59738907},"geometry":{"type":"Polygon","coordinates":[[[-73.00742993000634,-13.522690770889609],[-73.00743744317317,-13.521787086217683],[-73.00836100737452,-13.52179443569781],[-73.00835349768447,-13.522698120878932],[-73.00742993000634,-13.522690770889609]]]}},{"type":"Feature","properties":{"Cell_ID":917,"Area_ha":1.0,"LC":"3:0.481532,7:0.100844,9:0.221573,14:0.196051","XMIN":715554.86160847,"YMIN":8504083.59738907,"XMAX":715654.86160847,"YMAX":8504183.59738907},"geometry":{"type":"Polygon","coordinates":[[[-73.00742241629013,-13.523594455492336],[-73.00742993000634,-13.522690770889609],[-73.00835349768447,-13.522698120878932],[-73.0083459874453,-13.523601805990861],[-73.00742241629013,-13.523594455492336]]]}},{"type":"Feature","properties":{"Cell_ID":918,"Area_ha":1.0,"LC":"6:0.177709,9:0.624159,14:0.198132","XMIN":715554.86160847,"YMIN":8503983.59738907,"XMAX":715654.86160847,"YMAX":8504083.59738907},"geometry":{"type":"Polygon","coordinates":[[[-73.00741490202452,-13.52449814002586],[-73.00742241629013,-13.523594455492336],[-73.0083459874453,-13.523601805990861],[-73.00833847665699,-13.524505491033588],[-73.00741490202452,-13.52449814002586]]]}},{"type":"Feature","properties":{"Cell_ID":919,"Area_ha":1.0,"LC":"6:0.836038,9:0.163962","XMIN":715554.86160847,"YMIN":8503883.59738907,"XMAX":715654.86160847,"YMAX":8503983.59738907},"geometry":{"type":"Polygon","coordinates":[[[-73.00740738720951,-13.52540182449017],[-73.00741490202452,-13.52449814002586],[-73.00833847665699,-13.524505491033588],[-73.00833096531952,-13.525409176007111],[-73.00740738720951,-13.52540182449017]]]}},{"type":"Feature","properties":{"Cell_ID":920,"Area_ha":1.0,"LC":"3:0.542543,6:0.221406,9:0.236051","XMIN":715554.86160847,"YMIN":8503783.59738907,"XMAX":715654.86160847,"YMAX":8503883.59738907},"geometry":{"type":"Polygon","coordinates":[[[-73.00739987184508,-13.526305508885276],[-73.00740738720951,-13.52540182449017],[-73.00833096531952,-13.525409176007111],[-73.0083234534329,-13.526312860911426],[-73.00739987184508,-13.526305508885276]]]}},{"type":"Feature","properties":{"Cell_ID":921,"Area_ha":1.0,"LC":"3:0.143274,5:0.615685,9:0.241040","XMIN":715554.86160847,"YMIN":8503683.59738907,"XMAX":715654.86160847,"YMAX":8503783.59738907},"geometry":{"type":"Polygon","coordinates":[[[-73.00739235593123,-13.527209193211164],[-73.00739987184508,-13.526305508885276],[-73.0083234534329,-13.526312860911426],[-73.0083159409971,-13.52721654574653],[-73.00739235593123,-13.527209193211164]]]}},{"type":"Feature","properties":{"Cell_ID":922,"Area_ha":1.0,"LC":"5:0.662376,13:0.337624","XMIN":715554.86160847,"YMIN":8503583.59738907,"XMAX":715654.86160847,"YMAX":8503683.59738907},"geometry":{"type":"Polygon","coordinates":[[[-73.00738483946795,-13.528112877467825],[-73.00739235593123,-13.527209193211164],[-73.0083159409971,-13.52721654574653],[-73.00830842801211,-13.528120230512414],[-73.00738483946795,-13.528112877467825]]]}},{"type":"Feature","properties":{"Cell_ID":923,"Area_ha":1.0,"LC":"13:1.000000","XMIN":715554.86160847,"YMIN":8503483.59738907,"XMAX":715654.86160847,"YMAX":8503583.59738907},"geometry":{"type":"Polygon","coordinates":[[[-73.00737732245521,-13.529016561655267],[-73.00738483946795,-13.528112877467825],[-73.00830842801211,-13.528120230512414],[-73.00830091447796,-13.529023915209075],[-73.00737732245521,-13.529016561655267]]]}},{"type":"Feature","properties":{"Cell_ID":924,"Area_ha":1.0,"LC":"13:1.000000","XMIN":715554.86160847,"YMIN":8503383.59738907,"XMAX":715654.86160847,"YMAX":8503483.59738907},"geometry":{"type":"Polygon","coordinates":[[[-73.00736980489305,-13.529920245773475],[-73.00737732245521,-13.529016561655267],[-73.00830091447796,-13.529023915209075],[-73.00829340039459,-13.529927599836512],[-73.00736980489305,-13.529920245773475]]]}},{"type":"Feature","properties":{"Cell_ID":925,"Area_ha":1.0,"LC":"9:0.156122,13:0.843878","XMIN":715554.86160847,"YMIN":8503283.59738907,"XMAX":715654.86160847,"YMAX":8503383.59738907},"geometry":{"type":"Polygon","coordinates":[[[-73.0073622867814,-13.530823929822448],[-73.00736980489305,-13.529920245773475],[-73.00829340039459,-13.529927599836512],[-73.008285885762,-13.530831284394717],[-73.0073622867814,-13.530823929822448]]]}},{"type":"Feature","properties":{"Cell_ID":926,"Area_ha":1.0,"LC":"5:0.139156,6:0.019241,13:0.841603","XMIN":715554.86160847,"YMIN":8503183.59738907,"XMAX":715654.86160847,"YMAX":8503283.59738907},"geometry":{"type":"Polygon","coordinates":[[[-73.00735476812028,-13.531727613802184],[-73.0073622867814,-13.530823929822448],[-73.008285885762,-13.530831284394717],[-73.00827837058023,-13.531734968883686],[-73.00735476812028,-13.531727613802184]]]}},{"type":"Feature","properties":{"Cell_ID":927,"Area_ha":1.0,"LC":"5:0.183752,6:0.195153,9:0.000969,13:0.620126","XMIN":715554.86160847,"YMIN":8503083.59738907,"XMAX":715654.86160847,"YMAX":8503183.59738907},"geometry":{"type":"Polygon","coordinates":[[[-73.00734724890968,-13.53263129771268],[-73.00735476812028,-13.531727613802184],[-73.00827837058023,-13.531734968883686],[-73.0082708548492,-13.532638653303419],[-73.00734724890968,-13.53263129771268]]]}},{"type":"Feature","properties":{"Cell_ID":928,"Area_ha":1.0,"LC":"6:0.097851,9:0.281854,13:0.620295","XMIN":715554.86160847,"YMIN":8502983.59738907,"XMAX":715654.86160847,"YMAX":8503083.59738907},"geometry":{"type":"Polygon","coordinates":[[[-73.00733972914959,-13.533534981553924],[-73.00734724890968,-13.53263129771268],[-73.0082708548492,-13.532638653303419],[-73.00826333856894,-13.533542337653909],[-73.00733972914959,-13.533534981553924]]]}},{"type":"Feature","properties":{"Cell_ID":929,"Area_ha":1.0,"LC":"9:0.385129,13:0.099383,18:0.515489","XMIN":715554.86160847,"YMIN":8502883.59738907,"XMAX":715654.86160847,"YMAX":8502983.59738907},"geometry":{"type":"Polygon","coordinates":[[[-73.00733220883998,-13.534438665325919],[-73.00733972914959,-13.533534981553924],[-73.00826333856894,-13.533542337653909],[-73.00825582173944,-13.53444602193515],[-73.00733220883998,-13.534438665325919]]]}},{"type":"Feature","properties":{"Cell_ID":930,"Area_ha":1.0,"LC":"5:0.179634,6:0.244369,9:0.575996","XMIN":715654.86160847,"YMIN":8506583.59738907,"XMAX":715754.86160847,"YMAX":8506683.59738907},"geometry":{"type":"Polygon","coordinates":[[[-73.0066866106466,-13.50099497850805],[-73.00669411410185,-13.500091292685982],[-73.00761759438751,-13.500098633342857],[-73.00761009440293,-13.50100231967427],[-73.0066866106466,-13.50099497850805]]]}},{"type":"Feature","properties":{"Cell_ID":931,"Area_ha":1.0,"LC":"5:0.638708,7:0.000478,9:0.360814","XMIN":715654.86160847,"YMIN":8506483.59738907,"XMAX":715754.86160847,"YMAX":8506583.59738907},"geometry":{"type":"Polygon","coordinates":[[[-73.00667910664195,-13.50189866426102],[-73.0066866106466,-13.50099497850805],[-73.00761009440293,-13.50100231967427],[-73.00760259386922,-13.501906005936593],[-73.00667910664195,-13.50189866426102]]]}},{"type":"Feature","properties":{"Cell_ID":932,"Area_ha":1.0,"LC":"5:0.236529,6:0.298187,7:0.004369,9:0.460915","XMIN":715654.86160847,"YMIN":8506383.59738907,"XMAX":715754.86160847,"YMAX":8506483.59738907},"geometry":{"type":"Polygon","coordinates":[[[-73.0066716020879,-13.502802349944888],[-73.00667910664195,-13.50189866426102],[-73.00760259386922,-13.501906005936593],[-73.00759509278636,-13.502809692129812],[-73.0066716020879,-13.502802349944888]]]}},{"type":"Feature","properties":{"Cell_ID":933,"Area_ha":1.0,"LC":"3:0.162908,5:0.459719,6:0.180352,9:0.197021","XMIN":715654.86160847,"YMIN":8506283.59738907,"XMAX":715754.86160847,"YMAX":8506383.59738907},"geometry":{"type":"Polygon","coordinates":[[[-73.00666409698441,-13.50370603555965],[-73.0066716020879,-13.502802349944888],[-73.00759509278636,-13.502809692129812],[-73.0075875911543,-13.503713378253929],[-73.00666409698441,-13.50370603555965]]]}},{"type":"Feature","properties":{"Cell_ID":934,"Area_ha":1.0,"LC":"5:0.140844,6:0.416262,9:0.442895","XMIN":715654.86160847,"YMIN":8506183.59738907,"XMAX":715754.86160847,"YMAX":8506283.59738907},"geometry":{"type":"Polygon","coordinates":[[[-73.0066565913315,-13.504609721105297],[-73.00666409698441,-13.50370603555965],[-73.0075875911543,-13.503713378253929],[-73.00758008897309,-13.504617064308933],[-73.0066565913315,-13.504609721105297]]]}},{"type":"Feature","properties":{"Cell_ID":935,"Area_ha":1.0,"LC":"5:0.417709,6:0.500268,9:0.082023","XMIN":715654.86160847,"YMIN":8506083.59738907,"XMAX":715754.86160847,"YMAX":8506183.59738907},"geometry":{"type":"Polygon","coordinates":[[[-73.00664908512915,-13.505513406581825],[-73.0066565913315,-13.504609721105297],[-73.00758008897309,-13.504617064308933],[-73.00757258624269,-13.50552075029483],[-73.00664908512915,-13.505513406581825]]]}},{"type":"Feature","properties":{"Cell_ID":936,"Area_ha":1.0,"LC":"5:0.140352,6:0.220617,9:0.639031","XMIN":715654.86160847,"YMIN":8505983.59738907,"XMAX":715754.86160847,"YMAX":8506083.59738907},"geometry":{"type":"Polygon","coordinates":[[[-73.00664157837736,-13.506417091989237],[-73.00664908512915,-13.505513406581825],[-73.00757258624269,-13.50552075029483],[-73.00756508296308,-13.506424436211605],[-73.00664157837736,-13.506417091989237]]]}},{"type":"Feature","properties":{"Cell_ID":937,"Area_ha":1.0,"LC":"3:0.200000,5:0.299563,6:0.500437","XMIN":715654.86160847,"YMIN":8505883.59738907,"XMAX":715754.86160847,"YMAX":8505983.59738907},"geometry":{"type":"Polygon","coordinates":[[[-73.00663407107608,-13.507320777327521],[-73.00664157837736,-13.506417091989237],[-73.00756508296308,-13.506424436211605],[-73.00755757913426,-13.507328122059263],[-73.00663407107608,-13.507320777327521]]]}},{"type":"Feature","properties":{"Cell_ID":938,"Area_ha":1.0,"LC":"5:0.718216,6:0.281784","XMIN":715654.86160847,"YMIN":8505783.59738907,"XMAX":715754.86160847,"YMAX":8505883.59738907},"geometry":{"type":"Polygon","coordinates":[[[-73.00662656322535,-13.50822446259668],[-73.00663407107608,-13.507320777327521],[-73.00755757913426,-13.507328122059263],[-73.00755007475624,-13.508231807837792],[-73.00662656322535,-13.50822446259668]]]}},{"type":"Feature","properties":{"Cell_ID":939,"Area_ha":1.0,"LC":"5:0.020281,6:0.741658,14:0.238061","XMIN":715654.86160847,"YMIN":8505683.59738907,"XMAX":715754.86160847,"YMAX":8505783.59738907},"geometry":{"type":"Polygon","coordinates":[[[-73.00661905482515,-13.509128147796698],[-73.00662656322535,-13.50822446259668],[-73.00755007475624,-13.508231807837792],[-73.007542569829,-13.50913549354719],[-73.00661905482515,-13.509128147796698]]]}},{"type":"Feature","properties":{"Cell_ID":940,"Area_ha":1.0,"LC":"3:0.058271,6:0.383345,14:0.558384","XMIN":715654.86160847,"YMIN":8505583.59738907,"XMAX":715754.86160847,"YMAX":8505683.59738907},"geometry":{"type":"Polygon","coordinates":[[[-73.00661154587544,-13.510031832927583],[-73.00661905482515,-13.509128147796698],[-73.007542569829,-13.50913549354719],[-73.0075350643525,-13.510039179187455],[-73.00661154587544,-13.510031832927583]]]}},{"type":"Feature","properties":{"Cell_ID":941,"Area_ha":1.0,"LC":"3:0.355546,14:0.644454","XMIN":715654.86160847,"YMIN":8505483.59738907,"XMAX":715754.86160847,"YMAX":8505583.59738907},"geometry":{"type":"Polygon","coordinates":[[[-73.00660403637625,-13.51093551798932],[-73.00661154587544,-13.510031832927583],[-73.0075350643525,-13.510039179187455],[-73.00752755832676,-13.510942864758583],[-73.00660403637625,-13.51093551798932]]]}},{"type":"Feature","properties":{"Cell_ID":942,"Area_ha":1.0,"LC":"3:0.579732,14:0.420268","XMIN":715654.86160847,"YMIN":8505383.59738907,"XMAX":715754.86160847,"YMAX":8505483.59738907},"geometry":{"type":"Polygon","coordinates":[[[-73.00659652632751,-13.511839202981916],[-73.00660403637625,-13.51093551798932],[-73.00752755832676,-13.510942864758583],[-73.00752005175177,-13.511846550260563],[-73.00659652632751,-13.511839202981916]]]}},{"type":"Feature","properties":{"Cell_ID":943,"Area_ha":1.0,"LC":"3:0.959986,14:0.040014","XMIN":715654.86160847,"YMIN":8505283.59738907,"XMAX":715754.86160847,"YMAX":8505383.59738907},"geometry":{"type":"Polygon","coordinates":[[[-73.00658901572929,-13.512742887905357],[-73.00659652632751,-13.511839202981916],[-73.00752005175177,-13.511846550260563],[-73.00751254462752,-13.512750235693398],[-73.00658901572929,-13.512742887905357]]]}},{"type":"Feature","properties":{"Cell_ID":944,"Area_ha":1.0,"LC":"3:0.941180,14:0.058820","XMIN":715654.86160847,"YMIN":8505183.59738907,"XMAX":715754.86160847,"YMAX":8505283.59738907},"geometry":{"type":"Polygon","coordinates":[[[-73.00658150458152,-13.513646572759642],[-73.00658901572929,-13.512742887905357],[-73.00751254462752,-13.512750235693398],[-73.00750503695399,-13.513653921057083],[-73.00658150458152,-13.513646572759642]]]}},{"type":"Feature","properties":{"Cell_ID":945,"Area_ha":1.0,"LC":"3:1.000000","XMIN":715654.86160847,"YMIN":8505083.59738907,"XMAX":715754.86160847,"YMAX":8505183.59738907},"geometry":{"type":"Polygon","coordinates":[[[-73.00657399288423,-13.514550257544771],[-73.00658150458152,-13.513646572759642],[-73.00750503695399,-13.513653921057083],[-73.00749752873116,-13.514557606351607],[-73.00657399288423,-13.514550257544771]]]}},{"type":"Feature","properties":{"Cell_ID":946,"Area_ha":1.0,"LC":"3:0.902291,5:0.038960,6:0.039031,14:0.019719","XMIN":715654.86160847,"YMIN":8504983.59738907,"XMAX":715754.86160847,"YMAX":8505083.59738907},"geometry":{"type":"Polygon","coordinates":[[[-73.00656648063736,-13.515453942260734],[-73.00657399288423,-13.514550257544771],[-73.00749752873116,-13.514557606351607],[-73.00749001995906,-13.515461291576976],[-73.00656648063736,-13.515453942260734]]]}},{"type":"Feature","properties":{"Cell_ID":947,"Area_ha":1.0,"LC":"3:0.405410,5:0.118132,14:0.476458","XMIN":715654.86160847,"YMIN":8504883.59738907,"XMAX":715754.86160847,"YMAX":8504983.59738907},"geometry":{"type":"Polygon","coordinates":[[[-73.00655896784096,-13.51635762690753],[-73.00656648063736,-13.515453942260734],[-73.00749001995906,-13.515461291576976],[-73.00748251063764,-13.516364976733179],[-73.00655896784096,-13.51635762690753]]]}},{"type":"Feature","properties":{"Cell_ID":948,"Area_ha":1.0,"LC":"3:0.003400,14:0.996600","XMIN":715654.86160847,"YMIN":8504783.59738907,"XMAX":715754.86160847,"YMAX":8504883.59738907},"geometry":{"type":"Polygon","coordinates":[[[-73.00655145449498,-13.517261311485147],[-73.00655896784096,-13.51635762690753],[-73.00748251063764,-13.516364976733179],[-73.00747500076692,-13.517268661820209],[-73.00655145449498,-13.517261311485147]]]}},{"type":"Feature","properties":{"Cell_ID":949,"Area_ha":1.0,"LC":"3:0.338594,14:0.661406","XMIN":715654.86160847,"YMIN":8504683.59738907,"XMAX":715754.86160847,"YMAX":8504783.59738907},"geometry":{"type":"Polygon","coordinates":[[[-73.00654394059941,-13.518164995993594],[-73.00655145449498,-13.517261311485147],[-73.00747500076692,-13.517268661820209],[-73.00746749034685,-13.518172346838071],[-73.00654394059941,-13.518164995993594]]]}},{"type":"Feature","properties":{"Cell_ID":950,"Area_ha":1.0,"LC":"3:1.000000","XMIN":715654.86160847,"YMIN":8504583.59738907,"XMAX":715754.86160847,"YMAX":8504683.59738907},"geometry":{"type":"Polygon","coordinates":[[[-73.00653642615427,-13.519068680432857],[-73.00654394059941,-13.518164995993594],[-73.00746749034685,-13.518172346838071],[-73.00745997937746,-13.519076031786753],[-73.00653642615427,-13.519068680432857]]]}},{"type":"Feature","properties":{"Cell_ID":951,"Area_ha":1.0,"LC":"3:0.716685,7:0.283315","XMIN":715654.86160847,"YMIN":8504483.59738907,"XMAX":715754.86160847,"YMAX":8504583.59738907},"geometry":{"type":"Polygon","coordinates":[[[-73.00652891115953,-13.51997236480293],[-73.00653642615427,-13.519068680432857],[-73.00745997937746,-13.519076031786753],[-73.00745246785871,-13.519979716666251],[-73.00652891115953,-13.51997236480293]]]}},{"type":"Feature","properties":{"Cell_ID":952,"Area_ha":1.0,"LC":"3:0.719438,7:0.280562","XMIN":715654.86160847,"YMIN":8504383.59738907,"XMAX":715754.86160847,"YMAX":8504483.59738907},"geometry":{"type":"Polygon","coordinates":[[[-73.00652139561517,-13.520876049103817],[-73.00652891115953,-13.51997236480293],[-73.00745246785871,-13.519979716666251],[-73.00744495579063,-13.52088340147656],[-73.00652139561517,-13.520876049103817]]]}},{"type":"Feature","properties":{"Cell_ID":953,"Area_ha":1.0,"LC":"3:0.564033,5:0.040885,9:0.117092,14:0.277990","XMIN":715654.86160847,"YMIN":8504283.59738907,"XMAX":715754.86160847,"YMAX":8504383.59738907},"geometry":{"type":"Polygon","coordinates":[[[-73.0065138795212,-13.521779733335512],[-73.00652139561517,-13.520876049103817],[-73.00744495579063,-13.52088340147656],[-73.00743744317317,-13.521787086217683],[-73.0065138795212,-13.521779733335512]]]}},{"type":"Feature","properties":{"Cell_ID":954,"Area_ha":1.0,"LC":"3:0.060281,5:0.284932,7:0.038960,14:0.615827","XMIN":715654.86160847,"YMIN":8504183.59738907,"XMAX":715754.86160847,"YMAX":8504283.59738907},"geometry":{"type":"Polygon","coordinates":[[[-73.00650636287759,-13.522683417498003],[-73.0065138795212,-13.521779733335512],[-73.00743744317317,-13.521787086217683],[-73.00742993000634,-13.522690770889609],[-73.00650636287759,-13.522683417498003]]]}},{"type":"Feature","properties":{"Cell_ID":955,"Area_ha":1.0,"LC":"3:0.220197,5:0.039438,7:0.401040,9:0.237021,14:0.102305","XMIN":715654.86160847,"YMIN":8504083.59738907,"XMAX":715754.86160847,"YMAX":8504183.59738907},"geometry":{"type":"Polygon","coordinates":[[[-73.00649884568435,-13.523587101591296],[-73.00650636287759,-13.522683417498003],[-73.00742993000634,-13.522690770889609],[-73.00742241629013,-13.523594455492336],[-73.00649884568435,-13.523587101591296]]]}},{"type":"Feature","properties":{"Cell_ID":956,"Area_ha":1.0,"LC":"3:0.062712,5:0.482501,9:0.454787","XMIN":715654.86160847,"YMIN":8503983.59738907,"XMAX":715754.86160847,"YMAX":8504083.59738907},"geometry":{"type":"Polygon","coordinates":[[[-73.00649132794145,-13.524490785615374],[-73.00649884568435,-13.523587101591296],[-73.00742241629013,-13.523594455492336],[-73.00741490202452,-13.52449814002586],[-73.00649132794145,-13.524490785615374]]]}},{"type":"Feature","properties":{"Cell_ID":957,"Area_ha":1.0,"LC":"3:0.079353,6:0.058271,9:0.862376","XMIN":715654.86160847,"YMIN":8503883.59738907,"XMAX":715754.86160847,"YMAX":8503983.59738907},"geometry":{"type":"Polygon","coordinates":[[[-73.00648380964891,-13.525394469570243],[-73.00649132794145,-13.524490785615374],[-73.00741490202452,-13.52449814002586],[-73.00740738720951,-13.52540182449017],[-73.00648380964891,-13.525394469570243]]]}},{"type":"Feature","properties":{"Cell_ID":958,"Area_ha":1.0,"LC":"3:0.700857,6:0.058820,7:0.239353,9:0.000969","XMIN":715654.86160847,"YMIN":8503783.59738907,"XMAX":715754.86160847,"YMAX":8503883.59738907},"geometry":{"type":"Polygon","coordinates":[[[-73.0064762908067,-13.526298153455901],[-73.00648380964891,-13.525394469570243],[-73.00740738720951,-13.52540182449017],[-73.00739987184508,-13.526305508885276],[-73.0064762908067,-13.526298153455901]]]}},{"type":"Feature","properties":{"Cell_ID":959,"Area_ha":1.0,"LC":"1:0.123878,3:0.137851,5:0.038960,7:0.241616,9:0.457695","XMIN":715654.86160847,"YMIN":8503683.59738907,"XMAX":715754.86160847,"YMAX":8503783.59738907},"geometry":{"type":"Polygon","coordinates":[[[-73.0064687714148,-13.527201837272335],[-73.0064762908067,-13.526298153455901],[-73.00739987184508,-13.526305508885276],[-73.00739235593123,-13.527209193211164],[-73.0064687714148,-13.527201837272335]]]}},{"type":"Feature","properties":{"Cell_ID":960,"Area_ha":1.0,"LC":"5:0.375912,9:0.585129,13:0.038960","XMIN":715654.86160847,"YMIN":8503583.59738907,"XMAX":715754.86160847,"YMAX":8503683.59738907},"geometry":{"type":"Polygon","coordinates":[[[-73.00646125147321,-13.528105521019542],[-73.0064687714148,-13.527201837272335],[-73.00739235593123,-13.527209193211164],[-73.00738483946795,-13.528112877467825],[-73.00646125147321,-13.528105521019542]]]}},{"type":"Feature","properties":{"Cell_ID":961,"Area_ha":1.0,"LC":"5:0.440000,9:0.123962,13:0.436038","XMIN":715654.86160847,"YMIN":8503483.59738907,"XMAX":715754.86160847,"YMAX":8503583.59738907},"geometry":{"type":"Polygon","coordinates":[[[-73.00645373098195,-13.52900920469752],[-73.00646125147321,-13.528105521019542],[-73.00738483946795,-13.528112877467825],[-73.00737732245521,-13.529016561655267],[-73.00645373098195,-13.52900920469752]]]}},{"type":"Feature","properties":{"Cell_ID":962,"Area_ha":1.0,"LC":"5:0.060281,13:0.939719","XMIN":715654.86160847,"YMIN":8503383.59738907,"XMAX":715754.86160847,"YMAX":8503483.59738907},"geometry":{"type":"Polygon","coordinates":[[[-73.00644620994095,-13.529912888306267],[-73.00645373098195,-13.52900920469752],[-73.00737732245521,-13.529016561655267],[-73.00736980489305,-13.529920245773475],[-73.00644620994095,-13.529912888306267]]]}},{"type":"Feature","properties":{"Cell_ID":963,"Area_ha":1.0,"LC":"13:1.000000","XMIN":715654.86160847,"YMIN":8503283.59738907,"XMAX":715754.86160847,"YMAX":8503383.59738907},"geometry":{"type":"Polygon","coordinates":[[[-73.00643868835024,-13.530816571845776],[-73.00644620994095,-13.529912888306267],[-73.00736980489305,-13.529920245773475],[-73.0073622867814,-13.530823929822448],[-73.00643868835024,-13.530816571845776]]]}},{"type":"Feature","properties":{"Cell_ID":964,"Area_ha":1.0,"LC":"13:1.000000","XMIN":715654.86160847,"YMIN":8503183.59738907,"XMAX":715754.86160847,"YMAX":8503283.59738907},"geometry":{"type":"Polygon","coordinates":[[[-73.00643116620982,-13.53172025531604],[-73.00643868835024,-13.530816571845776],[-73.0073622867814,-13.530823929822448],[-73.00735476812028,-13.531727613802184],[-73.00643116620982,-13.53172025531604]]]}},{"type":"Feature","properties":{"Cell_ID":965,"Area_ha":1.0,"LC":"5:0.277092,9:0.237906,13:0.485003","XMIN":715654.86160847,"YMIN":8503083.59738907,"XMAX":715754.86160847,"YMAX":8503183.59738907},"geometry":{"type":"Polygon","coordinates":[[[-73.00642364351965,-13.532623938717059],[-73.00643116620982,-13.53172025531604],[-73.00735476812028,-13.531727613802184],[-73.00734724890968,-13.53263129771268],[-73.00642364351965,-13.532623938717059]]]}},{"type":"Feature","properties":{"Cell_ID":966,"Area_ha":1.0,"LC":"9:0.459803,13:0.540197","XMIN":715654.86160847,"YMIN":8502983.59738907,"XMAX":715754.86160847,"YMAX":8503083.59738907},"geometry":{"type":"Polygon","coordinates":[[[-73.00641612027974,-13.533527622048828],[-73.00642364351965,-13.532623938717059],[-73.00734724890968,-13.53263129771268],[-73.00733972914959,-13.533534981553924],[-73.00641612027974,-13.533527622048828]]]}},{"type":"Feature","properties":{"Cell_ID":967,"Area_ha":1.0,"LC":"9:0.375434,13:0.624566","XMIN":715654.86160847,"YMIN":8502883.59738907,"XMAX":715754.86160847,"YMAX":8502983.59738907},"geometry":{"type":"Polygon","coordinates":[[[-73.00640859649006,-13.534431305311344],[-73.00641612027974,-13.533527622048828],[-73.00733972914959,-13.533534981553924],[-73.00733220883998,-13.534438665325919],[-73.00640859649006,-13.534431305311344]]]}},{"type":"Feature","properties":{"Cell_ID":968,"Area_ha":1.0,"LC":"5:0.303610,6:0.637233,7:0.019719,9:0.039438","XMIN":715754.86160847,"YMIN":8506583.59738907,"XMAX":715854.86160847,"YMAX":8506683.59738907},"geometry":{"type":"Polygon","coordinates":[[[-73.00576312743965,-13.50098763394521],[-73.00577063436556,-13.50008394863272],[-73.00669411410185,-13.500091292685982],[-73.0066866106466,-13.50099497850805],[-73.00576312743965,-13.50098763394521]]]}},{"type":"Feature","properties":{"Cell_ID":969,"Area_ha":1.0,"LC":"5:0.119101,6:0.000492,7:0.442753,9:0.437654","XMIN":715754.86160847,"YMIN":8506483.59738907,"XMAX":715854.86160847,"YMAX":8506583.59738907},"geometry":{"type":"Polygon","coordinates":[[[-73.00575561996409,-13.501891319188596],[-73.00576312743965,-13.50098763394521],[-73.0066866106466,-13.50099497850805],[-73.00667910664195,-13.50189866426102],[-73.00575561996409,-13.501891319188596]]]}},{"type":"Feature","properties":{"Cell_ID":970,"Area_ha":1.0,"LC":"6:0.422472,7:0.577528","XMIN":715754.86160847,"YMIN":8506383.59738907,"XMAX":715854.86160847,"YMAX":8506483.59738907},"geometry":{"type":"Polygon","coordinates":[[[-73.00574811193887,-13.502795004362875],[-73.00575561996409,-13.501891319188596],[-73.00667910664195,-13.50189866426102],[-73.0066716020879,-13.502802349944888],[-73.00574811193887,-13.502795004362875]]]}},{"type":"Feature","properties":{"Cell_ID":971,"Area_ha":1.0,"LC":"3:0.637977,5:0.039031,6:0.322993","XMIN":715754.86160847,"YMIN":8506283.59738907,"XMAX":715854.86160847,"YMAX":8506383.59738907},"geometry":{"type":"Polygon","coordinates":[[[-73.00574060336396,-13.503698689468045],[-73.00574811193887,-13.502795004362875],[-73.0066716020879,-13.502802349944888],[-73.00666409698441,-13.50370603555965],[-73.00574060336396,-13.503698689468045]]]}},{"type":"Feature","properties":{"Cell_ID":972,"Area_ha":1.0,"LC":"3:0.042023,5:0.120969,6:0.380352,9:0.456655","XMIN":715754.86160847,"YMIN":8506183.59738907,"XMAX":715854.86160847,"YMAX":8506283.59738907},"geometry":{"type":"Polygon","coordinates":[[[-73.00573309423936,-13.504602374504094],[-73.00574060336396,-13.503698689468045],[-73.00666409698441,-13.50370603555965],[-73.0066565913315,-13.504609721105297],[-73.00573309423936,-13.504602374504094]]]}},{"type":"Feature","properties":{"Cell_ID":973,"Area_ha":1.0,"LC":"5:0.520000,6:0.039929,9:0.140437,14:0.299634","XMIN":715754.86160847,"YMIN":8506083.59738907,"XMAX":715854.86160847,"YMAX":8506183.59738907},"geometry":{"type":"Polygon","coordinates":[[[-73.00572558456508,-13.50550605947103],[-73.00573309423936,-13.504602374504094],[-73.0066565913315,-13.504609721105297],[-73.00664908512915,-13.505513406581825],[-73.00572558456508,-13.50550605947103]]]}},{"type":"Feature","properties":{"Cell_ID":974,"Area_ha":1.0,"LC":"3:0.119353,6:0.540281,9:0.197092,14:0.143274","XMIN":715754.86160847,"YMIN":8505983.59738907,"XMAX":715854.86160847,"YMAX":8506083.59738907},"geometry":{"type":"Polygon","coordinates":[[[-73.00571807434109,-13.506409744368835],[-73.00572558456508,-13.50550605947103],[-73.00664908512915,-13.505513406581825],[-73.00664157837736,-13.506417091989237],[-73.00571807434109,-13.506409744368835]]]}},{"type":"Feature","properties":{"Cell_ID":975,"Area_ha":1.0,"LC":"3:0.402586,5:0.497147,6:0.098820,14:0.001447","XMIN":715754.86160847,"YMIN":8505883.59738907,"XMAX":715854.86160847,"YMAX":8505983.59738907},"geometry":{"type":"Polygon","coordinates":[[[-73.00571056356738,-13.507313429197513],[-73.00571807434109,-13.506409744368835],[-73.00664157837736,-13.506417091989237],[-73.00663407107608,-13.507320777327521],[-73.00571056356738,-13.507313429197513]]]}},{"type":"Feature","properties":{"Cell_ID":976,"Area_ha":1.0,"LC":"5:0.444989,6:0.554519,14:0.000492","XMIN":715754.86160847,"YMIN":8505783.59738907,"XMAX":715854.86160847,"YMAX":8505883.59738907},"geometry":{"type":"Polygon","coordinates":[[[-73.00570305224394,-13.50821711395706],[-73.00571056356738,-13.507313429197513],[-73.00663407107608,-13.507320777327521],[-73.00662656322535,-13.50822446259668],[-73.00570305224394,-13.50821711395706]]]}},{"type":"Feature","properties":{"Cell_ID":977,"Area_ha":1.0,"LC":"5:0.020773,6:0.979227","XMIN":715754.86160847,"YMIN":8505683.59738907,"XMAX":715854.86160847,"YMAX":8505783.59738907},"geometry":{"type":"Polygon","coordinates":[[[-73.00569554037078,-13.509120798647466],[-73.00570305224394,-13.50821711395706],[-73.00662656322535,-13.50822446259668],[-73.00661905482515,-13.509128147796698],[-73.00569554037078,-13.509120798647466]]]}},{"type":"Feature","properties":{"Cell_ID":978,"Area_ha":1.0,"LC":"6:0.843542,14:0.156458","XMIN":715754.86160847,"YMIN":8505583.59738907,"XMAX":715854.86160847,"YMAX":8505683.59738907},"geometry":{"type":"Polygon","coordinates":[[[-73.00568802794787,-13.510024483268731],[-73.00569554037078,-13.509120798647466],[-73.00661905482515,-13.509128147796698],[-73.00661154587544,-13.510031832927583],[-73.00568802794787,-13.510024483268731]]]}},{"type":"Feature","properties":{"Cell_ID":979,"Area_ha":1.0,"LC":"3:0.019241,6:0.062712,14:0.918047","XMIN":715754.86160847,"YMIN":8505483.59738907,"XMAX":715854.86160847,"YMAX":8505583.59738907},"geometry":{"type":"Polygon","coordinates":[[[-73.00568051497521,-13.510928167820854],[-73.00568802794787,-13.510024483268731],[-73.00661154587544,-13.510031832927583],[-73.00660403637625,-13.51093551798932],[-73.00568051497521,-13.510928167820854]]]}},{"type":"Feature","properties":{"Cell_ID":980,"Area_ha":1.0,"LC":"3:0.058820,14:0.941180","XMIN":715754.86160847,"YMIN":8505383.59738907,"XMAX":715854.86160847,"YMAX":8505483.59738907},"geometry":{"type":"Polygon","coordinates":[[[-73.00567300145279,-13.51183185230382],[-73.00568051497521,-13.510928167820854],[-73.00660403637625,-13.51093551798932],[-73.00659652632751,-13.511839202981916],[-73.00567300145279,-13.51183185230382]]]}},{"type":"Feature","properties":{"Cell_ID":981,"Area_ha":1.0,"LC":"3:0.716936,14:0.283064","XMIN":715754.86160847,"YMIN":8505283.59738907,"XMAX":715854.86160847,"YMAX":8505383.59738907},"geometry":{"type":"Polygon","coordinates":[[[-73.00566548738058,-13.512735536717633],[-73.00567300145279,-13.51183185230382],[-73.00659652632751,-13.511839202981916],[-73.00658901572929,-13.512742887905357],[-73.00566548738058,-13.512735536717633]]]}},{"type":"Feature","properties":{"Cell_ID":982,"Area_ha":1.0,"LC":"3:0.837583,14:0.162417","XMIN":715754.86160847,"YMIN":8505183.59738907,"XMAX":715854.86160847,"YMAX":8505283.59738907},"geometry":{"type":"Polygon","coordinates":[[[-73.00565797275861,-13.513639221062288],[-73.00566548738058,-13.512735536717633],[-73.00658901572929,-13.512742887905357],[-73.00658150458152,-13.513646572759642],[-73.00565797275861,-13.513639221062288]]]}},{"type":"Feature","properties":{"Cell_ID":983,"Area_ha":1.0,"LC":"3:0.795153,14:0.204847","XMIN":715754.86160847,"YMIN":8505083.59738907,"XMAX":715854.86160847,"YMAX":8505183.59738907},"geometry":{"type":"Polygon","coordinates":[[[-73.00565045758682,-13.514542905337779],[-73.00565797275861,-13.513639221062288],[-73.00658150458152,-13.513646572759642],[-73.00657399288423,-13.514550257544771],[-73.00565045758682,-13.514542905337779]]]}},{"type":"Feature","properties":{"Cell_ID":984,"Area_ha":1.0,"LC":"3:0.979227,14:0.020773","XMIN":715754.86160847,"YMIN":8504983.59738907,"XMAX":715854.86160847,"YMAX":8505083.59738907},"geometry":{"type":"Polygon","coordinates":[[[-73.00564294186525,-13.515446589544105],[-73.00565045758682,-13.514542905337779],[-73.00657399288423,-13.514550257544771],[-73.00656648063736,-13.515453942260734],[-73.00564294186525,-13.515446589544105]]]}},{"type":"Feature","properties":{"Cell_ID":985,"Area_ha":1.0,"LC":"3:1.000000","XMIN":715754.86160847,"YMIN":8504883.59738907,"XMAX":715854.86160847,"YMAX":8504983.59738907},"geometry":{"type":"Polygon","coordinates":[[[-73.00563542559384,-13.516350273681255],[-73.00564294186525,-13.515446589544105],[-73.00656648063736,-13.515453942260734],[-73.00655896784096,-13.51635762690753],[-73.00563542559384,-13.516350273681255]]]}},{"type":"Feature","properties":{"Cell_ID":986,"Area_ha":1.0,"LC":"3:0.600071,6:0.321939,14:0.077990","XMIN":715754.86160847,"YMIN":8504783.59738907,"XMAX":715854.86160847,"YMAX":8504883.59738907},"geometry":{"type":"Polygon","coordinates":[[[-73.00562790877262,-13.517253957749228],[-73.00563542559384,-13.516350273681255],[-73.00655896784096,-13.51635762690753],[-73.00655145449498,-13.517261311485147],[-73.00562790877262,-13.517253957749228]]]}},{"type":"Feature","properties":{"Cell_ID":987,"Area_ha":1.0,"LC":"3:0.443400,14:0.556600","XMIN":715754.86160847,"YMIN":8504683.59738907,"XMAX":715854.86160847,"YMAX":8504783.59738907},"geometry":{"type":"Polygon","coordinates":[[[-73.00562039140158,-13.51815764174802],[-73.00562790877262,-13.517253957749228],[-73.00655145449498,-13.517261311485147],[-73.00654394059941,-13.518164995993594],[-73.00562039140158,-13.51815764174802]]]}},{"type":"Feature","properties":{"Cell_ID":988,"Area_ha":1.0,"LC":"3:0.897864,6:0.022136,7:0.039438,14:0.040562","XMIN":715754.86160847,"YMIN":8504583.59738907,"XMAX":715854.86160847,"YMAX":8504683.59738907},"geometry":{"type":"Polygon","coordinates":[[[-73.00561287348069,-13.519061325677628],[-73.00562039140158,-13.51815764174802],[-73.00654394059941,-13.518164995993594],[-73.00653642615427,-13.519068680432857],[-73.00561287348069,-13.519061325677628]]]}},{"type":"Feature","properties":{"Cell_ID":989,"Area_ha":1.0,"LC":"3:0.059790,6:0.063681,7:0.456403,14:0.420126","XMIN":715754.86160847,"YMIN":8504483.59738907,"XMAX":715854.86160847,"YMAX":8504583.59738907},"geometry":{"type":"Polygon","coordinates":[[[-73.00560535500993,-13.519965009538048],[-73.00561287348069,-13.519061325677628],[-73.00653642615427,-13.519068680432857],[-73.00652891115953,-13.51997236480293],[-73.00560535500993,-13.519965009538048]]]}},{"type":"Feature","properties":{"Cell_ID":990,"Area_ha":1.0,"LC":"3:0.379719,7:0.020281,9:0.059156,14:0.540844","XMIN":715754.86160847,"YMIN":8504383.59738907,"XMAX":715854.86160847,"YMAX":8504483.59738907},"geometry":{"type":"Polygon","coordinates":[[[-73.00559783598933,-13.520868693329273],[-73.00560535500993,-13.519965009538048],[-73.00652891115953,-13.51997236480293],[-73.00652139561517,-13.520876049103817],[-73.00559783598933,-13.520868693329273]]]}},{"type":"Feature","properties":{"Cell_ID":991,"Area_ha":1.0,"LC":"3:0.198623,5:0.058271,9:0.443471,14:0.299634","XMIN":715754.86160847,"YMIN":8504283.59738907,"XMAX":715854.86160847,"YMAX":8504383.59738907},"geometry":{"type":"Polygon","coordinates":[[[-73.00559031641883,-13.5217723770513],[-73.00559783598933,-13.520868693329273],[-73.00652139561517,-13.520876049103817],[-73.0065138795212,-13.521779733335512],[-73.00559031641883,-13.5217723770513]]]}},{"type":"Feature","properties":{"Cell_ID":992,"Area_ha":1.0,"LC":"5:0.175912,9:0.020281,14:0.803807","XMIN":715754.86160847,"YMIN":8504183.59738907,"XMAX":715854.86160847,"YMAX":8504283.59738907},"geometry":{"type":"Polygon","coordinates":[[[-73.00558279629848,-13.522676060704121],[-73.00559031641883,-13.5217723770513],[-73.0065138795212,-13.521779733335512],[-73.00650636287759,-13.522683417498003],[-73.00558279629848,-13.522676060704121]]]}},{"type":"Feature","properties":{"Cell_ID":993,"Area_ha":1.0,"LC":"3:0.297624,7:0.239031,14:0.463345","XMIN":715754.86160847,"YMIN":8504083.59738907,"XMAX":715854.86160847,"YMAX":8504183.59738907},"geometry":{"type":"Polygon","coordinates":[[[-73.00557527562822,-13.523579744287739],[-73.00558279629848,-13.522676060704121],[-73.00650636287759,-13.522683417498003],[-73.00649884568435,-13.523587101591296],[-73.00557527562822,-13.523579744287739]]]}},{"type":"Feature","properties":{"Cell_ID":994,"Area_ha":1.0,"LC":"3:0.762094,5:0.118061,9:0.058678,14:0.061166","XMIN":715754.86160847,"YMIN":8503983.59738907,"XMAX":715854.86160847,"YMAX":8504083.59738907},"geometry":{"type":"Polygon","coordinates":[[[-73.00556775440806,-13.524483427802144],[-73.00557527562822,-13.523579744287739],[-73.00649884568435,-13.523587101591296],[-73.00649132794145,-13.524490785615374],[-73.00556775440806,-13.524483427802144]]]}},{"type":"Feature","properties":{"Cell_ID":995,"Area_ha":1.0,"LC":"3:0.039522,9:0.775349,14:0.185129","XMIN":715754.86160847,"YMIN":8503883.59738907,"XMAX":715854.86160847,"YMAX":8503983.59738907},"geometry":{"type":"Polygon","coordinates":[[[-73.00556023263799,-13.525387111247337],[-73.00556775440806,-13.524483427802144],[-73.00649132794145,-13.524490785615374],[-73.00648380964891,-13.525394469570243],[-73.00556023263799,-13.525387111247337]]]}},{"type":"Feature","properties":{"Cell_ID":996,"Area_ha":1.0,"LC":"3:0.336319,7:0.019241,9:0.642010,14:0.002431","XMIN":715754.86160847,"YMIN":8503783.59738907,"XMAX":715854.86160847,"YMAX":8503883.59738907},"geometry":{"type":"Polygon","coordinates":[[[-73.00555271031799,-13.526290794623305],[-73.00556023263799,-13.525387111247337],[-73.00648380964891,-13.525394469570243],[-73.0064762908067,-13.526298153455901],[-73.00555271031799,-13.526290794623305]]]}},{"type":"Feature","properties":{"Cell_ID":997,"Area_ha":1.0,"LC":"1:0.395560,2:0.161939,3:0.300759,7:0.019790,9:0.121953","XMIN":715754.86160847,"YMIN":8503683.59738907,"XMAX":715854.86160847,"YMAX":8503783.59738907},"geometry":{"type":"Polygon","coordinates":[[[-73.00554518744806,-13.527194477930053],[-73.00555271031799,-13.526290794623305],[-73.0064762908067,-13.526298153455901],[-73.0064687714148,-13.527201837272335],[-73.00554518744806,-13.527194477930053]]]}},{"type":"Feature","properties":{"Cell_ID":998,"Area_ha":1.0,"LC":"1:0.040562,3:0.364847,9:0.594590","XMIN":715754.86160847,"YMIN":8503583.59738907,"XMAX":715854.86160847,"YMAX":8503683.59738907},"geometry":{"type":"Polygon","coordinates":[[[-73.0055376640282,-13.528098161167568],[-73.00554518744806,-13.527194477930053],[-73.0064687714148,-13.527201837272335],[-73.00646125147321,-13.528105521019542],[-73.0055376640282,-13.528098161167568]]]}},{"type":"Feature","properties":{"Cell_ID":999,"Area_ha":1.0,"LC":"3:0.021742,9:0.681111,13:0.297147","XMIN":715754.86160847,"YMIN":8503483.59738907,"XMAX":715854.86160847,"YMAX":8503583.59738907},"geometry":{"type":"Polygon","coordinates":[[[-73.00553014005837,-13.529001844335854],[-73.0055376640282,-13.528098161167568],[-73.00646125147321,-13.528105521019542],[-73.00645373098195,-13.52900920469752],[-73.00553014005837,-13.529001844335854]]]}},{"type":"Feature","properties":{"Cell_ID":1000,"Area_ha":1.0,"LC":"9:0.001461,13:0.998539","XMIN":715754.86160847,"YMIN":8503383.59738907,"XMAX":715854.86160847,"YMAX":8503483.59738907},"geometry":{"type":"Polygon","coordinates":[[[-73.0055226155386,-13.529905527434902],[-73.00553014005837,-13.529001844335854],[-73.00645373098195,-13.52900920469752],[-73.00644620994095,-13.529912888306267],[-73.0055226155386,-13.529905527434902]]]}},{"type":"Feature","properties":{"Cell_ID":1001,"Area_ha":1.0,"LC":"13:1.000000","XMIN":715754.86160847,"YMIN":8503283.59738907,"XMAX":715854.86160847,"YMAX":8503383.59738907},"geometry":{"type":"Polygon","coordinates":[[[-73.00551509046883,-13.530809210464707],[-73.0055226155386,-13.529905527434902],[-73.00644620994095,-13.529912888306267],[-73.00643868835024,-13.530816571845776],[-73.00551509046883,-13.530809210464707]]]}},{"type":"Feature","properties":{"Cell_ID":1002,"Area_ha":1.0,"LC":"13:1.000000","XMIN":715754.86160847,"YMIN":8503183.59738907,"XMAX":715854.86160847,"YMAX":8503283.59738907},"geometry":{"type":"Polygon","coordinates":[[[-73.0055075648491,-13.531712893425267],[-73.00551509046883,-13.530809210464707],[-73.00643868835024,-13.530816571845776],[-73.00643116620982,-13.53172025531604],[-73.0055075648491,-13.531712893425267]]]}},{"type":"Feature","properties":{"Cell_ID":1003,"Area_ha":1.0,"LC":"13:1.000000","XMIN":715754.86160847,"YMIN":8503083.59738907,"XMAX":715854.86160847,"YMAX":8503183.59738907},"geometry":{"type":"Polygon","coordinates":[[[-73.00550003867937,-13.532616576316578],[-73.0055075648491,-13.531712893425267],[-73.00643116620982,-13.53172025531604],[-73.00642364351965,-13.532623938717059],[-73.00550003867937,-13.532616576316578]]]}},{"type":"Feature","properties":{"Cell_ID":1004,"Area_ha":1.0,"LC":"9:0.078061,13:0.921939","XMIN":715754.86160847,"YMIN":8502983.59738907,"XMAX":715854.86160847,"YMAX":8503083.59738907},"geometry":{"type":"Polygon","coordinates":[[[-73.00549251195964,-13.533520259138633],[-73.00550003867937,-13.532616576316578],[-73.00642364351965,-13.532623938717059],[-73.00641612027974,-13.533527622048828],[-73.00549251195964,-13.533520259138633]]]}},{"type":"Feature","properties":{"Cell_ID":1005,"Area_ha":1.0,"LC":"5:0.181573,13:0.818427","XMIN":715754.86160847,"YMIN":8502883.59738907,"XMAX":715854.86160847,"YMAX":8502983.59738907},"geometry":{"type":"Polygon","coordinates":[[[-73.0054849846899,-13.53442394189143],[-73.00549251195964,-13.533520259138633],[-73.00641612027974,-13.533527622048828],[-73.00640859649006,-13.534431305311344],[-73.0054849846899,-13.53442394189143]]]}},{"type":"Feature","properties":{"Cell_ID":1006,"Area_ha":1.0,"LC":"5:0.880899,13:0.119101","XMIN":715754.86160847,"YMIN":8502783.59738907,"XMAX":715854.86160847,"YMAX":8502883.59738907},"geometry":{"type":"Polygon","coordinates":[[[-73.00547745687014,-13.535327624574961],[-73.0054849846899,-13.53442394189143],[-73.00640859649006,-13.534431305311344],[-73.00640107215062,-13.535334988504596],[-73.00547745687014,-13.535327624574961]]]}},{"type":"Feature","properties":{"Cell_ID":1007,"Area_ha":1.0,"LC":"5:0.000492,6:0.280633,7:0.718875","XMIN":715854.86160847,"YMIN":8506483.59738907,"XMAX":715954.86160847,"YMAX":8506583.59738907},"geometry":{"type":"Polygon","coordinates":[[[-73.00483213383589,-13.501883970719328],[-73.00483964478236,-13.500980285985758],[-73.00576312743965,-13.50098763394521],[-73.00575561996409,-13.501891319188596],[-73.00483213383589,-13.501883970719328]]]}},{"type":"Feature","properties":{"Cell_ID":1008,"Area_ha":1.0,"LC":"3:0.119353,6:0.416332,7:0.464315","XMIN":715854.86160847,"YMIN":8506383.59738907,"XMAX":715954.86160847,"YMAX":8506483.59738907},"geometry":{"type":"Polygon","coordinates":[[[-73.0048246223395,-13.502787655383784],[-73.00483213383589,-13.501883970719328],[-73.00575561996409,-13.501891319188596],[-73.00574811193887,-13.502795004362875],[-73.0048246223395,-13.502787655383784]]]}},{"type":"Feature","properties":{"Cell_ID":1009,"Area_ha":1.0,"LC":"3:0.583119,6:0.416881","XMIN":715854.86160847,"YMIN":8506283.59738907,"XMAX":715954.86160847,"YMAX":8506383.59738907},"geometry":{"type":"Polygon","coordinates":[[[-73.00481711029317,-13.503691339979126],[-73.0048246223395,-13.502787655383784],[-73.00574811193887,-13.502795004362875],[-73.00574060336396,-13.503698689468045],[-73.00481711029317,-13.503691339979126]]]}},{"type":"Feature","properties":{"Cell_ID":1010,"Area_ha":1.0,"LC":"3:0.301406,5:0.380126,6:0.200478,9:0.117990","XMIN":715854.86160847,"YMIN":8506183.59738907,"XMAX":715954.86160847,"YMAX":8506283.59738907},"geometry":{"type":"Polygon","coordinates":[[[-73.00480959769692,-13.504595024505345],[-73.00481711029317,-13.503691339979126],[-73.00574060336396,-13.503698689468045],[-73.00573309423936,-13.504602374504094],[-73.00480959769692,-13.504595024505345]]]}},{"type":"Feature","properties":{"Cell_ID":1011,"Area_ha":1.0,"LC":"5:0.419874,6:0.361461,9:0.040071,14:0.178594","XMIN":715854.86160847,"YMIN":8506083.59738907,"XMAX":715954.86160847,"YMAX":8506183.59738907},"geometry":{"type":"Polygon","coordinates":[[[-73.0048020845507,-13.505498708962444],[-73.00480959769692,-13.504595024505345],[-73.00573309423936,-13.504602374504094],[-73.00572558456508,-13.50550605947103],[-73.0048020845507,-13.505498708962444]]]}},{"type":"Feature","properties":{"Cell_ID":1012,"Area_ha":1.0,"LC":"3:0.019241,5:0.162908,6:0.276936,14:0.540915","XMIN":715854.86160847,"YMIN":8505983.59738907,"XMAX":715954.86160847,"YMAX":8506083.59738907},"geometry":{"type":"Polygon","coordinates":[[[-73.00479457085454,-13.506402393350413],[-73.0048020845507,-13.505498708962444],[-73.00572558456508,-13.50550605947103],[-73.00571807434109,-13.506409744368835],[-73.00479457085454,-13.506402393350413]]]}},{"type":"Feature","properties":{"Cell_ID":1013,"Area_ha":1.0,"LC":"3:0.137851,5:0.079031,6:0.485481,14:0.297638","XMIN":715854.86160847,"YMIN":8505883.59738907,"XMAX":715954.86160847,"YMAX":8505983.59738907},"geometry":{"type":"Polygon","coordinates":[[[-73.00478705660841,-13.507306077669247],[-73.00479457085454,-13.506402393350413],[-73.00571807434109,-13.506409744368835],[-73.00571056356738,-13.507313429197513],[-73.00478705660841,-13.507306077669247]]]}},{"type":"Feature","properties":{"Cell_ID":1014,"Area_ha":1.0,"LC":"5:0.435082,6:0.384004,14:0.180915","XMIN":715854.86160847,"YMIN":8505783.59738907,"XMAX":715954.86160847,"YMAX":8505883.59738907},"geometry":{"type":"Polygon","coordinates":[[[-73.00477954181228,-13.50820976191895],[-73.00478705660841,-13.507306077669247],[-73.00571056356738,-13.507313429197513],[-73.00570305224394,-13.50821711395706],[-73.00477954181228,-13.50820976191895]]]}},{"type":"Feature","properties":{"Cell_ID":1015,"Area_ha":1.0,"LC":"5:0.159986,6:0.840014","XMIN":715854.86160847,"YMIN":8505683.59738907,"XMAX":715954.86160847,"YMAX":8505783.59738907},"geometry":{"type":"Polygon","coordinates":[[[-73.00477202646617,-13.509113446099507],[-73.00477954181228,-13.50820976191895],[-73.00570305224394,-13.50821711395706],[-73.00569554037078,-13.509120798647466],[-73.00477202646617,-13.509113446099507]]]}},{"type":"Feature","properties":{"Cell_ID":1016,"Area_ha":1.0,"LC":"5:0.042023,6:0.957977","XMIN":715854.86160847,"YMIN":8505583.59738907,"XMAX":715954.86160847,"YMAX":8505683.59738907},"geometry":{"type":"Polygon","coordinates":[[[-73.00476451057007,-13.510017130210917],[-73.00477202646617,-13.509113446099507],[-73.00569554037078,-13.509120798647466],[-73.00568802794787,-13.510024483268731],[-73.00476451057007,-13.510017130210917]]]}},{"type":"Feature","properties":{"Cell_ID":1017,"Area_ha":1.0,"LC":"3:0.241292,6:0.620437,9:0.000969,14:0.137302","XMIN":715854.86160847,"YMIN":8505483.59738907,"XMAX":715954.86160847,"YMAX":8505583.59738907},"geometry":{"type":"Polygon","coordinates":[[[-73.00475699412395,-13.510920814253181],[-73.00476451057007,-13.510017130210917],[-73.00568802794787,-13.510024483268731],[-73.00568051497521,-13.510928167820854],[-73.00475699412395,-13.510920814253181]]]}},{"type":"Feature","properties":{"Cell_ID":1018,"Area_ha":1.0,"LC":"3:0.204525,14:0.795475","XMIN":715854.86160847,"YMIN":8505383.59738907,"XMAX":715954.86160847,"YMAX":8505483.59738907},"geometry":{"type":"Polygon","coordinates":[[[-73.00474947712783,-13.51182449822629],[-73.00475699412395,-13.510920814253181],[-73.00568051497521,-13.510928167820854],[-73.00567300145279,-13.51183185230382],[-73.00474947712783,-13.51182449822629]]]}},{"type":"Feature","properties":{"Cell_ID":1019,"Area_ha":1.0,"LC":"3:0.459156,14:0.540844","XMIN":715854.86160847,"YMIN":8505283.59738907,"XMAX":715954.86160847,"YMAX":8505383.59738907},"geometry":{"type":"Polygon","coordinates":[[[-73.00474195958168,-13.512728182130237],[-73.00474947712783,-13.51182449822629],[-73.00567300145279,-13.51183185230382],[-73.00566548738058,-13.512735536717633],[-73.00474195958168,-13.512728182130237]]]}},{"type":"Feature","properties":{"Cell_ID":1020,"Area_ha":1.0,"LC":"3:0.220844,14:0.779156","XMIN":715854.86160847,"YMIN":8505183.59738907,"XMAX":715954.86160847,"YMAX":8505283.59738907},"geometry":{"type":"Polygon","coordinates":[[[-73.00473444148547,-13.513631865965026],[-73.00474195958168,-13.512728182130237],[-73.00566548738058,-13.512735536717633],[-73.00565797275861,-13.513639221062288],[-73.00473444148547,-13.513631865965026]]]}},{"type":"Feature","properties":{"Cell_ID":1021,"Area_ha":1.0,"LC":"3:0.563231,14:0.436769","XMIN":715854.86160847,"YMIN":8505083.59738907,"XMAX":715954.86160847,"YMAX":8505183.59738907},"geometry":{"type":"Polygon","coordinates":[[[-73.00472692283924,-13.514535549730644],[-73.00473444148547,-13.513631865965026],[-73.00565797275861,-13.513639221062288],[-73.00565045758682,-13.514542905337779],[-73.00472692283924,-13.514535549730644]]]}},{"type":"Feature","properties":{"Cell_ID":1022,"Area_ha":1.0,"LC":"3:0.980210,14:0.019790","XMIN":715854.86160847,"YMIN":8504983.59738907,"XMAX":715954.86160847,"YMAX":8505083.59738907},"geometry":{"type":"Polygon","coordinates":[[[-73.00471940364294,-13.515439233427093],[-73.00472692283924,-13.514535549730644],[-73.00565045758682,-13.514542905337779],[-73.00564294186525,-13.515446589544105],[-73.00471940364294,-13.515439233427093]]]}},{"type":"Feature","properties":{"Cell_ID":1023,"Area_ha":1.0,"LC":"3:1.000000","XMIN":715854.86160847,"YMIN":8504883.59738907,"XMAX":715954.86160847,"YMAX":8504983.59738907},"geometry":{"type":"Polygon","coordinates":[[[-73.00471188389656,-13.516342917054367],[-73.00471940364294,-13.515439233427093],[-73.00564294186525,-13.515446589544105],[-73.00563542559384,-13.516350273681255],[-73.00471188389656,-13.516342917054367]]]}},{"type":"Feature","properties":{"Cell_ID":1024,"Area_ha":1.0,"LC":"3:0.761054,6:0.237499,14:0.001447","XMIN":715854.86160847,"YMIN":8504783.59738907,"XMAX":715954.86160847,"YMAX":8504883.59738907},"geometry":{"type":"Polygon","coordinates":[[[-73.00470436360011,-13.517246600612456],[-73.00471188389656,-13.516342917054367],[-73.00563542559384,-13.516350273681255],[-73.00562790877262,-13.517253957749228],[-73.00470436360011,-13.517246600612456]]]}},{"type":"Feature","properties":{"Cell_ID":1025,"Area_ha":1.0,"LC":"3:0.415434,6:0.560000,9:0.023105,14:0.001461","XMIN":715854.86160847,"YMIN":8504683.59738907,"XMAX":715954.86160847,"YMAX":8504783.59738907},"geometry":{"type":"Polygon","coordinates":[[[-73.00469684275357,-13.518150284101363],[-73.00470436360011,-13.517246600612456],[-73.00562790877262,-13.517253957749228],[-73.00562039140158,-13.51815764174802],[-73.00469684275357,-13.518150284101363]]]}},{"type":"Feature","properties":{"Cell_ID":1026,"Area_ha":1.0,"LC":"3:0.198132,6:0.597021,9:0.140773,14:0.064075","XMIN":715854.86160847,"YMIN":8504583.59738907,"XMAX":715954.86160847,"YMAX":8504683.59738907},"geometry":{"type":"Polygon","coordinates":[[[-73.00468932135695,-13.519053967521081],[-73.00469684275357,-13.518150284101363],[-73.00562039140158,-13.51815764174802],[-73.00561287348069,-13.519061325677628],[-73.00468932135695,-13.519053967521081]]]}},{"type":"Feature","properties":{"Cell_ID":1027,"Area_ha":1.0,"LC":"3:0.019241,6:0.360633,7:0.360969,14:0.259156","XMIN":715854.86160847,"YMIN":8504483.59738907,"XMAX":715954.86160847,"YMAX":8504583.59738907},"geometry":{"type":"Polygon","coordinates":[[[-73.0046817994102,-13.519957650871607],[-73.00468932135695,-13.519053967521081],[-73.00561287348069,-13.519061325677628],[-73.00560535500993,-13.519965009538048],[-73.0046817994102,-13.519957650871607]]]}},{"type":"Feature","properties":{"Cell_ID":1028,"Area_ha":1.0,"LC":"3:0.394590,14:0.605410","XMIN":715854.86160847,"YMIN":8504383.59738907,"XMAX":715954.86160847,"YMAX":8504483.59738907},"geometry":{"type":"Polygon","coordinates":[[[-73.00467427691335,-13.520861334152933],[-73.0046817994102,-13.519957650871607],[-73.00560535500993,-13.519965009538048],[-73.00559783598933,-13.520868693329273],[-73.00467427691335,-13.520861334152933]]]}},{"type":"Feature","properties":{"Cell_ID":1029,"Area_ha":1.0,"LC":"3:0.139383,9:0.316445,14:0.544173","XMIN":715854.86160847,"YMIN":8504283.59738907,"XMAX":715954.86160847,"YMAX":8504383.59738907},"geometry":{"type":"Polygon","coordinates":[[[-73.00466675386637,-13.521765017365059],[-73.00467427691335,-13.520861334152933],[-73.00559783598933,-13.520868693329273],[-73.00559031641883,-13.5217723770513],[-73.00466675386637,-13.521765017365059]]]}},{"type":"Feature","properties":{"Cell_ID":1030,"Area_ha":1.0,"LC":"6:0.081939,9:0.542712,14:0.375349","XMIN":715854.86160847,"YMIN":8504183.59738907,"XMAX":715954.86160847,"YMAX":8504283.59738907},"geometry":{"type":"Polygon","coordinates":[[[-73.00465923026925,-13.522668700507978],[-73.00466675386637,-13.521765017365059],[-73.00559031641883,-13.5217723770513],[-73.00558279629848,-13.522676060704121],[-73.00465923026925,-13.522668700507978]]]}},{"type":"Feature","properties":{"Cell_ID":1031,"Area_ha":1.0,"LC":"3:0.019241,7:0.439031,9:0.060844,14:0.480885","XMIN":715854.86160847,"YMIN":8504083.59738907,"XMAX":715954.86160847,"YMAX":8504183.59738907},"geometry":{"type":"Polygon","coordinates":[[[-73.00465170612199,-13.523572383581683],[-73.00465923026925,-13.522668700507978],[-73.00558279629848,-13.522676060704121],[-73.00557527562822,-13.523579744287739],[-73.00465170612199,-13.523572383581683]]]}},{"type":"Feature","properties":{"Cell_ID":1032,"Area_ha":1.0,"LC":"3:0.236600,9:0.483793,14:0.279607","XMIN":715854.86160847,"YMIN":8503983.59738907,"XMAX":715954.86160847,"YMAX":8504083.59738907},"geometry":{"type":"Polygon","coordinates":[[[-73.00464418142457,-13.524476066586178],[-73.00465170612199,-13.523572383581683],[-73.00557527562822,-13.523579744287739],[-73.00556775440806,-13.524483427802144],[-73.00464418142457,-13.524476066586178]]]}},{"type":"Feature","properties":{"Cell_ID":1033,"Area_ha":1.0,"LC":"3:0.020281,9:0.322431,14:0.657288","XMIN":715854.86160847,"YMIN":8503883.59738907,"XMAX":715954.86160847,"YMAX":8503983.59738907},"geometry":{"type":"Polygon","coordinates":[[[-73.00463665617698,-13.525379749521452],[-73.00464418142457,-13.524476066586178],[-73.00556775440806,-13.524483427802144],[-73.00556023263799,-13.525387111247337],[-73.00463665617698,-13.525379749521452]]]}},{"type":"Feature","properties":{"Cell_ID":1034,"Area_ha":1.0,"LC":"9:0.739156,14:0.260844","XMIN":715854.86160847,"YMIN":8503783.59738907,"XMAX":715954.86160847,"YMAX":8503883.59738907},"geometry":{"type":"Polygon","coordinates":[[[-73.00462913037921,-13.526283432387505],[-73.00463665617698,-13.525379749521452],[-73.00556023263799,-13.525387111247337],[-73.00555271031799,-13.526290794623305],[-73.00462913037921,-13.526283432387505]]]}},{"type":"Feature","properties":{"Cell_ID":1035,"Area_ha":1.0,"LC":"2:0.277499,3:0.038960,9:0.683542","XMIN":715854.86160847,"YMIN":8503683.59738907,"XMAX":715954.86160847,"YMAX":8503783.59738907},"geometry":{"type":"Polygon","coordinates":[[[-73.00462160403126,-13.52718711518433],[-73.00462913037921,-13.526283432387505],[-73.00555271031799,-13.526290794623305],[-73.00554518744806,-13.527194477930053],[-73.00462160403126,-13.52718711518433]]]}},{"type":"Feature","properties":{"Cell_ID":1036,"Area_ha":1.0,"LC":"2:0.160562,3:0.814787,9:0.024651","XMIN":715854.86160847,"YMIN":8503583.59738907,"XMAX":715954.86160847,"YMAX":8503683.59738907},"geometry":{"type":"Polygon","coordinates":[[[-73.00461407713311,-13.528090797911918],[-73.00462160403126,-13.52718711518433],[-73.00554518744806,-13.527194477930053],[-73.0055376640282,-13.528098161167568],[-73.00461407713311,-13.528090797911918]]]}},{"type":"Feature","properties":{"Cell_ID":1037,"Area_ha":1.0,"LC":"3:0.260437,6:0.001447,9:0.415770,14:0.322346","XMIN":715854.86160847,"YMIN":8503483.59738907,"XMAX":715954.86160847,"YMAX":8503583.59738907},"geometry":{"type":"Polygon","coordinates":[[[-73.00460654968477,-13.52899448057027],[-73.00461407713311,-13.528090797911918],[-73.0055376640282,-13.528098161167568],[-73.00553014005837,-13.529001844335854],[-73.00460654968477,-13.52899448057027]]]}},{"type":"Feature","properties":{"Cell_ID":1038,"Area_ha":1.0,"LC":"6:0.041461,9:0.602488,13:0.315489,14:0.040562","XMIN":715854.86160847,"YMIN":8503383.59738907,"XMAX":715954.86160847,"YMAX":8503483.59738907},"geometry":{"type":"Polygon","coordinates":[[[-73.00459902168619,-13.529898163159384],[-73.00460654968477,-13.52899448057027],[-73.00553014005837,-13.529001844335854],[-73.0055226155386,-13.529905527434902],[-73.00459902168619,-13.529898163159384]]]}},{"type":"Feature","properties":{"Cell_ID":1039,"Area_ha":1.0,"LC":"9:0.704566,13:0.295434","XMIN":715854.86160847,"YMIN":8503283.59738907,"XMAX":715954.86160847,"YMAX":8503383.59738907},"geometry":{"type":"Polygon","coordinates":[[[-73.0045914931374,-13.530801845679253],[-73.00459902168619,-13.529898163159384],[-73.0055226155386,-13.529905527434902],[-73.00551509046883,-13.530809210464707],[-73.0045914931374,-13.530801845679253]]]}},{"type":"Feature","properties":{"Cell_ID":1040,"Area_ha":1.0,"LC":"5:0.201854,9:0.122993,13:0.675153","XMIN":715854.86160847,"YMIN":8503183.59738907,"XMAX":715954.86160847,"YMAX":8503283.59738907},"geometry":{"type":"Polygon","coordinates":[[[-73.00458396403837,-13.531705528129873],[-73.0045914931374,-13.530801845679253],[-73.00551509046883,-13.530809210464707],[-73.0055075648491,-13.531712893425267],[-73.00458396403837,-13.531705528129873]]]}},{"type":"Feature","properties":{"Cell_ID":1041,"Area_ha":1.0,"LC":"5:0.162908,13:0.837092","XMIN":715854.86160847,"YMIN":8503083.59738907,"XMAX":715954.86160847,"YMAX":8503183.59738907},"geometry":{"type":"Polygon","coordinates":[[[-73.0045764343891,-13.532609210511236],[-73.00458396403837,-13.531705528129873],[-73.0055075648491,-13.531712893425267],[-73.00550003867937,-13.532616576316578],[-73.0045764343891,-13.532609210511236]]]}},{"type":"Feature","properties":{"Cell_ID":1042,"Area_ha":1.0,"LC":"5:0.244847,13:0.755153","XMIN":715854.86160847,"YMIN":8502983.59738907,"XMAX":715954.86160847,"YMAX":8503083.59738907},"geometry":{"type":"Polygon","coordinates":[[[-73.00456890418955,-13.53351289282334],[-73.0045764343891,-13.532609210511236],[-73.00550003867937,-13.532616576316578],[-73.00549251195964,-13.533520259138633],[-73.00456890418955,-13.53351289282334]]]}},{"type":"Feature","properties":{"Cell_ID":1043,"Area_ha":1.0,"LC":"5:0.741587,13:0.258413","XMIN":715854.86160847,"YMIN":8502883.59738907,"XMAX":715954.86160847,"YMAX":8502983.59738907},"geometry":{"type":"Polygon","coordinates":[[[-73.00456137343976,-13.534416575066183],[-73.00456890418955,-13.53351289282334],[-73.00549251195964,-13.533520259138633],[-73.0054849846899,-13.53442394189143],[-73.00456137343976,-13.534416575066183]]]}},{"type":"Feature","properties":{"Cell_ID":1044,"Area_ha":1.0,"LC":"5:0.341335,13:0.658665","XMIN":715854.86160847,"YMIN":8502783.59738907,"XMAX":715954.86160847,"YMAX":8502883.59738907},"geometry":{"type":"Polygon","coordinates":[[[-73.00455384213969,-13.535320257239762],[-73.00456137343976,-13.534416575066183],[-73.0054849846899,-13.53442394189143],[-73.00547745687014,-13.535327624574961],[-73.00455384213969,-13.535320257239762]]]}},{"type":"Feature","properties":{"Cell_ID":1045,"Area_ha":1.0,"LC":"5:0.816319,7:0.019241,13:0.164440","XMIN":715854.86160847,"YMIN":8502683.59738907,"XMAX":715954.86160847,"YMAX":8502783.59738907},"geometry":{"type":"Polygon","coordinates":[[[-73.00454631028933,-13.536223939344065],[-73.00455384213969,-13.535320257239762],[-73.00547745687014,-13.535327624574961],[-73.00546992850035,-13.536231307189224],[-73.00454631028933,-13.536223939344065]]]}},{"type":"Feature","properties":{"Cell_ID":1046,"Area_ha":1.0,"LC":"3:0.098594,6:0.461742,7:0.439664","XMIN":715954.86160847,"YMIN":8506383.59738907,"XMAX":716054.86160847,"YMAX":8506483.59738907},"geometry":{"type":"Polygon","coordinates":[[[-73.00390113329007,-13.502780303007622],[-73.00390864825762,-13.501876618853224],[-73.00483213383589,-13.501883970719328],[-73.0048246223395,-13.502787655383784],[-73.00390113329007,-13.502780303007622]]]}},{"type":"Feature","properties":{"Cell_ID":1047,"Area_ha":1.0,"LC":"3:0.900366,6:0.099634","XMIN":715954.86160847,"YMIN":8506283.59738907,"XMAX":716054.86160847,"YMAX":8506383.59738907},"geometry":{"type":"Polygon","coordinates":[[[-73.00389361777235,-13.503683987092899],[-73.00390113329007,-13.502780303007622],[-73.0048246223395,-13.502787655383784],[-73.00481711029317,-13.503691339979126],[-73.00389361777235,-13.503683987092899]]]}},{"type":"Feature","properties":{"Cell_ID":1048,"Area_ha":1.0,"LC":"3:0.521040,5:0.078061,6:0.400899","XMIN":715954.86160847,"YMIN":8506183.59738907,"XMAX":716054.86160847,"YMAX":8506283.59738907},"geometry":{"type":"Polygon","coordinates":[[[-73.00388610170441,-13.504587671109054],[-73.00389361777235,-13.503683987092899],[-73.00481711029317,-13.503691339979126],[-73.00480959769692,-13.504595024505345],[-73.00388610170441,-13.504587671109054]]]}},{"type":"Feature","properties":{"Cell_ID":1049,"Area_ha":1.0,"LC":"5:0.236936,6:0.743823,14:0.019241","XMIN":715954.86160847,"YMIN":8506083.59738907,"XMAX":716054.86160847,"YMAX":8506183.59738907},"geometry":{"type":"Polygon","coordinates":[[[-73.0038785850863,-13.505491355056082],[-73.00388610170441,-13.504587671109054],[-73.00480959769692,-13.504595024505345],[-73.0048020845507,-13.505498708962444],[-73.0038785850863,-13.505491355056082]]]}},{"type":"Feature","properties":{"Cell_ID":1050,"Area_ha":1.0,"LC":"5:0.882010,6:0.000492,14:0.117499","XMIN":715954.86160847,"YMIN":8505983.59738907,"XMAX":716054.86160847,"YMAX":8506083.59738907},"geometry":{"type":"Polygon","coordinates":[[[-73.00387106791796,-13.506395038933976],[-73.0038785850863,-13.505491355056082],[-73.0048020845507,-13.505498708962444],[-73.00479457085454,-13.506402393350413],[-73.00387106791796,-13.506395038933976]]]}},{"type":"Feature","properties":{"Cell_ID":1051,"Area_ha":1.0,"LC":"5:0.122023,6:0.294716,9:0.202908,14:0.380352","XMIN":715954.86160847,"YMIN":8505883.59738907,"XMAX":716054.86160847,"YMAX":8505983.59738907},"geometry":{"type":"Polygon","coordinates":[[[-73.0038635501994,-13.507298722742735],[-73.00387106791796,-13.506395038933976],[-73.00479457085454,-13.506402393350413],[-73.00478705660841,-13.507306077669247],[-73.0038635501994,-13.507298722742735]]]}},{"type":"Feature","properties":{"Cell_ID":1052,"Area_ha":1.0,"LC":"3:0.400323,6:0.599677","XMIN":715954.86160847,"YMIN":8505783.59738907,"XMAX":716054.86160847,"YMAX":8505883.59738907},"geometry":{"type":"Polygon","coordinates":[[[-73.0038560319306,-13.508202406482354],[-73.0038635501994,-13.507298722742735],[-73.00478705660841,-13.507306077669247],[-73.00477954181228,-13.50820976191895],[-73.0038560319306,-13.508202406482354]]]}},{"type":"Feature","properties":{"Cell_ID":1053,"Area_ha":1.0,"LC":"3:0.123555,5:0.098594,6:0.777851","XMIN":715954.86160847,"YMIN":8505683.59738907,"XMAX":716054.86160847,"YMAX":8505783.59738907},"geometry":{"type":"Polygon","coordinates":[[[-73.00384851311156,-13.509106090152825],[-73.0038560319306,-13.508202406482354],[-73.00477954181228,-13.50820976191895],[-73.00477202646617,-13.509113446099507],[-73.00384851311156,-13.509106090152825]]]}},{"type":"Feature","properties":{"Cell_ID":1054,"Area_ha":1.0,"LC":"5:0.584315,6:0.415685","XMIN":715954.86160847,"YMIN":8505583.59738907,"XMAX":716054.86160847,"YMAX":8505683.59738907},"geometry":{"type":"Polygon","coordinates":[[[-73.00384099374227,-13.510009773754149],[-73.00384851311156,-13.509106090152825],[-73.00477202646617,-13.509113446099507],[-73.00476451057007,-13.510017130210917],[-73.00384099374227,-13.510009773754149]]]}},{"type":"Feature","properties":{"Cell_ID":1055,"Area_ha":1.0,"LC":"3:0.157021,6:0.421406,9:0.421573","XMIN":715954.86160847,"YMIN":8505483.59738907,"XMAX":716054.86160847,"YMAX":8505583.59738907},"geometry":{"type":"Polygon","coordinates":[[[-73.00383347382272,-13.51091345728632],[-73.00384099374227,-13.510009773754149],[-73.00476451057007,-13.510017130210917],[-73.00475699412395,-13.510920814253181],[-73.00383347382272,-13.51091345728632]]]}},{"type":"Feature","properties":{"Cell_ID":1056,"Area_ha":1.0,"LC":"3:0.636038,9:0.102305,14:0.261658","XMIN":715954.86160847,"YMIN":8505383.59738907,"XMAX":716054.86160847,"YMAX":8505483.59738907},"geometry":{"type":"Polygon","coordinates":[[[-73.00382595335289,-13.51181714074933],[-73.00383347382272,-13.51091345728632],[-73.00475699412395,-13.510920814253181],[-73.00474947712783,-13.51182449822629],[-73.00382595335289,-13.51181714074933]]]}},{"type":"Feature","properties":{"Cell_ID":1057,"Area_ha":1.0,"LC":"3:0.899719,14:0.100281","XMIN":715954.86160847,"YMIN":8505283.59738907,"XMAX":716054.86160847,"YMAX":8505383.59738907},"geometry":{"type":"Polygon","coordinates":[[[-73.00381843233279,-13.512720824143178],[-73.00382595335289,-13.51181714074933],[-73.00474947712783,-13.51182449822629],[-73.00474195958168,-13.512728182130237],[-73.00381843233279,-13.512720824143178]]]}},{"type":"Feature","properties":{"Cell_ID":1058,"Area_ha":1.0,"LC":"3:0.861729,14:0.138271","XMIN":715954.86160847,"YMIN":8505183.59738907,"XMAX":716054.86160847,"YMAX":8505283.59738907},"geometry":{"type":"Polygon","coordinates":[[[-73.0038109107624,-13.513624507467867],[-73.00381843233279,-13.512720824143178],[-73.00474195958168,-13.512728182130237],[-73.00473444148547,-13.513631865965026],[-73.0038109107624,-13.513624507467867]]]}},{"type":"Feature","properties":{"Cell_ID":1059,"Area_ha":1.0,"LC":"3:0.980210,14:0.019790","XMIN":715954.86160847,"YMIN":8505083.59738907,"XMAX":716054.86160847,"YMAX":8505183.59738907},"geometry":{"type":"Polygon","coordinates":[[[-73.0038033886417,-13.514528190723377],[-73.0038109107624,-13.513624507467867],[-73.00473444148547,-13.513631865965026],[-73.00472692283924,-13.514535549730644],[-73.0038033886417,-13.514528190723377]]]}},{"type":"Feature","properties":{"Cell_ID":1060,"Area_ha":1.0,"LC":"3:1.000000","XMIN":715954.86160847,"YMIN":8504983.59738907,"XMAX":716054.86160847,"YMAX":8505083.59738907},"geometry":{"type":"Polygon","coordinates":[[[-73.00379586597069,-13.515431873909714],[-73.0038033886417,-13.514528190723377],[-73.00472692283924,-13.514535549730644],[-73.00471940364294,-13.515439233427093],[-73.00379586597069,-13.515431873909714]]]}},{"type":"Feature","properties":{"Cell_ID":1061,"Area_ha":1.0,"LC":"3:0.655925,6:0.240969,14:0.103105","XMIN":715954.86160847,"YMIN":8504883.59738907,"XMAX":716054.86160847,"YMAX":8504983.59738907},"geometry":{"type":"Polygon","coordinates":[[[-73.00378834274935,-13.516335557026872],[-73.00379586597069,-13.515431873909714],[-73.00471940364294,-13.515439233427093],[-73.00471188389656,-13.516342917054367],[-73.00378834274935,-13.516335557026872]]]}},{"type":"Feature","properties":{"Cell_ID":1062,"Area_ha":1.0,"LC":"3:0.277725,6:0.000478,14:0.721797","XMIN":715954.86160847,"YMIN":8504783.59738907,"XMAX":716054.86160847,"YMAX":8504883.59738907},"geometry":{"type":"Polygon","coordinates":[[[-73.00378081897769,-13.517239240074842],[-73.00378834274935,-13.516335557026872],[-73.00471188389656,-13.516342917054367],[-73.00470436360011,-13.517246600612456],[-73.00378081897769,-13.517239240074842]]]}},{"type":"Feature","properties":{"Cell_ID":1063,"Area_ha":1.0,"LC":"6:0.002431,9:0.617624,14:0.379945","XMIN":715954.86160847,"YMIN":8504683.59738907,"XMAX":716054.86160847,"YMAX":8504783.59738907},"geometry":{"type":"Polygon","coordinates":[[[-73.00377329465567,-13.518142923053627],[-73.00378081897769,-13.517239240074842],[-73.00470436360011,-13.517246600612456],[-73.00469684275357,-13.518150284101363],[-73.00377329465567,-13.518142923053627]]]}},{"type":"Feature","properties":{"Cell_ID":1064,"Area_ha":1.0,"LC":"6:0.241447,9:0.181406,14:0.577147","XMIN":715954.86160847,"YMIN":8504583.59738907,"XMAX":716054.86160847,"YMAX":8504683.59738907},"geometry":{"type":"Polygon","coordinates":[[[-73.00376576978331,-13.519046605963224],[-73.00377329465567,-13.518142923053627],[-73.00469684275357,-13.518150284101363],[-73.00468932135695,-13.519053967521081],[-73.00376576978331,-13.519046605963224]]]}},{"type":"Feature","properties":{"Cell_ID":1065,"Area_ha":1.0,"LC":"6:0.198553,7:0.399353,14:0.402094","XMIN":715954.86160847,"YMIN":8504483.59738907,"XMAX":716054.86160847,"YMAX":8504583.59738907},"geometry":{"type":"Polygon","coordinates":[[[-73.00375824436061,-13.519950288803617],[-73.00376576978331,-13.519046605963224],[-73.00468932135695,-13.519053967521081],[-73.0046817994102,-13.519957650871607],[-73.00375824436061,-13.519950288803617]]]}},{"type":"Feature","properties":{"Cell_ID":1066,"Area_ha":1.0,"LC":"6:0.021166,7:0.163555,14:0.815278","XMIN":715954.86160847,"YMIN":8504383.59738907,"XMAX":716054.86160847,"YMAX":8504483.59738907},"geometry":{"type":"Polygon","coordinates":[[[-73.00375071838752,-13.520853971574809],[-73.00375824436061,-13.519950288803617],[-73.0046817994102,-13.519957650871607],[-73.00467427691335,-13.520861334152933],[-73.00375071838752,-13.520853971574809]]]}},{"type":"Feature","properties":{"Cell_ID":1067,"Area_ha":1.0,"LC":"6:0.284847,9:0.019241,14:0.695912","XMIN":715954.86160847,"YMIN":8504283.59738907,"XMAX":716054.86160847,"YMAX":8504383.59738907},"geometry":{"type":"Polygon","coordinates":[[[-73.00374319186405,-13.5217576542768],[-73.00375071838752,-13.520853971574809],[-73.00467427691335,-13.520861334152933],[-73.00466675386637,-13.521765017365059],[-73.00374319186405,-13.5217576542768]]]}},{"type":"Feature","properties":{"Cell_ID":1068,"Area_ha":1.0,"LC":"6:0.602346,9:0.177851,14:0.219803","XMIN":715954.86160847,"YMIN":8504183.59738907,"XMAX":716054.86160847,"YMAX":8504283.59738907},"geometry":{"type":"Polygon","coordinates":[[[-73.00373566479017,-13.522661336909575],[-73.00374319186405,-13.5217576542768],[-73.00466675386637,-13.521765017365059],[-73.00465923026925,-13.522668700507978],[-73.00373566479017,-13.522661336909575]]]}},{"type":"Feature","properties":{"Cell_ID":1069,"Area_ha":1.0,"LC":"3:0.161939,6:0.143274,9:0.000478,14:0.694309","XMIN":715954.86160847,"YMIN":8504083.59738907,"XMAX":716054.86160847,"YMAX":8504183.59738907},"geometry":{"type":"Polygon","coordinates":[[[-73.00372813716592,-13.523565019473144],[-73.00373566479017,-13.522661336909575],[-73.00465923026925,-13.522668700507978],[-73.00465170612199,-13.523572383581683],[-73.00372813716592,-13.523565019473144]]]}},{"type":"Feature","properties":{"Cell_ID":1070,"Area_ha":1.0,"LC":"9:0.659085,14:0.340915","XMIN":715954.86160847,"YMIN":8503983.59738907,"XMAX":716054.86160847,"YMAX":8504083.59738907},"geometry":{"type":"Polygon","coordinates":[[[-73.00372060899124,-13.524468701967487],[-73.00372813716592,-13.523565019473144],[-73.00465170612199,-13.523572383581683],[-73.00464418142457,-13.524476066586178],[-73.00372060899124,-13.524468701967487]]]}},{"type":"Feature","properties":{"Cell_ID":1071,"Area_ha":1.0,"LC":"9:0.220437,13:0.522824,14:0.256739","XMIN":715954.86160847,"YMIN":8503883.59738907,"XMAX":716054.86160847,"YMAX":8503983.59738907},"geometry":{"type":"Polygon","coordinates":[[[-73.00371308026615,-13.525372384392611],[-73.00372060899124,-13.524468701967487],[-73.00464418142457,-13.524476066586178],[-73.00463665617698,-13.525379749521452],[-73.00371308026615,-13.525372384392611]]]}},{"type":"Feature","properties":{"Cell_ID":1072,"Area_ha":1.0,"LC":"9:0.580533,13:0.121054,14:0.298413","XMIN":715954.86160847,"YMIN":8503783.59738907,"XMAX":716054.86160847,"YMAX":8503883.59738907},"geometry":{"type":"Polygon","coordinates":[[[-73.00370555099063,-13.526276066748506],[-73.00371308026615,-13.525372384392611],[-73.00463665617698,-13.525379749521452],[-73.00462913037921,-13.526283432387505],[-73.00370555099063,-13.526276066748506]]]}},{"type":"Feature","properties":{"Cell_ID":1073,"Area_ha":1.0,"LC":"9:0.857864,13:0.142136","XMIN":715954.86160847,"YMIN":8503683.59738907,"XMAX":716054.86160847,"YMAX":8503783.59738907},"geometry":{"type":"Polygon","coordinates":[[[-73.00369802116467,-13.527179749035172],[-73.00370555099063,-13.526276066748506],[-73.00462913037921,-13.526283432387505],[-73.00462160403126,-13.52718711518433],[-73.00369802116467,-13.527179749035172]]]}},{"type":"Feature","properties":{"Cell_ID":1074,"Area_ha":1.0,"LC":"3:0.058678,9:0.639579,13:0.301742","XMIN":715954.86160847,"YMIN":8503583.59738907,"XMAX":716054.86160847,"YMAX":8503683.59738907},"geometry":{"type":"Polygon","coordinates":[[[-73.00369049078823,-13.528083431252599],[-73.00369802116467,-13.527179749035172],[-73.00462160403126,-13.52718711518433],[-73.00461407713311,-13.528090797911918],[-73.00369049078823,-13.528083431252599]]]}},{"type":"Feature","properties":{"Cell_ID":1075,"Area_ha":1.0,"LC":"3:0.220352,6:0.058271,7:0.139156,9:0.225129,14:0.357092","XMIN":715954.86160847,"YMIN":8503483.59738907,"XMAX":716054.86160847,"YMAX":8503583.59738907},"geometry":{"type":"Polygon","coordinates":[[[-73.00368295986137,-13.528987113400785],[-73.00369049078823,-13.528083431252599],[-73.00461407713311,-13.528090797911918],[-73.00460654968477,-13.52899448057027],[-73.00368295986137,-13.528987113400785]]]}},{"type":"Feature","properties":{"Cell_ID":1076,"Area_ha":1.0,"LC":"6:0.461237,7:0.221813,9:0.316950","XMIN":715954.86160847,"YMIN":8503383.59738907,"XMAX":716054.86160847,"YMAX":8503483.59738907},"geometry":{"type":"Polygon","coordinates":[[[-73.00367542838401,-13.529890795479728],[-73.00368295986137,-13.528987113400785],[-73.00460654968477,-13.52899448057027],[-73.00459902168619,-13.529898163159384],[-73.00367542838401,-13.529890795479728]]]}},{"type":"Feature","properties":{"Cell_ID":1077,"Area_ha":1.0,"LC":"5:0.020197,6:0.001461,9:0.978342","XMIN":715954.86160847,"YMIN":8503283.59738907,"XMAX":716054.86160847,"YMAX":8503383.59738907},"geometry":{"type":"Polygon","coordinates":[[[-73.00366789635619,-13.530794477489422],[-73.00367542838401,-13.529890795479728],[-73.00459902168619,-13.529898163159384],[-73.0045914931374,-13.530801845679253],[-73.00366789635619,-13.530794477489422]]]}},{"type":"Feature","properties":{"Cell_ID":1078,"Area_ha":1.0,"LC":"5:0.476950,9:0.523050","XMIN":715954.86160847,"YMIN":8503183.59738907,"XMAX":716054.86160847,"YMAX":8503283.59738907},"geometry":{"type":"Polygon","coordinates":[[[-73.00366036377788,-13.531698159429864],[-73.00366789635619,-13.530794477489422],[-73.0045914931374,-13.530801845679253],[-73.00458396403837,-13.531705528129873],[-73.00366036377788,-13.531698159429864]]]}},{"type":"Feature","properties":{"Cell_ID":1079,"Area_ha":1.0,"LC":"5:0.520155,9:0.162908,13:0.316936","XMIN":715954.86160847,"YMIN":8503083.59738907,"XMAX":716054.86160847,"YMAX":8503183.59738907},"geometry":{"type":"Polygon","coordinates":[[[-73.00365283064906,-13.532601841301048],[-73.00366036377788,-13.531698159429864],[-73.00458396403837,-13.531705528129873],[-73.0045764343891,-13.532609210511236],[-73.00365283064906,-13.532601841301048]]]}},{"type":"Feature","properties":{"Cell_ID":1080,"Area_ha":1.0,"LC":"5:0.394028,9:0.164847,13:0.441125","XMIN":715954.86160847,"YMIN":8502983.59738907,"XMAX":716054.86160847,"YMAX":8503083.59738907},"geometry":{"type":"Polygon","coordinates":[[[-73.00364529696974,-13.533505523102967],[-73.00365283064906,-13.532601841301048],[-73.0045764343891,-13.532609210511236],[-73.00456890418955,-13.53351289282334],[-73.00364529696974,-13.533505523102967]]]}},{"type":"Feature","properties":{"Cell_ID":1081,"Area_ha":1.0,"LC":"5:0.655996,9:0.041461,13:0.302543","XMIN":715954.86160847,"YMIN":8502883.59738907,"XMAX":716054.86160847,"YMAX":8502983.59738907},"geometry":{"type":"Polygon","coordinates":[[[-73.0036377627399,-13.534409204835624],[-73.00364529696974,-13.533505523102967],[-73.00456890418955,-13.53351289282334],[-73.00456137343976,-13.534416575066183],[-73.0036377627399,-13.534409204835624]]]}},{"type":"Feature","properties":{"Cell_ID":1082,"Area_ha":1.0,"LC":"5:0.918454,13:0.081546","XMIN":715954.86160847,"YMIN":8502783.59738907,"XMAX":716054.86160847,"YMAX":8502883.59738907},"geometry":{"type":"Polygon","coordinates":[[[-73.00363022795952,-13.535312886499009],[-73.0036377627399,-13.534409204835624],[-73.00456137343976,-13.534416575066183],[-73.00455384213969,-13.535320257239762],[-73.00363022795952,-13.535312886499009]]]}},{"type":"Feature","properties":{"Cell_ID":1083,"Area_ha":1.0,"LC":"5:0.561616,9:0.000478,13:0.437906","XMIN":715954.86160847,"YMIN":8502683.59738907,"XMAX":716054.86160847,"YMAX":8502783.59738907},"geometry":{"type":"Polygon","coordinates":[[[-73.0036226926286,-13.536216568093115],[-73.00363022795952,-13.535312886499009],[-73.00455384213969,-13.535320257239762],[-73.00454631028933,-13.536223939344065],[-73.0036226926286,-13.536216568093115]]]}},{"type":"Feature","properties":{"Cell_ID":1084,"Area_ha":1.0,"LC":"3:0.098594,6:0.503345,7:0.398061","XMIN":716054.86160847,"YMIN":8506383.59738907,"XMAX":716154.86160847,"YMAX":8506483.59738907},"geometry":{"type":"Polygon","coordinates":[[[-73.00297764479083,-13.502772947234398],[-73.00298516322951,-13.501869263590295],[-73.00390864825762,-13.501876618853224],[-73.00390113329007,-13.502780303007622],[-73.00297764479083,-13.502772947234398]]]}},{"type":"Feature","properties":{"Cell_ID":1085,"Area_ha":1.0,"LC":"3:0.961040,6:0.038960","XMIN":716054.86160847,"YMIN":8506283.59738907,"XMAX":716154.86160847,"YMAX":8506383.59738907},"geometry":{"type":"Polygon","coordinates":[[[-73.0029701258017,-13.503676630809377],[-73.00297764479083,-13.502772947234398],[-73.00390113329007,-13.502780303007622],[-73.00389361777235,-13.503683987092899],[-73.0029701258017,-13.503676630809377]]]}},{"type":"Feature","properties":{"Cell_ID":1086,"Area_ha":1.0,"LC":"3:0.379803,6:0.619719,7:0.000478","XMIN":716054.86160847,"YMIN":8506183.59738907,"XMAX":716154.86160847,"YMAX":8506283.59738907},"geometry":{"type":"Polygon","coordinates":[[[-73.00296260626213,-13.504580314315227],[-73.0029701258017,-13.503676630809377],[-73.00389361777235,-13.503683987092899],[-73.00388610170441,-13.504587671109054],[-73.00296260626213,-13.504580314315227]]]}},{"type":"Feature","properties":{"Cell_ID":1087,"Area_ha":1.0,"LC":"3:0.040562,6:0.875560,7:0.001461,14:0.082417","XMIN":716054.86160847,"YMIN":8506083.59738907,"XMAX":716154.86160847,"YMAX":8506183.59738907},"geometry":{"type":"Polygon","coordinates":[[[-73.0029550861721,-13.505483997751949],[-73.00296260626213,-13.504580314315227],[-73.00388610170441,-13.504587671109054],[-73.0038785850863,-13.505491355056082],[-73.0029550861721,-13.505483997751949]]]}},{"type":"Feature","properties":{"Cell_ID":1088,"Area_ha":1.0,"LC":"5:0.235560,6:0.220915,9:0.179156,14:0.364369","XMIN":716054.86160847,"YMIN":8505983.59738907,"XMAX":716154.86160847,"YMAX":8506083.59738907},"geometry":{"type":"Polygon","coordinates":[[[-73.0029475655316,-13.506387681119534],[-73.0029550861721,-13.505483997751949],[-73.0038785850863,-13.505491355056082],[-73.00387106791796,-13.506395038933976],[-73.0029475655316,-13.506387681119534]]]}},{"type":"Feature","properties":{"Cell_ID":1089,"Area_ha":1.0,"LC":"5:0.120562,6:0.342149,9:0.537288","XMIN":716054.86160847,"YMIN":8505883.59738907,"XMAX":716154.86160847,"YMAX":8505983.59738907},"geometry":{"type":"Polygon","coordinates":[[[-73.00294004434062,-13.507291364417979],[-73.0029475655316,-13.506387681119534],[-73.00387106791796,-13.506395038933976],[-73.0038635501994,-13.507298722742735],[-73.00294004434062,-13.507291364417979]]]}},{"type":"Feature","properties":{"Cell_ID":1090,"Area_ha":1.0,"LC":"3:0.338678,6:0.176881,7:0.039915,9:0.444525","XMIN":716054.86160847,"YMIN":8505783.59738907,"XMAX":716154.86160847,"YMAX":8505883.59738907},"geometry":{"type":"Polygon","coordinates":[[[-73.00293252259915,-13.508195047647284],[-73.00294004434062,-13.507291364417979],[-73.0038635501994,-13.507298722742735],[-73.0038560319306,-13.508202406482354],[-73.00293252259915,-13.508195047647284]]]}},{"type":"Feature","properties":{"Cell_ID":1091,"Area_ha":1.0,"LC":"3:0.258413,5:0.318397,6:0.259227,7:0.162993,14:0.000969","XMIN":716054.86160847,"YMIN":8505683.59738907,"XMAX":716154.86160847,"YMAX":8505783.59738907},"geometry":{"type":"Polygon","coordinates":[[[-73.0029250003072,-13.50909873080743],[-73.00293252259915,-13.508195047647284],[-73.0038560319306,-13.508202406482354],[-73.00384851311156,-13.509106090152825],[-73.0029250003072,-13.50909873080743]]]}},{"type":"Feature","properties":{"Cell_ID":1092,"Area_ha":1.0,"LC":"3:0.301573,5:0.496474,6:0.201953","XMIN":716054.86160847,"YMIN":8505583.59738907,"XMAX":716154.86160847,"YMAX":8505683.59738907},"geometry":{"type":"Polygon","coordinates":[[[-73.00291747746473,-13.510002413898434],[-73.0029250003072,-13.50909873080743],[-73.00384851311156,-13.509106090152825],[-73.00384099374227,-13.510009773754149],[-73.00291747746473,-13.510002413898434]]]}},{"type":"Feature","properties":{"Cell_ID":1093,"Area_ha":1.0,"LC":"3:0.483878,5:0.020281,6:0.059790,9:0.436051","XMIN":716054.86160847,"YMIN":8505483.59738907,"XMAX":716154.86160847,"YMAX":8505583.59738907},"geometry":{"type":"Polygon","coordinates":[[[-73.00290995407175,-13.510906096920275],[-73.00291747746473,-13.510002413898434],[-73.00384099374227,-13.510009773754149],[-73.00383347382272,-13.51091345728632],[-73.00290995407175,-13.510906096920275]]]}},{"type":"Feature","properties":{"Cell_ID":1094,"Area_ha":1.0,"LC":"3:0.405410,9:0.338820,14:0.255770","XMIN":716054.86160847,"YMIN":8505383.59738907,"XMAX":716154.86160847,"YMAX":8505483.59738907},"geometry":{"type":"Polygon","coordinates":[[[-73.00290243012826,-13.511809779872957],[-73.00290995407175,-13.510906096920275],[-73.00383347382272,-13.51091345728632],[-73.00382595335289,-13.51181714074933],[-73.00290243012826,-13.511809779872957]]]}},{"type":"Feature","properties":{"Cell_ID":1095,"Area_ha":1.0,"LC":"3:0.681390,9:0.020281,14:0.298329","XMIN":716054.86160847,"YMIN":8505283.59738907,"XMAX":716154.86160847,"YMAX":8505383.59738907},"geometry":{"type":"Polygon","coordinates":[[[-73.00289490563421,-13.51271346275647],[-73.00290243012826,-13.511809779872957],[-73.00382595335289,-13.51181714074933],[-73.00381843233279,-13.512720824143178],[-73.00289490563421,-13.51271346275647]]]}},{"type":"Feature","properties":{"Cell_ID":1096,"Area_ha":1.0,"LC":"3:0.396600,14:0.603400","XMIN":716054.86160847,"YMIN":8505183.59738907,"XMAX":716154.86160847,"YMAX":8505283.59738907},"geometry":{"type":"Polygon","coordinates":[[[-73.00288738058961,-13.513617145570814],[-73.00289490563421,-13.51271346275647],[-73.00381843233279,-13.512720824143178],[-73.0038109107624,-13.513624507467867],[-73.00288738058961,-13.513617145570814]]]}},{"type":"Feature","properties":{"Cell_ID":1097,"Area_ha":1.0,"LC":"3:0.780281,6:0.179156,14:0.040562","XMIN":716054.86160847,"YMIN":8505083.59738907,"XMAX":716154.86160847,"YMAX":8505183.59738907},"geometry":{"type":"Polygon","coordinates":[[[-73.00287985499448,-13.514520828315982],[-73.00288738058961,-13.513617145570814],[-73.0038109107624,-13.513624507467867],[-73.0038033886417,-13.514528190723377],[-73.00287985499448,-13.514520828315982]]]}},{"type":"Feature","properties":{"Cell_ID":1098,"Area_ha":1.0,"LC":"3:0.496895,6:0.400000,14:0.103105","XMIN":716054.86160847,"YMIN":8504983.59738907,"XMAX":716154.86160847,"YMAX":8505083.59738907},"geometry":{"type":"Polygon","coordinates":[[[-73.00287232884877,-13.515424510991975],[-73.00287985499448,-13.514520828315982],[-73.0038033886417,-13.514528190723377],[-73.00379586597069,-13.515431873909714],[-73.00287232884877,-13.515424510991975]]]}},{"type":"Feature","properties":{"Cell_ID":1099,"Area_ha":1.0,"LC":"3:0.099143,6:0.379874,14:0.520983","XMIN":716054.86160847,"YMIN":8504883.59738907,"XMAX":716154.86160847,"YMAX":8504983.59738907},"geometry":{"type":"Polygon","coordinates":[[[-73.00286480215247,-13.51632819359878],[-73.00287232884877,-13.515424510991975],[-73.00379586597069,-13.515431873909714],[-73.00378834274935,-13.516335557026872],[-73.00286480215247,-13.51632819359878]]]}},{"type":"Feature","properties":{"Cell_ID":1100,"Area_ha":1.0,"LC":"3:0.122586,6:0.299648,9:0.102136,14:0.475631","XMIN":716054.86160847,"YMIN":8504783.59738907,"XMAX":716154.86160847,"YMAX":8504883.59738907},"geometry":{"type":"Polygon","coordinates":[[[-73.0028572749056,-13.5172318761364],[-73.00286480215247,-13.51632819359878],[-73.00378834274935,-13.516335557026872],[-73.00378081897769,-13.517239240074842],[-73.0028572749056,-13.5172318761364]]]}},{"type":"Feature","properties":{"Cell_ID":1101,"Area_ha":1.0,"LC":"5:0.000478,6:0.620352,9:0.339170,14:0.040000","XMIN":716054.86160847,"YMIN":8504683.59738907,"XMAX":716154.86160847,"YMAX":8504783.59738907},"geometry":{"type":"Polygon","coordinates":[[[-73.00284974710813,-13.518135558604826],[-73.0028572749056,-13.5172318761364],[-73.00378081897769,-13.517239240074842],[-73.00377329465567,-13.518142923053627],[-73.00284974710813,-13.518135558604826]]]}},{"type":"Feature","properties":{"Cell_ID":1102,"Area_ha":1.0,"LC":"5:0.004847,6:0.197990,9:0.160633,14:0.636529","XMIN":716054.86160847,"YMIN":8504583.59738907,"XMAX":716154.86160847,"YMAX":8504683.59738907},"geometry":{"type":"Polygon","coordinates":[[[-73.00284221876005,-13.519039241004057],[-73.00284974710813,-13.518135558604826],[-73.00377329465567,-13.518142923053627],[-73.00376576978331,-13.519046605963224],[-73.00284221876005,-13.519039241004057]]]}},{"type":"Feature","properties":{"Cell_ID":1103,"Area_ha":1.0,"LC":"3:0.162824,5:0.001461,6:0.079101,7:0.058271,14:0.698342","XMIN":716054.86160847,"YMIN":8504483.59738907,"XMAX":716154.86160847,"YMAX":8504583.59738907},"geometry":{"type":"Polygon","coordinates":[[[-73.00283468986137,-13.519942923334089],[-73.00284221876005,-13.519039241004057],[-73.00376576978331,-13.519046605963224],[-73.00375824436061,-13.519950288803617],[-73.00283468986137,-13.519942923334089]]]}},{"type":"Feature","properties":{"Cell_ID":1104,"Area_ha":1.0,"LC":"3:0.042023,6:0.278960,7:0.418820,9:0.180604,14:0.079593","XMIN":716054.86160847,"YMIN":8504383.59738907,"XMAX":716154.86160847,"YMAX":8504483.59738907},"geometry":{"type":"Polygon","coordinates":[[[-73.00282716041205,-13.520846605594913],[-73.00283468986137,-13.519942923334089],[-73.00375824436061,-13.519950288803617],[-73.00375071838752,-13.520853971574809],[-73.00282716041205,-13.520846605594913]]]}},{"type":"Feature","properties":{"Cell_ID":1105,"Area_ha":1.0,"LC":"6:0.475153,9:0.465129,14:0.059719","XMIN":716054.86160847,"YMIN":8504283.59738907,"XMAX":716154.86160847,"YMAX":8504383.59738907},"geometry":{"type":"Polygon","coordinates":[[[-73.00281963041209,-13.52175028778653],[-73.00282716041205,-13.520846605594913],[-73.00375071838752,-13.520853971574809],[-73.00374319186405,-13.5217576542768],[-73.00281963041209,-13.52175028778653]]]}},{"type":"Feature","properties":{"Cell_ID":1106,"Area_ha":1.0,"LC":"3:0.061166,6:0.416403,9:0.041054,14:0.481377","XMIN":716054.86160847,"YMIN":8504183.59738907,"XMAX":716154.86160847,"YMAX":8504283.59738907},"geometry":{"type":"Polygon","coordinates":[[[-73.0028120998615,-13.522653969908932],[-73.00281963041209,-13.52175028778653],[-73.00374319186405,-13.5217576542768],[-73.00373566479017,-13.522661336909575],[-73.0028120998615,-13.522653969908932]]]}},{"type":"Feature","properties":{"Cell_ID":1107,"Area_ha":1.0,"LC":"3:0.300773,6:0.378820,9:0.259563,14:0.060844","XMIN":716054.86160847,"YMIN":8504083.59738907,"XMAX":716154.86160847,"YMAX":8504183.59738907},"geometry":{"type":"Polygon","coordinates":[[[-73.00280456876025,-13.523557651962118],[-73.0028120998615,-13.522653969908932],[-73.00373566479017,-13.522661336909575],[-73.00372813716592,-13.523565019473144],[-73.00280456876025,-13.523557651962118]]]}},{"type":"Feature","properties":{"Cell_ID":1108,"Area_ha":1.0,"LC":"9:1.000000","XMIN":716054.86160847,"YMIN":8503983.59738907,"XMAX":716154.86160847,"YMAX":8504083.59738907},"geometry":{"type":"Polygon","coordinates":[[[-73.00279703710834,-13.524461333946078],[-73.00280456876025,-13.523557651962118],[-73.00372813716592,-13.523565019473144],[-73.00372060899124,-13.524468701967487],[-73.00279703710834,-13.524461333946078]]]}},{"type":"Feature","properties":{"Cell_ID":1109,"Area_ha":1.0,"LC":"9:0.141406,13:0.858594","XMIN":716054.86160847,"YMIN":8503883.59738907,"XMAX":716154.86160847,"YMAX":8503983.59738907},"geometry":{"type":"Polygon","coordinates":[[[-73.00278950490575,-13.525365015860814],[-73.00279703710834,-13.524461333946078],[-73.00372060899124,-13.524468701967487],[-73.00371308026615,-13.525372384392611],[-73.00278950490575,-13.525365015860814]]]}},{"type":"Feature","properties":{"Cell_ID":1110,"Area_ha":1.0,"LC":"9:0.895685,13:0.104315","XMIN":716054.86160847,"YMIN":8503783.59738907,"XMAX":716154.86160847,"YMAX":8503883.59738907},"geometry":{"type":"Polygon","coordinates":[[[-73.00278197215248,-13.52626869770632],[-73.00278950490575,-13.525365015860814],[-73.00371308026615,-13.525372384392611],[-73.00370555099063,-13.526276066748506],[-73.00278197215248,-13.52626869770632]]]}},{"type":"Feature","properties":{"Cell_ID":1111,"Area_ha":1.0,"LC":"9:0.902698,13:0.097302","XMIN":716054.86160847,"YMIN":8503683.59738907,"XMAX":716154.86160847,"YMAX":8503783.59738907},"geometry":{"type":"Polygon","coordinates":[[[-73.0027744388485,-13.52717237948259],[-73.00278197215248,-13.52626869770632],[-73.00370555099063,-13.526276066748506],[-73.00369802116467,-13.527179749035172],[-73.0027744388485,-13.52717237948259]]]}},{"type":"Feature","properties":{"Cell_ID":1112,"Area_ha":1.0,"LC":"9:0.578918,13:0.421082","XMIN":716054.86160847,"YMIN":8503583.59738907,"XMAX":716154.86160847,"YMAX":8503683.59738907},"geometry":{"type":"Polygon","coordinates":[[[-73.00276690499383,-13.528076061189617],[-73.0027744388485,-13.52717237948259],[-73.00369802116467,-13.527179749035172],[-73.00369049078823,-13.528083431252599],[-73.00276690499383,-13.528076061189617]]]}},{"type":"Feature","properties":{"Cell_ID":1113,"Area_ha":1.0,"LC":"9:0.434506,13:0.565494","XMIN":716054.86160847,"YMIN":8503483.59738907,"XMAX":716154.86160847,"YMAX":8503583.59738907},"geometry":{"type":"Polygon","coordinates":[[[-73.00275937058844,-13.528979742827405],[-73.00276690499383,-13.528076061189617],[-73.00369049078823,-13.528083431252599],[-73.00368295986137,-13.528987113400785],[-73.00275937058844,-13.528979742827405]]]}},{"type":"Feature","properties":{"Cell_ID":1114,"Area_ha":1.0,"LC":"6:0.117021,7:0.298187,9:0.584792","XMIN":716054.86160847,"YMIN":8503383.59738907,"XMAX":716154.86160847,"YMAX":8503483.59738907},"geometry":{"type":"Polygon","coordinates":[[[-73.00275183563232,-13.529883424395942],[-73.00275937058844,-13.528979742827405],[-73.00368295986137,-13.528987113400785],[-73.00367542838401,-13.529890795479728],[-73.00275183563232,-13.529883424395942]]]}},{"type":"Feature","properties":{"Cell_ID":1115,"Area_ha":1.0,"LC":"5:0.439367,6:0.199101,7:0.142783,9:0.218749","XMIN":716054.86160847,"YMIN":8503283.59738907,"XMAX":716154.86160847,"YMAX":8503383.59738907},"geometry":{"type":"Polygon","coordinates":[[[-73.00274430012549,-13.530787105895223],[-73.00275183563232,-13.529883424395942],[-73.00367542838401,-13.529890795479728],[-73.00366789635619,-13.530794477489422],[-73.00274430012549,-13.530787105895223]]]}},{"type":"Feature","properties":{"Cell_ID":1116,"Area_ha":1.0,"LC":"5:0.080633,9:0.919367","XMIN":716054.86160847,"YMIN":8503183.59738907,"XMAX":716154.86160847,"YMAX":8503283.59738907},"geometry":{"type":"Polygon","coordinates":[[[-73.00273676406789,-13.531690787325255],[-73.00274430012549,-13.530787105895223],[-73.00366789635619,-13.530794477489422],[-73.00366036377788,-13.531698159429864],[-73.00273676406789,-13.531690787325255]]]}},{"type":"Feature","properties":{"Cell_ID":1117,"Area_ha":1.0,"LC":"5:0.078061,9:0.842501,14:0.079438","XMIN":716054.86160847,"YMIN":8503083.59738907,"XMAX":716154.86160847,"YMAX":8503183.59738907},"geometry":{"type":"Polygon","coordinates":[[[-73.00272922745954,-13.53259446868602],[-73.00273676406789,-13.531690787325255],[-73.00366036377788,-13.531698159429864],[-73.00365283064906,-13.532601841301048],[-73.00272922745954,-13.53259446868602]]]}},{"type":"Feature","properties":{"Cell_ID":1118,"Area_ha":1.0,"LC":"9:0.496332,13:0.061166,14:0.442501","XMIN":716054.86160847,"YMIN":8502983.59738907,"XMAX":716154.86160847,"YMAX":8503083.59738907},"geometry":{"type":"Polygon","coordinates":[[[-73.00272169030043,-13.533498149977522],[-73.00272922745954,-13.53259446868602],[-73.00365283064906,-13.532601841301048],[-73.00364529696974,-13.533505523102967],[-73.00272169030043,-13.533498149977522]]]}},{"type":"Feature","properties":{"Cell_ID":1119,"Area_ha":1.0,"LC":"9:0.558539,13:0.441461","XMIN":716054.86160847,"YMIN":8502883.59738907,"XMAX":716154.86160847,"YMAX":8502983.59738907},"geometry":{"type":"Polygon","coordinates":[[[-73.00271415259056,-13.53440183119975],[-73.00272169030043,-13.533498149977522],[-73.00364529696974,-13.533505523102967],[-73.0036377627399,-13.534409204835624],[-73.00271415259056,-13.53440183119975]]]}},{"type":"Feature","properties":{"Cell_ID":1120,"Area_ha":1.0,"LC":"5:0.335770,9:0.324918,13:0.339312","XMIN":716054.86160847,"YMIN":8502783.59738907,"XMAX":716154.86160847,"YMAX":8502883.59738907},"geometry":{"type":"Polygon","coordinates":[[[-73.0027066143299,-13.535305512352709],[-73.00271415259056,-13.53440183119975],[-73.0036377627399,-13.534409204835624],[-73.00363022795952,-13.535312886499009],[-73.0027066143299,-13.535305512352709]]]}},{"type":"Feature","properties":{"Cell_ID":1121,"Area_ha":1.0,"LC":"5:0.219383,9:0.583526,13:0.197092","XMIN":716054.86160847,"YMIN":8502683.59738907,"XMAX":716154.86160847,"YMAX":8502783.59738907},"geometry":{"type":"Polygon","coordinates":[[[-73.00269907551842,-13.536209193436385],[-73.0027066143299,-13.535305512352709],[-73.00363022795952,-13.535312886499009],[-73.0036226926286,-13.536216568093115],[-73.00269907551842,-13.536209193436385]]]}},{"type":"Feature","properties":{"Cell_ID":1122,"Area_ha":1.0,"LC":"7:0.078875,9:0.643064,13:0.278061","XMIN":716054.86160847,"YMIN":8502583.59738907,"XMAX":716154.86160847,"YMAX":8502683.59738907},"geometry":{"type":"Polygon","coordinates":[[[-73.00269153615616,-13.53711287445078],[-73.00269907551842,-13.536209193436385],[-73.0036226926286,-13.536216568093115],[-73.00361515674714,-13.537120249617947],[-73.00269153615616,-13.53711287445078]]]}},{"type":"Feature","properties":{"Cell_ID":1123,"Area_ha":1.0,"LC":"6:0.361532,7:0.438539,14:0.199929","XMIN":716154.86160847,"YMIN":8506083.59738907,"XMAX":716254.86160847,"YMAX":8506183.59738907},"geometry":{"type":"Polygon","coordinates":[[[-73.00203158780836,-13.50547663705006],[-73.0020391113703,-13.504572954123878],[-73.00296260626213,-13.504580314315227],[-73.0029550861721,-13.505483997751949],[-73.00203158780836,-13.50547663705006]]]}},{"type":"Feature","properties":{"Cell_ID":1124,"Area_ha":1.0,"LC":"3:0.003878,5:0.218678,6:0.340688,7:0.080562,14:0.356193","XMIN":716154.86160847,"YMIN":8505983.59738907,"XMAX":716254.86160847,"YMAX":8506083.59738907},"geometry":{"type":"Polygon","coordinates":[[[-73.00202406369573,-13.5063803199071],[-73.00203158780836,-13.50547663705006],[-73.0029550861721,-13.505483997751949],[-73.0029475655316,-13.506387681119534],[-73.00202406369573,-13.5063803199071]]]}},{"type":"Feature","properties":{"Cell_ID":1125,"Area_ha":1.0,"LC":"3:0.000969,5:0.482488,6:0.477583,9:0.038960","XMIN":716154.86160847,"YMIN":8505883.59738907,"XMAX":716254.86160847,"YMAX":8505983.59738907},"geometry":{"type":"Polygon","coordinates":[[[-73.00201653903234,-13.507284002694995],[-73.00202406369573,-13.5063803199071],[-73.0029475655316,-13.506387681119534],[-73.00294004434062,-13.507291364417979],[-73.00201653903234,-13.507284002694995]]]}},{"type":"Feature","properties":{"Cell_ID":1126,"Area_ha":1.0,"LC":"3:0.520323,5:0.102712,6:0.040562,7:0.019241,9:0.317162","XMIN":716154.86160847,"YMIN":8505783.59738907,"XMAX":716254.86160847,"YMAX":8505883.59738907},"geometry":{"type":"Polygon","coordinates":[[[-73.00200901381822,-13.508187685413747],[-73.00201653903234,-13.507284002694995],[-73.00294004434062,-13.507291364417979],[-73.00293252259915,-13.508195047647284],[-73.00200901381822,-13.508187685413747]]]}},{"type":"Feature","properties":{"Cell_ID":1127,"Area_ha":1.0,"LC":"3:0.122586,6:0.137709,7:0.461237,14:0.278468","XMIN":716154.86160847,"YMIN":8505683.59738907,"XMAX":716254.86160847,"YMAX":8505783.59738907},"geometry":{"type":"Polygon","coordinates":[[[-73.00200148805335,-13.509091368063338],[-73.00200901381822,-13.508187685413747],[-73.00293252259915,-13.508195047647284],[-73.0029250003072,-13.50909873080743],[-73.00200148805335,-13.509091368063338]]]}},{"type":"Feature","properties":{"Cell_ID":1128,"Area_ha":1.0,"LC":"3:0.200407,6:0.497851,7:0.000492,14:0.301251","XMIN":716154.86160847,"YMIN":8505583.59738907,"XMAX":716254.86160847,"YMAX":8505683.59738907},"geometry":{"type":"Polygon","coordinates":[[[-73.00199396173772,-13.50999505064378],[-73.00200148805335,-13.509091368063338],[-73.0029250003072,-13.50909873080743],[-73.00291747746473,-13.510002413898434],[-73.00199396173772,-13.50999505064378]]]}},{"type":"Feature","properties":{"Cell_ID":1129,"Area_ha":1.0,"LC":"3:0.580126,6:0.239593,14:0.180281","XMIN":716154.86160847,"YMIN":8505483.59738907,"XMAX":716254.86160847,"YMAX":8505583.59738907},"geometry":{"type":"Polygon","coordinates":[[[-73.00198643487131,-13.51089873315506],[-73.00199396173772,-13.50999505064378],[-73.00291747746473,-13.510002413898434],[-73.00290995407175,-13.510906096920275],[-73.00198643487131,-13.51089873315506]]]}},{"type":"Feature","properties":{"Cell_ID":1130,"Area_ha":1.0,"LC":"3:1.000000","XMIN":716154.86160847,"YMIN":8505383.59738907,"XMAX":716254.86160847,"YMAX":8505483.59738907},"geometry":{"type":"Polygon","coordinates":[[[-73.00197890745414,-13.51180241559717],[-73.00198643487131,-13.51089873315506],[-73.00290995407175,-13.510906096920275],[-73.00290243012826,-13.511809779872957],[-73.00197890745414,-13.51180241559717]]]}},{"type":"Feature","properties":{"Cell_ID":1131,"Area_ha":1.0,"LC":"3:0.941322,14:0.058678","XMIN":716154.86160847,"YMIN":8505283.59738907,"XMAX":716254.86160847,"YMAX":8505383.59738907},"geometry":{"type":"Polygon","coordinates":[[[-73.00197137948618,-13.512706097970113],[-73.00197890745414,-13.51180241559717],[-73.00290243012826,-13.511809779872957],[-73.00289490563421,-13.51271346275647],[-73.00197137948618,-13.512706097970113]]]}},{"type":"Feature","properties":{"Cell_ID":1132,"Area_ha":1.0,"LC":"3:0.583526,14:0.416474","XMIN":716154.86160847,"YMIN":8505183.59738907,"XMAX":716254.86160847,"YMAX":8505283.59738907},"geometry":{"type":"Polygon","coordinates":[[[-73.0019638509674,-13.513609780273883],[-73.00197137948618,-13.512706097970113],[-73.00289490563421,-13.51271346275647],[-73.00288738058961,-13.513617145570814],[-73.0019638509674,-13.513609780273883]]]}},{"type":"Feature","properties":{"Cell_ID":1133,"Area_ha":1.0,"LC":"3:0.977864,9:0.020197,14:0.001939","XMIN":716154.86160847,"YMIN":8505083.59738907,"XMAX":716254.86160847,"YMAX":8505183.59738907},"geometry":{"type":"Polygon","coordinates":[[[-73.00195632189782,-13.514513462508475],[-73.0019638509674,-13.513609780273883],[-73.00288738058961,-13.513617145570814],[-73.00287985499448,-13.514520828315982],[-73.00195632189782,-13.514513462508475]]]}},{"type":"Feature","properties":{"Cell_ID":1134,"Area_ha":1.0,"LC":"3:0.119664,9:0.343681,14:0.536655","XMIN":716154.86160847,"YMIN":8504983.59738907,"XMAX":716254.86160847,"YMAX":8505083.59738907},"geometry":{"type":"Polygon","coordinates":[[[-73.00194879227742,-13.515417144673885],[-73.00195632189782,-13.514513462508475],[-73.00287985499448,-13.514520828315982],[-73.00287232884877,-13.515424510991975],[-73.00194879227742,-13.515417144673885]]]}},{"type":"Feature","properties":{"Cell_ID":1135,"Area_ha":1.0,"LC":"3:0.038960,7:0.502543,14:0.458498","XMIN":716154.86160847,"YMIN":8504883.59738907,"XMAX":716254.86160847,"YMAX":8504983.59738907},"geometry":{"type":"Polygon","coordinates":[[[-73.00194126210619,-13.516320826770107],[-73.00194879227742,-13.515417144673885],[-73.00287232884877,-13.515424510991975],[-73.00286480215247,-13.51632819359878],[-73.00194126210619,-13.516320826770107]]]}},{"type":"Feature","properties":{"Cell_ID":1136,"Area_ha":1.0,"LC":"3:0.442010,6:0.079031,7:0.061335,9:0.356458,14:0.061166","XMIN":716154.86160847,"YMIN":8504783.59738907,"XMAX":716254.86160847,"YMAX":8504883.59738907},"geometry":{"type":"Polygon","coordinates":[[[-73.00193373138411,-13.517224508797133],[-73.00194126210619,-13.516320826770107],[-73.00286480215247,-13.51632819359878],[-73.0028572749056,-13.5172318761364],[-73.00193373138411,-13.517224508797133]]]}},{"type":"Feature","properties":{"Cell_ID":1137,"Area_ha":1.0,"LC":"3:0.001447,5:0.019241,6:0.078061,9:0.678132,14:0.223119","XMIN":716154.86160847,"YMIN":8504683.59738907,"XMAX":716254.86160847,"YMAX":8504783.59738907},"geometry":{"type":"Polygon","coordinates":[[[-73.00192620011119,-13.518128190754966],[-73.00193373138411,-13.517224508797133],[-73.0028572749056,-13.5172318761364],[-73.00284974710813,-13.518135558604826],[-73.00192620011119,-13.518128190754966]]]}},{"type":"Feature","properties":{"Cell_ID":1138,"Area_ha":1.0,"LC":"3:0.004369,5:0.454871,6:0.299634,9:0.120562,14:0.120562","XMIN":716154.86160847,"YMIN":8504583.59738907,"XMAX":716254.86160847,"YMAX":8504683.59738907},"geometry":{"type":"Polygon","coordinates":[[[-73.0019186682874,-13.519031872643602],[-73.00192620011119,-13.518128190754966],[-73.00284974710813,-13.518135558604826],[-73.00284221876005,-13.519039241004057],[-73.0019186682874,-13.519031872643602]]]}},{"type":"Feature","properties":{"Cell_ID":1139,"Area_ha":1.0,"LC":"3:0.815208,5:0.123457,6:0.061335","XMIN":716154.86160847,"YMIN":8504483.59738907,"XMAX":716254.86160847,"YMAX":8504583.59738907},"geometry":{"type":"Polygon","coordinates":[[[-73.00191113591276,-13.519935554463034],[-73.0019186682874,-13.519031872643602],[-73.00284221876005,-13.519039241004057],[-73.00283468986137,-13.519942923334089],[-73.00191113591276,-13.519935554463034]]]}},{"type":"Feature","properties":{"Cell_ID":1140,"Area_ha":1.0,"LC":"3:0.139945,5:0.242431,6:0.401447,7:0.039031,9:0.098271,14:0.078875","XMIN":716154.86160847,"YMIN":8504383.59738907,"XMAX":716254.86160847,"YMAX":8504483.59738907},"geometry":{"type":"Polygon","coordinates":[[[-73.00190360298723,-13.52083923621325],[-73.00191113591276,-13.519935554463034],[-73.00283468986137,-13.519942923334089],[-73.00282716041205,-13.520846605594913],[-73.00190360298723,-13.52083923621325]]]}},{"type":"Feature","properties":{"Cell_ID":1141,"Area_ha":1.0,"LC":"6:0.001461,9:0.314506,14:0.684033","XMIN":716154.86160847,"YMIN":8504283.59738907,"XMAX":716254.86160847,"YMAX":8504383.59738907},"geometry":{"type":"Polygon","coordinates":[[[-73.0018960695108,-13.52174291789426],[-73.00190360298723,-13.52083923621325],[-73.00282716041205,-13.520846605594913],[-73.00281963041209,-13.52175028778653],[-73.0018960695108,-13.52174291789426]]]}},{"type":"Feature","properties":{"Cell_ID":1142,"Area_ha":1.0,"LC":"3:0.058271,6:0.318384,9:0.263345,14:0.360000","XMIN":716154.86160847,"YMIN":8504183.59738907,"XMAX":716254.86160847,"YMAX":8504283.59738907},"geometry":{"type":"Polygon","coordinates":[[[-73.00188853548349,-13.522646599506048],[-73.0018960695108,-13.52174291789426],[-73.00281963041209,-13.52175028778653],[-73.0028120998615,-13.522653969908932],[-73.00188853548349,-13.522646599506048]]]}},{"type":"Feature","properties":{"Cell_ID":1143,"Area_ha":1.0,"LC":"3:0.177851,6:0.523555,9:0.237428,14:0.061166","XMIN":716154.86160847,"YMIN":8504083.59738907,"XMAX":716254.86160847,"YMAX":8504183.59738907},"geometry":{"type":"Polygon","coordinates":[[[-73.00188100090526,-13.523550281048621],[-73.00188853548349,-13.522646599506048],[-73.0028120998615,-13.522653969908932],[-73.00280456876025,-13.523557651962118],[-73.00188100090526,-13.523550281048621]]]}},{"type":"Feature","properties":{"Cell_ID":1144,"Area_ha":1.0,"LC":"9:0.897288,14:0.102712","XMIN":716154.86160847,"YMIN":8503983.59738907,"XMAX":716254.86160847,"YMAX":8504083.59738907},"geometry":{"type":"Polygon","coordinates":[[[-73.00187346577611,-13.524453962521964],[-73.00188100090526,-13.523550281048621],[-73.00280456876025,-13.523557651962118],[-73.00279703710834,-13.524461333946078],[-73.00187346577611,-13.524453962521964]]]}},{"type":"Feature","properties":{"Cell_ID":1145,"Area_ha":1.0,"LC":"9:0.863668,13:0.136332","XMIN":716154.86160847,"YMIN":8503883.59738907,"XMAX":716254.86160847,"YMAX":8503983.59738907},"geometry":{"type":"Polygon","coordinates":[[[-73.00186593009605,-13.525357643926075],[-73.00187346577611,-13.524453962521964],[-73.00279703710834,-13.524461333946078],[-73.00278950490575,-13.525365015860814],[-73.00186593009605,-13.525357643926075]]]}},{"type":"Feature","properties":{"Cell_ID":1146,"Area_ha":1.0,"LC":"9:0.863119,13:0.136881","XMIN":716154.86160847,"YMIN":8503783.59738907,"XMAX":716254.86160847,"YMAX":8503883.59738907},"geometry":{"type":"Polygon","coordinates":[[[-73.001858393865,-13.526261325260954],[-73.00186593009605,-13.525357643926075],[-73.00278950490575,-13.525365015860814],[-73.00278197215248,-13.52626869770632],[-73.001858393865,-13.526261325260954]]]}},{"type":"Feature","properties":{"Cell_ID":1147,"Area_ha":1.0,"LC":"9:1.000000","XMIN":716154.86160847,"YMIN":8503683.59738907,"XMAX":716254.86160847,"YMAX":8503783.59738907},"geometry":{"type":"Polygon","coordinates":[[[-73.00185085708306,-13.527165006526594],[-73.001858393865,-13.526261325260954],[-73.00278197215248,-13.52626869770632],[-73.0027744388485,-13.52717237948259],[-73.00185085708306,-13.527165006526594]]]}},{"type":"Feature","properties":{"Cell_ID":1148,"Area_ha":1.0,"LC":"9:0.784792,13:0.215208","XMIN":716154.86160847,"YMIN":8503583.59738907,"XMAX":716254.86160847,"YMAX":8503683.59738907},"geometry":{"type":"Polygon","coordinates":[[[-73.00184331975014,-13.528068687722989],[-73.00185085708306,-13.527165006526594],[-73.0027744388485,-13.52717237948259],[-73.00276690499383,-13.528076061189617],[-73.00184331975014,-13.528068687722989]]]}},{"type":"Feature","properties":{"Cell_ID":1149,"Area_ha":1.0,"LC":"9:0.104088,13:0.895912","XMIN":716154.86160847,"YMIN":8503483.59738907,"XMAX":716254.86160847,"YMAX":8503583.59738907},"geometry":{"type":"Polygon","coordinates":[[[-73.00183578186625,-13.528972368850138],[-73.00184331975014,-13.528068687722989],[-73.00276690499383,-13.528076061189617],[-73.00275937058844,-13.528979742827405],[-73.00183578186625,-13.528972368850138]]]}},{"type":"Feature","properties":{"Cell_ID":1150,"Area_ha":1.0,"LC":"9:0.277021,13:0.722979","XMIN":716154.86160847,"YMIN":8503383.59738907,"XMAX":716254.86160847,"YMAX":8503483.59738907},"geometry":{"type":"Polygon","coordinates":[[[-73.00182824343138,-13.529876049908033],[-73.00183578186625,-13.528972368850138],[-73.00275937058844,-13.528979742827405],[-73.00275183563232,-13.529883424395942],[-73.00182824343138,-13.529876049908033]]]}},{"type":"Feature","properties":{"Cell_ID":1151,"Area_ha":1.0,"LC":"5:0.318384,7:0.521939,9:0.118623,13:0.041054","XMIN":716154.86160847,"YMIN":8503283.59738907,"XMAX":716254.86160847,"YMAX":8503383.59738907},"geometry":{"type":"Polygon","coordinates":[[[-73.00182070444552,-13.530779730896674],[-73.00182824343138,-13.529876049908033],[-73.00275183563232,-13.529883424395942],[-73.00274430012549,-13.530787105895223],[-73.00182070444552,-13.530779730896674]]]}},{"type":"Feature","properties":{"Cell_ID":1152,"Area_ha":1.0,"LC":"5:0.265691,9:0.734309","XMIN":716154.86160847,"YMIN":8503183.59738907,"XMAX":716254.86160847,"YMAX":8503283.59738907},"geometry":{"type":"Polygon","coordinates":[[[-73.00181316490867,-13.53168341181605],[-73.00182070444552,-13.530779730896674],[-73.00274430012549,-13.530787105895223],[-73.00273676406789,-13.531690787325255],[-73.00181316490867,-13.53168341181605]]]}},{"type":"Feature","properties":{"Cell_ID":1153,"Area_ha":1.0,"LC":"5:0.020773,9:0.778342,14:0.200885","XMIN":716154.86160847,"YMIN":8503083.59738907,"XMAX":716254.86160847,"YMAX":8503183.59738907},"geometry":{"type":"Polygon","coordinates":[[[-73.00180562482079,-13.532587092666166],[-73.00181316490867,-13.53168341181605],[-73.00273676406789,-13.531690787325255],[-73.00272922745954,-13.53259446868602],[-73.00180562482079,-13.532587092666166]]]}},{"type":"Feature","properties":{"Cell_ID":1154,"Area_ha":1.0,"LC":"9:0.222769,13:0.418116,14:0.359115","XMIN":716154.86160847,"YMIN":8502983.59738907,"XMAX":716254.86160847,"YMAX":8503083.59738907},"geometry":{"type":"Polygon","coordinates":[[[-73.00179808418191,-13.533490773447012],[-73.00180562482079,-13.532587092666166],[-73.00272922745954,-13.53259446868602],[-73.00272169030043,-13.533498149977522],[-73.00179808418191,-13.533490773447012]]]}},{"type":"Feature","properties":{"Cell_ID":1155,"Area_ha":1.0,"LC":"9:0.001939,13:0.998061","XMIN":716154.86160847,"YMIN":8502883.59738907,"XMAX":716254.86160847,"YMAX":8502983.59738907},"geometry":{"type":"Polygon","coordinates":[[[-73.001790542992,-13.534394454158583],[-73.00179808418191,-13.533490773447012],[-73.00272169030043,-13.533498149977522],[-73.00271415259056,-13.53440183119975],[-73.001790542992,-13.534394454158583]]]}},{"type":"Feature","properties":{"Cell_ID":1156,"Area_ha":1.0,"LC":"9:0.779085,13:0.220915","XMIN":716154.86160847,"YMIN":8502783.59738907,"XMAX":716254.86160847,"YMAX":8502883.59738907},"geometry":{"type":"Polygon","coordinates":[[[-73.00178300125106,-13.535298134800874],[-73.001790542992,-13.534394454158583],[-73.00271415259056,-13.53440183119975],[-73.0027066143299,-13.535305512352709],[-73.00178300125106,-13.535298134800874]]]}},{"type":"Feature","properties":{"Cell_ID":1157,"Area_ha":1.0,"LC":"9:1.000000","XMIN":716154.86160847,"YMIN":8502683.59738907,"XMAX":716254.86160847,"YMAX":8502783.59738907},"geometry":{"type":"Polygon","coordinates":[[[-73.00177545895905,-13.536201815373882],[-73.00178300125106,-13.535298134800874],[-73.0027066143299,-13.535305512352709],[-73.00269907551842,-13.536209193436385],[-73.00177545895905,-13.536201815373882]]]}},{"type":"Feature","properties":{"Cell_ID":1158,"Area_ha":1.0,"LC":"7:0.038960,9:0.840155,18:0.120885","XMIN":716154.86160847,"YMIN":8502583.59738907,"XMAX":716254.86160847,"YMAX":8502683.59738907},"geometry":{"type":"Polygon","coordinates":[[[-73.00176791611601,-13.537105495877606],[-73.00177545895905,-13.536201815373882],[-73.00269907551842,-13.536209193436385],[-73.00269153615616,-13.53711287445078],[-73.00176791611601,-13.537105495877606]]]}},{"type":"Feature","properties":{"Cell_ID":1159,"Area_ha":1.0,"LC":"3:0.637414,6:0.362586","XMIN":716254.86160847,"YMIN":8505983.59738907,"XMAX":716354.86160847,"YMAX":8506083.59738907},"geometry":{"type":"Polygon","coordinates":[[[-73.00110056241056,-13.50637295529668],[-73.00110808999536,-13.505469272950423],[-73.00203158780836,-13.50547663705006],[-73.00202406369573,-13.5063803199071],[-73.00110056241056,-13.50637295529668]]]}},{"type":"Feature","properties":{"Cell_ID":1160,"Area_ha":1.0,"LC":"3:0.664722,5:0.315489,6:0.019790","XMIN":716254.86160847,"YMIN":8505883.59738907,"XMAX":716354.86160847,"YMAX":8505983.59738907},"geometry":{"type":"Polygon","coordinates":[[[-73.0010930342748,-13.507276637573792],[-73.00110056241056,-13.50637295529668],[-73.00202406369573,-13.5063803199071],[-73.00201653903234,-13.507284002694995],[-73.0010930342748,-13.507276637573792]]]}},{"type":"Feature","properties":{"Cell_ID":1161,"Area_ha":1.0,"LC":"2:0.003878,3:0.417709,5:0.578413","XMIN":716254.86160847,"YMIN":8505783.59738907,"XMAX":716354.86160847,"YMAX":8505883.59738907},"geometry":{"type":"Polygon","coordinates":[[[-73.00108550558804,-13.508180319781754],[-73.0010930342748,-13.507276637573792],[-73.00201653903234,-13.507284002694995],[-73.00200901381822,-13.508187685413747],[-73.00108550558804,-13.508180319781754]]]}},{"type":"Feature","properties":{"Cell_ID":1162,"Area_ha":1.0,"LC":"3:0.664230,5:0.020281,7:0.315489","XMIN":716254.86160847,"YMIN":8505683.59738907,"XMAX":716354.86160847,"YMAX":8505783.59738907},"geometry":{"type":"Polygon","coordinates":[[[-73.00107797635026,-13.509084001920554],[-73.00108550558804,-13.508180319781754],[-73.00200901381822,-13.508187685413747],[-73.00200148805335,-13.509091368063338],[-73.00107797635026,-13.509084001920554]]]}},{"type":"Feature","properties":{"Cell_ID":1163,"Area_ha":1.0,"LC":"3:0.478482,7:0.322572,14:0.198946","XMIN":716254.86160847,"YMIN":8505583.59738907,"XMAX":716354.86160847,"YMAX":8505683.59738907},"geometry":{"type":"Polygon","coordinates":[[[-73.00107044656147,-13.5099876839902],[-73.00107797635026,-13.509084001920554],[-73.00200148805335,-13.509091368063338],[-73.00199396173772,-13.50999505064378],[-73.00107044656147,-13.5099876839902]]]}},{"type":"Feature","properties":{"Cell_ID":1164,"Area_ha":1.0,"LC":"3:0.956038,14:0.043962","XMIN":716254.86160847,"YMIN":8505483.59738907,"XMAX":716354.86160847,"YMAX":8505583.59738907},"geometry":{"type":"Polygon","coordinates":[[[-73.00106291622167,-13.510891365990679],[-73.00107044656147,-13.5099876839902],[-73.00199396173772,-13.50999505064378],[-73.00198643487131,-13.51089873315506],[-73.00106291622167,-13.510891365990679]]]}},{"type":"Feature","properties":{"Cell_ID":1165,"Area_ha":1.0,"LC":"3:0.597092,5:0.402908","XMIN":716254.86160847,"YMIN":8505383.59738907,"XMAX":716354.86160847,"YMAX":8505483.59738907},"geometry":{"type":"Polygon","coordinates":[[[-73.00105538533082,-13.51179504792199],[-73.00106291622167,-13.510891365990679],[-73.00198643487131,-13.51089873315506],[-73.00197890745414,-13.51180241559717],[-73.00105538533082,-13.51179504792199]]]}},{"type":"Feature","properties":{"Cell_ID":1166,"Area_ha":1.0,"LC":"3:1.000000","XMIN":716254.86160847,"YMIN":8505283.59738907,"XMAX":716354.86160847,"YMAX":8505383.59738907},"geometry":{"type":"Polygon","coordinates":[[[-73.00104785388893,-13.512698729784125],[-73.00105538533082,-13.51179504792199],[-73.00197890745414,-13.51180241559717],[-73.00197137948618,-13.512706097970113],[-73.00104785388893,-13.512698729784125]]]}},{"type":"Feature","properties":{"Cell_ID":1167,"Area_ha":1.0,"LC":"3:0.637654,14:0.362346","XMIN":716254.86160847,"YMIN":8505183.59738907,"XMAX":716354.86160847,"YMAX":8505283.59738907},"geometry":{"type":"Polygon","coordinates":[[[-73.00104032189599,-13.513602411577086],[-73.00104785388893,-13.512698729784125],[-73.00197137948618,-13.512706097970113],[-73.0019638509674,-13.513609780273883],[-73.00104032189599,-13.513602411577086]]]}},{"type":"Feature","properties":{"Cell_ID":1168,"Area_ha":1.0,"LC":"3:0.458905,6:0.001447,9:0.019241,14:0.520407","XMIN":716254.86160847,"YMIN":8505083.59738907,"XMAX":716354.86160847,"YMAX":8505183.59738907},"geometry":{"type":"Polygon","coordinates":[[[-73.00103278935198,-13.514506093300861],[-73.00104032189599,-13.513602411577086],[-73.0019638509674,-13.513609780273883],[-73.00195632189782,-13.514513462508475],[-73.00103278935198,-13.514506093300861]]]}},{"type":"Feature","properties":{"Cell_ID":1169,"Area_ha":1.0,"LC":"3:0.159353,6:0.000492,9:0.136881,14:0.703274","XMIN":716254.86160847,"YMIN":8504983.59738907,"XMAX":716354.86160847,"YMAX":8505083.59738907},"geometry":{"type":"Polygon","coordinates":[[[-73.0010252562569,-13.515409774955451],[-73.00103278935198,-13.514506093300861],[-73.00195632189782,-13.514513462508475],[-73.00194879227742,-13.515417144673885],[-73.0010252562569,-13.515409774955451]]]}},{"type":"Feature","properties":{"Cell_ID":1170,"Area_ha":1.0,"LC":"3:0.282586,7:0.295685,14:0.421729","XMIN":716254.86160847,"YMIN":8504883.59738907,"XMAX":716354.86160847,"YMAX":8504983.59738907},"geometry":{"type":"Polygon","coordinates":[[[-73.00101772261073,-13.516313456540848],[-73.0010252562569,-13.515409774955451],[-73.00194879227742,-13.515417144673885],[-73.00194126210619,-13.516320826770107],[-73.00101772261073,-13.516313456540848]]]}},{"type":"Feature","properties":{"Cell_ID":1171,"Area_ha":1.0,"LC":"3:0.296810,7:0.584722,14:0.118468","XMIN":716254.86160847,"YMIN":8504783.59738907,"XMAX":716354.86160847,"YMAX":8504883.59738907},"geometry":{"type":"Polygon","coordinates":[[[-73.00101018841346,-13.517217138057052],[-73.00101772261073,-13.516313456540848],[-73.00194126210619,-13.516320826770107],[-73.00193373138411,-13.517224508797133],[-73.00101018841346,-13.517217138057052]]]}},{"type":"Feature","properties":{"Cell_ID":1172,"Area_ha":1.0,"LC":"3:0.617709,7:0.160562,14:0.221729","XMIN":716254.86160847,"YMIN":8504683.59738907,"XMAX":716354.86160847,"YMAX":8504783.59738907},"geometry":{"type":"Polygon","coordinates":[[[-73.0010026536651,-13.518120819504059],[-73.00101018841346,-13.517217138057052],[-73.00193373138411,-13.517224508797133],[-73.00192620011119,-13.518128190754966],[-73.0010026536651,-13.518120819504059]]]}},{"type":"Feature","properties":{"Cell_ID":1173,"Area_ha":1.0,"LC":"3:0.796755,6:0.058678,14:0.144566","XMIN":716254.86160847,"YMIN":8504583.59738907,"XMAX":716354.86160847,"YMAX":8504683.59738907},"geometry":{"type":"Polygon","coordinates":[[[-73.00099511836562,-13.519024500881862],[-73.0010026536651,-13.518120819504059],[-73.00192620011119,-13.518128190754966],[-73.0019186682874,-13.519031872643602],[-73.00099511836562,-13.519024500881862]]]}},{"type":"Feature","properties":{"Cell_ID":1174,"Area_ha":1.0,"LC":"5:0.354519,6:0.060352,9:0.503105,14:0.082023","XMIN":716254.86160847,"YMIN":8504483.59738907,"XMAX":716354.86160847,"YMAX":8504583.59738907},"geometry":{"type":"Polygon","coordinates":[[[-73.00098758251502,-13.519928182190453],[-73.00099511836562,-13.519024500881862],[-73.0019186682874,-13.519031872643602],[-73.00191113591276,-13.519935554463034],[-73.00098758251502,-13.519928182190453]]]}},{"type":"Feature","properties":{"Cell_ID":1175,"Area_ha":1.0,"LC":"5:0.479664,6:0.499563,9:0.020773","XMIN":716254.86160847,"YMIN":8504383.59738907,"XMAX":716354.86160847,"YMAX":8504483.59738907},"geometry":{"type":"Polygon","coordinates":[[[-73.00098004611328,-13.520831863429835],[-73.00098758251502,-13.519928182190453],[-73.00191113591276,-13.519935554463034],[-73.00190360298723,-13.52083923621325],[-73.00098004611328,-13.520831863429835]]]}},{"type":"Feature","properties":{"Cell_ID":1176,"Area_ha":1.0,"LC":"6:0.343345,9:0.019241,14:0.637414","XMIN":716254.86160847,"YMIN":8504283.59738907,"XMAX":716354.86160847,"YMAX":8504383.59738907},"geometry":{"type":"Polygon","coordinates":[[[-73.0009725091604,-13.5217355446],[-73.00098004611328,-13.520831863429835],[-73.00190360298723,-13.52083923621325],[-73.0018960695108,-13.52174291789426],[-73.0009725091604,-13.5217355446]]]}},{"type":"Feature","properties":{"Cell_ID":1177,"Area_ha":1.0,"LC":"6:0.058678,9:0.177851,14:0.763471","XMIN":716254.86160847,"YMIN":8504183.59738907,"XMAX":716354.86160847,"YMAX":8504283.59738907},"geometry":{"type":"Polygon","coordinates":[[[-73.00096497165637,-13.522639225700942],[-73.0009725091604,-13.5217355446],[-73.0018960695108,-13.52174291789426],[-73.00188853548349,-13.522646599506048],[-73.00096497165637,-13.522639225700942]]]}},{"type":"Feature","properties":{"Cell_ID":1178,"Area_ha":1.0,"LC":"6:0.579383,14:0.420617","XMIN":716254.86160847,"YMIN":8504083.59738907,"XMAX":716354.86160847,"YMAX":8504183.59738907},"geometry":{"type":"Polygon","coordinates":[[[-73.00095743360119,-13.523542906732661],[-73.00096497165637,-13.522639225700942],[-73.00188853548349,-13.522646599506048],[-73.00188100090526,-13.523550281048621],[-73.00095743360119,-13.523542906732661]]]}},{"type":"Feature","properties":{"Cell_ID":1179,"Area_ha":1.0,"LC":"9:0.181658,13:0.398875,14:0.419467","XMIN":716254.86160847,"YMIN":8503983.59738907,"XMAX":716354.86160847,"YMAX":8504083.59738907},"geometry":{"type":"Polygon","coordinates":[[[-73.0009498949948,-13.524446587695147],[-73.00095743360119,-13.523542906732661],[-73.00188100090526,-13.523550281048621],[-73.00187346577611,-13.524453962521964],[-73.0009498949948,-13.524446587695147]]]}},{"type":"Feature","properties":{"Cell_ID":1180,"Area_ha":1.0,"LC":"9:0.918875,13:0.081125","XMIN":716254.86160847,"YMIN":8503883.59738907,"XMAX":716354.86160847,"YMAX":8503983.59738907},"geometry":{"type":"Polygon","coordinates":[[[-73.00094235583727,-13.525350268588403],[-73.0009498949948,-13.524446587695147],[-73.00187346577611,-13.524453962521964],[-73.00186593009605,-13.525357643926075],[-73.00094235583727,-13.525350268588403]]]}},{"type":"Feature","properties":{"Cell_ID":1181,"Area_ha":1.0,"LC":"9:0.496895,13:0.481939,14:0.021166","XMIN":716254.86160847,"YMIN":8503783.59738907,"XMAX":716354.86160847,"YMAX":8503883.59738907},"geometry":{"type":"Polygon","coordinates":[[[-73.00093481612852,-13.526253949412421],[-73.00094235583727,-13.525350268588403],[-73.00186593009605,-13.525357643926075],[-73.001858393865,-13.526261325260954],[-73.00093481612852,-13.526253949412421]]]}},{"type":"Feature","properties":{"Cell_ID":1182,"Area_ha":1.0,"LC":"7:0.222136,9:0.755153,14:0.022712","XMIN":716254.86160847,"YMIN":8503683.59738907,"XMAX":716354.86160847,"YMAX":8503783.59738907},"geometry":{"type":"Polygon","coordinates":[[[-73.00092727586856,-13.527157630167196],[-73.00093481612852,-13.526253949412421],[-73.001858393865,-13.526261325260954],[-73.00185085708306,-13.527165006526594],[-73.00092727586856,-13.527157630167196]]]}},{"type":"Feature","properties":{"Cell_ID":1183,"Area_ha":1.0,"LC":"7:0.020773,9:0.979227","XMIN":716254.86160847,"YMIN":8503583.59738907,"XMAX":716354.86160847,"YMAX":8503683.59738907},"geometry":{"type":"Polygon","coordinates":[[[-73.00091973505741,-13.528061310852717],[-73.00092727586856,-13.527157630167196],[-73.00185085708306,-13.527165006526594],[-73.00184331975014,-13.528068687722989],[-73.00091973505741,-13.528061310852717]]]}},{"type":"Feature","properties":{"Cell_ID":1184,"Area_ha":1.0,"LC":"9:1.000000","XMIN":716254.86160847,"YMIN":8503483.59738907,"XMAX":716354.86160847,"YMAX":8503583.59738907},"geometry":{"type":"Polygon","coordinates":[[[-73.00091219369503,-13.528964991468992],[-73.00091973505741,-13.528061310852717],[-73.00184331975014,-13.528068687722989],[-73.00183578186625,-13.528972368850138],[-73.00091219369503,-13.528964991468992]]]}},{"type":"Feature","properties":{"Cell_ID":1185,"Area_ha":1.0,"LC":"9:0.900759,13:0.097302,14:0.001939","XMIN":716254.86160847,"YMIN":8503383.59738907,"XMAX":716354.86160847,"YMAX":8503483.59738907},"geometry":{"type":"Polygon","coordinates":[[[-73.0009046517814,-13.529868672016013],[-73.00091219369503,-13.528964991468992],[-73.00183578186625,-13.528972368850138],[-73.00182824343138,-13.529876049908033],[-73.0009046517814,-13.529868672016013]]]}},{"type":"Feature","properties":{"Cell_ID":1186,"Area_ha":1.0,"LC":"5:0.019241,6:0.221658,7:0.415756,9:0.323555,13:0.019790","XMIN":716254.86160847,"YMIN":8503283.59738907,"XMAX":716354.86160847,"YMAX":8503383.59738907},"geometry":{"type":"Polygon","coordinates":[[[-73.00089710931654,-13.53077235249377],[-73.0009046517814,-13.529868672016013],[-73.00182824343138,-13.529876049908033],[-73.00182070444552,-13.530779730896674],[-73.00089710931654,-13.53077235249377]]]}},{"type":"Feature","properties":{"Cell_ID":1187,"Area_ha":1.0,"LC":"5:0.354590,6:0.220281,7:0.425129","XMIN":716254.86160847,"YMIN":8503183.59738907,"XMAX":716354.86160847,"YMAX":8503283.59738907},"geometry":{"type":"Polygon","coordinates":[[[-73.00088956630044,-13.531676032902265],[-73.00089710931654,-13.53077235249377],[-73.00182070444552,-13.530779730896674],[-73.00181316490867,-13.53168341181605],[-73.00088956630044,-13.531676032902265]]]}},{"type":"Feature","properties":{"Cell_ID":1188,"Area_ha":1.0,"LC":"5:0.639508,7:0.045410,9:0.157092,14:0.157990","XMIN":716254.86160847,"YMIN":8503083.59738907,"XMAX":716354.86160847,"YMAX":8503183.59738907},"geometry":{"type":"Polygon","coordinates":[[[-73.00088202273305,-13.532579713241491],[-73.00088956630044,-13.531676032902265],[-73.00181316490867,-13.53168341181605],[-73.00180562482079,-13.532587092666166],[-73.00088202273305,-13.532579713241491]]]}},{"type":"Feature","properties":{"Cell_ID":1189,"Area_ha":1.0,"LC":"5:0.461251,7:0.000492,9:0.459156,13:0.039031,14:0.040071","XMIN":716254.86160847,"YMIN":8502983.59738907,"XMAX":716354.86160847,"YMAX":8503083.59738907},"geometry":{"type":"Polygon","coordinates":[[[-73.00087447861442,-13.533483393511442],[-73.00088202273305,-13.532579713241491],[-73.00180562482079,-13.532587092666166],[-73.00179808418191,-13.533490773447012],[-73.00087447861442,-13.533483393511442]]]}},{"type":"Feature","properties":{"Cell_ID":1190,"Area_ha":1.0,"LC":"5:0.340281,9:0.462627,13:0.197092","XMIN":716254.86160847,"YMIN":8502883.59738907,"XMAX":716354.86160847,"YMAX":8502983.59738907},"geometry":{"type":"Polygon","coordinates":[[[-73.0008669339445,-13.53438707371212],[-73.00087447861442,-13.533483393511442],[-73.00179808418191,-13.533490773447012],[-73.001790542992,-13.534394454158583],[-73.0008669339445,-13.53438707371212]]]}},{"type":"Feature","properties":{"Cell_ID":1191,"Area_ha":1.0,"LC":"5:0.020281,9:0.979719","XMIN":716254.86160847,"YMIN":8502783.59738907,"XMAX":716354.86160847,"YMAX":8502883.59738907},"geometry":{"type":"Polygon","coordinates":[[[-73.00085938872326,-13.535290753843514],[-73.0008669339445,-13.53438707371212],[-73.001790542992,-13.534394454158583],[-73.00178300125106,-13.535298134800874],[-73.00085938872326,-13.535290753843514]]]}},{"type":"Feature","properties":{"Cell_ID":1192,"Area_ha":1.0,"LC":"9:1.000000","XMIN":716254.86160847,"YMIN":8502683.59738907,"XMAX":716354.86160847,"YMAX":8502783.59738907},"geometry":{"type":"Polygon","coordinates":[[[-73.00085184295075,-13.536194433905617],[-73.00085938872326,-13.535290753843514],[-73.00178300125106,-13.535298134800874],[-73.00177545895905,-13.536201815373882],[-73.00085184295075,-13.536194433905617]]]}},{"type":"Feature","properties":{"Cell_ID":1193,"Area_ha":1.0,"LC":"9:0.902291,18:0.097709","XMIN":716254.86160847,"YMIN":8502583.59738907,"XMAX":716354.86160847,"YMAX":8502683.59738907},"geometry":{"type":"Polygon","coordinates":[[[-73.00084429662691,-13.537098113898438],[-73.00085184295075,-13.536194433905617],[-73.00177545895905,-13.536201815373882],[-73.00176791611601,-13.537105495877606],[-73.00084429662691,-13.537098113898438]]]}},{"type":"Feature","properties":{"Cell_ID":1194,"Area_ha":1.0,"LC":"3:0.097302,6:0.218413,14:0.684285","XMIN":716354.86160847,"YMIN":8505983.59738907,"XMAX":716454.86160847,"YMAX":8506083.59738907},"geometry":{"type":"Polygon","coordinates":[[[-73.0001770616764,-13.506365587288283],[-73.00018459273332,-13.505461905453041],[-73.00110808999536,-13.505469272950423],[-73.00110056241056,-13.50637295529668],[-73.0001770616764,-13.506365587288283]]]}},{"type":"Feature","properties":{"Cell_ID":1195,"Area_ha":1.0,"LC":"3:0.437499,14:0.562501","XMIN":716354.86160847,"YMIN":8505883.59738907,"XMAX":716454.86160847,"YMAX":8505983.59738907},"geometry":{"type":"Polygon","coordinates":[[[-73.00016953006825,-13.507269269054378],[-73.0001770616764,-13.506365587288283],[-73.00110056241056,-13.50637295529668],[-73.0010930342748,-13.507276637573792],[-73.00016953006825,-13.507269269054378]]]}},{"type":"Feature","properties":{"Cell_ID":1196,"Area_ha":1.0,"LC":"2:0.476122,3:0.258749,14:0.265129","XMIN":716354.86160847,"YMIN":8505783.59738907,"XMAX":716454.86160847,"YMAX":8505883.59738907},"geometry":{"type":"Polygon","coordinates":[[[-73.00016199790885,-13.508172950751312],[-73.00016953006825,-13.507269269054378],[-73.0010930342748,-13.507276637573792],[-73.00108550558804,-13.508180319781754],[-73.00016199790885,-13.508172950751312]]]}},{"type":"Feature","properties":{"Cell_ID":1197,"Area_ha":1.0,"LC":"3:0.677162,14:0.322838","XMIN":716354.86160847,"YMIN":8505683.59738907,"XMAX":716454.86160847,"YMAX":8505783.59738907},"geometry":{"type":"Polygon","coordinates":[[[-73.00015446519818,-13.509076632379088],[-73.00016199790885,-13.508172950751312],[-73.00108550558804,-13.508180319781754],[-73.00107797635026,-13.509084001920554],[-73.00015446519818,-13.509076632379088]]]}},{"type":"Feature","properties":{"Cell_ID":1198,"Area_ha":1.0,"LC":"3:0.357499,7:0.078061,9:0.001447,14:0.562993","XMIN":716354.86160847,"YMIN":8505583.59738907,"XMAX":716454.86160847,"YMAX":8505683.59738907},"geometry":{"type":"Polygon","coordinates":[[[-73.00014693193626,-13.509980313937701],[-73.00015446519818,-13.509076632379088],[-73.00107797635026,-13.509084001920554],[-73.00107044656147,-13.5099876839902],[-73.00014693193626,-13.509980313937701]]]}},{"type":"Feature","properties":{"Cell_ID":1199,"Area_ha":1.0,"LC":"3:0.303190,9:0.000492,14:0.696319","XMIN":716354.86160847,"YMIN":8505483.59738907,"XMAX":716454.86160847,"YMAX":8505583.59738907},"geometry":{"type":"Polygon","coordinates":[[[-73.00013939812304,-13.510883995427145],[-73.00014693193626,-13.509980313937701],[-73.00107044656147,-13.5099876839902],[-73.00106291622167,-13.510891365990679],[-73.00013939812304,-13.510883995427145]]]}},{"type":"Feature","properties":{"Cell_ID":1200,"Area_ha":1.0,"LC":"3:0.598960,5:0.357092,6:0.002417,9:0.000969,14:0.040562","XMIN":716354.86160847,"YMIN":8505383.59738907,"XMAX":716454.86160847,"YMAX":8505483.59738907},"geometry":{"type":"Polygon","coordinates":[[[-73.00013186375854,-13.511787676847417],[-73.00013939812304,-13.510883995427145],[-73.00106291622167,-13.510891365990679],[-73.00105538533082,-13.51179504792199],[-73.00013186375854,-13.511787676847417]]]}},{"type":"Feature","properties":{"Cell_ID":1201,"Area_ha":1.0,"LC":"3:0.878216,6:0.001461,9:0.120323","XMIN":716354.86160847,"YMIN":8505283.59738907,"XMAX":716454.86160847,"YMAX":8505383.59738907},"geometry":{"type":"Polygon","coordinates":[[[-73.00012432884274,-13.512691358198511],[-73.00013186375854,-13.511787676847417],[-73.00105538533082,-13.51179504792199],[-73.00104785388893,-13.512698729784125],[-73.00012432884274,-13.512691358198511]]]}},{"type":"Feature","properties":{"Cell_ID":1202,"Area_ha":1.0,"LC":"3:0.419719,9:0.241616,14:0.338665","XMIN":716354.86160847,"YMIN":8505183.59738907,"XMAX":716454.86160847,"YMAX":8505283.59738907},"geometry":{"type":"Polygon","coordinates":[[[-73.00011679337564,-13.513595039480423],[-73.00012432884274,-13.512691358198511],[-73.00104785388893,-13.512698729784125],[-73.00104032189599,-13.513602411577086],[-73.00011679337564,-13.513595039480423]]]}},{"type":"Feature","properties":{"Cell_ID":1203,"Area_ha":1.0,"LC":"3:0.122010,6:0.137709,14:0.740281","XMIN":716354.86160847,"YMIN":8505083.59738907,"XMAX":716454.86160847,"YMAX":8505183.59738907},"geometry":{"type":"Polygon","coordinates":[[[-73.00010925735721,-13.51449872069315],[-73.00011679337564,-13.513595039480423],[-73.00104032189599,-13.513602411577086],[-73.00103278935198,-13.514506093300861],[-73.00010925735721,-13.51449872069315]]]}},{"type":"Feature","properties":{"Cell_ID":1204,"Area_ha":1.0,"LC":"3:0.238397,6:0.441518,14:0.320085","XMIN":716354.86160847,"YMIN":8504983.59738907,"XMAX":716454.86160847,"YMAX":8505083.59738907},"geometry":{"type":"Polygon","coordinates":[[[-73.00010172078746,-13.515402401836685],[-73.00010925735721,-13.51449872069315],[-73.00103278935198,-13.514506093300861],[-73.0010252562569,-13.515409774955451],[-73.00010172078746,-13.515402401836685]]]}},{"type":"Feature","properties":{"Cell_ID":1205,"Area_ha":1.0,"LC":"3:0.218820,6:0.261742,7:0.038960,9:0.080969,14:0.399508","XMIN":716354.86160847,"YMIN":8504883.59738907,"XMAX":716454.86160847,"YMAX":8504983.59738907},"geometry":{"type":"Polygon","coordinates":[[[-73.00009418366636,-13.51630608291103],[-73.00010172078746,-13.515402401836685],[-73.0010252562569,-13.515409774955451],[-73.00101772261073,-13.516313456540848],[-73.00009418366636,-13.51630608291103]]]}},{"type":"Feature","properties":{"Cell_ID":1206,"Area_ha":1.0,"LC":"3:0.520562,7:0.316193,14:0.163245","XMIN":716354.86160847,"YMIN":8504783.59738907,"XMAX":716454.86160847,"YMAX":8504883.59738907},"geometry":{"type":"Polygon","coordinates":[[[-73.00008664599393,-13.517209763916172],[-73.00009418366636,-13.51630608291103],[-73.00101772261073,-13.516313456540848],[-73.00101018841346,-13.517217138057052],[-73.00008664599393,-13.517209763916172]]]}},{"type":"Feature","properties":{"Cell_ID":1207,"Area_ha":1.0,"LC":"3:0.140281,14:0.859719","XMIN":716354.86160847,"YMIN":8504683.59738907,"XMAX":716454.86160847,"YMAX":8504783.59738907},"geometry":{"type":"Polygon","coordinates":[[[-73.00007910777012,-13.518113444852112],[-73.00008664599393,-13.517209763916172],[-73.00101018841346,-13.517217138057052],[-73.0010026536651,-13.518120819504059],[-73.00007910777012,-13.518113444852112]]]}},{"type":"Feature","properties":{"Cell_ID":1208,"Area_ha":1.0,"LC":"14:1.000000","XMIN":716354.86160847,"YMIN":8504583.59738907,"XMAX":716454.86160847,"YMAX":8504683.59738907},"geometry":{"type":"Polygon","coordinates":[[[-73.00007156899497,-13.519017125718847],[-73.00007910777012,-13.518113444852112],[-73.0010026536651,-13.518120819504059],[-73.00099511836562,-13.519024500881862],[-73.00007156899497,-13.519017125718847]]]}},{"type":"Feature","properties":{"Cell_ID":1209,"Area_ha":1.0,"LC":"5:0.059156,9:0.518468,14:0.422376","XMIN":716354.86160847,"YMIN":8504483.59738907,"XMAX":716454.86160847,"YMAX":8504583.59738907},"geometry":{"type":"Polygon","coordinates":[[[-73.00006402966844,-13.519920806516367],[-73.00007156899497,-13.519017125718847],[-73.00099511836562,-13.519024500881862],[-73.00098758251502,-13.519928182190453],[-73.00006402966844,-13.519920806516367]]]}},{"type":"Feature","properties":{"Cell_ID":1210,"Area_ha":1.0,"LC":"5:0.219874,6:0.236051,9:0.041040,14:0.503034","XMIN":716354.86160847,"YMIN":8504383.59738907,"XMAX":716454.86160847,"YMAX":8504483.59738907},"geometry":{"type":"Polygon","coordinates":[[[-73.0000564897905,-13.520824487244672],[-73.00006402966844,-13.519920806516367],[-73.00098758251502,-13.519928182190453],[-73.00098004611328,-13.520831863429835],[-73.0000564897905,-13.520824487244672]]]}},{"type":"Feature","properties":{"Cell_ID":1211,"Area_ha":1.0,"LC":"3:0.104075,6:0.776319,9:0.000492,14:0.119115","XMIN":716354.86160847,"YMIN":8504283.59738907,"XMAX":716454.86160847,"YMAX":8504383.59738907},"geometry":{"type":"Polygon","coordinates":[[[-73.00004894936117,-13.52172816790376],[-73.0000564897905,-13.520824487244672],[-73.00098004611328,-13.520831863429835],[-73.0009725091604,-13.5217355446],[-73.00004894936117,-13.52172816790376]]]}},{"type":"Feature","properties":{"Cell_ID":1212,"Area_ha":1.0,"LC":"3:0.044847,6:0.420281,14:0.534871","XMIN":716354.86160847,"YMIN":8504183.59738907,"XMAX":716454.86160847,"YMAX":8504283.59738907},"geometry":{"type":"Polygon","coordinates":[[[-73.00004140838043,-13.522631848493619],[-73.00004894936117,-13.52172816790376],[-73.0009725091604,-13.5217355446],[-73.00096497165637,-13.522639225700942],[-73.00004140838043,-13.522631848493619]]]}},{"type":"Feature","properties":{"Cell_ID":1213,"Area_ha":1.0,"LC":"3:0.101742,6:0.360562,14:0.537695","XMIN":716354.86160847,"YMIN":8504083.59738907,"XMAX":716454.86160847,"YMAX":8504183.59738907},"geometry":{"type":"Polygon","coordinates":[[[-73.00003386684827,-13.52353552901425],[-73.00004140838043,-13.522631848493619],[-73.00096497165637,-13.522639225700942],[-73.00095743360119,-13.523542906732661],[-73.00003386684827,-13.52353552901425]]]}},{"type":"Feature","properties":{"Cell_ID":1214,"Area_ha":1.0,"LC":"9:0.478960,13:0.139634,14:0.381406","XMIN":716354.86160847,"YMIN":8503983.59738907,"XMAX":716454.86160847,"YMAX":8504083.59738907},"geometry":{"type":"Polygon","coordinates":[[[-73.0000263247647,-13.524439209465648],[-73.00003386684827,-13.52353552901425],[-73.00095743360119,-13.523542906732661],[-73.0009498949948,-13.524446587695147],[-73.0000263247647,-13.524439209465648]]]}},{"type":"Feature","properties":{"Cell_ID":1215,"Area_ha":1.0,"LC":"9:0.857695,13:0.142305","XMIN":716354.86160847,"YMIN":8503883.59738907,"XMAX":716454.86160847,"YMAX":8503983.59738907},"geometry":{"type":"Polygon","coordinates":[[[-73.00001878212967,-13.525342889847805],[-73.0000263247647,-13.524439209465648],[-73.0009498949948,-13.524446587695147],[-73.00094235583727,-13.525350268588403],[-73.00001878212967,-13.525342889847805]]]}},{"type":"Feature","properties":{"Cell_ID":1216,"Area_ha":1.0,"LC":"9:0.543345,13:0.318946,14:0.137709","XMIN":716354.86160847,"YMIN":8503783.59738907,"XMAX":716454.86160847,"YMAX":8503883.59738907},"geometry":{"type":"Polygon","coordinates":[[[-73.00001123894322,-13.526246570160723],[-73.00001878212967,-13.525342889847805],[-73.00094235583727,-13.525350268588403],[-73.00093481612852,-13.526253949412421],[-73.00001123894322,-13.526246570160723]]]}},{"type":"Feature","properties":{"Cell_ID":1217,"Area_ha":1.0,"LC":"7:0.337624,9:0.201939,13:0.082023,14:0.378413","XMIN":716354.86160847,"YMIN":8503683.59738907,"XMAX":716454.86160847,"YMAX":8503783.59738907},"geometry":{"type":"Polygon","coordinates":[[[-73.00000369520528,-13.527150250404397],[-73.00001123894322,-13.526246570160723],[-73.00093481612852,-13.526253949412421],[-73.00092727586856,-13.527157630167196],[-73.00000369520528,-13.527150250404397]]]}},{"type":"Feature","properties":{"Cell_ID":1218,"Area_ha":1.0,"LC":"5:0.000478,7:0.222376,9:0.534238,14:0.242908","XMIN":716354.86160847,"YMIN":8503583.59738907,"XMAX":716454.86160847,"YMAX":8503683.59738907},"geometry":{"type":"Polygon","coordinates":[[[-72.9999961509159,-13.528053930578816],[-73.00000369520528,-13.527150250404397],[-73.00092727586856,-13.527157630167196],[-73.00091973505741,-13.528061310852717],[-72.9999961509159,-13.528053930578816]]]}},{"type":"Feature","properties":{"Cell_ID":1219,"Area_ha":1.0,"LC":"5:0.164369,9:0.696474,14:0.139156","XMIN":716354.86160847,"YMIN":8503483.59738907,"XMAX":716454.86160847,"YMAX":8503583.59738907},"geometry":{"type":"Polygon","coordinates":[[[-72.99998860607504,-13.528957610683982],[-72.9999961509159,-13.528053930578816],[-73.00091973505741,-13.528061310852717],[-73.00091219369503,-13.528964991468992],[-72.99998860607504,-13.528957610683982]]]}},{"type":"Feature","properties":{"Cell_ID":1220,"Area_ha":1.0,"LC":"9:0.580126,14:0.419874","XMIN":716354.86160847,"YMIN":8503383.59738907,"XMAX":716454.86160847,"YMAX":8503483.59738907},"geometry":{"type":"Polygon","coordinates":[[[-72.99998106068269,-13.529861290719886],[-72.99998860607504,-13.528957610683982],[-73.00091219369503,-13.528964991468992],[-73.0009046517814,-13.529868672016013],[-72.99998106068269,-13.529861290719886]]]}},{"type":"Feature","properties":{"Cell_ID":1221,"Area_ha":1.0,"LC":"6:0.317499,7:0.038960,9:0.643542","XMIN":716354.86160847,"YMIN":8503283.59738907,"XMAX":716454.86160847,"YMAX":8503383.59738907},"geometry":{"type":"Polygon","coordinates":[[[-72.99997351473883,-13.530764970686528],[-72.99998106068269,-13.529861290719886],[-73.0009046517814,-13.529868672016013],[-73.00089710931654,-13.53077235249377],[-72.99997351473883,-13.530764970686528]]]}},{"type":"Feature","properties":{"Cell_ID":1222,"Area_ha":1.0,"LC":"6:0.160000,7:0.817288,9:0.022712","XMIN":716354.86160847,"YMIN":8503183.59738907,"XMAX":716454.86160847,"YMAX":8503283.59738907},"geometry":{"type":"Polygon","coordinates":[[[-72.99996596824347,-13.531668650583907],[-72.99997351473883,-13.530764970686528],[-73.00089710931654,-13.53077235249377],[-73.00088956630044,-13.531676032902265],[-72.99996596824347,-13.531668650583907]]]}},{"type":"Feature","properties":{"Cell_ID":1223,"Area_ha":1.0,"LC":"6:0.681854,7:0.318146","XMIN":716354.86160847,"YMIN":8503083.59738907,"XMAX":716454.86160847,"YMAX":8503183.59738907},"geometry":{"type":"Polygon","coordinates":[[[-72.9999584211966,-13.532572330412005],[-72.99996596824347,-13.531668650583907],[-73.00088956630044,-13.531676032902265],[-73.00088202273305,-13.532579713241491],[-72.9999584211966,-13.532572330412005]]]}},{"type":"Feature","properties":{"Cell_ID":1224,"Area_ha":1.0,"LC":"5:0.159031,6:0.324525,7:0.019790,9:0.496655","XMIN":716354.86160847,"YMIN":8502983.59738907,"XMAX":716454.86160847,"YMAX":8503083.59738907},"geometry":{"type":"Polygon","coordinates":[[[-72.99995087359821,-13.533476010170832],[-72.9999584211966,-13.532572330412005],[-73.00088202273305,-13.532579713241491],[-73.00087447861442,-13.533483393511442],[-72.99995087359821,-13.533476010170832]]]}},{"type":"Feature","properties":{"Cell_ID":1225,"Area_ha":1.0,"LC":"5:0.322908,6:0.039915,9:0.637176","XMIN":716354.86160847,"YMIN":8502883.59738907,"XMAX":716454.86160847,"YMAX":8502983.59738907},"geometry":{"type":"Polygon","coordinates":[[[-72.99994332544827,-13.534379689860378],[-72.99995087359821,-13.533476010170832],[-73.00087447861442,-13.533483393511442],[-73.0008669339445,-13.53438707371212],[-72.99994332544827,-13.534379689860378]]]}},{"type":"Feature","properties":{"Cell_ID":1226,"Area_ha":1.0,"LC":"6:0.584088,9:0.415912","XMIN":716354.86160847,"YMIN":8502783.59738907,"XMAX":716454.86160847,"YMAX":8502883.59738907},"geometry":{"type":"Polygon","coordinates":[[[-72.99993577674678,-13.535283369480636],[-72.99994332544827,-13.534379689860378],[-73.0008669339445,-13.53438707371212],[-73.00085938872326,-13.535290753843514],[-72.99993577674678,-13.535283369480636]]]}},{"type":"Feature","properties":{"Cell_ID":1227,"Area_ha":1.0,"LC":"6:0.620281,9:0.379719","XMIN":716354.86160847,"YMIN":8502683.59738907,"XMAX":716454.86160847,"YMAX":8502783.59738907},"geometry":{"type":"Polygon","coordinates":[[[-72.99992822749374,-13.536187049031602],[-72.99993577674678,-13.535283369480636],[-73.00085938872326,-13.535290753843514],[-73.00085184295075,-13.536194433905617],[-72.99992822749374,-13.536187049031602]]]}},{"type":"Feature","properties":{"Cell_ID":1228,"Area_ha":1.0,"LC":"6:0.040562,9:0.816810,16:0.142627","XMIN":716354.86160847,"YMIN":8502583.59738907,"XMAX":716454.86160847,"YMAX":8502683.59738907},"geometry":{"type":"Polygon","coordinates":[[[-72.99992067768913,-13.537090728513277],[-72.99992822749374,-13.536187049031602],[-73.00085184295075,-13.536194433905617],[-73.00084429662691,-13.537098113898438],[-72.99992067768913,-13.537090728513277]]]}},{"type":"Feature","properties":{"Cell_ID":1229,"Area_ha":1.0,"LC":"3:0.019719,6:0.061742,14:0.918539","XMIN":716454.86160847,"YMIN":8505983.59738907,"XMAX":716554.86160847,"YMAX":8506083.59738907},"geometry":{"type":"Polygon","coordinates":[[[-72.99925356149348,-13.506358215881923],[-72.99926109602252,-13.505454534557934],[-73.00018459273332,-13.505461905453041],[-73.0001770616764,-13.506365587288283],[-72.99925356149348,-13.506358215881923]]]}},{"type":"Feature","properties":{"Cell_ID":1230,"Area_ha":1.0,"LC":"3:0.417373,14:0.582627","XMIN":716454.86160847,"YMIN":8505883.59738907,"XMAX":716554.86160847,"YMAX":8505983.59738907},"geometry":{"type":"Polygon","coordinates":[[[-72.99924602641295,-13.50726189713676],[-72.99925356149348,-13.506358215881923],[-73.0001770616764,-13.506365587288283],[-73.00016953006825,-13.507269269054378],[-72.99924602641295,-13.50726189713676]]]}},{"type":"Feature","properties":{"Cell_ID":1231,"Area_ha":1.0,"LC":"14:1.000000","XMIN":716454.86160847,"YMIN":8505783.59738907,"XMAX":716554.86160847,"YMAX":8505883.59738907},"geometry":{"type":"Polygon","coordinates":[[[-72.99923849078091,-13.508165578322435],[-72.99924602641295,-13.50726189713676],[-73.00016953006825,-13.507269269054378],[-73.00016199790885,-13.508172950751312],[-72.99923849078091,-13.508165578322435]]]}},{"type":"Feature","properties":{"Cell_ID":1232,"Area_ha":1.0,"LC":"3:0.258594,14:0.741406","XMIN":716454.86160847,"YMIN":8505683.59738907,"XMAX":716554.86160847,"YMAX":8505783.59738907},"geometry":{"type":"Polygon","coordinates":[[[-72.99923095459738,-13.509069259438949],[-72.99923849078091,-13.508165578322435],[-73.00016199790885,-13.508172950751312],[-73.00015446519818,-13.509076632379088],[-72.99923095459738,-13.509069259438949]]]}},{"type":"Feature","properties":{"Cell_ID":1233,"Area_ha":1.0,"LC":"3:0.423752,9:0.339156,14:0.237092","XMIN":716454.86160847,"YMIN":8505583.59738907,"XMAX":716554.86160847,"YMAX":8505683.59738907},"geometry":{"type":"Polygon","coordinates":[[[-72.99922341786231,-13.509972940486293],[-72.99923095459738,-13.509069259438949],[-73.00015446519818,-13.509076632379088],[-73.00014693193626,-13.509980313937701],[-72.99922341786231,-13.509972940486293]]]}},{"type":"Feature","properties":{"Cell_ID":1234,"Area_ha":1.0,"LC":"3:0.479031,6:0.159438,9:0.360562,14:0.000969","XMIN":716454.86160847,"YMIN":8505483.59738907,"XMAX":716554.86160847,"YMAX":8505583.59738907},"geometry":{"type":"Polygon","coordinates":[[[-72.9992158805757,-13.510876621464467],[-72.99922341786231,-13.509972940486293],[-73.00014693193626,-13.509980313937701],[-73.00013939812304,-13.510883995427145],[-72.9992158805757,-13.510876621464467]]]}},{"type":"Feature","properties":{"Cell_ID":1235,"Area_ha":1.0,"LC":"3:0.423668,6:0.377864,9:0.198468","XMIN":716454.86160847,"YMIN":8505383.59738907,"XMAX":716554.86160847,"YMAX":8505483.59738907},"geometry":{"type":"Polygon","coordinates":[[[-72.99920834273756,-13.511780302373463],[-72.9992158805757,-13.510876621464467],[-73.00013939812304,-13.510883995427145],[-73.00013186375854,-13.511787676847417],[-72.99920834273756,-13.511780302373463]]]}},{"type":"Feature","properties":{"Cell_ID":1236,"Area_ha":1.0,"LC":"3:0.200969,6:0.058820,9:0.740210","XMIN":716454.86160847,"YMIN":8505283.59738907,"XMAX":716554.86160847,"YMAX":8505383.59738907},"geometry":{"type":"Polygon","coordinates":[[[-72.99920080434786,-13.512683983213277],[-72.99920834273756,-13.511780302373463],[-73.00013186375854,-13.511787676847417],[-73.00012432884274,-13.512691358198511],[-72.99920080434786,-13.512683983213277]]]}},{"type":"Feature","properties":{"Cell_ID":1237,"Area_ha":1.0,"LC":"3:0.541180,5:0.120885,9:0.080633,14:0.257302","XMIN":716454.86160847,"YMIN":8505183.59738907,"XMAX":716554.86160847,"YMAX":8505283.59738907},"geometry":{"type":"Polygon","coordinates":[[[-72.9991932654066,-13.513587663983909],[-72.99920080434786,-13.512683983213277],[-73.00012432884274,-13.512691358198511],[-73.00011679337564,-13.513595039480423],[-72.9991932654066,-13.513587663983909]]]}},{"type":"Feature","properties":{"Cell_ID":1238,"Area_ha":1.0,"LC":"3:0.398623,5:0.041054,9:0.443231,14:0.117092","XMIN":716454.86160847,"YMIN":8505083.59738907,"XMAX":716554.86160847,"YMAX":8505183.59738907},"geometry":{"type":"Polygon","coordinates":[[[-72.99918572591378,-13.514491344685352],[-72.9991932654066,-13.513587663983909],[-73.00011679337564,-13.513595039480423],[-73.00010925735721,-13.51449872069315],[-72.99918572591378,-13.514491344685352]]]}},{"type":"Feature","properties":{"Cell_ID":1239,"Area_ha":1.0,"LC":"5:0.180604,6:0.117990,9:0.564525,14:0.136881","XMIN":716454.86160847,"YMIN":8504983.59738907,"XMAX":716554.86160847,"YMAX":8505083.59738907},"geometry":{"type":"Polygon","coordinates":[[[-72.99917818586935,-13.515395025317599],[-72.99918572591378,-13.514491344685352],[-73.00010925735721,-13.51449872069315],[-73.00010172078746,-13.515402401836685],[-72.99917818586935,-13.515395025317599]]]}},{"type":"Feature","properties":{"Cell_ID":1240,"Area_ha":1.0,"LC":"5:0.061335,6:0.079101,9:0.582627,14:0.276936","XMIN":716454.86160847,"YMIN":8504883.59738907,"XMAX":716554.86160847,"YMAX":8504983.59738907},"geometry":{"type":"Polygon","coordinates":[[[-72.99917064527335,-13.51629870588065],[-72.99917818586935,-13.515395025317599],[-73.00010172078746,-13.515402401836685],[-73.00009418366636,-13.51630608291103],[-72.99917064527335,-13.51629870588065]]]}},{"type":"Feature","properties":{"Cell_ID":1241,"Area_ha":1.0,"LC":"9:0.060281,14:0.939719","XMIN":716454.86160847,"YMIN":8504783.59738907,"XMAX":716554.86160847,"YMAX":8504883.59738907},"geometry":{"type":"Polygon","coordinates":[[[-72.99916310412574,-13.517202386374494],[-72.99917064527335,-13.51629870588065],[-73.00009418366636,-13.51630608291103],[-73.00008664599393,-13.517209763916172],[-72.99916310412574,-13.517202386374494]]]}},{"type":"Feature","properties":{"Cell_ID":1242,"Area_ha":1.0,"LC":"14:1.000000","XMIN":716454.86160847,"YMIN":8504683.59738907,"XMAX":716554.86160847,"YMAX":8504783.59738907},"geometry":{"type":"Polygon","coordinates":[[[-72.99915556242654,-13.518106066799135],[-72.99916310412574,-13.517202386374494],[-73.00008664599393,-13.517209763916172],[-73.00007910777012,-13.518113444852112],[-72.99915556242654,-13.518106066799135]]]}},{"type":"Feature","properties":{"Cell_ID":1243,"Area_ha":1.0,"LC":"14:1.000000","XMIN":716454.86160847,"YMIN":8504583.59738907,"XMAX":716554.86160847,"YMAX":8504683.59738907},"geometry":{"type":"Polygon","coordinates":[[[-72.99914802017568,-13.519009747154566],[-72.99915556242654,-13.518106066799135],[-73.00007910777012,-13.518113444852112],[-73.00007156899497,-13.519017125718847],[-72.99914802017568,-13.519009747154566]]]}},{"type":"Feature","properties":{"Cell_ID":1244,"Area_ha":1.0,"LC":"6:0.080885,9:0.097302,14:0.821813","XMIN":716454.86160847,"YMIN":8504483.59738907,"XMAX":716554.86160847,"YMAX":8504583.59738907},"geometry":{"type":"Polygon","coordinates":[[[-72.99914047737322,-13.51991342744078],[-72.99914802017568,-13.519009747154566],[-73.00007156899497,-13.519017125718847],[-73.00006402966844,-13.519920806516367],[-72.99914047737322,-13.51991342744078]]]}},{"type":"Feature","properties":{"Cell_ID":1245,"Area_ha":1.0,"LC":"6:0.282993,9:0.380126,14:0.316685,18:0.020197","XMIN":716454.86160847,"YMIN":8504383.59738907,"XMAX":716554.86160847,"YMAX":8504483.59738907},"geometry":{"type":"Polygon","coordinates":[[[-72.9991329340191,-13.520817107657772],[-72.99914047737322,-13.51991342744078],[-73.00006402966844,-13.519920806516367],[-73.0000564897905,-13.520824487244672],[-72.9991329340191,-13.520817107657772]]]}},{"type":"Feature","properties":{"Cell_ID":1246,"Area_ha":1.0,"LC":"3:0.255363,6:0.482417,9:0.161040,14:0.039438,18:0.061742","XMIN":716454.86160847,"YMIN":8504283.59738907,"XMAX":716554.86160847,"YMAX":8504383.59738907},"geometry":{"type":"Polygon","coordinates":[[[-72.99912539011333,-13.521720787805544],[-72.9991329340191,-13.520817107657772],[-73.0000564897905,-13.520824487244672],[-73.00004894936117,-13.52172816790376],[-72.99912539011333,-13.521720787805544]]]}},{"type":"Feature","properties":{"Cell_ID":1247,"Area_ha":1.0,"LC":"3:0.374787,6:0.000492,9:0.164440,14:0.460281","XMIN":716454.86160847,"YMIN":8504183.59738907,"XMAX":716554.86160847,"YMAX":8504283.59738907},"geometry":{"type":"Polygon","coordinates":[[[-72.9991178456559,-13.522624467884082],[-72.99912539011333,-13.521720787805544],[-73.00004894936117,-13.52172816790376],[-73.00004140838043,-13.522631848493619],[-72.9991178456559,-13.522624467884082]]]}},{"type":"Feature","properties":{"Cell_ID":1248,"Area_ha":1.0,"LC":"3:0.401125,6:0.078061,9:0.059719,14:0.461095","XMIN":716454.86160847,"YMIN":8504083.59738907,"XMAX":716554.86160847,"YMAX":8504183.59738907},"geometry":{"type":"Polygon","coordinates":[[[-72.99911030064679,-13.52352814789339],[-72.9991178456559,-13.522624467884082],[-73.00004140838043,-13.522631848493619],[-73.00003386684827,-13.52353552901425],[-72.99911030064679,-13.52352814789339]]]}},{"type":"Feature","properties":{"Cell_ID":1249,"Area_ha":1.0,"LC":"9:0.860197,13:0.058678,14:0.081125","XMIN":716454.86160847,"YMIN":8503983.59738907,"XMAX":716554.86160847,"YMAX":8504083.59738907},"geometry":{"type":"Polygon","coordinates":[[[-72.99910275508603,-13.524431827833462],[-72.99911030064679,-13.52352814789339],[-73.00003386684827,-13.52353552901425],[-73.0000263247647,-13.524439209465648],[-72.99910275508603,-13.524431827833462]]]}},{"type":"Feature","properties":{"Cell_ID":1250,"Area_ha":1.0,"LC":"9:0.560899,13:0.439101","XMIN":716454.86160847,"YMIN":8503883.59738907,"XMAX":716554.86160847,"YMAX":8503983.59738907},"geometry":{"type":"Polygon","coordinates":[[[-72.99909520897354,-13.525335507704295],[-72.99910275508603,-13.524431827833462],[-73.0000263247647,-13.524439209465648],[-73.00001878212967,-13.525342889847805],[-72.99909520897354,-13.525335507704295]]]}},{"type":"Feature","properties":{"Cell_ID":1251,"Area_ha":1.0,"LC":"5:0.001939,9:0.499383,13:0.498678","XMIN":716454.86160847,"YMIN":8503783.59738907,"XMAX":716554.86160847,"YMAX":8503883.59738907},"geometry":{"type":"Polygon","coordinates":[[[-72.99908766230936,-13.526239187505876],[-72.99909520897354,-13.525335507704295],[-73.00001878212967,-13.525342889847805],[-73.00001123894322,-13.526246570160723],[-72.99908766230936,-13.526239187505876]]]}},{"type":"Feature","properties":{"Cell_ID":1252,"Area_ha":1.0,"LC":"6:0.083793,7:0.257709,9:0.458834,13:0.199664","XMIN":716454.86160847,"YMIN":8503683.59738907,"XMAX":716554.86160847,"YMAX":8503783.59738907},"geometry":{"type":"Polygon","coordinates":[[[-72.99908011509348,-13.527142867238213],[-72.99908766230936,-13.526239187505876],[-73.00001123894322,-13.526246570160723],[-73.00000369520528,-13.527150250404397],[-72.99908011509348,-13.527142867238213]]]}},{"type":"Feature","properties":{"Cell_ID":1253,"Area_ha":1.0,"LC":"5:0.019241,6:0.282993,7:0.139383,14:0.558384","XMIN":716454.86160847,"YMIN":8503583.59738907,"XMAX":716554.86160847,"YMAX":8503683.59738907},"geometry":{"type":"Polygon","coordinates":[[[-72.99907256732588,-13.528046546901292],[-72.99908011509348,-13.527142867238213],[-73.00000369520528,-13.527150250404397],[-72.9999961509159,-13.528053930578816],[-72.99907256732588,-13.528046546901292]]]}},{"type":"Feature","properties":{"Cell_ID":1254,"Area_ha":1.0,"LC":"5:0.416881,6:0.281854,9:0.058678,14:0.242586","XMIN":716454.86160847,"YMIN":8503483.59738907,"XMAX":716554.86160847,"YMAX":8503583.59738907},"geometry":{"type":"Polygon","coordinates":[[[-72.99906501900654,-13.52895022649511],[-72.99907256732588,-13.528046546901292],[-72.9999961509159,-13.528053930578816],[-72.99998860607504,-13.528957610683982],[-72.99906501900654,-13.52895022649511]]]}},{"type":"Feature","properties":{"Cell_ID":1255,"Area_ha":1.0,"LC":"5:0.123386,6:0.202023,9:0.635560,14:0.039031","XMIN":716454.86160847,"YMIN":8503383.59738907,"XMAX":716554.86160847,"YMAX":8503483.59738907},"geometry":{"type":"Polygon","coordinates":[[[-72.99905747013544,-13.529853906019673],[-72.99906501900654,-13.52895022649511],[-72.99998860607504,-13.528957610683982],[-72.99998106068269,-13.529861290719886],[-72.99905747013544,-13.529853906019673]]]}},{"type":"Feature","properties":{"Cell_ID":1256,"Area_ha":1.0,"LC":"5:0.181658,9:0.818342","XMIN":716454.86160847,"YMIN":8503283.59738907,"XMAX":716554.86160847,"YMAX":8503383.59738907},"geometry":{"type":"Polygon","coordinates":[[[-72.99904992071262,-13.53075758547496],[-72.99905747013544,-13.529853906019673],[-72.99998106068269,-13.529861290719886],[-72.99997351473883,-13.530764970686528],[-72.99904992071262,-13.53075758547496]]]}},{"type":"Feature","properties":{"Cell_ID":1257,"Area_ha":1.0,"LC":"5:0.302712,7:0.217302,9:0.479986","XMIN":716454.86160847,"YMIN":8503183.59738907,"XMAX":716554.86160847,"YMAX":8503283.59738907},"geometry":{"type":"Polygon","coordinates":[[[-72.99904237073802,-13.531661264860979],[-72.99904992071262,-13.53075758547496],[-72.99997351473883,-13.530764970686528],[-72.99996596824347,-13.531668650583907],[-72.99904237073802,-13.531661264860979]]]}},{"type":"Feature","properties":{"Cell_ID":1258,"Area_ha":1.0,"LC":"6:0.216739,7:0.418736,9:0.364525","XMIN":716454.86160847,"YMIN":8503083.59738907,"XMAX":716554.86160847,"YMAX":8503183.59738907},"geometry":{"type":"Polygon","coordinates":[[[-72.99903482021166,-13.532564944177722],[-72.99904237073802,-13.531661264860979],[-72.99996596824347,-13.531668650583907],[-72.9999584211966,-13.532572330412005],[-72.99903482021166,-13.532564944177722]]]}},{"type":"Feature","properties":{"Cell_ID":1259,"Area_ha":1.0,"LC":"6:0.740268,7:0.082023,9:0.177709","XMIN":716454.86160847,"YMIN":8502983.59738907,"XMAX":716554.86160847,"YMAX":8503083.59738907},"geometry":{"type":"Polygon","coordinates":[[[-72.99902726913352,-13.53346862342518],[-72.99903482021166,-13.532564944177722],[-72.9999584211966,-13.532572330412005],[-72.99995087359821,-13.533476010170832],[-72.99902726913352,-13.53346862342518]]]}},{"type":"Feature","properties":{"Cell_ID":1260,"Area_ha":1.0,"LC":"5:0.477092,6:0.383526,9:0.139383","XMIN":716454.86160847,"YMIN":8502883.59738907,"XMAX":716554.86160847,"YMAX":8502983.59738907},"geometry":{"type":"Polygon","coordinates":[[[-72.99901971750359,-13.53437230260336],[-72.99902726913352,-13.53346862342518],[-72.99995087359821,-13.533476010170832],[-72.99994332544827,-13.534379689860378],[-72.99901971750359,-13.53437230260336]]]}},{"type":"Feature","properties":{"Cell_ID":1261,"Area_ha":1.0,"LC":"5:0.039438,6:0.421406,9:0.539156","XMIN":716454.86160847,"YMIN":8502783.59738907,"XMAX":716554.86160847,"YMAX":8502883.59738907},"geometry":{"type":"Polygon","coordinates":[[[-72.99901216532184,-13.535275981712248],[-72.99901971750359,-13.53437230260336],[-72.99994332544827,-13.534379689860378],[-72.99993577674678,-13.535283369480636],[-72.99901216532184,-13.535275981712248]]]}},{"type":"Feature","properties":{"Cell_ID":1262,"Area_ha":1.0,"LC":"5:0.420281,9:0.299312,13:0.280407","XMIN":716454.86160847,"YMIN":8502683.59738907,"XMAX":716554.86160847,"YMAX":8502783.59738907},"geometry":{"type":"Polygon","coordinates":[[[-72.9990046125883,-13.53617966075184],[-72.99901216532184,-13.535275981712248],[-72.99993577674678,-13.535283369480636],[-72.99992822749374,-13.536187049031602],[-72.9990046125883,-13.53617966075184]]]}},{"type":"Feature","properties":{"Cell_ID":1263,"Area_ha":1.0,"LC":"5:0.020759,9:0.461587,13:0.160562,16:0.357092","XMIN":716454.86160847,"YMIN":8502583.59738907,"XMAX":716554.86160847,"YMAX":8502683.59738907},"geometry":{"type":"Polygon","coordinates":[[[-72.99899705930294,-13.537083339722138],[-72.9990046125883,-13.53617966075184],[-72.99992822749374,-13.536187049031602],[-72.99992067768913,-13.537090728513277],[-72.99899705930294,-13.537083339722138]]]}},{"type":"Feature","properties":{"Cell_ID":1264,"Area_ha":1.0,"LC":"14:1.000000","XMIN":716554.86160847,"YMIN":8505883.59738907,"XMAX":716654.86160847,"YMAX":8505983.59738907},"geometry":{"type":"Polygon","coordinates":[[[-72.99832252330916,-13.507254521820949],[-72.99833006186205,-13.506350841077603],[-72.99925356149348,-13.506358215881923],[-72.99924602641295,-13.50726189713676],[-72.99832252330916,-13.507254521820949]]]}},{"type":"Feature","properties":{"Cell_ID":1265,"Area_ha":1.0,"LC":"3:0.200885,14:0.799115","XMIN":716554.86160847,"YMIN":8505783.59738907,"XMAX":716654.86160847,"YMAX":8505883.59738907},"geometry":{"type":"Polygon","coordinates":[[[-72.99831498420451,-13.508158202495132],[-72.99832252330916,-13.507254521820949],[-72.99924602641295,-13.50726189713676],[-72.99923849078091,-13.508165578322435],[-72.99831498420451,-13.508158202495132]]]}},{"type":"Feature","properties":{"Cell_ID":1266,"Area_ha":1.0,"LC":"3:0.601390,9:0.061166,14:0.337444","XMIN":716554.86160847,"YMIN":8505683.59738907,"XMAX":716654.86160847,"YMAX":8505783.59738907},"geometry":{"type":"Polygon","coordinates":[[[-72.99830744454809,-13.509061883100143],[-72.99831498420451,-13.508158202495132],[-72.99923849078091,-13.508165578322435],[-72.99923095459738,-13.509069259438949],[-72.99830744454809,-13.509061883100143]]]}},{"type":"Feature","properties":{"Cell_ID":1267,"Area_ha":1.0,"LC":"3:0.677725,9:0.322275","XMIN":716554.86160847,"YMIN":8505583.59738907,"XMAX":716654.86160847,"YMAX":8505683.59738907},"geometry":{"type":"Polygon","coordinates":[[[-72.99829990433989,-13.509965563635987],[-72.99830744454809,-13.509061883100143],[-72.99923095459738,-13.509069259438949],[-72.99922341786231,-13.509972940486293],[-72.99829990433989,-13.509965563635987]]]}},{"type":"Feature","properties":{"Cell_ID":1268,"Area_ha":1.0,"LC":"3:0.256655,7:0.001939,9:0.182376,14:0.559031","XMIN":716554.86160847,"YMIN":8505483.59738907,"XMAX":716654.86160847,"YMAX":8505583.59738907},"geometry":{"type":"Polygon","coordinates":[[[-72.9982923635799,-13.510869244102652],[-72.99829990433989,-13.509965563635987],[-72.99922341786231,-13.509972940486293],[-72.9992158805757,-13.510876621464467],[-72.9982923635799,-13.510869244102652]]]}},{"type":"Feature","properties":{"Cell_ID":1269,"Area_ha":1.0,"LC":"3:0.940281,14:0.059719","XMIN":716554.86160847,"YMIN":8505383.59738907,"XMAX":716654.86160847,"YMAX":8505483.59738907},"geometry":{"type":"Polygon","coordinates":[[[-72.99828482226813,-13.511772924500141],[-72.9982923635799,-13.510869244102652],[-72.9992158805757,-13.510876621464467],[-72.99920834273756,-13.511780302373463],[-72.99828482226813,-13.511772924500141]]]}},{"type":"Feature","properties":{"Cell_ID":1270,"Area_ha":1.0,"LC":"3:0.340366,9:0.078061,14:0.581573","XMIN":716554.86160847,"YMIN":8505283.59738907,"XMAX":716654.86160847,"YMAX":8505383.59738907},"geometry":{"type":"Polygon","coordinates":[[[-72.99827728040455,-13.512676604828442],[-72.99828482226813,-13.511772924500141],[-72.99920834273756,-13.511780302373463],[-72.99920080434786,-13.512683983213277],[-72.99827728040455,-13.512676604828442]]]}},{"type":"Feature","properties":{"Cell_ID":1271,"Area_ha":1.0,"LC":"3:0.458820,5:0.459563,14:0.081616","XMIN":716554.86160847,"YMIN":8505183.59738907,"XMAX":716654.86160847,"YMAX":8505283.59738907},"geometry":{"type":"Polygon","coordinates":[[[-72.99826973798915,-13.513580285087555],[-72.99827728040455,-13.512676604828442],[-72.99920080434786,-13.512683983213277],[-72.9991932654066,-13.513587663983909],[-72.99826973798915,-13.513580285087555]]]}},{"type":"Feature","properties":{"Cell_ID":1272,"Area_ha":1.0,"LC":"5:0.101406,9:0.898594","XMIN":716554.86160847,"YMIN":8505083.59738907,"XMAX":716654.86160847,"YMAX":8505183.59738907},"geometry":{"type":"Polygon","coordinates":[[[-72.99826219502194,-13.514483965277474],[-72.99826973798915,-13.513580285087555],[-72.9991932654066,-13.513587663983909],[-72.99918572591378,-13.514491344685352],[-72.99826219502194,-13.514483965277474]]]}},{"type":"Feature","properties":{"Cell_ID":1273,"Area_ha":1.0,"LC":"5:0.298271,6:0.083231,9:0.618498","XMIN":716554.86160847,"YMIN":8504983.59738907,"XMAX":716654.86160847,"YMAX":8505083.59738907},"geometry":{"type":"Polygon","coordinates":[[[-72.99825465150286,-13.515387645398198],[-72.99826219502194,-13.514483965277474],[-72.99918572591378,-13.514491344685352],[-72.99917818586935,-13.515395025317599],[-72.99825465150286,-13.515387645398198]]]}},{"type":"Feature","properties":{"Cell_ID":1274,"Area_ha":1.0,"LC":"5:0.019790,6:0.243555,9:0.476122,14:0.260533","XMIN":716554.86160847,"YMIN":8504883.59738907,"XMAX":716654.86160847,"YMAX":8504983.59738907},"geometry":{"type":"Polygon","coordinates":[[[-72.99824710743195,-13.516291325449721],[-72.99825465150286,-13.515387645398198],[-72.99917818586935,-13.515395025317599],[-72.99917064527335,-13.51629870588065],[-72.99824710743195,-13.516291325449721]]]}},{"type":"Feature","properties":{"Cell_ID":1275,"Area_ha":1.0,"LC":"6:0.502136,14:0.497864","XMIN":716554.86160847,"YMIN":8504783.59738907,"XMAX":716654.86160847,"YMAX":8504883.59738907},"geometry":{"type":"Polygon","coordinates":[[[-72.99823956280919,-13.517195005432031],[-72.99824710743195,-13.516291325449721],[-72.99917064527335,-13.51629870588065],[-72.99916310412574,-13.517202386374494],[-72.99823956280919,-13.517195005432031]]]}},{"type":"Feature","properties":{"Cell_ID":1276,"Area_ha":1.0,"LC":"6:0.021742,14:0.978258","XMIN":716554.86160847,"YMIN":8504683.59738907,"XMAX":716654.86160847,"YMAX":8504783.59738907},"geometry":{"type":"Polygon","coordinates":[[[-72.99823201763455,-13.518098685345137],[-72.99823956280919,-13.517195005432031],[-72.99916310412574,-13.517202386374494],[-72.99915556242654,-13.518106066799135],[-72.99823201763455,-13.518098685345137]]]}},{"type":"Feature","properties":{"Cell_ID":1277,"Area_ha":1.0,"LC":"5:0.361854,9:0.000969,14:0.637176","XMIN":716554.86160847,"YMIN":8504583.59738907,"XMAX":716654.86160847,"YMAX":8504683.59738907},"geometry":{"type":"Polygon","coordinates":[[[-72.99822447190803,-13.519002365189028],[-72.99823201763455,-13.518098685345137],[-72.99915556242654,-13.518106066799135],[-72.99914802017568,-13.519009747154566],[-72.99822447190803,-13.519002365189028]]]}},{"type":"Feature","properties":{"Cell_ID":1278,"Area_ha":1.0,"LC":"5:0.162023,6:0.117428,9:0.503105,14:0.217444","XMIN":716554.86160847,"YMIN":8504483.59738907,"XMAX":716654.86160847,"YMAX":8504583.59738907},"geometry":{"type":"Polygon","coordinates":[[[-72.99821692562965,-13.519906044963697],[-72.99822447190803,-13.519002365189028],[-72.99914802017568,-13.519009747154566],[-72.99914047737322,-13.51991342744078],[-72.99821692562965,-13.519906044963697]]]}},{"type":"Feature","properties":{"Cell_ID":1279,"Area_ha":1.0,"LC":"6:0.480633,9:0.261251,18:0.258116","XMIN":716554.86160847,"YMIN":8504383.59738907,"XMAX":716654.86160847,"YMAX":8504483.59738907},"geometry":{"type":"Polygon","coordinates":[[[-72.99820937879934,-13.520809724669146],[-72.99821692562965,-13.519906044963697],[-72.99914047737322,-13.51991342744078],[-72.9991329340191,-13.520817107657772],[-72.99820937879934,-13.520809724669146]]]}},{"type":"Feature","properties":{"Cell_ID":1280,"Area_ha":1.0,"LC":"6:0.157021,9:0.541587,18:0.301392","XMIN":716554.86160847,"YMIN":8504283.59738907,"XMAX":716654.86160847,"YMAX":8504383.59738907},"geometry":{"type":"Polygon","coordinates":[[[-72.99820183141716,-13.521713404305366],[-72.99820937879934,-13.520809724669146],[-72.9991329340191,-13.520817107657772],[-72.99912539011333,-13.521720787805544],[-72.99820183141716,-13.521713404305366]]]}},{"type":"Feature","properties":{"Cell_ID":1281,"Area_ha":1.0,"LC":"3:0.198397,6:0.040071,9:0.416966,14:0.344075,18:0.000492","XMIN":716554.86160847,"YMIN":8504183.59738907,"XMAX":716654.86160847,"YMAX":8504283.59738907},"geometry":{"type":"Polygon","coordinates":[[[-72.99819428348304,-13.522617083872351],[-72.99820183141716,-13.521713404305366],[-72.99912539011333,-13.521720787805544],[-72.9991178456559,-13.522624467884082],[-72.99819428348304,-13.522617083872351]]]}},{"type":"Feature","properties":{"Cell_ID":1282,"Area_ha":1.0,"LC":"3:0.199664,14:0.800336","XMIN":716554.86160847,"YMIN":8504083.59738907,"XMAX":716654.86160847,"YMAX":8504183.59738907},"geometry":{"type":"Polygon","coordinates":[[[-72.998186734997,-13.523520763370103],[-72.99819428348304,-13.522617083872351],[-72.9991178456559,-13.522624467884082],[-72.99911030064679,-13.52352814789339],[-72.998186734997,-13.523520763370103]]]}},{"type":"Feature","properties":{"Cell_ID":1283,"Area_ha":1.0,"LC":"9:0.576655,14:0.423345","XMIN":716554.86160847,"YMIN":8503983.59738907,"XMAX":716654.86160847,"YMAX":8504083.59738907},"geometry":{"type":"Polygon","coordinates":[[[-72.99817918595903,-13.52442444279861],[-72.998186734997,-13.523520763370103],[-72.99911030064679,-13.52352814789339],[-72.99910275508603,-13.524431827833462],[-72.99817918595903,-13.52442444279861]]]}},{"type":"Feature","properties":{"Cell_ID":1284,"Area_ha":1.0,"LC":"9:1.000000","XMIN":716554.86160847,"YMIN":8503883.59738907,"XMAX":716654.86160847,"YMAX":8503983.59738907},"geometry":{"type":"Polygon","coordinates":[[[-72.99817163636911,-13.525328122157871],[-72.99817918595903,-13.52442444279861],[-72.99910275508603,-13.524431827833462],[-72.99909520897354,-13.525335507704295],[-72.99817163636911,-13.525328122157871]]]}},{"type":"Feature","properties":{"Cell_ID":1285,"Area_ha":1.0,"LC":"5:0.497217,9:0.463752,13:0.039031","XMIN":716554.86160847,"YMIN":8503783.59738907,"XMAX":716654.86160847,"YMAX":8503883.59738907},"geometry":{"type":"Polygon","coordinates":[[[-72.99816408622723,-13.526231801447889],[-72.99817163636911,-13.525328122157871],[-72.99909520897354,-13.525335507704295],[-72.99908766230936,-13.526239187505876],[-72.99816408622723,-13.526231801447889]]]}},{"type":"Feature","properties":{"Cell_ID":1286,"Area_ha":1.0,"LC":"5:0.060844,6:0.837906,9:0.101251","XMIN":716554.86160847,"YMIN":8503683.59738907,"XMAX":716654.86160847,"YMAX":8503783.59738907},"geometry":{"type":"Polygon","coordinates":[[[-72.99815653553338,-13.52713548066865],[-72.99816408622723,-13.526231801447889],[-72.99908766230936,-13.526239187505876],[-72.99908011509348,-13.527142867238213],[-72.99815653553338,-13.52713548066865]]]}},{"type":"Feature","properties":{"Cell_ID":1287,"Area_ha":1.0,"LC":"6:0.159186,9:0.664637,14:0.176177","XMIN":716554.86160847,"YMIN":8503583.59738907,"XMAX":716654.86160847,"YMAX":8503683.59738907},"geometry":{"type":"Polygon","coordinates":[[[-72.99814898428757,-13.528039159820153],[-72.99815653553338,-13.52713548066865],[-72.99908011509348,-13.527142867238213],[-72.99907256732588,-13.528046546901292],[-72.99814898428757,-13.528039159820153]]]}},{"type":"Feature","properties":{"Cell_ID":1288,"Area_ha":1.0,"LC":"5:0.359508,6:0.376177,9:0.004369,14:0.259945","XMIN":716554.86160847,"YMIN":8503483.59738907,"XMAX":716654.86160847,"YMAX":8503583.59738907},"geometry":{"type":"Polygon","coordinates":[[[-72.99814143248977,-13.528942838902394],[-72.99814898428757,-13.528039159820153],[-72.99907256732588,-13.528046546901292],[-72.99906501900654,-13.52895022649511],[-72.99814143248977,-13.528942838902394]]]}},{"type":"Feature","properties":{"Cell_ID":1289,"Area_ha":1.0,"LC":"5:0.479451,6:0.299945,7:0.220604","XMIN":716554.86160847,"YMIN":8503383.59738907,"XMAX":716654.86160847,"YMAX":8503483.59738907},"geometry":{"type":"Polygon","coordinates":[[[-72.99813388013997,-13.52984651791537],[-72.99814143248977,-13.528942838902394],[-72.99906501900654,-13.52895022649511],[-72.99905747013544,-13.529853906019673],[-72.99813388013997,-13.52984651791537]]]}},{"type":"Feature","properties":{"Cell_ID":1290,"Area_ha":1.0,"LC":"5:0.098342,7:0.063274,9:0.838384","XMIN":716554.86160847,"YMIN":8503283.59738907,"XMAX":716654.86160847,"YMAX":8503383.59738907},"geometry":{"type":"Polygon","coordinates":[[[-72.99812632723817,-13.530750196859072],[-72.99813388013997,-13.52984651791537],[-72.99905747013544,-13.529853906019673],[-72.99904992071262,-13.53075758547496],[-72.99812632723817,-13.530750196859072]]]}},{"type":"Feature","properties":{"Cell_ID":1291,"Area_ha":1.0,"LC":"5:0.337851,9:0.661671,14:0.000478","XMIN":716554.86160847,"YMIN":8503183.59738907,"XMAX":716654.86160847,"YMAX":8503283.59738907},"geometry":{"type":"Polygon","coordinates":[[[-72.99811877378436,-13.531653875733499],[-72.99812632723817,-13.530750196859072],[-72.99904992071262,-13.53075758547496],[-72.99904237073802,-13.531661264860979],[-72.99811877378436,-13.531653875733499]]]}},{"type":"Feature","properties":{"Cell_ID":1292,"Area_ha":1.0,"LC":"7:0.077990,9:0.839579,14:0.082431","XMIN":716554.86160847,"YMIN":8503083.59738907,"XMAX":716654.86160847,"YMAX":8503183.59738907},"geometry":{"type":"Polygon","coordinates":[[[-72.99811121977851,-13.532557554538645],[-72.99811877378436,-13.531653875733499],[-72.99904237073802,-13.531661264860979],[-72.99903482021166,-13.532564944177722],[-72.99811121977851,-13.532557554538645]]]}},{"type":"Feature","properties":{"Cell_ID":1293,"Area_ha":1.0,"LC":"3:0.040969,6:0.778594,7:0.119101,9:0.061335","XMIN":716554.86160847,"YMIN":8502983.59738907,"XMAX":716654.86160847,"YMAX":8503083.59738907},"geometry":{"type":"Polygon","coordinates":[[[-72.99810366522063,-13.533461233274506],[-72.99811121977851,-13.532557554538645],[-72.99903482021166,-13.532564944177722],[-72.99902726913352,-13.53346862342518],[-72.99810366522063,-13.533461233274506]]]}},{"type":"Feature","properties":{"Cell_ID":1294,"Area_ha":1.0,"LC":"5:0.081939,6:0.918061","XMIN":716554.86160847,"YMIN":8502883.59738907,"XMAX":716654.86160847,"YMAX":8502983.59738907},"geometry":{"type":"Polygon","coordinates":[[[-72.99809611011071,-13.534364911941084],[-72.99810366522063,-13.533461233274506],[-72.99902726913352,-13.53346862342518],[-72.99901971750359,-13.53437230260336],[-72.99809611011071,-13.534364911941084]]]}},{"type":"Feature","properties":{"Cell_ID":1295,"Area_ha":1.0,"LC":"6:0.880071,9:0.119929","XMIN":716554.86160847,"YMIN":8502783.59738907,"XMAX":716654.86160847,"YMAX":8502883.59738907},"geometry":{"type":"Polygon","coordinates":[[[-72.99808855444873,-13.535268590538367],[-72.99809611011071,-13.534364911941084],[-72.99901971750359,-13.53437230260336],[-72.99901216532184,-13.535275981712248],[-72.99808855444873,-13.535268590538367]]]}},{"type":"Feature","properties":{"Cell_ID":1296,"Area_ha":1.0,"LC":"6:0.305691,9:0.655278,13:0.039031","XMIN":716554.86160847,"YMIN":8502683.59738907,"XMAX":716654.86160847,"YMAX":8502783.59738907},"geometry":{"type":"Polygon","coordinates":[[[-72.99808099823468,-13.536172269066347],[-72.99808855444873,-13.535268590538367],[-72.99901216532184,-13.535275981712248],[-72.9990046125883,-13.53617966075184],[-72.99808099823468,-13.536172269066347]]]}},{"type":"Feature","properties":{"Cell_ID":1297,"Area_ha":1.0,"LC":"5:0.178116,6:0.000492,9:0.821392","XMIN":716554.86160847,"YMIN":8502583.59738907,"XMAX":716654.86160847,"YMAX":8502683.59738907},"geometry":{"type":"Polygon","coordinates":[[[-72.99807344146858,-13.53707594752503],[-72.99808099823468,-13.536172269066347],[-72.9990046125883,-13.53617966075184],[-72.99899705930294,-13.537083339722138],[-72.99807344146858,-13.53707594752503]]]}},{"type":"Feature","properties":{"Cell_ID":1298,"Area_ha":1.0,"LC":"3:0.323962,9:0.080562,14:0.595475","XMIN":716654.86160847,"YMIN":8505883.59738907,"XMAX":716754.86160847,"YMAX":8505983.59738907},"geometry":{"type":"Polygon","coordinates":[[[-72.99739902075711,-13.507247143106953],[-72.99740656278236,-13.506343462875337],[-72.99833006186205,-13.506350841077603],[-72.99832252330916,-13.507254521820949],[-72.99739902075711,-13.507247143106953]]]}},{"type":"Feature","properties":{"Cell_ID":1299,"Area_ha":1.0,"LC":"3:0.097709,9:0.241854,14:0.660437","XMIN":716654.86160847,"YMIN":8505783.59738907,"XMAX":716754.86160847,"YMAX":8505883.59738907},"geometry":{"type":"Polygon","coordinates":[[[-72.99739147817986,-13.508150823269407],[-72.99739902075711,-13.507247143106953],[-72.99832252330916,-13.507254521820949],[-72.99831498420451,-13.508158202495132],[-72.99739147817986,-13.508150823269407]]]}},{"type":"Feature","properties":{"Cell_ID":1300,"Area_ha":1.0,"LC":"3:0.497444,9:0.502556","XMIN":716654.86160847,"YMIN":8505683.59738907,"XMAX":716754.86160847,"YMAX":8505783.59738907},"geometry":{"type":"Polygon","coordinates":[[[-72.99738393505058,-13.509054503362684],[-72.99739147817986,-13.508150823269407],[-72.99831498420451,-13.508158202495132],[-72.99830744454809,-13.509061883100143],[-72.99738393505058,-13.509054503362684]]]}},{"type":"Feature","properties":{"Cell_ID":1301,"Area_ha":1.0,"LC":"6:0.000478,9:0.999522","XMIN":716654.86160847,"YMIN":8505583.59738907,"XMAX":716754.86160847,"YMAX":8505683.59738907},"geometry":{"type":"Polygon","coordinates":[[[-72.99737639136927,-13.50995818338679],[-72.99738393505058,-13.509054503362684],[-72.99830744454809,-13.509061883100143],[-72.99829990433989,-13.509965563635987],[-72.99737639136927,-13.50995818338679]]]}},{"type":"Feature","properties":{"Cell_ID":1302,"Area_ha":1.0,"LC":"3:0.177624,6:0.000492,7:0.561939,9:0.259945","XMIN":716654.86160847,"YMIN":8505483.59738907,"XMAX":716754.86160847,"YMAX":8505583.59738907},"geometry":{"type":"Polygon","coordinates":[[[-72.99736884713592,-13.510861863341717],[-72.99737639136927,-13.50995818338679],[-72.99829990433989,-13.509965563635987],[-72.9982923635799,-13.510869244102652],[-72.99736884713592,-13.510861863341717]]]}},{"type":"Feature","properties":{"Cell_ID":1303,"Area_ha":1.0,"LC":"3:0.797092,14:0.202908","XMIN":716654.86160847,"YMIN":8505383.59738907,"XMAX":716754.86160847,"YMAX":8505483.59738907},"geometry":{"type":"Polygon","coordinates":[[[-72.99736130235053,-13.511765543227455],[-72.99736884713592,-13.510861863341717],[-72.9982923635799,-13.510869244102652],[-72.99828482226813,-13.511772924500141],[-72.99736130235053,-13.511765543227455]]]}},{"type":"Feature","properties":{"Cell_ID":1304,"Area_ha":1.0,"LC":"3:0.743261,14:0.256739","XMIN":716654.86160847,"YMIN":8505283.59738907,"XMAX":716754.86160847,"YMAX":8505383.59738907},"geometry":{"type":"Polygon","coordinates":[[[-72.99735375701306,-13.512669223044007],[-72.99736130235053,-13.511765543227455],[-72.99828482226813,-13.511772924500141],[-72.99827728040455,-13.512676604828442],[-72.99735375701306,-13.512669223044007]]]}},{"type":"Feature","properties":{"Cell_ID":1305,"Area_ha":1.0,"LC":"3:0.743190,5:0.137302,9:0.059156,14:0.060352","XMIN":716654.86160847,"YMIN":8505183.59738907,"XMAX":716754.86160847,"YMAX":8505283.59738907},"geometry":{"type":"Polygon","coordinates":[[[-72.99734621112351,-13.51357290279137],[-72.99735375701306,-13.512669223044007],[-72.99827728040455,-13.512676604828442],[-72.99826973798915,-13.513580285087555],[-72.99734621112351,-13.51357290279137]]]}},{"type":"Feature","properties":{"Cell_ID":1306,"Area_ha":1.0,"LC":"3:0.020773,5:0.101729,6:0.201854,9:0.675644","XMIN":716654.86160847,"YMIN":8505083.59738907,"XMAX":716754.86160847,"YMAX":8505183.59738907},"geometry":{"type":"Polygon","coordinates":[[[-72.9973386646819,-13.514476582469529],[-72.99734621112351,-13.51357290279137],[-72.99826973798915,-13.513580285087555],[-72.99826219502194,-13.514483965277474],[-72.9973386646819,-13.514476582469529]]]}},{"type":"Feature","properties":{"Cell_ID":1307,"Area_ha":1.0,"LC":"6:0.939648,9:0.060352","XMIN":716654.86160847,"YMIN":8504983.59738907,"XMAX":716754.86160847,"YMAX":8505083.59738907},"geometry":{"type":"Polygon","coordinates":[[[-72.9973311176882,-13.515380262078494],[-72.9973386646819,-13.514476582469529],[-72.99826219502194,-13.514483965277474],[-72.99825465150286,-13.515387645398198],[-72.9973311176882,-13.515380262078494]]]}},{"type":"Feature","properties":{"Cell_ID":1308,"Area_ha":1.0,"LC":"5:0.121939,6:0.339467,14:0.538594","XMIN":716654.86160847,"YMIN":8504883.59738907,"XMAX":716754.86160847,"YMAX":8504983.59738907},"geometry":{"type":"Polygon","coordinates":[[[-72.9973235701424,-13.516283941618251],[-72.9973311176882,-13.515380262078494],[-72.99825465150286,-13.515387645398198],[-72.99824710743195,-13.516291325449721],[-72.9973235701424,-13.516283941618251]]]}},{"type":"Feature","properties":{"Cell_ID":1309,"Area_ha":1.0,"LC":"6:0.438875,14:0.561125","XMIN":716654.86160847,"YMIN":8504783.59738907,"XMAX":716754.86160847,"YMAX":8504883.59738907},"geometry":{"type":"Polygon","coordinates":[[[-72.99731602204449,-13.517187621088796],[-72.9973235701424,-13.516283941618251],[-72.99824710743195,-13.516291325449721],[-72.99823956280919,-13.517195005432031],[-72.99731602204449,-13.517187621088796]]]}},{"type":"Feature","properties":{"Cell_ID":1310,"Area_ha":1.0,"LC":"6:0.643471,9:0.139719,14:0.216810","XMIN":716654.86160847,"YMIN":8504683.59738907,"XMAX":716754.86160847,"YMAX":8504783.59738907},"geometry":{"type":"Polygon","coordinates":[[[-72.99730847339445,-13.51809130049013],[-72.99731602204449,-13.517187621088796],[-72.99823956280919,-13.517195005432031],[-72.99823201763455,-13.518098685345137],[-72.99730847339445,-13.51809130049013]]]}},{"type":"Feature","properties":{"Cell_ID":1311,"Area_ha":1.0,"LC":"5:0.197021,6:0.120562,9:0.560885,14:0.121532","XMIN":716654.86160847,"YMIN":8504583.59738907,"XMAX":716754.86160847,"YMAX":8504683.59738907},"geometry":{"type":"Polygon","coordinates":[[[-72.99730092419229,-13.518994979822246],[-72.99730847339445,-13.51809130049013],[-72.99823201763455,-13.518098685345137],[-72.99822447190803,-13.519002365189028],[-72.99730092419229,-13.518994979822246]]]}},{"type":"Feature","properties":{"Cell_ID":1312,"Area_ha":1.0,"LC":"5:0.079101,9:0.920899","XMIN":716654.86160847,"YMIN":8504483.59738907,"XMAX":716754.86160847,"YMAX":8504583.59738907},"geometry":{"type":"Polygon","coordinates":[[[-72.99729337443797,-13.519898659085134],[-72.99730092419229,-13.518994979822246],[-72.99822447190803,-13.519002365189028],[-72.99821692562965,-13.519906044963697],[-72.99729337443797,-13.519898659085134]]]}},{"type":"Feature","properties":{"Cell_ID":1313,"Area_ha":1.0,"LC":"5:0.001447,6:0.397499,9:0.601054","XMIN":716654.86160847,"YMIN":8504383.59738907,"XMAX":716754.86160847,"YMAX":8504483.59738907},"geometry":{"type":"Polygon","coordinates":[[[-72.99728582413151,-13.5208023382788],[-72.99729337443797,-13.519898659085134],[-72.99821692562965,-13.519906044963697],[-72.99820937879934,-13.520809724669146],[-72.99728582413151,-13.5208023382788]]]}},{"type":"Feature","properties":{"Cell_ID":1314,"Area_ha":1.0,"LC":"5:0.283400,6:0.040562,9:0.577766,18:0.098271","XMIN":716654.86160847,"YMIN":8504283.59738907,"XMAX":716754.86160847,"YMAX":8504383.59738907},"geometry":{"type":"Polygon","coordinates":[[[-72.9972782732729,-13.52170601740323],[-72.99728582413151,-13.5208023382788],[-72.99820937879934,-13.520809724669146],[-72.99820183141716,-13.521713404305366],[-72.9972782732729,-13.52170601740323]]]}},{"type":"Feature","properties":{"Cell_ID":1315,"Area_ha":1.0,"LC":"9:0.205972,14:0.774238,18:0.019790","XMIN":716654.86160847,"YMIN":8504183.59738907,"XMAX":716754.86160847,"YMAX":8504283.59738907},"geometry":{"type":"Polygon","coordinates":[[[-72.99727072186211,-13.522609696458426],[-72.9972782732729,-13.52170601740323],[-72.99820183141716,-13.521713404305366],[-72.99819428348304,-13.522617083872351],[-72.99727072186211,-13.522609696458426]]]}},{"type":"Feature","properties":{"Cell_ID":1316,"Area_ha":1.0,"LC":"9:0.042431,14:0.957569","XMIN":716654.86160847,"YMIN":8504083.59738907,"XMAX":716754.86160847,"YMAX":8504183.59738907},"geometry":{"type":"Polygon","coordinates":[[[-72.99726316989914,-13.523513375444386],[-72.99727072186211,-13.522609696458426],[-72.99819428348304,-13.522617083872351],[-72.998186734997,-13.523520763370103],[-72.99726316989914,-13.523513375444386]]]}},{"type":"Feature","properties":{"Cell_ID":1317,"Area_ha":1.0,"LC":"5:0.263034,9:0.117499,14:0.619467","XMIN":716654.86160847,"YMIN":8503983.59738907,"XMAX":716754.86160847,"YMAX":8504083.59738907},"geometry":{"type":"Polygon","coordinates":[[[-72.99725561738398,-13.524417054361097],[-72.99726316989914,-13.523513375444386],[-72.998186734997,-13.523520763370103],[-72.99817918595903,-13.52442444279861],[-72.99725561738398,-13.524417054361097]]]}},{"type":"Feature","properties":{"Cell_ID":1318,"Area_ha":1.0,"LC":"5:0.100844,9:0.899156","XMIN":716654.86160847,"YMIN":8503883.59738907,"XMAX":716754.86160847,"YMAX":8503983.59738907},"geometry":{"type":"Polygon","coordinates":[[[-72.99724806431662,-13.525320733208558],[-72.99725561738398,-13.524417054361097],[-72.99817918595903,-13.52442444279861],[-72.99817163636911,-13.525328122157871],[-72.99724806431662,-13.525320733208558]]]}},{"type":"Feature","properties":{"Cell_ID":1319,"Area_ha":1.0,"LC":"9:1.000000","XMIN":716654.86160847,"YMIN":8503783.59738907,"XMAX":716754.86160847,"YMAX":8503883.59738907},"geometry":{"type":"Polygon","coordinates":[[[-72.99724051069707,-13.52622441198677],[-72.99724806431662,-13.525320733208558],[-72.99817163636911,-13.525328122157871],[-72.99816408622723,-13.526231801447889],[-72.99724051069707,-13.52622441198677]]]}},{"type":"Feature","properties":{"Cell_ID":1320,"Area_ha":1.0,"LC":"6:0.256332,9:0.743668","XMIN":716654.86160847,"YMIN":8503683.59738907,"XMAX":716754.86160847,"YMAX":8503783.59738907},"geometry":{"type":"Polygon","coordinates":[[[-72.99723295652528,-13.527128090695722],[-72.99724051069707,-13.52622441198677],[-72.99816408622723,-13.526231801447889],[-72.99815653553338,-13.52713548066865],[-72.99723295652528,-13.527128090695722]]]}},{"type":"Feature","properties":{"Cell_ID":1321,"Area_ha":1.0,"LC":"6:0.142698,9:0.718146,18:0.139156","XMIN":716654.86160847,"YMIN":8503583.59738907,"XMAX":716754.86160847,"YMAX":8503683.59738907},"geometry":{"type":"Polygon","coordinates":[[[-72.99722540180126,-13.528031769335414],[-72.99723295652528,-13.527128090695722],[-72.99815653553338,-13.52713548066865],[-72.99814898428757,-13.528039159820153],[-72.99722540180126,-13.528031769335414]]]}},{"type":"Feature","properties":{"Cell_ID":1322,"Area_ha":1.0,"LC":"5:0.098116,9:0.558132,18:0.343752","XMIN":716654.86160847,"YMIN":8503483.59738907,"XMAX":716754.86160847,"YMAX":8503583.59738907},"geometry":{"type":"Polygon","coordinates":[[[-72.99721784652502,-13.528935447905837],[-72.99722540180126,-13.528031769335414],[-72.99814898428757,-13.528039159820153],[-72.99814143248977,-13.528942838902394],[-72.99721784652502,-13.528935447905837]]]}},{"type":"Feature","properties":{"Cell_ID":1323,"Area_ha":1.0,"LC":"5:0.538006,7:0.137147,9:0.324847","XMIN":716654.86160847,"YMIN":8503383.59738907,"XMAX":716754.86160847,"YMAX":8503483.59738907},"geometry":{"type":"Polygon","coordinates":[[[-72.9972102906965,-13.529839126406992],[-72.99721784652502,-13.528935447905837],[-72.99814143248977,-13.528942838902394],[-72.99813388013997,-13.52984651791537],[-72.9972102906965,-13.529839126406992]]]}},{"type":"Feature","properties":{"Cell_ID":1324,"Area_ha":1.0,"LC":"6:0.000969,7:0.380915,9:0.618116","XMIN":716654.86160847,"YMIN":8503283.59738907,"XMAX":716754.86160847,"YMAX":8503383.59738907},"geometry":{"type":"Polygon","coordinates":[[[-72.99720273431574,-13.530742804838871],[-72.9972102906965,-13.529839126406992],[-72.99813388013997,-13.52984651791537],[-72.99812632723817,-13.530750196859072],[-72.99720273431574,-13.530742804838871]]]}},{"type":"Feature","properties":{"Cell_ID":1325,"Area_ha":1.0,"LC":"9:0.978342,14:0.019241,16:0.000969,18:0.001447","XMIN":716654.86160847,"YMIN":8503183.59738907,"XMAX":716754.86160847,"YMAX":8503283.59738907},"geometry":{"type":"Polygon","coordinates":[[[-72.99719517738271,-13.531646483201472],[-72.99720273431574,-13.530742804838871],[-72.99812632723817,-13.530750196859072],[-72.99811877378436,-13.531653875733499],[-72.99719517738271,-13.531646483201472]]]}},{"type":"Feature","properties":{"Cell_ID":1326,"Area_ha":1.0,"LC":"9:0.537780,14:0.377851,18:0.084369","XMIN":716654.86160847,"YMIN":8503083.59738907,"XMAX":716754.86160847,"YMAX":8503183.59738907},"geometry":{"type":"Polygon","coordinates":[[[-72.99718761989739,-13.532550161494788],[-72.99719517738271,-13.531646483201472],[-72.99811877378436,-13.531653875733499],[-72.99811121977851,-13.532557554538645],[-72.99718761989739,-13.532550161494788]]]}},{"type":"Feature","properties":{"Cell_ID":1327,"Area_ha":1.0,"LC":"3:0.240000,6:0.658594,9:0.101406","XMIN":716654.86160847,"YMIN":8502983.59738907,"XMAX":716754.86160847,"YMAX":8503083.59738907},"geometry":{"type":"Polygon","coordinates":[[[-72.99718006185978,-13.533453839718813],[-72.99718761989739,-13.532550161494788],[-72.99811121977851,-13.532557554538645],[-72.99810366522063,-13.533461233274506],[-72.99718006185978,-13.533453839718813]]]}},{"type":"Feature","properties":{"Cell_ID":1328,"Area_ha":1.0,"LC":"5:0.517499,6:0.480562,7:0.001939","XMIN":716654.86160847,"YMIN":8502883.59738907,"XMAX":716754.86160847,"YMAX":8502983.59738907},"geometry":{"type":"Polygon","coordinates":[[[-72.9971725032699,-13.534357517873552],[-72.99718006185978,-13.533453839718813],[-72.99810366522063,-13.533461233274506],[-72.99809611011071,-13.534364911941084],[-72.9971725032699,-13.534357517873552]]]}},{"type":"Feature","properties":{"Cell_ID":1329,"Area_ha":1.0,"LC":"5:0.080562,6:0.237176,9:0.682261","XMIN":716654.86160847,"YMIN":8502783.59738907,"XMAX":716754.86160847,"YMAX":8502883.59738907},"geometry":{"type":"Polygon","coordinates":[[[-72.99716494412768,-13.535261195958991],[-72.9971725032699,-13.534357517873552],[-72.99809611011071,-13.534364911941084],[-72.99808855444873,-13.535268590538367],[-72.99716494412768,-13.535261195958991]]]}},{"type":"Feature","properties":{"Cell_ID":1330,"Area_ha":1.0,"LC":"6:0.694309,9:0.305691","XMIN":716654.86160847,"YMIN":8502683.59738907,"XMAX":716754.86160847,"YMAX":8502783.59738907},"geometry":{"type":"Polygon","coordinates":[[[-72.99715738443315,-13.536164873975126],[-72.99716494412768,-13.535261195958991],[-72.99808855444873,-13.535268590538367],[-72.99808099823468,-13.536172269066347],[-72.99715738443315,-13.536164873975126]]]}},{"type":"Feature","properties":{"Cell_ID":1331,"Area_ha":1.0,"LC":"6:0.281603,9:0.718397","XMIN":716654.86160847,"YMIN":8502583.59738907,"XMAX":716754.86160847,"YMAX":8502683.59738907},"geometry":{"type":"Polygon","coordinates":[[[-72.9971498241863,-13.537068551921964],[-72.99715738443315,-13.536164873975126],[-72.99808099823468,-13.536172269066347],[-72.99807344146858,-13.53707594752503],[-72.9971498241863,-13.537068551921964]]]}},{"type":"Feature","properties":{"Cell_ID":1332,"Area_ha":1.0,"LC":"9:0.999031,14:0.000969","XMIN":716654.86160847,"YMIN":8502483.59738907,"XMAX":716754.86160847,"YMAX":8502583.59738907},"geometry":{"type":"Polygon","coordinates":[[[-72.99714226338709,-13.53797222979949],[-72.9971498241863,-13.537068551921964],[-72.99807344146858,-13.53707594752503],[-72.99806588415036,-13.53797962591441],[-72.99714226338709,-13.53797222979949]]]}},{"type":"Feature","properties":{"Cell_ID":1333,"Area_ha":1.0,"LC":"3:0.257444,9:0.299634,14:0.442922","XMIN":716754.86160847,"YMIN":8505883.59738907,"XMAX":716854.86160847,"YMAX":8505983.59738907},"geometry":{"type":"Polygon","coordinates":[[[-72.9964755187571,-13.507239760994787],[-72.99648306425468,-13.506336081275132],[-72.99740656278236,-13.506343462875337],[-72.99739902075711,-13.507247143106953],[-72.9964755187571,-13.507239760994787]]]}},{"type":"Feature","properties":{"Cell_ID":1334,"Area_ha":1.0,"LC":"9:0.722431,14:0.277569","XMIN":716754.86160847,"YMIN":8505783.59738907,"XMAX":716854.86160847,"YMAX":8505883.59738907},"geometry":{"type":"Polygon","coordinates":[[[-72.99646797270724,-13.508143440645274],[-72.9964755187571,-13.507239760994787],[-72.99739902075711,-13.507247143106953],[-72.99739147817986,-13.508150823269407],[-72.99646797270724,-13.508143440645274]]]}},{"type":"Feature","properties":{"Cell_ID":1335,"Area_ha":1.0,"LC":"9:0.578342,14:0.421658","XMIN":716754.86160847,"YMIN":8505683.59738907,"XMAX":716854.86160847,"YMAX":8505783.59738907},"geometry":{"type":"Polygon","coordinates":[[[-72.9964604261051,-13.50904712022658],[-72.99646797270724,-13.508143440645274],[-72.99739147817986,-13.508150823269407],[-72.99738393505058,-13.509054503362684],[-72.9964604261051,-13.50904712022658]]]}},{"type":"Feature","properties":{"Cell_ID":1336,"Area_ha":1.0,"LC":"6:0.259563,9:0.679593,14:0.060844","XMIN":716754.86160847,"YMIN":8505583.59738907,"XMAX":716854.86160847,"YMAX":8505683.59738907},"geometry":{"type":"Polygon","coordinates":[[[-72.99645287895068,-13.50995079973871],[-72.9964604261051,-13.50904712022658],[-72.99738393505058,-13.509054503362684],[-72.99737639136927,-13.50995818338679],[-72.99645287895068,-13.50995079973871]]]}},{"type":"Feature","properties":{"Cell_ID":1337,"Area_ha":1.0,"LC":"3:0.019241,6:0.784637,7:0.196122","XMIN":716754.86160847,"YMIN":8505483.59738907,"XMAX":716854.86160847,"YMAX":8505583.59738907},"geometry":{"type":"Polygon","coordinates":[[[-72.99644533124398,-13.51085447918166],[-72.99645287895068,-13.50995079973871],[-72.99737639136927,-13.50995818338679],[-72.99736884713592,-13.510861863341717],[-72.99644533124398,-13.51085447918166]]]}},{"type":"Feature","properties":{"Cell_ID":1338,"Area_ha":1.0,"LC":"3:0.480885,6:0.082586,14:0.436529","XMIN":716754.86160847,"YMIN":8505383.59738907,"XMAX":716854.86160847,"YMAX":8505483.59738907},"geometry":{"type":"Polygon","coordinates":[[[-72.99643778298496,-13.51175815855542],[-72.99644533124398,-13.51085447918166],[-72.99736884713592,-13.510861863341717],[-72.99736130235053,-13.511765543227455],[-72.99643778298496,-13.51175815855542]]]}},{"type":"Feature","properties":{"Cell_ID":1339,"Area_ha":1.0,"LC":"3:0.797499,14:0.202501","XMIN":716754.86160847,"YMIN":8505283.59738907,"XMAX":716854.86160847,"YMAX":8505383.59738907},"geometry":{"type":"Polygon","coordinates":[[[-72.99643023417363,-13.512661837859984],[-72.99643778298496,-13.51175815855542],[-72.99736130235053,-13.511765543227455],[-72.99735375701306,-13.512669223044007],[-72.99643023417363,-13.512661837859984]]]}},{"type":"Feature","properties":{"Cell_ID":1340,"Area_ha":1.0,"LC":"3:1.000000","XMIN":716754.86160847,"YMIN":8505183.59738907,"XMAX":716854.86160847,"YMAX":8505283.59738907},"geometry":{"type":"Polygon","coordinates":[[[-72.99642268480997,-13.513565517095357],[-72.99643023417363,-13.512661837859984],[-72.99735375701306,-13.512669223044007],[-72.99734621112351,-13.51357290279137],[-72.99642268480997,-13.513565517095357]]]}},{"type":"Feature","properties":{"Cell_ID":1341,"Area_ha":1.0,"LC":"3:0.262376,5:0.377780,6:0.117021,9:0.242824","XMIN":716754.86160847,"YMIN":8505083.59738907,"XMAX":716854.86160847,"YMAX":8505183.59738907},"geometry":{"type":"Polygon","coordinates":[[[-72.99641513489398,-13.51446919626153],[-72.99642268480997,-13.513565517095357],[-72.99734621112351,-13.51357290279137],[-72.9973386646819,-13.514476582469529],[-72.99641513489398,-13.51446919626153]]]}},{"type":"Feature","properties":{"Cell_ID":1342,"Area_ha":1.0,"LC":"5:0.060281,6:0.776248,9:0.163471","XMIN":716754.86160847,"YMIN":8504983.59738907,"XMAX":716854.86160847,"YMAX":8505083.59738907},"geometry":{"type":"Polygon","coordinates":[[[-72.99640758442564,-13.515372875358498],[-72.99641513489398,-13.51446919626153],[-72.9973386646819,-13.514476582469529],[-72.9973311176882,-13.515380262078494],[-72.99640758442564,-13.515372875358498]]]}},{"type":"Feature","properties":{"Cell_ID":1343,"Area_ha":1.0,"LC":"5:0.497780,6:0.100915,9:0.264088,14:0.137217","XMIN":716754.86160847,"YMIN":8504883.59738907,"XMAX":716854.86160847,"YMAX":8504983.59738907},"geometry":{"type":"Polygon","coordinates":[[[-72.99640003340497,-13.516276554386254],[-72.99640758442564,-13.515372875358498],[-72.9973311176882,-13.515380262078494],[-72.9973235701424,-13.516283941618251],[-72.99640003340497,-13.516276554386254]]]}},{"type":"Feature","properties":{"Cell_ID":1344,"Area_ha":1.0,"LC":"5:0.060281,6:0.097302,9:0.020281,14:0.822136","XMIN":716754.86160847,"YMIN":8504783.59738907,"XMAX":716854.86160847,"YMAX":8504883.59738907},"geometry":{"type":"Polygon","coordinates":[[[-72.9963924818319,-13.517180233344794],[-72.99640003340497,-13.516276554386254],[-72.9973235701424,-13.516283941618251],[-72.99731602204449,-13.517187621088796],[-72.9963924818319,-13.517180233344794]]]}},{"type":"Feature","properties":{"Cell_ID":1345,"Area_ha":1.0,"LC":"6:0.415827,9:0.002908,14:0.581264","XMIN":716754.86160847,"YMIN":8504683.59738907,"XMAX":716854.86160847,"YMAX":8504783.59738907},"geometry":{"type":"Polygon","coordinates":[[[-72.99638492970647,-13.518083912234118],[-72.9963924818319,-13.517180233344794],[-72.99731602204449,-13.517187621088796],[-72.99730847339445,-13.51809130049013],[-72.99638492970647,-13.518083912234118]]]}},{"type":"Feature","properties":{"Cell_ID":1346,"Area_ha":1.0,"LC":"6:0.385129,9:0.396458,14:0.218413","XMIN":716754.86160847,"YMIN":8504583.59738907,"XMAX":716854.86160847,"YMAX":8504683.59738907},"geometry":{"type":"Polygon","coordinates":[[[-72.99637737702865,-13.518987591054223],[-72.99638492970647,-13.518083912234118],[-72.99730847339445,-13.51809130049013],[-72.99730092419229,-13.518994979822246],[-72.99637737702865,-13.518987591054223]]]}},{"type":"Feature","properties":{"Cell_ID":1347,"Area_ha":1.0,"LC":"6:0.061742,9:0.934871,14:0.003386","XMIN":716754.86160847,"YMIN":8504483.59738907,"XMAX":716854.86160847,"YMAX":8504583.59738907},"geometry":{"type":"Polygon","coordinates":[[[-72.99636982379845,-13.5198912698051],[-72.99637737702865,-13.518987591054223],[-72.99730092419229,-13.518994979822246],[-72.99729337443797,-13.519898659085134],[-72.99636982379845,-13.5198912698051]]]}},{"type":"Feature","properties":{"Cell_ID":1348,"Area_ha":1.0,"LC":"5:0.197428,9:0.698006,14:0.104566","XMIN":716754.86160847,"YMIN":8504383.59738907,"XMAX":716854.86160847,"YMAX":8504483.59738907},"geometry":{"type":"Polygon","coordinates":[[[-72.99636227001584,-13.520794948486746],[-72.99636982379845,-13.5198912698051],[-72.99729337443797,-13.519898659085134],[-72.99728582413151,-13.5208023382788],[-72.99636227001584,-13.520794948486746]]]}},{"type":"Feature","properties":{"Cell_ID":1349,"Area_ha":1.0,"LC":"5:0.637725,9:0.259563,14:0.102712","XMIN":716754.86160847,"YMIN":8504283.59738907,"XMAX":716854.86160847,"YMAX":8504383.59738907},"geometry":{"type":"Polygon","coordinates":[[[-72.99635471568081,-13.521698627099155],[-72.99636227001584,-13.520794948486746],[-72.99728582413151,-13.5208023382788],[-72.9972782732729,-13.52170601740323],[-72.99635471568081,-13.521698627099155]]]}},{"type":"Feature","properties":{"Cell_ID":1350,"Area_ha":1.0,"LC":"6:0.119353,9:0.880647","XMIN":716754.86160847,"YMIN":8504183.59738907,"XMAX":716854.86160847,"YMAX":8504283.59738907},"geometry":{"type":"Polygon","coordinates":[[[-72.99634716079336,-13.522602305642327],[-72.99635471568081,-13.521698627099155],[-72.9972782732729,-13.52170601740323],[-72.99727072186211,-13.522609696458426],[-72.99634716079336,-13.522602305642327]]]}},{"type":"Feature","properties":{"Cell_ID":1351,"Area_ha":1.0,"LC":"5:0.099719,6:0.081616,9:0.321925,14:0.496739","XMIN":716754.86160847,"YMIN":8504083.59738907,"XMAX":716854.86160847,"YMAX":8504183.59738907},"geometry":{"type":"Polygon","coordinates":[[[-72.99633960535347,-13.523505984116253],[-72.99634716079336,-13.522602305642327],[-72.99727072186211,-13.522609696458426],[-72.99726316989914,-13.523513375444386],[-72.99633960535347,-13.523505984116253]]]}},{"type":"Feature","properties":{"Cell_ID":1352,"Area_ha":1.0,"LC":"5:0.616403,9:0.323245,14:0.060352","XMIN":716754.86160847,"YMIN":8503983.59738907,"XMAX":716854.86160847,"YMAX":8504083.59738907},"geometry":{"type":"Polygon","coordinates":[[[-72.99633204936114,-13.524409662520934],[-72.99633960535347,-13.523505984116253],[-72.99726316989914,-13.523513375444386],[-72.99725561738398,-13.524417054361097],[-72.99633204936114,-13.524409662520934]]]}},{"type":"Feature","properties":{"Cell_ID":1353,"Area_ha":1.0,"LC":"9:1.000000","XMIN":716754.86160847,"YMIN":8503883.59738907,"XMAX":716854.86160847,"YMAX":8503983.59738907},"geometry":{"type":"Polygon","coordinates":[[[-72.99632449281636,-13.525313340856359],[-72.99633204936114,-13.524409662520934],[-72.99725561738398,-13.524417054361097],[-72.99724806431662,-13.525320733208558],[-72.99632449281636,-13.525313340856359]]]}},{"type":"Feature","properties":{"Cell_ID":1354,"Area_ha":1.0,"LC":"5:0.061166,9:0.938834","XMIN":716754.86160847,"YMIN":8503783.59738907,"XMAX":716854.86160847,"YMAX":8503883.59738907},"geometry":{"type":"Polygon","coordinates":[[[-72.99631693571911,-13.526217019122528],[-72.99632449281636,-13.525313340856359],[-72.99724806431662,-13.525320733208558],[-72.99724051069707,-13.52622441198677],[-72.99631693571911,-13.526217019122528]]]}},{"type":"Feature","properties":{"Cell_ID":1355,"Area_ha":1.0,"LC":"5:0.061742,6:0.242908,9:0.695349","XMIN":716754.86160847,"YMIN":8503683.59738907,"XMAX":716854.86160847,"YMAX":8503783.59738907},"geometry":{"type":"Polygon","coordinates":[[[-72.9963093780694,-13.527120697319438],[-72.99631693571911,-13.526217019122528],[-72.99724051069707,-13.52622441198677],[-72.99723295652528,-13.527128090695722],[-72.9963093780694,-13.527120697319438]]]}},{"type":"Feature","properties":{"Cell_ID":1356,"Area_ha":1.0,"LC":"6:0.737695,9:0.262305","XMIN":716754.86160847,"YMIN":8503583.59738907,"XMAX":716854.86160847,"YMAX":8503683.59738907},"geometry":{"type":"Polygon","coordinates":[[[-72.9963018198672,-13.528024375447078],[-72.9963093780694,-13.527120697319438],[-72.99723295652528,-13.527128090695722],[-72.99722540180126,-13.528031769335414],[-72.9963018198672,-13.528024375447078]]]}},{"type":"Feature","properties":{"Cell_ID":1357,"Area_ha":1.0,"LC":"6:0.142305,9:0.660604,18:0.197092","XMIN":716754.86160847,"YMIN":8503483.59738907,"XMAX":716854.86160847,"YMAX":8503583.59738907},"geometry":{"type":"Polygon","coordinates":[[[-72.99629426111248,-13.528928053505453],[-72.9963018198672,-13.528024375447078],[-72.99722540180126,-13.528031769335414],[-72.99721784652502,-13.528935447905837],[-72.99629426111248,-13.528928053505453]]]}},{"type":"Feature","properties":{"Cell_ID":1358,"Area_ha":1.0,"LC":"9:1.000000","XMIN":716754.86160847,"YMIN":8503383.59738907,"XMAX":716854.86160847,"YMAX":8503483.59738907},"geometry":{"type":"Polygon","coordinates":[[[-72.99628670180529,-13.52983173149455],[-72.99629426111248,-13.528928053505453],[-72.99721784652502,-13.528935447905837],[-72.9972102906965,-13.529839126406992],[-72.99628670180529,-13.52983173149455]]]}},{"type":"Feature","properties":{"Cell_ID":1359,"Area_ha":1.0,"LC":"6:0.402908,7:0.158061,9:0.439031","XMIN":716754.86160847,"YMIN":8503283.59738907,"XMAX":716854.86160847,"YMAX":8503383.59738907},"geometry":{"type":"Polygon","coordinates":[[[-72.99627914194556,-13.530735409414369],[-72.99628670180529,-13.52983173149455],[-72.9972102906965,-13.529839126406992],[-72.99720273431574,-13.530742804838871],[-72.99627914194556,-13.530735409414369]]]}},{"type":"Feature","properties":{"Cell_ID":1360,"Area_ha":1.0,"LC":"9:0.600633,16:0.241939,18:0.157428","XMIN":716754.86160847,"YMIN":8503183.59738907,"XMAX":716854.86160847,"YMAX":8503283.59738907},"geometry":{"type":"Polygon","coordinates":[[[-72.99627158153334,-13.531639087264907],[-72.99627914194556,-13.530735409414369],[-72.99720273431574,-13.530742804838871],[-72.99719517738271,-13.531646483201472],[-72.99627158153334,-13.531639087264907]]]}},{"type":"Feature","properties":{"Cell_ID":1361,"Area_ha":1.0,"LC":"7:0.000478,9:0.240828,18:0.758694","XMIN":716754.86160847,"YMIN":8503083.59738907,"XMAX":716854.86160847,"YMAX":8503183.59738907},"geometry":{"type":"Polygon","coordinates":[[[-72.99626402056856,-13.532542765046156],[-72.99627158153334,-13.531639087264907],[-72.99719517738271,-13.531646483201472],[-72.99718761989739,-13.532550161494788],[-72.99626402056856,-13.532542765046156]]]}},{"type":"Feature","properties":{"Cell_ID":1362,"Area_ha":1.0,"LC":"3:0.158468,6:0.655770,7:0.001461,9:0.184301","XMIN":716754.86160847,"YMIN":8502983.59738907,"XMAX":716854.86160847,"YMAX":8503083.59738907},"geometry":{"type":"Polygon","coordinates":[[[-72.99625645905124,-13.533446442758114],[-72.99626402056856,-13.532542765046156],[-72.99718761989739,-13.532550161494788],[-72.99718006185978,-13.533453839718813],[-72.99625645905124,-13.533446442758114]]]}},{"type":"Feature","properties":{"Cell_ID":1363,"Area_ha":1.0,"LC":"3:0.080562,6:0.601447,7:0.317499,9:0.000492","XMIN":716754.86160847,"YMIN":8502883.59738907,"XMAX":716854.86160847,"YMAX":8502983.59738907},"geometry":{"type":"Polygon","coordinates":[[[-72.99624889698138,-13.534350120400777],[-72.99625645905124,-13.533446442758114],[-72.99718006185978,-13.533453839718813],[-72.9971725032699,-13.534357517873552],[-72.99624889698138,-13.534350120400777]]]}},{"type":"Feature","properties":{"Cell_ID":1364,"Area_ha":1.0,"LC":"6:0.062783,7:0.240562,9:0.696655","XMIN":716754.86160847,"YMIN":8502783.59738907,"XMAX":716854.86160847,"YMAX":8502883.59738907},"geometry":{"type":"Polygon","coordinates":[[[-72.99624133435894,-13.53525379797414],[-72.99624889698138,-13.534350120400777],[-72.9971725032699,-13.534357517873552],[-72.99716494412768,-13.535261195958991],[-72.99624133435894,-13.53525379797414]]]}},{"type":"Feature","properties":{"Cell_ID":1365,"Area_ha":1.0,"LC":"9:1.000000","XMIN":716754.86160847,"YMIN":8502683.59738907,"XMAX":716854.86160847,"YMAX":8502783.59738907},"geometry":{"type":"Polygon","coordinates":[[[-72.99623377118394,-13.536157475478197],[-72.99624133435894,-13.53525379797414],[-72.99716494412768,-13.535261195958991],[-72.99715738443315,-13.536164873975126],[-72.99623377118394,-13.536157475478197]]]}},{"type":"Feature","properties":{"Cell_ID":1366,"Area_ha":1.0,"LC":"5:0.200407,6:0.359031,9:0.440562","XMIN":716754.86160847,"YMIN":8502583.59738907,"XMAX":716854.86160847,"YMAX":8502683.59738907},"geometry":{"type":"Polygon","coordinates":[[[-72.99622620745635,-13.537061152912942],[-72.99623377118394,-13.536157475478197],[-72.99715738443315,-13.536164873975126],[-72.9971498241863,-13.537068551921964],[-72.99622620745635,-13.537061152912942]]]}},{"type":"Feature","properties":{"Cell_ID":1367,"Area_ha":1.0,"LC":"5:0.081532,9:0.438146,14:0.480323","XMIN":716754.86160847,"YMIN":8502483.59738907,"XMAX":716854.86160847,"YMAX":8502583.59738907},"geometry":{"type":"Polygon","coordinates":[[[-72.99621864317616,-13.53796483027838],[-72.99622620745635,-13.537061152912942],[-72.9971498241863,-13.537068551921964],[-72.99714226338709,-13.53797222979949],[-72.99621864317616,-13.53796483027838]]]}},{"type":"Feature","properties":{"Cell_ID":1368,"Area_ha":1.0,"LC":"9:0.716529,14:0.283471","XMIN":716854.86160847,"YMIN":8505783.59738907,"XMAX":716954.86160847,"YMAX":8505883.59738907},"geometry":{"type":"Polygon","coordinates":[[[-72.99554446778687,-13.508136054622739],[-72.99555201730932,-13.507232375484454],[-72.9964755187571,-13.507239760994787],[-72.99646797270724,-13.508143440645274],[-72.99554446778687,-13.508136054622739]]]}},{"type":"Feature","properties":{"Cell_ID":1369,"Area_ha":1.0,"LC":"9:0.921939,14:0.078061","XMIN":716854.86160847,"YMIN":8505683.59738907,"XMAX":716954.86160847,"YMAX":8505783.59738907},"geometry":{"type":"Polygon","coordinates":[[[-72.99553691771192,-13.509039733691838],[-72.99554446778687,-13.508136054622739],[-72.99646797270724,-13.508143440645274],[-72.9964604261051,-13.50904712022658],[-72.99553691771192,-13.509039733691838]]]}},{"type":"Feature","properties":{"Cell_ID":1370,"Area_ha":1.0,"LC":"6:0.118468,9:0.881532","XMIN":716854.86160847,"YMIN":8505583.59738907,"XMAX":716954.86160847,"YMAX":8505683.59738907},"geometry":{"type":"Polygon","coordinates":[[[-72.9955293670844,-13.509943412691761],[-72.99553691771192,-13.509039733691838],[-72.9964604261051,-13.50904712022658],[-72.99645287895068,-13.50995079973871],[-72.9955293670844,-13.509943412691761]]]}},{"type":"Feature","properties":{"Cell_ID":1371,"Area_ha":1.0,"LC":"6:0.939156,9:0.060844","XMIN":716854.86160847,"YMIN":8505483.59738907,"XMAX":716954.86160847,"YMAX":8505583.59738907},"geometry":{"type":"Polygon","coordinates":[[[-72.99552181590434,-13.510847091622496],[-72.9955293670844,-13.509943412691761],[-72.99645287895068,-13.50995079973871],[-72.99644533124398,-13.51085447918166],[-72.99552181590434,-13.510847091622496]]]}},{"type":"Feature","properties":{"Cell_ID":1372,"Area_ha":1.0,"LC":"3:0.737709,6:0.221406,9:0.040885","XMIN":716854.86160847,"YMIN":8505383.59738907,"XMAX":716954.86160847,"YMAX":8505483.59738907},"geometry":{"type":"Polygon","coordinates":[[[-72.99551426417172,-13.51175077048404],[-72.99552181590434,-13.510847091622496],[-72.99644533124398,-13.51085447918166],[-72.99643778298496,-13.51175815855542],[-72.99551426417172,-13.51175077048404]]]}},{"type":"Feature","properties":{"Cell_ID":1373,"Area_ha":1.0,"LC":"3:0.238132,9:0.364932,14:0.396936","XMIN":716854.86160847,"YMIN":8505283.59738907,"XMAX":716954.86160847,"YMAX":8505383.59738907},"geometry":{"type":"Polygon","coordinates":[[[-72.99550671188652,-13.512654449276383],[-72.99551426417172,-13.51175077048404],[-72.99643778298496,-13.51175815855542],[-72.99643023417363,-13.512661837859984],[-72.99550671188652,-13.512654449276383]]]}},{"type":"Feature","properties":{"Cell_ID":1374,"Area_ha":1.0,"LC":"3:0.838875,14:0.161125","XMIN":716854.86160847,"YMIN":8505183.59738907,"XMAX":716954.86160847,"YMAX":8505283.59738907},"geometry":{"type":"Polygon","coordinates":[[[-72.99549915904875,-13.513558127999534],[-72.99550671188652,-13.512654449276383],[-72.99643023417363,-13.512661837859984],[-72.99642268480997,-13.513565517095357],[-72.99549915904875,-13.513558127999534]]]}},{"type":"Feature","properties":{"Cell_ID":1375,"Area_ha":1.0,"LC":"3:0.564511,6:0.059719,9:0.375770","XMIN":716854.86160847,"YMIN":8505083.59738907,"XMAX":716954.86160847,"YMAX":8505183.59738907},"geometry":{"type":"Polygon","coordinates":[[[-72.9954916056584,-13.514461806653475],[-72.99549915904875,-13.513558127999534],[-72.99642268480997,-13.513565517095357],[-72.99641513489398,-13.51446919626153],[-72.9954916056584,-13.514461806653475]]]}},{"type":"Feature","properties":{"Cell_ID":1376,"Area_ha":1.0,"LC":"3:0.102712,5:0.080323,6:0.499312,9:0.317654","XMIN":716854.86160847,"YMIN":8504983.59738907,"XMAX":716954.86160847,"YMAX":8505083.59738907},"geometry":{"type":"Polygon","coordinates":[[[-72.99548405171545,-13.51536548523821],[-72.9954916056584,-13.514461806653475],[-72.99641513489398,-13.51446919626153],[-72.99640758442564,-13.515372875358498],[-72.99548405171545,-13.51536548523821]]]}},{"type":"Feature","properties":{"Cell_ID":1377,"Area_ha":1.0,"LC":"5:0.524525,6:0.000478,9:0.455756,14:0.019241","XMIN":716854.86160847,"YMIN":8504883.59738907,"XMAX":716954.86160847,"YMAX":8504983.59738907},"geometry":{"type":"Polygon","coordinates":[[[-72.99547649721988,-13.516269163753732],[-72.99548405171545,-13.51536548523821],[-72.99640758442564,-13.515372875358498],[-72.99640003340497,-13.516276554386254],[-72.99547649721988,-13.516269163753732]]]}},{"type":"Feature","properties":{"Cell_ID":1378,"Area_ha":1.0,"LC":"6:0.383597,9:0.081125,14:0.535278","XMIN":716854.86160847,"YMIN":8504783.59738907,"XMAX":716954.86160847,"YMAX":8504883.59738907},"geometry":{"type":"Polygon","coordinates":[[[-72.9954689421717,-13.517172842200036],[-72.99547649721988,-13.516269163753732],[-72.99640003340497,-13.516276554386254],[-72.9963924818319,-13.517180233344794],[-72.9954689421717,-13.517172842200036]]]}},{"type":"Feature","properties":{"Cell_ID":1379,"Area_ha":1.0,"LC":"6:0.120336,9:0.760000,14:0.119664","XMIN":716854.86160847,"YMIN":8504683.59738907,"XMAX":716954.86160847,"YMAX":8504783.59738907},"geometry":{"type":"Polygon","coordinates":[[[-72.99546138657088,-13.518076520577118],[-72.9954689421717,-13.517172842200036],[-72.9963924818319,-13.517180233344794],[-72.99638492970647,-13.518083912234118],[-72.99546138657088,-13.518076520577118]]]}},{"type":"Feature","properties":{"Cell_ID":1380,"Area_ha":1.0,"LC":"5:0.280885,6:0.719115","XMIN":716854.86160847,"YMIN":8504583.59738907,"XMAX":716954.86160847,"YMAX":8504683.59738907},"geometry":{"type":"Polygon","coordinates":[[[-72.99545383041743,-13.518980198884975],[-72.99546138657088,-13.518076520577118],[-72.99638492970647,-13.518083912234118],[-72.99637737702865,-13.518987591054223],[-72.99545383041743,-13.518980198884975]]]}},{"type":"Feature","properties":{"Cell_ID":1381,"Area_ha":1.0,"LC":"5:0.441054,6:0.179383,9:0.203793,14:0.175770","XMIN":716854.86160847,"YMIN":8504483.59738907,"XMAX":716954.86160847,"YMAX":8504583.59738907},"geometry":{"type":"Polygon","coordinates":[[[-72.99544627371134,-13.5198838771236],[-72.99545383041743,-13.518980198884975],[-72.99637737702865,-13.518987591054223],[-72.99636982379845,-13.5198912698051],[-72.99544627371134,-13.5198838771236]]]}},{"type":"Feature","properties":{"Cell_ID":1382,"Area_ha":1.0,"LC":"5:0.002417,9:0.402431,14:0.595153","XMIN":716854.86160847,"YMIN":8504383.59738907,"XMAX":716954.86160847,"YMAX":8504483.59738907},"geometry":{"type":"Polygon","coordinates":[[[-72.99543871645258,-13.520787555292992],[-72.99544627371134,-13.5198838771236],[-72.99636982379845,-13.5198912698051],[-72.99636227001584,-13.520794948486746],[-72.99543871645258,-13.520787555292992]]]}},{"type":"Feature","properties":{"Cell_ID":1383,"Area_ha":1.0,"LC":"5:0.002908,9:0.698678,14:0.298413","XMIN":716854.86160847,"YMIN":8504283.59738907,"XMAX":716954.86160847,"YMAX":8504383.59738907},"geometry":{"type":"Polygon","coordinates":[[[-72.99543115864114,-13.521691233393145],[-72.99543871645258,-13.520787555292992],[-72.99636227001584,-13.520794948486746],[-72.99635471568081,-13.521698627099155],[-72.99543115864114,-13.521691233393145]]]}},{"type":"Feature","properties":{"Cell_ID":1384,"Area_ha":1.0,"LC":"5:0.000492,6:0.100533,9:0.497037,14:0.401939","XMIN":716854.86160847,"YMIN":8504183.59738907,"XMAX":716954.86160847,"YMAX":8504283.59738907},"geometry":{"type":"Polygon","coordinates":[[[-72.99542360027705,-13.522594911424052],[-72.99543115864114,-13.521691233393145],[-72.99635471568081,-13.521698627099155],[-72.99634716079336,-13.522602305642327],[-72.99542360027705,-13.522594911424052]]]}},{"type":"Feature","properties":{"Cell_ID":1385,"Area_ha":1.0,"LC":"5:0.019719,6:0.484918,9:0.495363","XMIN":716854.86160847,"YMIN":8504083.59738907,"XMAX":716954.86160847,"YMAX":8504183.59738907},"geometry":{"type":"Polygon","coordinates":[[[-72.99541604136024,-13.523498589385717],[-72.99542360027705,-13.522594911424052],[-72.99634716079336,-13.522602305642327],[-72.99633960535347,-13.523505984116253],[-72.99541604136024,-13.523498589385717]]]}},{"type":"Feature","properties":{"Cell_ID":1386,"Area_ha":1.0,"LC":"5:0.602824,6:0.061335,9:0.335841","XMIN":716854.86160847,"YMIN":8503983.59738907,"XMAX":716954.86160847,"YMAX":8504083.59738907},"geometry":{"type":"Polygon","coordinates":[[[-72.99540848189076,-13.524402267278125],[-72.99541604136024,-13.523498589385717],[-72.99633960535347,-13.523505984116253],[-72.99633204936114,-13.524409662520934],[-72.99540848189076,-13.524402267278125]]]}},{"type":"Feature","properties":{"Cell_ID":1387,"Area_ha":1.0,"LC":"5:0.062305,9:0.937695","XMIN":716854.86160847,"YMIN":8503883.59738907,"XMAX":716954.86160847,"YMAX":8503983.59738907},"geometry":{"type":"Polygon","coordinates":[[[-72.99540092186857,-13.52530594510128],[-72.99540848189076,-13.524402267278125],[-72.99633204936114,-13.524409662520934],[-72.99632449281636,-13.525313340856359],[-72.99540092186857,-13.52530594510128]]]}},{"type":"Feature","properties":{"Cell_ID":1388,"Area_ha":1.0,"LC":"5:0.699085,9:0.300915","XMIN":716854.86160847,"YMIN":8503783.59738907,"XMAX":716954.86160847,"YMAX":8503883.59738907},"geometry":{"type":"Polygon","coordinates":[[[-72.99539336129364,-13.526209622855173],[-72.99540092186857,-13.52530594510128],[-72.99632449281636,-13.525313340856359],[-72.99631693571911,-13.526217019122528],[-72.99539336129364,-13.526209622855173]]]}},{"type":"Feature","properties":{"Cell_ID":1389,"Area_ha":1.0,"LC":"5:0.219945,6:0.237092,9:0.542963","XMIN":716854.86160847,"YMIN":8503683.59738907,"XMAX":716954.86160847,"YMAX":8503783.59738907},"geometry":{"type":"Polygon","coordinates":[[[-72.99538580016599,-13.527113300539801],[-72.99539336129364,-13.526209622855173],[-72.99631693571911,-13.526217019122528],[-72.9963093780694,-13.527120697319438],[-72.99538580016599,-13.527113300539801]]]}},{"type":"Feature","properties":{"Cell_ID":1390,"Area_ha":1.0,"LC":"5:0.001447,6:0.137709,9:0.860844","XMIN":716854.86160847,"YMIN":8503583.59738907,"XMAX":716954.86160847,"YMAX":8503683.59738907},"geometry":{"type":"Polygon","coordinates":[[[-72.9953782384856,-13.528016978155161],[-72.99538580016599,-13.527113300539801],[-72.9963093780694,-13.527120697319438],[-72.9963018198672,-13.528024375447078],[-72.9953782384856,-13.528016978155161]]]}},{"type":"Feature","properties":{"Cell_ID":1391,"Area_ha":1.0,"LC":"5:0.081461,6:0.179383,9:0.739156","XMIN":716854.86160847,"YMIN":8503483.59738907,"XMAX":716954.86160847,"YMAX":8503583.59738907},"geometry":{"type":"Polygon","coordinates":[[[-72.99537067625248,-13.528920655701244],[-72.9953782384856,-13.528016978155161],[-72.9963018198672,-13.528024375447078],[-72.99629426111248,-13.528928053505453],[-72.99537067625248,-13.528920655701244]]]}},{"type":"Feature","properties":{"Cell_ID":1392,"Area_ha":1.0,"LC":"5:0.121939,9:0.878061","XMIN":716854.86160847,"YMIN":8503383.59738907,"XMAX":716954.86160847,"YMAX":8503483.59738907},"geometry":{"type":"Polygon","coordinates":[[[-72.9953631134666,-13.529824333178052],[-72.99537067625248,-13.528920655701244],[-72.99629426111248,-13.528928053505453],[-72.99628670180529,-13.52983173149455],[-72.9953631134666,-13.529824333178052]]]}},{"type":"Feature","properties":{"Cell_ID":1393,"Area_ha":1.0,"LC":"6:0.398061,9:0.601939","XMIN":716854.86160847,"YMIN":8503283.59738907,"XMAX":716954.86160847,"YMAX":8503383.59738907},"geometry":{"type":"Polygon","coordinates":[[[-72.99535555012793,-13.530728010585577],[-72.9953631134666,-13.529824333178052],[-72.99628670180529,-13.52983173149455],[-72.99627914194556,-13.530735409414369],[-72.99535555012793,-13.530728010585577]]]}},{"type":"Feature","properties":{"Cell_ID":1394,"Area_ha":1.0,"LC":"6:0.161939,9:0.520969,16:0.317092","XMIN":716854.86160847,"YMIN":8503183.59738907,"XMAX":716954.86160847,"YMAX":8503283.59738907},"geometry":{"type":"Polygon","coordinates":[[[-72.9953479862365,-13.531631687923817],[-72.99535555012793,-13.530728010585577],[-72.99627914194556,-13.530735409414369],[-72.99627158153334,-13.531639087264907],[-72.9953479862365,-13.531631687923817]]]}},{"type":"Feature","properties":{"Cell_ID":1395,"Area_ha":1.0,"LC":"5:0.162908,7:0.179563,9:0.539467,18:0.118061","XMIN":716854.86160847,"YMIN":8503083.59738907,"XMAX":716954.86160847,"YMAX":8503183.59738907},"geometry":{"type":"Polygon","coordinates":[[[-72.99534042179228,-13.532535365192764],[-72.9953479862365,-13.531631687923817],[-72.99627158153334,-13.531639087264907],[-72.99626402056856,-13.532542765046156],[-72.99534042179228,-13.532535365192764]]]}},{"type":"Feature","properties":{"Cell_ID":1396,"Area_ha":1.0,"LC":"7:0.220437,9:0.779563","XMIN":716854.86160847,"YMIN":8502983.59738907,"XMAX":716954.86160847,"YMAX":8503083.59738907},"geometry":{"type":"Polygon","coordinates":[[[-72.99533285679526,-13.533439042392413],[-72.99534042179228,-13.532535365192764],[-72.99626402056856,-13.532542765046156],[-72.99625645905124,-13.533446442758114],[-72.99533285679526,-13.533439042392413]]]}},{"type":"Feature","properties":{"Cell_ID":1397,"Area_ha":1.0,"LC":"6:0.175363,9:0.824637","XMIN":716854.86160847,"YMIN":8502883.59738907,"XMAX":716954.86160847,"YMAX":8502983.59738907},"geometry":{"type":"Polygon","coordinates":[[[-72.99532529124544,-13.534342719522767],[-72.99533285679526,-13.533439042392413],[-72.99625645905124,-13.533446442758114],[-72.99624889698138,-13.534350120400777],[-72.99532529124544,-13.534342719522767]]]}},{"type":"Feature","properties":{"Cell_ID":1398,"Area_ha":1.0,"LC":"5:0.143512,6:0.097851,9:0.758637","XMIN":716854.86160847,"YMIN":8502783.59738907,"XMAX":716954.86160847,"YMAX":8502883.59738907},"geometry":{"type":"Polygon","coordinates":[[[-72.99531772514278,-13.535246396583819],[-72.99532529124544,-13.534342719522767],[-72.99624889698138,-13.534350120400777],[-72.99624133435894,-13.53525379797414],[-72.99531772514278,-13.535246396583819]]]}},{"type":"Feature","properties":{"Cell_ID":1399,"Area_ha":1.0,"LC":"5:0.182305,9:0.817695","XMIN":716854.86160847,"YMIN":8502683.59738907,"XMAX":716954.86160847,"YMAX":8502783.59738907},"geometry":{"type":"Polygon","coordinates":[[[-72.99531015848731,-13.536150073575554],[-72.99531772514278,-13.535246396583819],[-72.99624133435894,-13.53525379797414],[-72.99623377118394,-13.536157475478197],[-72.99531015848731,-13.536150073575554]]]}},{"type":"Feature","properties":{"Cell_ID":1400,"Area_ha":1.0,"LC":"5:0.360969,9:0.639031","XMIN":716854.86160847,"YMIN":8502583.59738907,"XMAX":716954.86160847,"YMAX":8502683.59738907},"geometry":{"type":"Polygon","coordinates":[[[-72.995302591279,-13.537053750497984],[-72.99531015848731,-13.536150073575554],[-72.99623377118394,-13.536157475478197],[-72.99622620745635,-13.537061152912942],[-72.995302591279,-13.537053750497984]]]}},{"type":"Feature","properties":{"Cell_ID":1401,"Area_ha":1.0,"LC":"5:0.280969,9:0.322010,14:0.397021","XMIN":716854.86160847,"YMIN":8502483.59738907,"XMAX":716954.86160847,"YMAX":8502583.59738907},"geometry":{"type":"Polygon","coordinates":[[[-72.99529502351784,-13.537957427351095],[-72.995302591279,-13.537053750497984],[-72.99622620745635,-13.537061152912942],[-72.99621864317616,-13.53796483027838],[-72.99529502351784,-13.537957427351095]]]}},{"type":"Feature","properties":{"Cell_ID":1402,"Area_ha":1.0,"LC":"5:0.002908,9:0.877990,14:0.119101","XMIN":716854.86160847,"YMIN":8502383.59738907,"XMAX":716954.86160847,"YMAX":8502483.59738907},"geometry":{"type":"Polygon","coordinates":[[[-72.99528745520382,-13.538861104134883],[-72.99529502351784,-13.537957427351095],[-72.99621864317616,-13.53796483027838],[-72.99621107834338,-13.538868507574497],[-72.99528745520382,-13.538861104134883]]]}},{"type":"Feature","properties":{"Cell_ID":1403,"Area_ha":1.0,"LC":"9:0.819719,14:0.117092,18:0.063190","XMIN":716954.86160847,"YMIN":8505783.59738907,"XMAX":717054.86160847,"YMAX":8505883.59738907},"geometry":{"type":"Polygon","coordinates":[[[-72.99462096341905,-13.508128665201813],[-72.99462851641408,-13.507224986575968],[-72.99555201730932,-13.507232375484454],[-72.99554446778687,-13.508136054622739],[-72.99462096341905,-13.508128665201813]]]}},{"type":"Feature","properties":{"Cell_ID":1404,"Area_ha":1.0,"LC":"9:0.756600,18:0.243400","XMIN":716954.86160847,"YMIN":8505683.59738907,"XMAX":717054.86160847,"YMAX":8505783.59738907},"geometry":{"type":"Polygon","coordinates":[[[-72.99461340987126,-13.509032343758474],[-72.99462096341905,-13.508128665201813],[-72.99554446778687,-13.508136054622739],[-72.99553691771192,-13.509039733691838],[-72.99461340987126,-13.509032343758474]]]}},{"type":"Feature","properties":{"Cell_ID":1405,"Area_ha":1.0,"LC":"6:0.139563,9:0.860437","XMIN":716954.86160847,"YMIN":8505583.59738907,"XMAX":717054.86160847,"YMAX":8505683.59738907},"geometry":{"type":"Polygon","coordinates":[[[-72.99460585577066,-13.509936022245952],[-72.99461340987126,-13.509032343758474],[-72.99553691771192,-13.509039733691838],[-72.9955293670844,-13.509943412691761],[-72.99460585577066,-13.509936022245952]]]}},{"type":"Feature","properties":{"Cell_ID":1406,"Area_ha":1.0,"LC":"6:0.998553,14:0.001447","XMIN":716954.86160847,"YMIN":8505483.59738907,"XMAX":717054.86160847,"YMAX":8505583.59738907},"geometry":{"type":"Polygon","coordinates":[[[-72.99459830111726,-13.510839700664235],[-72.99460585577066,-13.509936022245952],[-72.9955293670844,-13.509943412691761],[-72.99552181590434,-13.510847091622496],[-72.99459830111726,-13.510839700664235]]]}},{"type":"Feature","properties":{"Cell_ID":1407,"Area_ha":1.0,"LC":"3:0.278061,6:0.560142,9:0.157428,14:0.004369","XMIN":716954.86160847,"YMIN":8505383.59738907,"XMAX":717054.86160847,"YMAX":8505483.59738907},"geometry":{"type":"Polygon","coordinates":[[[-72.99459074591104,-13.511743379013327],[-72.99459830111726,-13.510839700664235],[-72.99552181590434,-13.510847091622496],[-72.99551426417172,-13.51175077048404],[-72.99459074591104,-13.511743379013327]]]}},{"type":"Feature","properties":{"Cell_ID":1408,"Area_ha":1.0,"LC":"3:0.038960,6:0.021742,9:0.939298","XMIN":716954.86160847,"YMIN":8505283.59738907,"XMAX":717054.86160847,"YMAX":8505383.59738907},"geometry":{"type":"Polygon","coordinates":[[[-72.994583190152,-13.512647057293217],[-72.99459074591104,-13.511743379013327],[-72.99551426417172,-13.51175077048404],[-72.99550671188652,-13.512654449276383],[-72.994583190152,-13.512647057293217]]]}},{"type":"Feature","properties":{"Cell_ID":1409,"Area_ha":1.0,"LC":"3:0.617695,9:0.382305","XMIN":716954.86160847,"YMIN":8505183.59738907,"XMAX":717054.86160847,"YMAX":8505283.59738907},"geometry":{"type":"Polygon","coordinates":[[[-72.99457563384013,-13.513550735503904],[-72.994583190152,-13.512647057293217],[-72.99550671188652,-13.512654449276383],[-72.99549915904875,-13.513558127999534],[-72.99457563384013,-13.513550735503904]]]}},{"type":"Feature","properties":{"Cell_ID":1410,"Area_ha":1.0,"LC":"3:0.759677,6:0.240323","XMIN":716954.86160847,"YMIN":8505083.59738907,"XMAX":717054.86160847,"YMAX":8505183.59738907},"geometry":{"type":"Polygon","coordinates":[[[-72.99456807697541,-13.514454413645383],[-72.99457563384013,-13.513550735503904],[-72.99549915904875,-13.513558127999534],[-72.9954916056584,-13.514461806653475],[-72.99456807697541,-13.514454413645383]]]}},{"type":"Feature","properties":{"Cell_ID":1411,"Area_ha":1.0,"LC":"3:0.097851,5:0.058271,6:0.843878","XMIN":716954.86160847,"YMIN":8504983.59738907,"XMAX":717054.86160847,"YMAX":8505083.59738907},"geometry":{"type":"Polygon","coordinates":[[[-72.99456051955785,-13.51535809171765],[-72.99456807697541,-13.514454413645383],[-72.9954916056584,-13.514461806653475],[-72.99548405171545,-13.51536548523821],[-72.99456051955785,-13.51535809171765]]]}},{"type":"Feature","properties":{"Cell_ID":1412,"Area_ha":1.0,"LC":"5:0.336881,6:0.543119,9:0.120000","XMIN":716954.86160847,"YMIN":8504883.59738907,"XMAX":717054.86160847,"YMAX":8504983.59738907},"geometry":{"type":"Polygon","coordinates":[[[-72.99455296158743,-13.516261769720701],[-72.99456051955785,-13.51535809171765],[-72.99548405171545,-13.51536548523821],[-72.99547649721988,-13.516269163753732],[-72.99455296158743,-13.516261769720701]]]}},{"type":"Feature","properties":{"Cell_ID":1413,"Area_ha":1.0,"LC":"6:0.960969,14:0.039031","XMIN":716954.86160847,"YMIN":8504783.59738907,"XMAX":717054.86160847,"YMAX":8504883.59738907},"geometry":{"type":"Polygon","coordinates":[[[-72.99454540306412,-13.517165447654529],[-72.99455296158743,-13.516261769720701],[-72.99547649721988,-13.516269163753732],[-72.9954689421717,-13.517172842200036],[-72.99454540306412,-13.517165447654529]]]}},{"type":"Feature","properties":{"Cell_ID":1414,"Area_ha":1.0,"LC":"5:0.001939,6:0.880969,9:0.117092","XMIN":716954.86160847,"YMIN":8504683.59738907,"XMAX":717054.86160847,"YMAX":8504783.59738907},"geometry":{"type":"Polygon","coordinates":[[[-72.99453784398793,-13.518069125519135],[-72.99454540306412,-13.517165447654529],[-72.9954689421717,-13.517172842200036],[-72.99546138657088,-13.518076520577118],[-72.99453784398793,-13.518069125519135]]]}},{"type":"Feature","properties":{"Cell_ID":1415,"Area_ha":1.0,"LC":"5:0.157428,6:0.780437,9:0.041939,13:0.020197","XMIN":716954.86160847,"YMIN":8504583.59738907,"XMAX":717054.86160847,"YMAX":8504683.59738907},"geometry":{"type":"Polygon","coordinates":[[[-72.99453028435886,-13.51897280331451],[-72.99453784398793,-13.518069125519135],[-72.99546138657088,-13.518076520577118],[-72.99545383041743,-13.518980198884975],[-72.99453028435886,-13.51897280331451]]]}},{"type":"Feature","properties":{"Cell_ID":1416,"Area_ha":1.0,"LC":"5:0.080633,9:0.775685,13:0.143681","XMIN":716954.86160847,"YMIN":8504483.59738907,"XMAX":717054.86160847,"YMAX":8504583.59738907},"geometry":{"type":"Polygon","coordinates":[[[-72.99452272417687,-13.519876481040647],[-72.99453028435886,-13.51897280331451],[-72.99545383041743,-13.518980198884975],[-72.99544627371134,-13.5198838771236],[-72.99452272417687,-13.519876481040647]]]}},{"type":"Feature","properties":{"Cell_ID":1417,"Area_ha":1.0,"LC":"5:0.178187,9:0.301406,13:0.520407","XMIN":716954.86160847,"YMIN":8504383.59738907,"XMAX":717054.86160847,"YMAX":8504483.59738907},"geometry":{"type":"Polygon","coordinates":[[[-72.99451516344197,-13.52078015869755],[-72.99452272417687,-13.519876481040647],[-72.99544627371134,-13.5198838771236],[-72.99543871645258,-13.520787555292992],[-72.99451516344197,-13.52078015869755]]]}},{"type":"Feature","properties":{"Cell_ID":1418,"Area_ha":1.0,"LC":"5:0.618271,6:0.043386,9:0.158061,13:0.120562,14:0.059719","XMIN":716954.86160847,"YMIN":8504283.59738907,"XMAX":717054.86160847,"YMAX":8504383.59738907},"geometry":{"type":"Polygon","coordinates":[[[-72.99450760215416,-13.52168383628521],[-72.99451516344197,-13.52078015869755],[-72.99543871645258,-13.520787555292992],[-72.99543115864114,-13.521691233393145],[-72.99450760215416,-13.52168383628521]]]}},{"type":"Feature","properties":{"Cell_ID":1419,"Area_ha":1.0,"LC":"5:0.080633,6:0.421024,14:0.498342","XMIN":716954.86160847,"YMIN":8504183.59738907,"XMAX":717054.86160847,"YMAX":8504283.59738907},"geometry":{"type":"Polygon","coordinates":[[[-72.99450004031341,-13.522587513803622],[-72.99450760215416,-13.52168383628521],[-72.99543115864114,-13.521691233393145],[-72.99542360027705,-13.522594911424052],[-72.99450004031341,-13.522587513803622]]]}},{"type":"Feature","properties":{"Cell_ID":1420,"Area_ha":1.0,"LC":"5:0.079353,6:0.920647","XMIN":716954.86160847,"YMIN":8504083.59738907,"XMAX":717054.86160847,"YMAX":8504183.59738907},"geometry":{"type":"Polygon","coordinates":[[[-72.99449247791972,-13.523491191252784],[-72.99450004031341,-13.522587513803622],[-72.99542360027705,-13.522594911424052],[-72.99541604136024,-13.523498589385717],[-72.99449247791972,-13.523491191252784]]]}},{"type":"Feature","properties":{"Cell_ID":1421,"Area_ha":1.0,"LC":"5:0.539241,6:0.019790,9:0.440969","XMIN":716954.86160847,"YMIN":8503983.59738907,"XMAX":717054.86160847,"YMAX":8504083.59738907},"geometry":{"type":"Polygon","coordinates":[[[-72.99448491497307,-13.524394868632687],[-72.99449247791972,-13.523491191252784],[-72.99541604136024,-13.523498589385717],[-72.99540848189076,-13.524402267278125],[-72.99448491497307,-13.524394868632687]]]}},{"type":"Feature","properties":{"Cell_ID":1422,"Area_ha":1.0,"LC":"5:0.383345,9:0.616655","XMIN":716954.86160847,"YMIN":8503883.59738907,"XMAX":717054.86160847,"YMAX":8503983.59738907},"geometry":{"type":"Polygon","coordinates":[[[-72.99447735147348,-13.52529854594333],[-72.99448491497307,-13.524394868632687],[-72.99540848189076,-13.524402267278125],[-72.99540092186857,-13.52530594510128],[-72.99447735147348,-13.52529854594333]]]}},{"type":"Feature","properties":{"Cell_ID":1423,"Area_ha":1.0,"LC":"5:0.577695,9:0.422305","XMIN":716954.86160847,"YMIN":8503783.59738907,"XMAX":717054.86160847,"YMAX":8503883.59738907},"geometry":{"type":"Polygon","coordinates":[[[-72.9944697874209,-13.526202223184715],[-72.99447735147348,-13.52529854594333],[-72.99540092186857,-13.52530594510128],[-72.99539336129364,-13.526209622855173],[-72.9944697874209,-13.526202223184715]]]}},{"type":"Feature","properties":{"Cell_ID":1424,"Area_ha":1.0,"LC":"5:0.261335,6:0.122908,9:0.615756","XMIN":716954.86160847,"YMIN":8503683.59738907,"XMAX":717054.86160847,"YMAX":8503783.59738907},"geometry":{"type":"Polygon","coordinates":[[[-72.99446222281533,-13.52710590035683],[-72.9944697874209,-13.526202223184715],[-72.99539336129364,-13.526209622855173],[-72.99538580016599,-13.527113300539801],[-72.99446222281533,-13.52710590035683]]]}},{"type":"Feature","properties":{"Cell_ID":1425,"Area_ha":1.0,"LC":"5:0.218594,9:0.781406","XMIN":716954.86160847,"YMIN":8503583.59738907,"XMAX":717054.86160847,"YMAX":8503683.59738907},"geometry":{"type":"Polygon","coordinates":[[[-72.99445465765679,-13.528009577459667],[-72.99446222281533,-13.52710590035683],[-72.99538580016599,-13.527113300539801],[-72.9953782384856,-13.528016978155161],[-72.99445465765679,-13.528009577459667]]]}},{"type":"Feature","properties":{"Cell_ID":1426,"Area_ha":1.0,"LC":"5:0.863668,9:0.136332","XMIN":716954.86160847,"YMIN":8503483.59738907,"XMAX":717054.86160847,"YMAX":8503583.59738907},"geometry":{"type":"Polygon","coordinates":[[[-72.99444709194522,-13.528913254493228],[-72.99445465765679,-13.528009577459667],[-72.9953782384856,-13.528016978155161],[-72.99537067625248,-13.528920655701244],[-72.99444709194522,-13.528913254493228]]]}},{"type":"Feature","properties":{"Cell_ID":1427,"Area_ha":1.0,"LC":"5:0.882908,9:0.117092","XMIN":716954.86160847,"YMIN":8503383.59738907,"XMAX":717054.86160847,"YMAX":8503483.59738907},"geometry":{"type":"Polygon","coordinates":[[[-72.99443952568066,-13.52981693145751],[-72.99444709194522,-13.528913254493228],[-72.99537067625248,-13.528920655701244],[-72.9953631134666,-13.529824333178052],[-72.99443952568066,-13.52981693145751]]]}},{"type":"Feature","properties":{"Cell_ID":1428,"Area_ha":1.0,"LC":"5:0.082586,6:0.559438,9:0.357977","XMIN":716954.86160847,"YMIN":8503283.59738907,"XMAX":717054.86160847,"YMAX":8503383.59738907},"geometry":{"type":"Polygon","coordinates":[[[-72.99443195886307,-13.530720608352501],[-72.99443952568066,-13.52981693145751],[-72.9953631134666,-13.529824333178052],[-72.99535555012793,-13.530728010585577],[-72.99443195886307,-13.530720608352501]]]}},{"type":"Feature","properties":{"Cell_ID":1429,"Area_ha":1.0,"LC":"6:0.281040,9:0.718960","XMIN":716954.86160847,"YMIN":8503183.59738907,"XMAX":717054.86160847,"YMAX":8503283.59738907},"geometry":{"type":"Polygon","coordinates":[[[-72.99442439149246,-13.531624285178209],[-72.99443195886307,-13.530720608352501],[-72.99535555012793,-13.530728010585577],[-72.9953479862365,-13.531631687923817],[-72.99442439149246,-13.531624285178209]]]}},{"type":"Feature","properties":{"Cell_ID":1430,"Area_ha":1.0,"LC":"5:0.637092,6:0.203723,7:0.058271,9:0.100915","XMIN":716954.86160847,"YMIN":8503083.59738907,"XMAX":717054.86160847,"YMAX":8503183.59738907},"geometry":{"type":"Polygon","coordinates":[[[-72.9944168235688,-13.532527961934615],[-72.99442439149246,-13.531624285178209],[-72.9953479862365,-13.531631687923817],[-72.99534042179228,-13.532535365192764],[-72.9944168235688,-13.532527961934615]]]}},{"type":"Feature","properties":{"Cell_ID":1431,"Area_ha":1.0,"LC":"5:0.002908,6:0.522023,7:0.019790,9:0.454801,14:0.000478","XMIN":716954.86160847,"YMIN":8502983.59738907,"XMAX":717054.86160847,"YMAX":8503083.59738907},"geometry":{"type":"Polygon","coordinates":[[[-72.99440925509207,-13.533431638621728],[-72.9944168235688,-13.532527961934615],[-72.99534042179228,-13.532535365192764],[-72.99533285679526,-13.533439042392413],[-72.99440925509207,-13.533431638621728]]]}},{"type":"Feature","properties":{"Cell_ID":1432,"Area_ha":1.0,"LC":"6:0.442979,9:0.415434,14:0.141587","XMIN":716954.86160847,"YMIN":8502883.59738907,"XMAX":717054.86160847,"YMAX":8502983.59738907},"geometry":{"type":"Polygon","coordinates":[[[-72.9944016860623,-13.534335315239536],[-72.99440925509207,-13.533431638621728],[-72.99533285679526,-13.533439042392413],[-72.99532529124544,-13.534342719522767],[-72.9944016860623,-13.534335315239536]]]}},{"type":"Feature","properties":{"Cell_ID":1433,"Area_ha":1.0,"LC":"5:0.294801,6:0.001461,9:0.322895,14:0.380844","XMIN":716954.86160847,"YMIN":8502783.59738907,"XMAX":717054.86160847,"YMAX":8502883.59738907},"geometry":{"type":"Polygon","coordinates":[[[-72.99439411647946,-13.535238991788034],[-72.9944016860623,-13.534335315239536],[-72.99532529124544,-13.534342719522767],[-72.99531772514278,-13.535246396583819],[-72.99439411647946,-13.535238991788034]]]}},{"type":"Feature","properties":{"Cell_ID":1434,"Area_ha":1.0,"LC":"5:0.543176,9:0.456824","XMIN":716954.86160847,"YMIN":8502683.59738907,"XMAX":717054.86160847,"YMAX":8502783.59738907},"geometry":{"type":"Polygon","coordinates":[[[-72.9943865463435,-13.536142668267221],[-72.99439411647946,-13.535238991788034],[-72.99531772514278,-13.535246396583819],[-72.99531015848731,-13.536150073575554],[-72.9943865463435,-13.536142668267221]]]}},{"type":"Feature","properties":{"Cell_ID":1435,"Area_ha":1.0,"LC":"5:0.322023,6:0.101166,9:0.576810","XMIN":716954.86160847,"YMIN":8502583.59738907,"XMAX":717054.86160847,"YMAX":8502683.59738907},"geometry":{"type":"Polygon","coordinates":[[[-72.9943789756545,-13.537046344677092],[-72.9943865463435,-13.536142668267221],[-72.99531015848731,-13.536150073575554],[-72.995302591279,-13.537053750497984],[-72.9943789756545,-13.537046344677092]]]}},{"type":"Feature","properties":{"Cell_ID":1436,"Area_ha":1.0,"LC":"5:0.379227,6:0.100773,9:0.520000","XMIN":716954.86160847,"YMIN":8502483.59738907,"XMAX":717054.86160847,"YMAX":8502583.59738907},"geometry":{"type":"Polygon","coordinates":[[[-72.99437140441238,-13.53795002101764],[-72.9943789756545,-13.537046344677092],[-72.995302591279,-13.537053750497984],[-72.99529502351784,-13.537957427351095],[-72.99437140441238,-13.53795002101764]]]}},{"type":"Feature","properties":{"Cell_ID":1437,"Area_ha":1.0,"LC":"5:0.479522,9:0.520478","XMIN":716954.86160847,"YMIN":8502383.59738907,"XMAX":717054.86160847,"YMAX":8502483.59738907},"geometry":{"type":"Polygon","coordinates":[[[-72.99436383261714,-13.538853697288866],[-72.99437140441238,-13.53795002101764],[-72.99529502351784,-13.537957427351095],[-72.99528745520382,-13.538861104134883],[-72.99436383261714,-13.538853697288866]]]}},{"type":"Feature","properties":{"Cell_ID":1438,"Area_ha":1.0,"LC":"3:0.502149,6:0.002417,9:0.178342,18:0.317092","XMIN":717054.86160847,"YMIN":8505783.59738907,"XMAX":717154.86160847,"YMAX":8505883.59738907},"geometry":{"type":"Polygon","coordinates":[[[-72.99369745960402,-13.508121272382509],[-72.99370501607162,-13.507217594269335],[-72.99462851641408,-13.507224986575968],[-72.99462096341905,-13.508128665201813],[-72.99369745960402,-13.508121272382509]]]}},{"type":"Feature","properties":{"Cell_ID":1439,"Area_ha":1.0,"LC":"3:0.422783,6:0.281868,9:0.098187,18:0.197162","XMIN":717054.86160847,"YMIN":8505683.59738907,"XMAX":717154.86160847,"YMAX":8505783.59738907},"geometry":{"type":"Polygon","coordinates":[[[-72.9936899025834,-13.50902495042649],[-72.99369745960402,-13.508121272382509],[-72.99462096341905,-13.508128665201813],[-72.99461340987126,-13.509032343758474],[-72.9936899025834,-13.50902495042649]]]}},{"type":"Feature","properties":{"Cell_ID":1440,"Area_ha":1.0,"LC":"3:0.160969,6:0.340126,9:0.498905","XMIN":717054.86160847,"YMIN":8505583.59738907,"XMAX":717154.86160847,"YMAX":8505683.59738907},"geometry":{"type":"Polygon","coordinates":[[[-72.99368234500972,-13.509928628401287],[-72.9936899025834,-13.50902495042649],[-72.99461340987126,-13.509032343758474],[-72.99460585577066,-13.509936022245952],[-72.99368234500972,-13.509928628401287]]]}},{"type":"Feature","properties":{"Cell_ID":1441,"Area_ha":1.0,"LC":"6:0.419383,7:0.242908,14:0.337709","XMIN":717054.86160847,"YMIN":8505483.59738907,"XMAX":717154.86160847,"YMAX":8505583.59738907},"geometry":{"type":"Polygon","coordinates":[[[-72.99367478688299,-13.510832306306888],[-72.99368234500972,-13.509928628401287],[-72.99460585577066,-13.509936022245952],[-72.99459830111726,-13.510839700664235],[-72.99367478688299,-13.510832306306888]]]}},{"type":"Feature","properties":{"Cell_ID":1442,"Area_ha":1.0,"LC":"6:0.243892,9:0.079915,14:0.676193","XMIN":717054.86160847,"YMIN":8505383.59738907,"XMAX":717154.86160847,"YMAX":8505483.59738907},"geometry":{"type":"Polygon","coordinates":[[[-72.9936672282032,-13.51173598414329],[-72.99367478688299,-13.510832306306888],[-72.99459830111726,-13.510839700664235],[-72.99459074591104,-13.511743379013327],[-72.9936672282032,-13.51173598414329]]]}},{"type":"Feature","properties":{"Cell_ID":1443,"Area_ha":1.0,"LC":"3:0.179156,6:0.119101,9:0.681461,14:0.020281","XMIN":717054.86160847,"YMIN":8505283.59738907,"XMAX":717154.86160847,"YMAX":8505383.59738907},"geometry":{"type":"Polygon","coordinates":[[[-72.99365966897032,-13.512639661910487],[-72.9936672282032,-13.51173598414329],[-72.99459074591104,-13.511743379013327],[-72.994583190152,-13.512647057293217],[-72.99365966897032,-13.512639661910487]]]}},{"type":"Feature","properties":{"Cell_ID":1444,"Area_ha":1.0,"LC":"3:0.917990,9:0.081532,14:0.000478","XMIN":717054.86160847,"YMIN":8505183.59738907,"XMAX":717154.86160847,"YMAX":8505283.59738907},"geometry":{"type":"Polygon","coordinates":[[[-72.99365210918435,-13.513543339608482],[-72.99365966897032,-13.512639661910487],[-72.994583190152,-13.512647057293217],[-72.99457563384013,-13.513550735503904],[-72.99365210918435,-13.513543339608482]]]}},{"type":"Feature","properties":{"Cell_ID":1445,"Area_ha":1.0,"LC":"3:0.860915,6:0.058271,9:0.079353,14:0.001461","XMIN":717054.86160847,"YMIN":8505083.59738907,"XMAX":717154.86160847,"YMAX":8505183.59738907},"geometry":{"type":"Polygon","coordinates":[[[-72.9936445488453,-13.51444701723726],[-72.99365210918435,-13.513543339608482],[-72.99457563384013,-13.513550735503904],[-72.99456807697541,-13.514454413645383],[-72.9936445488453,-13.51444701723726]]]}},{"type":"Feature","properties":{"Cell_ID":1446,"Area_ha":1.0,"LC":"6:0.677569,9:0.322431","XMIN":717054.86160847,"YMIN":8504983.59738907,"XMAX":717154.86160847,"YMAX":8505083.59738907},"geometry":{"type":"Polygon","coordinates":[[[-72.99363698795312,-13.515350694796822],[-72.9936445488453,-13.51444701723726],[-72.99456807697541,-13.514454413645383],[-72.99456051955785,-13.51535809171765],[-72.99363698795312,-13.515350694796822]]]}},{"type":"Feature","properties":{"Cell_ID":1447,"Area_ha":1.0,"LC":"5:0.261095,6:0.176332,9:0.562572","XMIN":717054.86160847,"YMIN":8504883.59738907,"XMAX":717154.86160847,"YMAX":8504983.59738907},"geometry":{"type":"Polygon","coordinates":[[[-72.99362942650784,-13.516254372287168],[-72.99363698795312,-13.515350694796822],[-72.99456051955785,-13.51535809171765],[-72.99455296158743,-13.516261769720701],[-72.99362942650784,-13.516254372287168]]]}},{"type":"Feature","properties":{"Cell_ID":1448,"Area_ha":1.0,"LC":"5:0.222698,6:0.654871,9:0.122431","XMIN":717054.86160847,"YMIN":8504783.59738907,"XMAX":717154.86160847,"YMAX":8504883.59738907},"geometry":{"type":"Polygon","coordinates":[[[-72.99362186450942,-13.517158049708284],[-72.99362942650784,-13.516254372287168],[-72.99455296158743,-13.516261769720701],[-72.99454540306412,-13.517165447654529],[-72.99362186450942,-13.517158049708284]]]}},{"type":"Feature","properties":{"Cell_ID":1449,"Area_ha":1.0,"LC":"5:0.762346,6:0.237654","XMIN":717054.86160847,"YMIN":8504683.59738907,"XMAX":717154.86160847,"YMAX":8504783.59738907},"geometry":{"type":"Polygon","coordinates":[[[-72.99361430195788,-13.518061727060177],[-72.99362186450942,-13.517158049708284],[-72.99454540306412,-13.517165447654529],[-72.99453784398793,-13.518069125519135],[-72.99361430195788,-13.518061727060177]]]}},{"type":"Feature","properties":{"Cell_ID":1450,"Area_ha":1.0,"LC":"5:0.404525,6:0.097851,9:0.478384,13:0.019241","XMIN":717054.86160847,"YMIN":8504583.59738907,"XMAX":717154.86160847,"YMAX":8504683.59738907},"geometry":{"type":"Polygon","coordinates":[[[-72.99360673885319,-13.518965404342831],[-72.99361430195788,-13.518061727060177],[-72.99453784398793,-13.518069125519135],[-72.99453028435886,-13.51897280331451],[-72.99360673885319,-13.518965404342831]]]}},{"type":"Feature","properties":{"Cell_ID":1451,"Area_ha":1.0,"LC":"9:0.483484,13:0.516516","XMIN":717054.86160847,"YMIN":8504483.59738907,"XMAX":717154.86160847,"YMAX":8504583.59738907},"geometry":{"type":"Polygon","coordinates":[[[-72.99359917519533,-13.519869081556248],[-72.99360673885319,-13.518965404342831],[-72.99453028435886,-13.51897280331451],[-72.99452272417687,-13.519876481040647],[-72.99359917519533,-13.519869081556248]]]}},{"type":"Feature","properties":{"Cell_ID":1452,"Area_ha":1.0,"LC":"5:0.318960,6:0.061573,9:0.398132,13:0.221335","XMIN":717054.86160847,"YMIN":8504383.59738907,"XMAX":717154.86160847,"YMAX":8504483.59738907},"geometry":{"type":"Polygon","coordinates":[[[-72.9935916109843,-13.520772758700428],[-72.99359917519533,-13.519869081556248],[-72.99452272417687,-13.519876481040647],[-72.99451516344197,-13.52078015869755],[-72.9935916109843,-13.520772758700428]]]}},{"type":"Feature","properties":{"Cell_ID":1453,"Area_ha":1.0,"LC":"5:0.119101,6:0.880899","XMIN":717054.86160847,"YMIN":8504283.59738907,"XMAX":717154.86160847,"YMAX":8504383.59738907},"geometry":{"type":"Polygon","coordinates":[[[-72.9935840462201,-13.521676435775356],[-72.9935916109843,-13.520772758700428],[-72.99451516344197,-13.52078015869755],[-72.99450760215416,-13.52168383628521],[-72.9935840462201,-13.521676435775356]]]}},{"type":"Feature","properties":{"Cell_ID":1454,"Area_ha":1.0,"LC":"5:0.002417,6:0.997583","XMIN":717054.86160847,"YMIN":8504183.59738907,"XMAX":717154.86160847,"YMAX":8504283.59738907},"geometry":{"type":"Polygon","coordinates":[[[-72.99357648090272,-13.522580112781034],[-72.9935840462201,-13.521676435775356],[-72.99450760215416,-13.52168383628521],[-72.99450004031341,-13.522587513803622],[-72.99357648090272,-13.522580112781034]]]}},{"type":"Feature","properties":{"Cell_ID":1455,"Area_ha":1.0,"LC":"5:0.180055,6:0.819945","XMIN":717054.86160847,"YMIN":8504083.59738907,"XMAX":717154.86160847,"YMAX":8504183.59738907},"geometry":{"type":"Polygon","coordinates":[[[-72.99356891503214,-13.523483789717462],[-72.99357648090272,-13.522580112781034],[-72.99450004031341,-13.522587513803622],[-72.99449247791972,-13.523491191252784],[-72.99356891503214,-13.523483789717462]]]}},{"type":"Feature","properties":{"Cell_ID":1456,"Area_ha":1.0,"LC":"5:0.921939,9:0.078061","XMIN":717054.86160847,"YMIN":8503983.59738907,"XMAX":717154.86160847,"YMAX":8504083.59738907},"geometry":{"type":"Polygon","coordinates":[[[-72.99356134860835,-13.524387466584626],[-72.99356891503214,-13.523483789717462],[-72.99449247791972,-13.523491191252784],[-72.99448491497307,-13.524394868632687],[-72.99356134860835,-13.524387466584626]]]}},{"type":"Feature","properties":{"Cell_ID":1457,"Area_ha":1.0,"LC":"5:0.538498,9:0.461502","XMIN":717054.86160847,"YMIN":8503883.59738907,"XMAX":717154.86160847,"YMAX":8503983.59738907},"geometry":{"type":"Polygon","coordinates":[[[-72.99355378163136,-13.525291143382525],[-72.99356134860835,-13.524387466584626],[-72.99448491497307,-13.524394868632687],[-72.99447735147348,-13.52529854594333],[-72.99355378163136,-13.525291143382525]]]}},{"type":"Feature","properties":{"Cell_ID":1458,"Area_ha":1.0,"LC":"5:0.059156,9:0.940844","XMIN":717054.86160847,"YMIN":8503783.59738907,"XMAX":717154.86160847,"YMAX":8503883.59738907},"geometry":{"type":"Polygon","coordinates":[[[-72.99354621410113,-13.526194820111161],[-72.99355378163136,-13.525291143382525],[-72.99447735147348,-13.52529854594333],[-72.9944697874209,-13.526202223184715],[-72.99354621410113,-13.526194820111161]]]}},{"type":"Feature","properties":{"Cell_ID":1459,"Area_ha":1.0,"LC":"5:0.264637,6:0.336810,9:0.398553","XMIN":717054.86160847,"YMIN":8503683.59738907,"XMAX":717154.86160847,"YMAX":8503783.59738907},"geometry":{"type":"Polygon","coordinates":[[[-72.99353864601765,-13.527098496770522],[-72.99354621410113,-13.526194820111161],[-72.9944697874209,-13.526202223184715],[-72.99446222281533,-13.52710590035683],[-72.99353864601765,-13.527098496770522]]]}},{"type":"Feature","properties":{"Cell_ID":1460,"Area_ha":1.0,"LC":"5:0.460617,6:0.020281,9:0.519101","XMIN":717054.86160847,"YMIN":8503583.59738907,"XMAX":717154.86160847,"YMAX":8503683.59738907},"geometry":{"type":"Polygon","coordinates":[[[-72.99353107738095,-13.528002173360608],[-72.99353864601765,-13.527098496770522],[-72.99446222281533,-13.52710590035683],[-72.99445465765679,-13.528009577459667],[-72.99353107738095,-13.528002173360608]]]}},{"type":"Feature","properties":{"Cell_ID":1461,"Area_ha":1.0,"LC":"5:0.497457,9:0.502543","XMIN":717054.86160847,"YMIN":8503483.59738907,"XMAX":717154.86160847,"YMAX":8503583.59738907},"geometry":{"type":"Polygon","coordinates":[[[-72.99352350819099,-13.52890584988141],[-72.99353107738095,-13.528002173360608],[-72.99445465765679,-13.528009577459667],[-72.99444709194522,-13.528913254493228],[-72.99352350819099,-13.52890584988141]]]}},{"type":"Feature","properties":{"Cell_ID":1462,"Area_ha":1.0,"LC":"5:0.654871,6:0.039915,9:0.184244,16:0.120969","XMIN":717054.86160847,"YMIN":8503383.59738907,"XMAX":717154.86160847,"YMAX":8503483.59738907},"geometry":{"type":"Polygon","coordinates":[[[-72.99351593844776,-13.529809526332928],[-72.99352350819099,-13.52890584988141],[-72.99444709194522,-13.528913254493228],[-72.99443952568066,-13.52981693145751],[-72.99351593844776,-13.529809526332928]]]}},{"type":"Feature","properties":{"Cell_ID":1463,"Area_ha":1.0,"LC":"5:0.339383,6:0.362023,9:0.238960,13:0.059634","XMIN":717054.86160847,"YMIN":8503283.59738907,"XMAX":717154.86160847,"YMAX":8503383.59738907},"geometry":{"type":"Polygon","coordinates":[[[-72.99350836815123,-13.530713202715155],[-72.99351593844776,-13.529809526332928],[-72.99443952568066,-13.52981693145751],[-72.99443195886307,-13.530720608352501],[-72.99350836815123,-13.530713202715155]]]}},{"type":"Feature","properties":{"Cell_ID":1464,"Area_ha":1.0,"LC":"6:0.337624,9:0.359101,13:0.303274","XMIN":717054.86160847,"YMIN":8503183.59738907,"XMAX":717154.86160847,"YMAX":8503283.59738907},"geometry":{"type":"Polygon","coordinates":[[[-72.99350079730145,-13.531616879028089],[-72.99350836815123,-13.530713202715155],[-72.99443195886307,-13.530720608352501],[-72.99442439149246,-13.531624285178209],[-72.99350079730145,-13.531616879028089]]]}},{"type":"Feature","properties":{"Cell_ID":1465,"Area_ha":1.0,"LC":"6:0.638061,9:0.361939","XMIN":717054.86160847,"YMIN":8503083.59738907,"XMAX":717154.86160847,"YMAX":8503183.59738907},"geometry":{"type":"Polygon","coordinates":[[[-72.99349322589835,-13.532520555271725],[-72.99350079730145,-13.531616879028089],[-72.99442439149246,-13.531624285178209],[-72.9944168235688,-13.532527961934615],[-72.99349322589835,-13.532520555271725]]]}},{"type":"Feature","properties":{"Cell_ID":1466,"Area_ha":1.0,"LC":"5:0.436529,6:0.301406,9:0.040969,14:0.221095","XMIN":717054.86160847,"YMIN":8502983.59738907,"XMAX":717154.86160847,"YMAX":8503083.59738907},"geometry":{"type":"Polygon","coordinates":[[[-72.99348565394196,-13.533424231446057],[-72.99349322589835,-13.532520555271725],[-72.9944168235688,-13.532527961934615],[-72.99440925509207,-13.533431638621728],[-72.99348565394196,-13.533424231446057]]]}},{"type":"Feature","properties":{"Cell_ID":1467,"Area_ha":1.0,"LC":"5:0.040562,6:0.097302,9:0.199438,14:0.662698","XMIN":717054.86160847,"YMIN":8502883.59738907,"XMAX":717154.86160847,"YMAX":8502983.59738907},"geometry":{"type":"Polygon","coordinates":[[[-72.99347808143224,-13.534327907551086],[-72.99348565394196,-13.533424231446057],[-72.99440925509207,-13.533431638621728],[-72.9944016860623,-13.534335315239536],[-72.99347808143224,-13.534327907551086]]]}},{"type":"Feature","properties":{"Cell_ID":1468,"Area_ha":1.0,"LC":"5:0.020197,6:0.138820,9:0.759929,14:0.081054","XMIN":717054.86160847,"YMIN":8502783.59738907,"XMAX":717154.86160847,"YMAX":8502883.59738907},"geometry":{"type":"Polygon","coordinates":[[[-72.9934705083692,-13.535231583586798],[-72.99347808143224,-13.534327907551086],[-72.9944016860623,-13.534335315239536],[-72.99439411647946,-13.535238991788034],[-72.9934705083692,-13.535231583586798]]]}},{"type":"Feature","properties":{"Cell_ID":1469,"Area_ha":1.0,"LC":"5:0.456262,9:0.543738","XMIN":717054.86160847,"YMIN":8502683.59738907,"XMAX":717154.86160847,"YMAX":8502783.59738907},"geometry":{"type":"Polygon","coordinates":[[[-72.99346293475283,-13.536135259553195],[-72.9934705083692,-13.535231583586798],[-72.99439411647946,-13.535238991788034],[-72.9943865463435,-13.536142668267221],[-72.99346293475283,-13.536135259553195]]]}},{"type":"Feature","properties":{"Cell_ID":1470,"Area_ha":1.0,"LC":"5:0.517725,6:0.419648,9:0.062627","XMIN":717054.86160847,"YMIN":8502583.59738907,"XMAX":717154.86160847,"YMAX":8502683.59738907},"geometry":{"type":"Polygon","coordinates":[[[-72.9934553605831,-13.537038935450274],[-72.99346293475283,-13.536135259553195],[-72.9943865463435,-13.536142668267221],[-72.9943789756545,-13.537046344677092],[-72.9934553605831,-13.537038935450274]]]}},{"type":"Feature","properties":{"Cell_ID":1471,"Area_ha":1.0,"LC":"5:0.458116,6:0.060352,9:0.481532","XMIN":717054.86160847,"YMIN":8502483.59738907,"XMAX":717154.86160847,"YMAX":8502583.59738907},"geometry":{"type":"Polygon","coordinates":[[[-72.99344778586001,-13.53794261127803],[-72.9934553605831,-13.537038935450274],[-72.9943789756545,-13.537046344677092],[-72.99437140441238,-13.53795002101764],[-72.99344778586001,-13.53794261127803]]]}},{"type":"Feature","properties":{"Cell_ID":1472,"Area_ha":1.0,"LC":"5:0.498329,9:0.501671","XMIN":717054.86160847,"YMIN":8502383.59738907,"XMAX":717154.86160847,"YMAX":8502483.59738907},"geometry":{"type":"Polygon","coordinates":[[[-72.99344021058357,-13.538846287036455],[-72.99344778586001,-13.53794261127803],[-72.99437140441238,-13.53795002101764],[-72.99436383261714,-13.538853697288866],[-72.99344021058357,-13.538846287036455]]]}},{"type":"Feature","properties":{"Cell_ID":1473,"Area_ha":1.0,"LC":"3:0.359508,6:0.298905,9:0.178678,14:0.162908","XMIN":717154.86160847,"YMIN":8505683.59738907,"XMAX":717254.86160847,"YMAX":8505783.59738907},"geometry":{"type":"Polygon","coordinates":[[[-72.99276639584859,-13.5090175536959],[-72.99277395634203,-13.50811387616483],[-72.99369745960402,-13.508121272382509],[-72.9936899025834,-13.50902495042649],[-72.99276639584859,-13.5090175536959]]]}},{"type":"Feature","properties":{"Cell_ID":1474,"Area_ha":1.0,"LC":"3:0.364440,6:0.456177,9:0.179383","XMIN":717154.86160847,"YMIN":8505583.59738907,"XMAX":717254.86160847,"YMAX":8505683.59738907},"geometry":{"type":"Polygon","coordinates":[[[-72.99275883480185,-13.50992123115778],[-72.99276639584859,-13.5090175536959],[-72.9936899025834,-13.50902495042649],[-72.99368234500972,-13.509928628401287],[-72.99275883480185,-13.50992123115778]]]}},{"type":"Feature","properties":{"Cell_ID":1475,"Area_ha":1.0,"LC":"3:0.000492,6:0.702698,7:0.296810","XMIN":717154.86160847,"YMIN":8505483.59738907,"XMAX":717254.86160847,"YMAX":8505583.59738907},"geometry":{"type":"Polygon","coordinates":[[[-72.99275127320179,-13.510824908550461],[-72.99275883480185,-13.50992123115778],[-72.99368234500972,-13.509928628401287],[-72.99367478688299,-13.510832306306888],[-72.99275127320179,-13.510824908550461]]]}},{"type":"Feature","properties":{"Cell_ID":1476,"Area_ha":1.0,"LC":"6:0.559186,7:0.020281,9:0.380617,14:0.039915","XMIN":717154.86160847,"YMIN":8505383.59738907,"XMAX":717254.86160847,"YMAX":8505483.59738907},"geometry":{"type":"Polygon","coordinates":[[[-72.99274371104842,-13.511728585873938],[-72.99275127320179,-13.510824908550461],[-72.99367478688299,-13.510832306306888],[-72.9936672282032,-13.51173598414329],[-72.99274371104842,-13.511728585873938]]]}},{"type":"Feature","properties":{"Cell_ID":1477,"Area_ha":1.0,"LC":"9:0.917007,14:0.082993","XMIN":717154.86160847,"YMIN":8505283.59738907,"XMAX":717254.86160847,"YMAX":8505383.59738907},"geometry":{"type":"Polygon","coordinates":[[[-72.9927361483417,-13.512632263128205],[-72.99274371104842,-13.511728585873938],[-72.9936672282032,-13.51173598414329],[-72.99365966897032,-13.512639661910487],[-72.9927361483417,-13.512632263128205]]]}},{"type":"Feature","properties":{"Cell_ID":1478,"Area_ha":1.0,"LC":"3:0.118061,9:0.623345,14:0.258594","XMIN":717154.86160847,"YMIN":8505183.59738907,"XMAX":717254.86160847,"YMAX":8505283.59738907},"geometry":{"type":"Polygon","coordinates":[[[-72.99272858508166,-13.51353594031327],[-72.9927361483417,-13.512632263128205],[-72.99365966897032,-13.512639661910487],[-72.99365210918435,-13.513543339608482],[-72.99272858508166,-13.51353594031327]]]}},{"type":"Feature","properties":{"Cell_ID":1479,"Area_ha":1.0,"LC":"3:0.237092,6:0.000969,9:0.058678,14:0.703261","XMIN":717154.86160847,"YMIN":8505083.59738907,"XMAX":717254.86160847,"YMAX":8505183.59738907},"geometry":{"type":"Polygon","coordinates":[[[-72.99272102126827,-13.514439617429113],[-72.99272858508166,-13.51353594031327],[-72.99365210918435,-13.513543339608482],[-72.9936445488453,-13.51444701723726],[-72.99272102126827,-13.514439617429113]]]}},{"type":"Feature","properties":{"Cell_ID":1480,"Area_ha":1.0,"LC":"6:0.459563,9:0.499383,14:0.041054","XMIN":717154.86160847,"YMIN":8504983.59738907,"XMAX":717254.86160847,"YMAX":8505083.59738907},"geometry":{"type":"Polygon","coordinates":[[[-72.99271345690151,-13.515343294475741],[-72.99272102126827,-13.514439617429113],[-72.9936445488453,-13.51444701723726],[-72.99363698795312,-13.515350694796822],[-72.99271345690151,-13.515343294475741]]]}},{"type":"Feature","properties":{"Cell_ID":1481,"Area_ha":1.0,"LC":"5:0.581573,6:0.101406,9:0.317021","XMIN":717154.86160847,"YMIN":8504883.59738907,"XMAX":717254.86160847,"YMAX":8504983.59738907},"geometry":{"type":"Polygon","coordinates":[[[-72.99270589198139,-13.516246971453143],[-72.99271345690151,-13.515343294475741],[-72.99363698795312,-13.515350694796822],[-72.99362942650784,-13.516254372287168],[-72.99270589198139,-13.516246971453143]]]}},{"type":"Feature","properties":{"Cell_ID":1482,"Area_ha":1.0,"LC":"5:0.561868,9:0.438132","XMIN":717154.86160847,"YMIN":8504783.59738907,"XMAX":717254.86160847,"YMAX":8504883.59738907},"geometry":{"type":"Polygon","coordinates":[[[-72.99269832650786,-13.517150648361312],[-72.99270589198139,-13.516246971453143],[-72.99362942650784,-13.516254372287168],[-72.99362186450942,-13.517158049708284],[-72.99269832650786,-13.517150648361312]]]}},{"type":"Feature","properties":{"Cell_ID":1483,"Area_ha":1.0,"LC":"5:1.000000","XMIN":717154.86160847,"YMIN":8504683.59738907,"XMAX":717254.86160847,"YMAX":8504783.59738907},"geometry":{"type":"Polygon","coordinates":[[[-72.99269076048095,-13.518054325200254],[-72.99269832650786,-13.517150648361312],[-72.99362186450942,-13.517158049708284],[-72.99361430195788,-13.518061727060177],[-72.99269076048095,-13.518054325200254]]]}},{"type":"Feature","properties":{"Cell_ID":1484,"Area_ha":1.0,"LC":"5:0.298498,9:0.459563,13:0.241939","XMIN":717154.86160847,"YMIN":8504583.59738907,"XMAX":717254.86160847,"YMAX":8504683.59738907},"geometry":{"type":"Polygon","coordinates":[[[-72.99268319390066,-13.518958001969956],[-72.99269076048095,-13.518054325200254],[-72.99361430195788,-13.518061727060177],[-72.99360673885319,-13.518965404342831],[-72.99268319390066,-13.518958001969956]]]}},{"type":"Feature","properties":{"Cell_ID":1485,"Area_ha":1.0,"LC":"5:0.059156,9:0.900437,13:0.019241,14:0.021166","XMIN":717154.86160847,"YMIN":8504483.59738907,"XMAX":717254.86160847,"YMAX":8504583.59738907},"geometry":{"type":"Polygon","coordinates":[[[-72.99267562676694,-13.519861678670416],[-72.99268319390066,-13.518958001969956],[-72.99360673885319,-13.518965404342831],[-72.99359917519533,-13.519869081556248],[-72.99267562676694,-13.519861678670416]]]}},{"type":"Feature","properties":{"Cell_ID":1486,"Area_ha":1.0,"LC":"5:0.299874,6:0.356458,13:0.058820,14:0.284847","XMIN":717154.86160847,"YMIN":8504383.59738907,"XMAX":717254.86160847,"YMAX":8504483.59738907},"geometry":{"type":"Polygon","coordinates":[[[-72.99266805907982,-13.52076535530163],[-72.99267562676694,-13.519861678670416],[-72.99359917519533,-13.519869081556248],[-72.9935916109843,-13.520772758700428],[-72.99266805907982,-13.52076535530163]]]}},{"type":"Feature","properties":{"Cell_ID":1487,"Area_ha":1.0,"LC":"5:0.080407,6:0.898342,9:0.000478,14:0.020773","XMIN":717154.86160847,"YMIN":8504283.59738907,"XMAX":717254.86160847,"YMAX":8504383.59738907},"geometry":{"type":"Polygon","coordinates":[[[-72.99266049083924,-13.521669031863599],[-72.99266805907982,-13.52076535530163],[-72.9935916109843,-13.520772758700428],[-72.9935840462201,-13.521676435775356],[-72.99266049083924,-13.521669031863599]]]}},{"type":"Feature","properties":{"Cell_ID":1488,"Area_ha":1.0,"LC":"5:0.617217,6:0.298413,9:0.084369","XMIN":717154.86160847,"YMIN":8504183.59738907,"XMAX":717254.86160847,"YMAX":8504283.59738907},"geometry":{"type":"Polygon","coordinates":[[[-72.99265292204524,-13.522572708356309],[-72.99266049083924,-13.521669031863599],[-72.9935840462201,-13.521676435775356],[-72.99357648090272,-13.522580112781034],[-72.99265292204524,-13.522572708356309]]]}},{"type":"Feature","properties":{"Cell_ID":1489,"Area_ha":1.0,"LC":"5:0.461335,6:0.538665","XMIN":717154.86160847,"YMIN":8504083.59738907,"XMAX":717254.86160847,"YMAX":8504183.59738907},"geometry":{"type":"Polygon","coordinates":[[[-72.99264535269778,-13.523476384779762],[-72.99265292204524,-13.522572708356309],[-72.99357648090272,-13.522580112781034],[-72.99356891503214,-13.523483789717462],[-72.99264535269778,-13.523476384779762]]]}},{"type":"Feature","properties":{"Cell_ID":1490,"Area_ha":1.0,"LC":"5:0.876529,6:0.122501,9:0.000969","XMIN":717154.86160847,"YMIN":8503983.59738907,"XMAX":717254.86160847,"YMAX":8504083.59738907},"geometry":{"type":"Polygon","coordinates":[[[-72.99263778279685,-13.52438006113395],[-72.99264535269778,-13.523476384779762],[-72.99356891503214,-13.523483789717462],[-72.99356134860835,-13.524387466584626],[-72.99263778279685,-13.52438006113395]]]}},{"type":"Feature","properties":{"Cell_ID":1491,"Area_ha":1.0,"LC":"5:0.080633,6:0.020773,9:0.898594","XMIN":717154.86160847,"YMIN":8503883.59738907,"XMAX":717254.86160847,"YMAX":8503983.59738907},"geometry":{"type":"Polygon","coordinates":[[[-72.99263021234248,-13.52528373741887],[-72.99263778279685,-13.52438006113395],[-72.99356134860835,-13.524387466584626],[-72.99355378163136,-13.525291143382525],[-72.99263021234248,-13.52528373741887]]]}},{"type":"Feature","properties":{"Cell_ID":1492,"Area_ha":1.0,"LC":"5:0.098116,9:0.901884","XMIN":717154.86160847,"YMIN":8503783.59738907,"XMAX":717254.86160847,"YMAX":8503883.59738907},"geometry":{"type":"Polygon","coordinates":[[[-72.9926226413346,-13.526187413634524],[-72.99263021234248,-13.52528373741887],[-72.99355378163136,-13.525291143382525],[-72.99354621410113,-13.526194820111161],[-72.9926226413346,-13.526187413634524]]]}},{"type":"Feature","properties":{"Cell_ID":1493,"Area_ha":1.0,"LC":"5:0.757092,6:0.242417,9:0.000492","XMIN":717154.86160847,"YMIN":8503683.59738907,"XMAX":717254.86160847,"YMAX":8503783.59738907},"geometry":{"type":"Polygon","coordinates":[[[-72.99261506977324,-13.527091089780898],[-72.9926226413346,-13.526187413634524],[-72.99354621410113,-13.526194820111161],[-72.99353864601765,-13.527098496770522],[-72.99261506977324,-13.527091089780898]]]}},{"type":"Feature","properties":{"Cell_ID":1494,"Area_ha":1.0,"LC":"5:0.357569,6:0.000492,9:0.641939","XMIN":717154.86160847,"YMIN":8503583.59738907,"XMAX":717254.86160847,"YMAX":8503683.59738907},"geometry":{"type":"Polygon","coordinates":[[[-72.99260749765838,-13.527994765857988],[-72.99261506977324,-13.527091089780898],[-72.99353864601765,-13.527098496770522],[-72.99353107738095,-13.528002173360608],[-72.99260749765838,-13.527994765857988]]]}},{"type":"Feature","properties":{"Cell_ID":1495,"Area_ha":1.0,"LC":"5:0.460437,9:0.216332,16:0.323231","XMIN":717154.86160847,"YMIN":8503483.59738907,"XMAX":717254.86160847,"YMAX":8503583.59738907},"geometry":{"type":"Polygon","coordinates":[[[-72.99259992499,-13.528898441865795],[-72.99260749765838,-13.527994765857988],[-72.99353107738095,-13.528002173360608],[-72.99352350819099,-13.52890584988141],[-72.99259992499,-13.528898441865795]]]}},{"type":"Feature","properties":{"Cell_ID":1496,"Area_ha":1.0,"LC":"6:0.058678,9:0.618820,16:0.322501","XMIN":717154.86160847,"YMIN":8503383.59738907,"XMAX":717254.86160847,"YMAX":8503483.59738907},"geometry":{"type":"Polygon","coordinates":[[[-72.99259235176811,-13.529802117804318],[-72.99259992499,-13.528898441865795],[-72.99352350819099,-13.52890584988141],[-72.99351593844776,-13.529809526332928],[-72.99259235176811,-13.529802117804318]]]}},{"type":"Feature","properties":{"Cell_ID":1497,"Area_ha":1.0,"LC":"6:0.579383,9:0.360323,13:0.019241,16:0.041054","XMIN":717154.86160847,"YMIN":8503283.59738907,"XMAX":717254.86160847,"YMAX":8503383.59738907},"geometry":{"type":"Polygon","coordinates":[[[-72.9925847779927,-13.530705793673544],[-72.99259235176811,-13.529802117804318],[-72.99351593844776,-13.529809526332928],[-72.99350836815123,-13.530713202715155],[-72.9925847779927,-13.530705793673544]]]}},{"type":"Feature","properties":{"Cell_ID":1498,"Area_ha":1.0,"LC":"6:0.058271,9:0.803878,13:0.137851","XMIN":717154.86160847,"YMIN":8503183.59738907,"XMAX":717254.86160847,"YMAX":8503283.59738907},"geometry":{"type":"Polygon","coordinates":[[[-72.99257720366373,-13.531609469473471],[-72.9925847779927,-13.530705793673544],[-72.99350836815123,-13.530713202715155],[-72.99350079730145,-13.531616879028089],[-72.99257720366373,-13.531609469473471]]]}},{"type":"Feature","properties":{"Cell_ID":1499,"Area_ha":1.0,"LC":"6:0.136810,9:0.863190","XMIN":717154.86160847,"YMIN":8503083.59738907,"XMAX":717254.86160847,"YMAX":8503183.59738907},"geometry":{"type":"Polygon","coordinates":[[[-72.99256962878121,-13.5325131452041],[-72.99257720366373,-13.531609469473471],[-72.99350079730145,-13.531616879028089],[-72.99349322589835,-13.532520555271725],[-72.99256962878121,-13.5325131452041]]]}},{"type":"Feature","properties":{"Cell_ID":1500,"Area_ha":1.0,"LC":"6:0.162488,9:0.481054,14:0.356458","XMIN":717154.86160847,"YMIN":8502983.59738907,"XMAX":717254.86160847,"YMAX":8503083.59738907},"geometry":{"type":"Polygon","coordinates":[[[-72.99256205334514,-13.533416820865419],[-72.99256962878121,-13.5325131452041],[-72.99349322589835,-13.532520555271725],[-72.99348565394196,-13.533424231446057],[-72.99256205334514,-13.533416820865419]]]}},{"type":"Feature","properties":{"Cell_ID":1501,"Area_ha":1.0,"LC":"6:0.001461,9:0.223105,14:0.775434","XMIN":717154.86160847,"YMIN":8502883.59738907,"XMAX":717254.86160847,"YMAX":8502983.59738907},"geometry":{"type":"Polygon","coordinates":[[[-72.99255447735551,-13.534320496457427],[-72.99256205334514,-13.533416820865419],[-72.99348565394196,-13.533424231446057],[-72.99347808143224,-13.534327907551086],[-72.99255447735551,-13.534320496457427]]]}},{"type":"Feature","properties":{"Cell_ID":1502,"Area_ha":1.0,"LC":"5:0.101095,9:0.838553,14:0.060352","XMIN":717154.86160847,"YMIN":8502783.59738907,"XMAX":717254.86160847,"YMAX":8502883.59738907},"geometry":{"type":"Polygon","coordinates":[[[-72.99254690081227,-13.535224171980122],[-72.99255447735551,-13.534320496457427],[-72.99347808143224,-13.534327907551086],[-72.9934705083692,-13.535231583586798],[-72.99254690081227,-13.535224171980122]]]}},{"type":"Feature","properties":{"Cell_ID":1503,"Area_ha":1.0,"LC":"5:0.302783,9:0.697217","XMIN":717154.86160847,"YMIN":8502683.59738907,"XMAX":717254.86160847,"YMAX":8502783.59738907},"geometry":{"type":"Polygon","coordinates":[[[-72.99253932371546,-13.536127847433496],[-72.99254690081227,-13.535224171980122],[-72.9934705083692,-13.535231583586798],[-72.99346293475283,-13.536135259553195],[-72.99253932371546,-13.536127847433496]]]}},{"type":"Feature","properties":{"Cell_ID":1504,"Area_ha":1.0,"LC":"3:0.117990,6:0.144637,14:0.737373","XMIN":717254.86160847,"YMIN":8505683.59738907,"XMAX":717354.86160847,"YMAX":8505783.59738907},"geometry":{"type":"Polygon","coordinates":[[[-72.99184288966708,-13.509010153566713],[-72.99185045363332,-13.50810647654879],[-72.99277395634203,-13.50811387616483],[-72.99276639584859,-13.5090175536959],[-72.99184288966708,-13.509010153566713]]]}},{"type":"Feature","properties":{"Cell_ID":1505,"Area_ha":1.0,"LC":"3:0.374787,6:0.002431,14:0.622783","XMIN":717254.86160847,"YMIN":8505583.59738907,"XMAX":717354.86160847,"YMAX":8505683.59738907},"geometry":{"type":"Polygon","coordinates":[[[-72.99183532514728,-13.509913830515439],[-72.99184288966708,-13.509010153566713],[-72.99276639584859,-13.5090175536959],[-72.99275883480185,-13.50992123115778],[-72.99183532514728,-13.509913830515439]]]}},{"type":"Feature","properties":{"Cell_ID":1506,"Area_ha":1.0,"LC":"3:0.183345,6:0.595082,9:0.221573","XMIN":717254.86160847,"YMIN":8505483.59738907,"XMAX":717354.86160847,"YMAX":8505583.59738907},"geometry":{"type":"Polygon","coordinates":[[[-72.99182776007392,-13.510817507394965],[-72.99183532514728,-13.509913830515439],[-72.99275883480185,-13.50992123115778],[-72.99275127320179,-13.510824908550461],[-72.99182776007392,-13.510817507394965]]]}},{"type":"Feature","properties":{"Cell_ID":1507,"Area_ha":1.0,"LC":"6:0.579298,9:0.262305,14:0.158397","XMIN":717254.86160847,"YMIN":8505383.59738907,"XMAX":717354.86160847,"YMAX":8505483.59738907},"geometry":{"type":"Polygon","coordinates":[[[-72.99182019444697,-13.511721184205282],[-72.99182776007392,-13.510817507394965],[-72.99275127320179,-13.510824908550461],[-72.99274371104842,-13.511728585873938],[-72.99182019444697,-13.511721184205282]]]}},{"type":"Feature","properties":{"Cell_ID":1508,"Area_ha":1.0,"LC":"6:0.065129,9:0.097302,14:0.837569","XMIN":717254.86160847,"YMIN":8505283.59738907,"XMAX":717354.86160847,"YMAX":8505383.59738907},"geometry":{"type":"Polygon","coordinates":[[[-72.99181262826644,-13.51262486094639],[-72.99182019444697,-13.511721184205282],[-72.99274371104842,-13.511728585873938],[-72.9927361483417,-13.512632263128205],[-72.99181262826644,-13.51262486094639]]]}},{"type":"Feature","properties":{"Cell_ID":1509,"Area_ha":1.0,"LC":"6:0.041461,9:0.175912,14:0.782627","XMIN":717254.86160847,"YMIN":8505183.59738907,"XMAX":717354.86160847,"YMAX":8505283.59738907},"geometry":{"type":"Polygon","coordinates":[[[-72.99180506153233,-13.513528537618281],[-72.99181262826644,-13.51262486094639],[-72.9927361483417,-13.512632263128205],[-72.99272858508166,-13.51353594031327],[-72.99180506153233,-13.513528537618281]]]}},{"type":"Feature","properties":{"Cell_ID":1510,"Area_ha":1.0,"LC":"3:0.120407,6:0.281447,9:0.039438,14:0.558708","XMIN":717254.86160847,"YMIN":8505083.59738907,"XMAX":717354.86160847,"YMAX":8505183.59738907},"geometry":{"type":"Polygon","coordinates":[[[-72.99179749424461,-13.514432214220955],[-72.99180506153233,-13.513528537618281],[-72.99272858508166,-13.51353594031327],[-72.99272102126827,-13.514439617429113],[-72.99179749424461,-13.514432214220955]]]}},{"type":"Feature","properties":{"Cell_ID":1511,"Area_ha":1.0,"LC":"3:0.280562,6:0.580055,9:0.119593,14:0.019790","XMIN":717254.86160847,"YMIN":8504983.59738907,"XMAX":717354.86160847,"YMAX":8505083.59738907},"geometry":{"type":"Polygon","coordinates":[[[-72.99178992640327,-13.51533589075441],[-72.99179749424461,-13.514432214220955],[-72.99272102126827,-13.514439617429113],[-72.99271345690151,-13.515343294475741],[-72.99178992640327,-13.51533589075441]]]}},{"type":"Feature","properties":{"Cell_ID":1512,"Area_ha":1.0,"LC":"5:0.355082,6:0.644918","XMIN":717254.86160847,"YMIN":8504883.59738907,"XMAX":717354.86160847,"YMAX":8504983.59738907},"geometry":{"type":"Polygon","coordinates":[[[-72.9917823580083,-13.516239567218632],[-72.99178992640327,-13.51533589075441],[-72.99271345690151,-13.515343294475741],[-72.99270589198139,-13.516246971453143],[-72.9917823580083,-13.516239567218632]]]}},{"type":"Feature","properties":{"Cell_ID":1513,"Area_ha":1.0,"LC":"5:0.777695,6:0.222305","XMIN":717254.86160847,"YMIN":8504783.59738907,"XMAX":717354.86160847,"YMAX":8504883.59738907},"geometry":{"type":"Polygon","coordinates":[[[-72.99177478905969,-13.51714324361362],[-72.9917823580083,-13.516239567218632],[-72.99270589198139,-13.516246971453143],[-72.99269832650786,-13.517150648361312],[-72.99177478905969,-13.51714324361362]]]}},{"type":"Feature","properties":{"Cell_ID":1514,"Area_ha":1.0,"LC":"5:0.859396,13:0.140604","XMIN":717254.86160847,"YMIN":8504683.59738907,"XMAX":717354.86160847,"YMAX":8504783.59738907},"geometry":{"type":"Polygon","coordinates":[[[-72.99176721955746,-13.518046919939376],[-72.99177478905969,-13.51714324361362],[-72.99269832650786,-13.517150648361312],[-72.99269076048095,-13.518054325200254],[-72.99176721955746,-13.518046919939376]]]}},{"type":"Feature","properties":{"Cell_ID":1515,"Area_ha":1.0,"LC":"5:0.040071,9:0.256739,13:0.703190","XMIN":717254.86160847,"YMIN":8504583.59738907,"XMAX":717354.86160847,"YMAX":8504683.59738907},"geometry":{"type":"Polygon","coordinates":[[[-72.99175964950155,-13.51895059619589],[-72.99176721955746,-13.518046919939376],[-72.99269076048095,-13.518054325200254],[-72.99268319390066,-13.518958001969956],[-72.99175964950155,-13.51895059619589]]]}},{"type":"Feature","properties":{"Cell_ID":1516,"Area_ha":1.0,"LC":"6:0.061573,9:0.577444,13:0.202993,14:0.157990","XMIN":717254.86160847,"YMIN":8504483.59738907,"XMAX":717354.86160847,"YMAX":8504583.59738907},"geometry":{"type":"Polygon","coordinates":[[[-72.99175207889199,-13.519854272383158],[-72.99175964950155,-13.51895059619589],[-72.99268319390066,-13.518958001969956],[-72.99267562676694,-13.519861678670416],[-72.99175207889199,-13.519854272383158]]]}},{"type":"Feature","properties":{"Cell_ID":1517,"Area_ha":1.0,"LC":"5:0.141573,6:0.402993,14:0.455434","XMIN":717254.86160847,"YMIN":8504383.59738907,"XMAX":717354.86160847,"YMAX":8504483.59738907},"geometry":{"type":"Polygon","coordinates":[[[-72.99174450772874,-13.520757948501176],[-72.99175207889199,-13.519854272383158],[-72.99267562676694,-13.519861678670416],[-72.99266805907982,-13.52076535530163],[-72.99174450772874,-13.520757948501176]]]}},{"type":"Feature","properties":{"Cell_ID":1518,"Area_ha":1.0,"LC":"5:0.219803,6:0.741166,9:0.019241,14:0.019790","XMIN":717254.86160847,"YMIN":8504283.59738907,"XMAX":717354.86160847,"YMAX":8504383.59738907},"geometry":{"type":"Polygon","coordinates":[[[-72.99173693601182,-13.52166162454994],[-72.99174450772874,-13.520757948501176],[-72.99266805907982,-13.52076535530163],[-72.99266049083924,-13.521669031863599],[-72.99173693601182,-13.52166162454994]]]}},{"type":"Feature","properties":{"Cell_ID":1519,"Area_ha":1.0,"LC":"5:0.380773,6:0.203962,9:0.415265","XMIN":717254.86160847,"YMIN":8504183.59738907,"XMAX":717354.86160847,"YMAX":8504283.59738907},"geometry":{"type":"Polygon","coordinates":[[[-72.99172936374119,-13.522565300529449],[-72.99173693601182,-13.52166162454994],[-72.99266049083924,-13.521669031863599],[-72.99265292204524,-13.522572708356309],[-72.99172936374119,-13.522565300529449]]]}},{"type":"Feature","properties":{"Cell_ID":1520,"Area_ha":1.0,"LC":"5:0.258820,6:0.498594,9:0.242586","XMIN":717254.86160847,"YMIN":8504083.59738907,"XMAX":717354.86160847,"YMAX":8504183.59738907},"geometry":{"type":"Polygon","coordinates":[[[-72.99172179091687,-13.523468976439693],[-72.99172936374119,-13.522565300529449],[-72.99265292204524,-13.522572708356309],[-72.99264535269778,-13.523476384779762],[-72.99172179091687,-13.523468976439693]]]}},{"type":"Feature","properties":{"Cell_ID":1521,"Area_ha":1.0,"LC":"5:0.239031,6:0.319031,9:0.441939","XMIN":717254.86160847,"YMIN":8503983.59738907,"XMAX":717354.86160847,"YMAX":8504083.59738907},"geometry":{"type":"Polygon","coordinates":[[[-72.99171421753883,-13.52437265228067],[-72.99172179091687,-13.523468976439693],[-72.99264535269778,-13.523476384779762],[-72.99263778279685,-13.52438006113395],[-72.99171421753883,-13.52437265228067]]]}},{"type":"Feature","properties":{"Cell_ID":1522,"Area_ha":1.0,"LC":"6:0.141406,7:0.322908,9:0.535685","XMIN":717254.86160847,"YMIN":8503883.59738907,"XMAX":717354.86160847,"YMAX":8503983.59738907},"geometry":{"type":"Polygon","coordinates":[[[-72.99170664360706,-13.525276328052376],[-72.99171421753883,-13.52437265228067],[-72.99263778279685,-13.52438006113395],[-72.99263021234248,-13.52528373741887],[-72.99170664360706,-13.525276328052376]]]}},{"type":"Feature","properties":{"Cell_ID":1523,"Area_ha":1.0,"LC":"7:0.323878,9:0.676122","XMIN":717254.86160847,"YMIN":8503783.59738907,"XMAX":717354.86160847,"YMAX":8503883.59738907},"geometry":{"type":"Polygon","coordinates":[[[-72.99169906912157,-13.526180003754808],[-72.99170664360706,-13.525276328052376],[-72.99263021234248,-13.52528373741887],[-72.9926226413346,-13.526187413634524],[-72.99169906912157,-13.526180003754808]]]}},{"type":"Feature","properties":{"Cell_ID":1524,"Area_ha":1.0,"LC":"5:0.158061,6:0.579563,9:0.262376","XMIN":717254.86160847,"YMIN":8503683.59738907,"XMAX":717354.86160847,"YMAX":8503783.59738907},"geometry":{"type":"Polygon","coordinates":[[[-72.99169149408232,-13.52708367938796],[-72.99169906912157,-13.526180003754808],[-72.9926226413346,-13.526187413634524],[-72.99261506977324,-13.527091089780898],[-72.99169149408232,-13.52708367938796]]]}},{"type":"Feature","properties":{"Cell_ID":1525,"Area_ha":1.0,"LC":"5:0.038960,6:0.101406,9:0.859634","XMIN":717254.86160847,"YMIN":8503583.59738907,"XMAX":717354.86160847,"YMAX":8503683.59738907},"geometry":{"type":"Polygon","coordinates":[[[-72.99168391848931,-13.527987354951826],[-72.99169149408232,-13.52708367938796],[-72.99261506977324,-13.527091089780898],[-72.99260749765838,-13.527994765857988],[-72.99168391848931,-13.527987354951826]]]}},{"type":"Feature","properties":{"Cell_ID":1526,"Area_ha":1.0,"LC":"5:0.040071,9:0.364440,16:0.595489","XMIN":717254.86160847,"YMIN":8503483.59738907,"XMAX":717354.86160847,"YMAX":8503583.59738907},"geometry":{"type":"Polygon","coordinates":[[[-72.99167634234256,-13.528891030446403],[-72.99168391848931,-13.527987354951826],[-72.99260749765838,-13.527994765857988],[-72.99259992499,-13.528898441865795],[-72.99167634234256,-13.528891030446403]]]}},{"type":"Feature","properties":{"Cell_ID":1527,"Area_ha":1.0,"LC":"9:0.540773,16:0.459227","XMIN":717254.86160847,"YMIN":8503383.59738907,"XMAX":717354.86160847,"YMAX":8503483.59738907},"geometry":{"type":"Polygon","coordinates":[[[-72.991668765642,-13.52979470587169],[-72.99167634234256,-13.528891030446403],[-72.99259992499,-13.528898441865795],[-72.99259235176811,-13.529802117804318],[-72.991668765642,-13.52979470587169]]]}},{"type":"Feature","properties":{"Cell_ID":1528,"Area_ha":1.0,"LC":"5:0.080969,6:0.400000,9:0.417624,16:0.101406","XMIN":717254.86160847,"YMIN":8503283.59738907,"XMAX":717354.86160847,"YMAX":8503383.59738907},"geometry":{"type":"Polygon","coordinates":[[[-72.9916611883877,-13.53069838122768],[-72.991668765642,-13.52979470587169],[-72.99259235176811,-13.529802117804318],[-72.9925847779927,-13.530705793673544],[-72.9916611883877,-13.53069838122768]]]}},{"type":"Feature","properties":{"Cell_ID":1529,"Area_ha":1.0,"LC":"9:1.000000","XMIN":717254.86160847,"YMIN":8503183.59738907,"XMAX":717354.86160847,"YMAX":8503283.59738907},"geometry":{"type":"Polygon","coordinates":[[[-72.99165361057956,-13.531602056514368],[-72.9916611883877,-13.53069838122768],[-72.9925847779927,-13.530705793673544],[-72.99257720366373,-13.531609469473471],[-72.99165361057956,-13.531602056514368]]]}},{"type":"Feature","properties":{"Cell_ID":1530,"Area_ha":1.0,"LC":"9:1.000000","XMIN":717254.86160847,"YMIN":8503083.59738907,"XMAX":717354.86160847,"YMAX":8503183.59738907},"geometry":{"type":"Polygon","coordinates":[[[-72.99164603221764,-13.532505731731746],[-72.99165361057956,-13.531602056514368],[-72.99257720366373,-13.531609469473471],[-72.99256962878121,-13.5325131452041],[-72.99164603221764,-13.532505731731746]]]}},{"type":"Feature","properties":{"Cell_ID":1531,"Area_ha":1.0,"LC":"5:0.504075,6:0.315489,9:0.180437","XMIN":717254.86160847,"YMIN":8502983.59738907,"XMAX":717354.86160847,"YMAX":8503083.59738907},"geometry":{"type":"Polygon","coordinates":[[[-72.9916384533019,-13.533409406879818],[-72.99164603221764,-13.532505731731746],[-72.99256962878121,-13.5325131452041],[-72.99256205334514,-13.533416820865419],[-72.9916384533019,-13.533409406879818]]]}},{"type":"Feature","properties":{"Cell_ID":1532,"Area_ha":1.0,"LC":"5:0.201377,6:0.522572,9:0.276051","XMIN":717254.86160847,"YMIN":8502883.59738907,"XMAX":717354.86160847,"YMAX":8502983.59738907},"geometry":{"type":"Polygon","coordinates":[[[-72.99163087383235,-13.534313081958576],[-72.9916384533019,-13.533409406879818],[-72.99256205334514,-13.533416820865419],[-72.99255447735551,-13.534320496457427],[-72.99163087383235,-13.534313081958576]]]}},{"type":"Feature","properties":{"Cell_ID":1533,"Area_ha":1.0,"LC":"5:0.517512,6:0.363878,9:0.118610","XMIN":717254.86160847,"YMIN":8502783.59738907,"XMAX":717354.86160847,"YMAX":8502883.59738907},"geometry":{"type":"Polygon","coordinates":[[[-72.99162329380894,-13.535216756968014],[-72.99163087383235,-13.534313081958576],[-72.99255447735551,-13.534320496457427],[-72.99254690081227,-13.535224171980122],[-72.99162329380894,-13.535216756968014]]]}},{"type":"Feature","properties":{"Cell_ID":1534,"Area_ha":1.0,"LC":"5:0.618976,6:0.000478,7:0.321784,9:0.058763","XMIN":717254.86160847,"YMIN":8502683.59738907,"XMAX":717354.86160847,"YMAX":8502783.59738907},"geometry":{"type":"Polygon","coordinates":[[[-72.99161571323171,-13.536120431908126],[-72.99162329380894,-13.535216756968014],[-72.99254690081227,-13.535224171980122],[-72.99253932371546,-13.536127847433496],[-72.99161571323171,-13.536120431908126]]]}},{"type":"Feature","properties":{"Cell_ID":1535,"Area_ha":1.0,"LC":"6:1.000000","XMIN":717354.86160847,"YMIN":8505683.59738907,"XMAX":717454.86160847,"YMAX":8505783.59738907},"geometry":{"type":"Polygon","coordinates":[[[-72.99091938403913,-13.509002750038933],[-72.99092695147816,-13.508099073534398],[-72.99185045363332,-13.50810647654879],[-72.99184288966708,-13.509010153566713],[-72.99091938403913,-13.509002750038933]]]}},{"type":"Feature","properties":{"Cell_ID":1536,"Area_ha":1.0,"LC":"3:0.098594,6:0.581406,14:0.320000","XMIN":717354.86160847,"YMIN":8505583.59738907,"XMAX":717454.86160847,"YMAX":8505683.59738907},"geometry":{"type":"Polygon","coordinates":[[[-72.99091181604628,-13.509906426474274],[-72.99091938403913,-13.509002750038933],[-72.99184288966708,-13.509010153566713],[-72.99183532514728,-13.509913830515439],[-72.99091181604628,-13.509906426474274]]]}},{"type":"Feature","properties":{"Cell_ID":1537,"Area_ha":1.0,"LC":"3:0.179467,6:0.400885,9:0.419648","XMIN":717354.86160847,"YMIN":8505483.59738907,"XMAX":717454.86160847,"YMAX":8505583.59738907},"geometry":{"type":"Polygon","coordinates":[[[-72.99090424749961,-13.510810102840406],[-72.99091181604628,-13.509906426474274],[-72.99183532514728,-13.509913830515439],[-72.99182776007392,-13.510817507394965],[-72.99090424749961,-13.510810102840406]]]}},{"type":"Feature","properties":{"Cell_ID":1538,"Area_ha":1.0,"LC":"6:0.582556,9:0.417444","XMIN":717354.86160847,"YMIN":8505383.59738907,"XMAX":717454.86160847,"YMAX":8505483.59738907},"geometry":{"type":"Polygon","coordinates":[[[-72.99089667839911,-13.51171377913733],[-72.99090424749961,-13.510810102840406],[-72.99182776007392,-13.510817507394965],[-72.99182019444697,-13.511721184205282],[-72.99089667839911,-13.51171377913733]]]}},{"type":"Feature","properties":{"Cell_ID":1539,"Area_ha":1.0,"LC":"6:1.000000","XMIN":717354.86160847,"YMIN":8505283.59738907,"XMAX":717454.86160847,"YMAX":8505383.59738907},"geometry":{"type":"Polygon","coordinates":[[[-72.99088910874478,-13.512617455365037],[-72.99089667839911,-13.51171377913733],[-72.99182019444697,-13.511721184205282],[-72.99181262826644,-13.51262486094639],[-72.99088910874478,-13.512617455365037]]]}},{"type":"Feature","properties":{"Cell_ID":1540,"Area_ha":1.0,"LC":"6:0.704230,14:0.295770","XMIN":717354.86160847,"YMIN":8505183.59738907,"XMAX":717454.86160847,"YMAX":8505283.59738907},"geometry":{"type":"Polygon","coordinates":[[[-72.99088153853661,-13.513521131523529],[-72.99088910874478,-13.512617455365037],[-72.99181262826644,-13.51262486094639],[-72.99180506153233,-13.513528537618281],[-72.99088153853661,-13.513521131523529]]]}},{"type":"Feature","properties":{"Cell_ID":1541,"Area_ha":1.0,"LC":"3:0.138187,6:0.722431,14:0.139383","XMIN":717354.86160847,"YMIN":8505083.59738907,"XMAX":717454.86160847,"YMAX":8505183.59738907},"geometry":{"type":"Polygon","coordinates":[[[-72.99087396777456,-13.514424807612796],[-72.99088153853661,-13.513521131523529],[-72.99180506153233,-13.513528537618281],[-72.99179749424461,-13.514432214220955],[-72.99087396777456,-13.514424807612796]]]}},{"type":"Feature","properties":{"Cell_ID":1542,"Area_ha":1.0,"LC":"3:0.282979,6:0.717021","XMIN":717354.86160847,"YMIN":8504983.59738907,"XMAX":717454.86160847,"YMAX":8505083.59738907},"geometry":{"type":"Polygon","coordinates":[[[-72.99086639645866,-13.515328483632837],[-72.99087396777456,-13.514424807612796],[-72.99179749424461,-13.514432214220955],[-72.99178992640327,-13.51533589075441],[-72.99086639645866,-13.515328483632837]]]}},{"type":"Feature","properties":{"Cell_ID":1543,"Area_ha":1.0,"LC":"3:0.020773,5:0.241292,6:0.737935","XMIN":717354.86160847,"YMIN":8504883.59738907,"XMAX":717454.86160847,"YMAX":8504983.59738907},"geometry":{"type":"Polygon","coordinates":[[[-72.99085882458886,-13.516232159583648],[-72.99086639645866,-13.515328483632837],[-72.99178992640327,-13.51533589075441],[-72.9917823580083,-13.516239567218632],[-72.99085882458886,-13.516232159583648]]]}},{"type":"Feature","properties":{"Cell_ID":1544,"Area_ha":1.0,"LC":"5:0.639044,6:0.360956","XMIN":717354.86160847,"YMIN":8504783.59738907,"XMAX":717454.86160847,"YMAX":8504883.59738907},"geometry":{"type":"Polygon","coordinates":[[[-72.99085125216519,-13.517135835465218],[-72.99085882458886,-13.516232159583648],[-72.9917823580083,-13.516239567218632],[-72.99177478905969,-13.51714324361362],[-72.99085125216519,-13.517135835465218]]]}},{"type":"Feature","properties":{"Cell_ID":1545,"Area_ha":1.0,"LC":"5:0.837162,6:0.062712,13:0.100126","XMIN":717354.86160847,"YMIN":8504683.59738907,"XMAX":717454.86160847,"YMAX":8504783.59738907},"geometry":{"type":"Polygon","coordinates":[[[-72.99084367918759,-13.518039511277554],[-72.99085125216519,-13.517135835465218],[-72.99177478905969,-13.51714324361362],[-72.99176721955746,-13.518046919939376],[-72.99084367918759,-13.518039511277554]]]}},{"type":"Feature","properties":{"Cell_ID":1546,"Area_ha":1.0,"LC":"5:0.040562,13:0.959438","XMIN":717354.86160847,"YMIN":8504583.59738907,"XMAX":717454.86160847,"YMAX":8504683.59738907},"geometry":{"type":"Polygon","coordinates":[[[-72.9908361056561,-13.518943187020644],[-72.99084367918759,-13.518039511277554],[-72.99176721955746,-13.518046919939376],[-72.99175964950155,-13.51895059619589],[-72.9908361056561,-13.518943187020644]]]}},{"type":"Feature","properties":{"Cell_ID":1547,"Area_ha":1.0,"LC":"5:0.019719,6:0.396458,13:0.583823","XMIN":717354.86160847,"YMIN":8504483.59738907,"XMAX":717454.86160847,"YMAX":8504583.59738907},"geometry":{"type":"Polygon","coordinates":[[[-72.9908285315707,-13.519846862694482],[-72.9908361056561,-13.518943187020644],[-72.99175964950155,-13.51895059619589],[-72.99175207889199,-13.519854272383158],[-72.9908285315707,-13.519846862694482]]]}},{"type":"Feature","properties":{"Cell_ID":1548,"Area_ha":1.0,"LC":"5:0.677583,6:0.198132,13:0.124285","XMIN":717354.86160847,"YMIN":8504383.59738907,"XMAX":717454.86160847,"YMAX":8504483.59738907},"geometry":{"type":"Polygon","coordinates":[[[-72.99082095693136,-13.520750538299067],[-72.9908285315707,-13.519846862694482],[-72.99175207889199,-13.519854272383158],[-72.99174450772874,-13.520757948501176],[-72.99082095693136,-13.520750538299067]]]}},{"type":"Feature","properties":{"Cell_ID":1549,"Area_ha":1.0,"LC":"5:0.019790,6:0.715644,13:0.264566","XMIN":717354.86160847,"YMIN":8504283.59738907,"XMAX":717454.86160847,"YMAX":8504383.59738907},"geometry":{"type":"Polygon","coordinates":[[[-72.99081338173808,-13.521654213834399],[-72.99082095693136,-13.520750538299067],[-72.99174450772874,-13.520757948501176],[-72.99173693601182,-13.52166162454994],[-72.99081338173808,-13.521654213834399]]]}},{"type":"Feature","properties":{"Cell_ID":1550,"Area_ha":1.0,"LC":"5:0.400407,6:0.157640,9:0.058678,13:0.383274","XMIN":717354.86160847,"YMIN":8504183.59738907,"XMAX":717454.86160847,"YMAX":8504283.59738907},"geometry":{"type":"Polygon","coordinates":[[[-72.99080580599087,-13.522557889300465],[-72.99081338173808,-13.521654213834399],[-72.99173693601182,-13.52166162454994],[-72.99172936374119,-13.522565300529449],[-72.99080580599087,-13.522557889300465]]]}},{"type":"Feature","properties":{"Cell_ID":1551,"Area_ha":1.0,"LC":"5:0.119593,6:0.741024,9:0.139383","XMIN":717354.86160847,"YMIN":8504083.59738907,"XMAX":717454.86160847,"YMAX":8504183.59738907},"geometry":{"type":"Polygon","coordinates":[[[-72.99079822968967,-13.523461564697268],[-72.99080580599087,-13.522557889300465],[-72.99172936374119,-13.522565300529449],[-72.99172179091687,-13.523468976439693],[-72.99079822968967,-13.523461564697268]]]}},{"type":"Feature","properties":{"Cell_ID":1552,"Area_ha":1.0,"LC":"5:0.159031,6:0.160085,9:0.680885","XMIN":717354.86160847,"YMIN":8503983.59738907,"XMAX":717454.86160847,"YMAX":8504083.59738907},"geometry":{"type":"Polygon","coordinates":[[[-72.99079065283452,-13.524365240024794],[-72.99079822968967,-13.523461564697268],[-72.99172179091687,-13.523468976439693],[-72.99171421753883,-13.52437265228067],[-72.99079065283452,-13.524365240024794]]]}},{"type":"Feature","properties":{"Cell_ID":1553,"Area_ha":1.0,"LC":"6:0.060352,7:0.476529,9:0.463119","XMIN":717354.86160847,"YMIN":8503883.59738907,"XMAX":717454.86160847,"YMAX":8503983.59738907},"geometry":{"type":"Polygon","coordinates":[[[-72.99078307542538,-13.52526891528305],[-72.99079065283452,-13.524365240024794],[-72.99171421753883,-13.52437265228067],[-72.99170664360706,-13.525276328052376],[-72.99078307542538,-13.52526891528305]]]}},{"type":"Feature","properties":{"Cell_ID":1554,"Area_ha":1.0,"LC":"7:0.276685,9:0.723315","XMIN":717354.86160847,"YMIN":8503783.59738907,"XMAX":717454.86160847,"YMAX":8503883.59738907},"geometry":{"type":"Polygon","coordinates":[[[-72.99077549746227,-13.526172590472028],[-72.99078307542538,-13.52526891528305],[-72.99170664360706,-13.525276328052376],[-72.99169906912157,-13.526180003754808],[-72.99077549746227,-13.526172590472028]]]}},{"type":"Feature","properties":{"Cell_ID":1555,"Area_ha":1.0,"LC":"5:0.161939,6:0.316051,9:0.522010","XMIN":717354.86160847,"YMIN":8503683.59738907,"XMAX":717454.86160847,"YMAX":8503783.59738907},"geometry":{"type":"Polygon","coordinates":[[[-72.99076791894515,-13.527076265591722],[-72.99077549746227,-13.526172590472028],[-72.99169906912157,-13.526180003754808],[-72.99169149408232,-13.52708367938796],[-72.99076791894515,-13.527076265591722]]]}},{"type":"Feature","properties":{"Cell_ID":1556,"Area_ha":1.0,"LC":"6:0.040071,9:0.959929","XMIN":717354.86160847,"YMIN":8503583.59738907,"XMAX":717454.86160847,"YMAX":8503683.59738907},"geometry":{"type":"Polygon","coordinates":[[[-72.99076033987402,-13.527979940642124],[-72.99076791894515,-13.527076265591722],[-72.99169149408232,-13.52708367938796],[-72.99168391848931,-13.527987354951826],[-72.99076033987402,-13.527979940642124]]]}},{"type":"Feature","properties":{"Cell_ID":1557,"Area_ha":1.0,"LC":"5:0.039915,9:0.921054,16:0.039031","XMIN":717354.86160847,"YMIN":8503483.59738907,"XMAX":717454.86160847,"YMAX":8503583.59738907},"geometry":{"type":"Polygon","coordinates":[[[-72.99075276024888,-13.528883615623238],[-72.99076033987402,-13.527979940642124],[-72.99168391848931,-13.527987354951826],[-72.99167634234256,-13.528891030446403],[-72.99075276024888,-13.528883615623238]]]}},{"type":"Feature","properties":{"Cell_ID":1558,"Area_ha":1.0,"LC":"5:0.382712,6:0.141573,9:0.338413,16:0.137302","XMIN":717354.86160847,"YMIN":8503383.59738907,"XMAX":717454.86160847,"YMAX":8503483.59738907},"geometry":{"type":"Polygon","coordinates":[[[-72.9907451800697,-13.529787290535054],[-72.99075276024888,-13.528883615623238],[-72.99167634234256,-13.528891030446403],[-72.991668765642,-13.52979470587169],[-72.9907451800697,-13.529787290535054]]]}},{"type":"Feature","properties":{"Cell_ID":1559,"Area_ha":1.0,"LC":"5:0.342220,6:0.379396,7:0.080885,9:0.177709,16:0.019790","XMIN":717354.86160847,"YMIN":8503283.59738907,"XMAX":717454.86160847,"YMAX":8503383.59738907},"geometry":{"type":"Polygon","coordinates":[[[-72.99073759933647,-13.53069096537757],[-72.9907451800697,-13.529787290535054],[-72.991668765642,-13.52979470587169],[-72.9916611883877,-13.53069838122768],[-72.99073759933647,-13.53069096537757]]]}},{"type":"Feature","properties":{"Cell_ID":1560,"Area_ha":1.0,"LC":"7:0.404847,9:0.595153","XMIN":717354.86160847,"YMIN":8503183.59738907,"XMAX":717454.86160847,"YMAX":8503283.59738907},"geometry":{"type":"Polygon","coordinates":[[[-72.99073001804922,-13.531594640150782],[-72.99073759933647,-13.53069096537757],[-72.9916611883877,-13.53069838122768],[-72.99165361057956,-13.531602056514368],[-72.99073001804922,-13.531594640150782]]]}},{"type":"Feature","properties":{"Cell_ID":1561,"Area_ha":1.0,"LC":"6:0.283878,7:0.380688,9:0.335434","XMIN":717354.86160847,"YMIN":8503083.59738907,"XMAX":717454.86160847,"YMAX":8503183.59738907},"geometry":{"type":"Polygon","coordinates":[[[-72.99072243620789,-13.53249831485468],[-72.99073001804922,-13.531594640150782],[-72.99165361057956,-13.531602056514368],[-72.99164603221764,-13.532505731731746],[-72.99072243620789,-13.53249831485468]]]}},{"type":"Feature","properties":{"Cell_ID":1562,"Area_ha":1.0,"LC":"5:0.276529,7:0.184244,9:0.240071,14:0.299156","XMIN":717354.86160847,"YMIN":8502983.59738907,"XMAX":717454.86160847,"YMAX":8503083.59738907},"geometry":{"type":"Polygon","coordinates":[[[-72.9907148538125,-13.533401989489265],[-72.99072243620789,-13.53249831485468],[-72.99164603221764,-13.532505731731746],[-72.9916384533019,-13.533409406879818],[-72.9907148538125,-13.533401989489265]]]}},{"type":"Feature","properties":{"Cell_ID":1563,"Area_ha":1.0,"LC":"5:0.159522,6:0.496810,7:0.162824,14:0.180844","XMIN":717354.86160847,"YMIN":8502883.59738907,"XMAX":717454.86160847,"YMAX":8502983.59738907},"geometry":{"type":"Polygon","coordinates":[[[-72.99070727086303,-13.534305664054536],[-72.9907148538125,-13.533401989489265],[-72.9916384533019,-13.533409406879818],[-72.99163087383235,-13.534313081958576],[-72.99070727086303,-13.534305664054536]]]}},{"type":"Feature","properties":{"Cell_ID":1564,"Area_ha":1.0,"LC":"3:0.019241,5:0.000492,6:0.281518,7:0.581251,9:0.039438,14:0.078061","XMIN":717454.86160847,"YMIN":8505583.59738907,"XMAX":717554.86160847,"YMAX":8505683.59738907},"geometry":{"type":"Polygon","coordinates":[[[-72.9899883074991,-13.509899019034291],[-72.98999587896498,-13.508995343112577],[-72.99091938403913,-13.509002750038933],[-72.99091181604628,-13.509906426474274],[-72.9899883074991,-13.509899019034291]]]}},{"type":"Feature","properties":{"Cell_ID":1565,"Area_ha":1.0,"LC":"3:0.019790,5:0.002417,6:0.280421,7:0.040562,9:0.656810","XMIN":717454.86160847,"YMIN":8505483.59738907,"XMAX":717554.86160847,"YMAX":8505583.59738907},"geometry":{"type":"Polygon","coordinates":[[[-72.98998073547914,-13.510802694886799],[-72.9899883074991,-13.509899019034291],[-72.99091181604628,-13.509906426474274],[-72.99090424749961,-13.510810102840406],[-72.98998073547914,-13.510802694886799]]]}},{"type":"Feature","properties":{"Cell_ID":1566,"Area_ha":1.0,"LC":"5:0.042431,6:0.896726,9:0.060844","XMIN":717454.86160847,"YMIN":8505383.59738907,"XMAX":717554.86160847,"YMAX":8505483.59738907},"geometry":{"type":"Polygon","coordinates":[[[-72.9899731629051,-13.511706370670092],[-72.98998073547914,-13.510802694886799],[-72.99090424749961,-13.510810102840406],[-72.99089667839911,-13.51171377913733],[-72.9899731629051,-13.511706370670092]]]}},{"type":"Feature","properties":{"Cell_ID":1567,"Area_ha":1.0,"LC":"6:1.000000","XMIN":717454.86160847,"YMIN":8505283.59738907,"XMAX":717554.86160847,"YMAX":8505383.59738907},"geometry":{"type":"Polygon","coordinates":[[[-72.98996558977697,-13.512610046384165],[-72.9899731629051,-13.511706370670092],[-72.99089667839911,-13.51171377913733],[-72.99088910874478,-13.512617455365037],[-72.98996558977697,-13.512610046384165]]]}},{"type":"Feature","properties":{"Cell_ID":1568,"Area_ha":1.0,"LC":"5:0.000969,6:0.999031","XMIN":717454.86160847,"YMIN":8505183.59738907,"XMAX":717554.86160847,"YMAX":8505283.59738907},"geometry":{"type":"Polygon","coordinates":[[[-72.98995801609475,-13.51351372202902],[-72.98996558977697,-13.512610046384165],[-72.99088910874478,-13.512617455365037],[-72.99088153853661,-13.513521131523529],[-72.98995801609475,-13.51351372202902]]]}},{"type":"Feature","properties":{"Cell_ID":1569,"Area_ha":1.0,"LC":"6:1.000000","XMIN":717454.86160847,"YMIN":8505083.59738907,"XMAX":717554.86160847,"YMAX":8505183.59738907},"geometry":{"type":"Polygon","coordinates":[[[-72.98995044185838,-13.514417397604646],[-72.98995801609475,-13.51351372202902],[-72.99088153853661,-13.513521131523529],[-72.99087396777456,-13.514424807612796],[-72.98995044185838,-13.514417397604646]]]}},{"type":"Feature","properties":{"Cell_ID":1570,"Area_ha":1.0,"LC":"3:0.277021,6:0.722979","XMIN":717454.86160847,"YMIN":8504983.59738907,"XMAX":717554.86160847,"YMAX":8505083.59738907},"geometry":{"type":"Polygon","coordinates":[[[-72.98994286706791,-13.51532107311104],[-72.98995044185838,-13.514417397604646],[-72.99087396777456,-13.514424807612796],[-72.99086639645866,-13.515328483632837],[-72.98994286706791,-13.51532107311104]]]}},{"type":"Feature","properties":{"Cell_ID":1571,"Area_ha":1.0,"LC":"3:0.040071,5:0.457624,6:0.502305","XMIN":717454.86160847,"YMIN":8504883.59738907,"XMAX":717554.86160847,"YMAX":8504983.59738907},"geometry":{"type":"Polygon","coordinates":[[[-72.98993529172331,-13.516224748548199],[-72.98994286706791,-13.51532107311104],[-72.99086639645866,-13.515328483632837],[-72.99085882458886,-13.516232159583648],[-72.98993529172331,-13.516224748548199]]]}},{"type":"Feature","properties":{"Cell_ID":1572,"Area_ha":1.0,"LC":"5:0.383345,6:0.577217,13:0.039438","XMIN":717454.86160847,"YMIN":8504783.59738907,"XMAX":717554.86160847,"YMAX":8504883.59738907},"geometry":{"type":"Polygon","coordinates":[[[-72.98992771582456,-13.51712842391612],[-72.98993529172331,-13.516224748548199],[-72.99085882458886,-13.516232159583648],[-72.99085125216519,-13.517135835465218],[-72.98992771582456,-13.51712842391612]]]}},{"type":"Feature","properties":{"Cell_ID":1573,"Area_ha":1.0,"LC":"6:0.480071,13:0.519929","XMIN":717454.86160847,"YMIN":8504683.59738907,"XMAX":717554.86160847,"YMAX":8504783.59738907},"geometry":{"type":"Polygon","coordinates":[[[-72.98992013937165,-13.518032099214796],[-72.98992771582456,-13.51712842391612],[-72.99085125216519,-13.517135835465218],[-72.99084367918759,-13.518039511277554],[-72.98992013937165,-13.518032099214796]]]}},{"type":"Feature","properties":{"Cell_ID":1574,"Area_ha":1.0,"LC":"6:0.020773,13:0.979227","XMIN":717454.86160847,"YMIN":8504583.59738907,"XMAX":717554.86160847,"YMAX":8504683.59738907},"geometry":{"type":"Polygon","coordinates":[[[-72.98991256236458,-13.518935774444225],[-72.98992013937165,-13.518032099214796],[-72.99084367918759,-13.518039511277554],[-72.9908361056561,-13.518943187020644],[-72.98991256236458,-13.518935774444225]]]}},{"type":"Feature","properties":{"Cell_ID":1575,"Area_ha":1.0,"LC":"13:1.000000","XMIN":717454.86160847,"YMIN":8504483.59738907,"XMAX":717554.86160847,"YMAX":8504583.59738907},"geometry":{"type":"Polygon","coordinates":[[[-72.98990498480335,-13.519839449604401],[-72.98991256236458,-13.518935774444225],[-72.9908361056561,-13.518943187020644],[-72.9908285315707,-13.519846862694482],[-72.98990498480335,-13.519839449604401]]]}},{"type":"Feature","properties":{"Cell_ID":1576,"Area_ha":1.0,"LC":"13:1.000000","XMIN":717454.86160847,"YMIN":8504383.59738907,"XMAX":717554.86160847,"YMAX":8504483.59738907},"geometry":{"type":"Polygon","coordinates":[[[-72.98989740668793,-13.520743124695315],[-72.98990498480335,-13.519839449604401],[-72.9908285315707,-13.519846862694482],[-72.99082095693136,-13.520750538299067],[-72.98989740668793,-13.520743124695315]]]}},{"type":"Feature","properties":{"Cell_ID":1577,"Area_ha":1.0,"LC":"9:0.061166,13:0.938834","XMIN":717454.86160847,"YMIN":8504283.59738907,"XMAX":717554.86160847,"YMAX":8504383.59738907},"geometry":{"type":"Polygon","coordinates":[[[-72.9898898280183,-13.521646799716976],[-72.98989740668793,-13.520743124695315],[-72.99082095693136,-13.520750538299067],[-72.99081338173808,-13.521654213834399],[-72.9898898280183,-13.521646799716976]]]}},{"type":"Feature","properties":{"Cell_ID":1578,"Area_ha":1.0,"LC":"5:0.358468,6:0.059156,9:0.060773,13:0.521603","XMIN":717454.86160847,"YMIN":8504183.59738907,"XMAX":717554.86160847,"YMAX":8504283.59738907},"geometry":{"type":"Polygon","coordinates":[[[-72.98988224879449,-13.522550474669366],[-72.9898898280183,-13.521646799716976],[-72.99081338173808,-13.521654213834399],[-72.99080580599087,-13.522557889300465],[-72.98988224879449,-13.522550474669366]]]}},{"type":"Feature","properties":{"Cell_ID":1579,"Area_ha":1.0,"LC":"5:0.521939,6:0.477583,13:0.000478","XMIN":717454.86160847,"YMIN":8504083.59738907,"XMAX":717554.86160847,"YMAX":8504183.59738907},"geometry":{"type":"Polygon","coordinates":[[[-72.98987466901646,-13.52345414955249],[-72.98988224879449,-13.522550474669366],[-72.99080580599087,-13.522557889300465],[-72.99079822968967,-13.523461564697268],[-72.98987466901646,-13.52345414955249]]]}},{"type":"Feature","properties":{"Cell_ID":1580,"Area_ha":1.0,"LC":"5:0.159915,6:0.060352,9:0.778271,13:0.001461","XMIN":717454.86160847,"YMIN":8503983.59738907,"XMAX":717554.86160847,"YMAX":8504083.59738907},"geometry":{"type":"Polygon","coordinates":[[[-72.98986708868419,-13.524357824366335],[-72.98987466901646,-13.52345414955249],[-72.99079822968967,-13.523461564697268],[-72.99079065283452,-13.524365240024794],[-72.98986708868419,-13.524357824366335]]]}},{"type":"Feature","properties":{"Cell_ID":1581,"Area_ha":1.0,"LC":"5:0.502305,9:0.295756,13:0.201939","XMIN":717454.86160847,"YMIN":8503883.59738907,"XMAX":717554.86160847,"YMAX":8503983.59738907},"geometry":{"type":"Polygon","coordinates":[[[-72.9898595077977,-13.525261499110902],[-72.98986708868419,-13.524357824366335],[-72.99079065283452,-13.524365240024794],[-72.99078307542538,-13.52526891528305],[-72.9898595077977,-13.525261499110902]]]}},{"type":"Feature","properties":{"Cell_ID":1582,"Area_ha":1.0,"LC":"5:0.020281,9:0.979719","XMIN":717454.86160847,"YMIN":8503783.59738907,"XMAX":717554.86160847,"YMAX":8503883.59738907},"geometry":{"type":"Polygon","coordinates":[[[-72.98985192635698,-13.526165173786191],[-72.9898595077977,-13.525261499110902],[-72.99078307542538,-13.52526891528305],[-72.99077549746227,-13.526172590472028],[-72.98985192635698,-13.526165173786191]]]}},{"type":"Feature","properties":{"Cell_ID":1583,"Area_ha":1.0,"LC":"5:0.357499,9:0.642501","XMIN":717454.86160847,"YMIN":8503683.59738907,"XMAX":717554.86160847,"YMAX":8503783.59738907},"geometry":{"type":"Polygon","coordinates":[[[-72.98984434436198,-13.527068848392188],[-72.98985192635698,-13.526165173786191],[-72.99077549746227,-13.526172590472028],[-72.99076791894515,-13.527076265591722],[-72.98984434436198,-13.527068848392188]]]}},{"type":"Feature","properties":{"Cell_ID":1584,"Area_ha":1.0,"LC":"5:0.040562,9:0.959438","XMIN":717454.86160847,"YMIN":8503583.59738907,"XMAX":717554.86160847,"YMAX":8503683.59738907},"geometry":{"type":"Polygon","coordinates":[[[-72.98983676181274,-13.527972522928897],[-72.98984434436198,-13.527068848392188],[-72.99076791894515,-13.527076265591722],[-72.99076033987402,-13.527979940642124],[-72.98983676181274,-13.527972522928897]]]}},{"type":"Feature","properties":{"Cell_ID":1585,"Area_ha":1.0,"LC":"5:0.462472,9:0.537528","XMIN":717454.86160847,"YMIN":8503483.59738907,"XMAX":717554.86160847,"YMAX":8503583.59738907},"geometry":{"type":"Polygon","coordinates":[[[-72.98982917870923,-13.528876197396306],[-72.98983676181274,-13.527972522928897],[-72.99076033987402,-13.527979940642124],[-72.99075276024888,-13.528883615623238],[-72.98982917870923,-13.528876197396306]]]}},{"type":"Feature","properties":{"Cell_ID":1586,"Area_ha":1.0,"LC":"5:0.802979,6:0.197021","XMIN":717454.86160847,"YMIN":8503383.59738907,"XMAX":717554.86160847,"YMAX":8503483.59738907},"geometry":{"type":"Polygon","coordinates":[[[-72.98982159505142,-13.52977987179442],[-72.98982917870923,-13.528876197396306],[-72.99075276024888,-13.528883615623238],[-72.9907451800697,-13.529787290535054],[-72.98982159505142,-13.52977987179442]]]}},{"type":"Feature","properties":{"Cell_ID":1587,"Area_ha":1.0,"LC":"5:0.901658,6:0.040071,7:0.058271","XMIN":717454.86160847,"YMIN":8503283.59738907,"XMAX":717554.86160847,"YMAX":8503383.59738907},"geometry":{"type":"Polygon","coordinates":[[[-72.98981401083932,-13.530683546123226],[-72.98982159505142,-13.52977987179442],[-72.9907451800697,-13.529787290535054],[-72.99073759933647,-13.53069096537757],[-72.98981401083932,-13.530683546123226]]]}},{"type":"Feature","properties":{"Cell_ID":1588,"Area_ha":1.0,"LC":"5:0.384315,6:0.576655,7:0.039031","XMIN":717554.86160847,"YMIN":8505583.59738907,"XMAX":717654.86160847,"YMAX":8505683.59738907},"geometry":{"type":"Polygon","coordinates":[[[-72.98906479950598,-13.509891608195506],[-72.98907237444489,-13.50898793278765],[-72.98999587896498,-13.508995343112577],[-72.9899883074991,-13.509899019034291],[-72.98906479950598,-13.509891608195506]]]}},{"type":"Feature","properties":{"Cell_ID":1589,"Area_ha":1.0,"LC":"5:0.377302,6:0.622698","XMIN":717554.86160847,"YMIN":8505483.59738907,"XMAX":717654.86160847,"YMAX":8505583.59738907},"geometry":{"type":"Polygon","coordinates":[[[-72.98905722401275,-13.51079528353415],[-72.98906479950598,-13.509891608195506],[-72.9899883074991,-13.509899019034291],[-72.98998073547914,-13.510802694886799],[-72.98905722401275,-13.51079528353415]]]}},{"type":"Feature","properties":{"Cell_ID":1590,"Area_ha":1.0,"LC":"5:0.517485,6:0.482515","XMIN":717554.86160847,"YMIN":8505383.59738907,"XMAX":717654.86160847,"YMAX":8505483.59738907},"geometry":{"type":"Polygon","coordinates":[[[-72.98904964796517,-13.511698958803578],[-72.98905722401275,-13.51079528353415],[-72.98998073547914,-13.510802694886799],[-72.9899731629051,-13.511706370670092],[-72.98904964796517,-13.511698958803578]]]}},{"type":"Feature","properties":{"Cell_ID":1591,"Area_ha":1.0,"LC":"5:0.185691,6:0.814309","XMIN":717554.86160847,"YMIN":8505283.59738907,"XMAX":717654.86160847,"YMAX":8505383.59738907},"geometry":{"type":"Polygon","coordinates":[[[-72.98904207136326,-13.51260263400378],[-72.98904964796517,-13.511698958803578],[-72.9899731629051,-13.511706370670092],[-72.98996558977697,-13.512610046384165],[-72.98904207136326,-13.51260263400378]]]}},{"type":"Feature","properties":{"Cell_ID":1592,"Area_ha":1.0,"LC":"5:0.543034,6:0.456966","XMIN":717554.86160847,"YMIN":8505183.59738907,"XMAX":717654.86160847,"YMAX":8505283.59738907},"geometry":{"type":"Polygon","coordinates":[[[-72.98903449420698,-13.51350630913476],[-72.98904207136326,-13.51260263400378],[-72.98996558977697,-13.512610046384165],[-72.98995801609475,-13.51351372202902],[-72.98903449420698,-13.51350630913476]]]}},{"type":"Feature","properties":{"Cell_ID":1593,"Area_ha":1.0,"LC":"5:0.384244,6:0.615756","XMIN":717554.86160847,"YMIN":8505083.59738907,"XMAX":717654.86160847,"YMAX":8505183.59738907},"geometry":{"type":"Polygon","coordinates":[[[-72.98902691649633,-13.514409984196506],[-72.98903449420698,-13.51350630913476],[-72.98995801609475,-13.51351372202902],[-72.98995044185838,-13.514417397604646],[-72.98902691649633,-13.514409984196506]]]}},{"type":"Feature","properties":{"Cell_ID":1594,"Area_ha":1.0,"LC":"3:0.203386,6:0.796614","XMIN":717554.86160847,"YMIN":8504983.59738907,"XMAX":717654.86160847,"YMAX":8505083.59738907},"geometry":{"type":"Polygon","coordinates":[[[-72.9890193382313,-13.515313659189022],[-72.98902691649633,-13.514409984196506],[-72.98995044185838,-13.514417397604646],[-72.98994286706791,-13.51532107311104],[-72.9890193382313,-13.515313659189022]]]}},{"type":"Feature","properties":{"Cell_ID":1595,"Area_ha":1.0,"LC":"3:0.000492,5:0.217709,6:0.781799","XMIN":717554.86160847,"YMIN":8504883.59738907,"XMAX":717654.86160847,"YMAX":8504983.59738907},"geometry":{"type":"Polygon","coordinates":[[[-72.9890117594119,-13.516217334112296],[-72.9890193382313,-13.515313659189022],[-72.98994286706791,-13.51532107311104],[-72.98993529172331,-13.516224748548199],[-72.9890117594119,-13.516217334112296]]]}},{"type":"Feature","properties":{"Cell_ID":1596,"Area_ha":1.0,"LC":"5:0.738329,6:0.222234,13:0.039438","XMIN":717554.86160847,"YMIN":8504783.59738907,"XMAX":717654.86160847,"YMAX":8504883.59738907},"geometry":{"type":"Polygon","coordinates":[[[-72.9890041800381,-13.517121008966326],[-72.9890117594119,-13.516217334112296],[-72.98993529172331,-13.516224748548199],[-72.98992771582456,-13.51712842391612],[-72.9890041800381,-13.517121008966326]]]}},{"type":"Feature","properties":{"Cell_ID":1597,"Area_ha":1.0,"LC":"5:0.041054,6:0.238061,13:0.720885","XMIN":717554.86160847,"YMIN":8504683.59738907,"XMAX":717654.86160847,"YMAX":8504783.59738907},"geometry":{"type":"Polygon","coordinates":[[[-72.98899660010987,-13.51802468375111],[-72.9890041800381,-13.517121008966326],[-72.98992771582456,-13.51712842391612],[-72.98992013937165,-13.518032099214796],[-72.98899660010987,-13.51802468375111]]]}},{"type":"Feature","properties":{"Cell_ID":1598,"Area_ha":1.0,"LC":"6:0.019790,13:0.980210","XMIN":717554.86160847,"YMIN":8504583.59738907,"XMAX":717654.86160847,"YMAX":8504683.59738907},"geometry":{"type":"Polygon","coordinates":[[[-72.98898901962724,-13.518928358466644],[-72.98899660010987,-13.51802468375111],[-72.98992013937165,-13.518032099214796],[-72.98991256236458,-13.518935774444225],[-72.98898901962724,-13.518928358466644]]]}},{"type":"Feature","properties":{"Cell_ID":1599,"Area_ha":1.0,"LC":"13:1.000000","XMIN":717554.86160847,"YMIN":8504483.59738907,"XMAX":717654.86160847,"YMAX":8504583.59738907},"geometry":{"type":"Polygon","coordinates":[[[-72.98898143859017,-13.51983203311292],[-72.98898901962724,-13.518928358466644],[-72.98991256236458,-13.518935774444225],[-72.98990498480335,-13.519839449604401],[-72.98898143859017,-13.51983203311292]]]}},{"type":"Feature","properties":{"Cell_ID":1600,"Area_ha":1.0,"LC":"13:1.000000","XMIN":717554.86160847,"YMIN":8504383.59738907,"XMAX":717654.86160847,"YMAX":8504483.59738907},"geometry":{"type":"Polygon","coordinates":[[[-72.98897385699868,-13.520735707689933],[-72.98898143859017,-13.51983203311292],[-72.98990498480335,-13.519839449604401],[-72.98989740668793,-13.520743124695315],[-72.98897385699868,-13.520735707689933]]]}},{"type":"Feature","properties":{"Cell_ID":1601,"Area_ha":1.0,"LC":"9:0.437428,13:0.562572","XMIN":717554.86160847,"YMIN":8504283.59738907,"XMAX":717654.86160847,"YMAX":8504383.59738907},"geometry":{"type":"Polygon","coordinates":[[[-72.98896627485273,-13.521639382197685],[-72.98897385699868,-13.520735707689933],[-72.98989740668793,-13.520743124695315],[-72.9898898280183,-13.521646799716976],[-72.98896627485273,-13.521639382197685]]]}},{"type":"Feature","properties":{"Cell_ID":1602,"Area_ha":1.0,"LC":"5:0.200000,6:0.098594,9:0.240633,13:0.460773","XMIN":717554.86160847,"YMIN":8504183.59738907,"XMAX":717654.86160847,"YMAX":8504283.59738907},"geometry":{"type":"Polygon","coordinates":[[[-72.98895869215232,-13.522543056636163],[-72.98896627485273,-13.521639382197685],[-72.9898898280183,-13.521646799716976],[-72.98988224879449,-13.522550474669366],[-72.98895869215232,-13.522543056636163]]]}},{"type":"Feature","properties":{"Cell_ID":1603,"Area_ha":1.0,"LC":"5:0.240000,6:0.501406,13:0.258594","XMIN":717554.86160847,"YMIN":8504083.59738907,"XMAX":717654.86160847,"YMAX":8504183.59738907},"geometry":{"type":"Polygon","coordinates":[[[-72.98895110889745,-13.523446731005372],[-72.98895869215232,-13.522543056636163],[-72.98988224879449,-13.522550474669366],[-72.98987466901646,-13.52345414955249],[-72.98895110889745,-13.523446731005372]]]}},{"type":"Feature","properties":{"Cell_ID":1604,"Area_ha":1.0,"LC":"5:0.019241,9:0.160000,13:0.820759","XMIN":717554.86160847,"YMIN":8503983.59738907,"XMAX":717654.86160847,"YMAX":8504083.59738907},"geometry":{"type":"Polygon","coordinates":[[[-72.9889435250881,-13.524350405305299],[-72.98895110889745,-13.523446731005372],[-72.98987466901646,-13.52345414955249],[-72.98986708868419,-13.524357824366335],[-72.9889435250881,-13.524350405305299]]]}},{"type":"Feature","properties":{"Cell_ID":1605,"Area_ha":1.0,"LC":"5:0.098820,9:0.077990,13:0.603555,16:0.219634","XMIN":717554.86160847,"YMIN":8503883.59738907,"XMAX":717654.86160847,"YMAX":8503983.59738907},"geometry":{"type":"Polygon","coordinates":[[[-72.98893594072426,-13.525254079535944],[-72.9889435250881,-13.524350405305299],[-72.98986708868419,-13.524357824366335],[-72.9898595077977,-13.525261499110902],[-72.98893594072426,-13.525254079535944]]]}},{"type":"Feature","properties":{"Cell_ID":1606,"Area_ha":1.0,"LC":"9:0.835560,13:0.020197,16:0.144244","XMIN":717554.86160847,"YMIN":8503783.59738907,"XMAX":717654.86160847,"YMAX":8503883.59738907},"geometry":{"type":"Polygon","coordinates":[[[-72.98892835580592,-13.526157753697307],[-72.98893594072426,-13.525254079535944],[-72.9898595077977,-13.525261499110902],[-72.98985192635698,-13.526165173786191],[-72.98892835580592,-13.526157753697307]]]}},{"type":"Feature","properties":{"Cell_ID":1607,"Area_ha":1.0,"LC":"9:0.938258,13:0.061742","XMIN":717554.86160847,"YMIN":8503683.59738907,"XMAX":717654.86160847,"YMAX":8503783.59738907},"geometry":{"type":"Polygon","coordinates":[[[-72.9889207703331,-13.527061427789375],[-72.98892835580592,-13.526157753697307],[-72.98985192635698,-13.526165173786191],[-72.98984434436198,-13.527068848392188],[-72.9889207703331,-13.527061427789375]]]}},{"type":"Feature","properties":{"Cell_ID":1608,"Area_ha":1.0,"LC":"5:0.239845,9:0.759677,14:0.000478","XMIN":717554.86160847,"YMIN":8503583.59738907,"XMAX":717654.86160847,"YMAX":8503683.59738907},"geometry":{"type":"Polygon","coordinates":[[[-72.98891318430573,-13.52796510181215],[-72.9889207703331,-13.527061427789375],[-72.98984434436198,-13.527068848392188],[-72.98983676181274,-13.527972522928897],[-72.98891318430573,-13.52796510181215]]]}},{"type":"Feature","properties":{"Cell_ID":1609,"Area_ha":1.0,"LC":"5:0.716122,9:0.019790,14:0.264088","XMIN":717554.86160847,"YMIN":8503483.59738907,"XMAX":717654.86160847,"YMAX":8503583.59738907},"geometry":{"type":"Polygon","coordinates":[[[-72.98890559772386,-13.528868775765623],[-72.98891318430573,-13.52796510181215],[-72.98983676181274,-13.527972522928897],[-72.98982917870923,-13.528876197396306],[-72.98890559772386,-13.528868775765623]]]}},{"type":"Feature","properties":{"Cell_ID":1610,"Area_ha":1.0,"LC":"5:0.877583,9:0.020197,14:0.102220","XMIN":717554.86160847,"YMIN":8503383.59738907,"XMAX":717654.86160847,"YMAX":8503483.59738907},"geometry":{"type":"Polygon","coordinates":[[[-72.98889801058742,-13.529772449649792],[-72.98890559772386,-13.528868775765623],[-72.98982917870923,-13.528876197396306],[-72.98982159505142,-13.52977987179442],[-72.98889801058742,-13.529772449649792]]]}},{"type":"Feature","properties":{"Cell_ID":1611,"Area_ha":1.0,"LC":"5:0.742376,6:0.257624","XMIN":717654.86160847,"YMIN":8505583.59738907,"XMAX":717754.86160847,"YMAX":8505683.59738907},"geometry":{"type":"Polygon","coordinates":[[[-72.98814129206721,-13.509884193957927],[-72.98814887047914,-13.508980519064165],[-72.98907237444489,-13.50898793278765],[-72.98906479950598,-13.509891608195506],[-72.98814129206721,-13.509884193957927]]]}},{"type":"Feature","properties":{"Cell_ID":1612,"Area_ha":1.0,"LC":"6:0.758061,7:0.241939","XMIN":717654.86160847,"YMIN":8505483.59738907,"XMAX":717754.86160847,"YMAX":8505583.59738907},"geometry":{"type":"Polygon","coordinates":[[[-72.9881337131007,-13.51078786878247],[-72.98814129206721,-13.509884193957927],[-72.98906479950598,-13.509891608195506],[-72.98905722401275,-13.51079528353415],[-72.9881337131007,-13.51078786878247]]]}},{"type":"Feature","properties":{"Cell_ID":1613,"Area_ha":1.0,"LC":"5:0.682753,6:0.317247","XMIN":717654.86160847,"YMIN":8505383.59738907,"XMAX":717754.86160847,"YMAX":8505483.59738907},"geometry":{"type":"Polygon","coordinates":[[[-72.9881261335796,-13.511691543537795],[-72.9881337131007,-13.51078786878247],[-72.98905722401275,-13.51079528353415],[-72.98904964796517,-13.511698958803578],[-72.9881261335796,-13.511691543537795]]]}},{"type":"Feature","properties":{"Cell_ID":1614,"Area_ha":1.0,"LC":"5:0.979719,6:0.020281","XMIN":717654.86160847,"YMIN":8505283.59738907,"XMAX":717754.86160847,"YMAX":8505383.59738907},"geometry":{"type":"Polygon","coordinates":[[[-72.98811855350391,-13.512595218223893],[-72.9881261335796,-13.511691543537795],[-72.98904964796517,-13.511698958803578],[-72.98904207136326,-13.51260263400378],[-72.98811855350391,-13.512595218223893]]]}},{"type":"Feature","properties":{"Cell_ID":1615,"Area_ha":1.0,"LC":"5:0.999031,7:0.000969","XMIN":717654.86160847,"YMIN":8505183.59738907,"XMAX":717754.86160847,"YMAX":8505283.59738907},"geometry":{"type":"Polygon","coordinates":[[[-72.9881109728736,-13.51349889284076],[-72.98811855350391,-13.512595218223893],[-72.98904207136326,-13.51260263400378],[-72.98903449420698,-13.51350630913476],[-72.9881109728736,-13.51349889284076]]]}},{"type":"Feature","properties":{"Cell_ID":1616,"Area_ha":1.0,"LC":"5:0.822291,6:0.177709","XMIN":717654.86160847,"YMIN":8505083.59738907,"XMAX":717754.86160847,"YMAX":8505183.59738907},"geometry":{"type":"Polygon","coordinates":[[[-72.98810339168867,-13.514402567388396],[-72.9881109728736,-13.51349889284076],[-72.98903449420698,-13.51350630913476],[-72.98902691649633,-13.514409984196506],[-72.98810339168867,-13.514402567388396]]]}},{"type":"Feature","properties":{"Cell_ID":1617,"Area_ha":1.0,"LC":"3:0.335208,5:0.122993,6:0.541799","XMIN":717654.86160847,"YMIN":8504983.59738907,"XMAX":717754.86160847,"YMAX":8505083.59738907},"geometry":{"type":"Polygon","coordinates":[[[-72.98809580994909,-13.515306241866794],[-72.98810339168867,-13.514402567388396],[-72.98902691649633,-13.514409984196506],[-72.9890193382313,-13.515313659189022],[-72.98809580994909,-13.515306241866794]]]}},{"type":"Feature","properties":{"Cell_ID":1618,"Area_ha":1.0,"LC":"3:0.303823,5:0.019719,6:0.676458","XMIN":717654.86160847,"YMIN":8504883.59738907,"XMAX":717754.86160847,"YMAX":8504983.59738907},"geometry":{"type":"Polygon","coordinates":[[[-72.98808822765488,-13.51620991627595],[-72.98809580994909,-13.515306241866794],[-72.9890193382313,-13.515313659189022],[-72.9890117594119,-13.516217334112296],[-72.98808822765488,-13.51620991627595]]]}},{"type":"Feature","properties":{"Cell_ID":1619,"Area_ha":1.0,"LC":"5:0.258271,6:0.741729","XMIN":717654.86160847,"YMIN":8504783.59738907,"XMAX":717754.86160847,"YMAX":8504883.59738907},"geometry":{"type":"Polygon","coordinates":[[[-72.98808064480603,-13.517113590615851],[-72.98808822765488,-13.51620991627595],[-72.9890117594119,-13.516217334112296],[-72.9890041800381,-13.517121008966326],[-72.98808064480603,-13.517113590615851]]]}},{"type":"Feature","properties":{"Cell_ID":1620,"Area_ha":1.0,"LC":"5:0.121040,6:0.182305,13:0.696655","XMIN":717654.86160847,"YMIN":8504683.59738907,"XMAX":717754.86160847,"YMAX":8504783.59738907},"geometry":{"type":"Polygon","coordinates":[[[-72.9880730614025,-13.51801726488651],[-72.98808064480603,-13.517113590615851],[-72.9890041800381,-13.517121008966326],[-72.98899660010987,-13.51802468375111],[-72.9880730614025,-13.51801726488651]]]}},{"type":"Feature","properties":{"Cell_ID":1621,"Area_ha":1.0,"LC":"9:0.039915,13:0.960085","XMIN":717654.86160847,"YMIN":8504583.59738907,"XMAX":717754.86160847,"YMAX":8504683.59738907},"geometry":{"type":"Polygon","coordinates":[[[-72.98806547744432,-13.51892093908791],[-72.9880730614025,-13.51801726488651],[-72.98899660010987,-13.51802468375111],[-72.98898901962724,-13.518928358466644],[-72.98806547744432,-13.51892093908791]]]}},{"type":"Feature","properties":{"Cell_ID":1622,"Area_ha":1.0,"LC":"9:0.082993,13:0.917007","XMIN":717654.86160847,"YMIN":8504483.59738907,"XMAX":717754.86160847,"YMAX":8504583.59738907},"geometry":{"type":"Polygon","coordinates":[[[-72.98805789293144,-13.51982461322005],[-72.98806547744432,-13.51892093908791],[-72.98898901962724,-13.518928358466644],[-72.98898143859017,-13.51983203311292],[-72.98805789293144,-13.51982461322005]]]}},{"type":"Feature","properties":{"Cell_ID":1623,"Area_ha":1.0,"LC":"13:1.000000","XMIN":717654.86160847,"YMIN":8504383.59738907,"XMAX":717754.86160847,"YMAX":8504483.59738907},"geometry":{"type":"Polygon","coordinates":[[[-72.98805030786387,-13.520728287282925],[-72.98805789293144,-13.51982461322005],[-72.98898143859017,-13.51983203311292],[-72.98897385699868,-13.520735707689933],[-72.98805030786387,-13.520728287282925]]]}},{"type":"Feature","properties":{"Cell_ID":1624,"Area_ha":1.0,"LC":"13:0.959031,14:0.040969","XMIN":717654.86160847,"YMIN":8504283.59738907,"XMAX":717754.86160847,"YMAX":8504383.59738907},"geometry":{"type":"Polygon","coordinates":[[[-72.98804272224162,-13.521631961276531],[-72.98805030786387,-13.520728287282925],[-72.98897385699868,-13.520735707689933],[-72.98896627485273,-13.521639382197685],[-72.98804272224162,-13.521631961276531]]]}},{"type":"Feature","properties":{"Cell_ID":1625,"Area_ha":1.0,"LC":"5:0.279353,6:0.019241,13:0.701406","XMIN":717654.86160847,"YMIN":8504183.59738907,"XMAX":717754.86160847,"YMAX":8504283.59738907},"geometry":{"type":"Polygon","coordinates":[[[-72.98803513606462,-13.522535635200866],[-72.98804272224162,-13.521631961276531],[-72.98896627485273,-13.521639382197685],[-72.98895869215232,-13.522543056636163],[-72.98803513606462,-13.522535635200866]]]}},{"type":"Feature","properties":{"Cell_ID":1626,"Area_ha":1.0,"LC":"5:0.500844,6:0.097851,7:0.121939,9:0.260126,13:0.019241","XMIN":717654.86160847,"YMIN":8504083.59738907,"XMAX":717754.86160847,"YMAX":8504183.59738907},"geometry":{"type":"Polygon","coordinates":[[[-72.98802754933293,-13.523439309055924],[-72.98803513606462,-13.522535635200866],[-72.98895869215232,-13.522543056636163],[-72.98895110889745,-13.523446731005372],[-72.98802754933293,-13.523439309055924]]]}},{"type":"Feature","properties":{"Cell_ID":1627,"Area_ha":1.0,"LC":"5:0.342712,9:0.539790,13:0.117499","XMIN":717654.86160847,"YMIN":8503983.59738907,"XMAX":717754.86160847,"YMAX":8504083.59738907},"geometry":{"type":"Polygon","coordinates":[[[-72.98801996204651,-13.524342982841697],[-72.98802754933293,-13.523439309055924],[-72.98895110889745,-13.523446731005372],[-72.9889435250881,-13.524350405305299],[-72.98801996204651,-13.524342982841697]]]}},{"type":"Feature","properties":{"Cell_ID":1628,"Area_ha":1.0,"LC":"9:0.122993,13:0.818329,16:0.058678","XMIN":717654.86160847,"YMIN":8503883.59738907,"XMAX":717754.86160847,"YMAX":8503983.59738907},"geometry":{"type":"Polygon","coordinates":[[[-72.98801237420533,-13.525246656558185],[-72.98801996204651,-13.524342982841697],[-72.9889435250881,-13.524350405305299],[-72.98893594072426,-13.525254079535944],[-72.98801237420533,-13.525246656558185]]]}},{"type":"Feature","properties":{"Cell_ID":1629,"Area_ha":1.0,"LC":"9:0.039031,13:0.383526,16:0.577444","XMIN":717654.86160847,"YMIN":8503783.59738907,"XMAX":717754.86160847,"YMAX":8503883.59738907},"geometry":{"type":"Polygon","coordinates":[[[-72.9880047858094,-13.52615033020538],[-72.98801237420533,-13.525246656558185],[-72.98893594072426,-13.525254079535944],[-72.98892835580592,-13.526157753697307],[-72.9880047858094,-13.52615033020538]]]}},{"type":"Feature","properties":{"Cell_ID":1630,"Area_ha":1.0,"LC":"9:0.576655,13:0.423345","XMIN":717654.86160847,"YMIN":8503683.59738907,"XMAX":717754.86160847,"YMAX":8503783.59738907},"geometry":{"type":"Polygon","coordinates":[[[-72.98799719685871,-13.527054003783288],[-72.9880047858094,-13.52615033020538],[-72.98892835580592,-13.526157753697307],[-72.9889207703331,-13.527061427789375],[-72.98799719685871,-13.527054003783288]]]}},{"type":"Feature","properties":{"Cell_ID":1631,"Area_ha":1.0,"LC":"5:0.039031,9:0.922010,14:0.038960","XMIN":717654.86160847,"YMIN":8503583.59738907,"XMAX":717754.86160847,"YMAX":8503683.59738907},"geometry":{"type":"Polygon","coordinates":[[[-72.98798960735326,-13.527957677291893],[-72.98799719685871,-13.527054003783288],[-72.9889207703331,-13.527061427789375],[-72.98891318430573,-13.52796510181215],[-72.98798960735326,-13.527957677291893]]]}},{"type":"Feature","properties":{"Cell_ID":1632,"Area_ha":1.0,"LC":"5:0.198397,9:0.302305,13:0.143105,14:0.356193","XMIN":717654.86160847,"YMIN":8503483.59738907,"XMAX":717754.86160847,"YMAX":8503583.59738907},"geometry":{"type":"Polygon","coordinates":[[[-72.98798201729302,-13.528861350731194],[-72.98798960735326,-13.527957677291893],[-72.98891318430573,-13.52796510181215],[-72.98890559772386,-13.528868775765623],[-72.98798201729302,-13.528861350731194]]]}},{"type":"Feature","properties":{"Cell_ID":1633,"Area_ha":1.0,"LC":"5:0.960549,6:0.039451","XMIN":717754.86160847,"YMIN":8505583.59738907,"XMAX":717854.86160847,"YMAX":8505683.59738907},"geometry":{"type":"Polygon","coordinates":[[[-72.98721778518302,-13.50987677632156],[-72.98722536706794,-13.508973101942123],[-72.98814887047914,-13.508980519064165],[-72.98814129206721,-13.509884193957927],[-72.98721778518302,-13.50987677632156]]]}},{"type":"Feature","properties":{"Cell_ID":1634,"Area_ha":1.0,"LC":"5:0.182305,6:0.296726,7:0.520969","XMIN":717754.86160847,"YMIN":8505483.59738907,"XMAX":717854.86160847,"YMAX":8505583.59738907},"geometry":{"type":"Polygon","coordinates":[[[-72.98721020274324,-13.510780450631767],[-72.98721778518302,-13.50987677632156],[-72.98814129206721,-13.509884193957927],[-72.9881337131007,-13.51078786878247],[-72.98721020274324,-13.510780450631767]]]}},{"type":"Feature","properties":{"Cell_ID":1635,"Area_ha":1.0,"LC":"5:0.777624,6:0.222376","XMIN":717754.86160847,"YMIN":8505383.59738907,"XMAX":717854.86160847,"YMAX":8505483.59738907},"geometry":{"type":"Polygon","coordinates":[[[-72.98720261974863,-13.511684124872755],[-72.98721020274324,-13.510780450631767],[-72.9881337131007,-13.51078786878247],[-72.9881261335796,-13.511691543537795],[-72.98720261974863,-13.511684124872755]]]}},{"type":"Feature","properties":{"Cell_ID":1636,"Area_ha":1.0,"LC":"5:1.000000","XMIN":717754.86160847,"YMIN":8505283.59738907,"XMAX":717854.86160847,"YMAX":8505383.59738907},"geometry":{"type":"Polygon","coordinates":[[[-72.98719503619915,-13.512587799044509],[-72.98720261974863,-13.511684124872755],[-72.9881261335796,-13.511691543537795],[-72.98811855350391,-13.512595218223893],[-72.98719503619915,-13.512587799044509]]]}},{"type":"Feature","properties":{"Cell_ID":1637,"Area_ha":1.0,"LC":"5:0.680000,7:0.320000","XMIN":717754.86160847,"YMIN":8505183.59738907,"XMAX":717854.86160847,"YMAX":8505283.59738907},"geometry":{"type":"Polygon","coordinates":[[[-72.98718745209483,-13.513491473147035],[-72.98719503619915,-13.512587799044509],[-72.98811855350391,-13.512595218223893],[-72.9881109728736,-13.51349889284076],[-72.98718745209483,-13.513491473147035]]]}},{"type":"Feature","properties":{"Cell_ID":1638,"Area_ha":1.0,"LC":"5:1.000000","XMIN":717754.86160847,"YMIN":8505083.59738907,"XMAX":717854.86160847,"YMAX":8505183.59738907},"geometry":{"type":"Polygon","coordinates":[[[-72.98717986743561,-13.51439514718032],[-72.98718745209483,-13.513491473147035],[-72.9881109728736,-13.51349889284076],[-72.98810339168867,-13.514402567388396],[-72.98717986743561,-13.51439514718032]]]}},{"type":"Feature","properties":{"Cell_ID":1639,"Area_ha":1.0,"LC":"5:0.743823,6:0.256177","XMIN":717754.86160847,"YMIN":8504983.59738907,"XMAX":717854.86160847,"YMAX":8505083.59738907},"geometry":{"type":"Polygon","coordinates":[[[-72.98717228222152,-13.515298821144366],[-72.98717986743561,-13.51439514718032],[-72.98810339168867,-13.514402567388396],[-72.98809580994909,-13.515306241866794],[-72.98717228222152,-13.515298821144366]]]}},{"type":"Feature","properties":{"Cell_ID":1640,"Area_ha":1.0,"LC":"3:0.197092,5:0.000492,6:0.799031,14:0.003386","XMIN":717754.86160847,"YMIN":8504883.59738907,"XMAX":717854.86160847,"YMAX":8504983.59738907},"geometry":{"type":"Polygon","coordinates":[[[-72.98716469645252,-13.516202495039163],[-72.98717228222152,-13.515298821144366],[-72.98809580994909,-13.515306241866794],[-72.98808822765488,-13.51620991627595],[-72.98716469645252,-13.516202495039163]]]}},{"type":"Feature","properties":{"Cell_ID":1641,"Area_ha":1.0,"LC":"5:0.439031,6:0.556122,14:0.004847","XMIN":717754.86160847,"YMIN":8504783.59738907,"XMAX":717854.86160847,"YMAX":8504883.59738907},"geometry":{"type":"Polygon","coordinates":[[[-72.98715711012862,-13.517106168864707],[-72.98716469645252,-13.516202495039163],[-72.98808822765488,-13.51620991627595],[-72.98808064480603,-13.517113590615851],[-72.98715711012862,-13.517106168864707]]]}},{"type":"Feature","properties":{"Cell_ID":1642,"Area_ha":1.0,"LC":"5:0.359915,6:0.342853,9:0.099719,13:0.197021,14:0.000492","XMIN":717754.86160847,"YMIN":8504683.59738907,"XMAX":717854.86160847,"YMAX":8504783.59738907},"geometry":{"type":"Polygon","coordinates":[[[-72.98714952324981,-13.518009842621002],[-72.98715711012862,-13.517106168864707],[-72.98808064480603,-13.517113590615851],[-72.9880730614025,-13.51801726488651],[-72.98714952324981,-13.518009842621002]]]}},{"type":"Feature","properties":{"Cell_ID":1643,"Area_ha":1.0,"LC":"5:0.402908,6:0.001939,9:0.238960,13:0.356193","XMIN":717754.86160847,"YMIN":8504583.59738907,"XMAX":717854.86160847,"YMAX":8504683.59738907},"geometry":{"type":"Polygon","coordinates":[[[-72.98714193581607,-13.518913516308034],[-72.98714952324981,-13.518009842621002],[-72.9880730614025,-13.51801726488651],[-72.98806547744432,-13.51892093908791],[-72.98714193581607,-13.518913516308034]]]}},{"type":"Feature","properties":{"Cell_ID":1644,"Area_ha":1.0,"LC":"5:0.122023,9:0.621799,13:0.256177","XMIN":717754.86160847,"YMIN":8504483.59738907,"XMAX":717854.86160847,"YMAX":8504583.59738907},"geometry":{"type":"Polygon","coordinates":[[[-72.98713434782739,-13.5198171899258],[-72.98714193581607,-13.518913516308034],[-72.98806547744432,-13.51892093908791],[-72.98805789293144,-13.51982461322005],[-72.98713434782739,-13.5198171899258]]]}},{"type":"Feature","properties":{"Cell_ID":1645,"Area_ha":1.0,"LC":"9:0.001461,13:0.998539","XMIN":717754.86160847,"YMIN":8504383.59738907,"XMAX":717854.86160847,"YMAX":8504483.59738907},"geometry":{"type":"Polygon","coordinates":[[[-72.98712675928378,-13.5207208634743],[-72.98713434782739,-13.5198171899258],[-72.98805789293144,-13.51982461322005],[-72.98805030786387,-13.520728287282925],[-72.98712675928378,-13.5207208634743]]]}},{"type":"Feature","properties":{"Cell_ID":1646,"Area_ha":1.0,"LC":"9:0.184075,13:0.577457,14:0.238468","XMIN":717754.86160847,"YMIN":8504283.59738907,"XMAX":717854.86160847,"YMAX":8504383.59738907},"geometry":{"type":"Polygon","coordinates":[[[-72.9871191701852,-13.52162453695353],[-72.98712675928378,-13.5207208634743],[-72.98805030786387,-13.520728287282925],[-72.98804272224162,-13.521631961276531],[-72.9871191701852,-13.52162453695353]]]}},{"type":"Feature","properties":{"Cell_ID":1647,"Area_ha":1.0,"LC":"5:0.357428,7:0.020197,9:0.020773,13:0.238132,14:0.361532,18:0.001939","XMIN":717754.86160847,"YMIN":8504183.59738907,"XMAX":717854.86160847,"YMAX":8504283.59738907},"geometry":{"type":"Polygon","coordinates":[[[-72.98711158053165,-13.522528210363483],[-72.9871191701852,-13.52162453695353],[-72.98804272224162,-13.521631961276531],[-72.98803513606462,-13.522535635200866],[-72.98711158053165,-13.522528210363483]]]}},{"type":"Feature","properties":{"Cell_ID":1648,"Area_ha":1.0,"LC":"5:0.178905,7:0.540773,9:0.280323","XMIN":717754.86160847,"YMIN":8504083.59738907,"XMAX":717854.86160847,"YMAX":8504183.59738907},"geometry":{"type":"Polygon","coordinates":[[[-72.98710399032313,-13.523431883704152],[-72.98711158053165,-13.522528210363483],[-72.98803513606462,-13.522535635200866],[-72.98802754933293,-13.523439309055924],[-72.98710399032313,-13.523431883704152]]]}},{"type":"Feature","properties":{"Cell_ID":1649,"Area_ha":1.0,"LC":"5:0.217851,9:0.499325,13:0.282824","XMIN":717754.86160847,"YMIN":8503983.59738907,"XMAX":717854.86160847,"YMAX":8504083.59738907},"geometry":{"type":"Polygon","coordinates":[[[-72.98709639955963,-13.524335556975537],[-72.98710399032313,-13.523431883704152],[-72.98802754933293,-13.523439309055924],[-72.98801996204651,-13.524342982841697],[-72.98709639955963,-13.524335556975537]]]}},{"type":"Feature","properties":{"Cell_ID":1650,"Area_ha":1.0,"LC":"7:0.000478,9:0.138413,13:0.861109","XMIN":717754.86160847,"YMIN":8503883.59738907,"XMAX":717854.86160847,"YMAX":8503983.59738907},"geometry":{"type":"Polygon","coordinates":[[[-72.98708880824113,-13.52523923017763],[-72.98709639955963,-13.524335556975537],[-72.98801996204651,-13.524342982841697],[-72.98801237420533,-13.525246656558185],[-72.98708880824113,-13.52523923017763]]]}},{"type":"Feature","properties":{"Cell_ID":1651,"Area_ha":1.0,"LC":"5:0.120562,6:0.402908,7:0.476529","XMIN":717854.86160847,"YMIN":8505483.59738907,"XMAX":717954.86160847,"YMAX":8505583.59738907},"geometry":{"type":"Polygon","coordinates":[[[-72.98628669294062,-13.510773029082053],[-72.98629427885365,-13.509869355286414],[-72.98721778518302,-13.50987677632156],[-72.98721020274324,-13.510780450631767],[-72.98628669294062,-13.510773029082053]]]}},{"type":"Feature","properties":{"Cell_ID":1652,"Area_ha":1.0,"LC":"5:0.615685,6:0.282501,7:0.101813","XMIN":717854.86160847,"YMIN":8505383.59738907,"XMAX":717954.86160847,"YMAX":8505483.59738907},"geometry":{"type":"Polygon","coordinates":[[[-72.98627910647251,-13.511676702808463],[-72.98628669294062,-13.510773029082053],[-72.98721020274324,-13.510780450631767],[-72.98720261974863,-13.511684124872755],[-72.98627910647251,-13.511676702808463]]]}},{"type":"Feature","properties":{"Cell_ID":1653,"Area_ha":1.0,"LC":"5:1.000000","XMIN":717854.86160847,"YMIN":8505283.59738907,"XMAX":717954.86160847,"YMAX":8505383.59738907},"geometry":{"type":"Polygon","coordinates":[[[-72.98627151944929,-13.512580376465644],[-72.98627910647251,-13.511676702808463],[-72.98720261974863,-13.511684124872755],[-72.98719503619915,-13.512587799044509],[-72.98627151944929,-13.512580376465644]]]}},{"type":"Feature","properties":{"Cell_ID":1654,"Area_ha":1.0,"LC":"5:0.639115,6:0.040969,7:0.319915","XMIN":717854.86160847,"YMIN":8505183.59738907,"XMAX":717954.86160847,"YMAX":8505283.59738907},"geometry":{"type":"Polygon","coordinates":[[[-72.98626393187094,-13.513484050053588],[-72.98627151944929,-13.512580376465644],[-72.98719503619915,-13.512587799044509],[-72.98718745209483,-13.513491473147035],[-72.98626393187094,-13.513484050053588]]]}},{"type":"Feature","properties":{"Cell_ID":1655,"Area_ha":1.0,"LC":"5:0.957977,7:0.042023","XMIN":717854.86160847,"YMIN":8505083.59738907,"XMAX":717954.86160847,"YMAX":8505183.59738907},"geometry":{"type":"Polygon","coordinates":[[[-72.98625634373747,-13.51438772357229],[-72.98626393187094,-13.513484050053588],[-72.98718745209483,-13.513491473147035],[-72.98717986743561,-13.51439514718032],[-72.98625634373747,-13.51438772357229]]]}},{"type":"Feature","properties":{"Cell_ID":1656,"Area_ha":1.0,"LC":"5:0.880562,6:0.119438","XMIN":717854.86160847,"YMIN":8504983.59738907,"XMAX":717954.86160847,"YMAX":8505083.59738907},"geometry":{"type":"Polygon","coordinates":[[[-72.98624875504883,-13.515291397021747],[-72.98625634373747,-13.51438772357229],[-72.98717986743561,-13.51439514718032],[-72.98717228222152,-13.515298821144366],[-72.98624875504883,-13.515291397021747]]]}},{"type":"Feature","properties":{"Cell_ID":1657,"Area_ha":1.0,"LC":"5:0.141813,6:0.401532,14:0.456655","XMIN":717854.86160847,"YMIN":8504883.59738907,"XMAX":717954.86160847,"YMAX":8504983.59738907},"geometry":{"type":"Polygon","coordinates":[[[-72.98624116580507,-13.51619507040195],[-72.98624875504883,-13.515291397021747],[-72.98717228222152,-13.515298821144366],[-72.98716469645252,-13.516202495039163],[-72.98624116580507,-13.51619507040195]]]}},{"type":"Feature","properties":{"Cell_ID":1658,"Area_ha":1.0,"LC":"5:0.020197,14:0.979803","XMIN":717854.86160847,"YMIN":8504783.59738907,"XMAX":717954.86160847,"YMAX":8504883.59738907},"geometry":{"type":"Polygon","coordinates":[[[-72.98623357600614,-13.5170987437129],[-72.98624116580507,-13.51619507040195],[-72.98716469645252,-13.516202495039163],[-72.98715711012862,-13.517106168864707],[-72.98623357600614,-13.5170987437129]]]}},{"type":"Feature","properties":{"Cell_ID":1659,"Area_ha":1.0,"LC":"5:0.522922,6:0.356529,7:0.039915,14:0.080633","XMIN":717854.86160847,"YMIN":8504683.59738907,"XMAX":717954.86160847,"YMAX":8504783.59738907},"geometry":{"type":"Polygon","coordinates":[[[-72.98622598565206,-13.518002416954593],[-72.98623357600614,-13.5170987437129],[-72.98715711012862,-13.517106168864707],[-72.98714952324981,-13.518009842621002],[-72.98622598565206,-13.518002416954593]]]}},{"type":"Feature","properties":{"Cell_ID":1660,"Area_ha":1.0,"LC":"5:0.395967,6:0.358623,7:0.245410","XMIN":717854.86160847,"YMIN":8504583.59738907,"XMAX":717954.86160847,"YMAX":8504683.59738907},"geometry":{"type":"Polygon","coordinates":[[[-72.98621839474278,-13.518906090127025],[-72.98622598565206,-13.518002416954593],[-72.98714952324981,-13.518009842621002],[-72.98714193581607,-13.518913516308034],[-72.98621839474278,-13.518906090127025]]]}},{"type":"Feature","properties":{"Cell_ID":1661,"Area_ha":1.0,"LC":"5:0.803457,7:0.000492,9:0.136332,13:0.059719","XMIN":717854.86160847,"YMIN":8504483.59738907,"XMAX":717954.86160847,"YMAX":8504583.59738907},"geometry":{"type":"Polygon","coordinates":[[[-72.9862108032783,-13.519809763230187],[-72.98621839474278,-13.518906090127025],[-72.98714193581607,-13.518913516308034],[-72.98713434782739,-13.5198171899258],[-72.9862108032783,-13.519809763230187]]]}},{"type":"Feature","properties":{"Cell_ID":1662,"Area_ha":1.0,"LC":"5:0.305213,9:0.058820,13:0.635967","XMIN":717854.86160847,"YMIN":8504383.59738907,"XMAX":717954.86160847,"YMAX":8504483.59738907},"geometry":{"type":"Polygon","coordinates":[[[-72.98620321125864,-13.520713436264073],[-72.9862108032783,-13.519809763230187],[-72.98713434782739,-13.5198171899258],[-72.98712675928378,-13.5207208634743],[-72.98620321125864,-13.520713436264073]]]}},{"type":"Feature","properties":{"Cell_ID":1663,"Area_ha":1.0,"LC":"9:0.495685,13:0.504315","XMIN":717854.86160847,"YMIN":8504283.59738907,"XMAX":717954.86160847,"YMAX":8504383.59738907},"geometry":{"type":"Polygon","coordinates":[[[-72.98619561868375,-13.52161710922869],[-72.98620321125864,-13.520713436264073],[-72.98712675928378,-13.5207208634743],[-72.9871191701852,-13.52162453695353],[-72.98619561868375,-13.52161710922869]]]}},{"type":"Feature","properties":{"Cell_ID":1664,"Area_ha":1.0,"LC":"7:0.019241,9:0.184637,13:0.119031,14:0.079031,18:0.598061","XMIN":717854.86160847,"YMIN":8504183.59738907,"XMAX":717954.86160847,"YMAX":8504283.59738907},"geometry":{"type":"Polygon","coordinates":[[[-72.98618802555366,-13.52252078212402],[-72.98619561868375,-13.52161710922869],[-72.9871191701852,-13.52162453695353],[-72.98711158053165,-13.522528210363483],[-72.98618802555366,-13.52252078212402]]]}},{"type":"Feature","properties":{"Cell_ID":1665,"Area_ha":1.0,"LC":"7:0.097851,9:0.902149","XMIN":717854.86160847,"YMIN":8504083.59738907,"XMAX":717954.86160847,"YMAX":8504183.59738907},"geometry":{"type":"Polygon","coordinates":[[[-72.98618043186833,-13.523424454950069],[-72.98618802555366,-13.52252078212402],[-72.98711158053165,-13.522528210363483],[-72.98710399032313,-13.523431883704152],[-72.98618043186833,-13.523424454950069]]]}},{"type":"Feature","properties":{"Cell_ID":1666,"Area_ha":1.0,"LC":"9:0.803949,13:0.196051","XMIN":717854.86160847,"YMIN":8503983.59738907,"XMAX":717954.86160847,"YMAX":8504083.59738907},"geometry":{"type":"Polygon","coordinates":[[[-72.98617283762776,-13.524328127706827],[-72.98618043186833,-13.523424454950069],[-72.98710399032313,-13.523431883704152],[-72.98709639955963,-13.524335556975537],[-72.98617283762776,-13.524328127706827]]]}},{"type":"Feature","properties":{"Cell_ID":1667,"Area_ha":1.0,"LC":"7:0.139563,9:0.184244,13:0.676193","XMIN":717854.86160847,"YMIN":8503883.59738907,"XMAX":717954.86160847,"YMAX":8503983.59738907},"geometry":{"type":"Polygon","coordinates":[[[-72.98616524283194,-13.525231800394295],[-72.98617283762776,-13.524328127706827],[-72.98709639955963,-13.524335556975537],[-72.98708880824113,-13.52523923017763],[-72.98616524283194,-13.525231800394295]]]}},{"type":"Feature","properties":{"Cell_ID":1668,"Area_ha":1.0,"LC":"5:0.624792,6:0.375208","XMIN":717954.86160847,"YMIN":8505483.59738907,"XMAX":718054.86160847,"YMAX":8505583.59738907},"geometry":{"type":"Polygon","coordinates":[[[-72.98536318369311,-13.510765604133333],[-72.98537077307938,-13.5098619308525],[-72.98629427885365,-13.509869355286414],[-72.98628669294062,-13.510773029082053],[-72.98536318369311,-13.510765604133333]]]}},{"type":"Feature","properties":{"Cell_ID":1669,"Area_ha":1.0,"LC":"5:0.020702,6:0.940268,7:0.039031","XMIN":717954.86160847,"YMIN":8505383.59738907,"XMAX":718054.86160847,"YMAX":8505483.59738907},"geometry":{"type":"Polygon","coordinates":[[[-72.9853555937515,-13.511669277344936],[-72.98536318369311,-13.510765604133333],[-72.98628669294062,-13.510773029082053],[-72.98627910647251,-13.511676702808463],[-72.9853555937515,-13.511669277344936]]]}},{"type":"Feature","properties":{"Cell_ID":1670,"Area_ha":1.0,"LC":"5:0.614309,6:0.385691","XMIN":717954.86160847,"YMIN":8505283.59738907,"XMAX":718054.86160847,"YMAX":8505383.59738907},"geometry":{"type":"Polygon","coordinates":[[[-72.98534800325453,-13.512572950487304],[-72.9853555937515,-13.511669277344936],[-72.98627910647251,-13.511676702808463],[-72.98627151944929,-13.512580376465644],[-72.98534800325453,-13.512572950487304]]]}},{"type":"Feature","properties":{"Cell_ID":1671,"Area_ha":1.0,"LC":"5:0.238694,6:0.681868,7:0.079438","XMIN":717954.86160847,"YMIN":8505183.59738907,"XMAX":718054.86160847,"YMAX":8505283.59738907},"geometry":{"type":"Polygon","coordinates":[[[-72.98534041220218,-13.513476623560432],[-72.98534800325453,-13.512572950487304],[-72.98627151944929,-13.512580376465644],[-72.98626393187094,-13.513484050053588],[-72.98534041220218,-13.513476623560432]]]}},{"type":"Feature","properties":{"Cell_ID":1672,"Area_ha":1.0,"LC":"5:0.497624,6:0.302783,7:0.199593","XMIN":717954.86160847,"YMIN":8505083.59738907,"XMAX":718054.86160847,"YMAX":8505183.59738907},"geometry":{"type":"Polygon","coordinates":[[[-72.98533282059444,-13.51438029656431],[-72.98534041220218,-13.513476623560432],[-72.98626393187094,-13.513484050053588],[-72.98625634373747,-13.51438772357229],[-72.98533282059444,-13.51438029656431]]]}},{"type":"Feature","properties":{"Cell_ID":1673,"Area_ha":1.0,"LC":"5:0.457457,6:0.542543","XMIN":717954.86160847,"YMIN":8504983.59738907,"XMAX":718054.86160847,"YMAX":8505083.59738907},"geometry":{"type":"Polygon","coordinates":[[[-72.98532522843131,-13.515283969498944],[-72.98533282059444,-13.51438029656431],[-72.98625634373747,-13.51438772357229],[-72.98624875504883,-13.515291397021747],[-72.98532522843131,-13.515283969498944]]]}},{"type":"Feature","properties":{"Cell_ID":1674,"Area_ha":1.0,"LC":"5:0.318454,6:0.623274,14:0.058271","XMIN":717954.86160847,"YMIN":8504883.59738907,"XMAX":718054.86160847,"YMAX":8504983.59738907},"geometry":{"type":"Polygon","coordinates":[[[-72.98531763571278,-13.516187642364324],[-72.98532522843131,-13.515283969498944],[-72.98624875504883,-13.515291397021747],[-72.98624116580507,-13.51619507040195],[-72.98531763571278,-13.516187642364324]]]}},{"type":"Feature","properties":{"Cell_ID":1675,"Area_ha":1.0,"LC":"5:0.303681,7:0.000969,14:0.695349","XMIN":717954.86160847,"YMIN":8504783.59738907,"XMAX":718054.86160847,"YMAX":8504883.59738907},"geometry":{"type":"Polygon","coordinates":[[[-72.98531004243884,-13.51709131516044],[-72.98531763571278,-13.516187642364324],[-72.98624116580507,-13.51619507040195],[-72.98623357600614,-13.5170987437129],[-72.98531004243884,-13.51709131516044]]]}},{"type":"Feature","properties":{"Cell_ID":1676,"Area_ha":1.0,"LC":"5:0.920000,7:0.039438,14:0.040562","XMIN":717954.86160847,"YMIN":8504683.59738907,"XMAX":718054.86160847,"YMAX":8504783.59738907},"geometry":{"type":"Polygon","coordinates":[[[-72.98530244860946,-13.517994987887299],[-72.98531004243884,-13.51709131516044],[-72.98623357600614,-13.5170987437129],[-72.98622598565206,-13.518002416954593],[-72.98530244860946,-13.517994987887299]]]}},{"type":"Feature","properties":{"Cell_ID":1677,"Area_ha":1.0,"LC":"5:0.260844,6:0.319438,7:0.419719","XMIN":717954.86160847,"YMIN":8504583.59738907,"XMAX":718054.86160847,"YMAX":8504683.59738907},"geometry":{"type":"Polygon","coordinates":[[[-72.98529485422466,-13.51889866054489],[-72.98530244860946,-13.517994987887299],[-72.98622598565206,-13.518002416954593],[-72.98621839474278,-13.518906090127025],[-72.98529485422466,-13.51889866054489]]]}},{"type":"Feature","properties":{"Cell_ID":1678,"Area_ha":1.0,"LC":"5:0.237021,6:0.420197,7:0.342783","XMIN":717954.86160847,"YMIN":8504483.59738907,"XMAX":718054.86160847,"YMAX":8504583.59738907},"geometry":{"type":"Polygon","coordinates":[[[-72.9852872592844,-13.519802333133207],[-72.98529485422466,-13.51889866054489],[-72.98621839474278,-13.518906090127025],[-72.9862108032783,-13.519809763230187],[-72.9852872592844,-13.519802333133207]]]}},{"type":"Feature","properties":{"Cell_ID":1679,"Area_ha":1.0,"LC":"5:0.516193,6:0.263274,7:0.001939,13:0.218594","XMIN":717954.86160847,"YMIN":8504383.59738907,"XMAX":718054.86160847,"YMAX":8504483.59738907},"geometry":{"type":"Polygon","coordinates":[[[-72.98527966378869,-13.52070600565225],[-72.9852872592844,-13.519802333133207],[-72.9862108032783,-13.519809763230187],[-72.98620321125864,-13.520713436264073],[-72.98527966378869,-13.52070600565225]]]}},{"type":"Feature","properties":{"Cell_ID":1680,"Area_ha":1.0,"LC":"9:0.177624,13:0.822376","XMIN":717954.86160847,"YMIN":8504283.59738907,"XMAX":718054.86160847,"YMAX":8504383.59738907},"geometry":{"type":"Polygon","coordinates":[[[-72.98527206773753,-13.521609678102015],[-72.98527966378869,-13.52070600565225],[-72.98620321125864,-13.520713436264073],[-72.98619561868375,-13.52161710922869],[-72.98527206773753,-13.521609678102015]]]}},{"type":"Feature","properties":{"Cell_ID":1681,"Area_ha":1.0,"LC":"6:0.219634,9:0.780366","XMIN":717954.86160847,"YMIN":8504183.59738907,"XMAX":718054.86160847,"YMAX":8504283.59738907},"geometry":{"type":"Polygon","coordinates":[[[-72.98526447113089,-13.522513350482493],[-72.98527206773753,-13.521609678102015],[-72.98619561868375,-13.52161710922869],[-72.98618802555366,-13.52252078212402],[-72.98526447113089,-13.522513350482493]]]}},{"type":"Feature","properties":{"Cell_ID":1682,"Area_ha":1.0,"LC":"6:0.143274,9:0.856726","XMIN":717954.86160847,"YMIN":8504083.59738907,"XMAX":718054.86160847,"YMAX":8504183.59738907},"geometry":{"type":"Polygon","coordinates":[[[-72.98525687396877,-13.523417022793685],[-72.98526447113089,-13.522513350482493],[-72.98618802555366,-13.52252078212402],[-72.98618043186833,-13.523424454950069],[-72.98525687396877,-13.523417022793685]]]}},{"type":"Feature","properties":{"Cell_ID":1683,"Area_ha":1.0,"LC":"9:1.000000","XMIN":717954.86160847,"YMIN":8503983.59738907,"XMAX":718054.86160847,"YMAX":8504083.59738907},"geometry":{"type":"Polygon","coordinates":[[[-72.98524927625114,-13.524320695035582],[-72.98525687396877,-13.523417022793685],[-72.98618043186833,-13.523424454950069],[-72.98617283762776,-13.524328127706827],[-72.98524927625114,-13.524320695035582]]]}},{"type":"Feature","properties":{"Cell_ID":1684,"Area_ha":1.0,"LC":"7:0.117990,9:0.761125,13:0.120885","XMIN":717954.86160847,"YMIN":8503883.59738907,"XMAX":718054.86160847,"YMAX":8503983.59738907},"geometry":{"type":"Polygon","coordinates":[[[-72.98524167797801,-13.525224367208185],[-72.98524927625114,-13.524320695035582],[-72.98617283762776,-13.524328127706827],[-72.98616524283194,-13.525231800394295],[-72.98524167797801,-13.525224367208185]]]}},{"type":"Feature","properties":{"Cell_ID":1685,"Area_ha":1.0,"LC":"5:0.461406,6:0.538594","XMIN":718054.86160847,"YMIN":8505383.59738907,"XMAX":718154.86160847,"YMAX":8505483.59738907},"geometry":{"type":"Polygon","coordinates":[[[-72.98443208158587,-13.51166184848218],[-72.98443967500096,-13.510758175785622],[-72.98536318369311,-13.510765604133333],[-72.9853555937515,-13.511669277344936],[-72.98443208158587,-13.51166184848218]]]}},{"type":"Feature","properties":{"Cell_ID":1686,"Area_ha":1.0,"LC":"6:1.000000","XMIN":718054.86160847,"YMIN":8505283.59738907,"XMAX":718154.86160847,"YMAX":8505383.59738907},"geometry":{"type":"Polygon","coordinates":[[[-72.98442448761514,-13.512565521109497],[-72.98443208158587,-13.51166184848218],[-72.9853555937515,-13.511669277344936],[-72.98534800325453,-13.512572950487304],[-72.98442448761514,-13.512565521109497]]]}},{"type":"Feature","properties":{"Cell_ID":1687,"Area_ha":1.0,"LC":"5:0.002908,6:0.577935,7:0.419156","XMIN":718054.86160847,"YMIN":8505183.59738907,"XMAX":718154.86160847,"YMAX":8505283.59738907},"geometry":{"type":"Polygon","coordinates":[[[-72.98441689308879,-13.513469193667573],[-72.98442448761514,-13.512565521109497],[-72.98534800325453,-13.512572950487304],[-72.98534041220218,-13.513476623560432],[-72.98441689308879,-13.513469193667573]]]}},{"type":"Feature","properties":{"Cell_ID":1688,"Area_ha":1.0,"LC":"5:0.419241,6:0.440562,7:0.140197","XMIN":718054.86160847,"YMIN":8505083.59738907,"XMAX":718154.86160847,"YMAX":8505183.59738907},"geometry":{"type":"Polygon","coordinates":[[[-72.98440929800682,-13.514372866156398],[-72.98441689308879,-13.513469193667573],[-72.98534041220218,-13.513476623560432],[-72.98533282059444,-13.51438029656431],[-72.98440929800682,-13.514372866156398]]]}},{"type":"Feature","properties":{"Cell_ID":1689,"Area_ha":1.0,"LC":"5:0.380675,6:0.376739,7:0.242586","XMIN":718054.86160847,"YMIN":8504983.59738907,"XMAX":718154.86160847,"YMAX":8505083.59738907},"geometry":{"type":"Polygon","coordinates":[[[-72.9844017023692,-13.515276538575973],[-72.98440929800682,-13.514372866156398],[-72.98533282059444,-13.51438029656431],[-72.98532522843131,-13.515283969498944],[-72.9844017023692,-13.515276538575973]]]}},{"type":"Feature","properties":{"Cell_ID":1690,"Area_ha":1.0,"LC":"5:0.261264,6:0.458413,7:0.280323","XMIN":718054.86160847,"YMIN":8504883.59738907,"XMAX":718154.86160847,"YMAX":8504983.59738907},"geometry":{"type":"Polygon","coordinates":[[[-72.9843941061759,-13.516180210926285],[-72.9844017023692,-13.515276538575973],[-72.98532522843131,-13.515283969498944],[-72.98531763571278,-13.516187642364324],[-72.9843941061759,-13.516180210926285]]]}},{"type":"Feature","properties":{"Cell_ID":1691,"Area_ha":1.0,"LC":"5:0.538749,6:0.300604,7:0.160647","XMIN":718054.86160847,"YMIN":8504783.59738907,"XMAX":718154.86160847,"YMAX":8504883.59738907},"geometry":{"type":"Polygon","coordinates":[[[-72.98438650942694,-13.517083883207334],[-72.9843941061759,-13.516180210926285],[-72.98531763571278,-13.516187642364324],[-72.98531004243884,-13.51709131516044],[-72.98438650942694,-13.517083883207334]]]}},{"type":"Feature","properties":{"Cell_ID":1692,"Area_ha":1.0,"LC":"5:0.798539,6:0.102305,7:0.098678,9:0.000478","XMIN":718054.86160847,"YMIN":8504683.59738907,"XMAX":718154.86160847,"YMAX":8504783.59738907},"geometry":{"type":"Polygon","coordinates":[[[-72.98437891212231,-13.517987555419122],[-72.98438650942694,-13.517083883207334],[-72.98531004243884,-13.51709131516044],[-72.98530244860946,-13.517994987887299],[-72.98437891212231,-13.517987555419122]]]}},{"type":"Feature","properties":{"Cell_ID":1693,"Area_ha":1.0,"LC":"5:0.200000,7:0.798539,9:0.001461","XMIN":718054.86160847,"YMIN":8504583.59738907,"XMAX":718154.86160847,"YMAX":8504683.59738907},"geometry":{"type":"Polygon","coordinates":[[[-72.98437131426198,-13.518891227561639],[-72.98437891212231,-13.517987555419122],[-72.98530244860946,-13.517994987887299],[-72.98529485422466,-13.51889866054489],[-72.98437131426198,-13.518891227561639]]]}},{"type":"Feature","properties":{"Cell_ID":1694,"Area_ha":1.0,"LC":"5:0.661729,6:0.019241,7:0.319031","XMIN":718054.86160847,"YMIN":8504483.59738907,"XMAX":718154.86160847,"YMAX":8504583.59738907},"geometry":{"type":"Polygon","coordinates":[[[-72.98436371584596,-13.51979489963488],[-72.98437131426198,-13.518891227561639],[-72.98529485422466,-13.51889866054489],[-72.9852872592844,-13.519802333133207],[-72.98436371584596,-13.51979489963488]]]}},{"type":"Feature","properties":{"Cell_ID":1695,"Area_ha":1.0,"LC":"5:0.183681,6:0.217851,7:0.579227,13:0.019241","XMIN":718054.86160847,"YMIN":8504383.59738907,"XMAX":718154.86160847,"YMAX":8504483.59738907},"geometry":{"type":"Polygon","coordinates":[[[-72.98435611687422,-13.52069857163884],[-72.98436371584596,-13.51979489963488],[-72.9852872592844,-13.519802333133207],[-72.98527966378869,-13.52070600565225],[-72.98435611687422,-13.52069857163884]]]}},{"type":"Feature","properties":{"Cell_ID":1696,"Area_ha":1.0,"LC":"5:0.663512,7:0.121616,9:0.038960,13:0.175912","XMIN":718054.86160847,"YMIN":8504283.59738907,"XMAX":718154.86160847,"YMAX":8504383.59738907},"geometry":{"type":"Polygon","coordinates":[[[-72.98434851734677,-13.521602243573518],[-72.98435611687422,-13.52069857163884],[-72.98527966378869,-13.52070600565225],[-72.98527206773753,-13.521609678102015],[-72.98434851734677,-13.521602243573518]]]}},{"type":"Feature","properties":{"Cell_ID":1697,"Area_ha":1.0,"LC":"5:0.222305,6:0.019241,9:0.495912,13:0.262543","XMIN":718054.86160847,"YMIN":8504183.59738907,"XMAX":718154.86160847,"YMAX":8504283.59738907},"geometry":{"type":"Polygon","coordinates":[[[-72.9843409172636,-13.52250591543891],[-72.98434851734677,-13.521602243573518],[-72.98527206773753,-13.521609678102015],[-72.98526447113089,-13.522513350482493],[-72.9843409172636,-13.52250591543891]]]}},{"type":"Feature","properties":{"Cell_ID":1698,"Area_ha":1.0,"LC":"6:0.337851,9:0.256739,13:0.405410","XMIN":718054.86160847,"YMIN":8504083.59738907,"XMAX":718154.86160847,"YMAX":8504183.59738907},"geometry":{"type":"Polygon","coordinates":[[[-72.98433331662469,-13.52340958723501],[-72.9843409172636,-13.52250591543891],[-72.98526447113089,-13.522513350482493],[-72.98525687396877,-13.523417022793685],[-72.98433331662469,-13.52340958723501]]]}},{"type":"Feature","properties":{"Cell_ID":1699,"Area_ha":1.0,"LC":"9:0.814871,13:0.185129","XMIN":718054.86160847,"YMIN":8503983.59738907,"XMAX":718154.86160847,"YMAX":8504083.59738907},"geometry":{"type":"Polygon","coordinates":[[[-72.98432571543003,-13.524313258961808],[-72.98433331662469,-13.52340958723501],[-72.98525687396877,-13.523417022793685],[-72.98524927625114,-13.524320695035582],[-72.98432571543003,-13.524313258961808]]]}},{"type":"Feature","properties":{"Cell_ID":1700,"Area_ha":1.0,"LC":"5:0.162993,6:0.837007","XMIN":718154.86160847,"YMIN":8505283.59738907,"XMAX":718254.86160847,"YMAX":8505383.59738907},"geometry":{"type":"Polygon","coordinates":[[[-72.9835009725314,-13.512558088332238],[-72.98350856997584,-13.511654416220203],[-72.98443208158587,-13.51166184848218],[-72.98442448761514,-13.512565521109497],[-72.9835009725314,-13.512558088332238]]]}},{"type":"Feature","properties":{"Cell_ID":1701,"Area_ha":1.0,"LC":"5:0.516529,6:0.425199,7:0.058271","XMIN":718154.86160847,"YMIN":8505183.59738907,"XMAX":718254.86160847,"YMAX":8505283.59738907},"geometry":{"type":"Polygon","coordinates":[[[-72.98349337453107,-13.513461760375023],[-72.9835009725314,-13.512558088332238],[-72.98442448761514,-13.512565521109497],[-72.98441689308879,-13.513469193667573],[-72.98349337453107,-13.513461760375023]]]}},{"type":"Feature","properties":{"Cell_ID":1702,"Area_ha":1.0,"LC":"5:0.279593,6:0.600000,7:0.078468,14:0.041939","XMIN":718154.86160847,"YMIN":8505083.59738907,"XMAX":718254.86160847,"YMAX":8505183.59738907},"geometry":{"type":"Polygon","coordinates":[[[-72.98348577597484,-13.514365432348557],[-72.98349337453107,-13.513461760375023],[-72.98441689308879,-13.513469193667573],[-72.98440929800682,-13.514372866156398],[-72.98348577597484,-13.514365432348557]]]}},{"type":"Feature","properties":{"Cell_ID":1703,"Area_ha":1.0,"LC":"5:0.357021,6:0.281054,7:0.239986,14:0.121939","XMIN":718154.86160847,"YMIN":8504983.59738907,"XMAX":718254.86160847,"YMAX":8505083.59738907},"geometry":{"type":"Polygon","coordinates":[[[-72.98347817686272,-13.515269104252834],[-72.98348577597484,-13.514365432348557],[-72.98440929800682,-13.514372866156398],[-72.9844017023692,-13.515276538575973],[-72.98347817686272,-13.515269104252834]]]}},{"type":"Feature","properties":{"Cell_ID":1704,"Area_ha":1.0,"LC":"5:0.079101,6:0.499719,7:0.421180","XMIN":718154.86160847,"YMIN":8504883.59738907,"XMAX":718254.86160847,"YMAX":8504983.59738907},"geometry":{"type":"Polygon","coordinates":[[[-72.9834705771947,-13.51617277608785],[-72.98347817686272,-13.515269104252834],[-72.9844017023692,-13.515276538575973],[-72.9843941061759,-13.516180210926285],[-72.9834705771947,-13.51617277608785]]]}},{"type":"Feature","properties":{"Cell_ID":1705,"Area_ha":1.0,"LC":"5:0.659634,6:0.259241,7:0.081125","XMIN":718154.86160847,"YMIN":8504783.59738907,"XMAX":718254.86160847,"YMAX":8504883.59738907},"geometry":{"type":"Polygon","coordinates":[[[-72.98346297697073,-13.517076447853595],[-72.9834705771947,-13.51617277608785],[-72.9843941061759,-13.516180210926285],[-72.98438650942694,-13.517083883207334],[-72.98346297697073,-13.517076447853595]]]}},{"type":"Feature","properties":{"Cell_ID":1706,"Area_ha":1.0,"LC":"5:0.622305,6:0.119101,9:0.258594","XMIN":718154.86160847,"YMIN":8504683.59738907,"XMAX":718254.86160847,"YMAX":8504783.59738907},"geometry":{"type":"Polygon","coordinates":[[[-72.98345537619085,-13.517980119550078],[-72.98346297697073,-13.517076447853595],[-72.98438650942694,-13.517083883207334],[-72.98437891212231,-13.517987555419122],[-72.98345537619085,-13.517980119550078]]]}},{"type":"Feature","properties":{"Cell_ID":1707,"Area_ha":1.0,"LC":"5:0.099634,7:0.296332,9:0.604033","XMIN":718154.86160847,"YMIN":8504583.59738907,"XMAX":718254.86160847,"YMAX":8504683.59738907},"geometry":{"type":"Polygon","coordinates":[[[-72.98344777485501,-13.518883791177286],[-72.98345537619085,-13.517980119550078],[-72.98437891212231,-13.517987555419122],[-72.98437131426198,-13.518891227561639],[-72.98344777485501,-13.518883791177286]]]}},{"type":"Feature","properties":{"Cell_ID":1708,"Area_ha":1.0,"LC":"5:0.920899,7:0.058820,9:0.020281","XMIN":718154.86160847,"YMIN":8504483.59738907,"XMAX":718254.86160847,"YMAX":8504583.59738907},"geometry":{"type":"Polygon","coordinates":[[[-72.98344017296323,-13.519787462735213],[-72.98344777485501,-13.518883791177286],[-72.98437131426198,-13.518891227561639],[-72.98436371584596,-13.51979489963488],[-72.98344017296323,-13.519787462735213]]]}},{"type":"Feature","properties":{"Cell_ID":1709,"Area_ha":1.0,"LC":"5:0.459874,7:0.058271,9:0.000969,13:0.480885","XMIN":718154.86160847,"YMIN":8504383.59738907,"XMAX":718254.86160847,"YMAX":8504483.59738907},"geometry":{"type":"Polygon","coordinates":[[[-72.98343257051548,-13.520691134223856],[-72.98344017296323,-13.519787462735213],[-72.98436371584596,-13.51979489963488],[-72.98435611687422,-13.52069857163884],[-72.98343257051548,-13.520691134223856]]]}},{"type":"Feature","properties":{"Cell_ID":1710,"Area_ha":1.0,"LC":"5:0.614801,7:0.019790,9:0.000478,13:0.364932","XMIN":718154.86160847,"YMIN":8504283.59738907,"XMAX":718254.86160847,"YMAX":8504383.59738907},"geometry":{"type":"Polygon","coordinates":[[[-72.98342496751177,-13.521594805643211],[-72.98343257051548,-13.520691134223856],[-72.98435611687422,-13.52069857163884],[-72.98434851734677,-13.521602243573518],[-72.98342496751177,-13.521594805643211]]]}},{"type":"Feature","properties":{"Cell_ID":1711,"Area_ha":1.0,"LC":"5:0.219945,9:0.364847,13:0.415208","XMIN":718154.86160847,"YMIN":8504183.59738907,"XMAX":718254.86160847,"YMAX":8504283.59738907},"geometry":{"type":"Polygon","coordinates":[[[-72.98341736395206,-13.522498476993277],[-72.98342496751177,-13.521594805643211],[-72.98434851734677,-13.521602243573518],[-72.9843409172636,-13.52250591543891],[-72.98341736395206,-13.522498476993277]]]}},{"type":"Feature","properties":{"Cell_ID":1712,"Area_ha":1.0,"LC":"9:0.001461,13:0.998539","XMIN":718154.86160847,"YMIN":8504083.59738907,"XMAX":718254.86160847,"YMAX":8504183.59738907},"geometry":{"type":"Polygon","coordinates":[[[-72.98340975983636,-13.523402148274046],[-72.98341736395206,-13.522498476993277],[-72.9843409172636,-13.52250591543891],[-72.98433331662469,-13.52340958723501],[-72.98340975983636,-13.523402148274046]]]}},{"type":"Feature","properties":{"Cell_ID":1713,"Area_ha":1.0,"LC":"9:0.079353,13:0.920647","XMIN":718154.86160847,"YMIN":8503983.59738907,"XMAX":718254.86160847,"YMAX":8504083.59738907},"geometry":{"type":"Polygon","coordinates":[[[-72.98340215516468,-13.524305819485516],[-72.98340975983636,-13.523402148274046],[-72.98433331662469,-13.52340958723501],[-72.98432571543003,-13.524313258961808],[-72.98340215516468,-13.524305819485516]]]}},{"type":"Feature","properties":{"Cell_ID":1714,"Area_ha":1.0,"LC":"6:0.577457,14:0.422543","XMIN":718254.86160847,"YMIN":8505183.59738907,"XMAX":718354.86160847,"YMAX":8505283.59738907},"geometry":{"type":"Polygon","coordinates":[[[-72.98256985652922,-13.51345432368279],[-72.98257745800352,-13.512550652155527],[-72.9835009725314,-13.512558088332238],[-72.98349337453107,-13.513461760375023],[-72.98256985652922,-13.51345432368279]]]}},{"type":"Feature","properties":{"Cell_ID":1715,"Area_ha":1.0,"LC":"5:0.562824,6:0.098342,14:0.338834","XMIN":718254.86160847,"YMIN":8505083.59738907,"XMAX":718354.86160847,"YMAX":8505183.59738907},"geometry":{"type":"Polygon","coordinates":[[[-72.98256225449877,-13.514357995140797],[-72.98256985652922,-13.51345432368279],[-72.98349337453107,-13.513461760375023],[-72.98348577597484,-13.514365432348557],[-72.98256225449877,-13.514357995140797]]]}},{"type":"Feature","properties":{"Cell_ID":1716,"Area_ha":1.0,"LC":"5:0.323962,6:0.058820,7:0.298594,14:0.318623","XMIN":718254.86160847,"YMIN":8504983.59738907,"XMAX":718354.86160847,"YMAX":8505083.59738907},"geometry":{"type":"Polygon","coordinates":[[[-72.98255465191217,-13.515261666529543],[-72.98256225449877,-13.514357995140797],[-72.98348577597484,-13.514365432348557],[-72.98347817686272,-13.515269104252834],[-72.98255465191217,-13.515261666529543]]]}},{"type":"Feature","properties":{"Cell_ID":1717,"Area_ha":1.0,"LC":"5:0.161939,6:0.198061,7:0.640000","XMIN":718254.86160847,"YMIN":8504883.59738907,"XMAX":718354.86160847,"YMAX":8504983.59738907},"geometry":{"type":"Polygon","coordinates":[[[-72.9825470487694,-13.516165337849026],[-72.98255465191217,-13.515261666529543],[-72.98347817686272,-13.515269104252834],[-72.9834705771947,-13.51617277608785],[-72.9825470487694,-13.516165337849026]]]}},{"type":"Feature","properties":{"Cell_ID":1718,"Area_ha":1.0,"LC":"5:0.695685,6:0.202908,7:0.101406","XMIN":718254.86160847,"YMIN":8504783.59738907,"XMAX":718354.86160847,"YMAX":8504883.59738907},"geometry":{"type":"Polygon","coordinates":[[[-72.98253944507046,-13.517069009099234],[-72.9825470487694,-13.516165337849026],[-72.9834705771947,-13.51617277608785],[-72.98346297697073,-13.517076447853595],[-72.98253944507046,-13.517069009099234]]]}},{"type":"Feature","properties":{"Cell_ID":1719,"Area_ha":1.0,"LC":"5:0.699467,9:0.261095,13:0.039438","XMIN":718254.86160847,"YMIN":8504683.59738907,"XMAX":718354.86160847,"YMAX":8504783.59738907},"geometry":{"type":"Polygon","coordinates":[[[-72.98253184081531,-13.517972680280174],[-72.98253944507046,-13.517069009099234],[-72.98346297697073,-13.517076447853595],[-72.98345537619085,-13.517980119550078],[-72.98253184081531,-13.517972680280174]]]}},{"type":"Feature","properties":{"Cell_ID":1720,"Area_ha":1.0,"LC":"5:0.038960,6:0.082417,9:0.716122,13:0.162501","XMIN":718254.86160847,"YMIN":8504583.59738907,"XMAX":718354.86160847,"YMAX":8504683.59738907},"geometry":{"type":"Polygon","coordinates":[[[-72.98252423600398,-13.518876351391834],[-72.98253184081531,-13.517972680280174],[-72.98345537619085,-13.517980119550078],[-72.98344777485501,-13.518883791177286],[-72.98252423600398,-13.518876351391834]]]}},{"type":"Feature","properties":{"Cell_ID":1721,"Area_ha":1.0,"LC":"5:0.514590,6:0.000492,9:0.484918","XMIN":718254.86160847,"YMIN":8504483.59738907,"XMAX":718354.86160847,"YMAX":8504583.59738907},"geometry":{"type":"Polygon","coordinates":[[[-72.98251663063645,-13.519780022434212],[-72.98252423600398,-13.518876351391834],[-72.98344777485501,-13.518883791177286],[-72.98344017296323,-13.519787462735213],[-72.98251663063645,-13.519780022434212]]]}},{"type":"Feature","properties":{"Cell_ID":1722,"Area_ha":1.0,"LC":"5:0.158694,9:0.502712,13:0.338594","XMIN":718254.86160847,"YMIN":8504383.59738907,"XMAX":718354.86160847,"YMAX":8504483.59738907},"geometry":{"type":"Polygon","coordinates":[[[-72.98250902471271,-13.5206836934073],[-72.98251663063645,-13.519780022434212],[-72.98344017296323,-13.519787462735213],[-72.98343257051548,-13.520691134223856],[-72.98250902471271,-13.5206836934073]]]}},{"type":"Feature","properties":{"Cell_ID":1723,"Area_ha":1.0,"LC":"9:0.019241,13:0.980759","XMIN":718254.86160847,"YMIN":8504283.59738907,"XMAX":718354.86160847,"YMAX":8504383.59738907},"geometry":{"type":"Polygon","coordinates":[[[-72.98250141823272,-13.521587364311104],[-72.98250902471271,-13.5206836934073],[-72.98343257051548,-13.520691134223856],[-72.98342496751177,-13.521594805643211],[-72.98250141823272,-13.521587364311104]]]}},{"type":"Feature","properties":{"Cell_ID":1724,"Area_ha":1.0,"LC":"6:0.002908,9:0.715475,13:0.281616","XMIN":718254.86160847,"YMIN":8504183.59738907,"XMAX":718354.86160847,"YMAX":8504283.59738907},"geometry":{"type":"Polygon","coordinates":[[[-72.9824938111965,-13.522491035145604],[-72.98250141823272,-13.521587364311104],[-72.98342496751177,-13.521594805643211],[-72.98341736395206,-13.522498476993277],[-72.9824938111965,-13.522491035145604]]]}},{"type":"Feature","properties":{"Cell_ID":1725,"Area_ha":1.0,"LC":"6:0.003386,9:0.520155,13:0.476458","XMIN":718254.86160847,"YMIN":8504083.59738907,"XMAX":718354.86160847,"YMAX":8504183.59738907},"geometry":{"type":"Polygon","coordinates":[[[-72.98248620360404,-13.52339470591081],[-72.9824938111965,-13.522491035145604],[-72.98341736395206,-13.522498476993277],[-72.98340975983636,-13.523402148274046],[-72.98248620360404,-13.52339470591081]]]}},{"type":"Feature","properties":{"Cell_ID":1726,"Area_ha":1.0,"LC":"6:0.001461,9:0.559845,13:0.438694","XMIN":718254.86160847,"YMIN":8503983.59738907,"XMAX":718354.86160847,"YMAX":8504083.59738907},"geometry":{"type":"Polygon","coordinates":[[[-72.98247859545532,-13.52429837660671],[-72.98248620360404,-13.52339470591081],[-72.98340975983636,-13.523402148274046],[-72.98340215516468,-13.524305819485516],[-72.98247859545532,-13.52429837660671]]]}},{"type":"Feature","properties":{"Cell_ID":1727,"Area_ha":1.0,"LC":"5:0.401292,6:0.219874,9:0.122501,14:0.256332","XMIN":718354.86160847,"YMIN":8505183.59738907,"XMAX":718454.86160847,"YMAX":8505283.59738907},"geometry":{"type":"Polygon","coordinates":[[[-72.98164633908353,-13.513446883590888],[-72.98165394403178,-13.512543212579383],[-72.98257745800352,-13.512550652155527],[-72.98256985652922,-13.51345432368279],[-72.98164633908353,-13.513446883590888]]]}},{"type":"Feature","properties":{"Cell_ID":1728,"Area_ha":1.0,"LC":"5:0.536332,14:0.463668","XMIN":718354.86160847,"YMIN":8505083.59738907,"XMAX":718454.86160847,"YMAX":8505183.59738907},"geometry":{"type":"Polygon","coordinates":[[[-72.98163873357886,-13.514350554533129],[-72.98164633908353,-13.513446883590888],[-72.98256985652922,-13.51345432368279],[-72.98256225449877,-13.514357995140797],[-72.98163873357886,-13.514350554533129]]]}},{"type":"Feature","properties":{"Cell_ID":1729,"Area_ha":1.0,"LC":"5:0.601603,6:0.220688,7:0.177709","XMIN":718354.86160847,"YMIN":8504983.59738907,"XMAX":718454.86160847,"YMAX":8505083.59738907},"geometry":{"type":"Polygon","coordinates":[[[-72.98163112751777,-13.515254225406107],[-72.98163873357886,-13.514350554533129],[-72.98256225449877,-13.514357995140797],[-72.98255465191217,-13.515261666529543],[-72.98163112751777,-13.515254225406107]]]}},{"type":"Feature","properties":{"Cell_ID":1730,"Area_ha":1.0,"LC":"5:0.419803,6:0.182543,7:0.397654","XMIN":718354.86160847,"YMIN":8504883.59738907,"XMAX":718454.86160847,"YMAX":8504983.59738907},"geometry":{"type":"Polygon","coordinates":[[[-72.98162352090029,-13.516157896209823],[-72.98163112751777,-13.515254225406107],[-72.98255465191217,-13.515261666529543],[-72.9825470487694,-13.516165337849026],[-72.98162352090029,-13.516157896209823]]]}},{"type":"Feature","properties":{"Cell_ID":1731,"Area_ha":1.0,"LC":"5:0.219156,6:0.721616,7:0.019790,9:0.039438","XMIN":718354.86160847,"YMIN":8504783.59738907,"XMAX":718454.86160847,"YMAX":8504883.59738907},"geometry":{"type":"Polygon","coordinates":[[[-72.98161591372636,-13.517061566944257],[-72.98162352090029,-13.516157896209823],[-72.9825470487694,-13.516165337849026],[-72.98253944507046,-13.517069009099234],[-72.98161591372636,-13.517061566944257]]]}},{"type":"Feature","properties":{"Cell_ID":1732,"Area_ha":1.0,"LC":"5:0.300844,9:0.659719,13:0.039438","XMIN":718354.86160847,"YMIN":8504683.59738907,"XMAX":718454.86160847,"YMAX":8504783.59738907},"geometry":{"type":"Polygon","coordinates":[[[-72.98160830599599,-13.517965237609419],[-72.98161591372636,-13.517061566944257],[-72.98253944507046,-13.517069009099234],[-72.98253184081531,-13.517972680280174],[-72.98160830599599,-13.517965237609419]]]}},{"type":"Feature","properties":{"Cell_ID":1733,"Area_ha":1.0,"LC":"6:0.296177,9:0.262291,13:0.441532","XMIN":718354.86160847,"YMIN":8504583.59738907,"XMAX":718454.86160847,"YMAX":8504683.59738907},"geometry":{"type":"Polygon","coordinates":[[[-72.98160069770918,-13.518868908205299],[-72.98160830599599,-13.517965237609419],[-72.98253184081531,-13.517972680280174],[-72.98252423600398,-13.518876351391834],[-72.98160069770918,-13.518868908205299]]]}},{"type":"Feature","properties":{"Cell_ID":1734,"Area_ha":1.0,"LC":"6:0.100915,9:0.775699,13:0.123386","XMIN":718354.86160847,"YMIN":8504483.59738907,"XMAX":718454.86160847,"YMAX":8504583.59738907},"geometry":{"type":"Polygon","coordinates":[[[-72.98159308886589,-13.519772578731889],[-72.98160069770918,-13.518868908205299],[-72.98252423600398,-13.518876351391834],[-72.98251663063645,-13.519780022434212],[-72.98159308886589,-13.519772578731889]]]}},{"type":"Feature","properties":{"Cell_ID":1735,"Area_ha":1.0,"LC":"9:0.319172,13:0.680828","XMIN":718354.86160847,"YMIN":8504383.59738907,"XMAX":718454.86160847,"YMAX":8504483.59738907},"geometry":{"type":"Polygon","coordinates":[[[-72.98158547946615,-13.520676249189192],[-72.98159308886589,-13.519772578731889],[-72.98251663063645,-13.519780022434212],[-72.98250902471271,-13.5206836934073],[-72.98158547946615,-13.520676249189192]]]}},{"type":"Feature","properties":{"Cell_ID":1736,"Area_ha":1.0,"LC":"9:0.021742,13:0.978258","XMIN":718354.86160847,"YMIN":8504283.59738907,"XMAX":718454.86160847,"YMAX":8504383.59738907},"geometry":{"type":"Polygon","coordinates":[[[-72.98157786950992,-13.5215799195772],[-72.98158547946615,-13.520676249189192],[-72.98250902471271,-13.5206836934073],[-72.98250141823272,-13.521587364311104],[-72.98157786950992,-13.5215799195772]]]}},{"type":"Feature","properties":{"Cell_ID":1737,"Area_ha":1.0,"LC":"6:0.496810,9:0.058271,13:0.444918","XMIN":718354.86160847,"YMIN":8504183.59738907,"XMAX":718454.86160847,"YMAX":8504283.59738907},"geometry":{"type":"Polygon","coordinates":[[[-72.9815702589972,-13.522483589895906],[-72.98157786950992,-13.5215799195772],[-72.98250141823272,-13.521587364311104],[-72.9824938111965,-13.522491035145604],[-72.9815702589972,-13.522483589895906]]]}},{"type":"Feature","properties":{"Cell_ID":1738,"Area_ha":1.0,"LC":"6:0.396051,9:0.019790,13:0.584159","XMIN":718354.86160847,"YMIN":8504083.59738907,"XMAX":718454.86160847,"YMAX":8504183.59738907},"geometry":{"type":"Polygon","coordinates":[[[-72.98156264792797,-13.523387260145311],[-72.9815702589972,-13.522483589895906],[-72.9824938111965,-13.522491035145604],[-72.98248620360404,-13.52339470591081],[-72.98156264792797,-13.523387260145311]]]}},{"type":"Feature","properties":{"Cell_ID":1739,"Area_ha":1.0,"LC":"5:0.318468,6:0.101406,9:0.318061,14:0.262065","XMIN":718454.86160847,"YMIN":8505183.59738907,"XMAX":718554.86160847,"YMAX":8505283.59738907},"geometry":{"type":"Polygon","coordinates":[[[-72.98072282219422,-13.51343944009932],[-72.98073043061645,-13.51253576960381],[-72.98165394403178,-13.512543212579383],[-72.98164633908353,-13.513446883590888],[-72.98072282219422,-13.51343944009932]]]}},{"type":"Feature","properties":{"Cell_ID":1740,"Area_ha":1.0,"LC":"5:0.398960,6:0.222136,14:0.378905","XMIN":718454.86160847,"YMIN":8505083.59738907,"XMAX":718554.86160847,"YMAX":8505183.59738907},"geometry":{"type":"Polygon","coordinates":[[[-72.98071521321535,-13.514343110525562],[-72.98072282219422,-13.51343944009932],[-72.98164633908353,-13.513446883590888],[-72.98163873357886,-13.514350554533129],[-72.98071521321535,-13.514343110525562]]]}},{"type":"Feature","properties":{"Cell_ID":1741,"Area_ha":1.0,"LC":"5:0.777780,6:0.221742,7:0.000478","XMIN":718454.86160847,"YMIN":8504983.59738907,"XMAX":718554.86160847,"YMAX":8505083.59738907},"geometry":{"type":"Polygon","coordinates":[[[-72.98070760367982,-13.515246780882542],[-72.98071521321535,-13.514343110525562],[-72.98163873357886,-13.514350554533129],[-72.98163112751777,-13.515254225406107],[-72.98070760367982,-13.515246780882542]]]}},{"type":"Feature","properties":{"Cell_ID":1742,"Area_ha":1.0,"LC":"5:0.179945,6:0.435489,7:0.322431,9:0.062136","XMIN":718454.86160847,"YMIN":8504883.59738907,"XMAX":718554.86160847,"YMAX":8504983.59738907},"geometry":{"type":"Polygon","coordinates":[[[-72.9806999935876,-13.51615045117025],[-72.98070760367982,-13.515246780882542],[-72.98163112751777,-13.515254225406107],[-72.98162352090029,-13.516157896209823],[-72.9806999935876,-13.51615045117025]]]}},{"type":"Feature","properties":{"Cell_ID":1743,"Area_ha":1.0,"LC":"5:0.258116,6:0.678694,9:0.061742,13:0.001447","XMIN":718454.86160847,"YMIN":8504783.59738907,"XMAX":718554.86160847,"YMAX":8504883.59738907},"geometry":{"type":"Polygon","coordinates":[[[-72.98069238293871,-13.517054121388675],[-72.9806999935876,-13.51615045117025],[-72.98162352090029,-13.516157896209823],[-72.98161591372636,-13.517061566944257],[-72.98069238293871,-13.517054121388675]]]}},{"type":"Feature","properties":{"Cell_ID":1744,"Area_ha":1.0,"LC":"5:0.378976,9:0.179156,13:0.441868","XMIN":718454.86160847,"YMIN":8504683.59738907,"XMAX":718554.86160847,"YMAX":8504783.59738907},"geometry":{"type":"Polygon","coordinates":[[[-72.98068477173312,-13.517957791537823],[-72.98069238293871,-13.517054121388675],[-72.98161591372636,-13.517061566944257],[-72.98160830599599,-13.517965237609419],[-72.98068477173312,-13.517957791537823]]]}},{"type":"Feature","properties":{"Cell_ID":1745,"Area_ha":1.0,"LC":"9:0.260773,13:0.739227","XMIN":718454.86160847,"YMIN":8504583.59738907,"XMAX":718554.86160847,"YMAX":8504683.59738907},"geometry":{"type":"Polygon","coordinates":[[[-72.98067715997081,-13.518861461617684],[-72.98068477173312,-13.517957791537823],[-72.98160830599599,-13.517965237609419],[-72.98160069770918,-13.518868908205299],[-72.98067715997081,-13.518861461617684]]]}},{"type":"Feature","properties":{"Cell_ID":1746,"Area_ha":1.0,"LC":"7:0.282908,9:0.239101,13:0.477990","XMIN":718454.86160847,"YMIN":8504483.59738907,"XMAX":718554.86160847,"YMAX":8504583.59738907},"geometry":{"type":"Polygon","coordinates":[[[-72.98066954765181,-13.519765131628255],[-72.98067715997081,-13.518861461617684],[-72.98160069770918,-13.518868908205299],[-72.98159308886589,-13.519772578731889],[-72.98066954765181,-13.519765131628255]]]}},{"type":"Feature","properties":{"Cell_ID":1747,"Area_ha":1.0,"LC":"9:0.117428,13:0.882572","XMIN":718454.86160847,"YMIN":8504383.59738907,"XMAX":718554.86160847,"YMAX":8504483.59738907},"geometry":{"type":"Polygon","coordinates":[[[-72.98066193477607,-13.520668801569531],[-72.98066954765181,-13.519765131628255],[-72.98159308886589,-13.519772578731889],[-72.98158547946615,-13.520676249189192],[-72.98066193477607,-13.520668801569531]]]}},{"type":"Feature","properties":{"Cell_ID":1748,"Area_ha":1.0,"LC":"9:0.303738,13:0.696262","XMIN":718454.86160847,"YMIN":8504283.59738907,"XMAX":718554.86160847,"YMAX":8504383.59738907},"geometry":{"type":"Polygon","coordinates":[[[-72.98065432134361,-13.52157247144151],[-72.98066193477607,-13.520668801569531],[-72.98158547946615,-13.520676249189192],[-72.98157786950992,-13.5215799195772],[-72.98065432134361,-13.52157247144151]]]}},{"type":"Feature","properties":{"Cell_ID":1749,"Area_ha":1.0,"LC":"5:0.177709,6:0.262376,14:0.559915","XMIN":718554.86160847,"YMIN":8505183.59738907,"XMAX":718654.86160847,"YMAX":8505283.59738907},"geometry":{"type":"Polygon","coordinates":[[[-72.97979930586158,-13.513431993208098],[-72.97980691775774,-13.51252832322882],[-72.98073043061645,-13.51253576960381],[-72.98072282219422,-13.51343944009932],[-72.97979930586158,-13.513431993208098]]]}},{"type":"Feature","properties":{"Cell_ID":1750,"Area_ha":1.0,"LC":"5:0.121040,6:0.217302,7:0.261573,14:0.400085","XMIN":718554.86160847,"YMIN":8505083.59738907,"XMAX":718654.86160847,"YMAX":8505183.59738907},"geometry":{"type":"Polygon","coordinates":[[[-72.9797916934085,-13.514335663118107],[-72.97979930586158,-13.513431993208098],[-72.98072282219422,-13.51343944009932],[-72.98071521321535,-13.514343110525562],[-72.9797916934085,-13.514335663118107]]]}},{"type":"Feature","properties":{"Cell_ID":1751,"Area_ha":1.0,"LC":"5:0.502698,6:0.377288,7:0.120014","XMIN":718554.86160847,"YMIN":8504983.59738907,"XMAX":718654.86160847,"YMAX":8505083.59738907},"geometry":{"type":"Polygon","coordinates":[[[-72.97978408039852,-13.51523933295885],[-72.9797916934085,-13.514335663118107],[-72.98071521321535,-13.514343110525562],[-72.98070760367982,-13.515246780882542],[-72.97978408039852,-13.51523933295885]]]}},{"type":"Feature","properties":{"Cell_ID":1752,"Area_ha":1.0,"LC":"5:0.042431,6:0.160562,7:0.540268,9:0.256739","XMIN":718554.86160847,"YMIN":8504883.59738907,"XMAX":718654.86160847,"YMAX":8504983.59738907},"geometry":{"type":"Polygon","coordinates":[[[-72.97977646683161,-13.516143002730313],[-72.97978408039852,-13.51523933295885],[-72.98070760367982,-13.515246780882542],[-72.9806999935876,-13.51615045117025],[-72.97977646683161,-13.516143002730313]]]}},{"type":"Feature","properties":{"Cell_ID":1753,"Area_ha":1.0,"LC":"6:0.158061,7:0.041054,9:0.340352,13:0.338594,14:0.121939","XMIN":718554.86160847,"YMIN":8504783.59738907,"XMAX":718654.86160847,"YMAX":8504883.59738907},"geometry":{"type":"Polygon","coordinates":[[[-72.97976885270775,-13.517046672432494],[-72.97977646683161,-13.516143002730313],[-72.9806999935876,-13.51615045117025],[-72.98069238293871,-13.517054121388675],[-72.97976885270775,-13.517046672432494]]]}},{"type":"Feature","properties":{"Cell_ID":1754,"Area_ha":1.0,"LC":"9:0.458594,13:0.541406","XMIN":718554.86160847,"YMIN":8504683.59738907,"XMAX":718654.86160847,"YMAX":8504783.59738907},"geometry":{"type":"Polygon","coordinates":[[[-72.97976123802695,-13.517950342065394],[-72.97976885270775,-13.517046672432494],[-72.98069238293871,-13.517054121388675],[-72.98068477173312,-13.517957791537823],[-72.97976123802695,-13.517950342065394]]]}},{"type":"Feature","properties":{"Cell_ID":1755,"Area_ha":1.0,"LC":"9:0.179467,13:0.820533","XMIN":718554.86160847,"YMIN":8504583.59738907,"XMAX":718654.86160847,"YMAX":8504683.59738907},"geometry":{"type":"Polygon","coordinates":[[[-72.97975362278918,-13.518854011629001],[-72.97976123802695,-13.517950342065394],[-72.98068477173312,-13.517957791537823],[-72.98067715997081,-13.518861461617684],[-72.97975362278918,-13.518854011629001]]]}},{"type":"Feature","properties":{"Cell_ID":1756,"Area_ha":1.0,"LC":"7:0.356529,13:0.643471","XMIN":718554.86160847,"YMIN":8504483.59738907,"XMAX":718654.86160847,"YMAX":8504583.59738907},"geometry":{"type":"Polygon","coordinates":[[[-72.97974600699445,-13.519757681123314],[-72.97975362278918,-13.518854011629001],[-72.98067715997081,-13.518861461617684],[-72.98066954765181,-13.519765131628255],[-72.97974600699445,-13.519757681123314]]]}},{"type":"Feature","properties":{"Cell_ID":1757,"Area_ha":1.0,"LC":"7:0.121532,9:0.001447,13:0.877021","XMIN":718554.86160847,"YMIN":8504383.59738907,"XMAX":718654.86160847,"YMAX":8504483.59738907},"geometry":{"type":"Polygon","coordinates":[[[-72.97973839064274,-13.520661350548332],[-72.97974600699445,-13.519757681123314],[-72.98066954765181,-13.519765131628255],[-72.98066193477607,-13.520668801569531],[-72.97973839064274,-13.520661350548332]]]}},{"type":"Feature","properties":{"Cell_ID":1758,"Area_ha":1.0,"LC":"5:0.361939,6:0.342376,14:0.295685","XMIN":718654.86160847,"YMIN":8505183.59738907,"XMAX":718754.86160847,"YMAX":8505283.59738907},"geometry":{"type":"Polygon","coordinates":[[[-72.97887579008585,-13.513424542917233],[-72.97888340545595,-13.51252087345442],[-72.97980691775774,-13.51252832322882],[-72.97979930586158,-13.513431993208098],[-72.97887579008585,-13.513424542917233]]]}},{"type":"Feature","properties":{"Cell_ID":1759,"Area_ha":1.0,"LC":"5:0.338187,7:0.237021,14:0.424792","XMIN":718654.86160847,"YMIN":8505083.59738907,"XMAX":718754.86160847,"YMAX":8505183.59738907},"geometry":{"type":"Polygon","coordinates":[[[-72.97886817415859,-13.514328212310776],[-72.97887579008585,-13.513424542917233],[-72.97979930586158,-13.513431993208098],[-72.9797916934085,-13.514335663118107],[-72.97886817415859,-13.514328212310776]]]}},{"type":"Feature","properties":{"Cell_ID":1760,"Area_ha":1.0,"LC":"5:0.916614,6:0.002908,7:0.040071,9:0.039915,14:0.000492","XMIN":718654.86160847,"YMIN":8504983.59738907,"XMAX":718754.86160847,"YMAX":8505083.59738907},"geometry":{"type":"Polygon","coordinates":[[[-72.97886055767415,-13.51523188163504],[-72.97886817415859,-13.514328212310776],[-72.9797916934085,-13.514335663118107],[-72.97978408039852,-13.51523933295885],[-72.97886055767415,-13.51523188163504]]]}},{"type":"Feature","properties":{"Cell_ID":1761,"Area_ha":1.0,"LC":"5:0.138413,7:0.097302,9:0.764285","XMIN":718654.86160847,"YMIN":8504883.59738907,"XMAX":718754.86160847,"YMAX":8504983.59738907},"geometry":{"type":"Polygon","coordinates":[[[-72.97885294063255,-13.516135550890027],[-72.97886055767415,-13.51523188163504],[-72.97978408039852,-13.51523933295885],[-72.97977646683161,-13.516143002730313],[-72.97885294063255,-13.516135550890027]]]}},{"type":"Feature","properties":{"Cell_ID":1762,"Area_ha":1.0,"LC":"7:0.019790,9:0.364525,13:0.217624,14:0.398061","XMIN":718654.86160847,"YMIN":8504783.59738907,"XMAX":718754.86160847,"YMAX":8504883.59738907},"geometry":{"type":"Polygon","coordinates":[[[-72.97884532303374,-13.517039220075727],[-72.97885294063255,-13.516135550890027],[-72.97977646683161,-13.516143002730313],[-72.97976885270775,-13.517046672432494],[-72.97884532303374,-13.517039220075727]]]}},{"type":"Feature","properties":{"Cell_ID":1763,"Area_ha":1.0,"LC":"9:0.256655,13:0.743345","XMIN":718654.86160847,"YMIN":8504683.59738907,"XMAX":718754.86160847,"YMAX":8504783.59738907},"geometry":{"type":"Polygon","coordinates":[[[-72.97883770487773,-13.517942889192144],[-72.97884532303374,-13.517039220075727],[-72.97976885270775,-13.517046672432494],[-72.97976123802695,-13.517950342065394],[-72.97883770487773,-13.517942889192144]]]}},{"type":"Feature","properties":{"Cell_ID":1764,"Area_ha":1.0,"LC":"9:0.101406,13:0.898594","XMIN":718654.86160847,"YMIN":8504583.59738907,"XMAX":718754.86160847,"YMAX":8504683.59738907},"geometry":{"type":"Polygon","coordinates":[[[-72.97883008616452,-13.518846558239263],[-72.97883770487773,-13.517942889192144],[-72.97976123802695,-13.517950342065394],[-72.97975362278918,-13.518854011629001],[-72.97883008616452,-13.518846558239263]]]}},{"type":"Feature","properties":{"Cell_ID":1765,"Area_ha":1.0,"LC":"13:1.000000","XMIN":718654.86160847,"YMIN":8504483.59738907,"XMAX":718754.86160847,"YMAX":8504583.59738907},"geometry":{"type":"Polygon","coordinates":[[[-72.97882246689407,-13.519750227217084],[-72.97883008616452,-13.518846558239263],[-72.97975362278918,-13.518854011629001],[-72.97974600699445,-13.519757681123314],[-72.97882246689407,-13.519750227217084]]]}},{"type":"Feature","properties":{"Cell_ID":1766,"Area_ha":1.0,"LC":"5:0.160155,6:0.181180,9:0.316445,13:0.342220","XMIN":718754.86160847,"YMIN":8505283.59738907,"XMAX":718854.86160847,"YMAX":8505383.59738907},"geometry":{"type":"Polygon","coordinates":[[[-72.97795989371129,-13.512513420280621],[-72.9779675119979,-13.51160975126524],[-72.97889102026888,-13.51161720392234],[-72.97888340545595,-13.51252087345442],[-72.97795989371129,-13.512513420280621]]]}},{"type":"Feature","properties":{"Cell_ID":1767,"Area_ha":1.0,"LC":"5:0.198061,6:0.258820,9:0.263752,14:0.279367","XMIN":718754.86160847,"YMIN":8505183.59738907,"XMAX":718854.86160847,"YMAX":8505283.59738907},"geometry":{"type":"Polygon","coordinates":[[[-72.97795227486728,-13.513417089226733],[-72.97795989371129,-13.512513420280621],[-72.97888340545595,-13.51252087345442],[-72.97887579008585,-13.513424542917233],[-72.97795227486728,-13.513417089226733]]]}},{"type":"Feature","properties":{"Cell_ID":1768,"Area_ha":1.0,"LC":"6:0.060604,9:0.063681,14:0.875715","XMIN":718754.86160847,"YMIN":8505083.59738907,"XMAX":718854.86160847,"YMAX":8505183.59738907},"geometry":{"type":"Polygon","coordinates":[[[-72.97794465546583,-13.514320758103567],[-72.97795227486728,-13.513417089226733],[-72.97887579008585,-13.513424542917233],[-72.97886817415859,-13.514328212310776],[-72.97794465546583,-13.514320758103567]]]}},{"type":"Feature","properties":{"Cell_ID":1769,"Area_ha":1.0,"LC":"5:0.039031,6:0.619396,9:0.301502,14:0.040071","XMIN":718754.86160847,"YMIN":8504983.59738907,"XMAX":718854.86160847,"YMAX":8505083.59738907},"geometry":{"type":"Polygon","coordinates":[[[-72.97793703550697,-13.515224426911127],[-72.97794465546583,-13.514320758103567],[-72.97886817415859,-13.514328212310776],[-72.97886055767415,-13.51523188163504],[-72.97793703550697,-13.515224426911127]]]}},{"type":"Feature","properties":{"Cell_ID":1770,"Area_ha":1.0,"LC":"7:0.262136,9:0.737864","XMIN":718754.86160847,"YMIN":8504883.59738907,"XMAX":718854.86160847,"YMAX":8504983.59738907},"geometry":{"type":"Polygon","coordinates":[[[-72.97792941499068,-13.516128095649401],[-72.97793703550697,-13.515224426911127],[-72.97886055767415,-13.51523188163504],[-72.97885294063255,-13.516135550890027],[-72.97792941499068,-13.516128095649401]]]}},{"type":"Feature","properties":{"Cell_ID":1771,"Area_ha":1.0,"LC":"7:0.020773,9:0.436755,13:0.542472","XMIN":718754.86160847,"YMIN":8504783.59738907,"XMAX":718854.86160847,"YMAX":8504883.59738907},"geometry":{"type":"Polygon","coordinates":[[[-72.97792179391693,-13.517031764318384],[-72.97792941499068,-13.516128095649401],[-72.97885294063255,-13.516135550890027],[-72.97884532303374,-13.517039220075727],[-72.97792179391693,-13.517031764318384]]]}},{"type":"Feature","properties":{"Cell_ID":1772,"Area_ha":1.0,"LC":"9:0.019241,13:0.980759","XMIN":718754.86160847,"YMIN":8504683.59738907,"XMAX":718854.86160847,"YMAX":8504783.59738907},"geometry":{"type":"Polygon","coordinates":[[[-72.97791417228574,-13.517935432918078],[-72.97792179391693,-13.517031764318384],[-72.97884532303374,-13.517039220075727],[-72.97883770487773,-13.517942889192144],[-72.97791417228574,-13.517935432918078]]]}},{"type":"Feature","properties":{"Cell_ID":1773,"Area_ha":1.0,"LC":"9:0.019790,13:0.980210","XMIN":718754.86160847,"YMIN":8504583.59738907,"XMAX":718854.86160847,"YMAX":8504683.59738907},"geometry":{"type":"Polygon","coordinates":[[[-72.97790655009706,-13.518839101448474],[-72.97791417228574,-13.517935432918078],[-72.97883770487773,-13.517942889192144],[-72.97883008616452,-13.518846558239263],[-72.97790655009706,-13.518839101448474]]]}},{"type":"Feature","properties":{"Cell_ID":1774,"Area_ha":1.0,"LC":"13:1.000000","XMIN":718754.86160847,"YMIN":8504483.59738907,"XMAX":718854.86160847,"YMAX":8504583.59738907},"geometry":{"type":"Polygon","coordinates":[[[-72.97789892735092,-13.519742769909568],[-72.97790655009706,-13.518839101448474],[-72.97883008616452,-13.518846558239263],[-72.97882246689407,-13.519750227217084],[-72.97789892735092,-13.519742769909568]]]}},{"type":"Feature","properties":{"Cell_ID":1775,"Area_ha":1.0,"LC":"6:0.402094,9:0.337780,14:0.260126","XMIN":718854.86160847,"YMIN":8505183.59738907,"XMAX":718954.86160847,"YMAX":8505283.59738907},"geometry":{"type":"Polygon","coordinates":[[[-72.97702876020612,-13.513409632136609],[-72.97703638252405,-13.512505963707433],[-72.97795989371129,-13.512513420280621],[-72.97795227486728,-13.513417089226733],[-72.97702876020612,-13.513409632136609]]]}},{"type":"Feature","properties":{"Cell_ID":1776,"Area_ha":1.0,"LC":"6:0.177709,9:0.679986,14:0.142305","XMIN":718854.86160847,"YMIN":8505083.59738907,"XMAX":718954.86160847,"YMAX":8505183.59738907},"geometry":{"type":"Polygon","coordinates":[[[-72.97702113733051,-13.514313300496502],[-72.97702876020612,-13.513409632136609],[-72.97795227486728,-13.513417089226733],[-72.97794465546583,-13.514320758103567],[-72.97702113733051,-13.514313300496502]]]}},{"type":"Feature","properties":{"Cell_ID":1777,"Area_ha":1.0,"LC":"6:0.139383,9:0.860617","XMIN":718854.86160847,"YMIN":8504983.59738907,"XMAX":718954.86160847,"YMAX":8505083.59738907},"geometry":{"type":"Polygon","coordinates":[[[-72.97701351389723,-13.515216968787117],[-72.97702113733051,-13.514313300496502],[-72.97794465546583,-13.514320758103567],[-72.97793703550697,-13.515224426911127],[-72.97701351389723,-13.515216968787117]]]}},{"type":"Feature","properties":{"Cell_ID":1778,"Area_ha":1.0,"LC":"7:0.276458,9:0.499467,13:0.224075","XMIN":718854.86160847,"YMIN":8504883.59738907,"XMAX":718954.86160847,"YMAX":8504983.59738907},"geometry":{"type":"Polygon","coordinates":[[[-72.97700588990627,-13.516120637008441],[-72.97701351389723,-13.515216968787117],[-72.97793703550697,-13.515224426911127],[-72.97792941499068,-13.516128095649401],[-72.97700588990627,-13.516120637008441]]]}},{"type":"Feature","properties":{"Cell_ID":1779,"Area_ha":1.0,"LC":"7:0.080633,13:0.919367","XMIN":718854.86160847,"YMIN":8504783.59738907,"XMAX":718954.86160847,"YMAX":8504883.59738907},"geometry":{"type":"Polygon","coordinates":[[[-72.97699826535758,-13.517024305160474],[-72.97700588990627,-13.516120637008441],[-72.97792941499068,-13.516128095649401],[-72.97792179391693,-13.517031764318384],[-72.97699826535758,-13.517024305160474]]]}},{"type":"Feature","properties":{"Cell_ID":1780,"Area_ha":1.0,"LC":"9:0.019719,13:0.578342,16:0.401939","XMIN":718854.86160847,"YMIN":8504683.59738907,"XMAX":718954.86160847,"YMAX":8504783.59738907},"geometry":{"type":"Polygon","coordinates":[[[-72.9769906402512,-13.517927973243209],[-72.97699826535758,-13.517024305160474],[-72.97792179391693,-13.517031764318384],[-72.97791417228574,-13.517935432918078],[-72.9769906402512,-13.517927973243209]]]}},{"type":"Feature","properties":{"Cell_ID":1781,"Area_ha":1.0,"LC":"9:0.382220,13:0.617780","XMIN":718854.86160847,"YMIN":8504583.59738907,"XMAX":718954.86160847,"YMAX":8504683.59738907},"geometry":{"type":"Polygon","coordinates":[[[-72.9769830145871,-13.518831641256645],[-72.9769906402512,-13.517927973243209],[-72.97791417228574,-13.517935432918078],[-72.97790655009706,-13.518839101448474],[-72.9769830145871,-13.518831641256645]]]}},{"type":"Feature","properties":{"Cell_ID":1782,"Area_ha":1.0,"LC":"6:0.078061,9:0.702543,14:0.219396","XMIN":718954.86160847,"YMIN":8505183.59738907,"XMAX":719054.86160847,"YMAX":8505283.59738907},"geometry":{"type":"Polygon","coordinates":[[[-72.97610524610263,-13.513402171646867],[-72.97611287189447,-13.512498503734866],[-72.97703638252405,-13.512505963707433],[-72.97702876020612,-13.513409632136609],[-72.97610524610263,-13.513402171646867]]]}},{"type":"Feature","properties":{"Cell_ID":1783,"Area_ha":1.0,"LC":"9:0.880899,14:0.119101","XMIN":718954.86160847,"YMIN":8505083.59738907,"XMAX":719054.86160847,"YMAX":8505183.59738907},"geometry":{"type":"Polygon","coordinates":[[[-72.97609761975288,-13.514305839489586],[-72.97610524610263,-13.513402171646867],[-72.97702876020612,-13.513409632136609],[-72.97702113733051,-13.514313300496502],[-72.97609761975288,-13.514305839489586]]]}},{"type":"Feature","properties":{"Cell_ID":1784,"Area_ha":1.0,"LC":"9:1.000000","XMIN":718954.86160847,"YMIN":8504983.59738907,"XMAX":719054.86160847,"YMAX":8505083.59738907},"geometry":{"type":"Polygon","coordinates":[[[-72.97608999284517,-13.515209507263018],[-72.97609761975288,-13.514305839489586],[-72.97702113733051,-13.514313300496502],[-72.97701351389723,-13.515216968787117],[-72.97608999284517,-13.515209507263018]]]}},{"type":"Feature","properties":{"Cell_ID":1785,"Area_ha":1.0,"LC":"9:0.565003,13:0.434997","XMIN":718954.86160847,"YMIN":8504883.59738907,"XMAX":719054.86160847,"YMAX":8504983.59738907},"geometry":{"type":"Polygon","coordinates":[[[-72.97608236537954,-13.516113174967156],[-72.97608999284517,-13.515209507263018],[-72.97701351389723,-13.515216968787117],[-72.97700588990627,-13.516120637008441],[-72.97608236537954,-13.516113174967156]]]}},{"type":"Feature","properties":{"Cell_ID":1786,"Area_ha":1.0,"LC":"9:0.020281,13:0.979719","XMIN":718954.86160847,"YMIN":8504783.59738907,"XMAX":719054.86160847,"YMAX":8504883.59738907},"geometry":{"type":"Polygon","coordinates":[[[-72.97607473735594,-13.517016842602002],[-72.97608236537954,-13.516113174967156],[-72.97700588990627,-13.516120637008441],[-72.97699826535758,-13.517024305160474],[-72.97607473735594,-13.517016842602002]]]}},{"type":"Feature","properties":{"Cell_ID":1787,"Area_ha":1.0,"LC":"5:0.002908,9:0.020197,13:0.578834,16:0.398061","XMIN":718954.86160847,"YMIN":8504683.59738907,"XMAX":719054.86160847,"YMAX":8504783.59738907},"geometry":{"type":"Polygon","coordinates":[[[-72.9760671087744,-13.517920510167546],[-72.97607473735594,-13.517016842602002],[-72.97699826535758,-13.517024305160474],[-72.9769906402512,-13.517927973243209],[-72.9760671087744,-13.517920510167546]]]}},{"type":"Feature","properties":{"Cell_ID":1788,"Area_ha":1.0,"LC":"9:0.715560,14:0.284440","XMIN":719054.86160847,"YMIN":8505183.59738907,"XMAX":719154.86160847,"YMAX":8505283.59738907},"geometry":{"type":"Polygon","coordinates":[[[-72.97518173255708,-13.513394707757516],[-72.9751893618228,-13.512491040362924],[-72.97611287189447,-13.512498503734866],[-72.97610524610263,-13.513402171646867],[-72.97518173255708,-13.513394707757516]]]}},{"type":"Feature","properties":{"Cell_ID":1789,"Area_ha":1.0,"LC":"9:0.877176,13:0.122824","XMIN":719054.86160847,"YMIN":8505083.59738907,"XMAX":719154.86160847,"YMAX":8505183.59738907},"geometry":{"type":"Polygon","coordinates":[[[-72.97517410273316,-13.514298375082824],[-72.97518173255708,-13.513394707757516],[-72.97610524610263,-13.513402171646867],[-72.97609761975288,-13.514305839489586],[-72.97517410273316,-13.514298375082824]]]}},{"type":"Feature","properties":{"Cell_ID":1790,"Area_ha":1.0,"LC":"9:0.796038,13:0.203962","XMIN":719054.86160847,"YMIN":8504983.59738907,"XMAX":719154.86160847,"YMAX":8505083.59738907},"geometry":{"type":"Polygon","coordinates":[[[-72.97516647235106,-13.51520204233884],[-72.97517410273316,-13.514298375082824],[-72.97609761975288,-13.514305839489586],[-72.97608999284517,-13.515209507263018],[-72.97516647235106,-13.51520204233884]]]}},{"type":"Feature","properties":{"Cell_ID":1791,"Area_ha":1.0,"LC":"9:0.579467,13:0.420533","XMIN":719054.86160847,"YMIN":8504883.59738907,"XMAX":719154.86160847,"YMAX":8504983.59738907},"geometry":{"type":"Polygon","coordinates":[[[-72.97515884141079,-13.516105709525561],[-72.97516647235106,-13.51520204233884],[-72.97608999284517,-13.515209507263018],[-72.97608236537954,-13.516113174967156],[-72.97515884141079,-13.516105709525561]]]}},{"type":"Feature","properties":{"Cell_ID":1792,"Area_ha":1.0,"LC":"7:0.200885,13:0.799115","XMIN":719054.86160847,"YMIN":8504783.59738907,"XMAX":719154.86160847,"YMAX":8504883.59738907},"geometry":{"type":"Polygon","coordinates":[[[-72.97515120991227,-13.517009376642982],[-72.97515884141079,-13.516105709525561],[-72.97608236537954,-13.516113174967156],[-72.97607473735594,-13.517016842602002],[-72.97515120991227,-13.517009376642982]]]}},{"type":"Feature","properties":{"Cell_ID":1793,"Area_ha":1.0,"LC":"5:0.202993,9:0.038960,13:0.241854,14:0.516193","XMIN":719154.86160847,"YMIN":8505183.59738907,"XMAX":719254.86160847,"YMAX":8505283.59738907},"geometry":{"type":"Polygon","coordinates":[[[-72.9742582195697,-13.513387240468573],[-72.9742658523093,-13.512483573591625],[-72.9751893618228,-13.512491040362924],[-72.97518173255708,-13.513394707757516],[-72.9742582195697,-13.513387240468573]]]}},{"type":"Feature","properties":{"Cell_ID":1794,"Area_ha":1.0,"LC":"9:0.440956,13:0.538763,14:0.020281","XMIN":719154.86160847,"YMIN":8505083.59738907,"XMAX":719254.86160847,"YMAX":8505183.59738907},"geometry":{"type":"Polygon","coordinates":[[[-72.97425058627167,-13.514290907276232],[-72.9742582195697,-13.513387240468573],[-72.97518173255708,-13.513394707757516],[-72.97517410273316,-13.514298375082824],[-72.97425058627167,-13.514290907276232]]]}},{"type":"Feature","properties":{"Cell_ID":1795,"Area_ha":1.0,"LC":"9:0.582556,13:0.417444","XMIN":719154.86160847,"YMIN":8504983.59738907,"XMAX":719254.86160847,"YMAX":8505083.59738907},"geometry":{"type":"Polygon","coordinates":[[[-72.97424295241517,-13.515194574014597],[-72.97425058627167,-13.514290907276232],[-72.97517410273316,-13.514298375082824],[-72.97516647235106,-13.51520204233884],[-72.97424295241517,-13.515194574014597]]]}},{"type":"Feature","properties":{"Cell_ID":1796,"Area_ha":1.0,"LC":"7:0.201377,9:0.420437,13:0.378187","XMIN":719154.86160847,"YMIN":8504883.59738907,"XMAX":719254.86160847,"YMAX":8504983.59738907},"geometry":{"type":"Polygon","coordinates":[[[-72.97423531800023,-13.516098240683664],[-72.97424295241517,-13.515194574014597],[-72.97516647235106,-13.51520204233884],[-72.97515884141079,-13.516105709525561],[-72.97423531800023,-13.516098240683664]]]}},{"type":"Feature","properties":{"Cell_ID":1797,"Area_ha":1.0,"LC":"5:0.162908,7:0.319438,13:0.517654","XMIN":719154.86160847,"YMIN":8504783.59738907,"XMAX":719254.86160847,"YMAX":8504883.59738907},"geometry":{"type":"Polygon","coordinates":[[[-72.97422768302683,-13.517001907283424],[-72.97423531800023,-13.516098240683664],[-72.97515884141079,-13.516105709525561],[-72.97515120991227,-13.517009376642982],[-72.97422768302683,-13.517001907283424]]]}},{"type":"Feature","properties":{"Cell_ID":1798,"Area_ha":1.0,"LC":"9:0.759522,13:0.217766,18:0.022712","XMIN":719254.86160847,"YMIN":8505083.59738907,"XMAX":719354.86160847,"YMAX":8505183.59738907},"geometry":{"type":"Polygon","coordinates":[[[-72.97332707036858,-13.514283436069816],[-72.97333470714075,-13.513379769780045],[-72.9742582195697,-13.513387240468573],[-72.97425058627167,-13.514290907276232],[-72.97332707036858,-13.514283436069816]]]}},{"type":"Feature","properties":{"Cell_ID":1799,"Area_ha":1.0,"LC":"9:0.375434,13:0.522431,16:0.102136","XMIN":719254.86160847,"YMIN":8504983.59738907,"XMAX":719354.86160847,"YMAX":8505083.59738907},"geometry":{"type":"Polygon","coordinates":[[[-72.9733194330377,-13.515187102290293],[-72.97332707036858,-13.514283436069816],[-72.97425058627167,-13.514290907276232],[-72.97424295241517,-13.515194574014597],[-72.9733194330377,-13.515187102290293]]]}},{"type":"Feature","properties":{"Cell_ID":1800,"Area_ha":1.0,"LC":"9:0.158061,13:0.038960,16:0.324285,18:0.478694","XMIN":719354.86160847,"YMIN":8505083.59738907,"XMAX":719454.86160847,"YMAX":8505183.59738907},"geometry":{"type":"Polygon","coordinates":[[[-72.97240355502421,-13.514275961463587],[-72.9724111952705,-13.513372295691934],[-72.97333470714075,-13.513379769780045],[-72.97332707036858,-13.514283436069816],[-72.97240355502421,-13.514275961463587]]]}},{"type":"Feature","properties":{"Cell_ID":1801,"Area_ha":1.0,"LC":"13:0.337288,16:0.662712","XMIN":719354.86160847,"YMIN":8504983.59738907,"XMAX":719454.86160847,"YMAX":8505083.59738907},"geometry":{"type":"Polygon","coordinates":[[[-72.97239591421896,-13.515179627165942],[-72.97240355502421,-13.514275961463587],[-72.97332707036858,-13.514283436069816],[-72.9733194330377,-13.515187102290293],[-72.97239591421896,-13.515179627165942]]]}}]}