{"type":"FeatureCollection","features":[{"type":"Feature","properties":{"Cell_ID":1,"Area_ha":1.0,"LC":"3:0.435278,7:0.081272,9:0.039719,14:0.443730","XMIN":716724.86160847,"YMIN":8505953.59738907,"XMAX":716824.86160847,"YMAX":8506053.59738907},"geometry":{"type":"Polygon","coordinates":[[[-72.99675785047621,-13.506609400081219],[-72.99676539454558,-13.505705720159538],[-72.9976888908084,-13.505713100382039],[-72.99768135021121,-13.506616780815609],[-72.99675785047621,-13.506609400081219]]]}},{"type":"Feature","properties":{"Cell_ID":2,"Area_ha":1.0,"LC":"3:0.804159,7:0.176677,14:0.019164","XMIN":716824.86160847,"YMIN":8506153.59738907,"XMAX":716924.86160847,"YMAX":8506253.59738907},"geometry":{"type":"Polygon","coordinates":[[[-72.99584944582402,-13.504794657060545],[-72.99585699226071,-13.50389097751266],[-72.9967804810278,-13.503898360108689],[-72.99677293806278,-13.504802040168691],[-72.99584944582402,-13.504794657060545]]]}},{"type":"Feature","properties":{"Cell_ID":3,"Area_ha":1.0,"LC":"3:0.680562,7:0.319438","XMIN":716824.86160847,"YMIN":8506053.59738907,"XMAX":716924.86160847,"YMAX":8506153.59738907},"geometry":{"type":"Polygon","coordinates":[[[-72.99584189883494,-13.50569833653927],[-72.99584944582402,-13.504794657060545],[-72.99677293806278,-13.504802040168691],[-72.99676539454558,-13.505705720159538],[-72.99584189883494,-13.50569833653927]]]}},{"type":"Feature","properties":{"Cell_ID":4,"Area_ha":1.0,"LC":"3:0.404159,7:0.080977,14:0.514863","XMIN":716824.86160847,"YMIN":8505953.59738907,"XMAX":716924.86160847,"YMAX":8506053.59738907},"geometry":{"type":"Polygon","coordinates":[[[-72.99583435129341,-13.506602015948825],[-72.99584189883494,-13.50569833653927],[-72.99676539454558,-13.505705720159538],[-72.99675785047621,-13.506609400081219],[-72.99583435129341,-13.506602015948825]]]}},{"type":"Feature","properties":{"Cell_ID":5,"Area_ha":1.0,"LC":"3:0.063056,9:0.477084,14:0.459861","XMIN":716824.86160847,"YMIN":8505853.59738907,"XMAX":716924.86160847,"YMAX":8505953.59738907},"geometry":{"type":"Polygon","coordinates":[[[-72.99582680319945,-13.507505695289217],[-72.99583435129341,-13.506602015948825],[-72.99675785047621,-13.506609400081219],[-72.99675030585468,-13.507513079933737],[-72.99582680319945,-13.507505695289217]]]}},{"type":"Feature","properties":{"Cell_ID":6,"Area_ha":1.0,"LC":"3:0.959290,14:0.040710","XMIN":716924.86160847,"YMIN":8506153.59738907,"XMAX":717024.86160847,"YMAX":8506253.59738907},"geometry":{"type":"Polygon","coordinates":[[[-72.9949259541377,-13.504787270554878],[-72.99493350404603,-13.503883591519344],[-72.99585699226071,-13.50389097751266],[-72.99584944582402,-13.504794657060545],[-72.9949259541377,-13.504787270554878]]]}},{"type":"Feature","properties":{"Cell_ID":7,"Area_ha":1.0,"LC":"3:0.559052,7:0.198061,9:0.242887","XMIN":716924.86160847,"YMIN":8506053.59738907,"XMAX":717024.86160847,"YMAX":8506153.59738907},"geometry":{"type":"Polygon","coordinates":[[[-72.9949184036767,-13.505690949521245],[-72.9949259541377,-13.504787270554878],[-72.99584944582402,-13.504794657060545],[-72.99584189883494,-13.50569833653927],[-72.9949184036767,-13.505690949521245]]]}},{"type":"Feature","properties":{"Cell_ID":8,"Area_ha":1.0,"LC":"3:0.095434,9:0.904566","XMIN":716924.86160847,"YMIN":8505953.59738907,"XMAX":717024.86160847,"YMAX":8506053.59738907},"geometry":{"type":"Polygon","coordinates":[[[-72.99491085266305,-13.506594628418439],[-72.9949184036767,-13.505690949521245],[-72.99584189883494,-13.50569833653927],[-72.99583435129341,-13.506602015948825],[-72.99491085266305,-13.506594628418439]]]}},{"type":"Feature","properties":{"Cell_ID":9,"Area_ha":1.0,"LC":"3:0.057225,9:0.665410,14:0.277365","XMIN":716924.86160847,"YMIN":8505853.59738907,"XMAX":717024.86160847,"YMAX":8505953.59738907},"geometry":{"type":"Polygon","coordinates":[[[-72.99490330109668,-13.507498307246465],[-72.99491085266305,-13.506594628418439],[-72.99583435129341,-13.506602015948825],[-72.99582680319945,-13.507505695289217],[-72.99490330109668,-13.507498307246465]]]}},{"type":"Feature","properties":{"Cell_ID":10,"Area_ha":1.0,"LC":"9:0.060675,14:0.939325","XMIN":717024.86160847,"YMIN":8506253.59738907,"XMAX":717124.86160847,"YMAX":8506353.59738907},"geometry":{"type":"Polygon","coordinates":[[[-72.994010016384,-13.503876202128751],[-72.99401756921102,-13.502972523536647],[-72.99494105340167,-13.502979912414652],[-72.99493350404603,-13.503883591519344],[-72.994010016384,-13.503876202128751]]]}},{"type":"Feature","properties":{"Cell_ID":11,"Area_ha":1.0,"LC":"3:0.374456,9:0.624566,14:0.000977","XMIN":717024.86160847,"YMIN":8506153.59738907,"XMAX":717124.86160847,"YMAX":8506253.59738907},"geometry":{"type":"Polygon","coordinates":[[[-72.99400246300404,-13.504779880651697],[-72.994010016384,-13.503876202128751],[-72.99493350404603,-13.503883591519344],[-72.9949259541377,-13.504787270554878],[-72.99400246300404,-13.504779880651697]]]}},{"type":"Feature","properties":{"Cell_ID":12,"Area_ha":1.0,"LC":"3:0.019727,9:0.498616,13:0.481658","XMIN":717024.86160847,"YMIN":8506053.59738907,"XMAX":717124.86160847,"YMAX":8506153.59738907},"geometry":{"type":"Polygon","coordinates":[[[-72.99399490907118,-13.505683559105469],[-72.99400246300404,-13.504779880651697],[-72.9949259541377,-13.504787270554878],[-72.9949184036767,-13.505690949521245],[-72.99399490907118,-13.505683559105469]]]}},{"type":"Feature","properties":{"Cell_ID":13,"Area_ha":1.0,"LC":"9:0.999719,13:0.000281","XMIN":717024.86160847,"YMIN":8505953.59738907,"XMAX":717124.86160847,"YMAX":8506053.59738907},"geometry":{"type":"Polygon","coordinates":[[[-72.99398735458536,-13.506587237490072],[-72.99399490907118,-13.505683559105469],[-72.9949184036767,-13.505690949521245],[-72.99491085266305,-13.506594628418439],[-72.99398735458536,-13.506587237490072]]]}},{"type":"Feature","properties":{"Cell_ID":14,"Area_ha":1.0,"LC":"3:0.041792,9:0.559052,18:0.399156","XMIN":717024.86160847,"YMIN":8505853.59738907,"XMAX":717124.86160847,"YMAX":8505953.59738907},"geometry":{"type":"Polygon","coordinates":[[[-72.99397979954661,-13.507490915805494],[-72.99398735458536,-13.506587237490072],[-72.99491085266305,-13.506594628418439],[-72.99490330109668,-13.507498307246465],[-72.99397979954661,-13.507490915805494]]]}},{"type":"Feature","properties":{"Cell_ID":15,"Area_ha":1.0,"LC":"3:0.541237,14:0.458763","XMIN":717124.86160847,"YMIN":8506353.59738907,"XMAX":717224.86160847,"YMAX":8506453.59738907},"geometry":{"type":"Polygon","coordinates":[[[-72.99309408557329,-13.50296513126161],[-72.99310164131853,-13.502061453113159],[-72.99402512148517,-13.502068844875383],[-72.99401756921102,-13.502972523536647],[-72.99309408557329,-13.50296513126161]]]}},{"type":"Feature","properties":{"Cell_ID":16,"Area_ha":1.0,"LC":"3:0.364588,9:0.098334,14:0.537078","XMIN":717124.86160847,"YMIN":8506253.59738907,"XMAX":717224.86160847,"YMAX":8506353.59738907},"geometry":{"type":"Polygon","coordinates":[[[-72.99308652927489,-13.503868809340894],[-72.99309408557329,-13.50296513126161],[-72.99401756921102,-13.502972523536647],[-72.994010016384,-13.503876202128751],[-72.99308652927489,-13.503868809340894]]]}},{"type":"Feature","properties":{"Cell_ID":17,"Area_ha":1.0,"LC":"9:0.495153,14:0.504847","XMIN":717124.86160847,"YMIN":8506153.59738907,"XMAX":717224.86160847,"YMAX":8506253.59738907},"geometry":{"type":"Polygon","coordinates":[[[-72.99307897242332,-13.504772487351012],[-72.99308652927489,-13.503868809340894],[-72.994010016384,-13.503876202128751],[-72.99400246300404,-13.504779880651697],[-72.99307897242332,-13.504772487351012]]]}},{"type":"Feature","properties":{"Cell_ID":18,"Area_ha":1.0,"LC":"9:0.879290,13:0.038061,14:0.082649","XMIN":717124.86160847,"YMIN":8506053.59738907,"XMAX":717224.86160847,"YMAX":8506153.59738907},"geometry":{"type":"Polygon","coordinates":[[[-72.99307141501856,-13.505676165291959],[-72.99307897242332,-13.504772487351012],[-72.99400246300404,-13.504779880651697],[-72.99399490907118,-13.505683559105469],[-72.99307141501856,-13.505676165291959]]]}},{"type":"Feature","properties":{"Cell_ID":19,"Area_ha":1.0,"LC":"9:0.756551,14:0.243449","XMIN":717124.86160847,"YMIN":8505953.59738907,"XMAX":717224.86160847,"YMAX":8506053.59738907},"geometry":{"type":"Polygon","coordinates":[[[-72.99306385706063,-13.506579843163724],[-72.99307141501856,-13.505676165291959],[-72.99399490907118,-13.505683559105469],[-72.99398735458536,-13.506587237490072],[-72.99306385706063,-13.506579843163724]]]}},{"type":"Feature","properties":{"Cell_ID":20,"Area_ha":1.0,"LC":"3:0.479304,6:0.100260,9:0.298069,14:0.122368","XMIN":717124.86160847,"YMIN":8505853.59738907,"XMAX":717224.86160847,"YMAX":8505953.59738907},"geometry":{"type":"Polygon","coordinates":[[[-72.99305629854949,-13.507483520966314],[-72.99306385706063,-13.506579843163724],[-72.99398735458536,-13.506587237490072],[-72.99397979954661,-13.507490915805494],[-72.99305629854949,-13.507483520966314]]]}},{"type":"Feature","properties":{"Cell_ID":21,"Area_ha":1.0,"LC":"3:0.260956,7:0.322086,14:0.416958","XMIN":717224.86160847,"YMIN":8506553.59738907,"XMAX":717324.86160847,"YMAX":8506653.59738907},"geometry":{"type":"Polygon","coordinates":[[[-72.992185720368,-13.501150380249591],[-72.99219327847754,-13.500246702475875],[-72.99311675114959,-13.500254096608789],[-72.99310919651063,-13.501157774895551],[-72.992185720368,-13.501150380249591]]]}},{"type":"Feature","properties":{"Cell_ID":22,"Area_ha":1.0,"LC":"3:0.182065,7:0.259312,9:0.499031,14:0.059593","XMIN":717224.86160847,"YMIN":8506453.59738907,"XMAX":717324.86160847,"YMAX":8506553.59738907},"geometry":{"type":"Polygon","coordinates":[[[-72.99217816170506,-13.502054057954151],[-72.992185720368,-13.501150380249591],[-72.99310919651063,-13.501157774895551],[-72.99310164131853,-13.502061453113159],[-72.99217816170506,-13.502054057954151]]]}},{"type":"Feature","properties":{"Cell_ID":23,"Area_ha":1.0,"LC":"3:0.822493,14:0.177507","XMIN":717224.86160847,"YMIN":8506353.59738907,"XMAX":717324.86160847,"YMAX":8506453.59738907},"geometry":{"type":"Polygon","coordinates":[[[-72.9921706024887,-13.502957735589547],[-72.99217816170506,-13.502054057954151],[-72.99310164131853,-13.502061453113159],[-72.99309408557329,-13.50296513126161],[-72.9921706024887,-13.502957735589547]]]}},{"type":"Feature","properties":{"Cell_ID":24,"Area_ha":1.0,"LC":"3:0.821666,14:0.178334","XMIN":717224.86160847,"YMIN":8506253.59738907,"XMAX":717324.86160847,"YMAX":8506353.59738907},"geometry":{"type":"Polygon","coordinates":[[[-72.99216304271896,-13.503861413155775],[-72.9921706024887,-13.502957735589547],[-72.99309408557329,-13.50296513126161],[-72.99308652927489,-13.503868809340894],[-72.99216304271896,-13.503861413155775]]]}},{"type":"Feature","properties":{"Cell_ID":25,"Area_ha":1.0,"LC":"3:0.324440,9:0.140407,14:0.535153","XMIN":717224.86160847,"YMIN":8506153.59738907,"XMAX":717324.86160847,"YMAX":8506253.59738907},"geometry":{"type":"Polygon","coordinates":[[[-72.99215548239577,-13.504765090652835],[-72.99216304271896,-13.503861413155775],[-72.99308652927489,-13.503868809340894],[-72.99307897242332,-13.504772487351012],[-72.99215548239577,-13.504765090652835]]]}},{"type":"Feature","properties":{"Cell_ID":26,"Area_ha":1.0,"LC":"3:0.020969,9:0.660273,14:0.318757","XMIN":717224.86160847,"YMIN":8506053.59738907,"XMAX":717324.86160847,"YMAX":8506153.59738907},"geometry":{"type":"Polygon","coordinates":[[[-72.99214792151915,-13.505668768080717],[-72.99215548239577,-13.504765090652835],[-72.99307897242332,-13.504772487351012],[-72.99307141501856,-13.505676165291959],[-72.99214792151915,-13.505668768080717]]]}},{"type":"Feature","properties":{"Cell_ID":27,"Area_ha":1.0,"LC":"3:0.503723,9:0.140289,14:0.355988","XMIN":717224.86160847,"YMIN":8505953.59738907,"XMAX":717324.86160847,"YMAX":8506053.59738907},"geometry":{"type":"Polygon","coordinates":[[[-72.9921403600891,-13.506572445439417],[-72.99214792151915,-13.505668768080717],[-72.99307141501856,-13.505676165291959],[-72.99306385706063,-13.506579843163724],[-72.9921403600891,-13.506572445439417]]]}},{"type":"Feature","properties":{"Cell_ID":28,"Area_ha":1.0,"LC":"3:0.439333,6:0.198594,9:0.283878,14:0.078195","XMIN":717224.86160847,"YMIN":8505853.59738907,"XMAX":717324.86160847,"YMAX":8505953.59738907},"geometry":{"type":"Polygon","coordinates":[[[-72.99213279810559,-13.507476122728933],[-72.9921403600891,-13.506572445439417],[-72.99306385706063,-13.506579843163724],[-72.99305629854949,-13.507483520966314],[-72.99213279810559,-13.507476122728933]]]}},{"type":"Feature","properties":{"Cell_ID":29,"Area_ha":1.0,"LC":"3:0.018897,6:0.700437,14:0.280667","XMIN":717224.86160847,"YMIN":8505753.59738907,"XMAX":717324.86160847,"YMAX":8505853.59738907},"geometry":{"type":"Polygon","coordinates":[[[-72.99212523556862,-13.508379799949262],[-72.99213279810559,-13.507476122728933],[-72.99305629854949,-13.507483520966314],[-72.99304873948515,-13.50838719869972],[-72.99212523556862,-13.508379799949262]]]}},{"type":"Feature","properties":{"Cell_ID":30,"Area_ha":1.0,"LC":"6:0.359333,9:0.281510,14:0.359156","XMIN":717324.86160847,"YMIN":8507053.59738907,"XMAX":717424.86160847,"YMAX":8507153.59738907},"geometry":{"type":"Polygon","coordinates":[[[-72.99130004714317,-13.49662459521337],[-72.99130760595521,-13.495720917607187],[-72.99223106072475,-13.495728312570055],[-72.99222350538203,-13.496631990689501],[-72.99130004714317,-13.49662459521337]]]}},{"type":"Feature","properties":{"Cell_ID":31,"Area_ha":1.0,"LC":"6:0.095153,9:0.784004,14:0.120844","XMIN":717324.86160847,"YMIN":8506953.59738907,"XMAX":717424.86160847,"YMAX":8507053.59738907},"geometry":{"type":"Polygon","coordinates":[[[-72.99129248777751,-13.497528272750415],[-72.99130004714317,-13.49662459521337],[-72.99222350538203,-13.496631990689501],[-72.99221594948594,-13.497535668739813],[-72.99129248777751,-13.497528272750415]]]}},{"type":"Feature","properties":{"Cell_ID":32,"Area_ha":1.0,"LC":"6:0.336529,9:0.625410,14:0.038061","XMIN":717324.86160847,"YMIN":8506853.59738907,"XMAX":717424.86160847,"YMAX":8506953.59738907},"geometry":{"type":"Polygon","coordinates":[[[-72.99128492785826,-13.498431950218308],[-72.99129248777751,-13.497528272750415],[-72.99221594948594,-13.497535668739813],[-72.99220839303652,-13.498439346720977],[-72.99128492785826,-13.498431950218308]]]}},{"type":"Feature","properties":{"Cell_ID":33,"Area_ha":1.0,"LC":"3:0.081792,6:0.677914,9:0.162649,14:0.077646","XMIN":717324.86160847,"YMIN":8506753.59738907,"XMAX":717424.86160847,"YMAX":8506853.59738907},"geometry":{"type":"Polygon","coordinates":[[[-72.9912773673854,-13.499335627617057],[-72.99128492785826,-13.498431950218308],[-72.99220839303652,-13.498439346720977],[-72.99220083603372,-13.499343024633003],[-72.9912773673854,-13.499335627617057]]]}},{"type":"Feature","properties":{"Cell_ID":34,"Area_ha":1.0,"LC":"3:0.823723,6:0.040844,7:0.018897,14:0.116537","XMIN":717324.86160847,"YMIN":8506653.59738907,"XMAX":717424.86160847,"YMAX":8506753.59738907},"geometry":{"type":"Polygon","coordinates":[[[-72.9912698063589,-13.500239304946655],[-72.9912773673854,-13.499335627617057],[-72.99220083603372,-13.499343024633003],[-72.99219327847754,-13.500246702475875],[-72.9912698063589,-13.500239304946655]]]}},{"type":"Feature","properties":{"Cell_ID":35,"Area_ha":1.0,"LC":"3:0.661679,7:0.317351,14:0.020969","XMIN":717324.86160847,"YMIN":8506553.59738907,"XMAX":717424.86160847,"YMAX":8506653.59738907},"geometry":{"type":"Polygon","coordinates":[[[-72.99126224477877,-13.50114298220709],[-72.9912698063589,-13.500239304946655],[-72.99219327847754,-13.500246702475875],[-72.992185720368,-13.501150380249591],[-72.99126224477877,-13.50114298220709]]]}},{"type":"Feature","properties":{"Cell_ID":36,"Area_ha":1.0,"LC":"3:0.900273,7:0.040844,9:0.058883","XMIN":717324.86160847,"YMIN":8506453.59738907,"XMAX":717424.86160847,"YMAX":8506553.59738907},"geometry":{"type":"Polygon","coordinates":[[[-72.99125468264498,-13.502046659398367],[-72.99126224477877,-13.50114298220709],[-72.992185720368,-13.501150380249591],[-72.99217816170506,-13.502054057954151],[-72.99125468264498,-13.502046659398367]]]}},{"type":"Feature","properties":{"Cell_ID":37,"Area_ha":1.0,"LC":"2:0.100541,3:0.695434,9:0.204025","XMIN":717324.86160847,"YMIN":8506353.59738907,"XMAX":717424.86160847,"YMAX":8506453.59738907},"geometry":{"type":"Polygon","coordinates":[[[-72.99124711995754,-13.502950336520474],[-72.99125468264498,-13.502046659398367],[-72.99217816170506,-13.502054057954151],[-72.9921706024887,-13.502957735589547],[-72.99124711995754,-13.502950336520474]]]}},{"type":"Feature","properties":{"Cell_ID":38,"Area_ha":1.0,"LC":"2:0.263337,3:0.736663","XMIN":717324.86160847,"YMIN":8506253.59738907,"XMAX":717424.86160847,"YMAX":8506353.59738907},"geometry":{"type":"Polygon","coordinates":[[[-72.99123955671644,-13.503854013573411],[-72.99124711995754,-13.502950336520474],[-72.9921706024887,-13.502957735589547],[-72.99216304271896,-13.503861413155775],[-72.99123955671644,-13.503854013573411]]]}},{"type":"Feature","properties":{"Cell_ID":39,"Area_ha":1.0,"LC":"3:0.720429,9:0.279571","XMIN":717324.86160847,"YMIN":8506153.59738907,"XMAX":717424.86160847,"YMAX":8506253.59738907},"geometry":{"type":"Polygon","coordinates":[[[-72.99123199292166,-13.504757690557174],[-72.99123955671644,-13.503854013573411],[-72.99216304271896,-13.503861413155775],[-72.99215548239577,-13.504765090652835],[-72.99123199292166,-13.504757690557174]]]}},{"type":"Feature","properties":{"Cell_ID":40,"Area_ha":1.0,"LC":"3:0.379031,9:0.459031,14:0.161939","XMIN":717324.86160847,"YMIN":8506053.59738907,"XMAX":717424.86160847,"YMAX":8506153.59738907},"geometry":{"type":"Polygon","coordinates":[[[-72.99122442857318,-13.505661367471756],[-72.99123199292166,-13.504757690557174],[-72.99215548239577,-13.504765090652835],[-72.99214792151915,-13.505668768080717],[-72.99122442857318,-13.505661367471756]]]}},{"type":"Feature","properties":{"Cell_ID":41,"Area_ha":1.0,"LC":"3:0.415434,9:0.124307,14:0.460260","XMIN":717324.86160847,"YMIN":8505953.59738907,"XMAX":717424.86160847,"YMAX":8506053.59738907},"geometry":{"type":"Polygon","coordinates":[[[-72.99121686367101,-13.506565044317153],[-72.99122442857318,-13.505661367471756],[-72.99214792151915,-13.505668768080717],[-72.9921403600891,-13.506572445439417],[-72.99121686367101,-13.506565044317153]]]}},{"type":"Feature","properties":{"Cell_ID":42,"Area_ha":1.0,"LC":"3:0.322635,6:0.198594,9:0.316122,14:0.162649","XMIN":717324.86160847,"YMIN":8505853.59738907,"XMAX":717424.86160847,"YMAX":8505953.59738907},"geometry":{"type":"Polygon","coordinates":[[[-72.99120929821514,-13.507468721093364],[-72.99121686367101,-13.506565044317153],[-72.9921403600891,-13.506572445439417],[-72.99213279810559,-13.507476122728933],[-72.99120929821514,-13.507468721093364]]]}},{"type":"Feature","properties":{"Cell_ID":43,"Area_ha":1.0,"LC":"6:0.882354,14:0.117646","XMIN":717324.86160847,"YMIN":8505753.59738907,"XMAX":717424.86160847,"YMAX":8505853.59738907},"geometry":{"type":"Polygon","coordinates":[[[-72.99120173220555,-13.50837239780038],[-72.99120929821514,-13.507468721093364],[-72.99213279810559,-13.507476122728933],[-72.99212523556862,-13.508379799949262],[-72.99120173220555,-13.50837239780038]]]}},{"type":"Feature","properties":{"Cell_ID":44,"Area_ha":1.0,"LC":"5:0.000562,6:0.597499,9:0.401939","XMIN":717424.86160847,"YMIN":8507253.59738907,"XMAX":717524.86160847,"YMAX":8507353.59738907},"geometry":{"type":"Polygon","coordinates":[[[-72.99039171346678,-13.494809842087374],[-72.99039927464045,-13.493906164856417],[-72.99132272191856,-13.493913562187418],[-72.99131516421367,-13.49481723993187],[-72.99039171346678,-13.494809842087374]]]}},{"type":"Feature","properties":{"Cell_ID":45,"Area_ha":1.0,"LC":"6:0.999438,9:0.000562","XMIN":717424.86160847,"YMIN":8507153.59738907,"XMAX":717524.86160847,"YMAX":8507253.59738907},"geometry":{"type":"Polygon","coordinates":[[[-72.99038415173926,-13.4957135192492],[-72.99039171346678,-13.494809842087374],[-72.99131516421367,-13.49481723993187],[-72.99130760595521,-13.495720917607187],[-72.99038415173926,-13.4957135192492]]]}},{"type":"Feature","properties":{"Cell_ID":46,"Area_ha":1.0,"LC":"6:0.962073,9:0.037927","XMIN":717424.86160847,"YMIN":8507053.59738907,"XMAX":717524.86160847,"YMAX":8507153.59738907},"geometry":{"type":"Polygon","coordinates":[[[-72.99037658945791,-13.496617196341887],[-72.99038415173926,-13.4957135192492],[-72.99130760595521,-13.495720917607187],[-72.99130004714317,-13.49662459521337],[-72.99037658945791,-13.496617196341887]]]}},{"type":"Feature","properties":{"Cell_ID":47,"Area_ha":1.0,"LC":"3:0.581636,6:0.323211,9:0.095153","XMIN":717424.86160847,"YMIN":8506953.59738907,"XMAX":717524.86160847,"YMAX":8507053.59738907},"geometry":{"type":"Polygon","coordinates":[[[-72.9903690266227,-13.497520873365428],[-72.99037658945791,-13.496617196341887],[-72.99130004714317,-13.49662459521337],[-72.99129248777751,-13.497528272750415],[-72.9903690266227,-13.497520873365428]]]}},{"type":"Feature","properties":{"Cell_ID":48,"Area_ha":1.0,"LC":"3:0.585410,9:0.414590","XMIN":717424.86160847,"YMIN":8506853.59738907,"XMAX":717524.86160847,"YMAX":8506953.59738907},"geometry":{"type":"Polygon","coordinates":[[[-72.99036146323364,-13.498424550319818],[-72.9903690266227,-13.497520873365428],[-72.99129248777751,-13.497528272750415],[-72.99128492785826,-13.498431950218308],[-72.99036146323364,-13.498424550319818]]]}},{"type":"Feature","properties":{"Cell_ID":49,"Area_ha":1.0,"LC":"3:0.782212,6:0.019031,9:0.198757","XMIN":717424.86160847,"YMIN":8506753.59738907,"XMAX":717524.86160847,"YMAX":8506853.59738907},"geometry":{"type":"Polygon","coordinates":[[[-72.9903538992907,-13.499328227205059],[-72.99036146323364,-13.498424550319818],[-72.99128492785826,-13.498431950218308],[-72.9912773673854,-13.499335627617057],[-72.9903538992907,-13.499328227205059]]]}},{"type":"Feature","properties":{"Cell_ID":50,"Area_ha":1.0,"LC":"3:0.857801,14:0.142199","XMIN":717424.86160847,"YMIN":8506653.59738907,"XMAX":717524.86160847,"YMAX":8506753.59738907},"geometry":{"type":"Polygon","coordinates":[[[-72.99034633479388,-13.500231904021142],[-72.9903538992907,-13.499328227205059],[-72.9912773673854,-13.499335627617057],[-72.9912698063589,-13.500239304946655],[-72.99034633479388,-13.500231904021142]]]}},{"type":"Feature","properties":{"Cell_ID":51,"Area_ha":1.0,"LC":"3:0.276403,6:0.362887,14:0.360710","XMIN":717424.86160847,"YMIN":8506553.59738907,"XMAX":717524.86160847,"YMAX":8506653.59738907},"geometry":{"type":"Polygon","coordinates":[[[-72.99033876974316,-13.501135580768063],[-72.99034633479388,-13.500231904021142],[-72.9912698063589,-13.500239304946655],[-72.99126224477877,-13.50114298220709],[-72.99033876974316,-13.501135580768063]]]}},{"type":"Feature","properties":{"Cell_ID":52,"Area_ha":1.0,"LC":"3:0.356537,6:0.080991,9:0.562472","XMIN":717424.86160847,"YMIN":8506453.59738907,"XMAX":717524.86160847,"YMAX":8506553.59738907},"geometry":{"type":"Polygon","coordinates":[[[-72.99033120413856,-13.502039257445812],[-72.99033876974316,-13.501135580768063],[-72.99126224477877,-13.50114298220709],[-72.99125468264498,-13.502046659398367],[-72.99033120413856,-13.502039257445812]]]}},{"type":"Feature","properties":{"Cell_ID":53,"Area_ha":1.0,"LC":"2:0.018897,9:0.960281,14:0.020822","XMIN":717424.86160847,"YMIN":8506353.59738907,"XMAX":717524.86160847,"YMAX":8506453.59738907},"geometry":{"type":"Polygon","coordinates":[[[-72.99032363798004,-13.502942934054397],[-72.99033120413856,-13.502039257445812],[-72.99125468264498,-13.502046659398367],[-72.99124711995754,-13.502950336520474],[-72.99032363798004,-13.502942934054397]]]}},{"type":"Feature","properties":{"Cell_ID":54,"Area_ha":1.0,"LC":"2:0.097225,3:0.758741,9:0.081125,14:0.062908","XMIN":717424.86160847,"YMIN":8506253.59738907,"XMAX":717524.86160847,"YMAX":8506353.59738907},"geometry":{"type":"Polygon","coordinates":[[[-72.9903160712676,-13.503846610593806],[-72.99032363798004,-13.502942934054397],[-72.99124711995754,-13.502950336520474],[-72.99123955671644,-13.503854013573411],[-72.9903160712676,-13.503846610593806]]]}},{"type":"Feature","properties":{"Cell_ID":55,"Area_ha":1.0,"LC":"3:0.157381,6:0.041792,9:0.737772,14:0.063056","XMIN":717424.86160847,"YMIN":8506153.59738907,"XMAX":717524.86160847,"YMAX":8506253.59738907},"geometry":{"type":"Polygon","coordinates":[[[-72.99030850400122,-13.504750287064038],[-72.9903160712676,-13.503846610593806],[-72.99123955671644,-13.503854013573411],[-72.99123199292166,-13.504757690557174],[-72.99030850400122,-13.504750287064038]]]}},{"type":"Feature","properties":{"Cell_ID":56,"Area_ha":1.0,"LC":"6:0.000147,9:0.459312,14:0.540541","XMIN":717424.86160847,"YMIN":8506053.59738907,"XMAX":717524.86160847,"YMAX":8506153.59738907},"geometry":{"type":"Polygon","coordinates":[[[-72.9903009361809,-13.505653963465084],[-72.99030850400122,-13.504750287064038],[-72.99123199292166,-13.504757690557174],[-72.99122442857318,-13.505661367471756],[-72.9903009361809,-13.505653963465084]]]}},{"type":"Feature","properties":{"Cell_ID":57,"Area_ha":1.0,"LC":"9:0.679038,14:0.320962","XMIN":717424.86160847,"YMIN":8505953.59738907,"XMAX":717524.86160847,"YMAX":8506053.59738907},"geometry":{"type":"Polygon","coordinates":[[[-72.99029336780663,-13.506557639796942],[-72.9903009361809,-13.505653963465084],[-72.99122442857318,-13.505661367471756],[-72.99121686367101,-13.506565044317153],[-72.99029336780663,-13.506557639796942]]]}},{"type":"Feature","properties":{"Cell_ID":58,"Area_ha":1.0,"LC":"3:0.559719,6:0.138053,14:0.302228","XMIN":717424.86160847,"YMIN":8505853.59738907,"XMAX":717524.86160847,"YMAX":8505953.59738907},"geometry":{"type":"Polygon","coordinates":[[[-72.99028579887842,-13.507461316059612],[-72.99029336780663,-13.506557639796942],[-72.99121686367101,-13.506565044317153],[-72.99120929821514,-13.507468721093364],[-72.99028579887842,-13.507461316059612]]]}},{"type":"Feature","properties":{"Cell_ID":59,"Area_ha":1.0,"LC":"3:0.000281,6:0.936663,14:0.063056","XMIN":717424.86160847,"YMIN":8505753.59738907,"XMAX":717524.86160847,"YMAX":8505853.59738907},"geometry":{"type":"Polygon","coordinates":[[[-72.99027822939621,-13.508364992253082],[-72.99028579887842,-13.507461316059612],[-72.99120929821514,-13.507468721093364],[-72.99120173220555,-13.50837239780038],[-72.99027822939621,-13.508364992253082]]]}},{"type":"Feature","properties":{"Cell_ID":60,"Area_ha":1.0,"LC":"5:0.597231,6:0.200562,9:0.202207","XMIN":717524.86160847,"YMIN":8507353.59738907,"XMAX":717624.86160847,"YMAX":8507453.59738907},"geometry":{"type":"Polygon","coordinates":[[[-72.98947582791618,-13.493898764130774],[-72.98948339200457,-13.492995087344404],[-72.99040683526032,-13.493002487556323],[-72.99039927464045,-13.493906164856417],[-72.98947582791618,-13.493898764130774]]]}},{"type":"Feature","properties":{"Cell_ID":61,"Area_ha":1.0,"LC":"5:0.001259,6:0.598594,9:0.400147","XMIN":717524.86160847,"YMIN":8507253.59738907,"XMAX":717624.86160847,"YMAX":8507353.59738907},"geometry":{"type":"Polygon","coordinates":[[[-72.98946826327371,-13.494802440848009],[-72.98947582791618,-13.493898764130774],[-72.99039927464045,-13.493906164856417],[-72.99039171346678,-13.494809842087374],[-72.98946826327371,-13.494802440848009]]]}},{"type":"Feature","properties":{"Cell_ID":62,"Area_ha":1.0,"LC":"5:0.159156,6:0.840844","XMIN":717524.86160847,"YMIN":8507153.59738907,"XMAX":717624.86160847,"YMAX":8507253.59738907},"geometry":{"type":"Polygon","coordinates":[[[-72.98946069807715,-13.495706117496102],[-72.98946826327371,-13.494802440848009],[-72.99039171346678,-13.494809842087374],[-72.99038415173926,-13.4957135192492],[-72.98946069807715,-13.495706117496102]]]}},{"type":"Feature","properties":{"Cell_ID":63,"Area_ha":1.0,"LC":"3:0.163449,5:0.400844,6:0.435707","XMIN":717524.86160847,"YMIN":8507053.59738907,"XMAX":717624.86160847,"YMAX":8507153.59738907},"geometry":{"type":"Polygon","coordinates":[[[-72.9894531323265,-13.496609794075056],[-72.98946069807715,-13.495706117496102],[-72.99038415173926,-13.4957135192492],[-72.99037658945791,-13.496617196341887],[-72.9894531323265,-13.496609794075056]]]}},{"type":"Feature","properties":{"Cell_ID":64,"Area_ha":1.0,"LC":"3:0.760962,6:0.239038","XMIN":717524.86160847,"YMIN":8506953.59738907,"XMAX":717624.86160847,"YMAX":8507053.59738907},"geometry":{"type":"Polygon","coordinates":[[[-72.98944556602174,-13.49751347058486],[-72.9894531323265,-13.496609794075056],[-72.99037658945791,-13.496617196341887],[-72.9903690266227,-13.497520873365428],[-72.98944556602174,-13.49751347058486]]]}},{"type":"Feature","properties":{"Cell_ID":65,"Area_ha":1.0,"LC":"3:1.000000","XMIN":717524.86160847,"YMIN":8506853.59738907,"XMAX":717624.86160847,"YMAX":8506953.59738907},"geometry":{"type":"Polygon","coordinates":[[[-72.98943799916289,-13.498417147025508],[-72.98944556602174,-13.49751347058486],[-72.9903690266227,-13.497520873365428],[-72.99036146323364,-13.498424550319818],[-72.98943799916289,-13.498417147025508]]]}},{"type":"Feature","properties":{"Cell_ID":66,"Area_ha":1.0,"LC":"3:1.000000","XMIN":717524.86160847,"YMIN":8506753.59738907,"XMAX":717624.86160847,"YMAX":8506853.59738907},"geometry":{"type":"Polygon","coordinates":[[[-72.9894304317499,-13.499320823397003],[-72.98943799916289,-13.498417147025508],[-72.99036146323364,-13.498424550319818],[-72.9903538992907,-13.499328227205059],[-72.9894304317499,-13.499320823397003]]]}},{"type":"Feature","properties":{"Cell_ID":67,"Area_ha":1.0,"LC":"3:0.823323,14:0.176677","XMIN":717524.86160847,"YMIN":8506653.59738907,"XMAX":717624.86160847,"YMAX":8506753.59738907},"geometry":{"type":"Polygon","coordinates":[[[-72.98942286378275,-13.500224499699337],[-72.9894304317499,-13.499320823397003],[-72.9903538992907,-13.499328227205059],[-72.99034633479388,-13.500231904021142],[-72.98942286378275,-13.500224499699337]]]}},{"type":"Feature","properties":{"Cell_ID":68,"Area_ha":1.0,"LC":"3:0.162930,6:0.475988,9:0.301636,14:0.059446","XMIN":717524.86160847,"YMIN":8506553.59738907,"XMAX":717624.86160847,"YMAX":8506653.59738907},"geometry":{"type":"Polygon","coordinates":[[[-72.98941529526148,-13.501128175932504],[-72.98942286378275,-13.500224499699337],[-72.99034633479388,-13.500231904021142],[-72.99033876974316,-13.501135580768063],[-72.98941529526148,-13.501128175932504]]]}},{"type":"Feature","properties":{"Cell_ID":69,"Area_ha":1.0,"LC":"6:0.000134,9:0.756417,14:0.243449","XMIN":717524.86160847,"YMIN":8506453.59738907,"XMAX":717624.86160847,"YMAX":8506553.59738907},"geometry":{"type":"Polygon","coordinates":[[[-72.98940772618604,-13.502031852096504],[-72.98941529526148,-13.501128175932504],[-72.99033876974316,-13.501135580768063],[-72.99033120413856,-13.502039257445812],[-72.98940772618604,-13.502031852096504]]]}},{"type":"Feature","properties":{"Cell_ID":70,"Area_ha":1.0,"LC":"9:0.277100,14:0.722900","XMIN":717524.86160847,"YMIN":8506353.59738907,"XMAX":717624.86160847,"YMAX":8506453.59738907},"geometry":{"type":"Polygon","coordinates":[[[-72.98940015655646,-13.502935528191328],[-72.98940772618604,-13.502031852096504],[-72.99033120413856,-13.502039257445812],[-72.99032363798004,-13.502942934054397],[-72.98940015655646,-13.502935528191328]]]}},{"type":"Feature","properties":{"Cell_ID":71,"Area_ha":1.0,"LC":"3:0.198061,14:0.801939","XMIN":717524.86160847,"YMIN":8506253.59738907,"XMAX":717624.86160847,"YMAX":8506353.59738907},"geometry":{"type":"Polygon","coordinates":[[[-72.98939258637269,-13.503839204216971],[-72.98940015655646,-13.502935528191328],[-72.99032363798004,-13.502942934054397],[-72.9903160712676,-13.503846610593806],[-72.98939258637269,-13.503839204216971]]]}},{"type":"Feature","properties":{"Cell_ID":72,"Area_ha":1.0,"LC":"6:0.478594,9:0.201939,14:0.319467","XMIN":717524.86160847,"YMIN":8506153.59738907,"XMAX":717624.86160847,"YMAX":8506253.59738907},"geometry":{"type":"Polygon","coordinates":[[[-72.98938501563472,-13.504742880173437],[-72.98939258637269,-13.503839204216971],[-72.9903160712676,-13.503846610593806],[-72.99030850400122,-13.504750287064038],[-72.98938501563472,-13.504742880173437]]]}},{"type":"Feature","properties":{"Cell_ID":73,"Area_ha":1.0,"LC":"6:0.665544,9:0.117780,14:0.216677","XMIN":717524.86160847,"YMIN":8506053.59738907,"XMAX":717624.86160847,"YMAX":8506153.59738907},"geometry":{"type":"Polygon","coordinates":[[[-72.98937744434258,-13.505646556060713],[-72.98938501563472,-13.504742880173437],[-72.99030850400122,-13.504750287064038],[-72.9903009361809,-13.505653963465084],[-72.98937744434258,-13.505646556060713]]]}},{"type":"Feature","properties":{"Cell_ID":74,"Area_ha":1.0,"LC":"6:0.061679,9:0.681510,14:0.256810","XMIN":717524.86160847,"YMIN":8505953.59738907,"XMAX":717624.86160847,"YMAX":8506053.59738907},"geometry":{"type":"Polygon","coordinates":[[[-72.98936987249623,-13.506550231878798],[-72.98937744434258,-13.505646556060713],[-72.9903009361809,-13.505653963465084],[-72.99029336780663,-13.506557639796942],[-72.98936987249623,-13.506550231878798]]]}},{"type":"Feature","properties":{"Cell_ID":75,"Area_ha":1.0,"LC":"3:0.078061,6:0.020822,9:0.000710,14:0.900407","XMIN":717524.86160847,"YMIN":8505853.59738907,"XMAX":717624.86160847,"YMAX":8505953.59738907},"geometry":{"type":"Polygon","coordinates":[[[-72.98936230009565,-13.507453907627683],[-72.98936987249623,-13.506550231878798],[-72.99029336780663,-13.506557639796942],[-72.99028579887842,-13.507461316059612],[-72.98936230009565,-13.507453907627683]]]}},{"type":"Feature","properties":{"Cell_ID":76,"Area_ha":1.0,"LC":"5:0.119156,6:0.580702,9:0.041792,14:0.258350","XMIN":717524.86160847,"YMIN":8505753.59738907,"XMAX":717624.86160847,"YMAX":8505853.59738907},"geometry":{"type":"Polygon","coordinates":[[[-72.98935472714086,-13.508357583307374],[-72.98936230009565,-13.507453907627683],[-72.99028579887842,-13.507461316059612],[-72.99027822939621,-13.508364992253082],[-72.98935472714086,-13.508357583307374]]]}},{"type":"Feature","properties":{"Cell_ID":77,"Area_ha":1.0,"LC":"5:0.423042,6:0.377507,7:0.157365,9:0.042086","XMIN":717524.86160847,"YMIN":8505653.59738907,"XMAX":717624.86160847,"YMAX":8505753.59738907},"geometry":{"type":"Polygon","coordinates":[[[-72.98934715363183,-13.50926125891786],[-72.98935472714086,-13.508357583307374],[-72.99027822939621,-13.508364992253082],[-72.99027065936002,-13.50926866837735],[-72.98934715363183,-13.50926125891786]]]}},{"type":"Feature","properties":{"Cell_ID":78,"Area_ha":1.0,"LC":"5:0.144315,9:0.018897,13:0.836789","XMIN":717624.86160847,"YMIN":8507853.59738907,"XMAX":717724.86160847,"YMAX":8507953.59738907},"geometry":{"type":"Polygon","coordinates":[[[-72.98859021398745,-13.489372977957151],[-72.98859777877287,-13.488469301339107],[-72.98952120413576,-13.488476702375683],[-72.98951364281758,-13.489380379507663],[-72.98859021398745,-13.489372977957151]]]}},{"type":"Feature","properties":{"Cell_ID":79,"Area_ha":1.0,"LC":"9:0.175153,13:0.824847","XMIN":717624.86160847,"YMIN":8507753.59738907,"XMAX":717724.86160847,"YMAX":8507853.59738907},"geometry":{"type":"Polygon","coordinates":[[[-72.98858264864776,-13.49027665450607],[-72.98859021398745,-13.489372977957151],[-72.98951364281758,-13.489380379507663],[-72.98950608094539,-13.490284056570529],[-72.98858264864776,-13.49027665450607]]]}},{"type":"Feature","properties":{"Cell_ID":80,"Area_ha":1.0,"LC":"5:0.058616,9:0.195975,13:0.745410","XMIN":717624.86160847,"YMIN":8507653.59738907,"XMAX":717724.86160847,"YMAX":8507753.59738907},"geometry":{"type":"Polygon","coordinates":[[[-72.98857508275377,-13.491180330985872],[-72.98858264864776,-13.49027665450607],[-72.98950608094539,-13.490284056570529],[-72.98949851851917,-13.491187733564276],[-72.98857508275377,-13.491180330985872]]]}},{"type":"Feature","properties":{"Cell_ID":81,"Area_ha":1.0,"LC":"5:0.536663,6:0.079438,9:0.000281,13:0.383618","XMIN":717624.86160847,"YMIN":8507553.59738907,"XMAX":717724.86160847,"YMAX":8507653.59738907},"geometry":{"type":"Polygon","coordinates":[[[-72.98856751630548,-13.492084007396548],[-72.98857508275377,-13.491180330985872],[-72.98949851851917,-13.491187733564276],[-72.9894909555389,-13.492091410488905],[-72.98856751630548,-13.492084007396548]]]}},{"type":"Feature","properties":{"Cell_ID":82,"Area_ha":1.0,"LC":"5:0.575019,6:0.424981","XMIN":717624.86160847,"YMIN":8507453.59738907,"XMAX":717724.86160847,"YMAX":8507553.59738907},"geometry":{"type":"Polygon","coordinates":[[[-72.98855994930288,-13.492987683738093],[-72.98856751630548,-13.492084007396548],[-72.9894909555389,-13.492091410488905],[-72.98948339200457,-13.492995087344404],[-72.98855994930288,-13.492987683738093]]]}},{"type":"Feature","properties":{"Cell_ID":83,"Area_ha":1.0,"LC":"5:0.360977,6:0.000429,9:0.638594","XMIN":717624.86160847,"YMIN":8507353.59738907,"XMAX":717724.86160847,"YMAX":8507453.59738907},"geometry":{"type":"Polygon","coordinates":[[[-72.98855238174598,-13.493891360010505],[-72.98855994930288,-13.492987683738093],[-72.98948339200457,-13.492995087344404],[-72.98947582791618,-13.493898764130774],[-72.98855238174598,-13.493891360010505]]]}},{"type":"Feature","properties":{"Cell_ID":84,"Area_ha":1.0,"LC":"6:0.920533,9:0.079467","XMIN":717624.86160847,"YMIN":8507253.59738907,"XMAX":717724.86160847,"YMAX":8507353.59738907},"geometry":{"type":"Polygon","coordinates":[[[-72.98854481363472,-13.494795036213775],[-72.98855238174598,-13.493891360010505],[-72.98947582791618,-13.493898764130774],[-72.98946826327371,-13.494802440848009],[-72.98854481363472,-13.494795036213775]]]}},{"type":"Feature","properties":{"Cell_ID":85,"Area_ha":1.0,"LC":"3:0.083878,6:0.916122","XMIN":717624.86160847,"YMIN":8507153.59738907,"XMAX":717724.86160847,"YMAX":8507253.59738907},"geometry":{"type":"Polygon","coordinates":[[[-72.98853724496914,-13.495698712347908],[-72.98854481363472,-13.494795036213775],[-72.98946826327371,-13.494802440848009],[-72.98946069807715,-13.495706117496102],[-72.98853724496914,-13.495698712347908]]]}},{"type":"Feature","properties":{"Cell_ID":86,"Area_ha":1.0,"LC":"3:0.718594,6:0.281406","XMIN":717624.86160847,"YMIN":8507053.59738907,"XMAX":717724.86160847,"YMAX":8507153.59738907},"geometry":{"type":"Polygon","coordinates":[[[-72.9885296757492,-13.496602388412887],[-72.98853724496914,-13.495698712347908],[-72.98946069807715,-13.495706117496102],[-72.9894531323265,-13.496609794075056],[-72.9885296757492,-13.496602388412887]]]}},{"type":"Feature","properties":{"Cell_ID":87,"Area_ha":1.0,"LC":"3:1.000000","XMIN":717624.86160847,"YMIN":8506953.59738907,"XMAX":717724.86160847,"YMAX":8507053.59738907},"geometry":{"type":"Polygon","coordinates":[[[-72.98852210597491,-13.497506064408723],[-72.9885296757492,-13.496602388412887],[-72.9894531323265,-13.496609794075056],[-72.98944556602174,-13.49751347058486],[-72.98852210597491,-13.497506064408723]]]}},{"type":"Feature","properties":{"Cell_ID":88,"Area_ha":1.0,"LC":"3:1.000000","XMIN":717624.86160847,"YMIN":8506853.59738907,"XMAX":717724.86160847,"YMAX":8506953.59738907},"geometry":{"type":"Polygon","coordinates":[[[-72.98851453564625,-13.498409740335392],[-72.98852210597491,-13.497506064408723],[-72.98944556602174,-13.49751347058486],[-72.98943799916289,-13.498417147025508],[-72.98851453564625,-13.498409740335392]]]}},{"type":"Feature","properties":{"Cell_ID":89,"Area_ha":1.0,"LC":"3:0.937092,14:0.062908","XMIN":717624.86160847,"YMIN":8506753.59738907,"XMAX":717724.86160847,"YMAX":8506853.59738907},"geometry":{"type":"Polygon","coordinates":[[[-72.9885069647632,-13.499313416192908],[-72.98851453564625,-13.498409740335392],[-72.98943799916289,-13.498417147025508],[-72.9894304317499,-13.499320823397003],[-72.9885069647632,-13.499313416192908]]]}},{"type":"Feature","properties":{"Cell_ID":90,"Area_ha":1.0,"LC":"3:1.000000","XMIN":717624.86160847,"YMIN":8506653.59738907,"XMAX":717724.86160847,"YMAX":8506753.59738907},"geometry":{"type":"Polygon","coordinates":[[[-72.98849939332577,-13.500217091981257],[-72.9885069647632,-13.499313416192908],[-72.9894304317499,-13.499320823397003],[-72.98942286378275,-13.500224499699337],[-72.98849939332577,-13.500217091981257]]]}},{"type":"Feature","properties":{"Cell_ID":91,"Area_ha":1.0,"LC":"3:0.480844,9:0.176677,14:0.342480","XMIN":717624.86160847,"YMIN":8506553.59738907,"XMAX":717724.86160847,"YMAX":8506653.59738907},"geometry":{"type":"Polygon","coordinates":[[[-72.98849182133395,-13.501120767700437],[-72.98849939332577,-13.500217091981257],[-72.98942286378275,-13.500224499699337],[-72.98941529526148,-13.501128175932504],[-72.98849182133395,-13.501120767700437]]]}},{"type":"Feature","properties":{"Cell_ID":92,"Area_ha":1.0,"LC":"3:0.303471,6:0.020969,9:0.059446,14:0.616114","XMIN":717624.86160847,"YMIN":8506453.59738907,"XMAX":717724.86160847,"YMAX":8506553.59738907},"geometry":{"type":"Polygon","coordinates":[[[-72.98848424878771,-13.502024443350443],[-72.98849182133395,-13.501120767700437],[-72.98941529526148,-13.501128175932504],[-72.98940772618604,-13.502031852096504],[-72.98848424878771,-13.502024443350443]]]}},{"type":"Feature","properties":{"Cell_ID":93,"Area_ha":1.0,"LC":"5:0.283449,14:0.716551","XMIN":717624.86160847,"YMIN":8506353.59738907,"XMAX":717724.86160847,"YMAX":8506453.59738907},"geometry":{"type":"Polygon","coordinates":[[[-72.98847667568704,-13.50292811893127],[-72.98848424878771,-13.502024443350443],[-72.98940772618604,-13.502031852096504],[-72.98940015655646,-13.502935528191328],[-72.98847667568704,-13.50292811893127]]]}},{"type":"Feature","properties":{"Cell_ID":94,"Area_ha":1.0,"LC":"5:0.141398,6:0.443730,9:0.158875,14:0.255996","XMIN":717624.86160847,"YMIN":8506253.59738907,"XMAX":717724.86160847,"YMAX":8506353.59738907},"geometry":{"type":"Polygon","coordinates":[[[-72.98846910203196,-13.503831794442917],[-72.98847667568704,-13.50292811893127],[-72.98940015655646,-13.502935528191328],[-72.98939258637269,-13.503839204216971],[-72.98846910203196,-13.503831794442917]]]}},{"type":"Feature","properties":{"Cell_ID":95,"Area_ha":1.0,"LC":"6:0.157512,9:0.823323,14:0.019164","XMIN":717624.86160847,"YMIN":8506153.59738907,"XMAX":717724.86160847,"YMAX":8506253.59738907},"geometry":{"type":"Polygon","coordinates":[[[-72.98846152782242,-13.504735469885379],[-72.98846910203196,-13.503831794442917],[-72.98939258637269,-13.503839204216971],[-72.98938501563472,-13.504742880173437],[-72.98846152782242,-13.504735469885379]]]}},{"type":"Feature","properties":{"Cell_ID":96,"Area_ha":1.0,"LC":"6:0.839290,9:0.160710","XMIN":717624.86160847,"YMIN":8506053.59738907,"XMAX":717724.86160847,"YMAX":8506153.59738907},"geometry":{"type":"Polygon","coordinates":[[[-72.98845395305845,-13.50563914525865],[-72.98846152782242,-13.504735469885379],[-72.98938501563472,-13.504742880173437],[-72.98937744434258,-13.505646556060713],[-72.98845395305845,-13.50563914525865]]]}},{"type":"Feature","properties":{"Cell_ID":97,"Area_ha":1.0,"LC":"6:0.161406,9:0.817624,14:0.020969","XMIN":717624.86160847,"YMIN":8505953.59738907,"XMAX":717724.86160847,"YMAX":8506053.59738907},"geometry":{"type":"Polygon","coordinates":[[[-72.98844637774002,-13.506542820562721],[-72.98845395305845,-13.50563914525865],[-72.98937744434258,-13.505646556060713],[-72.98936987249623,-13.506550231878798],[-72.98844637774002,-13.506542820562721]]]}},{"type":"Feature","properties":{"Cell_ID":98,"Area_ha":1.0,"LC":"3:0.020822,6:0.018897,9:0.161406,14:0.798875","XMIN":717624.86160847,"YMIN":8505853.59738907,"XMAX":717724.86160847,"YMAX":8505953.59738907},"geometry":{"type":"Polygon","coordinates":[[[-72.98843880186712,-13.507446495797598],[-72.98844637774002,-13.506542820562721],[-72.98936987249623,-13.506550231878798],[-72.98936230009565,-13.507453907627683],[-72.98843880186712,-13.507446495797598]]]}},{"type":"Feature","properties":{"Cell_ID":99,"Area_ha":1.0,"LC":"3:0.263056,5:0.201229,6:0.137225,9:0.357365,14:0.041125","XMIN":717624.86160847,"YMIN":8505753.59738907,"XMAX":717724.86160847,"YMAX":8505853.59738907},"geometry":{"type":"Polygon","coordinates":[[[-72.98843122543973,-13.508350170963269],[-72.98843880186712,-13.507446495797598],[-72.98936230009565,-13.507453907627683],[-72.98935472714086,-13.508357583307374],[-72.98843122543973,-13.508350170963269]]]}},{"type":"Feature","properties":{"Cell_ID":100,"Area_ha":1.0,"LC":"5:0.841243,9:0.158757","XMIN":717624.86160847,"YMIN":8505653.59738907,"XMAX":717724.86160847,"YMAX":8505753.59738907},"geometry":{"type":"Polygon","coordinates":[[[-72.98842364845787,-13.50925384605973],[-72.98843122543973,-13.508350170963269],[-72.98935472714086,-13.508357583307374],[-72.98934715363183,-13.50926125891786],[-72.98842364845787,-13.50925384605973]]]}},{"type":"Feature","properties":{"Cell_ID":101,"Area_ha":1.0,"LC":"5:0.441510,9:0.138350,13:0.420139","XMIN":717724.86160847,"YMIN":8508053.59738907,"XMAX":717824.86160847,"YMAX":8508153.59738907},"geometry":{"type":"Polygon","coordinates":[[[-72.9876819216624,-13.487558220736346],[-72.98768948880603,-13.48665454449425],[-72.9886129066809,-13.486661947895694],[-72.98860534300401,-13.487565624651955],[-72.9876819216624,-13.487558220736346]]]}},{"type":"Feature","properties":{"Cell_ID":102,"Area_ha":1.0,"LC":"5:0.076417,13:0.923583","XMIN":717724.86160847,"YMIN":8507953.59738907,"XMAX":717824.86160847,"YMAX":8508053.59738907},"geometry":{"type":"Polygon","coordinates":[[[-72.98767435396427,-13.488461896909328],[-72.9876819216624,-13.487558220736346],[-72.98860534300401,-13.487565624651955],[-72.98859777877287,-13.488469301339107],[-72.98767435396427,-13.488461896909328]]]}},{"type":"Feature","properties":{"Cell_ID":103,"Area_ha":1.0,"LC":"5:0.057225,13:0.942775","XMIN":717724.86160847,"YMIN":8507853.59738907,"XMAX":717824.86160847,"YMAX":8507953.59738907},"geometry":{"type":"Polygon","coordinates":[[[-72.98766678571161,-13.489365573013195],[-72.98767435396427,-13.488461896909328],[-72.98859777877287,-13.488469301339107],[-72.98859021398745,-13.489372977957151],[-72.98766678571161,-13.489365573013195]]]}},{"type":"Feature","properties":{"Cell_ID":104,"Area_ha":1.0,"LC":"13:1.000000","XMIN":717724.86160847,"YMIN":8507753.59738907,"XMAX":717824.86160847,"YMAX":8507853.59738907},"geometry":{"type":"Polygon","coordinates":[[[-72.9876592169044,-13.490269249047937],[-72.98766678571161,-13.489365573013195],[-72.98859021398745,-13.489372977957151],[-72.98858264864776,-13.49027665450607],[-72.9876592169044,-13.490269249047937]]]}},{"type":"Feature","properties":{"Cell_ID":105,"Area_ha":1.0,"LC":"5:0.259978,13:0.740022","XMIN":717724.86160847,"YMIN":8507653.59738907,"XMAX":717824.86160847,"YMAX":8507753.59738907},"geometry":{"type":"Polygon","coordinates":[[[-72.98765164754266,-13.491172925013556],[-72.9876592169044,-13.490269249047937],[-72.98858264864776,-13.49027665450607],[-72.98857508275377,-13.491180330985872],[-72.98765164754266,-13.491172925013556]]]}},{"type":"Feature","properties":{"Cell_ID":106,"Area_ha":1.0,"LC":"5:0.742775,6:0.199719,13:0.057507","XMIN":717724.86160847,"YMIN":8507553.59738907,"XMAX":717824.86160847,"YMAX":8507653.59738907},"geometry":{"type":"Polygon","coordinates":[[[-72.98764407762638,-13.492076600910044],[-72.98765164754266,-13.491172925013556],[-72.98857508275377,-13.491180330985872],[-72.98856751630548,-13.492084007396548],[-72.98764407762638,-13.492076600910044]]]}},{"type":"Feature","properties":{"Cell_ID":107,"Area_ha":1.0,"LC":"5:0.081125,6:0.879156,9:0.039719","XMIN":717724.86160847,"YMIN":8507453.59738907,"XMAX":717824.86160847,"YMAX":8507553.59738907},"geometry":{"type":"Polygon","coordinates":[[[-72.98763650715553,-13.4929802767374],[-72.98764407762638,-13.492076600910044],[-72.98856751630548,-13.492084007396548],[-72.98855994930288,-13.492987683738093],[-72.98763650715553,-13.4929802767374]]]}},{"type":"Feature","properties":{"Cell_ID":108,"Area_ha":1.0,"LC":"3:0.062761,5:0.019031,6:0.602501,9:0.315707","XMIN":717724.86160847,"YMIN":8507353.59738907,"XMAX":717824.86160847,"YMAX":8507453.59738907},"geometry":{"type":"Polygon","coordinates":[[[-72.9876289361301,-13.493883952495617],[-72.98763650715553,-13.4929802767374],[-72.98855994930288,-13.492987683738093],[-72.98855238174598,-13.493891360010505],[-72.9876289361301,-13.493883952495617]]]}},{"type":"Feature","properties":{"Cell_ID":109,"Area_ha":1.0,"LC":"3:0.264566,6:0.654738,9:0.080696","XMIN":717724.86160847,"YMIN":8507253.59738907,"XMAX":717824.86160847,"YMAX":8507353.59738907},"geometry":{"type":"Polygon","coordinates":[[[-72.98762136455008,-13.494787628184694],[-72.9876289361301,-13.493883952495617],[-72.98855238174598,-13.493891360010505],[-72.98854481363472,-13.494795036213775],[-72.98762136455008,-13.494787628184694]]]}},{"type":"Feature","properties":{"Cell_ID":110,"Area_ha":1.0,"LC":"3:0.820407,6:0.179593","XMIN":717724.86160847,"YMIN":8507153.59738907,"XMAX":717824.86160847,"YMAX":8507253.59738907},"geometry":{"type":"Polygon","coordinates":[[[-72.98761379241547,-13.495691303804618],[-72.98762136455008,-13.494787628184694],[-72.98854481363472,-13.494795036213775],[-72.98853724496914,-13.495698712347908],[-72.98761379241547,-13.495691303804618]]]}},{"type":"Feature","properties":{"Cell_ID":111,"Area_ha":1.0,"LC":"3:0.940554,6:0.059446","XMIN":717724.86160847,"YMIN":8507053.59738907,"XMAX":717824.86160847,"YMAX":8507153.59738907},"geometry":{"type":"Polygon","coordinates":[[[-72.98760621972627,-13.4965949793554],[-72.98761379241547,-13.495691303804618],[-72.98853724496914,-13.495698712347908],[-72.9885296757492,-13.496602388412887],[-72.98760621972627,-13.4965949793554]]]}},{"type":"Feature","properties":{"Cell_ID":112,"Area_ha":1.0,"LC":"3:1.000000","XMIN":717724.86160847,"YMIN":8506953.59738907,"XMAX":717824.86160847,"YMAX":8507053.59738907},"geometry":{"type":"Polygon","coordinates":[[[-72.98759864648244,-13.497498654837022],[-72.98760621972627,-13.4965949793554],[-72.9885296757492,-13.496602388412887],[-72.98852210597491,-13.497506064408723],[-72.98759864648244,-13.497498654837022]]]}},{"type":"Feature","properties":{"Cell_ID":113,"Area_ha":1.0,"LC":"3:0.760844,14:0.239156","XMIN":717724.86160847,"YMIN":8506853.59738907,"XMAX":717824.86160847,"YMAX":8506953.59738907},"geometry":{"type":"Polygon","coordinates":[[[-72.987591072684,-13.49840233024948],[-72.98759864648244,-13.497498654837022],[-72.98852210597491,-13.497506064408723],[-72.98851453564625,-13.498409740335392],[-72.987591072684,-13.49840233024948]]]}},{"type":"Feature","properties":{"Cell_ID":114,"Area_ha":1.0,"LC":"3:0.439866,6:0.100260,14:0.459874","XMIN":717724.86160847,"YMIN":8506753.59738907,"XMAX":717824.86160847,"YMAX":8506853.59738907},"geometry":{"type":"Polygon","coordinates":[[[-72.98758349833092,-13.499306005592777],[-72.987591072684,-13.49840233024948],[-72.98851453564625,-13.498409740335392],[-72.9885069647632,-13.499313416192908],[-72.98758349833092,-13.499306005592777]]]}},{"type":"Feature","properties":{"Cell_ID":115,"Area_ha":1.0,"LC":"3:0.455434,6:0.544566","XMIN":717724.86160847,"YMIN":8506653.59738907,"XMAX":717824.86160847,"YMAX":8506753.59738907},"geometry":{"type":"Polygon","coordinates":[[[-72.9875759234232,-13.500209680866908],[-72.98758349833092,-13.499306005592777],[-72.9885069647632,-13.499313416192908],[-72.98849939332577,-13.500217091981257],[-72.9875759234232,-13.500209680866908]]]}},{"type":"Feature","properties":{"Cell_ID":116,"Area_ha":1.0,"LC":"3:0.198195,6:0.625129,14:0.176677","XMIN":717724.86160847,"YMIN":8506553.59738907,"XMAX":717824.86160847,"YMAX":8506653.59738907},"geometry":{"type":"Polygon","coordinates":[[[-72.98756834796082,-13.501113356071865],[-72.9875759234232,-13.500209680866908],[-72.98849939332577,-13.500217091981257],[-72.98849182133395,-13.501120767700437],[-72.98756834796082,-13.501113356071865]]]}},{"type":"Feature","properties":{"Cell_ID":117,"Area_ha":1.0,"LC":"3:0.598342,6:0.099740,14:0.301917","XMIN":717724.86160847,"YMIN":8506453.59738907,"XMAX":717824.86160847,"YMAX":8506553.59738907},"geometry":{"type":"Polygon","coordinates":[[[-72.98756077194379,-13.502017031207645],[-72.98756834796082,-13.501113356071865],[-72.98849182133395,-13.501120767700437],[-72.98848424878771,-13.502024443350443],[-72.98756077194379,-13.502017031207645]]]}},{"type":"Feature","properties":{"Cell_ID":118,"Area_ha":1.0,"LC":"5:0.477365,9:0.321229,14:0.201406","XMIN":717724.86160847,"YMIN":8506353.59738907,"XMAX":717824.86160847,"YMAX":8506453.59738907},"geometry":{"type":"Polygon","coordinates":[[[-72.98755319537207,-13.502920706274242],[-72.98756077194379,-13.502017031207645],[-72.98848424878771,-13.502024443350443],[-72.98847667568704,-13.50292811893127],[-72.98755319537207,-13.502920706274242]]]}},{"type":"Feature","properties":{"Cell_ID":119,"Area_ha":1.0,"LC":"5:0.139727,6:0.378897,9:0.481377","XMIN":717724.86160847,"YMIN":8506253.59738907,"XMAX":717824.86160847,"YMAX":8506353.59738907},"geometry":{"type":"Polygon","coordinates":[[[-72.98754561824568,-13.503824381271654],[-72.98755319537207,-13.502920706274242],[-72.98847667568704,-13.50292811893127],[-72.98846910203196,-13.503831794442917],[-72.98754561824568,-13.503824381271654]]]}},{"type":"Feature","properties":{"Cell_ID":120,"Area_ha":1.0,"LC":"6:0.642739,9:0.357261","XMIN":717724.86160847,"YMIN":8506153.59738907,"XMAX":717824.86160847,"YMAX":8506253.59738907},"geometry":{"type":"Polygon","coordinates":[[[-72.98753804056457,-13.504728056199877],[-72.98754561824568,-13.503824381271654],[-72.98846910203196,-13.503831794442917],[-72.98846152782242,-13.504735469885379],[-72.98753804056457,-13.504728056199877]]]}},{"type":"Feature","properties":{"Cell_ID":121,"Area_ha":1.0,"LC":"5:0.020822,6:0.979044,9:0.000134","XMIN":717724.86160847,"YMIN":8506053.59738907,"XMAX":717824.86160847,"YMAX":8506153.59738907},"geometry":{"type":"Polygon","coordinates":[[[-72.98753046232879,-13.505631731058903],[-72.98753804056457,-13.504728056199877],[-72.98846152782242,-13.504735469885379],[-72.98845395305845,-13.50563914525865],[-72.98753046232879,-13.505631731058903]]]}},{"type":"Feature","properties":{"Cell_ID":122,"Area_ha":1.0,"LC":"5:0.181117,6:0.199986,9:0.237927,14:0.380969","XMIN":717724.86160847,"YMIN":8505953.59738907,"XMAX":717824.86160847,"YMAX":8506053.59738907},"geometry":{"type":"Polygon","coordinates":[[[-72.98752288353828,-13.50653540584873],[-72.98753046232879,-13.505631731058903],[-72.98845395305845,-13.50563914525865],[-72.98844637774002,-13.506542820562721],[-72.98752288353828,-13.50653540584873]]]}},{"type":"Feature","properties":{"Cell_ID":123,"Area_ha":1.0,"LC":"3:0.138053,5:0.020822,6:0.102242,9:0.000134,14:0.738749","XMIN":717724.86160847,"YMIN":8505853.59738907,"XMAX":717824.86160847,"YMAX":8505953.59738907},"geometry":{"type":"Polygon","coordinates":[[[-72.98751530419305,-13.507439080569355],[-72.98752288353828,-13.50653540584873],[-72.98844637774002,-13.506542820562721],[-72.98843880186712,-13.507446495797598],[-72.98751530419305,-13.507439080569355]]]}},{"type":"Feature","properties":{"Cell_ID":124,"Area_ha":1.0,"LC":"3:0.537507,5:0.401671,6:0.060541,14:0.000281","XMIN":717724.86160847,"YMIN":8505753.59738907,"XMAX":717824.86160847,"YMAX":8505853.59738907},"geometry":{"type":"Polygon","coordinates":[[[-72.9875077242931,-13.508342755220776],[-72.98751530419305,-13.507439080569355],[-72.98843880186712,-13.507446495797598],[-72.98843122543973,-13.508350170963269],[-72.9875077242931,-13.508342755220776]]]}},{"type":"Feature","properties":{"Cell_ID":125,"Area_ha":1.0,"LC":"3:0.080562,5:0.736100,6:0.183337","XMIN":717724.86160847,"YMIN":8505653.59738907,"XMAX":717824.86160847,"YMAX":8505753.59738907},"geometry":{"type":"Polygon","coordinates":[[[-72.9875001438384,-13.50924642980298],[-72.9875077242931,-13.508342755220776],[-72.98843122543973,-13.508350170963269],[-72.98842364845787,-13.50925384605973],[-72.9875001438384,-13.50924642980298]]]}},{"type":"Feature","properties":{"Cell_ID":126,"Area_ha":1.0,"LC":"5:0.080696,13:0.919304","XMIN":717824.86160847,"YMIN":8507953.59738907,"XMAX":717924.86160847,"YMAX":8508053.59738907},"geometry":{"type":"Polygon","coordinates":[[[-72.98675092971018,-13.488454489086353],[-72.9867585008753,-13.487550813427776],[-72.9876819216624,-13.487558220736346],[-72.98767435396427,-13.488461896909328],[-72.98675092971018,-13.488454489086353]]]}},{"type":"Feature","properties":{"Cell_ID":127,"Area_ha":1.0,"LC":"13:1.000000","XMIN":717824.86160847,"YMIN":8507853.59738907,"XMAX":717924.86160847,"YMAX":8507953.59738907},"geometry":{"type":"Polygon","coordinates":[[[-72.98674335799028,-13.489358164675807],[-72.98675092971018,-13.488454489086353],[-72.98767435396427,-13.488461896909328],[-72.98766678571161,-13.489365573013195],[-72.98674335799028,-13.489358164675807]]]}},{"type":"Feature","properties":{"Cell_ID":128,"Area_ha":1.0,"LC":"13:1.000000","XMIN":717824.86160847,"YMIN":8507753.59738907,"XMAX":717924.86160847,"YMAX":8507853.59738907},"geometry":{"type":"Polygon","coordinates":[[[-72.98673578571561,-13.490261840196132],[-72.98674335799028,-13.489358164675807],[-72.98766678571161,-13.489365573013195],[-72.9876592169044,-13.490269249047937],[-72.98673578571561,-13.490261840196132]]]}},{"type":"Feature","properties":{"Cell_ID":129,"Area_ha":1.0,"LC":"5:0.138053,13:0.861947","XMIN":717824.86160847,"YMIN":8507653.59738907,"XMAX":717924.86160847,"YMAX":8507753.59738907},"geometry":{"type":"Polygon","coordinates":[[[-72.98672821288613,-13.491165515647335],[-72.98673578571561,-13.490261840196132],[-72.9876592169044,-13.490269249047937],[-72.98765164754266,-13.491172925013556],[-72.98672821288613,-13.491165515647335]]]}},{"type":"Feature","properties":{"Cell_ID":130,"Area_ha":1.0,"LC":"5:0.676685,6:0.139978,13:0.183337","XMIN":717824.86160847,"YMIN":8507553.59738907,"XMAX":717924.86160847,"YMAX":8507653.59738907},"geometry":{"type":"Polygon","coordinates":[[[-72.98672063950184,-13.492069191029403],[-72.98672821288613,-13.491165515647335],[-72.98765164754266,-13.491172925013556],[-72.98764407762638,-13.492076600910044],[-72.98672063950184,-13.492069191029403]]]}},{"type":"Feature","properties":{"Cell_ID":131,"Area_ha":1.0,"LC":"5:0.000415,6:0.999585","XMIN":717824.86160847,"YMIN":8507453.59738907,"XMAX":717924.86160847,"YMAX":8507553.59738907},"geometry":{"type":"Polygon","coordinates":[[[-72.98671306556274,-13.492972866342331],[-72.98672063950184,-13.492069191029403],[-72.98764407762638,-13.492076600910044],[-72.98763650715553,-13.4929802767374],[-72.98671306556274,-13.492972866342331]]]}},{"type":"Feature","properties":{"Cell_ID":132,"Area_ha":1.0,"LC":"3:0.377906,6:0.622094","XMIN":717824.86160847,"YMIN":8507353.59738907,"XMAX":717924.86160847,"YMAX":8507453.59738907},"geometry":{"type":"Polygon","coordinates":[[[-72.9867054910688,-13.49387654158612],[-72.98671306556274,-13.492972866342331],[-72.98763650715553,-13.4929802767374],[-72.9876289361301,-13.493883952495617],[-72.9867054910688,-13.49387654158612]]]}},{"type":"Feature","properties":{"Cell_ID":133,"Area_ha":1.0,"LC":"3:0.999719,6:0.000281","XMIN":717824.86160847,"YMIN":8507253.59738907,"XMAX":717924.86160847,"YMAX":8507353.59738907},"geometry":{"type":"Polygon","coordinates":[[[-72.98669791602003,-13.494780216760763],[-72.9867054910688,-13.49387654158612],[-72.9876289361301,-13.493883952495617],[-72.98762136455008,-13.494787628184694],[-72.98669791602003,-13.494780216760763]]]}},{"type":"Feature","properties":{"Cell_ID":134,"Area_ha":1.0,"LC":"3:1.000000","XMIN":717824.86160847,"YMIN":8507153.59738907,"XMAX":717924.86160847,"YMAX":8507253.59738907},"geometry":{"type":"Polygon","coordinates":[[[-72.98669034041642,-13.495683891866252],[-72.98669791602003,-13.494780216760763],[-72.98762136455008,-13.494787628184694],[-72.98761379241547,-13.495691303804618],[-72.98669034041642,-13.495683891866252]]]}},{"type":"Feature","properties":{"Cell_ID":135,"Area_ha":1.0,"LC":"3:1.000000","XMIN":717824.86160847,"YMIN":8507053.59738907,"XMAX":717924.86160847,"YMAX":8507153.59738907},"geometry":{"type":"Polygon","coordinates":[[[-72.98668276425794,-13.496587566902589],[-72.98669034041642,-13.495683891866252],[-72.98761379241547,-13.495691303804618],[-72.98760621972627,-13.4965949793554],[-72.98668276425794,-13.496587566902589]]]}},{"type":"Feature","properties":{"Cell_ID":136,"Area_ha":1.0,"LC":"3:1.000000","XMIN":717824.86160847,"YMIN":8506953.59738907,"XMAX":717924.86160847,"YMAX":8507053.59738907},"geometry":{"type":"Polygon","coordinates":[[[-72.98667518754459,-13.497491241869769],[-72.98668276425794,-13.496587566902589],[-72.98760621972627,-13.4965949793554],[-72.98759864648244,-13.497498654837022],[-72.98667518754459,-13.497491241869769]]]}},{"type":"Feature","properties":{"Cell_ID":137,"Area_ha":1.0,"LC":"3:0.918490,14:0.081510","XMIN":717824.86160847,"YMIN":8506853.59738907,"XMAX":717924.86160847,"YMAX":8506953.59738907},"geometry":{"type":"Polygon","coordinates":[[[-72.98666761027637,-13.49839491676778],[-72.98667518754459,-13.497491241869769],[-72.98759864648244,-13.497498654837022],[-72.987591072684,-13.49840233024948],[-72.98666761027637,-13.49839491676778]]]}},{"type":"Feature","properties":{"Cell_ID":138,"Area_ha":1.0,"LC":"3:0.159038,6:0.440533,14:0.400429","XMIN":717824.86160847,"YMIN":8506753.59738907,"XMAX":717924.86160847,"YMAX":8506853.59738907},"geometry":{"type":"Polygon","coordinates":[[[-72.98666003245327,-13.499298591596627],[-72.98666761027637,-13.49839491676778],[-72.987591072684,-13.49840233024948],[-72.98758349833092,-13.499306005592777],[-72.98666003245327,-13.499298591596627]]]}},{"type":"Feature","properties":{"Cell_ID":139,"Area_ha":1.0,"LC":"6:1.000000","XMIN":717824.86160847,"YMIN":8506653.59738907,"XMAX":717924.86160847,"YMAX":8506753.59738907},"geometry":{"type":"Polygon","coordinates":[[[-72.98665245407527,-13.5002022663563],[-72.98666003245327,-13.499298591596627],[-72.98758349833092,-13.499306005592777],[-72.9875759234232,-13.500209680866908],[-72.98665245407527,-13.5002022663563]]]}},{"type":"Feature","properties":{"Cell_ID":140,"Area_ha":1.0,"LC":"6:1.000000","XMIN":717824.86160847,"YMIN":8506553.59738907,"XMAX":717924.86160847,"YMAX":8506653.59738907},"geometry":{"type":"Polygon","coordinates":[[[-72.98664487514236,-13.501105941046795],[-72.98665245407527,-13.5002022663563],[-72.9875759234232,-13.500209680866908],[-72.98756834796082,-13.501113356071865],[-72.98664487514236,-13.501105941046795]]]}},{"type":"Feature","properties":{"Cell_ID":141,"Area_ha":1.0,"LC":"3:0.280000,5:0.079438,6:0.001406,9:0.163449,14:0.475707","XMIN":717824.86160847,"YMIN":8506453.59738907,"XMAX":717924.86160847,"YMAX":8506553.59738907},"geometry":{"type":"Polygon","coordinates":[[[-72.98663729565453,-13.502009615668115],[-72.98664487514236,-13.501105941046795],[-72.98756834796082,-13.501113356071865],[-72.98756077194379,-13.502017031207645],[-72.98663729565453,-13.502009615668115]]]}},{"type":"Feature","properties":{"Cell_ID":142,"Area_ha":1.0,"LC":"5:0.402354,9:0.538201,14:0.059446","XMIN":717824.86160847,"YMIN":8506353.59738907,"XMAX":717924.86160847,"YMAX":8506453.59738907},"geometry":{"type":"Polygon","coordinates":[[[-72.98662971561177,-13.502913290220246],[-72.98663729565453,-13.502009615668115],[-72.98756077194379,-13.502017031207645],[-72.98755319537207,-13.502920706274242],[-72.98662971561177,-13.502913290220246]]]}},{"type":"Feature","properties":{"Cell_ID":143,"Area_ha":1.0,"LC":"5:0.364025,6:0.396789,9:0.239186","XMIN":717824.86160847,"YMIN":8506253.59738907,"XMAX":717924.86160847,"YMAX":8506353.59738907},"geometry":{"type":"Polygon","coordinates":[[[-72.98662213501407,-13.503816964703187],[-72.98662971561177,-13.502913290220246],[-72.98755319537207,-13.502920706274242],[-72.98754561824568,-13.503824381271654],[-72.98662213501407,-13.503816964703187]]]}},{"type":"Feature","properties":{"Cell_ID":144,"Area_ha":1.0,"LC":"5:0.020822,6:0.598075,9:0.381103","XMIN":717824.86160847,"YMIN":8506153.59738907,"XMAX":717924.86160847,"YMAX":8506253.59738907},"geometry":{"type":"Polygon","coordinates":[[[-72.98661455386143,-13.504720639116934],[-72.98662213501407,-13.503816964703187],[-72.98754561824568,-13.503824381271654],[-72.98753804056457,-13.504728056199877],[-72.98661455386143,-13.504720639116934]]]}},{"type":"Feature","properties":{"Cell_ID":145,"Area_ha":1.0,"LC":"5:0.642619,6:0.357381","XMIN":717824.86160847,"YMIN":8506053.59738907,"XMAX":717924.86160847,"YMAX":8506153.59738907},"geometry":{"type":"Polygon","coordinates":[[[-72.98660697215385,-13.505624313461487],[-72.98661455386143,-13.504720639116934],[-72.98753804056457,-13.504728056199877],[-72.98753046232879,-13.505631731058903],[-72.98660697215385,-13.505624313461487]]]}},{"type":"Feature","properties":{"Cell_ID":146,"Area_ha":1.0,"LC":"5:0.140437,6:0.259563,9:0.019031,14:0.580969","XMIN":717824.86160847,"YMIN":8505953.59738907,"XMAX":717924.86160847,"YMAX":8506053.59738907},"geometry":{"type":"Polygon","coordinates":[[[-72.98659938989127,-13.506527987736828],[-72.98660697215385,-13.505624313461487],[-72.98753046232879,-13.505631731058903],[-72.98752288353828,-13.50653540584873],[-72.98659938989127,-13.506527987736828]]]}},{"type":"Feature","properties":{"Cell_ID":147,"Area_ha":1.0,"LC":"3:0.020822,5:0.018897,6:0.464315,14:0.495967","XMIN":717824.86160847,"YMIN":8505853.59738907,"XMAX":717924.86160847,"YMAX":8505953.59738907},"geometry":{"type":"Polygon","coordinates":[[[-72.98659180707374,-13.507431661942968],[-72.98659938989127,-13.506527987736828],[-72.98752288353828,-13.50653540584873],[-72.98751530419305,-13.507439080569355],[-72.98659180707374,-13.507431661942968]]]}},{"type":"Feature","properties":{"Cell_ID":148,"Area_ha":1.0,"LC":"3:0.021117,5:0.276256,6:0.400533,14:0.302094","XMIN":717824.86160847,"YMIN":8505753.59738907,"XMAX":717924.86160847,"YMAX":8505853.59738907},"geometry":{"type":"Polygon","coordinates":[[[-72.9865842237012,-13.5083353360799],[-72.98659180707374,-13.507431661942968],[-72.98751530419305,-13.507439080569355],[-72.9875077242931,-13.508342755220776],[-72.9865842237012,-13.5083353360799]]]}},{"type":"Feature","properties":{"Cell_ID":149,"Area_ha":1.0,"LC":"5:0.360533,6:0.639467","XMIN":717824.86160847,"YMIN":8505653.59738907,"XMAX":717924.86160847,"YMAX":8505753.59738907},"geometry":{"type":"Polygon","coordinates":[[[-72.98657663977367,-13.509239010147613],[-72.9865842237012,-13.5083353360799],[-72.9875077242931,-13.508342755220776],[-72.9875001438384,-13.50924642980298],[-72.98657663977367,-13.509239010147613]]]}},{"type":"Feature","properties":{"Cell_ID":150,"Area_ha":1.0,"LC":"5:0.798771,6:0.121510,7:0.079719","XMIN":717824.86160847,"YMIN":8505553.59738907,"XMAX":717924.86160847,"YMAX":8505653.59738907},"geometry":{"type":"Polygon","coordinates":[[[-72.98656905529114,-13.510142684146107],[-72.98657663977367,-13.509239010147613],[-72.9875001438384,-13.50924642980298],[-72.98749256282895,-13.510150104315967],[-72.98656905529114,-13.510142684146107]]]}},{"type":"Feature","properties":{"Cell_ID":151,"Area_ha":1.0,"LC":"13:1.000000","XMIN":717924.86160847,"YMIN":8507953.59738907,"XMAX":718024.86160847,"YMAX":8508053.59738907},"geometry":{"type":"Polygon","coordinates":[[[-72.98582750601088,-13.488447077870187],[-72.98583508064296,-13.487543402726255],[-72.9867585008753,-13.487550813427776],[-72.98675092971018,-13.488454489086353],[-72.98582750601088,-13.488447077870187]]]}},{"type":"Feature","properties":{"Cell_ID":152,"Area_ha":1.0,"LC":"13:1.000000","XMIN":717924.86160847,"YMIN":8507853.59738907,"XMAX":718024.86160847,"YMAX":8507953.59738907},"geometry":{"type":"Polygon","coordinates":[[[-72.98581993082377,-13.489350752944995],[-72.98582750601088,-13.488447077870187],[-72.98675092971018,-13.488454489086353],[-72.98674335799028,-13.489358164675807],[-72.98581993082377,-13.489350752944995]]]}},{"type":"Feature","properties":{"Cell_ID":153,"Area_ha":1.0,"LC":"13:1.000000","XMIN":717924.86160847,"YMIN":8507753.59738907,"XMAX":718024.86160847,"YMAX":8507853.59738907},"geometry":{"type":"Polygon","coordinates":[[[-72.98581235508159,-13.490254427950676],[-72.98581993082377,-13.489350752944995],[-72.98674335799028,-13.489358164675807],[-72.98673578571561,-13.490261840196132],[-72.98581235508159,-13.490254427950676]]]}},{"type":"Feature","properties":{"Cell_ID":154,"Area_ha":1.0,"LC":"13:1.000000","XMIN":717924.86160847,"YMIN":8507653.59738907,"XMAX":718024.86160847,"YMAX":8507753.59738907},"geometry":{"type":"Polygon","coordinates":[[[-72.98580477878438,-13.491158102887223],[-72.98581235508159,-13.490254427950676],[-72.98673578571561,-13.490261840196132],[-72.98672821288613,-13.491165515647335],[-72.98580477878438,-13.491158102887223]]]}},{"type":"Feature","properties":{"Cell_ID":155,"Area_ha":1.0,"LC":"5:0.260969,6:0.419563,13:0.319467","XMIN":717924.86160847,"YMIN":8507553.59738907,"XMAX":718024.86160847,"YMAX":8507653.59738907},"geometry":{"type":"Polygon","coordinates":[[[-72.98579720193212,-13.492061777754632],[-72.98580477878438,-13.491158102887223],[-72.98672821288613,-13.491165515647335],[-72.98672063950184,-13.492069191029403],[-72.98579720193212,-13.492061777754632]]]}},{"type":"Feature","properties":{"Cell_ID":156,"Area_ha":1.0,"LC":"6:0.899740,9:0.100260","XMIN":717924.86160847,"YMIN":8507453.59738907,"XMAX":718024.86160847,"YMAX":8507553.59738907},"geometry":{"type":"Polygon","coordinates":[[[-72.98578962452478,-13.4929654525529],[-72.98579720193212,-13.492061777754632],[-72.98672063950184,-13.492069191029403],[-72.98671306556274,-13.492972866342331],[-72.98578962452478,-13.4929654525529]]]}},{"type":"Feature","properties":{"Cell_ID":157,"Area_ha":1.0,"LC":"3:0.117646,6:0.881644,9:0.000710","XMIN":717924.86160847,"YMIN":8507353.59738907,"XMAX":718024.86160847,"YMAX":8507453.59738907},"geometry":{"type":"Polygon","coordinates":[[[-72.98578204656235,-13.493869127282023],[-72.98578962452478,-13.4929654525529],[-72.98671306556274,-13.492972866342331],[-72.9867054910688,-13.49387654158612],[-72.98578204656235,-13.493869127282023]]]}},{"type":"Feature","properties":{"Cell_ID":158,"Area_ha":1.0,"LC":"3:0.536663,6:0.463337","XMIN":717924.86160847,"YMIN":8507253.59738907,"XMAX":718024.86160847,"YMAX":8507353.59738907},"geometry":{"type":"Polygon","coordinates":[[[-72.98577446804484,-13.494772801941995],[-72.98578204656235,-13.493869127282023],[-72.9867054910688,-13.49387654158612],[-72.98669791602003,-13.494780216760763],[-72.98577446804484,-13.494772801941995]]]}},{"type":"Feature","properties":{"Cell_ID":159,"Area_ha":1.0,"LC":"3:0.999438,6:0.000562","XMIN":717924.86160847,"YMIN":8507153.59738907,"XMAX":718024.86160847,"YMAX":8507253.59738907},"geometry":{"type":"Polygon","coordinates":[[[-72.98576688897221,-13.495676476532813],[-72.98577446804484,-13.494772801941995],[-72.98669791602003,-13.494780216760763],[-72.98669034041642,-13.495683891866252],[-72.98576688897221,-13.495676476532813]]]}},{"type":"Feature","properties":{"Cell_ID":160,"Area_ha":1.0,"LC":"3:0.939031,6:0.060969","XMIN":717924.86160847,"YMIN":8507053.59738907,"XMAX":718024.86160847,"YMAX":8507153.59738907},"geometry":{"type":"Polygon","coordinates":[[[-72.98575930934449,-13.496580151054474],[-72.98576688897221,-13.495676476532813],[-72.98669034041642,-13.495683891866252],[-72.98668276425794,-13.496587566902589],[-72.98575930934449,-13.496580151054474]]]}},{"type":"Feature","properties":{"Cell_ID":161,"Area_ha":1.0,"LC":"3:1.000000","XMIN":717924.86160847,"YMIN":8506953.59738907,"XMAX":718024.86160847,"YMAX":8507053.59738907},"geometry":{"type":"Polygon","coordinates":[[[-72.98575172916163,-13.497483825506972],[-72.98575930934449,-13.496580151054474],[-72.98668276425794,-13.496587566902589],[-72.98667518754459,-13.497491241869769],[-72.98575172916163,-13.497483825506972]]]}},{"type":"Feature","properties":{"Cell_ID":162,"Area_ha":1.0,"LC":"3:0.061679,6:0.900126,14:0.038195","XMIN":717924.86160847,"YMIN":8506753.59738907,"XMAX":718024.86160847,"YMAX":8506853.59738907},"geometry":{"type":"Polygon","coordinates":[[[-72.98573656713053,-13.49929117420446],[-72.98574414842365,-13.498387499890303],[-72.98666761027637,-13.49839491676778],[-72.98666003245327,-13.499298591596627],[-72.98573656713053,-13.49929117420446]]]}},{"type":"Feature","properties":{"Cell_ID":163,"Area_ha":1.0,"LC":"6:0.958208,9:0.041792","XMIN":717924.86160847,"YMIN":8506653.59738907,"XMAX":718024.86160847,"YMAX":8506753.59738907},"geometry":{"type":"Polygon","coordinates":[[[-72.98572898528225,-13.500194848449445],[-72.98573656713053,-13.49929117420446],[-72.98666003245327,-13.499298591596627],[-72.98665245407527,-13.5002022663563],[-72.98572898528225,-13.500194848449445]]]}},{"type":"Feature","properties":{"Cell_ID":164,"Area_ha":1.0,"LC":"6:0.957914,9:0.042086","XMIN":717924.86160847,"YMIN":8506553.59738907,"XMAX":718024.86160847,"YMAX":8506653.59738907},"geometry":{"type":"Polygon","coordinates":[[[-72.98572140287881,-13.501098522625249],[-72.98572898528225,-13.500194848449445],[-72.98665245407527,-13.5002022663563],[-72.98664487514236,-13.501105941046795],[-72.98572140287881,-13.501098522625249]]]}},{"type":"Feature","properties":{"Cell_ID":165,"Area_ha":1.0,"LC":"3:0.019031,5:0.081939,6:0.361406,9:0.537624","XMIN":717924.86160847,"YMIN":8506453.59738907,"XMAX":718024.86160847,"YMAX":8506553.59738907},"geometry":{"type":"Polygon","coordinates":[[[-72.9857138199202,-13.502002196731866],[-72.98572140287881,-13.501098522625249],[-72.98664487514236,-13.501105941046795],[-72.98663729565453,-13.502009615668115],[-72.9857138199202,-13.502002196731866]]]}},{"type":"Feature","properties":{"Cell_ID":166,"Area_ha":1.0,"LC":"5:0.714863,9:0.142376,13:0.142761","XMIN":717924.86160847,"YMIN":8506353.59738907,"XMAX":718024.86160847,"YMAX":8506453.59738907},"geometry":{"type":"Polygon","coordinates":[[[-72.98570623640641,-13.502905870769291],[-72.9857138199202,-13.502002196731866],[-72.98663729565453,-13.502009615668115],[-72.98662971561177,-13.502913290220246],[-72.98570623640641,-13.502905870769291]]]}},{"type":"Feature","properties":{"Cell_ID":167,"Area_ha":1.0,"LC":"5:0.720977,6:0.018897,9:0.259978,13:0.000147","XMIN":717924.86160847,"YMIN":8506253.59738907,"XMAX":718024.86160847,"YMAX":8506353.59738907},"geometry":{"type":"Polygon","coordinates":[[[-72.98569865233743,-13.503809544737528],[-72.98570623640641,-13.502905870769291],[-72.98662971561177,-13.502913290220246],[-72.98662213501407,-13.503816964703187],[-72.98569865233743,-13.503809544737528]]]}},{"type":"Feature","properties":{"Cell_ID":168,"Area_ha":1.0,"LC":"5:0.261117,6:0.198195,9:0.498749,13:0.041939","XMIN":717924.86160847,"YMIN":8506153.59738907,"XMAX":718024.86160847,"YMAX":8506253.59738907},"geometry":{"type":"Polygon","coordinates":[[[-72.98569106771326,-13.504713218636567],[-72.98569865233743,-13.503809544737528],[-72.98662213501407,-13.503816964703187],[-72.98661455386143,-13.504720639116934],[-72.98569106771326,-13.504713218636567]]]}},{"type":"Feature","properties":{"Cell_ID":169,"Area_ha":1.0,"LC":"5:0.638061,9:0.322220,14:0.039719","XMIN":717924.86160847,"YMIN":8506053.59738907,"XMAX":718024.86160847,"YMAX":8506153.59738907},"geometry":{"type":"Polygon","coordinates":[[[-72.98568348253386,-13.505616892466405],[-72.98569106771326,-13.504713218636567],[-72.98661455386143,-13.504720639116934],[-72.98660697215385,-13.505624313461487],[-72.98568348253386,-13.505616892466405]]]}},{"type":"Feature","properties":{"Cell_ID":170,"Area_ha":1.0,"LC":"5:0.284012,6:0.117646,9:0.340969,14:0.257373","XMIN":717924.86160847,"YMIN":8505953.59738907,"XMAX":718024.86160847,"YMAX":8506053.59738907},"geometry":{"type":"Polygon","coordinates":[[[-72.98567589679925,-13.506520566227032],[-72.98568348253386,-13.505616892466405],[-72.98660697215385,-13.505624313461487],[-72.98659938989127,-13.506527987736828],[-72.98567589679925,-13.506520566227032]]]}},{"type":"Feature","properties":{"Cell_ID":171,"Area_ha":1.0,"LC":"3:0.158875,6:0.476537,7:0.161658,9:0.202930","XMIN":717924.86160847,"YMIN":8505853.59738907,"XMAX":718024.86160847,"YMAX":8505953.59738907},"geometry":{"type":"Polygon","coordinates":[[[-72.9856683105094,-13.507424239918453],[-72.98567589679925,-13.506520566227032],[-72.98659938989127,-13.506527987736828],[-72.98659180707374,-13.507431661942968],[-72.9856683105094,-13.507424239918453]]]}},{"type":"Feature","properties":{"Cell_ID":172,"Area_ha":1.0,"LC":"3:0.524855,6:0.455833,7:0.000281,14:0.019031","XMIN":717924.86160847,"YMIN":8505753.59738907,"XMAX":718024.86160847,"YMAX":8505853.59738907},"geometry":{"type":"Polygon","coordinates":[[[-72.98566072366431,-13.508327913540656],[-72.9856683105094,-13.507424239918453],[-72.98659180707374,-13.507431661942968],[-72.9865842237012,-13.5083353360799],[-72.98566072366431,-13.508327913540656]]]}},{"type":"Feature","properties":{"Cell_ID":173,"Area_ha":1.0,"LC":"3:0.000147,5:0.474863,6:0.524989","XMIN":717924.86160847,"YMIN":8505653.59738907,"XMAX":718024.86160847,"YMAX":8505753.59738907},"geometry":{"type":"Polygon","coordinates":[[[-72.98565313626398,-13.509231587093641],[-72.98566072366431,-13.508327913540656],[-72.9865842237012,-13.5083353360799],[-72.98657663977367,-13.509239010147613],[-72.98565313626398,-13.509231587093641]]]}},{"type":"Feature","properties":{"Cell_ID":174,"Area_ha":1.0,"LC":"5:0.961925,6:0.038075","XMIN":717924.86160847,"YMIN":8505553.59738907,"XMAX":718024.86160847,"YMAX":8505653.59738907},"geometry":{"type":"Polygon","coordinates":[[[-72.98564554830837,-13.510135260577401],[-72.98565313626398,-13.509231587093641],[-72.98657663977367,-13.509239010147613],[-72.98656905529114,-13.510142684146107],[-72.98564554830837,-13.510135260577401]]]}},{"type":"Feature","properties":{"Cell_ID":175,"Area_ha":1.0,"LC":"5:0.020969,13:0.979031","XMIN":718024.86160847,"YMIN":8507753.59738907,"XMAX":718124.86160847,"YMAX":8507853.59738907},"geometry":{"type":"Polygon","coordinates":[[[-72.98488892500265,-13.490247012311567],[-72.98489650421227,-13.489343337820774],[-72.98581993082377,-13.489350752944995],[-72.98581235508159,-13.490254427950676],[-72.98488892500265,-13.490247012311567]]]}},{"type":"Feature","properties":{"Cell_ID":176,"Area_ha":1.0,"LC":"5:0.200667,13:0.799333","XMIN":718024.86160847,"YMIN":8507653.59738907,"XMAX":718124.86160847,"YMAX":8507753.59738907},"geometry":{"type":"Polygon","coordinates":[[[-72.98488134523771,-13.491150686733222],[-72.98488892500265,-13.490247012311567],[-72.98581235508159,-13.490254427950676],[-72.98580477878438,-13.491158102887223],[-72.98488134523771,-13.491150686733222]]]}},{"type":"Feature","properties":{"Cell_ID":177,"Area_ha":1.0,"LC":"5:0.443211,6:0.537624,13:0.019164","XMIN":718024.86160847,"YMIN":8507553.59738907,"XMAX":718124.86160847,"YMAX":8507653.59738907},"geometry":{"type":"Polygon","coordinates":[[[-72.98487376491747,-13.49205436108574],[-72.98488134523771,-13.491150686733222],[-72.98580477878438,-13.491158102887223],[-72.98579720193212,-13.492061777754632],[-72.98487376491747,-13.49205436108574]]]}},{"type":"Feature","properties":{"Cell_ID":178,"Area_ha":1.0,"LC":"6:0.759467,9:0.240533","XMIN":718024.86160847,"YMIN":8507453.59738907,"XMAX":718124.86160847,"YMAX":8507553.59738907},"geometry":{"type":"Polygon","coordinates":[[[-72.9848661840419,-13.49295803536911],[-72.98487376491747,-13.49205436108574],[-72.98579720193212,-13.492061777754632],[-72.98578962452478,-13.4929654525529],[-72.9848661840419,-13.49295803536911]]]}},{"type":"Feature","properties":{"Cell_ID":179,"Area_ha":1.0,"LC":"6:0.897624,9:0.102376","XMIN":718024.86160847,"YMIN":8507353.59738907,"XMAX":718124.86160847,"YMAX":8507453.59738907},"geometry":{"type":"Polygon","coordinates":[[[-72.98485860261098,-13.493861709583335],[-72.9848661840419,-13.49295803536911],[-72.98578962452478,-13.4929654525529],[-72.98578204656235,-13.493869127282023],[-72.98485860261098,-13.493861709583335]]]}},{"type":"Feature","properties":{"Cell_ID":180,"Area_ha":1.0,"LC":"3:0.157365,6:0.842635","XMIN":718024.86160847,"YMIN":8507253.59738907,"XMAX":718124.86160847,"YMAX":8507353.59738907},"geometry":{"type":"Polygon","coordinates":[[[-72.98485102062473,-13.494765383728403],[-72.98485860261098,-13.493861709583335],[-72.98578204656235,-13.493869127282023],[-72.98577446804484,-13.494772801941995],[-72.98485102062473,-13.494765383728403]]]}},{"type":"Feature","properties":{"Cell_ID":181,"Area_ha":1.0,"LC":"3:0.095715,6:0.904285","XMIN":718024.86160847,"YMIN":8507153.59738907,"XMAX":718124.86160847,"YMAX":8507253.59738907},"geometry":{"type":"Polygon","coordinates":[[[-72.98484343808312,-13.495669057804314],[-72.98485102062473,-13.494765383728403],[-72.98577446804484,-13.494772801941995],[-72.98576688897221,-13.495676476532813],[-72.98484343808312,-13.495669057804314]]]}},{"type":"Feature","properties":{"Cell_ID":182,"Area_ha":1.0,"LC":"5:0.822346,6:0.000977,9:0.176677","XMIN":718024.86160847,"YMIN":8506453.59738907,"XMAX":718124.86160847,"YMAX":8506553.59738907},"geometry":{"type":"Polygon","coordinates":[[[-72.98479034474106,-13.501994774398904],[-72.98479793117043,-13.50109110080722],[-72.98572140287881,-13.501098522625249],[-72.9857138199202,-13.502002196731866],[-72.98479034474106,-13.501994774398904]]]}},{"type":"Feature","properties":{"Cell_ID":183,"Area_ha":1.0,"LC":"5:0.021961,9:0.278476,13:0.699563","XMIN":718024.86160847,"YMIN":8506353.59738907,"XMAX":718124.86160847,"YMAX":8506453.59738907},"geometry":{"type":"Polygon","coordinates":[[[-72.98478275775624,-13.502898447921392],[-72.98479034474106,-13.501994774398904],[-72.9857138199202,-13.502002196731866],[-72.98570623640641,-13.502905870769291],[-72.98478275775624,-13.502898447921392]]]}},{"type":"Feature","properties":{"Cell_ID":184,"Area_ha":1.0,"LC":"5:0.397351,9:0.098334,13:0.504315","XMIN":718024.86160847,"YMIN":8506253.59738907,"XMAX":718124.86160847,"YMAX":8506353.59738907},"geometry":{"type":"Polygon","coordinates":[[[-72.98477517021598,-13.503802121374688],[-72.98478275775624,-13.502898447921392],[-72.98570623640641,-13.502905870769291],[-72.98569865233743,-13.503809544737528],[-72.98477517021598,-13.503802121374688]]]}},{"type":"Feature","properties":{"Cell_ID":185,"Area_ha":1.0,"LC":"5:0.379459,9:0.099031,13:0.521510","XMIN":718024.86160847,"YMIN":8506153.59738907,"XMAX":718124.86160847,"YMAX":8506253.59738907},"geometry":{"type":"Polygon","coordinates":[[[-72.98476758212028,-13.504705794758785],[-72.98477517021598,-13.503802121374688],[-72.98569865233743,-13.503809544737528],[-72.98569106771326,-13.504713218636567],[-72.98476758212028,-13.504705794758785]]]}},{"type":"Feature","properties":{"Cell_ID":186,"Area_ha":1.0,"LC":"5:0.177373,9:0.721229,13:0.101398","XMIN":718024.86160847,"YMIN":8506053.59738907,"XMAX":718124.86160847,"YMAX":8506153.59738907},"geometry":{"type":"Polygon","coordinates":[[[-72.9847599934691,-13.505609468073668],[-72.98476758212028,-13.504705794758785],[-72.98569106771326,-13.504713218636567],[-72.98568348253386,-13.505616892466405],[-72.9847599934691,-13.505609468073668]]]}},{"type":"Feature","properties":{"Cell_ID":187,"Area_ha":1.0,"LC":"5:0.437632,9:0.562368","XMIN":718024.86160847,"YMIN":8505953.59738907,"XMAX":718124.86160847,"YMAX":8506053.59738907},"geometry":{"type":"Polygon","coordinates":[[[-72.98475240426245,-13.506513141319344],[-72.9847599934691,-13.505609468073668],[-72.98568348253386,-13.505616892466405],[-72.98567589679925,-13.506520566227032],[-72.98475240426245,-13.506513141319344]]]}},{"type":"Feature","properties":{"Cell_ID":188,"Area_ha":1.0,"LC":"3:0.158875,5:0.061398,7:0.277780,9:0.501947","XMIN":718024.86160847,"YMIN":8505853.59738907,"XMAX":718124.86160847,"YMAX":8505953.59738907},"geometry":{"type":"Polygon","coordinates":[[[-72.9847448145003,-13.507416814495807],[-72.98475240426245,-13.506513141319344],[-72.98567589679925,-13.506520566227032],[-72.9856683105094,-13.507424239918453],[-72.9847448145003,-13.507416814495807]]]}},{"type":"Feature","properties":{"Cell_ID":189,"Area_ha":1.0,"LC":"3:0.418083,6:0.339697,7:0.242220","XMIN":718024.86160847,"YMIN":8505753.59738907,"XMAX":718124.86160847,"YMAX":8505853.59738907},"geometry":{"type":"Polygon","coordinates":[[[-72.98473722418268,-13.508320487603052],[-72.9847448145003,-13.507416814495807],[-72.9856683105094,-13.507424239918453],[-72.98566072366431,-13.508327913540656],[-72.98473722418268,-13.508320487603052]]]}},{"type":"Feature","properties":{"Cell_ID":190,"Area_ha":1.0,"LC":"3:0.000134,5:0.201229,6:0.798637","XMIN":718024.86160847,"YMIN":8505653.59738907,"XMAX":718124.86160847,"YMAX":8505753.59738907},"geometry":{"type":"Polygon","coordinates":[[[-72.98472963330953,-13.509224160641073],[-72.98473722418268,-13.508320487603052],[-72.98566072366431,-13.508327913540656],[-72.98565313626398,-13.509231587093641],[-72.98472963330953,-13.509224160641073]]]}},{"type":"Feature","properties":{"Cell_ID":191,"Area_ha":1.0,"LC":"5:0.919304,6:0.080696","XMIN":718024.86160847,"YMIN":8505553.59738907,"XMAX":718124.86160847,"YMAX":8505653.59738907},"geometry":{"type":"Polygon","coordinates":[[[-72.98472204188089,-13.510127833609864],[-72.98472963330953,-13.509224160641073],[-72.98565313626398,-13.509231587093641],[-72.98564554830837,-13.510135260577401],[-72.98472204188089,-13.510127833609864]]]}},{"type":"Feature","properties":{"Cell_ID":192,"Area_ha":1.0,"LC":"5:0.882354,6:0.117646","XMIN":718024.86160847,"YMIN":8505453.59738907,"XMAX":718124.86160847,"YMAX":8505553.59738907},"geometry":{"type":"Polygon","coordinates":[[[-72.98471444989669,-13.511031506509429],[-72.98472204188089,-13.510127833609864],[-72.98564554830837,-13.510135260577401],[-72.9856379597975,-13.511038933991935],[-72.98471444989669,-13.511031506509429]]]}},{"type":"Feature","properties":{"Cell_ID":193,"Area_ha":1.0,"LC":"6:0.943042,9:0.056958","XMIN":718124.86160847,"YMIN":8507453.59738907,"XMAX":718224.86160847,"YMAX":8507553.59738907},"geometry":{"type":"Polygon","coordinates":[[[-72.98394274411434,-13.49295061479098],[-72.98395032845815,-13.492046941022739],[-72.98487376491747,-13.49205436108574],[-72.9848661840419,-13.49295803536911],[-72.98394274411434,-13.49295061479098]]]}},{"type":"Feature","properties":{"Cell_ID":194,"Area_ha":1.0,"LC":"6:0.980836,9:0.019164","XMIN":718124.86160847,"YMIN":8507353.59738907,"XMAX":718224.86160847,"YMAX":8507453.59738907},"geometry":{"type":"Polygon","coordinates":[[[-72.98393515921497,-13.493854288490063],[-72.98394274411434,-13.49295061479098],[-72.9848661840419,-13.49295803536911],[-72.98485860261098,-13.493861709583335],[-72.98393515921497,-13.493854288490063]]]}},{"type":"Feature","properties":{"Cell_ID":195,"Area_ha":1.0,"LC":"5:1.000000","XMIN":718124.86160847,"YMIN":8506453.59738907,"XMAX":718224.86160847,"YMAX":8506553.59738907},"geometry":{"type":"Polygon","coordinates":[[[-72.98386687011735,-13.501987348669239],[-72.98387446001749,-13.501083675592726],[-72.98479793117043,-13.50109110080722],[-72.98479034474106,-13.501994774398904],[-72.98386687011735,-13.501987348669239]]]}},{"type":"Feature","properties":{"Cell_ID":196,"Area_ha":1.0,"LC":"5:0.525137,13:0.474863","XMIN":718124.86160847,"YMIN":8506353.59738907,"XMAX":718224.86160847,"YMAX":8506453.59738907},"geometry":{"type":"Polygon","coordinates":[[[-72.98385927966153,-13.502891021676557],[-72.98386687011735,-13.501987348669239],[-72.98479034474106,-13.501994774398904],[-72.98478275775624,-13.502898447921392],[-72.98385927966153,-13.502891021676557]]]}},{"type":"Feature","properties":{"Cell_ID":197,"Area_ha":1.0,"LC":"5:0.197512,9:0.363168,13:0.439320","XMIN":718124.86160847,"YMIN":8506253.59738907,"XMAX":718224.86160847,"YMAX":8506353.59738907},"geometry":{"type":"Polygon","coordinates":[[[-72.98385168864999,-13.503794694614673],[-72.98385927966153,-13.502891021676557],[-72.98478275775624,-13.502898447921392],[-72.98477517021598,-13.503802121374688],[-72.98385168864999,-13.503794694614673]]]}},{"type":"Feature","properties":{"Cell_ID":198,"Area_ha":1.0,"LC":"5:0.259727,9:0.344847,13:0.395426","XMIN":718124.86160847,"YMIN":8506153.59738907,"XMAX":718224.86160847,"YMAX":8506253.59738907},"geometry":{"type":"Polygon","coordinates":[[[-72.98384409708277,-13.504698367483588],[-72.98385168864999,-13.503794694614673],[-72.98477517021598,-13.503802121374688],[-72.98476758212028,-13.504705794758785],[-72.98384409708277,-13.504698367483588]]]}},{"type":"Feature","properties":{"Cell_ID":199,"Area_ha":1.0,"LC":"9:0.940273,13:0.059727","XMIN":718124.86160847,"YMIN":8506053.59738907,"XMAX":718224.86160847,"YMAX":8506153.59738907},"geometry":{"type":"Polygon","coordinates":[[[-72.98383650495981,-13.505602040283293],[-72.98384409708277,-13.504698367483588],[-72.98476758212028,-13.504705794758785],[-72.9847599934691,-13.505609468073668],[-72.98383650495981,-13.505602040283293]]]}},{"type":"Feature","properties":{"Cell_ID":200,"Area_ha":1.0,"LC":"5:0.037927,9:0.842354,14:0.119719","XMIN":718124.86160847,"YMIN":8505953.59738907,"XMAX":718224.86160847,"YMAX":8506053.59738907},"geometry":{"type":"Polygon","coordinates":[[[-72.98382891228113,-13.506505713013777],[-72.98383650495981,-13.505602040283293],[-72.9847599934691,-13.505609468073668],[-72.98475240426245,-13.506513141319344],[-72.98382891228113,-13.506505713013777]]]}},{"type":"Feature","properties":{"Cell_ID":201,"Area_ha":1.0,"LC":"3:0.360814,5:0.019164,9:0.058083,14:0.561939","XMIN":718124.86160847,"YMIN":8505853.59738907,"XMAX":718224.86160847,"YMAX":8505953.59738907},"geometry":{"type":"Polygon","coordinates":[[[-72.9838213190467,-13.507409385675048],[-72.98382891228113,-13.506505713013777],[-72.98475240426245,-13.506513141319344],[-72.9847448145003,-13.507416814495807],[-72.9838213190467,-13.507409385675048]]]}},{"type":"Feature","properties":{"Cell_ID":202,"Area_ha":1.0,"LC":"3:0.823605,6:0.138053,7:0.038061,14:0.000281","XMIN":718124.86160847,"YMIN":8505753.59738907,"XMAX":718224.86160847,"YMAX":8505853.59738907},"geometry":{"type":"Polygon","coordinates":[[[-72.98381372525652,-13.508313058267095],[-72.9838213190467,-13.507409385675048],[-72.9847448145003,-13.507416814495807],[-72.98473722418268,-13.508320487603052],[-72.98381372525652,-13.508313058267095]]]}},{"type":"Feature","properties":{"Cell_ID":203,"Area_ha":1.0,"LC":"3:0.000429,5:0.098468,6:0.901103","XMIN":718124.86160847,"YMIN":8505653.59738907,"XMAX":718224.86160847,"YMAX":8505753.59738907},"geometry":{"type":"Polygon","coordinates":[[[-72.98380613091061,-13.50921673078992],[-72.98381372525652,-13.508313058267095],[-72.98473722418268,-13.508320487603052],[-72.98472963330953,-13.509224160641073],[-72.98380613091061,-13.50921673078992]]]}},{"type":"Feature","properties":{"Cell_ID":204,"Area_ha":1.0,"LC":"5:0.595426,6:0.404574","XMIN":718124.86160847,"YMIN":8505553.59738907,"XMAX":718224.86160847,"YMAX":8505653.59738907},"geometry":{"type":"Polygon","coordinates":[[[-72.9837985360089,-13.510120403243507],[-72.98380613091061,-13.50921673078992],[-72.98472963330953,-13.509224160641073],[-72.98472204188089,-13.510127833609864],[-72.9837985360089,-13.510120403243507]]]}},{"type":"Feature","properties":{"Cell_ID":205,"Area_ha":1.0,"LC":"5:0.999853,6:0.000147","XMIN":718124.86160847,"YMIN":8505453.59738907,"XMAX":718224.86160847,"YMAX":8505553.59738907},"geometry":{"type":"Polygon","coordinates":[[[-72.98379094055142,-13.511024075627864],[-72.9837985360089,-13.510120403243507],[-72.98472204188089,-13.510127833609864],[-72.98471444989669,-13.511031506509429],[-72.98379094055142,-13.511024075627864]]]}},{"type":"Feature","properties":{"Cell_ID":206,"Area_ha":1.0,"LC":"5:0.102228,6:0.897772","XMIN":718124.86160847,"YMIN":8505353.59738907,"XMAX":718224.86160847,"YMAX":8505453.59738907},"geometry":{"type":"Polygon","coordinates":[[[-72.98378334453815,-13.511927747942973],[-72.98379094055142,-13.511024075627864],[-72.98471444989669,-13.511031506509429],[-72.98470685735698,-13.511935179339755],[-72.98378334453815,-13.511927747942973]]]}},{"type":"Feature","properties":{"Cell_ID":207,"Area_ha":1.0,"LC":"5:0.318208,13:0.681792","XMIN":718224.86160847,"YMIN":8506353.59738907,"XMAX":718324.86160847,"YMAX":8506453.59738907},"geometry":{"type":"Polygon","coordinates":[[[-72.9829358021225,-13.502883592034792],[-72.98294339604934,-13.501979919542885],[-72.98386687011735,-13.501987348669239],[-72.98385927966153,-13.502891021676557],[-72.9829358021225,-13.502883592034792]]]}},{"type":"Feature","properties":{"Cell_ID":208,"Area_ha":1.0,"LC":"5:0.000415,9:0.918594,13:0.080991","XMIN":718224.86160847,"YMIN":8506253.59738907,"XMAX":718324.86160847,"YMAX":8506353.59738907},"geometry":{"type":"Polygon","coordinates":[[[-72.98292820763972,-13.503787264457497],[-72.9829358021225,-13.502883592034792],[-72.98385927966153,-13.502891021676557],[-72.98385168864999,-13.503794694614673],[-72.98292820763972,-13.503787264457497]]]}},{"type":"Feature","properties":{"Cell_ID":209,"Area_ha":1.0,"LC":"9:1.000000","XMIN":718224.86160847,"YMIN":8506153.59738907,"XMAX":718324.86160847,"YMAX":8506253.59738907},"geometry":{"type":"Polygon","coordinates":[[[-72.98292061260098,-13.504690936810992],[-72.98292820763972,-13.503787264457497],[-72.98385168864999,-13.503794694614673],[-72.98384409708277,-13.504698367483588],[-72.98292061260098,-13.504690936810992]]]}},{"type":"Feature","properties":{"Cell_ID":210,"Area_ha":1.0,"LC":"5:0.259978,9:0.740022","XMIN":718224.86160847,"YMIN":8506053.59738907,"XMAX":718324.86160847,"YMAX":8506153.59738907},"geometry":{"type":"Polygon","coordinates":[[[-72.98291301700625,-13.505594609095274],[-72.98292061260098,-13.504690936810992],[-72.98384409708277,-13.504698367483588],[-72.98383650495981,-13.505602040283293],[-72.98291301700625,-13.505594609095274]]]}},{"type":"Feature","properties":{"Cell_ID":211,"Area_ha":1.0,"LC":"5:0.082930,9:0.837351,14:0.079719","XMIN":718224.86160847,"YMIN":8505953.59738907,"XMAX":718324.86160847,"YMAX":8506053.59738907},"geometry":{"type":"Polygon","coordinates":[[[-72.98290542085554,-13.50649828131034],[-72.98291301700625,-13.505594609095274],[-72.98383650495981,-13.505602040283293],[-72.98382891228113,-13.506505713013777],[-72.98290542085554,-13.50649828131034]]]}},{"type":"Feature","properties":{"Cell_ID":212,"Area_ha":1.0,"LC":"3:0.535833,7:0.062761,9:0.001125,14:0.400281","XMIN":718224.86160847,"YMIN":8505853.59738907,"XMAX":718324.86160847,"YMAX":8505953.59738907},"geometry":{"type":"Polygon","coordinates":[[[-72.98289782414885,-13.507401953456181],[-72.98290542085554,-13.50649828131034],[-72.98382891228113,-13.506505713013777],[-72.9838213190467,-13.507409385675048],[-72.98289782414885,-13.507401953456181]]]}},{"type":"Feature","properties":{"Cell_ID":213,"Area_ha":1.0,"LC":"3:0.960134,6:0.039719,7:0.000147","XMIN":718224.86160847,"YMIN":8505753.59738907,"XMAX":718324.86160847,"YMAX":8505853.59738907},"geometry":{"type":"Polygon","coordinates":[[[-72.98289022688616,-13.508305625532799],[-72.98289782414885,-13.507401953456181],[-72.9838213190467,-13.507409385675048],[-72.98381372525652,-13.508313058267095],[-72.98289022688616,-13.508305625532799]]]}},{"type":"Feature","properties":{"Cell_ID":214,"Area_ha":1.0,"LC":"3:0.022094,5:0.180407,6:0.797499","XMIN":718224.86160847,"YMIN":8505653.59738907,"XMAX":718324.86160847,"YMAX":8505753.59738907},"geometry":{"type":"Polygon","coordinates":[[[-72.98288262906745,-13.509209297540185],[-72.98289022688616,-13.508305625532799],[-72.98381372525652,-13.508313058267095],[-72.98380613091061,-13.50921673078992],[-72.98288262906745,-13.509209297540185]]]}},{"type":"Feature","properties":{"Cell_ID":215,"Area_ha":1.0,"LC":"5:0.803449,6:0.196551","XMIN":718224.86160847,"YMIN":8505553.59738907,"XMAX":718324.86160847,"YMAX":8505653.59738907},"geometry":{"type":"Polygon","coordinates":[[[-72.98287503069271,-13.510112969478335],[-72.98288262906745,-13.509209297540185],[-72.98380613091061,-13.50921673078992],[-72.9837985360089,-13.510120403243507],[-72.98287503069271,-13.510112969478335]]]}},{"type":"Feature","properties":{"Cell_ID":216,"Area_ha":1.0,"LC":"5:0.759585,6:0.240415","XMIN":718224.86160847,"YMIN":8505453.59738907,"XMAX":718324.86160847,"YMAX":8505553.59738907},"geometry":{"type":"Polygon","coordinates":[[[-72.98286743176193,-13.511016641347247],[-72.98287503069271,-13.510112969478335],[-72.9837985360089,-13.510120403243507],[-72.98379094055142,-13.511024075627864],[-72.98286743176193,-13.511016641347247]]]}},{"type":"Feature","properties":{"Cell_ID":217,"Area_ha":1.0,"LC":"5:0.820969,6:0.179031","XMIN":718224.86160847,"YMIN":8505353.59738907,"XMAX":718324.86160847,"YMAX":8505453.59738907},"geometry":{"type":"Polygon","coordinates":[[[-72.98285983227511,-13.511920313146916],[-72.98286743176193,-13.511016641347247],[-72.98379094055142,-13.511024075627864],[-72.98378334453815,-13.511927747942973],[-72.98285983227511,-13.511920313146916]]]}},{"type":"Feature","properties":{"Cell_ID":218,"Area_ha":1.0,"LC":"9:0.980836,13:0.019164","XMIN":718324.86160847,"YMIN":8506253.59738907,"XMAX":718424.86160847,"YMAX":8506353.59738907},"geometry":{"type":"Polygon","coordinates":[[[-72.98200472718541,-13.503779830903163],[-72.98201232513944,-13.502876158996107],[-72.9829358021225,-13.502883592034792],[-72.98292820763972,-13.503787264457497],[-72.98200472718541,-13.503779830903163]]]}},{"type":"Feature","properties":{"Cell_ID":219,"Area_ha":1.0,"LC":"5:0.158875,9:0.820155,13:0.020969","XMIN":718324.86160847,"YMIN":8506153.59738907,"XMAX":718424.86160847,"YMAX":8506253.59738907},"geometry":{"type":"Polygon","coordinates":[[[-72.98199712867515,-13.50468350274101],[-72.98200472718541,-13.503779830903163],[-72.98292820763972,-13.503787264457497],[-72.98292061260098,-13.504690936810992],[-72.98199712867515,-13.50468350274101]]]}},{"type":"Feature","properties":{"Cell_ID":220,"Area_ha":1.0,"LC":"5:0.604440,9:0.395560","XMIN":718324.86160847,"YMIN":8506053.59738907,"XMAX":718424.86160847,"YMAX":8506153.59738907},"geometry":{"type":"Polygon","coordinates":[[[-72.98198952960868,-13.505587174509635],[-72.98199712867515,-13.50468350274101],[-72.98292061260098,-13.504690936810992],[-72.98291301700625,-13.505594609095274],[-72.98198952960868,-13.505587174509635]]]}},{"type":"Feature","properties":{"Cell_ID":221,"Area_ha":1.0,"LC":"5:0.198623,9:0.177520,14:0.623856","XMIN":718324.86160847,"YMIN":8505953.59738907,"XMAX":718424.86160847,"YMAX":8506053.59738907},"geometry":{"type":"Polygon","coordinates":[[[-72.98198192998596,-13.50649084620904],[-72.98198952960868,-13.505587174509635],[-72.98291301700625,-13.505594609095274],[-72.98290542085554,-13.50649828131034],[-72.98198192998596,-13.50649084620904]]]}},{"type":"Feature","properties":{"Cell_ID":222,"Area_ha":1.0,"LC":"6:0.220969,7:0.276655,9:0.000415,14:0.501961","XMIN":718324.86160847,"YMIN":8505853.59738907,"XMAX":718424.86160847,"YMAX":8505953.59738907},"geometry":{"type":"Polygon","coordinates":[[[-72.981974329807,-13.507394517839218],[-72.98198192998596,-13.50649084620904],[-72.98290542085554,-13.50649828131034],[-72.98289782414885,-13.507401953456181],[-72.981974329807,-13.507394517839218]]]}},{"type":"Feature","properties":{"Cell_ID":223,"Area_ha":1.0,"LC":"3:0.637927,6:0.179697,7:0.182376","XMIN":718324.86160847,"YMIN":8505753.59738907,"XMAX":718424.86160847,"YMAX":8505853.59738907},"geometry":{"type":"Polygon","coordinates":[[[-72.98196672907179,-13.50829818940017],[-72.981974329807,-13.507394517839218],[-72.98289782414885,-13.507401953456181],[-72.98289022688616,-13.508305625532799],[-72.98196672907179,-13.50829818940017]]]}},{"type":"Feature","properties":{"Cell_ID":224,"Area_ha":1.0,"LC":"3:0.019164,5:0.077646,6:0.903190","XMIN":718324.86160847,"YMIN":8505653.59738907,"XMAX":718424.86160847,"YMAX":8505753.59738907},"geometry":{"type":"Polygon","coordinates":[[[-72.9819591277803,-13.509201860891883],[-72.98196672907179,-13.50829818940017],[-72.98289022688616,-13.508305625532799],[-72.98288262906745,-13.509209297540185],[-72.9819591277803,-13.509201860891883]]]}},{"type":"Feature","properties":{"Cell_ID":225,"Area_ha":1.0,"LC":"5:0.999009,6:0.000991","XMIN":718324.86160847,"YMIN":8505553.59738907,"XMAX":718424.86160847,"YMAX":8505653.59738907},"geometry":{"type":"Polygon","coordinates":[[[-72.98195152593253,-13.510105532314359],[-72.9819591277803,-13.509201860891883],[-72.98288262906745,-13.509209297540185],[-72.98287503069271,-13.510112969478335],[-72.98195152593253,-13.510105532314359]]]}},{"type":"Feature","properties":{"Cell_ID":226,"Area_ha":1.0,"LC":"5:1.000000","XMIN":718324.86160847,"YMIN":8505453.59738907,"XMAX":718424.86160847,"YMAX":8505553.59738907},"geometry":{"type":"Polygon","coordinates":[[[-72.98194392352849,-13.511009203667593],[-72.98195152593253,-13.510105532314359],[-72.98287503069271,-13.510112969478335],[-72.98286743176193,-13.511016641347247],[-72.98194392352849,-13.511009203667593]]]}},{"type":"Feature","properties":{"Cell_ID":227,"Area_ha":1.0,"LC":"5:0.420022,6:0.538039,13:0.041939","XMIN":718324.86160847,"YMIN":8505353.59738907,"XMAX":718424.86160847,"YMAX":8505453.59738907},"geometry":{"type":"Polygon","coordinates":[[[-72.98193632056814,-13.511912874951578],[-72.98194392352849,-13.511009203667593],[-72.98286743176193,-13.511016641347247],[-72.98285983227511,-13.511920313146916],[-72.98193632056814,-13.511912874951578]]]}},{"type":"Feature","properties":{"Cell_ID":228,"Area_ha":1.0,"LC":"5:0.118476,6:0.578616,9:0.302908","XMIN":718324.86160847,"YMIN":8505253.59738907,"XMAX":718424.86160847,"YMAX":8505353.59738907},"geometry":{"type":"Polygon","coordinates":[[[-72.98192871705149,-13.51281654616632],[-72.98193632056814,-13.511912874951578],[-72.98285983227511,-13.511920313146916],[-72.98285223223225,-13.512823984877338],[-72.98192871705149,-13.51281654616632]]]}},{"type":"Feature","properties":{"Cell_ID":229,"Area_ha":1.0,"LC":"9:0.515278,13:0.484722","XMIN":718424.86160847,"YMIN":8506153.59738907,"XMAX":718524.86160847,"YMAX":8506253.59738907},"geometry":{"type":"Polygon","coordinates":[[[-72.98107364530557,-13.504676065273642],[-72.9810812472873,-13.503772393951687],[-72.98200472718541,-13.503779830903163],[-72.98199712867515,-13.50468350274101],[-72.98107364530557,-13.504676065273642]]]}},{"type":"Feature","properties":{"Cell_ID":230,"Area_ha":1.0,"LC":"5:0.454738,6:0.159438,9:0.244708,13:0.101398,14:0.039719","XMIN":718424.86160847,"YMIN":8506053.59738907,"XMAX":718524.86160847,"YMAX":8506153.59738907},"geometry":{"type":"Polygon","coordinates":[[[-72.98106604276735,-13.50557973652638],[-72.98107364530557,-13.504676065273642],[-72.98199712867515,-13.50468350274101],[-72.98198952960868,-13.505587174509635],[-72.98106604276735,-13.50557973652638]]]}},{"type":"Feature","properties":{"Cell_ID":231,"Area_ha":1.0,"LC":"5:0.061384,6:0.303471,9:0.000147,14:0.634997","XMIN":718424.86160847,"YMIN":8505953.59738907,"XMAX":718524.86160847,"YMAX":8506053.59738907},"geometry":{"type":"Polygon","coordinates":[[[-72.98105843967262,-13.506483407709885],[-72.98106604276735,-13.50557973652638],[-72.98198952960868,-13.505587174509635],[-72.98198192998596,-13.50649084620904],[-72.98105843967262,-13.506483407709885]]]}},{"type":"Feature","properties":{"Cell_ID":232,"Area_ha":1.0,"LC":"6:0.281792,7:0.217772,14:0.500437","XMIN":718424.86160847,"YMIN":8505853.59738907,"XMAX":718524.86160847,"YMAX":8505953.59738907},"geometry":{"type":"Polygon","coordinates":[[[-72.98105083602141,-13.50738707882417],[-72.98105843967262,-13.506483407709885],[-72.98198192998596,-13.50649084620904],[-72.981974329807,-13.507394517839218],[-72.98105083602141,-13.50738707882417]]]}},{"type":"Feature","properties":{"Cell_ID":233,"Area_ha":1.0,"LC":"3:0.700260,6:0.119451,7:0.180289","XMIN":718424.86160847,"YMIN":8505753.59738907,"XMAX":718524.86160847,"YMAX":8505853.59738907},"geometry":{"type":"Polygon","coordinates":[[[-72.98104323181369,-13.508290749869214],[-72.98105083602141,-13.50738707882417],[-72.981974329807,-13.507394517839218],[-72.98196672907179,-13.50829818940017],[-72.98104323181369,-13.508290749869214]]]}},{"type":"Feature","properties":{"Cell_ID":234,"Area_ha":1.0,"LC":"3:0.000710,6:0.999290","XMIN":718424.86160847,"YMIN":8505653.59738907,"XMAX":718524.86160847,"YMAX":8505753.59738907},"geometry":{"type":"Polygon","coordinates":[[[-72.98103562704945,-13.509194420845025],[-72.98104323181369,-13.508290749869214],[-72.98196672907179,-13.50829818940017],[-72.9819591277803,-13.509201860891883],[-72.98103562704945,-13.509194420845025]]]}},{"type":"Feature","properties":{"Cell_ID":235,"Area_ha":1.0,"LC":"5:0.998594,6:0.001406","XMIN":718424.86160847,"YMIN":8505553.59738907,"XMAX":718524.86160847,"YMAX":8505653.59738907},"geometry":{"type":"Polygon","coordinates":[[[-72.98102802172866,-13.510098091751589],[-72.98103562704945,-13.509194420845025],[-72.9819591277803,-13.509201860891883],[-72.98195152593253,-13.510105532314359],[-72.98102802172866,-13.510098091751589]]]}},{"type":"Feature","properties":{"Cell_ID":236,"Area_ha":1.0,"LC":"5:1.000000","XMIN":718424.86160847,"YMIN":8505453.59738907,"XMAX":718524.86160847,"YMAX":8505553.59738907},"geometry":{"type":"Polygon","coordinates":[[[-72.98102041585135,-13.51100176258891],[-72.98102802172866,-13.510098091751589],[-72.98195152593253,-13.510105532314359],[-72.98194392352849,-13.511009203667593],[-72.98102041585135,-13.51100176258891]]]}},{"type":"Feature","properties":{"Cell_ID":237,"Area_ha":1.0,"LC":"5:0.542376,6:0.098334,9:0.039719,13:0.319571","XMIN":718424.86160847,"YMIN":8505353.59738907,"XMAX":718524.86160847,"YMAX":8505453.59738907},"geometry":{"type":"Polygon","coordinates":[[[-72.98101280941748,-13.511905433356981],[-72.98102041585135,-13.51100176258891],[-72.98194392352849,-13.511009203667593],[-72.98193632056814,-13.511912874951578],[-72.98101280941748,-13.511905433356981]]]}},{"type":"Feature","properties":{"Cell_ID":238,"Area_ha":1.0,"LC":"6:0.400562,9:0.538039,13:0.061398","XMIN":718424.86160847,"YMIN":8505253.59738907,"XMAX":718524.86160847,"YMAX":8505353.59738907},"geometry":{"type":"Polygon","coordinates":[[[-72.98100520242703,-13.512809104055794],[-72.98101280941748,-13.511905433356981],[-72.98193632056814,-13.511912874951578],[-72.98192871705149,-13.51281654616632],[-72.98100520242703,-13.512809104055794]]]}},{"type":"Feature","properties":{"Cell_ID":239,"Area_ha":1.0,"LC":"9:0.859711,13:0.140289","XMIN":718524.86160847,"YMIN":8506053.59738907,"XMAX":718624.86160847,"YMAX":8506153.59738907},"geometry":{"type":"Polygon","coordinates":[[[-72.98014255648249,-13.505572295145518],[-72.98015016249246,-13.50466862440891],[-72.98107364530557,-13.504676065273642],[-72.98106604276735,-13.50557973652638],[-72.98014255648249,-13.505572295145518]]]}},{"type":"Feature","properties":{"Cell_ID":240,"Area_ha":1.0,"LC":"5:0.099031,6:0.761510,9:0.001406,14:0.138053","XMIN":718524.86160847,"YMIN":8505953.59738907,"XMAX":718624.86160847,"YMAX":8506053.59738907},"geometry":{"type":"Polygon","coordinates":[[[-72.9801349499158,-13.506475965812895],[-72.98014255648249,-13.505572295145518],[-72.98106604276735,-13.50557973652638],[-72.98105843967262,-13.506483407709885],[-72.9801349499158,-13.506475965812895]]]}},{"type":"Feature","properties":{"Cell_ID":241,"Area_ha":1.0,"LC":"3:0.158875,6:0.217386,14:0.623738","XMIN":718524.86160847,"YMIN":8505853.59738907,"XMAX":718624.86160847,"YMAX":8505953.59738907},"geometry":{"type":"Polygon","coordinates":[[[-72.98012734279234,-13.507379636411041],[-72.9801349499158,-13.506475965812895],[-72.98105843967262,-13.506483407709885],[-72.98105083602141,-13.50738707882417],[-72.98012734279234,-13.507379636411041]]]}},{"type":"Feature","properties":{"Cell_ID":242,"Area_ha":1.0,"LC":"3:0.736810,6:0.242073,14:0.021117","XMIN":718524.86160847,"YMIN":8505753.59738907,"XMAX":718624.86160847,"YMAX":8505853.59738907},"geometry":{"type":"Polygon","coordinates":[[[-72.98011973511211,-13.50828330693995],[-72.98012734279234,-13.507379636411041],[-72.98105083602141,-13.50738707882417],[-72.98104323181369,-13.508290749869214],[-72.98011973511211,-13.50828330693995]]]}},{"type":"Feature","properties":{"Cell_ID":243,"Area_ha":1.0,"LC":"3:0.001406,6:0.998594","XMIN":718524.86160847,"YMIN":8505653.59738907,"XMAX":718624.86160847,"YMAX":8505753.59738907},"geometry":{"type":"Polygon","coordinates":[[[-72.98011212687511,-13.509186977399617],[-72.98011973511211,-13.50828330693995],[-72.98104323181369,-13.508290749869214],[-72.98103562704945,-13.509194420845025],[-72.98011212687511,-13.509186977399617]]]}},{"type":"Feature","properties":{"Cell_ID":244,"Area_ha":1.0,"LC":"5:0.998594,6:0.001406","XMIN":718524.86160847,"YMIN":8505553.59738907,"XMAX":718624.86160847,"YMAX":8505653.59738907},"geometry":{"type":"Polygon","coordinates":[[[-72.98010451808133,-13.510090647790037],[-72.98011212687511,-13.509186977399617],[-72.98103562704945,-13.509194420845025],[-72.98102802172866,-13.510098091751589],[-72.98010451808133,-13.510090647790037]]]}},{"type":"Feature","properties":{"Cell_ID":245,"Area_ha":1.0,"LC":"5:0.939459,9:0.060541","XMIN":718524.86160847,"YMIN":8505453.59738907,"XMAX":718624.86160847,"YMAX":8505553.59738907},"geometry":{"type":"Polygon","coordinates":[[[-72.98009690873074,-13.510994318111207],[-72.98010451808133,-13.510090647790037],[-72.98102802172866,-13.510098091751589],[-72.98102041585135,-13.51100176258891],[-72.98009690873074,-13.510994318111207]]]}},{"type":"Feature","properties":{"Cell_ID":246,"Area_ha":1.0,"LC":"5:0.577507,9:0.284025,13:0.138468","XMIN":718524.86160847,"YMIN":8505353.59738907,"XMAX":718624.86160847,"YMAX":8505453.59738907},"geometry":{"type":"Polygon","coordinates":[[[-72.98008929882336,-13.511897988363122],[-72.98009690873074,-13.510994318111207],[-72.98102041585135,-13.51100176258891],[-72.98101280941748,-13.511905433356981],[-72.98008929882336,-13.511897988363122]]]}},{"type":"Feature","properties":{"Cell_ID":247,"Area_ha":1.0,"LC":"5:0.000562,6:0.479290,9:0.179178,13:0.261532,14:0.079438","XMIN":718524.86160847,"YMIN":8505253.59738907,"XMAX":718624.86160847,"YMAX":8505353.59738907},"geometry":{"type":"Polygon","coordinates":[[[-72.98008168835916,-13.51280165854578],[-72.98008929882336,-13.511897988363122],[-72.98101280941748,-13.511905433356981],[-72.98100520242703,-13.512809104055794],[-72.98008168835916,-13.51280165854578]]]}},{"type":"Feature","properties":{"Cell_ID":248,"Area_ha":1.0,"LC":"5:0.201229,9:0.657373,13:0.080281,16:0.061117","XMIN":718624.86160847,"YMIN":8506053.59738907,"XMAX":718724.86160847,"YMAX":8506153.59738907},"geometry":{"type":"Polygon","coordinates":[[[-72.9792190707544,-13.505564850367058],[-72.9792266802361,-13.504661180146812],[-72.98015016249246,-13.50466862440891],[-72.98014255648249,-13.505572295145518],[-72.9792190707544,-13.505564850367058]]]}},{"type":"Feature","properties":{"Cell_ID":249,"Area_ha":1.0,"LC":"5:0.544566,6:0.454738,9:0.000696","XMIN":718624.86160847,"YMIN":8505953.59738907,"XMAX":718724.86160847,"YMAX":8506053.59738907},"geometry":{"type":"Polygon","coordinates":[[[-72.97921146071572,-13.50646852051807],[-72.9792190707544,-13.505564850367058],[-72.98014255648249,-13.505572295145518],[-72.9801349499158,-13.506475965812895],[-72.97921146071572,-13.50646852051807]]]}},{"type":"Feature","properties":{"Cell_ID":250,"Area_ha":1.0,"LC":"5:0.322930,6:0.119853,7:0.039719,14:0.517499","XMIN":718624.86160847,"YMIN":8505853.59738907,"XMAX":718724.86160847,"YMAX":8505953.59738907},"geometry":{"type":"Polygon","coordinates":[[[-72.97920385012002,-13.507372190599844],[-72.97921146071572,-13.50646852051807],[-72.9801349499158,-13.506475965812895],[-72.98012734279234,-13.507379636411041],[-72.97920385012002,-13.507372190599844]]]}},{"type":"Feature","properties":{"Cell_ID":251,"Area_ha":1.0,"LC":"3:0.018897,6:0.637351,7:0.303190,14:0.040562","XMIN":718624.86160847,"YMIN":8505753.59738907,"XMAX":718724.86160847,"YMAX":8505853.59738907},"geometry":{"type":"Polygon","coordinates":[[[-72.97919623896732,-13.50827586061238],[-72.97920385012002,-13.507372190599844],[-72.98012734279234,-13.507379636411041],[-72.98011973511211,-13.50828330693995],[-72.97919623896732,-13.50827586061238]]]}},{"type":"Feature","properties":{"Cell_ID":252,"Area_ha":1.0,"LC":"3:0.000134,5:0.160948,6:0.838918","XMIN":718624.86160847,"YMIN":8505653.59738907,"XMAX":718724.86160847,"YMAX":8505753.59738907},"geometry":{"type":"Polygon","coordinates":[[[-72.97918862725757,-13.509179530555667],[-72.97919623896732,-13.50827586061238],[-72.98011973511211,-13.50828330693995],[-72.98011212687511,-13.509186977399617],[-72.97918862725757,-13.509179530555667]]]}},{"type":"Feature","properties":{"Cell_ID":253,"Area_ha":1.0,"LC":"5:0.616824,6:0.200415,7:0.182761","XMIN":718624.86160847,"YMIN":8505553.59738907,"XMAX":718724.86160847,"YMAX":8505653.59738907},"geometry":{"type":"Polygon","coordinates":[[[-72.97918101499079,-13.510083200429706],[-72.97918862725757,-13.509179530555667],[-72.98011212687511,-13.509186977399617],[-72.98010451808133,-13.510090647790037],[-72.97918101499079,-13.510083200429706]]]}},{"type":"Feature","properties":{"Cell_ID":254,"Area_ha":1.0,"LC":"5:0.941237,7:0.000147,9:0.058616","XMIN":718624.86160847,"YMIN":8505453.59738907,"XMAX":718724.86160847,"YMAX":8505553.59738907},"geometry":{"type":"Polygon","coordinates":[[[-72.97917340216695,-13.510986870234493],[-72.97918101499079,-13.510083200429706],[-72.98010451808133,-13.510090647790037],[-72.98009690873074,-13.510994318111207],[-72.97917340216695,-13.510986870234493]]]}},{"type":"Feature","properties":{"Cell_ID":255,"Area_ha":1.0,"LC":"5:0.181961,9:0.799143,13:0.018897","XMIN":718624.86160847,"YMIN":8505353.59738907,"XMAX":718724.86160847,"YMAX":8505453.59738907},"geometry":{"type":"Polygon","coordinates":[[[-72.97916578878606,-13.51189053997002],[-72.97917340216695,-13.510986870234493],[-72.98009690873074,-13.510994318111207],[-72.98008929882336,-13.511897988363122],[-72.97916578878606,-13.51189053997002]]]}},{"type":"Feature","properties":{"Cell_ID":256,"Area_ha":1.0,"LC":"6:0.398594,9:0.563211,13:0.038195","XMIN":718624.86160847,"YMIN":8505253.59738907,"XMAX":718724.86160847,"YMAX":8505353.59738907},"geometry":{"type":"Polygon","coordinates":[[[-72.97915817484811,-13.512794209636283],[-72.97916578878606,-13.51189053997002],[-72.98008929882336,-13.511897988363122],[-72.98008168835916,-13.51280165854578],[-72.97915817484811,-13.512794209636283]]]}},{"type":"Feature","properties":{"Cell_ID":257,"Area_ha":1.0,"LC":"5:0.377624,9:0.481939,16:0.140437","XMIN":718724.86160847,"YMIN":8506053.59738907,"XMAX":718824.86160847,"YMAX":8506153.59738907},"geometry":{"type":"Polygon","coordinates":[[[-72.9782955855833,-13.50555740219101],[-72.9783031985367,-13.504653732487363],[-72.9792266802361,-13.504661180146812],[-72.9792190707544,-13.505564850367058],[-72.9782955855833,-13.50555740219101]]]}},{"type":"Feature","properties":{"Cell_ID":258,"Area_ha":1.0,"LC":"5:0.939459,14:0.060541","XMIN":718724.86160847,"YMIN":8505953.59738907,"XMAX":718824.86160847,"YMAX":8506053.59738907},"geometry":{"type":"Polygon","coordinates":[[[-72.97828797207265,-13.50646107182542],[-72.9782955855833,-13.50555740219101],[-72.9792190707544,-13.505564850367058],[-72.97921146071572,-13.50646852051807],[-72.97828797207265,-13.50646107182542]]]}},{"type":"Feature","properties":{"Cell_ID":259,"Area_ha":1.0,"LC":"5:0.600977,7:0.121939,14:0.277084","XMIN":718724.86160847,"YMIN":8505853.59738907,"XMAX":718824.86160847,"YMAX":8505953.59738907},"geometry":{"type":"Polygon","coordinates":[[[-72.97828035800472,-13.50736474139059],[-72.97828797207265,-13.50646107182542],[-72.97921146071572,-13.50646852051807],[-72.97920385012002,-13.507372190599844],[-72.97828035800472,-13.50736474139059]]]}},{"type":"Feature","properties":{"Cell_ID":260,"Area_ha":1.0,"LC":"5:0.020822,6:0.177772,7:0.419031,14:0.382376","XMIN":718724.86160847,"YMIN":8505753.59738907,"XMAX":718824.86160847,"YMAX":8505853.59738907},"geometry":{"type":"Polygon","coordinates":[[[-72.97827274337955,-13.508268410886515],[-72.97828035800472,-13.50736474139059],[-72.97920385012002,-13.507372190599844],[-72.97919623896732,-13.50827586061238],[-72.97827274337955,-13.508268410886515]]]}},{"type":"Feature","properties":{"Cell_ID":261,"Area_ha":1.0,"LC":"5:0.419711,6:0.580289","XMIN":718724.86160847,"YMIN":8505653.59738907,"XMAX":718824.86160847,"YMAX":8505753.59738907},"geometry":{"type":"Polygon","coordinates":[[[-72.97826512819707,-13.50917208031319],[-72.97827274337955,-13.508268410886515],[-72.97919623896732,-13.50827586061238],[-72.97918862725757,-13.509179530555667],[-72.97826512819707,-13.50917208031319]]]}},{"type":"Feature","properties":{"Cell_ID":262,"Area_ha":1.0,"LC":"5:0.743605,7:0.256395","XMIN":718724.86160847,"YMIN":8505553.59738907,"XMAX":718824.86160847,"YMAX":8505653.59738907},"geometry":{"type":"Polygon","coordinates":[[[-72.9782575124573,-13.510075749670612],[-72.97826512819707,-13.50917208031319],[-72.97918862725757,-13.509179530555667],[-72.97918101499079,-13.510083200429706],[-72.9782575124573,-13.510075749670612]]]}},{"type":"Feature","properties":{"Cell_ID":263,"Area_ha":1.0,"LC":"5:0.616543,7:0.383457","XMIN":718724.86160847,"YMIN":8505453.59738907,"XMAX":718824.86160847,"YMAX":8505553.59738907},"geometry":{"type":"Polygon","coordinates":[[[-72.97824989616022,-13.510979418958776],[-72.9782575124573,-13.510075749670612],[-72.97918101499079,-13.510083200429706],[-72.97917340216695,-13.510986870234493],[-72.97824989616022,-13.510979418958776]]]}},{"type":"Feature","properties":{"Cell_ID":264,"Area_ha":1.0,"LC":"5:0.823323,7:0.000147,9:0.075988,13:0.100541","XMIN":718724.86160847,"YMIN":8505353.59738907,"XMAX":718824.86160847,"YMAX":8505453.59738907},"geometry":{"type":"Polygon","coordinates":[[[-72.97824227930585,-13.511883088177678],[-72.97824989616022,-13.510979418958776],[-72.97917340216695,-13.510986870234493],[-72.97916578878606,-13.51189053997002],[-72.97824227930585,-13.511883088177678]]]}},{"type":"Feature","properties":{"Cell_ID":265,"Area_ha":1.0,"LC":"5:0.000844,6:0.239304,9:0.618454,13:0.141398","XMIN":718724.86160847,"YMIN":8505253.59738907,"XMAX":718824.86160847,"YMAX":8505353.59738907},"geometry":{"type":"Polygon","coordinates":[[[-72.97823466189413,-13.512786757327316],[-72.97824227930585,-13.511883088177678],[-72.97916578878606,-13.51189053997002],[-72.97915817484811,-13.512794209636283],[-72.97823466189413,-13.512786757327316]]]}},{"type":"Feature","properties":{"Cell_ID":266,"Area_ha":1.0,"LC":"5:0.058616,9:0.860541,14:0.079438,16:0.001406","XMIN":718824.86160847,"YMIN":8506053.59738907,"XMAX":718924.86160847,"YMAX":8506153.59738907},"geometry":{"type":"Polygon","coordinates":[[[-72.97737210096945,-13.505549950617388],[-72.97737971739456,-13.504646281430572],[-72.9783031985367,-13.504653732487363],[-72.9782955855833,-13.50555740219101],[-72.97737210096945,-13.505549950617388]]]}},{"type":"Feature","properties":{"Cell_ID":267,"Area_ha":1.0,"LC":"5:0.196537,9:0.082368,14:0.721095","XMIN":718824.86160847,"YMIN":8505953.59738907,"XMAX":718924.86160847,"YMAX":8506053.59738907},"geometry":{"type":"Polygon","coordinates":[[[-72.97736448398683,-13.506453619734954],[-72.97737210096945,-13.505549950617388],[-72.9782955855833,-13.50555740219101],[-72.97828797207265,-13.50646107182542],[-72.97736448398683,-13.506453619734954]]]}},{"type":"Feature","properties":{"Cell_ID":268,"Area_ha":1.0,"LC":"5:0.158061,6:0.121792,7:0.400000,14:0.320147","XMIN":718824.86160847,"YMIN":8505853.59738907,"XMAX":718924.86160847,"YMAX":8505953.59738907},"geometry":{"type":"Polygon","coordinates":[[[-72.97735686644671,-13.507357288783288],[-72.97736448398683,-13.506453619734954],[-72.97828797207265,-13.50646107182542],[-72.97828035800472,-13.50736474139059],[-72.97735686644671,-13.507357288783288]]]}},{"type":"Feature","properties":{"Cell_ID":269,"Area_ha":1.0,"LC":"5:0.278594,6:0.000147,7:0.118061,14:0.603198","XMIN":718824.86160847,"YMIN":8505753.59738907,"XMAX":718924.86160847,"YMAX":8505853.59738907},"geometry":{"type":"Polygon","coordinates":[[[-72.97734924834904,-13.508260957762367],[-72.97735686644671,-13.507357288783288],[-72.97828035800472,-13.50736474139059],[-72.97827274337955,-13.508268410886515],[-72.97734924834904,-13.508260957762367]]]}},{"type":"Feature","properties":{"Cell_ID":270,"Area_ha":1.0,"LC":"5:0.801939,6:0.198061","XMIN":718824.86160847,"YMIN":8505653.59738907,"XMAX":718924.86160847,"YMAX":8505753.59738907},"geometry":{"type":"Polygon","coordinates":[[[-72.97734162969385,-13.509164626672192],[-72.97734924834904,-13.508260957762367],[-72.97827274337955,-13.508268410886515],[-72.97826512819707,-13.50917208031319],[-72.97734162969385,-13.509164626672192]]]}},{"type":"Feature","properties":{"Cell_ID":271,"Area_ha":1.0,"LC":"5:1.000000","XMIN":718824.86160847,"YMIN":8505553.59738907,"XMAX":718924.86160847,"YMAX":8505653.59738907},"geometry":{"type":"Polygon","coordinates":[[[-72.97733401048112,-13.510068295512763],[-72.97734162969385,-13.509164626672192],[-72.97826512819707,-13.50917208031319],[-72.9782575124573,-13.510075749670612],[-72.97733401048112,-13.510068295512763]]]}},{"type":"Feature","properties":{"Cell_ID":272,"Area_ha":1.0,"LC":"5:0.598342,6:0.344700,7:0.056958","XMIN":718824.86160847,"YMIN":8505453.59738907,"XMAX":718924.86160847,"YMAX":8505553.59738907},"geometry":{"type":"Polygon","coordinates":[[[-72.97732639071081,-13.510971964284067],[-72.97733401048112,-13.510068295512763],[-72.9782575124573,-13.510075749670612],[-72.97824989616022,-13.510979418958776],[-72.97732639071081,-13.510971964284067]]]}},{"type":"Feature","properties":{"Cell_ID":273,"Area_ha":1.0,"LC":"5:0.781666,6:0.000147,7:0.000134,13:0.218053","XMIN":718824.86160847,"YMIN":8505353.59738907,"XMAX":718924.86160847,"YMAX":8505453.59738907},"geometry":{"type":"Polygon","coordinates":[[[-72.97731877038295,-13.51187563298611],[-72.97732639071081,-13.510971964284067],[-72.97824989616022,-13.510979418958776],[-72.97824227930585,-13.511883088177678],[-72.97731877038295,-13.51187563298611]]]}},{"type":"Feature","properties":{"Cell_ID":274,"Area_ha":1.0,"LC":"9:0.796655,13:0.203211,16:0.000134","XMIN":718924.86160847,"YMIN":8506053.59738907,"XMAX":719024.86160847,"YMAX":8506153.59738907},"geometry":{"type":"Polygon","coordinates":[[[-72.97644861691312,-13.505542495646194],[-72.97645623680991,-13.504638826976446],[-72.97737971739456,-13.504646281430572],[-72.97737210096945,-13.505549950617388],[-72.97644861691312,-13.505542495646194]]]}},{"type":"Feature","properties":{"Cell_ID":275,"Area_ha":1.0,"LC":"5:0.201229,9:0.199467,14:0.599304","XMIN":718924.86160847,"YMIN":8505953.59738907,"XMAX":719024.86160847,"YMAX":8506053.59738907},"geometry":{"type":"Polygon","coordinates":[[[-72.97644099645855,-13.50644616424669],[-72.97644861691312,-13.505542495646194],[-72.97737210096945,-13.505549950617388],[-72.97736448398683,-13.506453619734954],[-72.97644099645855,-13.50644616424669]]]}},{"type":"Feature","properties":{"Cell_ID":276,"Area_ha":1.0,"LC":"5:0.162649,6:0.659563,7:0.078061,14:0.099727","XMIN":718924.86160847,"YMIN":8505853.59738907,"XMAX":719024.86160847,"YMAX":8505953.59738907},"geometry":{"type":"Polygon","coordinates":[[[-72.97643337544622,-13.507349832777942],[-72.97644099645855,-13.50644616424669],[-72.97736448398683,-13.506453619734954],[-72.97735686644671,-13.507357288783288],[-72.97643337544622,-13.507349832777942]]]}},{"type":"Feature","properties":{"Cell_ID":277,"Area_ha":1.0,"LC":"5:0.100407,6:0.182376,7:0.041939,14:0.675278","XMIN":718924.86160847,"YMIN":8505753.59738907,"XMAX":719024.86160847,"YMAX":8505853.59738907},"geometry":{"type":"Polygon","coordinates":[[[-72.9764257538761,-13.508253501239942],[-72.97643337544622,-13.507349832777942],[-72.97735686644671,-13.507357288783288],[-72.97734924834904,-13.508260957762367],[-72.9764257538761,-13.508253501239942]]]}},{"type":"Feature","properties":{"Cell_ID":278,"Area_ha":1.0,"LC":"5:0.496810,6:0.382346,14:0.120844","XMIN":718924.86160847,"YMIN":8505653.59738907,"XMAX":719024.86160847,"YMAX":8505753.59738907},"geometry":{"type":"Polygon","coordinates":[[[-72.97641813174819,-13.509157169632683],[-72.9764257538761,-13.508253501239942],[-72.97734924834904,-13.508260957762367],[-72.97734162969385,-13.509164626672192],[-72.97641813174819,-13.509157169632683]]]}},{"type":"Feature","properties":{"Cell_ID":279,"Area_ha":1.0,"LC":"5:0.919438,6:0.080562","XMIN":718924.86160847,"YMIN":8505553.59738907,"XMAX":719024.86160847,"YMAX":8505653.59738907},"geometry":{"type":"Polygon","coordinates":[[[-72.97641050906249,-13.510060837956162],[-72.97641813174819,-13.509157169632683],[-72.97734162969385,-13.509164626672192],[-72.97733401048112,-13.510068295512763],[-72.97641050906249,-13.510060837956162]]]}},{"type":"Feature","properties":{"Cell_ID":280,"Area_ha":1.0,"LC":"5:0.824981,6:0.175019","XMIN":718924.86160847,"YMIN":8505453.59738907,"XMAX":719024.86160847,"YMAX":8505553.59738907},"geometry":{"type":"Polygon","coordinates":[[[-72.97640288581897,-13.51096450621038],[-72.97641050906249,-13.510060837956162],[-72.97733401048112,-13.510068295512763],[-72.97732639071081,-13.510971964284067],[-72.97640288581897,-13.51096450621038]]]}},{"type":"Feature","properties":{"Cell_ID":281,"Area_ha":1.0,"LC":"5:0.999866,6:0.000134","XMIN":718924.86160847,"YMIN":8505353.59738907,"XMAX":719024.86160847,"YMAX":8505453.59738907},"geometry":{"type":"Polygon","coordinates":[[[-72.97639526201762,-13.511868174395323],[-72.97640288581897,-13.51096450621038],[-72.97732639071081,-13.510971964284067],[-72.97731877038295,-13.51187563298611],[-72.97639526201762,-13.511868174395323]]]}},{"type":"Feature","properties":{"Cell_ID":282,"Area_ha":1.0,"LC":"5:0.182376,6:0.157365,9:0.100260,13:0.278061,14:0.281939","XMIN":718924.86160847,"YMIN":8505253.59738907,"XMAX":719024.86160847,"YMAX":8505353.59738907},"geometry":{"type":"Polygon","coordinates":[[[-72.97638763765845,-13.512771842510999],[-72.97639526201762,-13.511868174395323],[-72.97731877038295,-13.51187563298611],[-72.9773111494975,-13.512779301618883],[-72.97638763765845,-13.512771842510999]]]}},{"type":"Feature","properties":{"Cell_ID":283,"Area_ha":1.0,"LC":"9:0.021398,13:0.978602","XMIN":719024.86160847,"YMIN":8506153.59738907,"XMAX":719124.86160847,"YMAX":8506253.59738907},"geometry":{"type":"Polygon","coordinates":[[[-72.97553275678302,-13.504631369124999],[-72.9755403795935,-13.50372770090332],[-72.97646385614897,-13.503735158237465],[-72.97645623680991,-13.504638826976446],[-72.97553275678302,-13.504631369124999]]]}},{"type":"Feature","properties":{"Cell_ID":284,"Area_ha":1.0,"LC":"9:0.477084,13:0.462376,14:0.060541","XMIN":719024.86160847,"YMIN":8506053.59738907,"XMAX":719124.86160847,"YMAX":8506153.59738907},"geometry":{"type":"Polygon","coordinates":[[[-72.97552513341454,-13.505535037277438],[-72.97553275678302,-13.504631369124999],[-72.97645623680991,-13.504638826976446],[-72.97644861691312,-13.505542495646194],[-72.97552513341454,-13.505535037277438]]]}},{"type":"Feature","properties":{"Cell_ID":285,"Area_ha":1.0,"LC":"5:0.318594,6:0.281939,9:0.000977,14:0.398490","XMIN":719024.86160847,"YMIN":8505953.59738907,"XMAX":719124.86160847,"YMAX":8506053.59738907},"geometry":{"type":"Polygon","coordinates":[[[-72.97551750948804,-13.50643870536063],[-72.97552513341454,-13.505535037277438],[-72.97644861691312,-13.505542495646194],[-72.97644099645855,-13.50644616424669],[-72.97551750948804,-13.50643870536063]]]}},{"type":"Feature","properties":{"Cell_ID":286,"Area_ha":1.0,"LC":"5:0.479186,6:0.056958,7:0.020969,14:0.442887","XMIN":719024.86160847,"YMIN":8505853.59738907,"XMAX":719124.86160847,"YMAX":8505953.59738907},"geometry":{"type":"Polygon","coordinates":[[[-72.9755098850035,-13.507342373374566],[-72.97551750948804,-13.50643870536063],[-72.97644099645855,-13.50644616424669],[-72.97643337544622,-13.507349832777942],[-72.9755098850035,-13.507342373374566]]]}},{"type":"Feature","properties":{"Cell_ID":287,"Area_ha":1.0,"LC":"5:0.377906,6:0.099164,7:0.400000,9:0.020969,14:0.101961","XMIN":719024.86160847,"YMIN":8505753.59738907,"XMAX":719124.86160847,"YMAX":8505853.59738907},"geometry":{"type":"Polygon","coordinates":[[[-72.97550225996095,-13.508246041319248],[-72.9755098850035,-13.507342373374566],[-72.97643337544622,-13.507349832777942],[-72.9764257538761,-13.508253501239942],[-72.97550225996095,-13.508246041319248]]]}},{"type":"Feature","properties":{"Cell_ID":288,"Area_ha":1.0,"LC":"5:0.822908,6:0.177092","XMIN":719024.86160847,"YMIN":8505653.59738907,"XMAX":719124.86160847,"YMAX":8505753.59738907},"geometry":{"type":"Polygon","coordinates":[[[-72.97549463436033,-13.50914970919467],[-72.97550225996095,-13.508246041319248],[-72.9764257538761,-13.508253501239942],[-72.97641813174819,-13.509157169632683],[-72.97549463436033,-13.50914970919467]]]}},{"type":"Feature","properties":{"Cell_ID":289,"Area_ha":1.0,"LC":"5:1.000000","XMIN":719024.86160847,"YMIN":8505553.59738907,"XMAX":719124.86160847,"YMAX":8505653.59738907},"geometry":{"type":"Polygon","coordinates":[[[-72.97548700820167,-13.510053377000826],[-72.97549463436033,-13.50914970919467],[-72.97641813174819,-13.509157169632683],[-72.97641050906249,-13.510060837956162],[-72.97548700820167,-13.510053377000826]]]}},{"type":"Feature","properties":{"Cell_ID":290,"Area_ha":1.0,"LC":"5:1.000000","XMIN":719024.86160847,"YMIN":8505453.59738907,"XMAX":719124.86160847,"YMAX":8505553.59738907},"geometry":{"type":"Polygon","coordinates":[[[-72.97547938148494,-13.510957044737715],[-72.97548700820167,-13.510053377000826],[-72.97641050906249,-13.510060837956162],[-72.97640288581897,-13.51096450621038],[-72.97547938148494,-13.510957044737715]]]}},{"type":"Feature","properties":{"Cell_ID":291,"Area_ha":1.0,"LC":"5:0.878490,14:0.121510","XMIN":719024.86160847,"YMIN":8505353.59738907,"XMAX":719124.86160847,"YMAX":8505453.59738907},"geometry":{"type":"Polygon","coordinates":[[[-72.97547175421013,-13.51186071240533],[-72.97547938148494,-13.510957044737715],[-72.97640288581897,-13.51096450621038],[-72.97639526201762,-13.511868174395323],[-72.97547175421013,-13.51186071240533]]]}},{"type":"Feature","properties":{"Cell_ID":292,"Area_ha":1.0,"LC":"9:0.441792,13:0.300437,14:0.257772","XMIN":719124.86160847,"YMIN":8506053.59738907,"XMAX":719224.86160847,"YMAX":8506153.59738907},"geometry":{"type":"Polygon","coordinates":[[[-72.97460165047399,-13.505527575511136],[-72.97460927731413,-13.50462390787624],[-72.97553275678302,-13.504631369124999],[-72.97552513341454,-13.505535037277438],[-72.97460165047399,-13.505527575511136]]]}},{"type":"Feature","properties":{"Cell_ID":293,"Area_ha":1.0,"LC":"5:0.338187,6:0.198061,7:0.079438,9:0.122086,14:0.262228","XMIN":719124.86160847,"YMIN":8505953.59738907,"XMAX":719224.86160847,"YMAX":8506053.59738907},"geometry":{"type":"Polygon","coordinates":[[[-72.97459402307555,-13.50643124307678],[-72.97460165047399,-13.505527575511136],[-72.97552513341454,-13.505535037277438],[-72.97551750948804,-13.50643870536063],[-72.97459402307555,-13.50643124307678]]]}},{"type":"Feature","properties":{"Cell_ID":294,"Area_ha":1.0,"LC":"5:0.021813,7:0.660541,14:0.317646","XMIN":719124.86160847,"YMIN":8505853.59738907,"XMAX":719224.86160847,"YMAX":8505953.59738907},"geometry":{"type":"Polygon","coordinates":[[[-72.97458639511883,-13.50733491057317],[-72.97459402307555,-13.50643124307678],[-72.97551750948804,-13.50643870536063],[-72.9755098850035,-13.507342373374566],[-72.97458639511883,-13.50733491057317]]]}},{"type":"Feature","properties":{"Cell_ID":295,"Area_ha":1.0,"LC":"5:0.138053,7:0.440991,9:0.361510,14:0.059446","XMIN":719124.86160847,"YMIN":8505753.59738907,"XMAX":719224.86160847,"YMAX":8505853.59738907},"geometry":{"type":"Polygon","coordinates":[[[-72.97457876660383,-13.5082385780003],[-72.97458639511883,-13.50733491057317],[-72.9755098850035,-13.507342373374566],[-72.97550225996095,-13.508246041319248],[-72.97457876660383,-13.5082385780003]]]}},{"type":"Feature","properties":{"Cell_ID":296,"Area_ha":1.0,"LC":"5:0.917780,9:0.082220","XMIN":719124.86160847,"YMIN":8505653.59738907,"XMAX":719224.86160847,"YMAX":8505753.59738907},"geometry":{"type":"Polygon","coordinates":[[[-72.97457113753053,-13.509142245358165],[-72.97457876660383,-13.5082385780003],[-72.97550225996095,-13.508246041319248],[-72.97549463436033,-13.50914970919467],[-72.97457113753053,-13.509142245358165]]]}},{"type":"Feature","properties":{"Cell_ID":297,"Area_ha":1.0,"LC":"5:0.878342,9:0.061117,14:0.060541","XMIN":719124.86160847,"YMIN":8505553.59738907,"XMAX":719224.86160847,"YMAX":8505653.59738907},"geometry":{"type":"Polygon","coordinates":[[[-72.97456350789892,-13.510045912646763],[-72.97457113753053,-13.509142245358165],[-72.97549463436033,-13.50914970919467],[-72.97548700820167,-13.510053377000826],[-72.97456350789892,-13.510045912646763]]]}},{"type":"Feature","properties":{"Cell_ID":298,"Area_ha":1.0,"LC":"5:0.375715,9:0.203730,14:0.420554","XMIN":719124.86160847,"YMIN":8505453.59738907,"XMAX":719224.86160847,"YMAX":8505553.59738907},"geometry":{"type":"Polygon","coordinates":[[[-72.97455587770898,-13.51094957986609],[-72.97456350789892,-13.510045912646763],[-72.97548700820167,-13.510053377000826],[-72.97547938148494,-13.510957044737715],[-72.97455587770898,-13.51094957986609]]]}},{"type":"Feature","properties":{"Cell_ID":299,"Area_ha":1.0,"LC":"5:0.478195,9:0.140126,14:0.381679","XMIN":719124.86160847,"YMIN":8505353.59738907,"XMAX":719224.86160847,"YMAX":8505453.59738907},"geometry":{"type":"Polygon","coordinates":[[[-72.97454824696072,-13.511853247016134],[-72.97455587770898,-13.51094957986609],[-72.97547938148494,-13.510957044737715],[-72.97547175421013,-13.51186071240533],[-72.97454824696072,-13.511853247016134]]]}},{"type":"Feature","properties":{"Cell_ID":300,"Area_ha":1.0,"LC":"5:0.264981,9:0.399052,14:0.335967","XMIN":719124.86160847,"YMIN":8505253.59738907,"XMAX":719224.86160847,"YMAX":8505353.59738907},"geometry":{"type":"Polygon","coordinates":[[[-72.97454061565412,-13.512756914096903],[-72.97454824696072,-13.511853247016134],[-72.97547175421013,-13.51186071240533],[-72.97546412637723,-13.512764380003667],[-72.97454061565412,-13.512756914096903]]]}},{"type":"Feature","properties":{"Cell_ID":301,"Area_ha":1.0,"LC":"5:0.242220,9:0.538053,13:0.159186,14:0.060541","XMIN":719224.86160847,"YMIN":8506053.59738907,"XMAX":719324.86160847,"YMAX":8506153.59738907},"geometry":{"type":"Polygon","coordinates":[[[-72.97367816809168,-13.505520110347295],[-72.97368579840352,-13.504616443230171],[-72.97460927731413,-13.50462390787624],[-72.97460165047399,-13.505527575511136],[-72.97367816809168,-13.505520110347295]]]}},{"type":"Feature","properties":{"Cell_ID":302,"Area_ha":1.0,"LC":"5:0.379563,9:0.199038,14:0.421398","XMIN":719224.86160847,"YMIN":8505953.59738907,"XMAX":719324.86160847,"YMAX":8506053.59738907},"geometry":{"type":"Polygon","coordinates":[[[-72.97367053722134,-13.506423777395154],[-72.97367816809168,-13.505520110347295],[-72.97460165047399,-13.505527575511136],[-72.97459402307555,-13.50643124307678],[-72.97367053722134,-13.506423777395154]]]}},{"type":"Feature","properties":{"Cell_ID":303,"Area_ha":1.0,"LC":"5:0.281406,7:0.077646,14:0.640948","XMIN":719224.86160847,"YMIN":8505853.59738907,"XMAX":719324.86160847,"YMAX":8505953.59738907},"geometry":{"type":"Polygon","coordinates":[[[-72.97366290579245,-13.507327444373761],[-72.97367053722134,-13.506423777395154],[-72.97459402307555,-13.50643124307678],[-72.97458639511883,-13.50733491057317],[-72.97366290579245,-13.507327444373761]]]}},{"type":"Feature","properties":{"Cell_ID":304,"Area_ha":1.0,"LC":"5:0.304419,7:0.358476,9:0.256114,14:0.080991","XMIN":719224.86160847,"YMIN":8505753.59738907,"XMAX":719324.86160847,"YMAX":8505853.59738907},"geometry":{"type":"Polygon","coordinates":[[[-72.97365527380502,-13.508231111283106],[-72.97366290579245,-13.507327444373761],[-72.97458639511883,-13.50733491057317],[-72.97457876660383,-13.5082385780003],[-72.97365527380502,-13.508231111283106]]]}},{"type":"Feature","properties":{"Cell_ID":305,"Area_ha":1.0,"LC":"5:0.741398,9:0.258602","XMIN":719224.86160847,"YMIN":8505653.59738907,"XMAX":719324.86160847,"YMAX":8505753.59738907},"geometry":{"type":"Polygon","coordinates":[[[-72.97364764125903,-13.50913477812318],[-72.97365527380502,-13.508231111283106],[-72.97457876660383,-13.5082385780003],[-72.97457113753053,-13.509142245358165],[-72.97364764125903,-13.50913477812318]]]}},{"type":"Feature","properties":{"Cell_ID":306,"Area_ha":1.0,"LC":"5:0.057092,9:0.884293,13:0.039719,14:0.018897","XMIN":719224.86160847,"YMIN":8505553.59738907,"XMAX":719324.86160847,"YMAX":8505653.59738907},"geometry":{"type":"Polygon","coordinates":[[[-72.97364000815449,-13.510038444893983],[-72.97364764125903,-13.50913477812318],[-72.97457113753053,-13.509142245358165],[-72.97456350789892,-13.510045912646763],[-72.97364000815449,-13.510038444893983]]]}},{"type":"Feature","properties":{"Cell_ID":307,"Area_ha":1.0,"LC":"9:0.476136,13:0.462908,14:0.060956","XMIN":719224.86160847,"YMIN":8505453.59738907,"XMAX":719324.86160847,"YMAX":8505553.59738907},"geometry":{"type":"Polygon","coordinates":[[[-72.97363237449137,-13.510942111595508],[-72.97364000815449,-13.510038444893983],[-72.97456350789892,-13.510045912646763],[-72.97455587770898,-13.51094957986609],[-72.97363237449137,-13.510942111595508]]]}},{"type":"Feature","properties":{"Cell_ID":308,"Area_ha":1.0,"LC":"5:0.058749,9:0.761792,13:0.080281,14:0.099178","XMIN":719224.86160847,"YMIN":8505353.59738907,"XMAX":719324.86160847,"YMAX":8505453.59738907},"geometry":{"type":"Polygon","coordinates":[[[-72.97362474026966,-13.511845778227752],[-72.97363237449137,-13.510942111595508],[-72.97455587770898,-13.51094957986609],[-72.97454824696072,-13.511853247016134],[-72.97362474026966,-13.511845778227752]]]}},{"type":"Feature","properties":{"Cell_ID":309,"Area_ha":1.0,"LC":"5:0.574456,9:0.383752,13:0.041792","XMIN":719224.86160847,"YMIN":8505253.59738907,"XMAX":719324.86160847,"YMAX":8505353.59738907},"geometry":{"type":"Polygon","coordinates":[[[-72.97361710548935,-13.512749444790714],[-72.97362474026966,-13.511845778227752],[-72.97454824696072,-13.511853247016134],[-72.97454061565412,-13.512756914096903],[-72.97361710548935,-13.512749444790714]]]}},{"type":"Feature","properties":{"Cell_ID":310,"Area_ha":1.0,"LC":"5:0.318061,9:0.502627,13:0.041259,14:0.138053","XMIN":719324.86160847,"YMIN":8506053.59738907,"XMAX":719424.86160847,"YMAX":8506153.59738907},"geometry":{"type":"Polygon","coordinates":[[[-72.97275468626792,-13.505512641785922],[-72.9727623200514,-13.50460897518681],[-72.97368579840352,-13.504616443230171],[-72.97367816809168,-13.505520110347295],[-72.97275468626792,-13.505512641785922]]]}},{"type":"Feature","properties":{"Cell_ID":311,"Area_ha":1.0,"LC":"5:0.196802,9:0.625129,14:0.178069","XMIN":719324.86160847,"YMIN":8505953.59738907,"XMAX":719424.86160847,"YMAX":8506053.59738907},"geometry":{"type":"Polygon","coordinates":[[[-72.97274705192567,-13.506416308315767],[-72.97275468626792,-13.505512641785922],[-72.97367816809168,-13.505520110347295],[-72.97367053722134,-13.506423777395154],[-72.97274705192567,-13.506416308315767]]]}},{"type":"Feature","properties":{"Cell_ID":312,"Area_ha":1.0,"LC":"5:0.300289,9:0.384566,14:0.315145","XMIN":719324.86160847,"YMIN":8505853.59738907,"XMAX":719424.86160847,"YMAX":8505953.59738907},"geometry":{"type":"Polygon","coordinates":[[[-72.97273941702461,-13.507319974776356],[-72.97274705192567,-13.506416308315767],[-72.97367053722134,-13.506423777395154],[-72.97366290579245,-13.507327444373761],[-72.97273941702461,-13.507319974776356]]]}},{"type":"Feature","properties":{"Cell_ID":313,"Area_ha":1.0,"LC":"5:0.576248,9:0.101117,14:0.322635","XMIN":719324.86160847,"YMIN":8505753.59738907,"XMAX":719424.86160847,"YMAX":8505853.59738907},"geometry":{"type":"Polygon","coordinates":[[[-72.97273178156476,-13.508223641167673],[-72.97273941702461,-13.507319974776356],[-72.97366290579245,-13.507327444373761],[-72.97365527380502,-13.508231111283106],[-72.97273178156476,-13.508223641167673]]]}},{"type":"Feature","properties":{"Cell_ID":314,"Area_ha":1.0,"LC":"5:0.900541,9:0.099178,14:0.000281","XMIN":719324.86160847,"YMIN":8505653.59738907,"XMAX":719424.86160847,"YMAX":8505753.59738907},"geometry":{"type":"Polygon","coordinates":[[[-72.97272414554611,-13.509127307489722],[-72.97273178156476,-13.508223641167673],[-72.97365527380502,-13.508231111283106],[-72.97364764125903,-13.50913477812318],[-72.97272414554611,-13.509127307489722]]]}},{"type":"Feature","properties":{"Cell_ID":315,"Area_ha":1.0,"LC":"5:0.041272,9:0.575153,13:0.079438,14:0.304138","XMIN":719324.86160847,"YMIN":8505553.59738907,"XMAX":719424.86160847,"YMAX":8505653.59738907},"geometry":{"type":"Polygon","coordinates":[[[-72.97271650896863,-13.510030973742493],[-72.97272414554611,-13.509127307489722],[-72.97364764125903,-13.50913477812318],[-72.97364000815449,-13.510038444893983],[-72.97271650896863,-13.510030973742493]]]}},{"type":"Feature","properties":{"Cell_ID":316,"Area_ha":1.0,"LC":"5:0.341917,9:0.000134,13:0.177654,14:0.480295","XMIN":719324.86160847,"YMIN":8505453.59738907,"XMAX":719424.86160847,"YMAX":8505553.59738907},"geometry":{"type":"Polygon","coordinates":[[[-72.97270887183234,-13.510934639925983],[-72.97271650896863,-13.510030973742493],[-72.97364000815449,-13.510038444893983],[-72.97363237449137,-13.510942111595508],[-72.97270887183234,-13.510934639925983]]]}},{"type":"Feature","properties":{"Cell_ID":317,"Area_ha":1.0,"LC":"5:0.324869,9:0.296958,13:0.339697,14:0.038476","XMIN":719324.86160847,"YMIN":8505353.59738907,"XMAX":719424.86160847,"YMAX":8505453.59738907},"geometry":{"type":"Polygon","coordinates":[[[-72.97270123413719,-13.51183830604019],[-72.97270887183234,-13.510934639925983],[-72.97363237449137,-13.510942111595508],[-72.97362474026966,-13.511845778227752],[-72.97270123413719,-13.51183830604019]]]}},{"type":"Feature","properties":{"Cell_ID":318,"Area_ha":1.0,"LC":"9:0.137225,13:0.741546,16:0.121229","XMIN":719324.86160847,"YMIN":8505253.59738907,"XMAX":719424.86160847,"YMAX":8505353.59738907},"geometry":{"type":"Polygon","coordinates":[[[-72.9726935958832,-13.512741972085108],[-72.97270123413719,-13.51183830604019],[-72.97362474026966,-13.511845778227752],[-72.97361710548935,-13.512749444790714],[-72.9726935958832,-13.512741972085108]]]}},{"type":"Feature","properties":{"Cell_ID":319,"Area_ha":1.0,"LC":"5:0.122086,9:0.877914","XMIN":719424.86160847,"YMIN":8505953.59738907,"XMAX":719524.86160847,"YMAX":8506053.59738907},"geometry":{"type":"Polygon","coordinates":[[[-72.97182356718878,-13.506408835838622],[-72.97183120500294,-13.505505169827025],[-72.97275468626792,-13.505512641785922],[-72.97274705192567,-13.506416308315767],[-72.97182356718878,-13.506408835838622]]]}},{"type":"Feature","properties":{"Cell_ID":320,"Area_ha":1.0,"LC":"9:0.577801,14:0.422199","XMIN":719424.86160847,"YMIN":8505853.59738907,"XMAX":719524.86160847,"YMAX":8505953.59738907},"geometry":{"type":"Polygon","coordinates":[[[-72.97181592881557,-13.507312501780953],[-72.97182356718878,-13.506408835838622],[-72.97274705192567,-13.506416308315767],[-72.97273941702461,-13.507319974776356],[-72.97181592881557,-13.507312501780953]]]}},{"type":"Feature","properties":{"Cell_ID":321,"Area_ha":1.0,"LC":"5:0.619563,9:0.341666,14:0.038771","XMIN":719424.86160847,"YMIN":8505753.59738907,"XMAX":719524.86160847,"YMAX":8505853.59738907},"geometry":{"type":"Polygon","coordinates":[[[-72.97180828988331,-13.508216167654016],[-72.97181592881557,-13.507312501780953],[-72.97273941702461,-13.507319974776356],[-72.97273178156476,-13.508223641167673],[-72.97180828988331,-13.508216167654016]]]}},{"type":"Feature","properties":{"Cell_ID":322,"Area_ha":1.0,"LC":"5:1.000000","XMIN":719424.86160847,"YMIN":8505653.59738907,"XMAX":719524.86160847,"YMAX":8505753.59738907},"geometry":{"type":"Polygon","coordinates":[[[-72.971800650392,-13.509119833457795],[-72.97180828988331,-13.508216167654016],[-72.97273178156476,-13.508223641167673],[-72.97272414554611,-13.509127307489722],[-72.971800650392,-13.509119833457795]]]}},{"type":"Feature","properties":{"Cell_ID":323,"Area_ha":1.0,"LC":"5:0.345825,14:0.654175","XMIN":719424.86160847,"YMIN":8505553.59738907,"XMAX":719524.86160847,"YMAX":8505653.59738907},"geometry":{"type":"Polygon","coordinates":[[[-72.9717930103416,-13.510023499192302],[-72.971800650392,-13.509119833457795],[-72.97272414554611,-13.509127307489722],[-72.97271650896863,-13.510030973742493],[-72.9717930103416,-13.510023499192302]]]}},{"type":"Feature","properties":{"Cell_ID":324,"Area_ha":1.0,"LC":"5:0.496824,9:0.464138,14:0.039038","XMIN":719424.86160847,"YMIN":8505453.59738907,"XMAX":719524.86160847,"YMAX":8505553.59738907},"geometry":{"type":"Polygon","coordinates":[[[-72.97178536973213,-13.510927164857524],[-72.9717930103416,-13.510023499192302],[-72.97271650896863,-13.510030973742493],[-72.97270887183234,-13.510934639925983],[-72.97178536973213,-13.510927164857524]]]}},{"type":"Feature","properties":{"Cell_ID":325,"Area_ha":1.0,"LC":"5:0.740956,9:0.000710,13:0.258334","XMIN":719424.86160847,"YMIN":8505353.59738907,"XMAX":719524.86160847,"YMAX":8505453.59738907},"geometry":{"type":"Polygon","coordinates":[[[-72.97177772856358,-13.511830830453457],[-72.97178536973213,-13.510927164857524],[-72.97270887183234,-13.510934639925983],[-72.97270123413719,-13.51183830604019],[-72.97177772856358,-13.511830830453457]]]}},{"type":"Feature","properties":{"Cell_ID":326,"Area_ha":1.0,"LC":"5:0.223190,13:0.177788,16:0.599023","XMIN":719424.86160847,"YMIN":8505253.59738907,"XMAX":719524.86160847,"YMAX":8505353.59738907},"geometry":{"type":"Polygon","coordinates":[[[-72.9717700868359,-13.512734495980098],[-72.97177772856358,-13.511830830453457],[-72.97270123413719,-13.51183830604019],[-72.9726935958832,-13.512741972085108],[-72.9717700868359,-13.512734495980098]]]}},{"type":"Feature","properties":{"Cell_ID":327,"Area_ha":1.0,"LC":"5:0.000429,13:0.020822,16:0.940822,18:0.037927","XMIN":719424.86160847,"YMIN":8505153.59738907,"XMAX":719524.86160847,"YMAX":8505253.59738907},"geometry":{"type":"Polygon","coordinates":[[[-72.97176244454913,-13.513638161437438],[-72.9717700868359,-13.512734495980098],[-72.9726935958832,-13.512741972085108],[-72.97268595707037,-13.513645638060733],[-72.97176244454913,-13.513638161437438]]]}},{"type":"Feature","properties":{"Cell_ID":328,"Area_ha":1.0,"LC":"5:0.400415,9:0.376114,14:0.223471","XMIN":719524.86160847,"YMIN":8505953.59738907,"XMAX":719624.86160847,"YMAX":8506053.59738907},"geometry":{"type":"Polygon","coordinates":[[[-72.97090008301092,-13.506401359963727],[-72.97090772429696,-13.505497694470616],[-72.97183120500294,-13.505505169827025],[-72.97182356718878,-13.506408835838622],[-72.97090008301092,-13.506401359963727]]]}},{"type":"Feature","properties":{"Cell_ID":329,"Area_ha":1.0,"LC":"9:0.541947,14:0.458053","XMIN":719524.86160847,"YMIN":8505853.59738907,"XMAX":719624.86160847,"YMAX":8505953.59738907},"geometry":{"type":"Polygon","coordinates":[[[-72.97089244116557,-13.507305025387566],[-72.97090008301092,-13.506401359963727],[-72.97182356718878,-13.506408835838622],[-72.97181592881557,-13.507312501780953],[-72.97089244116557,-13.507305025387566]]]}},{"type":"Feature","properties":{"Cell_ID":330,"Area_ha":1.0,"LC":"5:0.655833,9:0.118061,14:0.226106","XMIN":719524.86160847,"YMIN":8505753.59738907,"XMAX":719624.86160847,"YMAX":8505853.59738907},"geometry":{"type":"Polygon","coordinates":[[[-72.97088479876092,-13.508208690742133],[-72.97089244116557,-13.507305025387566],[-72.97181592881557,-13.507312501780953],[-72.97180828988331,-13.508216167654016],[-72.97088479876092,-13.508208690742133]]]}},{"type":"Feature","properties":{"Cell_ID":331,"Area_ha":1.0,"LC":"5:0.937092,9:0.062761,14:0.000147","XMIN":719524.86160847,"YMIN":8505653.59738907,"XMAX":719624.86160847,"YMAX":8505753.59738907},"geometry":{"type":"Polygon","coordinates":[[[-72.97087715579696,-13.509112356027419],[-72.97088479876092,-13.508208690742133],[-72.97180828988331,-13.508216167654016],[-72.971800650392,-13.509119833457795],[-72.97087715579696,-13.509112356027419]]]}},{"type":"Feature","properties":{"Cell_ID":332,"Area_ha":1.0,"LC":"5:0.495434,9:0.504566","XMIN":719524.86160847,"YMIN":8505553.59738907,"XMAX":719624.86160847,"YMAX":8505653.59738907},"geometry":{"type":"Polygon","coordinates":[[[-72.97086951227367,-13.510016021243421],[-72.97087715579696,-13.509112356027419],[-72.971800650392,-13.509119833457795],[-72.9717930103416,-13.510023499192302],[-72.97086951227367,-13.510016021243421]]]}},{"type":"Feature","properties":{"Cell_ID":333,"Area_ha":1.0,"LC":"5:0.000977,9:0.999023","XMIN":719524.86160847,"YMIN":8505453.59738907,"XMAX":719624.86160847,"YMAX":8505553.59738907},"geometry":{"type":"Polygon","coordinates":[[[-72.97086186819102,-13.510919686390137],[-72.97086951227367,-13.510016021243421],[-72.9717930103416,-13.510023499192302],[-72.97178536973213,-13.510927164857524],[-72.97086186819102,-13.510919686390137]]]}},{"type":"Feature","properties":{"Cell_ID":334,"Area_ha":1.0,"LC":"5:0.294738,9:0.562354,16:0.142908","XMIN":719524.86160847,"YMIN":8505353.59738907,"XMAX":719624.86160847,"YMAX":8505453.59738907},"geometry":{"type":"Polygon","coordinates":[[[-72.97085422354905,-13.51182335146756],[-72.97086186819102,-13.510919686390137],[-72.97178536973213,-13.510927164857524],[-72.97177772856358,-13.511830830453457],[-72.97085422354905,-13.51182335146756]]]}},{"type":"Feature","properties":{"Cell_ID":335,"Area_ha":1.0,"LC":"5:0.319009,9:0.061961,13:0.260969,16:0.358061","XMIN":719524.86160847,"YMIN":8505253.59738907,"XMAX":719624.86160847,"YMAX":8505353.59738907},"geometry":{"type":"Polygon","coordinates":[[[-72.97084657834772,-13.512727016475688],[-72.97085422354905,-13.51182335146756],[-72.97177772856358,-13.511830830453457],[-72.9717700868359,-13.512734495980098],[-72.97084657834772,-13.512727016475688]]]}},{"type":"Feature","properties":{"Cell_ID":336,"Area_ha":1.0,"LC":"5:0.241229,9:0.198342,13:0.321125,14:0.239304","XMIN":719624.86160847,"YMIN":8506053.59738907,"XMAX":719724.86160847,"YMAX":8506153.59738907},"geometry":{"type":"Polygon","coordinates":[[[-72.96998424415031,-13.50549021571671],[-72.9699918883487,-13.50458655067305],[-72.97091536502374,-13.504594028908242],[-72.97090772429696,-13.505497694470616],[-72.96998424415031,-13.50549021571671]]]}},{"type":"Feature","properties":{"Cell_ID":337,"Area_ha":1.0,"LC":"5:0.301679,9:0.281510,14:0.416810","XMIN":719624.86160847,"YMIN":8505953.59738907,"XMAX":719724.86160847,"YMAX":8506053.59738907},"geometry":{"type":"Polygon","coordinates":[[[-72.96997659939237,-13.506393880691094],[-72.96998424415031,-13.50549021571671],[-72.97090772429696,-13.505497694470616],[-72.97090008301092,-13.506401359963727],[-72.96997659939237,-13.506393880691094]]]}},{"type":"Feature","properties":{"Cell_ID":338,"Area_ha":1.0,"LC":"9:0.619459,14:0.380541","XMIN":719624.86160847,"YMIN":8505853.59738907,"XMAX":719724.86160847,"YMAX":8505953.59738907},"geometry":{"type":"Polygon","coordinates":[[[-72.9699689540749,-13.50729754559621],[-72.96997659939237,-13.506393880691094],[-72.97090008301092,-13.506401359963727],[-72.97089244116557,-13.507305025387566],[-72.9699689540749,-13.50729754559621]]]}},{"type":"Feature","properties":{"Cell_ID":339,"Area_ha":1.0,"LC":"9:0.060969,13:0.360667,14:0.578364","XMIN":719624.86160847,"YMIN":8505753.59738907,"XMAX":719724.86160847,"YMAX":8505853.59738907},"geometry":{"type":"Polygon","coordinates":[[[-72.96996130819785,-13.508201210432047],[-72.9699689540749,-13.50729754559621],[-72.97089244116557,-13.507305025387566],[-72.97088479876092,-13.508208690742133],[-72.96996130819785,-13.508201210432047]]]}},{"type":"Feature","properties":{"Cell_ID":340,"Area_ha":1.0,"LC":"5:0.299978,9:0.376677,13:0.323211,14:0.000134","XMIN":719624.86160847,"YMIN":8505653.59738907,"XMAX":719724.86160847,"YMAX":8505753.59738907},"geometry":{"type":"Polygon","coordinates":[[[-72.96995366176124,-13.509104875198599],[-72.96996130819785,-13.508201210432047],[-72.97088479876092,-13.508208690742133],[-72.97087715579696,-13.509112356027419],[-72.96995366176124,-13.509104875198599]]]}},{"type":"Feature","properties":{"Cell_ID":341,"Area_ha":1.0,"LC":"5:0.120991,9:0.816248,13:0.062761","XMIN":719624.86160847,"YMIN":8505553.59738907,"XMAX":719724.86160847,"YMAX":8505653.59738907},"geometry":{"type":"Polygon","coordinates":[[[-72.96994601476504,-13.51000853989586],[-72.96995366176124,-13.509104875198599],[-72.97087715579696,-13.509112356027419],[-72.97086951227367,-13.510016021243421],[-72.96994601476504,-13.51000853989586]]]}},{"type":"Feature","properties":{"Cell_ID":342,"Area_ha":1.0,"LC":"9:0.878342,13:0.121658","XMIN":719624.86160847,"YMIN":8505453.59738907,"XMAX":719724.86160847,"YMAX":8505553.59738907},"geometry":{"type":"Polygon","coordinates":[[[-72.96993836720928,-13.510912204523834],[-72.96994601476504,-13.51000853989586],[-72.97086951227367,-13.510016021243421],[-72.97086186819102,-13.510919686390137],[-72.96993836720928,-13.510912204523834]]]}},{"type":"Feature","properties":{"Cell_ID":343,"Area_ha":1.0,"LC":"5:0.041939,9:0.238905,13:0.242368,16:0.476789","XMIN":719624.86160847,"YMIN":8505353.59738907,"XMAX":719724.86160847,"YMAX":8505453.59738907},"geometry":{"type":"Polygon","coordinates":[[[-72.9699307190939,-13.511815869082511],[-72.96993836720928,-13.510912204523834],[-72.97086186819102,-13.510919686390137],[-72.97085422354905,-13.51182335146756],[-72.9699307190939,-13.511815869082511]]]}},{"type":"Feature","properties":{"Cell_ID":344,"Area_ha":1.0,"LC":"5:0.077646,9:0.280977,13:0.060969,14:0.580407","XMIN":719724.86160847,"YMIN":8506053.59738907,"XMAX":719824.86160847,"YMAX":8506153.59738907},"geometry":{"type":"Polygon","coordinates":[[[-72.96906076456317,-13.505482733565305],[-72.96906841223317,-13.504579069040602],[-72.9699918883487,-13.50458655067305],[-72.96998424415031,-13.50549021571671],[-72.96906076456317,-13.505482733565305]]]}},{"type":"Feature","properties":{"Cell_ID":345,"Area_ha":1.0,"LC":"5:0.137507,9:0.499563,14:0.362930","XMIN":719724.86160847,"YMIN":8505953.59738907,"XMAX":719824.86160847,"YMAX":8506053.59738907},"geometry":{"type":"Polygon","coordinates":[[[-72.96905311633338,-13.506386398020735],[-72.96906076456317,-13.505482733565305],[-72.96998424415031,-13.50549021571671],[-72.96997659939237,-13.506393880691094],[-72.96905311633338,-13.506386398020735]]]}},{"type":"Feature","properties":{"Cell_ID":346,"Area_ha":1.0,"LC":"9:0.382376,14:0.617624","XMIN":719724.86160847,"YMIN":8505853.59738907,"XMAX":719824.86160847,"YMAX":8505953.59738907},"geometry":{"type":"Polygon","coordinates":[[[-72.96904546754376,-13.507290062406888],[-72.96905311633338,-13.506386398020735],[-72.96997659939237,-13.506393880691094],[-72.9699689540749,-13.50729754559621],[-72.96904546754376,-13.507290062406888]]]}},{"type":"Feature","properties":{"Cell_ID":347,"Area_ha":1.0,"LC":"9:0.723168,13:0.157365,14:0.119467","XMIN":719724.86160847,"YMIN":8505753.59738907,"XMAX":719824.86160847,"YMAX":8505853.59738907},"geometry":{"type":"Polygon","coordinates":[[[-72.96903781819435,-13.508193726723757],[-72.96904546754376,-13.507290062406888],[-72.9699689540749,-13.50729754559621],[-72.96996130819785,-13.508201210432047],[-72.96903781819435,-13.508193726723757]]]}},{"type":"Feature","properties":{"Cell_ID":348,"Area_ha":1.0,"LC":"5:0.416114,9:0.122501,13:0.461384","XMIN":719724.86160847,"YMIN":8505653.59738907,"XMAX":719824.86160847,"YMAX":8505753.59738907},"geometry":{"type":"Polygon","coordinates":[[[-72.9690301682851,-13.50909739097134],[-72.96903781819435,-13.508193726723757],[-72.96996130819785,-13.508201210432047],[-72.96995366176124,-13.509104875198599],[-72.9690301682851,-13.50909739097134]]]}},{"type":"Feature","properties":{"Cell_ID":349,"Area_ha":1.0,"LC":"5:0.563864,9:0.139178,13:0.296958","XMIN":719724.86160847,"YMIN":8505553.59738907,"XMAX":719824.86160847,"YMAX":8505653.59738907},"geometry":{"type":"Polygon","coordinates":[[[-72.96902251781603,-13.510001055149631],[-72.9690301682851,-13.50909739097134],[-72.96995366176124,-13.509104875198599],[-72.96994601476504,-13.51000853989586],[-72.96902251781603,-13.510001055149631]]]}},{"type":"Feature","properties":{"Cell_ID":350,"Area_ha":1.0,"LC":"5:0.301961,9:0.057092,13:0.640948","XMIN":719724.86160847,"YMIN":8505453.59738907,"XMAX":719824.86160847,"YMAX":8505553.59738907},"geometry":{"type":"Polygon","coordinates":[[[-72.9690148667871,-13.51090471925863],[-72.96902251781603,-13.510001055149631],[-72.96994601476504,-13.51000853989586],[-72.96993836720928,-13.510912204523834],[-72.9690148667871,-13.51090471925863]]]}},{"type":"Feature","properties":{"Cell_ID":351,"Area_ha":1.0,"LC":"9:0.019031,13:0.400429,14:0.580541","XMIN":719824.86160847,"YMIN":8506053.59738907,"XMAX":719924.86160847,"YMAX":8506153.59738907},"geometry":{"type":"Polygon","coordinates":[[[-72.96813728553583,-13.505475248016422],[-72.96814493667745,-13.504571584010908],[-72.96906841223317,-13.504579069040602],[-72.96906076456317,-13.505482733565305],[-72.96813728553583,-13.505475248016422]]]}},{"type":"Feature","properties":{"Cell_ID":352,"Area_ha":1.0,"LC":"9:0.758594,14:0.241406","XMIN":719824.86160847,"YMIN":8505953.59738907,"XMAX":719924.86160847,"YMAX":8506053.59738907},"geometry":{"type":"Polygon","coordinates":[[[-72.96812963383418,-13.506378911952655],[-72.96813728553583,-13.505475248016422],[-72.96906076456317,-13.505482733565305],[-72.96905311633338,-13.506386398020735],[-72.96812963383418,-13.506378911952655]]]}},{"type":"Feature","properties":{"Cell_ID":353,"Area_ha":1.0,"LC":"9:0.319467,14:0.680533","XMIN":719824.86160847,"YMIN":8505853.59738907,"XMAX":719924.86160847,"YMAX":8505953.59738907},"geometry":{"type":"Polygon","coordinates":[[[-72.96812198157245,-13.507282575819609],[-72.96812963383418,-13.506378911952655],[-72.96905311633338,-13.506386398020735],[-72.96904546754376,-13.507290062406888],[-72.96812198157245,-13.507282575819609]]]}},{"type":"Feature","properties":{"Cell_ID":354,"Area_ha":1.0,"LC":"9:0.916655,13:0.060969,14:0.022376","XMIN":719824.86160847,"YMIN":8505753.59738907,"XMAX":719924.86160847,"YMAX":8505853.59738907},"geometry":{"type":"Polygon","coordinates":[[[-72.96811432875067,-13.508186239617281],[-72.96812198157245,-13.507282575819609],[-72.96904546754376,-13.507290062406888],[-72.96903781819435,-13.508193726723757],[-72.96811432875067,-13.508186239617281]]]}},{"type":"Feature","properties":{"Cell_ID":355,"Area_ha":1.0,"LC":"5:0.102908,9:0.840000,13:0.057092","XMIN":719824.86160847,"YMIN":8505653.59738907,"XMAX":719924.86160847,"YMAX":8505753.59738907},"geometry":{"type":"Polygon","coordinates":[[[-72.96810667536882,-13.509089903345656],[-72.96811432875067,-13.508186239617281],[-72.96903781819435,-13.508193726723757],[-72.9690301682851,-13.50909739097134],[-72.96810667536882,-13.509089903345656]]]}},{"type":"Feature","properties":{"Cell_ID":356,"Area_ha":1.0,"LC":"5:0.295685,9:0.704315","XMIN":719824.86160847,"YMIN":8505553.59738907,"XMAX":719924.86160847,"YMAX":8505653.59738907},"geometry":{"type":"Polygon","coordinates":[[[-72.96809902142685,-13.509993567004738],[-72.96810667536882,-13.509089903345656],[-72.9690301682851,-13.50909739097134],[-72.96902251781603,-13.510001055149631],[-72.96809902142685,-13.509993567004738]]]}},{"type":"Feature","properties":{"Cell_ID":357,"Area_ha":1.0,"LC":"9:0.523878,13:0.020437,14:0.455685","XMIN":719924.86160847,"YMIN":8506053.59738907,"XMAX":720024.86160847,"YMAX":8506153.59738907},"geometry":{"type":"Polygon","coordinates":[[[-72.96721380706855,-13.505467759070063],[-72.96722146168176,-13.504564095583975],[-72.96814493667745,-13.504571584010908],[-72.96813728553583,-13.505475248016422],[-72.96721380706855,-13.505467759070063]]]}},{"type":"Feature","properties":{"Cell_ID":358,"Area_ha":1.0,"LC":"9:0.376395,13:0.121939,14:0.501666","XMIN":719924.86160847,"YMIN":8505953.59738907,"XMAX":720024.86160847,"YMAX":8506053.59738907},"geometry":{"type":"Polygon","coordinates":[[[-72.96720615189503,-13.506371422486868],[-72.96721380706855,-13.505467759070063],[-72.96813728553583,-13.505475248016422],[-72.96812963383418,-13.506378911952655],[-72.96720615189503,-13.506371422486868]]]}},{"type":"Feature","properties":{"Cell_ID":359,"Area_ha":1.0,"LC":"9:0.402635,13:0.020969,14:0.576395","XMIN":719924.86160847,"YMIN":8505853.59738907,"XMAX":720024.86160847,"YMAX":8505953.59738907},"geometry":{"type":"Polygon","coordinates":[[[-72.96719849616122,-13.50727508583439],[-72.96720615189503,-13.506371422486868],[-72.96812963383418,-13.506378911952655],[-72.96812198157245,-13.507282575819609],[-72.96719849616122,-13.50727508583439]]]}},{"type":"Feature","properties":{"Cell_ID":360,"Area_ha":1.0,"LC":"5:0.039719,9:0.196936,13:0.662908,14:0.100437","XMIN":719924.86160847,"YMIN":8505753.59738907,"XMAX":720024.86160847,"YMAX":8505853.59738907},"geometry":{"type":"Polygon","coordinates":[[[-72.96719083986707,-13.508178749112622],[-72.96719849616122,-13.50727508583439],[-72.96812198157245,-13.507282575819609],[-72.96811432875067,-13.508186239617281],[-72.96719083986707,-13.508178749112622]]]}},{"type":"Feature","properties":{"Cell_ID":361,"Area_ha":1.0,"LC":"5:0.801510,9:0.158771,13:0.039719","XMIN":719924.86160847,"YMIN":8505653.59738907,"XMAX":720024.86160847,"YMAX":8505753.59738907},"geometry":{"type":"Polygon","coordinates":[[[-72.9671831830126,-13.509082412321556],[-72.96719083986707,-13.508178749112622],[-72.96811432875067,-13.508186239617281],[-72.96810667536882,-13.509089903345656],[-72.9671831830126,-13.509082412321556]]]}},{"type":"Feature","properties":{"Cell_ID":362,"Area_ha":1.0,"LC":"5:0.199304,9:0.497507,13:0.303190","XMIN":719924.86160847,"YMIN":8505553.59738907,"XMAX":720024.86160847,"YMAX":8505653.59738907},"geometry":{"type":"Polygon","coordinates":[[[-72.96717552559778,-13.509986075461194],[-72.9671831830126,-13.509082412321556],[-72.96810667536882,-13.509089903345656],[-72.96809902142685,-13.509993567004738],[-72.96717552559778,-13.509986075461194]]]}},{"type":"Feature","properties":{"Cell_ID":363,"Area_ha":1.0,"LC":"9:0.202649,13:0.460822,14:0.336529","XMIN":720024.86160847,"YMIN":8505953.59738907,"XMAX":720124.86160847,"YMAX":8506053.59738907},"geometry":{"type":"Polygon","coordinates":[[[-72.96628267051621,-13.506363929623378],[-72.96629032916157,-13.50546026672624],[-72.96721380706855,-13.505467759070063],[-72.96720615189503,-13.506371422486868],[-72.96628267051621,-13.506363929623378]]]}},{"type":"Feature","properties":{"Cell_ID":364,"Area_ha":1.0,"LC":"9:0.339031,13:0.221398,14:0.439571","XMIN":720024.86160847,"YMIN":8505853.59738907,"XMAX":720124.86160847,"YMAX":8505953.59738907},"geometry":{"type":"Polygon","coordinates":[[[-72.9662750113103,-13.50726759245123],[-72.96628267051621,-13.506363929623378],[-72.96720615189503,-13.506371422486868],[-72.96719849616122,-13.50727508583439],[-72.9662750113103,-13.50726759245123]]]}},{"type":"Feature","properties":{"Cell_ID":365,"Area_ha":1.0,"LC":"5:0.041792,9:0.297772,13:0.518061,14:0.142376","XMIN":720024.86160847,"YMIN":8505753.59738907,"XMAX":720124.86160847,"YMAX":8505853.59738907},"geometry":{"type":"Polygon","coordinates":[[[-72.9662673515438,-13.508171255209792],[-72.9662750113103,-13.50726759245123],[-72.96719849616122,-13.50727508583439],[-72.96719083986707,-13.508178749112622],[-72.9662673515438,-13.508171255209792]]]}},{"type":"Feature","properties":{"Cell_ID":366,"Area_ha":1.0,"LC":"5:0.255166,9:0.705115,13:0.039719","XMIN":720024.86160847,"YMIN":8505653.59738907,"XMAX":720124.86160847,"YMAX":8505753.59738907},"geometry":{"type":"Polygon","coordinates":[[[-72.96625969121672,-13.509074917899051],[-72.9662673515438,-13.508171255209792],[-72.96719083986707,-13.508178749112622],[-72.9671831830126,-13.509082412321556],[-72.96625969121672,-13.509074917899051]]]}},{"type":"Feature","properties":{"Cell_ID":367,"Area_ha":1.0,"LC":"9:0.197780,13:0.743605,14:0.058616","XMIN":720124.86160847,"YMIN":8505853.59738907,"XMAX":720224.86160847,"YMAX":8505953.59738907},"geometry":{"type":"Polygon","coordinates":[[[-72.96535152701995,-13.50726009567015],[-72.96535918969796,-13.5063564333622],[-72.96628267051621,-13.506363929623378],[-72.9662750113103,-13.50726759245123],[-72.96535152701995,-13.50726009567015]]]}},{"type":"Feature","properties":{"Cell_ID":368,"Area_ha":1.0,"LC":"5:0.501502,9:0.400281,13:0.038771,14:0.059446","XMIN":720124.86160847,"YMIN":8505753.59738907,"XMAX":720224.86160847,"YMAX":8505853.59738907},"geometry":{"type":"Polygon","coordinates":[[[-72.96534386378113,-13.508163757908799],[-72.96535152701995,-13.50726009567015],[-72.9662750113103,-13.50726759245123],[-72.9662673515438,-13.508171255209792],[-72.96534386378113,-13.508163757908799]]]}},{"type":"Feature","properties":{"Cell_ID":369,"Area_ha":1.0,"LC":"5:0.203345,9:0.095019,13:0.701636","XMIN":720124.86160847,"YMIN":8505653.59738907,"XMAX":720224.86160847,"YMAX":8505753.59738907},"geometry":{"type":"Polygon","coordinates":[[[-72.96533619998145,-13.509067420078146],[-72.96534386378113,-13.508163757908799],[-72.9662673515438,-13.508171255209792],[-72.96625969121672,-13.509074917899051],[-72.96533619998145,-13.509067420078146]]]}},{"type":"Feature","properties":{"Cell_ID":370,"Area_ha":1.0,"LC":"13:1.000000","XMIN":720224.86160847,"YMIN":8505853.59738907,"XMAX":720324.86160847,"YMAX":8505953.59738907},"geometry":{"type":"Polygon","coordinates":[[[-72.96442804329045,-13.50725259549115],[-72.96443570944052,-13.506348933703341],[-72.96535918969796,-13.5063564333622],[-72.96535152701995,-13.50726009567015],[-72.96442804329045,-13.50725259549115]]]}},{"type":"Feature","properties":{"Cell_ID":371,"Area_ha":1.0,"LC":"5:0.414456,13:0.585544","XMIN":720224.86160847,"YMIN":8505753.59738907,"XMAX":720324.86160847,"YMAX":8505853.59738907},"geometry":{"type":"Polygon","coordinates":[[[-72.96442037657928,-13.508156257209656],[-72.96442804329045,-13.50725259549115],[-72.96535152701995,-13.50726009567015],[-72.96534386378113,-13.508163757908799],[-72.96442037657928,-13.508156257209656]]]}}]}