{"type":"FeatureCollection","features":[{"type":"Feature","properties":{"Cell_ID":1,"Area_ha":1.0,"LC":"5:0.677935,13:0.322065","XMIN":717654.86160847,"YMIN":8509093.59738907,"XMAX":717754.86160847,"YMAX":8509193.59738907},"geometry":{"type":"Polygon","coordinates":[[[-72.98840696250507,-13.4781651637951],[-72.98841452145746,-13.477261486474584],[-72.98933790368129,-13.477268882155704],[-72.989330348193,-13.478172559990183],[-72.98840696250507,-13.4781651637951]]]}},{"type":"Feature","properties":{"Cell_ID":2,"Area_ha":1.0,"LC":"5:0.401932,13:0.598068","XMIN":717654.86160847,"YMIN":8508993.59738907,"XMAX":717754.86160847,"YMAX":8509093.59738907},"geometry":{"type":"Polygon","coordinates":[[[-72.98839940299844,-13.479068841046555],[-72.98840696250507,-13.4781651637951],[-72.989330348193,-13.478172559990183],[-72.98932279215072,-13.479076237755605],[-72.98839940299844,-13.479068841046555]]]}},{"type":"Feature","properties":{"Cell_ID":3,"Area_ha":1.0,"LC":"5:0.241946,13:0.758054","XMIN":717754.86160847,"YMIN":8509193.59738907,"XMAX":717854.86160847,"YMAX":8509293.59738907},"geometry":{"type":"Polygon","coordinates":[[[-72.98749113978786,-13.477254087403185],[-72.98749870164988,-13.476350410527806],[-72.98842207985565,-13.476357809085007],[-72.98841452145746,-13.477261486474584],[-72.98749113978786,-13.477254087403185]]]}},{"type":"Feature","properties":{"Cell_ID":4,"Area_ha":1.0,"LC":"5:0.041532,13:0.958468","XMIN":717754.86160847,"YMIN":8509093.59738907,"XMAX":717854.86160847,"YMAX":8509193.59738907},"geometry":{"type":"Polygon","coordinates":[[[-72.98748357737138,-13.4781577642095],[-72.98749113978786,-13.477254087403185],[-72.98841452145746,-13.477261486474584],[-72.98840696250507,-13.4781651637951],[-72.98748357737138,-13.4781577642095]]]}},{"type":"Feature","properties":{"Cell_ID":5,"Area_ha":1.0,"LC":"5:0.401095,13:0.598905","XMIN":717754.86160847,"YMIN":8508993.59738907,"XMAX":717854.86160847,"YMAX":8509093.59738907},"geometry":{"type":"Polygon","coordinates":[[[-72.98747601440039,-13.479061440946749],[-72.98748357737138,-13.4781577642095],[-72.98840696250507,-13.4781651637951],[-72.98839940299844,-13.479068841046555],[-72.98747601440039,-13.479061440946749]]]}},{"type":"Feature","properties":{"Cell_ID":6,"Area_ha":1.0,"LC":"5:0.481806,7:0.079438,13:0.438756","XMIN":717754.86160847,"YMIN":8508893.59738907,"XMAX":717854.86160847,"YMAX":8508993.59738907},"geometry":{"type":"Polygon","coordinates":[[[-72.98746845087493,-13.479965117614928],[-72.98747601440039,-13.479061440946749],[-72.98839940299844,-13.479068841046555],[-72.98839184293755,-13.479972518228937],[-72.98746845087493,-13.479965117614928]]]}},{"type":"Feature","properties":{"Cell_ID":7,"Area_ha":1.0,"LC":"9:0.477787,13:0.243345,14:0.278868","XMIN":717754.86160847,"YMIN":8508193.59738907,"XMAX":717854.86160847,"YMAX":8508293.59738907},"geometry":{"type":"Polygon","coordinates":[[[-72.98741549066985,-13.48629085235777],[-72.98742305807707,-13.485387176173223],[-72.98834647093264,-13.485394579872555],[-72.98833890699179,-13.486298256571335],[-72.98741549066985,-13.48629085235777]]]}},{"type":"Feature","properties":{"Cell_ID":8,"Area_ha":1.0,"LC":"5:0.117505,9:0.197366,13:0.522058,14:0.163071","XMIN":717754.86160847,"YMIN":8508093.59738907,"XMAX":717854.86160847,"YMAX":8508193.59738907},"geometry":{"type":"Polygon","coordinates":[[[-72.98740792270804,-13.48719452847321],[-72.98741549066985,-13.48629085235777],[-72.98833890699179,-13.486298256571335],[-72.98833134249661,-13.487201933201012],[-72.98740792270804,-13.48719452847321]]]}},{"type":"Feature","properties":{"Cell_ID":9,"Area_ha":1.0,"LC":"5:0.836685,13:0.163315","XMIN":717854.86160847,"YMIN":8509193.59738907,"XMAX":717954.86160847,"YMAX":8509293.59738907},"geometry":{"type":"Polygon","coordinates":[[[-72.98656775867275,-13.477246684941516],[-72.98657532399858,-13.476343008580566],[-72.98749870164988,-13.476350410527806],[-72.98749113978786,-13.477254087403185],[-72.98656775867275,-13.477246684941516]]]}},{"type":"Feature","properties":{"Cell_ID":10,"Area_ha":1.0,"LC":"5:0.279305,7:0.200688,9:0.160969,13:0.236417,17:0.122620","XMIN":717854.86160847,"YMIN":8509093.59738907,"XMAX":717954.86160847,"YMAX":8509193.59738907},"geometry":{"type":"Polygon","coordinates":[[[-72.98656019279217,-13.478150361233395],[-72.98656775867275,-13.477246684941516],[-72.98749113978786,-13.477254087403185],[-72.98748357737138,-13.4781577642095],[-72.98656019279217,-13.478150361233395]]]}},{"type":"Feature","properties":{"Cell_ID":11,"Area_ha":1.0,"LC":"5:0.515566,7:0.200000,13:0.079586,17:0.204847","XMIN":717854.86160847,"YMIN":8508993.59738907,"XMAX":717954.86160847,"YMAX":8509093.59738907},"geometry":{"type":"Polygon","coordinates":[[[-72.98655262635685,-13.479054037456203],[-72.98656019279217,-13.478150361233395],[-72.98748357737138,-13.4781577642095],[-72.98747601440039,-13.479061440946749],[-72.98655262635685,-13.479054037456203]]]}},{"type":"Feature","properties":{"Cell_ID":12,"Area_ha":1.0,"LC":"5:0.518461,7:0.001251,13:0.439031,17:0.041258","XMIN":717854.86160847,"YMIN":8508893.59738907,"XMAX":717954.86160847,"YMAX":8508993.59738907},"geometry":{"type":"Polygon","coordinates":[[[-72.9865450593668,-13.47995771360994],[-72.98655262635685,-13.479054037456203],[-72.98747601440039,-13.479061440946749],[-72.98746845087493,-13.479965117614928],[-72.9865450593668,-13.47995771360994]]]}},{"type":"Feature","properties":{"Cell_ID":13,"Area_ha":1.0,"LC":"5:0.324315,13:0.675685","XMIN":717854.86160847,"YMIN":8508793.59738907,"XMAX":717954.86160847,"YMAX":8508893.59738907},"geometry":{"type":"Polygon","coordinates":[[[-72.98653749182196,-13.48086138969459],[-72.9865450593668,-13.47995771360994],[-72.98746845087493,-13.479965117614928],[-72.98746088679493,-13.480868794214029],[-72.98653749182196,-13.48086138969459]]]}},{"type":"Feature","properties":{"Cell_ID":14,"Area_ha":1.0,"LC":"13:1.000000","XMIN":717854.86160847,"YMIN":8508693.59738907,"XMAX":717954.86160847,"YMAX":8508793.59738907},"geometry":{"type":"Polygon","coordinates":[[[-72.98652992372237,-13.481765065710158],[-72.98653749182196,-13.48086138969459],[-72.98746088679493,-13.480868794214029],[-72.98745332216043,-13.481772470744044],[-72.98652992372237,-13.481765065710158]]]}},{"type":"Feature","properties":{"Cell_ID":15,"Area_ha":1.0,"LC":"7:0.038756,13:0.961244","XMIN":717854.86160847,"YMIN":8508593.59738907,"XMAX":717954.86160847,"YMAX":8508693.59738907},"geometry":{"type":"Polygon","coordinates":[[[-72.98652235506799,-13.482668741656637],[-72.98652992372237,-13.481765065710158],[-72.98745332216043,-13.481772470744044],[-72.98744575697141,-13.482676147204977],[-72.98652235506799,-13.482668741656637]]]}},{"type":"Feature","properties":{"Cell_ID":16,"Area_ha":1.0,"LC":"9:0.158061,13:0.803183,14:0.038756","XMIN":717854.86160847,"YMIN":8508193.59738907,"XMAX":717954.86160847,"YMAX":8508293.59738907},"geometry":{"type":"Polygon","coordinates":[[[-72.98649207490249,-13.486283444751576],[-72.98649964577608,-13.485379769081497],[-72.98742305807707,-13.485387176173223],[-72.98741549066985,-13.48629085235777],[-72.98649207490249,-13.486283444751576]]]}},{"type":"Feature","properties":{"Cell_ID":17,"Area_ha":1.0,"LC":"13:0.601665,14:0.398335","XMIN":717854.86160847,"YMIN":8508093.59738907,"XMAX":717954.86160847,"YMAX":8508193.59738907},"geometry":{"type":"Polygon","coordinates":[[[-72.98648450347406,-13.487187120352546],[-72.98649207490249,-13.486283444751576],[-72.98741549066985,-13.48629085235777],[-72.98740792270804,-13.48719452847321],[-72.98648450347406,-13.487187120352546]]]}},{"type":"Feature","properties":{"Cell_ID":18,"Area_ha":1.0,"LC":"5:0.239593,9:0.041539,13:0.718868","XMIN":717954.86160847,"YMIN":8509193.59738907,"XMAX":718054.86160847,"YMAX":8509293.59738907},"geometry":{"type":"Polygon","coordinates":[[[-72.98564437811235,-13.47723927908958],[-72.98565194690202,-13.4763356032433],[-72.98657532399858,-13.476343008580566],[-72.98656775867275,-13.477246684941516],[-72.98564437811235,-13.47723927908958]]]}},{"type":"Feature","properties":{"Cell_ID":19,"Area_ha":1.0,"LC":"7:0.200000,9:0.200969,13:0.001406,17:0.597624","XMIN":717954.86160847,"YMIN":8509093.59738907,"XMAX":718054.86160847,"YMAX":8509193.59738907},"geometry":{"type":"Polygon","coordinates":[[[-72.98563680876771,-13.47814295486679],[-72.98564437811235,-13.47723927908958],[-72.98656775867275,-13.477246684941516],[-72.98656019279217,-13.478150361233395],[-72.98563680876771,-13.47814295486679]]]}},{"type":"Feature","properties":{"Cell_ID":20,"Area_ha":1.0,"LC":"7:0.120119,17:0.879881","XMIN":717954.86160847,"YMIN":8508993.59738907,"XMAX":718054.86160847,"YMAX":8509093.59738907},"geometry":{"type":"Polygon","coordinates":[[[-72.98562923886807,-13.479046630574926],[-72.98563680876771,-13.47814295486679],[-72.98656019279217,-13.478150361233395],[-72.98655262635685,-13.479054037456203],[-72.98562923886807,-13.479046630574926]]]}},{"type":"Feature","properties":{"Cell_ID":21,"Area_ha":1.0,"LC":"5:0.038756,7:0.519319,13:0.362339,17:0.079586","XMIN":717954.86160847,"YMIN":8508893.59738907,"XMAX":718054.86160847,"YMAX":8508993.59738907},"geometry":{"type":"Polygon","coordinates":[[[-72.98562166841343,-13.479950306213983],[-72.98562923886807,-13.479046630574926],[-72.98655262635685,-13.479054037456203],[-72.9865450593668,-13.47995771360994],[-72.98562166841343,-13.479950306213983]]]}},{"type":"Feature","properties":{"Cell_ID":22,"Area_ha":1.0,"LC":"5:0.601363,7:0.120562,13:0.278075","XMIN":717954.86160847,"YMIN":8508793.59738907,"XMAX":718054.86160847,"YMAX":8508893.59738907},"geometry":{"type":"Polygon","coordinates":[[[-72.98561409740377,-13.48085398178395],[-72.98562166841343,-13.479950306213983],[-72.9865450593668,-13.47995771360994],[-72.98653749182196,-13.48086138969459],[-72.98561409740377,-13.48085398178395]]]}},{"type":"Feature","properties":{"Cell_ID":23,"Area_ha":1.0,"LC":"5:0.243759,13:0.756241","XMIN":717954.86160847,"YMIN":8508693.59738907,"XMAX":718054.86160847,"YMAX":8508793.59738907},"geometry":{"type":"Polygon","coordinates":[[[-72.98560652583909,-13.481757657284835],[-72.98561409740377,-13.48085398178395],[-72.98653749182196,-13.48086138969459],[-72.98652992372237,-13.481765065710158],[-72.98560652583909,-13.481757657284835]]]}},{"type":"Feature","properties":{"Cell_ID":24,"Area_ha":1.0,"LC":"13:1.000000","XMIN":717954.86160847,"YMIN":8508593.59738907,"XMAX":718054.86160847,"YMAX":8508693.59738907},"geometry":{"type":"Polygon","coordinates":[[[-72.98559895371938,-13.482661332716624],[-72.98560652583909,-13.481757657284835],[-72.98652992372237,-13.481765065710158],[-72.98652235506799,-13.482668741656637],[-72.98559895371938,-13.482661332716624]]]}},{"type":"Feature","properties":{"Cell_ID":25,"Area_ha":1.0,"LC":"9:0.000963,13:0.999037","XMIN":717954.86160847,"YMIN":8508493.59738907,"XMAX":718054.86160847,"YMAX":8508593.59738907},"geometry":{"type":"Polygon","coordinates":[[[-72.98559138104461,-13.483565008079314],[-72.98559895371938,-13.482661332716624],[-72.98652235506799,-13.482668741656637],[-72.98651478585883,-13.483572417534024],[-72.98559138104461,-13.483565008079314]]]}},{"type":"Feature","properties":{"Cell_ID":26,"Area_ha":1.0,"LC":"6:0.044159,9:0.439726,13:0.435434,14:0.080681","XMIN":717954.86160847,"YMIN":8508293.59738907,"XMAX":718054.86160847,"YMAX":8508393.59738907},"geometry":{"type":"Polygon","coordinates":[[[-72.9855762340299,-13.485372358597392],[-72.98558380781479,-13.484468683372905],[-72.98650721609486,-13.484476093342312],[-72.98649964577608,-13.485379769081497],[-72.9855762340299,-13.485372358597392]]]}},{"type":"Feature","properties":{"Cell_ID":27,"Area_ha":1.0,"LC":"9:0.080562,13:0.836241,14:0.083196","XMIN":717954.86160847,"YMIN":8508193.59738907,"XMAX":718054.86160847,"YMAX":8508293.59738907},"geometry":{"type":"Polygon","coordinates":[[[-72.98556865968996,-13.486276033752766],[-72.9855762340299,-13.485372358597392],[-72.98649964577608,-13.485379769081497],[-72.98649207490249,-13.486283444751576],[-72.98556865968996,-13.486276033752766]]]}},{"type":"Feature","properties":{"Cell_ID":28,"Area_ha":1.0,"LC":"13:1.000000","XMIN":717954.86160847,"YMIN":8508093.59738907,"XMAX":718054.86160847,"YMAX":8508193.59738907},"geometry":{"type":"Polygon","coordinates":[[[-72.98556108479492,-13.487179708839024],[-72.98556865968996,-13.486276033752766],[-72.98649207490249,-13.486283444751576],[-72.98648450347406,-13.487187120352546],[-72.98556108479492,-13.487179708839024]]]}},{"type":"Feature","properties":{"Cell_ID":29,"Area_ha":1.0,"LC":"13:1.000000","XMIN":717954.86160847,"YMIN":8507993.59738907,"XMAX":718054.86160847,"YMAX":8508093.59738907},"geometry":{"type":"Polygon","coordinates":[[[-72.9855535093448,-13.488083383856166],[-72.98556108479492,-13.487179708839024],[-72.98648450347406,-13.487187120352546],[-72.98647693149078,-13.488090795884396],[-72.9855535093448,-13.488083383856166]]]}},{"type":"Feature","properties":{"Cell_ID":30,"Area_ha":1.0,"LC":"13:1.000000","XMIN":717954.86160847,"YMIN":8507893.59738907,"XMAX":718054.86160847,"YMAX":8507993.59738907},"geometry":{"type":"Polygon","coordinates":[[[-72.98554593333954,-13.488987058804186],[-72.9855535093448,-13.488083383856166],[-72.98647693149078,-13.488090795884396],[-72.98646935895268,-13.488994471347132],[-72.98554593333954,-13.488987058804186]]]}},{"type":"Feature","properties":{"Cell_ID":31,"Area_ha":1.0,"LC":"3:1.000000","XMIN":717954.86160847,"YMIN":8506993.59738907,"XMAX":718054.86160847,"YMAX":8507093.59738907},"geometry":{"type":"Polygon","coordinates":[[[-72.98547772431108,-13.497120130225085],[-72.98548530531272,-13.496216455899374],[-72.98640875867193,-13.49622387256018],[-72.98640118113971,-13.497127547400641],[-72.98547772431108,-13.497120130225085]]]}},{"type":"Feature","properties":{"Cell_ID":32,"Area_ha":1.0,"LC":"3:0.801125,6:0.198875","XMIN":717954.86160847,"YMIN":8506893.59738907,"XMAX":718054.86160847,"YMAX":8506993.59738907},"geometry":{"type":"Polygon","coordinates":[[[-72.98547014275427,-13.498023804481631],[-72.98547772431108,-13.497120130225085],[-72.98640118113971,-13.497127547400641],[-72.98639360305255,-13.498031222171942],[-72.98547014275427,-13.498023804481631]]]}},{"type":"Feature","properties":{"Cell_ID":33,"Area_ha":1.0,"LC":"9:0.594590,13:0.405410","XMIN":718054.86160847,"YMIN":8509293.59738907,"XMAX":718154.86160847,"YMAX":8509393.59738907},"geometry":{"type":"Polygon","coordinates":[[[-72.98472857036042,-13.476328194516014],[-72.98473614205867,-13.475424519115565],[-72.9856595151367,-13.475431927327952],[-72.98565194690202,-13.4763356032433],[-72.98472857036042,-13.476328194516014]]]}},{"type":"Feature","properties":{"Cell_ID":34,"Area_ha":1.0,"LC":"9:0.559705,13:0.440295","XMIN":718054.86160847,"YMIN":8509193.59738907,"XMAX":718154.86160847,"YMAX":8509293.59738907},"geometry":{"type":"Polygon","coordinates":[[[-72.98472099810695,-13.477231869847394],[-72.98472857036042,-13.476328194516014],[-72.98565194690202,-13.4763356032433],[-72.98564437811235,-13.47723927908958],[-72.98472099810695,-13.477231869847394]]]}},{"type":"Feature","properties":{"Cell_ID":35,"Area_ha":1.0,"LC":"5:0.040681,7:0.278468,9:0.602789,13:0.000274,17:0.077787","XMIN":718054.86160847,"YMIN":8509093.59738907,"XMAX":718154.86160847,"YMAX":8509193.59738907},"geometry":{"type":"Polygon","coordinates":[[[-72.98471342529825,-13.478135545109696],[-72.98472099810695,-13.477231869847394],[-72.98564437811235,-13.47723927908958],[-72.98563680876771,-13.47814295486679],[-72.98471342529825,-13.478135545109696]]]}},{"type":"Feature","properties":{"Cell_ID":36,"Area_ha":1.0,"LC":"5:0.082227,7:0.359156,9:0.402220,17:0.156396","XMIN":718054.86160847,"YMIN":8508993.59738907,"XMAX":718154.86160847,"YMAX":8509093.59738907},"geometry":{"type":"Polygon","coordinates":[[[-72.9847058519343,-13.479039220302921],[-72.98471342529825,-13.478135545109696],[-72.98563680876771,-13.47814295486679],[-72.98562923886807,-13.479046630574926],[-72.9847058519343,-13.479039220302921]]]}},{"type":"Feature","properties":{"Cell_ID":37,"Area_ha":1.0,"LC":"7:0.121406,9:0.121939,13:0.756655","XMIN":718054.86160847,"YMIN":8508893.59738907,"XMAX":718154.86160847,"YMAX":8508993.59738907},"geometry":{"type":"Polygon","coordinates":[[[-72.98469827801507,-13.479942895427063],[-72.9847058519343,-13.479039220302921],[-72.98562923886807,-13.479046630574926],[-72.98562166841343,-13.479950306213983],[-72.98469827801507,-13.479942895427063]]]}},{"type":"Feature","properties":{"Cell_ID":38,"Area_ha":1.0,"LC":"5:0.194878,13:0.805122","XMIN":718054.86160847,"YMIN":8508793.59738907,"XMAX":718154.86160847,"YMAX":8508893.59738907},"geometry":{"type":"Polygon","coordinates":[[[-72.98469070354061,-13.480846570482118],[-72.98469827801507,-13.479942895427063],[-72.98562166841343,-13.479950306213983],[-72.98561409740377,-13.48085398178395],[-72.98469070354061,-13.480846570482118]]]}},{"type":"Feature","properties":{"Cell_ID":39,"Area_ha":1.0,"LC":"5:0.117366,13:0.882634","XMIN":718054.86160847,"YMIN":8508693.59738907,"XMAX":718154.86160847,"YMAX":8508793.59738907},"geometry":{"type":"Polygon","coordinates":[[[-72.98468312851084,-13.481750245468074],[-72.98469070354061,-13.480846570482118],[-72.98561409740377,-13.48085398178395],[-72.98560652583909,-13.481757657284835],[-72.98468312851084,-13.481750245468074]]]}},{"type":"Feature","properties":{"Cell_ID":40,"Area_ha":1.0,"LC":"13:1.000000","XMIN":718054.86160847,"YMIN":8508593.59738907,"XMAX":718154.86160847,"YMAX":8508693.59738907},"geometry":{"type":"Polygon","coordinates":[[[-72.98467555292578,-13.48265392038494],[-72.98468312851084,-13.481750245468074],[-72.98560652583909,-13.481757657284835],[-72.98559895371938,-13.482661332716624],[-72.98467555292578,-13.48265392038494]]]}},{"type":"Feature","properties":{"Cell_ID":41,"Area_ha":1.0,"LC":"9:0.280814,13:0.719186","XMIN":718054.86160847,"YMIN":8508493.59738907,"XMAX":718154.86160847,"YMAX":8508593.59738907},"geometry":{"type":"Polygon","coordinates":[[[-72.98466797678543,-13.483557595232703],[-72.98467555292578,-13.48265392038494],[-72.98559895371938,-13.482661332716624],[-72.98559138104461,-13.483565008079314],[-72.98466797678543,-13.483557595232703]]]}},{"type":"Feature","properties":{"Cell_ID":42,"Area_ha":1.0,"LC":"9:0.999719,13:0.000281","XMIN":718054.86160847,"YMIN":8508393.59738907,"XMAX":718154.86160847,"YMAX":8508493.59738907},"geometry":{"type":"Polygon","coordinates":[[[-72.9846604000898,-13.484461270011364],[-72.98466797678543,-13.483557595232703],[-72.98559138104461,-13.483565008079314],[-72.98558380781479,-13.484468683372905],[-72.9846604000898,-13.484461270011364]]]}},{"type":"Feature","properties":{"Cell_ID":43,"Area_ha":1.0,"LC":"6:0.475960,9:0.081406,13:0.403878,14:0.038756","XMIN":718054.86160847,"YMIN":8508293.59738907,"XMAX":718154.86160847,"YMAX":8508393.59738907},"geometry":{"type":"Polygon","coordinates":[[[-72.98465282283881,-13.485364944720912],[-72.9846604000898,-13.484461270011364],[-72.98558380781479,-13.484468683372905],[-72.9855762340299,-13.485372358597392],[-72.98465282283881,-13.485364944720912]]]}},{"type":"Feature","properties":{"Cell_ID":44,"Area_ha":1.0,"LC":"6:0.365972,13:0.197224,14:0.436804","XMIN":718054.86160847,"YMIN":8508193.59738907,"XMAX":718154.86160847,"YMAX":8508293.59738907},"geometry":{"type":"Polygon","coordinates":[[[-72.98464524503251,-13.486268619361347],[-72.98465282283881,-13.485364944720912],[-72.9855762340299,-13.485372358597392],[-72.98556865968996,-13.486276033752766],[-72.98464524503251,-13.486268619361347]]]}},{"type":"Feature","properties":{"Cell_ID":45,"Area_ha":1.0,"LC":"6:0.004847,9:0.039719,13:0.954871,14:0.000562","XMIN":718054.86160847,"YMIN":8508093.59738907,"XMAX":718154.86160847,"YMAX":8508193.59738907},"geometry":{"type":"Polygon","coordinates":[[[-72.98463766667086,-13.487172293932659],[-72.98464524503251,-13.486268619361347],[-72.98556865968996,-13.486276033752766],[-72.98556108479492,-13.487179708839024],[-72.98463766667086,-13.487172293932659]]]}},{"type":"Feature","properties":{"Cell_ID":46,"Area_ha":1.0,"LC":"6:0.004847,9:0.200000,13:0.795153","XMIN":718054.86160847,"YMIN":8507993.59738907,"XMAX":718154.86160847,"YMAX":8508093.59738907},"geometry":{"type":"Polygon","coordinates":[[[-72.98463008775389,-13.488075968434856],[-72.98463766667086,-13.487172293932659],[-72.98556108479492,-13.487179708839024],[-72.9855535093448,-13.488083383856166],[-72.98463008775389,-13.488075968434856]]]}},{"type":"Feature","properties":{"Cell_ID":47,"Area_ha":1.0,"LC":"6:0.001946,9:0.202902,13:0.795153","XMIN":718054.86160847,"YMIN":8507893.59738907,"XMAX":718154.86160847,"YMAX":8507993.59738907},"geometry":{"type":"Polygon","coordinates":[[[-72.98462250828153,-13.488979642867923],[-72.98463008775389,-13.488075968434856],[-72.9855535093448,-13.488083383856166],[-72.98554593333954,-13.488987058804186],[-72.98462250828153,-13.488979642867923]]]}},{"type":"Feature","properties":{"Cell_ID":48,"Area_ha":1.0,"LC":"5:0.201651,9:0.043196,13:0.755153","XMIN":718054.86160847,"YMIN":8507793.59738907,"XMAX":718154.86160847,"YMAX":8507893.59738907},"geometry":{"type":"Polygon","coordinates":[[[-72.98461492825383,-13.489883317231858],[-72.98462250828153,-13.488979642867923],[-72.98554593333954,-13.488987058804186],[-72.9855383567792,-13.489890733683074],[-72.98461492825383,-13.489883317231858]]]}},{"type":"Feature","properties":{"Cell_ID":49,"Area_ha":1.0,"LC":"3:0.039031,6:0.960969","XMIN":718054.86160847,"YMIN":8507193.59738907,"XMAX":718154.86160847,"YMAX":8507293.59738907},"geometry":{"type":"Polygon","coordinates":[[[-72.98456943642425,-13.49530536196347],[-72.98457701978438,-13.494401688014415],[-72.98550046565039,-13.494409107040463],[-72.98549288575914,-13.495312781504497],[-72.98456943642425,-13.49530536196347]]]}},{"type":"Feature","properties":{"Cell_ID":50,"Area_ha":1.0,"LC":"3:0.198875,6:0.801125","XMIN":718054.86160847,"YMIN":8507093.59738907,"XMAX":718154.86160847,"YMAX":8507193.59738907},"geometry":{"type":"Polygon","coordinates":[[[-72.98456185250869,-13.496209035843366],[-72.98456943642425,-13.49530536196347],[-72.98549288575914,-13.495312781504497],[-72.98548530531272,-13.496216455899374],[-72.98456185250869,-13.496209035843366]]]}},{"type":"Feature","properties":{"Cell_ID":51,"Area_ha":1.0,"LC":"3:0.999719,6:0.000281","XMIN":718054.86160847,"YMIN":8506993.59738907,"XMAX":718154.86160847,"YMAX":8507093.59738907},"geometry":{"type":"Polygon","coordinates":[[[-72.98455426803767,-13.497112709654097],[-72.98456185250869,-13.496209035843366],[-72.98548530531272,-13.496216455899374],[-72.98547772431108,-13.497120130225085],[-72.98455426803767,-13.497112709654097]]]}},{"type":"Feature","properties":{"Cell_ID":52,"Area_ha":1.0,"LC":"3:0.799193,6:0.200807","XMIN":718054.86160847,"YMIN":8506893.59738907,"XMAX":718154.86160847,"YMAX":8506993.59738907},"geometry":{"type":"Polygon","coordinates":[[[-72.98454668301119,-13.498016383395651],[-72.98455426803767,-13.497112709654097],[-72.98547772431108,-13.497120130225085],[-72.98547014275427,-13.498023804481631],[-72.98454668301119,-13.498016383395651]]]}},{"type":"Feature","properties":{"Cell_ID":53,"Area_ha":1.0,"LC":"13:1.000000","XMIN":718154.86160847,"YMIN":8509293.59738907,"XMAX":718254.86160847,"YMAX":8509393.59738907},"geometry":{"type":"Polygon","coordinates":[[[-72.98380519437404,-13.476320782398723],[-72.98381276953585,-13.47541710751341],[-72.98473614205867,-13.475424519115565],[-72.98472857036042,-13.476328194516014],[-72.98380519437404,-13.476320782398723]]]}},{"type":"Feature","properties":{"Cell_ID":54,"Area_ha":1.0,"LC":"5:0.000963,9:0.118194,13:0.880844","XMIN":718154.86160847,"YMIN":8509193.59738907,"XMAX":718254.86160847,"YMAX":8509293.59738907},"geometry":{"type":"Polygon","coordinates":[[[-72.9837976186568,-13.477224457214962],[-72.98380519437404,-13.476320782398723],[-72.98472857036042,-13.476328194516014],[-72.98472099810695,-13.477231869847394],[-72.9837976186568,-13.477224457214962]]]}},{"type":"Feature","properties":{"Cell_ID":55,"Area_ha":1.0,"LC":"5:0.040702,6:0.319838,9:0.638898,13:0.000562","XMIN":718154.86160847,"YMIN":8509093.59738907,"XMAX":718254.86160847,"YMAX":8509193.59738907},"geometry":{"type":"Polygon","coordinates":[[[-72.98379004238403,-13.478128131962125],[-72.9837976186568,-13.477224457214962],[-72.98472099810695,-13.477231869847394],[-72.98471342529825,-13.478135545109696],[-72.98379004238403,-13.478128131962125]]]}},{"type":"Feature","properties":{"Cell_ID":56,"Area_ha":1.0,"LC":"5:0.318335,6:0.285410,7:0.078475,9:0.317780","XMIN":718154.86160847,"YMIN":8508993.59738907,"XMAX":718254.86160847,"YMAX":8509093.59738907},"geometry":{"type":"Polygon","coordinates":[[[-72.98378246555578,-13.4790318066402],[-72.98379004238403,-13.478128131962125],[-72.98471342529825,-13.478135545109696],[-72.9847058519343,-13.479039220302921],[-72.98378246555578,-13.4790318066402]]]}},{"type":"Feature","properties":{"Cell_ID":57,"Area_ha":1.0,"LC":"5:0.000969,6:0.000569,7:0.040556,9:0.601651,13:0.356255","XMIN":718154.86160847,"YMIN":8508893.59738907,"XMAX":718254.86160847,"YMAX":8508993.59738907},"geometry":{"type":"Polygon","coordinates":[[[-72.983774888172,-13.479935481249194],[-72.98378246555578,-13.4790318066402],[-72.9847058519343,-13.479039220302921],[-72.98469827801507,-13.479942895427063],[-72.983774888172,-13.479935481249194]]]}},{"type":"Feature","properties":{"Cell_ID":58,"Area_ha":1.0,"LC":"7:0.120681,9:0.124447,13:0.635434,14:0.119438","XMIN":718154.86160847,"YMIN":8508793.59738907,"XMAX":718254.86160847,"YMAX":8508893.59738907},"geometry":{"type":"Polygon","coordinates":[[[-72.98376731023271,-13.480839155789095],[-72.983774888172,-13.479935481249194],[-72.98469827801507,-13.479942895427063],[-72.98469070354061,-13.480846570482118],[-72.98376731023271,-13.480839155789095]]]}},{"type":"Feature","properties":{"Cell_ID":59,"Area_ha":1.0,"LC":"7:0.084166,13:0.674590,14:0.241244","XMIN":718154.86160847,"YMIN":8508693.59738907,"XMAX":718254.86160847,"YMAX":8508793.59738907},"geometry":{"type":"Polygon","coordinates":[[[-72.98375973173786,-13.481742830259897],[-72.98376731023271,-13.480839155789095],[-72.98469070354061,-13.480846570482118],[-72.98468312851084,-13.481750245468074],[-72.98375973173786,-13.481742830259897]]]}},{"type":"Feature","properties":{"Cell_ID":60,"Area_ha":1.0,"LC":"9:0.079438,13:0.919305,14:0.001258","XMIN":718154.86160847,"YMIN":8508593.59738907,"XMAX":718254.86160847,"YMAX":8508693.59738907},"geometry":{"type":"Polygon","coordinates":[[[-72.9837521526875,-13.482646504661602],[-72.98375973173786,-13.481742830259897],[-72.98468312851084,-13.481750245468074],[-72.98467555292578,-13.48265392038494],[-72.9837521526875,-13.482646504661602]]]}},{"type":"Feature","properties":{"Cell_ID":61,"Area_ha":1.0,"LC":"9:0.561377,13:0.438623","XMIN":718154.86160847,"YMIN":8508493.59738907,"XMAX":718254.86160847,"YMAX":8508593.59738907},"geometry":{"type":"Polygon","coordinates":[[[-72.9837445730816,-13.4835501789942],[-72.9837521526875,-13.482646504661602],[-72.98467555292578,-13.48265392038494],[-72.98466797678543,-13.483557595232703],[-72.9837445730816,-13.4835501789942]]]}},{"type":"Feature","properties":{"Cell_ID":62,"Area_ha":1.0,"LC":"9:0.999719,13:0.000281","XMIN":718154.86160847,"YMIN":8508393.59738907,"XMAX":718254.86160847,"YMAX":8508493.59738907},"geometry":{"type":"Polygon","coordinates":[[[-72.9837369929201,-13.48445385325769],[-72.9837445730816,-13.4835501789942],[-72.98466797678543,-13.483557595232703],[-72.9846604000898,-13.484461270011364],[-72.9837369929201,-13.48445385325769]]]}},{"type":"Feature","properties":{"Cell_ID":63,"Area_ha":1.0,"LC":"6:0.038756,9:0.163745,13:0.797499","XMIN":718154.86160847,"YMIN":8508293.59738907,"XMAX":718254.86160847,"YMAX":8508393.59738907},"geometry":{"type":"Polygon","coordinates":[[[-72.98372941220305,-13.485357527452067],[-72.9837369929201,-13.48445385325769],[-72.9846604000898,-13.484461270011364],[-72.98465282283881,-13.485364944720912],[-72.98372941220305,-13.485357527452067]]]}},{"type":"Feature","properties":{"Cell_ID":64,"Area_ha":1.0,"LC":"6:0.234871,9:0.483478,13:0.281651","XMIN":718154.86160847,"YMIN":8508193.59738907,"XMAX":718254.86160847,"YMAX":8508293.59738907},"geometry":{"type":"Polygon","coordinates":[[[-72.9837218309304,-13.486261201577324],[-72.98372941220305,-13.485357527452067],[-72.98465282283881,-13.485364944720912],[-72.98464524503251,-13.486268619361347],[-72.9837218309304,-13.486261201577324]]]}},{"type":"Feature","properties":{"Cell_ID":65,"Area_ha":1.0,"LC":"6:0.594871,9:0.160400,13:0.244728","XMIN":718154.86160847,"YMIN":8508093.59738907,"XMAX":718254.86160847,"YMAX":8508193.59738907},"geometry":{"type":"Polygon","coordinates":[[[-72.98371424910216,-13.487164875633463],[-72.9837218309304,-13.486261201577324],[-72.98464524503251,-13.486268619361347],[-72.98463766667086,-13.487172293932659],[-72.98371424910216,-13.487164875633463]]]}},{"type":"Feature","properties":{"Cell_ID":66,"Area_ha":1.0,"LC":"6:0.435434,9:0.564566","XMIN":718154.86160847,"YMIN":8507993.59738907,"XMAX":718254.86160847,"YMAX":8508093.59738907},"geometry":{"type":"Polygon","coordinates":[[[-72.98370666671835,-13.488068549620472],[-72.98371424910216,-13.487164875633463],[-72.98463766667086,-13.487172293932659],[-72.98463008775389,-13.488075968434856],[-72.98370666671835,-13.488068549620472]]]}},{"type":"Feature","properties":{"Cell_ID":67,"Area_ha":1.0,"LC":"6:0.158617,9:0.841383","XMIN":718154.86160847,"YMIN":8507893.59738907,"XMAX":718254.86160847,"YMAX":8507993.59738907},"geometry":{"type":"Polygon","coordinates":[[[-72.9836990837789,-13.488972223538353],[-72.98370666671835,-13.488068549620472],[-72.98463008775389,-13.488075968434856],[-72.98462250828153,-13.488979642867923],[-72.9836990837789,-13.488972223538353]]]}},{"type":"Feature","properties":{"Cell_ID":68,"Area_ha":1.0,"LC":"5:0.157224,9:0.842776","XMIN":718154.86160847,"YMIN":8507793.59738907,"XMAX":718254.86160847,"YMAX":8507893.59738907},"geometry":{"type":"Polygon","coordinates":[[[-72.98369150028383,-13.489875897387098],[-72.9836990837789,-13.488972223538353],[-72.98462250828153,-13.488979642867923],[-72.98461492825383,-13.489883317231858],[-72.98369150028383,-13.489875897387098]]]}},{"type":"Feature","properties":{"Cell_ID":69,"Area_ha":1.0,"LC":"3:0.000963,5:0.555434,6:0.162627,9:0.280976","XMIN":718154.86160847,"YMIN":8507693.59738907,"XMAX":718254.86160847,"YMAX":8507793.59738907},"geometry":{"type":"Polygon","coordinates":[[[-72.98368391623313,-13.490779571166703],[-72.98369150028383,-13.489875897387098],[-72.98461492825383,-13.489883317231858],[-72.98460734767073,-13.490786991526658],[-72.98368391623313,-13.490779571166703]]]}},{"type":"Feature","properties":{"Cell_ID":70,"Area_ha":1.0,"LC":"3:0.004847,5:0.000556,6:0.554597,9:0.440000","XMIN":718154.86160847,"YMIN":8507593.59738907,"XMAX":718254.86160847,"YMAX":8507693.59738907},"geometry":{"type":"Polygon","coordinates":[[[-72.98367633162678,-13.491683244877166],[-72.98368391623313,-13.490779571166703],[-72.98460734767073,-13.490786991526658],[-72.98459976653224,-13.491690665752317],[-72.98367633162678,-13.491683244877166]]]}},{"type":"Feature","properties":{"Cell_ID":71,"Area_ha":1.0,"LC":"3:0.003885,6:0.955553,9:0.040562","XMIN":718154.86160847,"YMIN":8507493.59738907,"XMAX":718254.86160847,"YMAX":8507593.59738907},"geometry":{"type":"Polygon","coordinates":[[[-72.9836687464648,-13.492586918518478],[-72.98367633162678,-13.491683244877166],[-72.98459976653224,-13.491690665752317],[-72.98459218483838,-13.492594339908836],[-72.9836687464648,-13.492586918518478]]]}},{"type":"Feature","properties":{"Cell_ID":72,"Area_ha":1.0,"LC":"6:0.997098,9:0.002902","XMIN":718154.86160847,"YMIN":8507393.59738907,"XMAX":718254.86160847,"YMAX":8507493.59738907},"geometry":{"type":"Polygon","coordinates":[[[-72.98366116074715,-13.493490592090641],[-72.9836687464648,-13.492586918518478],[-72.98459218483838,-13.492594339908836],[-72.98458460258908,-13.493498013996199],[-72.98366116074715,-13.493490592090641]]]}},{"type":"Feature","properties":{"Cell_ID":73,"Area_ha":1.0,"LC":"6:0.915153,9:0.084847","XMIN":718154.86160847,"YMIN":8507293.59738907,"XMAX":718254.86160847,"YMAX":8507393.59738907},"geometry":{"type":"Polygon","coordinates":[[[-72.98365357447382,-13.494394265593646],[-72.98366116074715,-13.493490592090641],[-72.98458460258908,-13.493498013996199],[-72.98457701978438,-13.494401688014415],[-72.98365357447382,-13.494394265593646]]]}},{"type":"Feature","properties":{"Cell_ID":74,"Area_ha":1.0,"LC":"6:0.999024,9:0.000976","XMIN":718154.86160847,"YMIN":8507193.59738907,"XMAX":718254.86160847,"YMAX":8507293.59738907},"geometry":{"type":"Polygon","coordinates":[[[-72.9836459876448,-13.495297939027488],[-72.98365357447382,-13.494394265593646],[-72.98457701978438,-13.494401688014415],[-72.98456943642425,-13.49530536196347],[-72.9836459876448,-13.495297939027488]]]}},{"type":"Feature","properties":{"Cell_ID":75,"Area_ha":1.0,"LC":"3:0.477631,6:0.522369","XMIN":718154.86160847,"YMIN":8507093.59738907,"XMAX":718254.86160847,"YMAX":8507193.59738907},"geometry":{"type":"Polygon","coordinates":[[[-72.9836384002601,-13.496201612392168],[-72.9836459876448,-13.495297939027488],[-72.98456943642425,-13.49530536196347],[-72.98456185250869,-13.496209035843366],[-72.9836384002601,-13.496201612392168]]]}},{"type":"Feature","properties":{"Cell_ID":76,"Area_ha":1.0,"LC":"3:0.516966,6:0.483034","XMIN":718154.86160847,"YMIN":8506993.59738907,"XMAX":718254.86160847,"YMAX":8507093.59738907},"geometry":{"type":"Polygon","coordinates":[[[-72.98363081231972,-13.497105285687677],[-72.9836384002601,-13.496201612392168],[-72.98456185250869,-13.496209035843366],[-72.98455426803767,-13.497112709654097],[-72.98363081231972,-13.497105285687677]]]}},{"type":"Feature","properties":{"Cell_ID":77,"Area_ha":1.0,"LC":"3:0.759993,6:0.239044,14:0.000963","XMIN":718154.86160847,"YMIN":8506893.59738907,"XMAX":718254.86160847,"YMAX":8506993.59738907},"geometry":{"type":"Polygon","coordinates":[[[-72.9836232238236,-13.498008958914008],[-72.98363081231972,-13.497105285687677],[-72.98455426803767,-13.497112709654097],[-72.98454668301119,-13.498016383395651],[-72.9836232238236,-13.498008958914008]]]}},{"type":"Feature","properties":{"Cell_ID":78,"Area_ha":1.0,"LC":"5:0.804566,13:0.195434","XMIN":718254.86160847,"YMIN":8509393.59738907,"XMAX":718354.86160847,"YMAX":8509493.59738907},"geometry":{"type":"Polygon","coordinates":[[[-72.98288939756848,-13.47540969252149],[-72.98289697563808,-13.474506018082469],[-72.98382034414215,-13.474513432559025],[-72.98381276953585,-13.47541710751341],[-72.98288939756848,-13.47540969252149]]]}},{"type":"Feature","properties":{"Cell_ID":79,"Area_ha":1.0,"LC":"5:0.002101,13:0.997899","XMIN":718254.86160847,"YMIN":8509293.59738907,"XMAX":718354.86160847,"YMAX":8509393.59738907},"geometry":{"type":"Polygon","coordinates":[[[-72.98288181894317,-13.47631336689143],[-72.98288939756848,-13.47540969252149],[-72.98381276953585,-13.47541710751341],[-72.98380519437404,-13.476320782398723],[-72.98288181894317,-13.47631336689143]]]}},{"type":"Feature","properties":{"Cell_ID":80,"Area_ha":1.0,"LC":"5:0.317912,9:0.000969,13:0.681118","XMIN":718254.86160847,"YMIN":8509193.59738907,"XMAX":718354.86160847,"YMAX":8509293.59738907},"geometry":{"type":"Polygon","coordinates":[[[-72.98287423976211,-13.477217041192297],[-72.98288181894317,-13.47631336689143],[-72.98380519437404,-13.476320782398723],[-72.9837976186568,-13.477224457214962],[-72.98287423976211,-13.477217041192297]]]}},{"type":"Feature","properties":{"Cell_ID":81,"Area_ha":1.0,"LC":"5:0.719024,6:0.038756,9:0.158061,13:0.084159","XMIN":718254.86160847,"YMIN":8509093.59738907,"XMAX":718354.86160847,"YMAX":8509193.59738907},"geometry":{"type":"Polygon","coordinates":[[[-72.98286666002531,-13.478120715424083],[-72.98287423976211,-13.477217041192297],[-72.9837976186568,-13.477224457214962],[-72.98379004238403,-13.478128131962125],[-72.98286666002531,-13.478120715424083]]]}},{"type":"Feature","properties":{"Cell_ID":82,"Area_ha":1.0,"LC":"5:0.640000,6:0.195153,13:0.164847","XMIN":718254.86160847,"YMIN":8508993.59738907,"XMAX":718354.86160847,"YMAX":8509093.59738907},"geometry":{"type":"Polygon","coordinates":[[[-72.98285907973276,-13.47902438958678],[-72.98286666002531,-13.478120715424083],[-72.98379004238403,-13.478128131962125],[-72.98378246555578,-13.4790318066402],[-72.98285907973276,-13.47902438958678]]]}},{"type":"Feature","properties":{"Cell_ID":83,"Area_ha":1.0,"LC":"5:0.440155,6:0.000274,9:0.558594,13:0.000976","XMIN":718254.86160847,"YMIN":8508893.59738907,"XMAX":718354.86160847,"YMAX":8508993.59738907},"geometry":{"type":"Polygon","coordinates":[[[-72.98285149888443,-13.479928063680385],[-72.98285907973276,-13.47902438958678],[-72.98378246555578,-13.4790318066402],[-72.983774888172,-13.479935481249194],[-72.98285149888443,-13.479928063680385]]]}},{"type":"Feature","properties":{"Cell_ID":84,"Area_ha":1.0,"LC":"7:0.038756,9:0.397528,13:0.084841,14:0.478875","XMIN":718254.86160847,"YMIN":8508793.59738907,"XMAX":718354.86160847,"YMAX":8508893.59738907},"geometry":{"type":"Polygon","coordinates":[[[-72.98284391748034,-13.480831737704898],[-72.98285149888443,-13.479928063680385],[-72.983774888172,-13.479935481249194],[-72.98376731023271,-13.480839155789095],[-72.98284391748034,-13.480831737704898]]]}},{"type":"Feature","properties":{"Cell_ID":85,"Area_ha":1.0,"LC":"7:0.276396,9:0.041932,13:0.079444,14:0.602227","XMIN":718254.86160847,"YMIN":8508693.59738907,"XMAX":718354.86160847,"YMAX":8508793.59738907},"geometry":{"type":"Polygon","coordinates":[[[-72.98283633552045,-13.481735411660306],[-72.98284391748034,-13.480831737704898],[-72.98376731023271,-13.480839155789095],[-72.98375973173786,-13.481742830259897],[-72.98283633552045,-13.481735411660306]]]}},{"type":"Feature","properties":{"Cell_ID":86,"Area_ha":1.0,"LC":"9:0.000976,13:0.879156,14:0.119867","XMIN":718254.86160847,"YMIN":8508593.59738907,"XMAX":718354.86160847,"YMAX":8508693.59738907},"geometry":{"type":"Polygon","coordinates":[[[-72.98282875300477,-13.482639085546612],[-72.98283633552045,-13.481735411660306],[-72.98375973173786,-13.481742830259897],[-72.9837521526875,-13.482646504661602],[-72.98282875300477,-13.482639085546612]]]}},{"type":"Feature","properties":{"Cell_ID":87,"Area_ha":1.0,"LC":"9:0.754716,13:0.245284","XMIN":718254.86160847,"YMIN":8508493.59738907,"XMAX":718354.86160847,"YMAX":8508593.59738907},"geometry":{"type":"Polygon","coordinates":[[[-72.98282116993329,-13.483542759363813],[-72.98282875300477,-13.482639085546612],[-72.9837521526875,-13.482646504661602],[-72.9837445730816,-13.4835501789942],[-72.98282116993329,-13.483542759363813]]]}},{"type":"Feature","properties":{"Cell_ID":88,"Area_ha":1.0,"LC":"9:1.000000","XMIN":718254.86160847,"YMIN":8508393.59738907,"XMAX":718354.86160847,"YMAX":8508493.59738907},"geometry":{"type":"Polygon","coordinates":[[[-72.982813586306,-13.4844464331119],[-72.98282116993329,-13.483542759363813],[-72.9837445730816,-13.4835501789942],[-72.9837369929201,-13.48445385325769],[-72.982813586306,-13.4844464331119]]]}},{"type":"Feature","properties":{"Cell_ID":89,"Area_ha":1.0,"LC":"3:0.004841,9:0.837098,13:0.158061","XMIN":718254.86160847,"YMIN":8508293.59738907,"XMAX":718354.86160847,"YMAX":8508393.59738907},"geometry":{"type":"Polygon","coordinates":[[[-72.98280600212286,-13.485350106790868],[-72.982813586306,-13.4844464331119],[-72.9837369929201,-13.48445385325769],[-72.98372941220305,-13.485357527452067],[-72.98280600212286,-13.485350106790868]]]}},{"type":"Feature","properties":{"Cell_ID":90,"Area_ha":1.0,"LC":"3:0.000976,9:0.881518,13:0.117505","XMIN":718254.86160847,"YMIN":8508193.59738907,"XMAX":718354.86160847,"YMAX":8508293.59738907},"geometry":{"type":"Polygon","coordinates":[[[-72.98279841738388,-13.486253780400718],[-72.98280600212286,-13.485350106790868],[-72.98372941220305,-13.485357527452067],[-72.9837218309304,-13.486261201577324],[-72.98279841738388,-13.486253780400718]]]}},{"type":"Feature","properties":{"Cell_ID":91,"Area_ha":1.0,"LC":"3:0.122620,9:0.560702,13:0.316678","XMIN":718254.86160847,"YMIN":8508093.59738907,"XMAX":718354.86160847,"YMAX":8508193.59738907},"geometry":{"type":"Polygon","coordinates":[[[-72.98279083208908,-13.487157453941435],[-72.98279841738388,-13.486253780400718],[-72.9837218309304,-13.486261201577324],[-72.98371424910216,-13.487164875633463],[-72.98279083208908,-13.487157453941435]]]}},{"type":"Feature","properties":{"Cell_ID":92,"Area_ha":1.0,"LC":"3:0.204847,9:0.795153","XMIN":718254.86160847,"YMIN":8507993.59738907,"XMAX":718354.86160847,"YMAX":8508093.59738907},"geometry":{"type":"Polygon","coordinates":[[[-72.9827832462384,-13.488061127413031],[-72.98279083208908,-13.487157453941435],[-72.98371424910216,-13.487164875633463],[-72.98370666671835,-13.488068549620472],[-72.9827832462384,-13.488061127413031]]]}},{"type":"Feature","properties":{"Cell_ID":93,"Area_ha":1.0,"LC":"3:0.085129,6:0.159438,9:0.755434","XMIN":718254.86160847,"YMIN":8507893.59738907,"XMAX":718354.86160847,"YMAX":8507993.59738907},"geometry":{"type":"Polygon","coordinates":[[[-72.98277565983187,-13.48896480081549],[-72.9827832462384,-13.488061127413031],[-72.98370666671835,-13.488068549620472],[-72.9836990837789,-13.488972223538353],[-72.98277565983187,-13.48896480081549]]]}},{"type":"Feature","properties":{"Cell_ID":94,"Area_ha":1.0,"LC":"3:0.001939,6:0.323190,9:0.674871","XMIN":718254.86160847,"YMIN":8507793.59738907,"XMAX":718354.86160847,"YMAX":8507893.59738907},"geometry":{"type":"Polygon","coordinates":[[[-72.98276807286946,-13.489868474148805],[-72.98277565983187,-13.48896480081549],[-72.9836990837789,-13.488972223538353],[-72.98369150028383,-13.489875897387098],[-72.98276807286946,-13.489868474148805]]]}},{"type":"Feature","properties":{"Cell_ID":95,"Area_ha":1.0,"LC":"3:0.642479,6:0.317373,9:0.040149","XMIN":718254.86160847,"YMIN":8507693.59738907,"XMAX":718354.86160847,"YMAX":8507793.59738907},"geometry":{"type":"Polygon","coordinates":[[[-72.98276048535116,-13.490772147412981],[-72.98276807286946,-13.489868474148805],[-72.98369150028383,-13.489875897387098],[-72.98368391623313,-13.490779571166703],[-72.98276048535116,-13.490772147412981]]]}},{"type":"Feature","properties":{"Cell_ID":96,"Area_ha":1.0,"LC":"3:0.840562,6:0.159438","XMIN":718254.86160847,"YMIN":8507593.59738907,"XMAX":718354.86160847,"YMAX":8507693.59738907},"geometry":{"type":"Polygon","coordinates":[[[-72.98275289727697,-13.49167582060801],[-72.98276048535116,-13.490772147412981],[-72.98368391623313,-13.490779571166703],[-72.98367633162678,-13.491683244877166],[-72.98275289727697,-13.49167582060801]]]}},{"type":"Feature","properties":{"Cell_ID":97,"Area_ha":1.0,"LC":"3:0.276966,6:0.603315,9:0.119719","XMIN":718254.86160847,"YMIN":8507493.59738907,"XMAX":718354.86160847,"YMAX":8507593.59738907},"geometry":{"type":"Polygon","coordinates":[[[-72.98274530864688,-13.492579493733889],[-72.98275289727697,-13.49167582060801],[-72.98367633162678,-13.491683244877166],[-72.9836687464648,-13.492586918518478],[-72.98274530864688,-13.492579493733889]]]}},{"type":"Feature","properties":{"Cell_ID":98,"Area_ha":1.0,"LC":"6:0.600000,9:0.317098,14:0.082902","XMIN":718254.86160847,"YMIN":8507393.59738907,"XMAX":718354.86160847,"YMAX":8507493.59738907},"geometry":{"type":"Polygon","coordinates":[[[-72.98273771946087,-13.493483166790607],[-72.98274530864688,-13.492579493733889],[-72.9836687464648,-13.492586918518478],[-72.98366116074715,-13.493490592090641],[-72.98273771946087,-13.493483166790607]]]}},{"type":"Feature","properties":{"Cell_ID":99,"Area_ha":1.0,"LC":"6:0.444722,9:0.554309,14:0.000969","XMIN":718254.86160847,"YMIN":8507293.59738907,"XMAX":718354.86160847,"YMAX":8507393.59738907},"geometry":{"type":"Polygon","coordinates":[[[-72.98273012971893,-13.494386839778167],[-72.98273771946087,-13.493483166790607],[-72.98366116074715,-13.493490592090641],[-72.98365357447382,-13.494394265593646],[-72.98273012971893,-13.494386839778167]]]}},{"type":"Feature","properties":{"Cell_ID":100,"Area_ha":1.0,"LC":"6:0.315566,9:0.120149,14:0.564285","XMIN":718254.86160847,"YMIN":8507193.59738907,"XMAX":718354.86160847,"YMAX":8507293.59738907},"geometry":{"type":"Polygon","coordinates":[[[-72.98272253942106,-13.495290512696563],[-72.98273012971893,-13.494386839778167],[-72.98365357447382,-13.494394265593646],[-72.9836459876448,-13.495297939027488],[-72.98272253942106,-13.495290512696563]]]}},{"type":"Feature","properties":{"Cell_ID":101,"Area_ha":1.0,"LC":"5:0.123590,6:0.794871,14:0.081539","XMIN":718254.86160847,"YMIN":8507093.59738907,"XMAX":718354.86160847,"YMAX":8507193.59738907},"geometry":{"type":"Polygon","coordinates":[[[-72.98271494856724,-13.49619418554579],[-72.98272253942106,-13.495290512696563],[-72.9836459876448,-13.495297939027488],[-72.9836384002601,-13.496201612392168],[-72.98271494856724,-13.49619418554579]]]}},{"type":"Feature","properties":{"Cell_ID":102,"Area_ha":1.0,"LC":"3:0.039031,5:0.202915,6:0.756122,14:0.001932","XMIN":718254.86160847,"YMIN":8506993.59738907,"XMAX":718354.86160847,"YMAX":8507093.59738907},"geometry":{"type":"Polygon","coordinates":[[[-72.98270735715745,-13.497097858325844],[-72.98271494856724,-13.49619418554579],[-72.9836384002601,-13.496201612392168],[-72.98363081231972,-13.497105285687677],[-72.98270735715745,-13.497097858325844]]]}},{"type":"Feature","properties":{"Cell_ID":103,"Area_ha":1.0,"LC":"5:0.599881,13:0.400119","XMIN":718354.86160847,"YMIN":8509393.59738907,"XMAX":718454.86160847,"YMAX":8509493.59738907},"geometry":{"type":"Polygon","coordinates":[[[-72.98196602615685,-13.475402274139814],[-72.98197360768972,-13.474498600216396],[-72.98289697563808,-13.474506018082469],[-72.98288939756848,-13.47540969252149],[-72.98196602615685,-13.475402274139814]]]}},{"type":"Feature","properties":{"Cell_ID":104,"Area_ha":1.0,"LC":"5:0.079586,13:0.920414","XMIN":718354.86160847,"YMIN":8509293.59738907,"XMAX":718454.86160847,"YMAX":8509393.59738907},"geometry":{"type":"Polygon","coordinates":[[[-72.98195844406803,-13.476305947994152],[-72.98196602615685,-13.475402274139814],[-72.98288939756848,-13.47540969252149],[-72.98288181894317,-13.47631336689143],[-72.98195844406803,-13.476305947994152]]]}},{"type":"Feature","properties":{"Cell_ID":105,"Area_ha":1.0,"LC":"9:0.360000,13:0.640000","XMIN":718354.86160847,"YMIN":8509193.59738907,"XMAX":718454.86160847,"YMAX":8509293.59738907},"geometry":{"type":"Polygon","coordinates":[[[-72.98195086142319,-13.477209621779409],[-72.98195844406803,-13.476305947994152],[-72.98288181894317,-13.47631336689143],[-72.98287423976211,-13.477217041192297],[-72.98195086142319,-13.477209621779409]]]}},{"type":"Feature","properties":{"Cell_ID":106,"Area_ha":1.0,"LC":"5:0.359431,13:0.640569","XMIN":718354.86160847,"YMIN":8509093.59738907,"XMAX":718454.86160847,"YMAX":8509193.59738907},"geometry":{"type":"Polygon","coordinates":[[[-72.98194327822236,-13.478113295495575],[-72.98195086142319,-13.477209621779409],[-72.98287423976211,-13.477217041192297],[-72.98286666002531,-13.478120715424083],[-72.98194327822236,-13.478113295495575]]]}},{"type":"Feature","properties":{"Cell_ID":107,"Area_ha":1.0,"LC":"5:0.000569,13:0.999431","XMIN":718354.86160847,"YMIN":8508993.59738907,"XMAX":718454.86160847,"YMAX":8509093.59738907},"geometry":{"type":"Polygon","coordinates":[[[-72.9819356944655,-13.479016969142657],[-72.98194327822236,-13.478113295495575],[-72.98286666002531,-13.478120715424083],[-72.98285907973276,-13.47902438958678],[-72.9819356944655,-13.479016969142657]]]}},{"type":"Feature","properties":{"Cell_ID":108,"Area_ha":1.0,"LC":"9:0.357624,13:0.642376","XMIN":718354.86160847,"YMIN":8508893.59738907,"XMAX":718454.86160847,"YMAX":8508993.59738907},"geometry":{"type":"Polygon","coordinates":[[[-72.98192811015265,-13.479920642720646],[-72.9819356944655,-13.479016969142657],[-72.98285907973276,-13.47902438958678],[-72.98285149888443,-13.479928063680385],[-72.98192811015265,-13.479920642720646]]]}},{"type":"Feature","properties":{"Cell_ID":109,"Area_ha":1.0,"LC":"9:0.404315,13:0.595685","XMIN":718354.86160847,"YMIN":8508793.59738907,"XMAX":718454.86160847,"YMAX":8508893.59738907},"geometry":{"type":"Polygon","coordinates":[[[-72.98192052528375,-13.480824316229533],[-72.98192811015265,-13.479920642720646],[-72.98285149888443,-13.479928063680385],[-72.98284391748034,-13.480831737704898],[-72.98192052528375,-13.480824316229533]]]}},{"type":"Feature","properties":{"Cell_ID":110,"Area_ha":1.0,"LC":"9:0.519563,13:0.283345,14:0.197092","XMIN":718354.86160847,"YMIN":8508693.59738907,"XMAX":718454.86160847,"YMAX":8508793.59738907},"geometry":{"type":"Polygon","coordinates":[[[-72.98191293985883,-13.481727989669313],[-72.98192052528375,-13.480824316229533],[-72.98284391748034,-13.480831737704898],[-72.98283633552045,-13.481735411660306],[-72.98191293985883,-13.481727989669313]]]}},{"type":"Feature","properties":{"Cell_ID":111,"Area_ha":1.0,"LC":"9:0.804434,13:0.195566","XMIN":718354.86160847,"YMIN":8508593.59738907,"XMAX":718454.86160847,"YMAX":8508693.59738907},"geometry":{"type":"Polygon","coordinates":[[[-72.98190535387785,-13.482631663039987],[-72.98191293985883,-13.481727989669313],[-72.98283633552045,-13.481735411660306],[-72.98282875300477,-13.482639085546612],[-72.98190535387785,-13.482631663039987]]]}},{"type":"Feature","properties":{"Cell_ID":112,"Area_ha":1.0,"LC":"6:0.163590,9:0.639732,13:0.196678","XMIN":718354.86160847,"YMIN":8508493.59738907,"XMAX":718454.86160847,"YMAX":8508593.59738907},"geometry":{"type":"Polygon","coordinates":[[[-72.98189776734081,-13.483535336341554],[-72.98190535387785,-13.482631663039987],[-72.98282875300477,-13.482639085546612],[-72.98282116993329,-13.483542759363813],[-72.98189776734081,-13.483535336341554]]]}},{"type":"Feature","properties":{"Cell_ID":113,"Area_ha":1.0,"LC":"3:0.523997,6:0.000288,9:0.475715","XMIN":718354.86160847,"YMIN":8508393.59738907,"XMAX":718454.86160847,"YMAX":8508493.59738907},"geometry":{"type":"Polygon","coordinates":[[[-72.98189018024769,-13.484439009574],[-72.98189776734081,-13.483535336341554],[-72.98282116993329,-13.483542759363813],[-72.982813586306,-13.4844464331119],[-72.98189018024769,-13.484439009574]]]}},{"type":"Feature","properties":{"Cell_ID":114,"Area_ha":1.0,"LC":"3:0.999444,9:0.000556","XMIN":718354.86160847,"YMIN":8508293.59738907,"XMAX":718454.86160847,"YMAX":8508393.59738907},"geometry":{"type":"Polygon","coordinates":[[[-72.98188259259851,-13.485342682737327],[-72.98189018024769,-13.484439009574],[-72.982813586306,-13.4844464331119],[-72.98280600212286,-13.485350106790868],[-72.98188259259851,-13.485342682737327]]]}},{"type":"Feature","properties":{"Cell_ID":115,"Area_ha":1.0,"LC":"3:0.643752,6:0.040681,9:0.315566","XMIN":718354.86160847,"YMIN":8508193.59738907,"XMAX":718454.86160847,"YMAX":8508293.59738907},"geometry":{"type":"Polygon","coordinates":[[[-72.98187500439322,-13.486246355831524],[-72.98188259259851,-13.485342682737327],[-72.98280600212286,-13.485350106790868],[-72.98279841738388,-13.486253780400718],[-72.98187500439322,-13.486246355831524]]]}},{"type":"Feature","properties":{"Cell_ID":116,"Area_ha":1.0,"LC":"3:0.796255,6:0.045129,9:0.158617","XMIN":718354.86160847,"YMIN":8508093.59738907,"XMAX":718454.86160847,"YMAX":8508193.59738907},"geometry":{"type":"Polygon","coordinates":[[[-72.98186741563184,-13.487150028856595],[-72.98187500439322,-13.486246355831524],[-72.98279841738388,-13.486253780400718],[-72.98279083208908,-13.487157453941435],[-72.98186741563184,-13.487150028856595]]]}},{"type":"Feature","properties":{"Cell_ID":117,"Area_ha":1.0,"LC":"3:0.995153,6:0.004847","XMIN":718354.86160847,"YMIN":8507993.59738907,"XMAX":718454.86160847,"YMAX":8508093.59738907},"geometry":{"type":"Polygon","coordinates":[[[-72.98185982631433,-13.488053701812534],[-72.98186741563184,-13.487150028856595],[-72.98279083208908,-13.487157453941435],[-72.9827832462384,-13.488061127413031],[-72.98185982631433,-13.488053701812534]]]}},{"type":"Feature","properties":{"Cell_ID":118,"Area_ha":1.0,"LC":"3:0.998054,6:0.001946","XMIN":718354.86160847,"YMIN":8507893.59738907,"XMAX":718454.86160847,"YMAX":8507993.59738907},"geometry":{"type":"Polygon","coordinates":[[[-72.98185223644073,-13.488957374699336],[-72.98185982631433,-13.488053701812534],[-72.9827832462384,-13.488061127413031],[-72.98277565983187,-13.48896480081549],[-72.98185223644073,-13.488957374699336]]]}},{"type":"Feature","properties":{"Cell_ID":119,"Area_ha":1.0,"LC":"3:0.518349,6:0.481651","XMIN":718354.86160847,"YMIN":8507793.59738907,"XMAX":718454.86160847,"YMAX":8507893.59738907},"geometry":{"type":"Polygon","coordinates":[[[-72.98184464601098,-13.48986104751699],[-72.98185223644073,-13.488957374699336],[-72.98277565983187,-13.48896480081549],[-72.98276807286946,-13.489868474148805],[-72.98184464601098,-13.48986104751699]]]}},{"type":"Feature","properties":{"Cell_ID":120,"Area_ha":1.0,"LC":"3:0.956804,6:0.043196","XMIN":718354.86160847,"YMIN":8507693.59738907,"XMAX":718454.86160847,"YMAX":8507793.59738907},"geometry":{"type":"Polygon","coordinates":[[[-72.98183705502511,-13.490764720265503],[-72.98184464601098,-13.48986104751699],[-72.98276807286946,-13.489868474148805],[-72.98276048535116,-13.490772147412981],[-72.98183705502511,-13.490764720265503]]]}},{"type":"Feature","properties":{"Cell_ID":121,"Area_ha":1.0,"LC":"3:0.477254,6:0.319438,14:0.203309","XMIN":718354.86160847,"YMIN":8507593.59738907,"XMAX":718454.86160847,"YMAX":8507693.59738907},"geometry":{"type":"Polygon","coordinates":[[[-72.98182946348308,-13.491668392944861],[-72.98183705502511,-13.490764720265503],[-72.98276048535116,-13.490772147412981],[-72.98275289727697,-13.49167582060801],[-72.98182946348308,-13.491668392944861]]]}},{"type":"Feature","properties":{"Cell_ID":122,"Area_ha":1.0,"LC":"3:0.000274,6:0.395441,14:0.604285","XMIN":718354.86160847,"YMIN":8507493.59738907,"XMAX":718454.86160847,"YMAX":8507593.59738907},"geometry":{"type":"Polygon","coordinates":[[[-72.9818218713849,-13.492572065555064],[-72.98182946348308,-13.491668392944861],[-72.98275289727697,-13.49167582060801],[-72.98274530864688,-13.492579493733889],[-72.9818218713849,-13.492572065555064]]]}},{"type":"Feature","properties":{"Cell_ID":123,"Area_ha":1.0,"LC":"6:0.237773,14:0.762227","XMIN":718354.86160847,"YMIN":8507393.59738907,"XMAX":718454.86160847,"YMAX":8507493.59738907},"geometry":{"type":"Polygon","coordinates":[[[-72.98181427873051,-13.493475738096107],[-72.9818218713849,-13.492572065555064],[-72.98274530864688,-13.492579493733889],[-72.98273771946087,-13.493483166790607],[-72.98181427873051,-13.493475738096107]]]}},{"type":"Feature","properties":{"Cell_ID":124,"Area_ha":1.0,"LC":"6:0.559993,14:0.440007","XMIN":718354.86160847,"YMIN":8507293.59738907,"XMAX":718454.86160847,"YMAX":8507393.59738907},"geometry":{"type":"Polygon","coordinates":[[[-72.98180668551998,-13.494379410567989],[-72.98181427873051,-13.493475738096107],[-72.98273771946087,-13.493483166790607],[-72.98273012971893,-13.494386839778167],[-72.98180668551998,-13.494379410567989]]]}},{"type":"Feature","properties":{"Cell_ID":125,"Area_ha":1.0,"LC":"6:0.040569,14:0.959431","XMIN":718354.86160847,"YMIN":8507193.59738907,"XMAX":718454.86160847,"YMAX":8507293.59738907},"geometry":{"type":"Polygon","coordinates":[[[-72.98179909175325,-13.495283082970698],[-72.98180668551998,-13.494379410567989],[-72.98273012971893,-13.494386839778167],[-72.98272253942106,-13.495290512696563],[-72.98179909175325,-13.495283082970698]]]}},{"type":"Feature","properties":{"Cell_ID":126,"Area_ha":1.0,"LC":"5:0.876655,13:0.123345","XMIN":718454.86160847,"YMIN":8509493.59738907,"XMAX":718554.86160847,"YMAX":8509593.59738907},"geometry":{"type":"Polygon","coordinates":[[[-72.98105024029732,-13.474491178960818],[-72.98105782473722,-13.473587505484163],[-72.98198118866661,-13.47359492622391],[-72.98197360768972,-13.474498600216396],[-72.98105024029732,-13.474491178960818]]]}},{"type":"Feature","properties":{"Cell_ID":127,"Area_ha":1.0,"LC":"5:0.761406,13:0.238594","XMIN":718454.86160847,"YMIN":8509393.59738907,"XMAX":718554.86160847,"YMAX":8509493.59738907},"geometry":{"type":"Polygon","coordinates":[[[-72.98104265530121,-13.475394852368398],[-72.98105024029732,-13.474491178960818],[-72.98197360768972,-13.474498600216396],[-72.98196602615685,-13.475402274139814],[-72.98104265530121,-13.475394852368398]]]}},{"type":"Feature","properties":{"Cell_ID":128,"Area_ha":1.0,"LC":"13:1.000000","XMIN":718454.86160847,"YMIN":8509293.59738907,"XMAX":718554.86160847,"YMAX":8509393.59738907},"geometry":{"type":"Polygon","coordinates":[[[-72.98103506974886,-13.476298525706895],[-72.98104265530121,-13.475394852368398],[-72.98196602615685,-13.475402274139814],[-72.98195844406803,-13.476305947994152],[-72.98103506974886,-13.476298525706895]]]}},{"type":"Feature","properties":{"Cell_ID":129,"Area_ha":1.0,"LC":"9:0.320969,13:0.679031","XMIN":718454.86160847,"YMIN":8509193.59738907,"XMAX":718554.86160847,"YMAX":8509293.59738907},"geometry":{"type":"Polygon","coordinates":[[[-72.98102748364026,-13.477202198976306],[-72.98103506974886,-13.476298525706895],[-72.98195844406803,-13.476305947994152],[-72.98195086142319,-13.477209621779409],[-72.98102748364026,-13.477202198976306]]]}},{"type":"Feature","properties":{"Cell_ID":130,"Area_ha":1.0,"LC":"5:0.038756,13:0.961244","XMIN":718454.86160847,"YMIN":8509093.59738907,"XMAX":718554.86160847,"YMAX":8509193.59738907},"geometry":{"type":"Polygon","coordinates":[[[-72.98101989697541,-13.478105872176625],[-72.98102748364026,-13.477202198976306],[-72.98195086142319,-13.477209621779409],[-72.98194327822236,-13.478113295495575],[-72.98101989697541,-13.478105872176625]]]}},{"type":"Feature","properties":{"Cell_ID":131,"Area_ha":1.0,"LC":"5:0.000274,13:0.999726","XMIN":718454.86160847,"YMIN":8508993.59738907,"XMAX":718554.86160847,"YMAX":8509093.59738907},"geometry":{"type":"Polygon","coordinates":[[[-72.98101230975429,-13.47900954530785],[-72.98101989697541,-13.478105872176625],[-72.98194327822236,-13.478113295495575],[-72.9819356944655,-13.479016969142657],[-72.98101230975429,-13.47900954530785]]]}},{"type":"Feature","properties":{"Cell_ID":132,"Area_ha":1.0,"LC":"9:0.356255,13:0.641813,14:0.001932","XMIN":718454.86160847,"YMIN":8508893.59738907,"XMAX":718554.86160847,"YMAX":8508993.59738907},"geometry":{"type":"Polygon","coordinates":[[[-72.9810047219769,-13.479913218369981],[-72.98101230975429,-13.47900954530785],[-72.9819356944655,-13.479016969142657],[-72.98192811015265,-13.479920642720646],[-72.9810047219769,-13.479913218369981]]]}},{"type":"Feature","properties":{"Cell_ID":133,"Area_ha":1.0,"LC":"9:0.597647,13:0.400407,14:0.001946","XMIN":718454.86160847,"YMIN":8508793.59738907,"XMAX":718554.86160847,"YMAX":8508893.59738907},"geometry":{"type":"Polygon","coordinates":[[[-72.98099713364323,-13.480816891363009],[-72.9810047219769,-13.479913218369981],[-72.98192811015265,-13.479920642720646],[-72.98192052528375,-13.480824316229533],[-72.98099713364323,-13.480816891363009]]]}},{"type":"Feature","properties":{"Cell_ID":134,"Area_ha":1.0,"LC":"9:0.357906,13:0.401125,14:0.240969","XMIN":718454.86160847,"YMIN":8508693.59738907,"XMAX":718554.86160847,"YMAX":8508793.59738907},"geometry":{"type":"Polygon","coordinates":[[[-72.98098954475326,-13.481720564286928],[-72.98099713364323,-13.480816891363009],[-72.98192052528375,-13.480824316229533],[-72.98191293985883,-13.481727989669313],[-72.98098954475326,-13.481720564286928]]]}},{"type":"Feature","properties":{"Cell_ID":135,"Area_ha":1.0,"LC":"6:0.000969,9:0.999031","XMIN":718454.86160847,"YMIN":8508593.59738907,"XMAX":718554.86160847,"YMAX":8508693.59738907},"geometry":{"type":"Polygon","coordinates":[[[-72.98098195530697,-13.482624237141733],[-72.98098954475326,-13.481720564286928],[-72.98191293985883,-13.481727989669313],[-72.98190535387785,-13.482631663039987],[-72.98098195530697,-13.482624237141733]]]}},{"type":"Feature","properties":{"Cell_ID":136,"Area_ha":1.0,"LC":"6:0.838594,9:0.161406","XMIN":718454.86160847,"YMIN":8508493.59738907,"XMAX":718554.86160847,"YMAX":8508593.59738907},"geometry":{"type":"Polygon","coordinates":[[[-72.9809743653044,-13.483527909927426],[-72.98098195530697,-13.482624237141733],[-72.98190535387785,-13.482631663039987],[-72.98189776734081,-13.483535336341554],[-72.9809743653044,-13.483527909927426]]]}},{"type":"Feature","properties":{"Cell_ID":137,"Area_ha":1.0,"LC":"3:0.917624,6:0.082376","XMIN":718454.86160847,"YMIN":8508393.59738907,"XMAX":718554.86160847,"YMAX":8508493.59738907},"geometry":{"type":"Polygon","coordinates":[[[-72.98096677474548,-13.484431582644001],[-72.9809743653044,-13.483527909927426],[-72.98189776734081,-13.483535336341554],[-72.98189018024769,-13.484439009574],[-72.98096677474548,-13.484431582644001]]]}},{"type":"Feature","properties":{"Cell_ID":138,"Area_ha":1.0,"LC":"3:0.756410,6:0.243590","XMIN":718454.86160847,"YMIN":8508293.59738907,"XMAX":718554.86160847,"YMAX":8508393.59738907},"geometry":{"type":"Polygon","coordinates":[[[-72.98095918363025,-13.485335255291448],[-72.98096677474548,-13.484431582644001],[-72.98189018024769,-13.484439009574],[-72.98188259259851,-13.485342682737327],[-72.98095918363025,-13.485335255291448]]]}},{"type":"Feature","properties":{"Cell_ID":139,"Area_ha":1.0,"LC":"3:0.680149,6:0.319851","XMIN":718454.86160847,"YMIN":8508193.59738907,"XMAX":718554.86160847,"YMAX":8508293.59738907},"geometry":{"type":"Polygon","coordinates":[[[-72.98095159195866,-13.486238927869765],[-72.98095918363025,-13.485335255291448],[-72.98188259259851,-13.485342682737327],[-72.98187500439322,-13.486246355831524],[-72.98095159195866,-13.486238927869765]]]}},{"type":"Feature","properties":{"Cell_ID":140,"Area_ha":1.0,"LC":"3:0.441377,6:0.516973,9:0.041651","XMIN":718454.86160847,"YMIN":8508093.59738907,"XMAX":718554.86160847,"YMAX":8508193.59738907},"geometry":{"type":"Polygon","coordinates":[[[-72.9809439997307,-13.487142600378947],[-72.98095159195866,-13.486238927869765],[-72.98187500439322,-13.486246355831524],[-72.98186741563184,-13.487150028856595],[-72.9809439997307,-13.487142600378947]]]}},{"type":"Feature","properties":{"Cell_ID":141,"Area_ha":1.0,"LC":"3:0.520000,6:0.394871,9:0.085129","XMIN":718454.86160847,"YMIN":8507993.59738907,"XMAX":718554.86160847,"YMAX":8508093.59738907},"geometry":{"type":"Polygon","coordinates":[[[-72.9809364069464,-13.488046272818996],[-72.9809439997307,-13.487142600378947],[-72.98186741563184,-13.487150028856595],[-72.98185982631433,-13.488053701812534],[-72.9809364069464,-13.488046272818996]]]}},{"type":"Feature","properties":{"Cell_ID":142,"Area_ha":1.0,"LC":"3:0.636817,6:0.363176,9:0.000007","XMIN":718454.86160847,"YMIN":8507893.59738907,"XMAX":718554.86160847,"YMAX":8507993.59738907},"geometry":{"type":"Polygon","coordinates":[[[-72.98092881360571,-13.488949945189907],[-72.9809364069464,-13.488046272818996],[-72.98185982631433,-13.488053701812534],[-72.98185223644073,-13.488957374699336],[-72.98092881360571,-13.488949945189907]]]}},{"type":"Feature","properties":{"Cell_ID":143,"Area_ha":1.0,"LC":"3:0.319993,6:0.680007","XMIN":718454.86160847,"YMIN":8507793.59738907,"XMAX":718554.86160847,"YMAX":8507893.59738907},"geometry":{"type":"Polygon","coordinates":[[[-72.98092121970865,-13.48985361749166],[-72.98092881360571,-13.488949945189907],[-72.98185223644073,-13.488957374699336],[-72.98184464601098,-13.48986104751699],[-72.98092121970865,-13.48985361749166]]]}},{"type":"Feature","properties":{"Cell_ID":144,"Area_ha":1.0,"LC":"3:0.239600,6:0.760400","XMIN":718454.86160847,"YMIN":8507693.59738907,"XMAX":718554.86160847,"YMAX":8507793.59738907},"geometry":{"type":"Polygon","coordinates":[[[-72.9809136252552,-13.490757289724273],[-72.98092121970865,-13.48985361749166],[-72.98184464601098,-13.48986104751699],[-72.98183705502511,-13.490764720265503],[-72.9809136252552,-13.490757289724273]]]}},{"type":"Feature","properties":{"Cell_ID":145,"Area_ha":1.0,"LC":"3:0.039305,6:0.405972,14:0.554723","XMIN":718454.86160847,"YMIN":8507593.59738907,"XMAX":718554.86160847,"YMAX":8507693.59738907},"geometry":{"type":"Polygon","coordinates":[[[-72.98090603024534,-13.491660961887726],[-72.9809136252552,-13.490757289724273],[-72.98183705502511,-13.490764720265503],[-72.98182946348308,-13.491668392944861],[-72.98090603024534,-13.491660961887726]]]}},{"type":"Feature","properties":{"Cell_ID":146,"Area_ha":1.0,"LC":"5:0.003878,6:0.000969,14:0.995153","XMIN":718454.86160847,"YMIN":8507493.59738907,"XMAX":718554.86160847,"YMAX":8507593.59738907},"geometry":{"type":"Polygon","coordinates":[[[-72.98089843467906,-13.492564633982022],[-72.98090603024534,-13.491660961887726],[-72.98182946348308,-13.491668392944861],[-72.9818218713849,-13.492572065555064],[-72.98089843467906,-13.492564633982022]]]}},{"type":"Feature","properties":{"Cell_ID":147,"Area_ha":1.0,"LC":"6:0.004847,14:0.995153","XMIN":718454.86160847,"YMIN":8507393.59738907,"XMAX":718554.86160847,"YMAX":8507493.59738907},"geometry":{"type":"Polygon","coordinates":[[[-72.98089083855636,-13.493468306007156],[-72.98089843467906,-13.492564633982022],[-72.9818218713849,-13.492572065555064],[-72.98181427873051,-13.493475738096107],[-72.98089083855636,-13.493468306007156]]]}},{"type":"Feature","properties":{"Cell_ID":148,"Area_ha":1.0,"LC":"5:0.276685,13:0.723315","XMIN":718554.86160847,"YMIN":8509393.59738907,"XMAX":718654.86160847,"YMAX":8509493.59738907},"geometry":{"type":"Polygon","coordinates":[[[-72.98011928500179,-13.475387427207243],[-72.98012687346117,-13.474483754315738],[-72.98105024029732,-13.474491178960818],[-72.98104265530121,-13.475394852368398],[-72.98011928500179,-13.475387427207243]]]}},{"type":"Feature","properties":{"Cell_ID":149,"Area_ha":1.0,"LC":"13:1.000000","XMIN":718554.86160847,"YMIN":8509293.59738907,"XMAX":718654.86160847,"YMAX":8509393.59738907},"geometry":{"type":"Polygon","coordinates":[[[-72.98011169598594,-13.476291100029664],[-72.98011928500179,-13.475387427207243],[-72.98104265530121,-13.475394852368398],[-72.98103506974886,-13.476298525706895],[-72.98011169598594,-13.476291100029664]]]}},{"type":"Feature","properties":{"Cell_ID":150,"Area_ha":1.0,"LC":"9:0.357780,13:0.642220","XMIN":718554.86160847,"YMIN":8509193.59738907,"XMAX":718654.86160847,"YMAX":8509293.59738907},"geometry":{"type":"Polygon","coordinates":[[[-72.98010410641359,-13.477194772782996],[-72.98011169598594,-13.476291100029664],[-72.98103506974886,-13.476298525706895],[-72.98102748364026,-13.477202198976306],[-72.98010410641359,-13.477194772782996]]]}},{"type":"Feature","properties":{"Cell_ID":151,"Area_ha":1.0,"LC":"9:0.000281,13:0.999719","XMIN":718554.86160847,"YMIN":8509093.59738907,"XMAX":718654.86160847,"YMAX":8509193.59738907},"geometry":{"type":"Polygon","coordinates":[[[-72.98009651628472,-13.47809844546723],[-72.98010410641359,-13.477194772782996],[-72.98102748364026,-13.477202198976306],[-72.98101989697541,-13.478105872176625],[-72.98009651628472,-13.47809844546723]]]}},{"type":"Feature","properties":{"Cell_ID":152,"Area_ha":1.0,"LC":"13:1.000000","XMIN":718554.86160847,"YMIN":8508993.59738907,"XMAX":718654.86160847,"YMAX":8509093.59738907},"geometry":{"type":"Polygon","coordinates":[[[-72.98008892559935,-13.47900211808237],[-72.98009651628472,-13.47809844546723],[-72.98101989697541,-13.478105872176625],[-72.98101230975429,-13.47900954530785],[-72.98008892559935,-13.47900211808237]]]}},{"type":"Feature","properties":{"Cell_ID":153,"Area_ha":1.0,"LC":"9:0.121651,13:0.441406,14:0.436943","XMIN":718554.86160847,"YMIN":8508893.59738907,"XMAX":718654.86160847,"YMAX":8508993.59738907},"geometry":{"type":"Polygon","coordinates":[[[-72.98008133435744,-13.479905790628406],[-72.98008892559935,-13.47900211808237],[-72.98101230975429,-13.47900954530785],[-72.9810047219769,-13.479913218369981],[-72.98008133435744,-13.479905790628406]]]}},{"type":"Feature","properties":{"Cell_ID":154,"Area_ha":1.0,"LC":"9:0.524004,13:0.116817,14:0.359179","XMIN":718554.86160847,"YMIN":8508793.59738907,"XMAX":718654.86160847,"YMAX":8508893.59738907},"geometry":{"type":"Polygon","coordinates":[[[-72.98007374255899,-13.480809463105338],[-72.98008133435744,-13.479905790628406],[-72.9810047219769,-13.479913218369981],[-72.98099713364323,-13.480816891363009],[-72.98007374255899,-13.480809463105338]]]}},{"type":"Feature","properties":{"Cell_ID":155,"Area_ha":1.0,"LC":"9:0.443196,13:0.078335,14:0.478468","XMIN":718554.86160847,"YMIN":8508693.59738907,"XMAX":718654.86160847,"YMAX":8508793.59738907},"geometry":{"type":"Polygon","coordinates":[[[-72.98006615020398,-13.481713135513157],[-72.98007374255899,-13.480809463105338],[-72.98099713364323,-13.480816891363009],[-72.98098954475326,-13.481720564286928],[-72.98006615020398,-13.481713135513157]]]}},{"type":"Feature","properties":{"Cell_ID":156,"Area_ha":1.0,"LC":"6:0.238187,9:0.721251,14:0.040562","XMIN":718554.86160847,"YMIN":8508593.59738907,"XMAX":718654.86160847,"YMAX":8508693.59738907},"geometry":{"type":"Polygon","coordinates":[[[-72.98005855729242,-13.482616807851862],[-72.98006615020398,-13.481713135513157],[-72.98098954475326,-13.481720564286928],[-72.98098195530697,-13.482624237141733],[-72.98005855729242,-13.482616807851862]]]}},{"type":"Feature","properties":{"Cell_ID":157,"Area_ha":1.0,"LC":"3:0.482753,6:0.397654,9:0.119593","XMIN":718554.86160847,"YMIN":8508493.59738907,"XMAX":718654.86160847,"YMAX":8508593.59738907},"geometry":{"type":"Polygon","coordinates":[[[-72.98005096382431,-13.483520480121449],[-72.98005855729242,-13.482616807851862],[-72.98098195530697,-13.482624237141733],[-72.9809743653044,-13.483527909927426],[-72.98005096382431,-13.483520480121449]]]}},{"type":"Feature","properties":{"Cell_ID":158,"Area_ha":1.0,"LC":"3:0.960688,6:0.039312","XMIN":718554.86160847,"YMIN":8508393.59738907,"XMAX":718654.86160847,"YMAX":8508493.59738907},"geometry":{"type":"Polygon","coordinates":[[[-72.98004336979962,-13.484424152321907],[-72.98005096382431,-13.483520480121449],[-72.9809743653044,-13.483527909927426],[-72.98096677474548,-13.484431582644001],[-72.98004336979962,-13.484424152321907]]]}},{"type":"Feature","properties":{"Cell_ID":159,"Area_ha":1.0,"LC":"3:0.603345,6:0.396655","XMIN":718554.86160847,"YMIN":8508293.59738907,"XMAX":718654.86160847,"YMAX":8508393.59738907},"geometry":{"type":"Polygon","coordinates":[[[-72.98003577521833,-13.485327824453242],[-72.98004336979962,-13.484424152321907],[-72.98096677474548,-13.484431582644001],[-72.98095918363025,-13.485335255291448],[-72.98003577521833,-13.485327824453242]]]}},{"type":"Feature","properties":{"Cell_ID":160,"Area_ha":1.0,"LC":"3:0.720126,6:0.278912,9:0.000963","XMIN":718554.86160847,"YMIN":8508193.59738907,"XMAX":718654.86160847,"YMAX":8508293.59738907},"geometry":{"type":"Polygon","coordinates":[[[-72.98002818008044,-13.48623149651544],[-72.98003577521833,-13.485327824453242],[-72.98095918363025,-13.485335255291448],[-72.98095159195866,-13.486238927869765],[-72.98002818008044,-13.48623149651544]]]}},{"type":"Feature","properties":{"Cell_ID":161,"Area_ha":1.0,"LC":"3:0.238905,6:0.279586,9:0.481509","XMIN":718554.86160847,"YMIN":8508093.59738907,"XMAX":718654.86160847,"YMAX":8508193.59738907},"geometry":{"type":"Polygon","coordinates":[[[-72.98002058438594,-13.487135168508507],[-72.98002818008044,-13.48623149651544],[-72.98095159195866,-13.486238927869765],[-72.9809439997307,-13.487142600378947],[-72.98002058438594,-13.487135168508507]]]}},{"type":"Feature","properties":{"Cell_ID":162,"Area_ha":1.0,"LC":"9:0.959319,13:0.040681","XMIN":718554.86160847,"YMIN":8507993.59738907,"XMAX":718654.86160847,"YMAX":8508093.59738907},"geometry":{"type":"Polygon","coordinates":[[[-72.98001298813483,-13.488038840432429],[-72.98002058438594,-13.487135168508507],[-72.9809439997307,-13.487142600378947],[-72.9809364069464,-13.488046272818996],[-72.98001298813483,-13.488038840432429]]]}},{"type":"Feature","properties":{"Cell_ID":163,"Area_ha":1.0,"LC":"6:0.634035,9:0.285959,13:0.080007","XMIN":718554.86160847,"YMIN":8507893.59738907,"XMAX":718654.86160847,"YMAX":8507993.59738907},"geometry":{"type":"Polygon","coordinates":[[[-72.98000539132708,-13.488942512287203],[-72.98001298813483,-13.488038840432429],[-72.9809364069464,-13.488046272818996],[-72.98092881360571,-13.488949945189907],[-72.98000539132708,-13.488942512287203]]]}},{"type":"Feature","properties":{"Cell_ID":164,"Area_ha":1.0,"LC":"6:0.876804,9:0.000007,13:0.123190","XMIN":718554.86160847,"YMIN":8507793.59738907,"XMAX":718654.86160847,"YMAX":8507893.59738907},"geometry":{"type":"Polygon","coordinates":[[[-72.97999779396271,-13.48984618407283],[-72.98000539132708,-13.488942512287203],[-72.98092881360571,-13.488949945189907],[-72.98092121970865,-13.48985361749166],[-72.97999779396271,-13.48984618407283]]]}},{"type":"Feature","properties":{"Cell_ID":165,"Area_ha":1.0,"LC":"3:0.039031,6:0.960969","XMIN":718554.86160847,"YMIN":8507693.59738907,"XMAX":718654.86160847,"YMAX":8507793.59738907},"geometry":{"type":"Polygon","coordinates":[[[-72.97999019604168,-13.490749855789304],[-72.97999779396271,-13.48984618407283],[-72.98092121970865,-13.48985361749166],[-72.9809136252552,-13.490757289724273],[-72.97999019604168,-13.490749855789304]]]}},{"type":"Feature","properties":{"Cell_ID":166,"Area_ha":1.0,"LC":"6:1.000000","XMIN":718554.86160847,"YMIN":8507593.59738907,"XMAX":718654.86160847,"YMAX":8507693.59738907},"geometry":{"type":"Polygon","coordinates":[[[-72.979982597564,-13.491653527436616],[-72.97999019604168,-13.490749855789304],[-72.9809136252552,-13.490757289724273],[-72.98090603024534,-13.491660961887726],[-72.979982597564,-13.491653527436616]]]}},{"type":"Feature","properties":{"Cell_ID":167,"Area_ha":1.0,"LC":"5:0.516122,6:0.483878","XMIN":718554.86160847,"YMIN":8507493.59738907,"XMAX":718654.86160847,"YMAX":8507593.59738907},"geometry":{"type":"Polygon","coordinates":[[[-72.97997499852964,-13.492557199014769],[-72.979982597564,-13.491653527436616],[-72.98090603024534,-13.491660961887726],[-72.98089843467906,-13.492564633982022],[-72.97997499852964,-13.492557199014769]]]}},{"type":"Feature","properties":{"Cell_ID":168,"Area_ha":1.0,"LC":"6:1.000000","XMIN":718554.86160847,"YMIN":8507393.59738907,"XMAX":718654.86160847,"YMAX":8507493.59738907},"geometry":{"type":"Polygon","coordinates":[[[-72.97996739893863,-13.493460870523752],[-72.97997499852964,-13.492557199014769],[-72.98089843467906,-13.492564633982022],[-72.98089083855636,-13.493468306007156],[-72.97996739893863,-13.493460870523752]]]}},{"type":"Feature","properties":{"Cell_ID":169,"Area_ha":1.0,"LC":"5:0.361251,13:0.638749","XMIN":718654.86160847,"YMIN":8509393.59738907,"XMAX":718754.86160847,"YMAX":8509493.59738907},"geometry":{"type":"Polygon","coordinates":[[[-72.97919591525887,-13.475379998656367],[-72.97920350718148,-13.47447632628117],[-72.98012687346117,-13.474483754315738],[-72.98011928500179,-13.475387427207243],[-72.97919591525887,-13.475379998656367]]]}},{"type":"Feature","properties":{"Cell_ID":170,"Area_ha":1.0,"LC":"5:0.123064,13:0.876936","XMIN":718654.86160847,"YMIN":8509293.59738907,"XMAX":718754.86160847,"YMAX":8509393.59738907},"geometry":{"type":"Polygon","coordinates":[[[-72.97918832277954,-13.476283670962472],[-72.97919591525887,-13.475379998656367],[-72.98011928500179,-13.475387427207243],[-72.98011169598594,-13.476291100029664],[-72.97918832277954,-13.476283670962472]]]}},{"type":"Feature","properties":{"Cell_ID":171,"Area_ha":1.0,"LC":"13:1.000000","XMIN":718654.86160847,"YMIN":8509193.59738907,"XMAX":718754.86160847,"YMAX":8509293.59738907},"geometry":{"type":"Polygon","coordinates":[[[-72.97918072974342,-13.477187343199489],[-72.97918832277954,-13.476283670962472],[-72.98011169598594,-13.476291100029664],[-72.98010410641359,-13.477194772782996],[-72.97918072974342,-13.477187343199489]]]}},{"type":"Feature","properties":{"Cell_ID":172,"Area_ha":1.0,"LC":"13:1.000000","XMIN":718654.86160847,"YMIN":8509093.59738907,"XMAX":718754.86160847,"YMAX":8509193.59738907},"geometry":{"type":"Polygon","coordinates":[[[-72.97917313615055,-13.478091015367403],[-72.97918072974342,-13.477187343199489],[-72.98010410641359,-13.477194772782996],[-72.98009651628472,-13.47809844546723],[-72.97917313615055,-13.478091015367403]]]}},{"type":"Feature","properties":{"Cell_ID":173,"Area_ha":1.0,"LC":"13:1.000000","XMIN":718654.86160847,"YMIN":8508993.59738907,"XMAX":718754.86160847,"YMAX":8509093.59738907},"geometry":{"type":"Polygon","coordinates":[[[-72.97916554200091,-13.478994687466217],[-72.97917313615055,-13.478091015367403],[-72.98009651628472,-13.47809844546723],[-72.98008892559935,-13.47900211808237],[-72.97916554200091,-13.478994687466217]]]}},{"type":"Feature","properties":{"Cell_ID":174,"Area_ha":1.0,"LC":"9:0.077787,13:0.922213","XMIN":718654.86160847,"YMIN":8508893.59738907,"XMAX":718754.86160847,"YMAX":8508993.59738907},"geometry":{"type":"Polygon","coordinates":[[[-72.9791579472945,-13.479898359495929],[-72.97916554200091,-13.478994687466217],[-72.98008892559935,-13.47900211808237],[-72.98008133435744,-13.479905790628406],[-72.9791579472945,-13.479898359495929]]]}},{"type":"Feature","properties":{"Cell_ID":175,"Area_ha":1.0,"LC":"9:0.394871,13:0.605129","XMIN":718654.86160847,"YMIN":8508793.59738907,"XMAX":718754.86160847,"YMAX":8508893.59738907},"geometry":{"type":"Polygon","coordinates":[[[-72.97915035203128,-13.480802031456529],[-72.9791579472945,-13.479898359495929],[-72.98008133435744,-13.479905790628406],[-72.98007374255899,-13.480809463105338],[-72.97915035203128,-13.480802031456529]]]}},{"type":"Feature","properties":{"Cell_ID":176,"Area_ha":1.0,"LC":"9:0.554590,13:0.445410","XMIN":718654.86160847,"YMIN":8508693.59738907,"XMAX":718754.86160847,"YMAX":8508793.59738907},"geometry":{"type":"Polygon","coordinates":[[[-72.97914275621127,-13.48170570334801],[-72.97915035203128,-13.480802031456529],[-72.98007374255899,-13.480809463105338],[-72.98006615020398,-13.481713135513157],[-72.97914275621127,-13.48170570334801]]]}},{"type":"Feature","properties":{"Cell_ID":177,"Area_ha":1.0,"LC":"6:0.159838,9:0.355996,13:0.484166","XMIN":718654.86160847,"YMIN":8508593.59738907,"XMAX":718754.86160847,"YMAX":8508693.59738907},"geometry":{"type":"Polygon","coordinates":[[[-72.97913515983446,-13.482609375170377],[-72.97914275621127,-13.48170570334801],[-72.98006615020398,-13.481713135513157],[-72.98005855729242,-13.482616807851862],[-72.97913515983446,-13.482609375170377]]]}},{"type":"Feature","properties":{"Cell_ID":178,"Area_ha":1.0,"LC":"3:0.236122,6:0.763604,9:0.000274","XMIN":718654.86160847,"YMIN":8508493.59738907,"XMAX":718754.86160847,"YMAX":8508593.59738907},"geometry":{"type":"Polygon","coordinates":[[[-72.9791275629008,-13.483513046923624],[-72.97913515983446,-13.482609375170377],[-72.98005855729242,-13.482616807851862],[-72.98005096382431,-13.483520480121449],[-72.9791275629008,-13.483513046923624]]]}},{"type":"Feature","properties":{"Cell_ID":179,"Area_ha":1.0,"LC":"3:0.594316,6:0.405684","XMIN":718654.86160847,"YMIN":8508393.59738907,"XMAX":718754.86160847,"YMAX":8508493.59738907},"geometry":{"type":"Polygon","coordinates":[[[-72.97911996541032,-13.484416718607735],[-72.9791275629008,-13.483513046923624],[-72.98005096382431,-13.483520480121449],[-72.98004336979962,-13.484424152321907],[-72.97911996541032,-13.484416718607735]]]}},{"type":"Feature","properties":{"Cell_ID":180,"Area_ha":1.0,"LC":"3:0.197928,6:0.802072","XMIN":718654.86160847,"YMIN":8508293.59738907,"XMAX":718754.86160847,"YMAX":8508393.59738907},"geometry":{"type":"Polygon","coordinates":[[[-72.979112367363,-13.485320390222718],[-72.97911996541032,-13.484416718607735],[-72.98004336979962,-13.484424152321907],[-72.98003577521833,-13.485327824453242],[-72.979112367363,-13.485320390222718]]]}},{"type":"Feature","properties":{"Cell_ID":181,"Area_ha":1.0,"LC":"3:0.236122,6:0.364315,9:0.358882,13:0.040681","XMIN":718654.86160847,"YMIN":8508193.59738907,"XMAX":718754.86160847,"YMAX":8508293.59738907},"geometry":{"type":"Polygon","coordinates":[[[-72.97910476875883,-13.486224061768567],[-72.979112367363,-13.485320390222718],[-72.98003577521833,-13.485327824453242],[-72.98002818008044,-13.48623149651544],[-72.97910476875883,-13.486224061768567]]]}},{"type":"Feature","properties":{"Cell_ID":182,"Area_ha":1.0,"LC":"9:0.275715,13:0.724285","XMIN":718654.86160847,"YMIN":8508093.59738907,"XMAX":718754.86160847,"YMAX":8508193.59738907},"geometry":{"type":"Polygon","coordinates":[[[-72.9790971695978,-13.487127733245272],[-72.97910476875883,-13.486224061768567],[-72.98002818008044,-13.48623149651544],[-72.98002058438594,-13.487135168508507],[-72.9790971695978,-13.487127733245272]]]}},{"type":"Feature","properties":{"Cell_ID":183,"Area_ha":1.0,"LC":"9:0.718617,13:0.281383","XMIN":718654.86160847,"YMIN":8507993.59738907,"XMAX":718754.86160847,"YMAX":8508093.59738907},"geometry":{"type":"Polygon","coordinates":[[[-72.97908956987987,-13.488031404652833],[-72.9790971695978,-13.487127733245272],[-72.98002058438594,-13.487135168508507],[-72.98001298813483,-13.488038840432429],[-72.97908956987987,-13.488031404652833]]]}},{"type":"Feature","properties":{"Cell_ID":184,"Area_ha":1.0,"LC":"9:0.917624,13:0.082376","XMIN":718654.86160847,"YMIN":8507893.59738907,"XMAX":718754.86160847,"YMAX":8507993.59738907},"geometry":{"type":"Polygon","coordinates":[[[-72.97908196960509,-13.488935075991247],[-72.97908956987987,-13.488031404652833],[-72.98001298813483,-13.488038840432429],[-72.98000539132708,-13.488942512287203],[-72.97908196960509,-13.488935075991247]]]}},{"type":"Feature","properties":{"Cell_ID":185,"Area_ha":1.0,"LC":"5:0.242058,6:0.157505,9:0.283345,13:0.317092","XMIN":718654.86160847,"YMIN":8507793.59738907,"XMAX":718754.86160847,"YMAX":8507893.59738907},"geometry":{"type":"Polygon","coordinates":[[[-72.97907436877341,-13.489838747260501],[-72.97908196960509,-13.488935075991247],[-72.98000539132708,-13.488942512287203],[-72.97999779396271,-13.48984618407283],[-72.97907436877341,-13.489838747260501]]]}},{"type":"Feature","properties":{"Cell_ID":186,"Area_ha":1.0,"LC":"5:0.043759,6:0.956241","XMIN":718654.86160847,"YMIN":8507693.59738907,"XMAX":718754.86160847,"YMAX":8507793.59738907},"geometry":{"type":"Polygon","coordinates":[[[-72.97906676738484,-13.490742418460604],[-72.97907436877341,-13.489838747260501],[-72.97999779396271,-13.48984618407283],[-72.97999019604168,-13.490749855789304],[-72.97906676738484,-13.490742418460604]]]}},{"type":"Feature","properties":{"Cell_ID":187,"Area_ha":1.0,"LC":"6:1.000000","XMIN":718654.86160847,"YMIN":8507593.59738907,"XMAX":718754.86160847,"YMAX":8507693.59738907},"geometry":{"type":"Polygon","coordinates":[[[-72.97905916543934,-13.491646089591544],[-72.97906676738484,-13.490742418460604],[-72.97999019604168,-13.490749855789304],[-72.979982597564,-13.491653527436616],[-72.97905916543934,-13.491646089591544]]]}},{"type":"Feature","properties":{"Cell_ID":188,"Area_ha":1.0,"LC":"5:0.081651,6:0.918349","XMIN":718654.86160847,"YMIN":8507493.59738907,"XMAX":718754.86160847,"YMAX":8507593.59738907},"geometry":{"type":"Polygon","coordinates":[[[-72.97905156293692,-13.492549760653315],[-72.97905916543934,-13.491646089591544],[-72.979982597564,-13.491653527436616],[-72.97997499852964,-13.492557199014769],[-72.97905156293692,-13.492549760653315]]]}},{"type":"Feature","properties":{"Cell_ID":189,"Area_ha":1.0,"LC":"5:0.159851,9:0.201665,13:0.638484","XMIN":718754.86160847,"YMIN":8509493.59738907,"XMAX":718854.86160847,"YMAX":8509593.59738907},"geometry":{"type":"Polygon","coordinates":[[[-72.97828014145854,-13.474468894857118],[-72.97828773628738,-13.473565222929382],[-72.97921109854737,-13.47357265383689],[-72.97920350718148,-13.47447632628117],[-72.97828014145854,-13.474468894857118]]]}},{"type":"Feature","properties":{"Cell_ID":190,"Area_ha":1.0,"LC":"5:0.401799,9:0.000281,13:0.597919","XMIN":718754.86160847,"YMIN":8509393.59738907,"XMAX":718854.86160847,"YMAX":8509493.59738907},"geometry":{"type":"Polygon","coordinates":[[[-72.97827254607269,-13.475372566715771],[-72.97828014145854,-13.474468894857118],[-72.97920350718148,-13.47447632628117],[-72.97919591525887,-13.475379998656367],[-72.97827254607269,-13.475372566715771]]]}},{"type":"Feature","properties":{"Cell_ID":191,"Area_ha":1.0,"LC":"5:0.281251,13:0.718749","XMIN":718754.86160847,"YMIN":8509293.59738907,"XMAX":718854.86160847,"YMAX":8509393.59738907},"geometry":{"type":"Polygon","coordinates":[[[-72.97826495012986,-13.476276238505331],[-72.97827254607269,-13.475372566715771],[-72.97919591525887,-13.475379998656367],[-72.97918832277954,-13.476283670962472],[-72.97826495012986,-13.476276238505331]]]}},{"type":"Feature","properties":{"Cell_ID":192,"Area_ha":1.0,"LC":"5:0.204285,13:0.795715","XMIN":718754.86160847,"YMIN":8509193.59738907,"XMAX":718854.86160847,"YMAX":8509293.59738907},"geometry":{"type":"Polygon","coordinates":[[[-72.97825735363001,-13.477179910225795],[-72.97826495012986,-13.476276238505331],[-72.97918832277954,-13.476283670962472],[-72.97918072974342,-13.477187343199489],[-72.97825735363001,-13.477179910225795]]]}},{"type":"Feature","properties":{"Cell_ID":193,"Area_ha":1.0,"LC":"5:0.241539,13:0.758461","XMIN":718754.86160847,"YMIN":8509093.59738907,"XMAX":718854.86160847,"YMAX":8509193.59738907},"geometry":{"type":"Polygon","coordinates":[[[-72.97824975657316,-13.478083581877154],[-72.97825735363001,-13.477179910225795],[-72.97918072974342,-13.477187343199489],[-72.97917313615055,-13.478091015367403],[-72.97824975657316,-13.478083581877154]]]}},{"type":"Feature","properties":{"Cell_ID":194,"Area_ha":1.0,"LC":"13:1.000000","XMIN":718754.86160847,"YMIN":8508993.59738907,"XMAX":718854.86160847,"YMAX":8509093.59738907},"geometry":{"type":"Polygon","coordinates":[[[-72.97824215895929,-13.478987253459408],[-72.97824975657316,-13.478083581877154],[-72.97917313615055,-13.478091015367403],[-72.97916554200091,-13.478994687466217],[-72.97824215895929,-13.478987253459408]]]}},{"type":"Feature","properties":{"Cell_ID":195,"Area_ha":1.0,"LC":"13:1.000000","XMIN":718754.86160847,"YMIN":8508893.59738907,"XMAX":718854.86160847,"YMAX":8508993.59738907},"geometry":{"type":"Polygon","coordinates":[[[-72.97823456078835,-13.479890924972553],[-72.97824215895929,-13.478987253459408],[-72.97916554200091,-13.478994687466217],[-72.9791579472945,-13.479898359495929],[-72.97823456078835,-13.479890924972553]]]}},{"type":"Feature","properties":{"Cell_ID":196,"Area_ha":1.0,"LC":"13:1.000000","XMIN":718754.86160847,"YMIN":8508793.59738907,"XMAX":718854.86160847,"YMAX":8508893.59738907},"geometry":{"type":"Polygon","coordinates":[[[-72.9782269620604,-13.48079459641659],[-72.97823456078835,-13.479890924972553],[-72.9791579472945,-13.479898359495929],[-72.97915035203128,-13.480802031456529],[-72.9782269620604,-13.48079459641659]]]}},{"type":"Feature","properties":{"Cell_ID":197,"Area_ha":1.0,"LC":"9:0.082908,13:0.917092","XMIN":718754.86160847,"YMIN":8508693.59738907,"XMAX":718854.86160847,"YMAX":8508793.59738907},"geometry":{"type":"Polygon","coordinates":[[[-72.97821936277538,-13.4816982677915],[-72.9782269620604,-13.48079459641659],[-72.97915035203128,-13.480802031456529],[-72.97914275621127,-13.48170570334801],[-72.97821936277538,-13.4816982677915]]]}},{"type":"Feature","properties":{"Cell_ID":198,"Area_ha":1.0,"LC":"6:0.197631,9:0.123871,13:0.678498","XMIN":718754.86160847,"YMIN":8508593.59738907,"XMAX":718854.86160847,"YMAX":8508693.59738907},"geometry":{"type":"Polygon","coordinates":[[[-72.9782117629333,-13.482601939097293],[-72.97821936277538,-13.4816982677915],[-72.97914275621127,-13.48170570334801],[-72.97913515983446,-13.482609375170377],[-72.9782117629333,-13.482601939097293]]]}},{"type":"Feature","properties":{"Cell_ID":199,"Area_ha":1.0,"LC":"6:0.999993,9:0.000007","XMIN":718754.86160847,"YMIN":8508493.59738907,"XMAX":718854.86160847,"YMAX":8508593.59738907},"geometry":{"type":"Polygon","coordinates":[[[-72.97820416253413,-13.48350561033396],[-72.9782117629333,-13.482601939097293],[-72.97913515983446,-13.482609375170377],[-72.9791275629008,-13.483513046923624],[-72.97820416253413,-13.48350561033396]]]}},{"type":"Feature","properties":{"Cell_ID":200,"Area_ha":1.0,"LC":"5:0.000969,6:0.436284,9:0.562746","XMIN":718754.86160847,"YMIN":8508393.59738907,"XMAX":718854.86160847,"YMAX":8508493.59738907},"geometry":{"type":"Polygon","coordinates":[[[-72.97819656157787,-13.484409281501494],[-72.97820416253413,-13.48350561033396],[-72.9791275629008,-13.483513046923624],[-72.97911996541032,-13.484416718607735],[-72.97819656157787,-13.484409281501494]]]}},{"type":"Feature","properties":{"Cell_ID":201,"Area_ha":1.0,"LC":"6:0.517092,9:0.001132,13:0.481777","XMIN":718754.86160847,"YMIN":8508293.59738907,"XMAX":718854.86160847,"YMAX":8508393.59738907},"geometry":{"type":"Polygon","coordinates":[[[-72.97818896006454,-13.485312952599891],[-72.97819656157787,-13.484409281501494],[-72.97911996541032,-13.484416718607735],[-72.979112367363,-13.485320390222718],[-72.97818896006454,-13.485312952599891]]]}},{"type":"Feature","properties":{"Cell_ID":202,"Area_ha":1.0,"LC":"6:0.237366,9:0.079031,13:0.683604","XMIN":718754.86160847,"YMIN":8508193.59738907,"XMAX":718854.86160847,"YMAX":8508293.59738907},"geometry":{"type":"Polygon","coordinates":[[[-72.97818135799409,-13.486216623629149],[-72.97818896006454,-13.485312952599891],[-72.979112367363,-13.485320390222718],[-72.97910476875883,-13.486224061768567],[-72.97818135799409,-13.486216623629149]]]}},{"type":"Feature","properties":{"Cell_ID":203,"Area_ha":1.0,"LC":"13:1.000000","XMIN":718754.86160847,"YMIN":8508093.59738907,"XMAX":718854.86160847,"YMAX":8508193.59738907},"geometry":{"type":"Polygon","coordinates":[[[-72.97817375536651,-13.48712029458926],[-72.97818135799409,-13.486216623629149],[-72.97910476875883,-13.486224061768567],[-72.9790971695978,-13.487127733245272],[-72.97817375536651,-13.48712029458926]]]}},{"type":"Feature","properties":{"Cell_ID":204,"Area_ha":1.0,"LC":"9:0.317499,13:0.682501","XMIN":718754.86160847,"YMIN":8507993.59738907,"XMAX":718854.86160847,"YMAX":8508093.59738907},"geometry":{"type":"Polygon","coordinates":[[[-72.97816615218183,-13.488023965480224],[-72.97817375536651,-13.48712029458926],[-72.9790971695978,-13.487127733245272],[-72.97908956987987,-13.488031404652833],[-72.97816615218183,-13.488023965480224]]]}},{"type":"Feature","properties":{"Cell_ID":205,"Area_ha":1.0,"LC":"9:0.839156,13:0.160844","XMIN":718754.86160847,"YMIN":8507893.59738907,"XMAX":718854.86160847,"YMAX":8507993.59738907},"geometry":{"type":"Polygon","coordinates":[[[-72.97815854843999,-13.488927636302037],[-72.97816615218183,-13.488023965480224],[-72.97908956987987,-13.488031404652833],[-72.97908196960509,-13.488935075991247],[-72.97815854843999,-13.488927636302037]]]}},{"type":"Feature","properties":{"Cell_ID":206,"Area_ha":1.0,"LC":"5:0.236536,9:0.522376,13:0.241088","XMIN":718754.86160847,"YMIN":8507793.59738907,"XMAX":718854.86160847,"YMAX":8507893.59738907},"geometry":{"type":"Polygon","coordinates":[[[-72.97815094414102,-13.489831307054688],[-72.97815854843999,-13.488927636302037],[-72.97908196960509,-13.488935075991247],[-72.97907436877341,-13.489838747260501],[-72.97815094414102,-13.489831307054688]]]}},{"type":"Feature","properties":{"Cell_ID":207,"Area_ha":1.0,"LC":"5:0.237647,6:0.398594,9:0.362908,13:0.000850","XMIN":718754.86160847,"YMIN":8507693.59738907,"XMAX":718854.86160847,"YMAX":8507793.59738907},"geometry":{"type":"Polygon","coordinates":[[[-72.9781433392849,-13.490734977738184],[-72.97815094414102,-13.489831307054688],[-72.97907436877341,-13.489838747260501],[-72.97906676738484,-13.490742418460604],[-72.9781433392849,-13.490734977738184]]]}},{"type":"Feature","properties":{"Cell_ID":208,"Area_ha":1.0,"LC":"6:1.000000","XMIN":718754.86160847,"YMIN":8507593.59738907,"XMAX":718854.86160847,"YMAX":8507693.59738907},"geometry":{"type":"Polygon","coordinates":[[[-72.9781357338716,-13.491638648352513],[-72.9781433392849,-13.490734977738184],[-72.97906676738484,-13.490742418460604],[-72.97905916543934,-13.491646089591544],[-72.9781357338716,-13.491638648352513]]]}},{"type":"Feature","properties":{"Cell_ID":209,"Area_ha":1.0,"LC":"5:0.241946,9:0.118194,13:0.639861","XMIN":718854.86160847,"YMIN":8509593.59738907,"XMAX":718954.86160847,"YMAX":8509693.59738907},"geometry":{"type":"Polygon","coordinates":[[[-72.97736437458438,-13.473557788632636],[-72.97737197231898,-13.472654117152588],[-72.97829533055926,-13.472661550932559],[-72.97828773628738,-13.473565222929382],[-72.97736437458438,-13.473557788632636]]]}},{"type":"Feature","properties":{"Cell_ID":210,"Area_ha":1.0,"LC":"5:0.680000,9:0.198898,13:0.121102","XMIN":718854.86160847,"YMIN":8509493.59738907,"XMAX":718954.86160847,"YMAX":8509593.59738907},"geometry":{"type":"Polygon","coordinates":[[[-72.97735677629257,-13.474461460043596],[-72.97736437458438,-13.473557788632636],[-72.97828773628738,-13.473565222929382],[-72.97828014145854,-13.474468894857118],[-72.97735677629257,-13.474461460043596]]]}},{"type":"Feature","properties":{"Cell_ID":211,"Area_ha":1.0,"LC":"5:0.198068,13:0.801932","XMIN":718854.86160847,"YMIN":8509393.59738907,"XMAX":718954.86160847,"YMAX":8509493.59738907},"geometry":{"type":"Polygon","coordinates":[[[-72.9773491774435,-13.475365131385473],[-72.97735677629257,-13.474461460043596],[-72.97828014145854,-13.474468894857118],[-72.97827254607269,-13.475372566715771],[-72.9773491774435,-13.475365131385473]]]}},{"type":"Feature","properties":{"Cell_ID":212,"Area_ha":1.0,"LC":"5:0.197373,13:0.802627","XMIN":718854.86160847,"YMIN":8509293.59738907,"XMAX":718954.86160847,"YMAX":8509393.59738907},"geometry":{"type":"Polygon","coordinates":[[[-72.9773415780372,-13.476268802658245],[-72.9773491774435,-13.475365131385473],[-72.97827254607269,-13.475372566715771],[-72.97826495012986,-13.476276238505331],[-72.9773415780372,-13.476268802658245]]]}},{"type":"Feature","properties":{"Cell_ID":213,"Area_ha":1.0,"LC":"5:0.195153,13:0.804847","XMIN":718854.86160847,"YMIN":8509193.59738907,"XMAX":718954.86160847,"YMAX":8509293.59738907},"geometry":{"type":"Polygon","coordinates":[[[-72.97733397807363,-13.47717247386192],[-72.9773415780372,-13.476268802658245],[-72.97826495012986,-13.476276238505331],[-72.97825735363001,-13.477179910225795],[-72.97733397807363,-13.47717247386192]]]}},{"type":"Feature","properties":{"Cell_ID":214,"Area_ha":1.0,"LC":"5:0.039305,13:0.960695","XMIN":718854.86160847,"YMIN":8509093.59738907,"XMAX":718954.86160847,"YMAX":8509193.59738907},"geometry":{"type":"Polygon","coordinates":[[[-72.9773263775528,-13.47807614499649],[-72.97733397807363,-13.47717247386192],[-72.97825735363001,-13.477179910225795],[-72.97824975657316,-13.478083581877154],[-72.9773263775528,-13.47807614499649]]]}},{"type":"Feature","properties":{"Cell_ID":215,"Area_ha":1.0,"LC":"13:1.000000","XMIN":718854.86160847,"YMIN":8508993.59738907,"XMAX":718954.86160847,"YMAX":8509093.59738907},"geometry":{"type":"Polygon","coordinates":[[[-72.97731877647468,-13.478979816061951],[-72.9773263775528,-13.47807614499649],[-72.97824975657316,-13.478083581877154],[-72.97824215895929,-13.478987253459408],[-72.97731877647468,-13.478979816061951]]]}},{"type":"Feature","properties":{"Cell_ID":216,"Area_ha":1.0,"LC":"13:1.000000","XMIN":718854.86160847,"YMIN":8508893.59738907,"XMAX":718954.86160847,"YMAX":8508993.59738907},"geometry":{"type":"Polygon","coordinates":[[[-72.97731117483927,-13.479883487058297],[-72.97731877647468,-13.478979816061951],[-72.97824215895929,-13.478987253459408],[-72.97823456078835,-13.479890924972553],[-72.97731117483927,-13.479883487058297]]]}},{"type":"Feature","properties":{"Cell_ID":217,"Area_ha":1.0,"LC":"13:1.000000","XMIN":718854.86160847,"YMIN":8508793.59738907,"XMAX":718954.86160847,"YMAX":8508893.59738907},"geometry":{"type":"Polygon","coordinates":[[[-72.97730357264655,-13.48078715798553],[-72.97731117483927,-13.479883487058297],[-72.97823456078835,-13.479890924972553],[-72.9782269620604,-13.48079459641659],[-72.97730357264655,-13.48078715798553]]]}},{"type":"Feature","properties":{"Cell_ID":218,"Area_ha":1.0,"LC":"6:0.204278,9:0.276529,13:0.519193","XMIN":718854.86160847,"YMIN":8508693.59738907,"XMAX":718954.86160847,"YMAX":8508793.59738907},"geometry":{"type":"Polygon","coordinates":[[[-72.97729596989655,-13.481690828843636],[-72.97730357264655,-13.48078715798553],[-72.9782269620604,-13.48079459641659],[-72.97821936277538,-13.4816982677915],[-72.97729596989655,-13.481690828843636]]]}},{"type":"Feature","properties":{"Cell_ID":219,"Area_ha":1.0,"LC":"5:0.322346,6:0.201539,9:0.396129,13:0.039305,14:0.040681","XMIN":718854.86160847,"YMIN":8508593.59738907,"XMAX":718954.86160847,"YMAX":8508693.59738907},"geometry":{"type":"Polygon","coordinates":[[[-72.9772883665892,-13.48259449963262],[-72.97729596989655,-13.481690828843636],[-72.97821936277538,-13.4816982677915],[-72.9782117629333,-13.482601939097293],[-72.9772883665892,-13.48259449963262]]]}},{"type":"Feature","properties":{"Cell_ID":220,"Area_ha":1.0,"LC":"5:0.120281,6:0.394878,9:0.040556,14:0.444285","XMIN":718854.86160847,"YMIN":8508493.59738907,"XMAX":718954.86160847,"YMAX":8508593.59738907},"geometry":{"type":"Polygon","coordinates":[[[-72.97728076272455,-13.48349817035247],[-72.9772883665892,-13.48259449963262],[-72.9782117629333,-13.482601939097293],[-72.97820416253413,-13.48350561033396],[-72.97728076272455,-13.48349817035247]]]}},{"type":"Feature","properties":{"Cell_ID":221,"Area_ha":1.0,"LC":"5:0.440969,6:0.000274,9:0.275566,13:0.162339,14:0.120850","XMIN":718854.86160847,"YMIN":8508393.59738907,"XMAX":718954.86160847,"YMAX":8508493.59738907},"geometry":{"type":"Polygon","coordinates":[[[-72.97727315830252,-13.484401841003187],[-72.97728076272455,-13.48349817035247],[-72.97820416253413,-13.48350561033396],[-72.97819656157787,-13.484409281501494],[-72.97727315830252,-13.484401841003187]]]}},{"type":"Feature","properties":{"Cell_ID":222,"Area_ha":1.0,"LC":"5:0.000281,6:0.400000,9:0.000556,13:0.599163","XMIN":718854.86160847,"YMIN":8508293.59738907,"XMAX":718954.86160847,"YMAX":8508393.59738907},"geometry":{"type":"Polygon","coordinates":[[[-72.97726555332318,-13.485305511584764],[-72.97727315830252,-13.484401841003187],[-72.97819656157787,-13.484409281501494],[-72.97818896006454,-13.485312952599891],[-72.97726555332318,-13.485305511584764]]]}},{"type":"Feature","properties":{"Cell_ID":223,"Area_ha":1.0,"LC":"13:1.000000","XMIN":718854.86160847,"YMIN":8508193.59738907,"XMAX":718954.86160847,"YMAX":8508293.59738907},"geometry":{"type":"Polygon","coordinates":[[[-72.97725794778646,-13.486209182097197],[-72.97726555332318,-13.485305511584764],[-72.97818896006454,-13.485312952599891],[-72.97818135799409,-13.486216623629149],[-72.97725794778646,-13.486209182097197]]]}},{"type":"Feature","properties":{"Cell_ID":224,"Area_ha":1.0,"LC":"13:1.000000","XMIN":718854.86160847,"YMIN":8508093.59738907,"XMAX":718954.86160847,"YMAX":8508193.59738907},"geometry":{"type":"Polygon","coordinates":[[[-72.97725034169237,-13.487112852540479],[-72.97725794778646,-13.486209182097197],[-72.97818135799409,-13.486216623629149],[-72.97817375536651,-13.48712029458926],[-72.97725034169237,-13.487112852540479]]]}},{"type":"Feature","properties":{"Cell_ID":225,"Area_ha":1.0,"LC":"13:1.000000","XMIN":718854.86160847,"YMIN":8507993.59738907,"XMAX":718954.86160847,"YMAX":8508093.59738907},"geometry":{"type":"Polygon","coordinates":[[[-72.97724273504089,-13.488016522914615],[-72.97725034169237,-13.487112852540479],[-72.97817375536651,-13.48712029458926],[-72.97816615218183,-13.488023965480224],[-72.97724273504089,-13.488016522914615]]]}},{"type":"Feature","properties":{"Cell_ID":226,"Area_ha":1.0,"LC":"9:0.714723,13:0.285277","XMIN":718854.86160847,"YMIN":8507893.59738907,"XMAX":718954.86160847,"YMAX":8507993.59738907},"geometry":{"type":"Polygon","coordinates":[[[-72.97723512783203,-13.48892019321959],[-72.97724273504089,-13.488016522914615],[-72.97816615218183,-13.488023965480224],[-72.97815854843999,-13.488927636302037],[-72.97723512783203,-13.48892019321959]]]}},{"type":"Feature","properties":{"Cell_ID":227,"Area_ha":1.0,"LC":"9:0.722081,13:0.277919","XMIN":718854.86160847,"YMIN":8507793.59738907,"XMAX":718954.86160847,"YMAX":8507893.59738907},"geometry":{"type":"Polygon","coordinates":[[[-72.97722752006578,-13.489823863455403],[-72.97723512783203,-13.48892019321959],[-72.97815854843999,-13.488927636302037],[-72.97815094414102,-13.489831307054688],[-72.97722752006578,-13.489823863455403]]]}},{"type":"Feature","properties":{"Cell_ID":228,"Area_ha":1.0,"LC":"6:0.559563,9:0.359319,13:0.081118","XMIN":718854.86160847,"YMIN":8507693.59738907,"XMAX":718954.86160847,"YMAX":8507793.59738907},"geometry":{"type":"Polygon","coordinates":[[[-72.97721991174211,-13.490727533622053],[-72.97722752006578,-13.489823863455403],[-72.97815094414102,-13.489831307054688],[-72.9781433392849,-13.490734977738184],[-72.97721991174211,-13.490727533622053]]]}},{"type":"Feature","properties":{"Cell_ID":229,"Area_ha":1.0,"LC":"5:0.083309,6:0.916691","XMIN":718854.86160847,"YMIN":8507593.59738907,"XMAX":718954.86160847,"YMAX":8507693.59738907},"geometry":{"type":"Polygon","coordinates":[[[-72.97721230286103,-13.491631203719534],[-72.97721991174211,-13.490727533622053],[-72.9781433392849,-13.490734977738184],[-72.9781357338716,-13.491638648352513],[-72.97721230286103,-13.491631203719534]]]}},{"type":"Feature","properties":{"Cell_ID":230,"Area_ha":1.0,"LC":"7:0.040969,13:0.959031","XMIN":718954.86160847,"YMIN":8509793.59738907,"XMAX":719054.86160847,"YMAX":8509893.59738907},"geometry":{"type":"Polygon","coordinates":[[[-72.97645621527573,-13.471743008951494],[-72.97646381535807,-13.470839337850284],[-72.9773871661165,-13.470846773985242],[-72.97737956949635,-13.471750445603456],[-72.97645621527573,-13.471743008951494]]]}},{"type":"Feature","properties":{"Cell_ID":231,"Area_ha":1.0,"LC":"5:0.436943,13:0.563057","XMIN":718954.86160847,"YMIN":8509693.59738907,"XMAX":719054.86160847,"YMAX":8509793.59738907},"geometry":{"type":"Polygon","coordinates":[[[-72.97644861463591,-13.472646679983626],[-72.97645621527573,-13.471743008951494],[-72.97737956949635,-13.471750445603456],[-72.97737197231898,-13.472654117152588],[-72.97644861463591,-13.472646679983626]]]}},{"type":"Feature","properties":{"Cell_ID":232,"Area_ha":1.0,"LC":"5:0.442088,13:0.557912","XMIN":718954.86160847,"YMIN":8509593.59738907,"XMAX":719054.86160847,"YMAX":8509693.59738907},"geometry":{"type":"Polygon","coordinates":[[[-72.97644101343862,-13.473550350946667],[-72.97644861463591,-13.472646679983626],[-72.97737197231898,-13.472654117152588],[-72.97736437458438,-13.473557788632636],[-72.97644101343862,-13.473550350946667]]]}},{"type":"Feature","properties":{"Cell_ID":233,"Area_ha":1.0,"LC":"5:0.078061,13:0.921939","XMIN":718954.86160847,"YMIN":8509493.59738907,"XMAX":719054.86160847,"YMAX":8509593.59738907},"geometry":{"type":"Polygon","coordinates":[[[-72.97643341168384,-13.474454021840618],[-72.97644101343862,-13.473550350946667],[-72.97736437458438,-13.473557788632636],[-72.97735677629257,-13.474461460043596],[-72.97643341168384,-13.474454021840618]]]}},{"type":"Feature","properties":{"Cell_ID":234,"Area_ha":1.0,"LC":"13:1.000000","XMIN":718954.86160847,"YMIN":8509393.59738907,"XMAX":719054.86160847,"YMAX":8509493.59738907},"geometry":{"type":"Polygon","coordinates":[[[-72.97642580937158,-13.475357692665472],[-72.97643341168384,-13.474454021840618],[-72.97735677629257,-13.474461460043596],[-72.9773491774435,-13.475365131385473],[-72.97642580937158,-13.475357692665472]]]}},{"type":"Feature","properties":{"Cell_ID":235,"Area_ha":1.0,"LC":"13:1.000000","XMIN":718954.86160847,"YMIN":8509293.59738907,"XMAX":719054.86160847,"YMAX":8509393.59738907},"geometry":{"type":"Polygon","coordinates":[[[-72.9764182065018,-13.476261363421228],[-72.97642580937158,-13.475357692665472],[-72.9773491774435,-13.475365131385473],[-72.9773415780372,-13.476268802658245],[-72.9764182065018,-13.476261363421228]]]}},{"type":"Feature","properties":{"Cell_ID":236,"Area_ha":1.0,"LC":"13:1.000000","XMIN":718954.86160847,"YMIN":8509193.59738907,"XMAX":719054.86160847,"YMAX":8509293.59738907},"geometry":{"type":"Polygon","coordinates":[[[-72.97641060307453,-13.47716503410788],[-72.9764182065018,-13.476261363421228],[-72.9773415780372,-13.476268802658245],[-72.97733397807363,-13.47717247386192],[-72.97641060307453,-13.47716503410788]]]}},{"type":"Feature","properties":{"Cell_ID":237,"Area_ha":1.0,"LC":"13:1.000000","XMIN":718954.86160847,"YMIN":8509093.59738907,"XMAX":719054.86160847,"YMAX":8509193.59738907},"geometry":{"type":"Polygon","coordinates":[[[-72.9764029990897,-13.478068704725422],[-72.97641060307453,-13.47716503410788],[-72.97733397807363,-13.47717247386192],[-72.9773263775528,-13.47807614499649],[-72.9764029990897,-13.478068704725422]]]}},{"type":"Feature","properties":{"Cell_ID":238,"Area_ha":1.0,"LC":"13:1.000000","XMIN":718954.86160847,"YMIN":8508993.59738907,"XMAX":719054.86160847,"YMAX":8509093.59738907},"geometry":{"type":"Polygon","coordinates":[[[-72.97639539454735,-13.478972375273854],[-72.9764029990897,-13.478068704725422],[-72.9773263775528,-13.47807614499649],[-72.97731877647468,-13.478979816061951],[-72.97639539454735,-13.478972375273854]]]}},{"type":"Feature","properties":{"Cell_ID":239,"Area_ha":1.0,"LC":"13:1.000000","XMIN":718954.86160847,"YMIN":8508893.59738907,"XMAX":719054.86160847,"YMAX":8508993.59738907},"geometry":{"type":"Polygon","coordinates":[[[-72.97638778944747,-13.47987604575317],[-72.97639539454735,-13.478972375273854],[-72.97731877647468,-13.478979816061951],[-72.97731117483927,-13.479883487058297],[-72.97638778944747,-13.47987604575317]]]}},{"type":"Feature","properties":{"Cell_ID":240,"Area_ha":1.0,"LC":"9:0.040681,13:0.838630,14:0.120688","XMIN":718954.86160847,"YMIN":8508793.59738907,"XMAX":719054.86160847,"YMAX":8508893.59738907},"geometry":{"type":"Polygon","coordinates":[[[-72.97638018379003,-13.480779716163362],[-72.97638778944747,-13.47987604575317],[-72.97731117483927,-13.479883487058297],[-72.97730357264655,-13.48078715798553],[-72.97638018379003,-13.480779716163362]]]}},{"type":"Feature","properties":{"Cell_ID":241,"Area_ha":1.0,"LC":"5:0.081370,6:0.794316,9:0.122227,13:0.000837,14:0.001251","XMIN":718954.86160847,"YMIN":8508693.59738907,"XMAX":719054.86160847,"YMAX":8508793.59738907},"geometry":{"type":"Polygon","coordinates":[[[-72.97637257757502,-13.481683386504425],[-72.97638018379003,-13.480779716163362],[-72.97730357264655,-13.48078715798553],[-72.97729596989655,-13.481690828843636],[-72.97637257757502,-13.481683386504425]]]}},{"type":"Feature","properties":{"Cell_ID":242,"Area_ha":1.0,"LC":"5:0.479726,6:0.439867,9:0.001932,14:0.078475","XMIN":718954.86160847,"YMIN":8508593.59738907,"XMAX":719054.86160847,"YMAX":8508693.59738907},"geometry":{"type":"Polygon","coordinates":[[[-72.97636497080245,-13.482587056776364],[-72.97637257757502,-13.481683386504425],[-72.97729596989655,-13.481690828843636],[-72.9772883665892,-13.48259449963262],[-72.97636497080245,-13.482587056776364]]]}},{"type":"Feature","properties":{"Cell_ID":243,"Area_ha":1.0,"LC":"5:0.000844,9:0.443322,13:0.080400,14:0.475434","XMIN":718954.86160847,"YMIN":8508493.59738907,"XMAX":719054.86160847,"YMAX":8508593.59738907},"geometry":{"type":"Polygon","coordinates":[[[-72.97635736347229,-13.483490726979166],[-72.97636497080245,-13.482587056776364],[-72.9772883665892,-13.48259449963262],[-72.97728076272455,-13.48349817035247],[-72.97635736347229,-13.483490726979166]]]}},{"type":"Feature","properties":{"Cell_ID":244,"Area_ha":1.0,"LC":"5:0.078061,6:0.119156,9:0.120562,13:0.681946,14:0.000274","XMIN":718954.86160847,"YMIN":8508393.59738907,"XMAX":719054.86160847,"YMAX":8508493.59738907},"geometry":{"type":"Polygon","coordinates":[[[-72.97634975558454,-13.484394397112828],[-72.97635736347229,-13.483490726979166],[-72.97728076272455,-13.48349817035247],[-72.97727315830252,-13.484401841003187],[-72.97634975558454,-13.484394397112828]]]}},{"type":"Feature","properties":{"Cell_ID":245,"Area_ha":1.0,"LC":"6:0.318905,13:0.681095","XMIN":718954.86160847,"YMIN":8508293.59738907,"XMAX":719054.86160847,"YMAX":8508393.59738907},"geometry":{"type":"Polygon","coordinates":[[[-72.97634214713916,-13.48529806717735],[-72.97634975558454,-13.484394397112828],[-72.97727315830252,-13.484401841003187],[-72.97726555332318,-13.485305511584764],[-72.97634214713916,-13.48529806717735]]]}},{"type":"Feature","properties":{"Cell_ID":246,"Area_ha":1.0,"LC":"7:0.559438,9:0.081370,13:0.359193","XMIN":719054.86160847,"YMIN":8509793.59738907,"XMAX":719154.86160847,"YMAX":8509893.59738907},"geometry":{"type":"Polygon","coordinates":[[[-72.97553286161258,-13.471735568910793],[-72.9755404651571,-13.470831898326818],[-72.97646381535807,-13.470839337850284],[-72.97645621527573,-13.471743008951494],[-72.97553286161258,-13.471735568910793]]]}},{"type":"Feature","properties":{"Cell_ID":247,"Area_ha":1.0,"LC":"5:0.159838,7:0.000562,9:0.000569,13:0.839031","XMIN":719054.86160847,"YMIN":8509693.59738907,"XMAX":719154.86160847,"YMAX":8509793.59738907},"geometry":{"type":"Polygon","coordinates":[[[-72.97552525751031,-13.472639239425684],[-72.97553286161258,-13.471735568910793],[-72.97645621527573,-13.471743008951494],[-72.97644861463591,-13.472646679983626],[-72.97552525751031,-13.472639239425684]]]}},{"type":"Feature","properties":{"Cell_ID":248,"Area_ha":1.0,"LC":"5:0.642101,13:0.357899","XMIN":719054.86160847,"YMIN":8509593.59738907,"XMAX":719154.86160847,"YMAX":8509693.59738907},"geometry":{"type":"Polygon","coordinates":[[[-72.97551765285033,-13.47354290987148],[-72.97552525751031,-13.472639239425684],[-72.97644861463591,-13.472646679983626],[-72.97644101343862,-13.473550350946667],[-72.97551765285033,-13.47354290987148]]]}},{"type":"Feature","properties":{"Cell_ID":249,"Area_ha":1.0,"LC":"13:1.000000","XMIN":719054.86160847,"YMIN":8509493.59738907,"XMAX":719154.86160847,"YMAX":8509593.59738907},"geometry":{"type":"Polygon","coordinates":[[[-72.97551004763262,-13.474446580248182],[-72.97551765285033,-13.47354290987148],[-72.97644101343862,-13.473550350946667],[-72.97643341168384,-13.474454021840618],[-72.97551004763262,-13.474446580248182]]]}},{"type":"Feature","properties":{"Cell_ID":250,"Area_ha":1.0,"LC":"9:0.279438,13:0.720562","XMIN":719054.86160847,"YMIN":8509393.59738907,"XMAX":719154.86160847,"YMAX":8509493.59738907},"geometry":{"type":"Polygon","coordinates":[[[-72.97550244185715,-13.475350250555788],[-72.97551004763262,-13.474446580248182],[-72.97643341168384,-13.474454021840618],[-72.97642580937158,-13.475357692665472],[-72.97550244185715,-13.475350250555788]]]}},{"type":"Feature","properties":{"Cell_ID":251,"Area_ha":1.0,"LC":"9:0.201532,13:0.798468","XMIN":719054.86160847,"YMIN":8509293.59738907,"XMAX":719154.86160847,"YMAX":8509393.59738907},"geometry":{"type":"Polygon","coordinates":[[[-72.97549483552392,-13.476253920794285],[-72.97550244185715,-13.475350250555788],[-72.97642580937158,-13.475357692665472],[-72.9764182065018,-13.476261363421228],[-72.97549483552392,-13.476253920794285]]]}},{"type":"Feature","properties":{"Cell_ID":252,"Area_ha":1.0,"LC":"13:1.000000","XMIN":719054.86160847,"YMIN":8509193.59738907,"XMAX":719154.86160847,"YMAX":8509293.59738907},"geometry":{"type":"Polygon","coordinates":[[[-72.97548722863291,-13.477157590963682],[-72.97549483552392,-13.476253920794285],[-72.9764182065018,-13.476261363421228],[-72.97641060307453,-13.47716503410788],[-72.97548722863291,-13.477157590963682]]]}},{"type":"Feature","properties":{"Cell_ID":253,"Area_ha":1.0,"LC":"13:1.000000","XMIN":719054.86160847,"YMIN":8509093.59738907,"XMAX":719154.86160847,"YMAX":8509193.59738907},"geometry":{"type":"Polygon","coordinates":[[[-72.97547962118415,-13.478061261063962],[-72.97548722863291,-13.477157590963682],[-72.97641060307453,-13.47716503410788],[-72.9764029990897,-13.478068704725422],[-72.97547962118415,-13.478061261063962]]]}},{"type":"Feature","properties":{"Cell_ID":254,"Area_ha":1.0,"LC":"13:1.000000","XMIN":719054.86160847,"YMIN":8508993.59738907,"XMAX":719154.86160847,"YMAX":8509093.59738907},"geometry":{"type":"Polygon","coordinates":[[[-72.9754720131776,-13.478964931095126],[-72.97547962118415,-13.478061261063962],[-72.9764029990897,-13.478068704725422],[-72.97639539454735,-13.478972375273854],[-72.9754720131776,-13.478964931095126]]]}},{"type":"Feature","properties":{"Cell_ID":255,"Area_ha":1.0,"LC":"9:0.082620,13:0.678223,14:0.239156","XMIN":719054.86160847,"YMIN":8508893.59738907,"XMAX":719154.86160847,"YMAX":8508993.59738907},"geometry":{"type":"Polygon","coordinates":[[[-72.97546440461323,-13.479868601057172],[-72.9754720131776,-13.478964931095126],[-72.97639539454735,-13.478972375273854],[-72.97638778944747,-13.47987604575317],[-72.97546440461323,-13.479868601057172]]]}},{"type":"Feature","properties":{"Cell_ID":256,"Area_ha":1.0,"LC":"9:0.242353,13:0.117366,14:0.640281","XMIN":719054.86160847,"YMIN":8508793.59738907,"XMAX":719154.86160847,"YMAX":8508893.59738907},"geometry":{"type":"Polygon","coordinates":[[[-72.97545679549107,-13.480772270950093],[-72.97546440461323,-13.479868601057172],[-72.97638778944747,-13.47987604575317],[-72.97638018379003,-13.480779716163362],[-72.97545679549107,-13.480772270950093]]]}},{"type":"Feature","properties":{"Cell_ID":257,"Area_ha":1.0,"LC":"5:0.077787,9:0.441532,13:0.321088,14:0.159593","XMIN":719054.86160847,"YMIN":8508693.59738907,"XMAX":719154.86160847,"YMAX":8508793.59738907},"geometry":{"type":"Polygon","coordinates":[[[-72.97544918581109,-13.481675940773878],[-72.97545679549107,-13.480772270950093],[-72.97638018379003,-13.480779716163362],[-72.97637257757502,-13.481683386504425],[-72.97544918581109,-13.481675940773878]]]}},{"type":"Feature","properties":{"Cell_ID":258,"Area_ha":1.0,"LC":"5:0.117366,9:0.357505,13:0.525129","XMIN":719054.86160847,"YMIN":8508593.59738907,"XMAX":719154.86160847,"YMAX":8508693.59738907},"geometry":{"type":"Polygon","coordinates":[[[-72.97544157557329,-13.482579610528536],[-72.97544918581109,-13.481675940773878],[-72.97637257757502,-13.481683386504425],[-72.97636497080245,-13.482587056776364],[-72.97544157557329,-13.482579610528536]]]}},{"type":"Feature","properties":{"Cell_ID":259,"Area_ha":1.0,"LC":"9:0.276959,13:0.723041","XMIN":719054.86160847,"YMIN":8508493.59738907,"XMAX":719154.86160847,"YMAX":8508593.59738907},"geometry":{"type":"Polygon","coordinates":[[[-72.97543396477764,-13.483483280214053],[-72.97544157557329,-13.482579610528536],[-72.97636497080245,-13.482587056776364],[-72.97635736347229,-13.483490726979166],[-72.97543396477764,-13.483483280214053]]]}},{"type":"Feature","properties":{"Cell_ID":260,"Area_ha":1.0,"LC":"7:0.039031,9:0.317224,13:0.643745","XMIN":719154.86160847,"YMIN":8509793.59738907,"XMAX":719254.86160847,"YMAX":8509893.59738907},"geometry":{"type":"Polygon","coordinates":[[[-72.97460950850713,-13.471728125481356],[-72.97461711551384,-13.47082445541485],[-72.9755404651571,-13.470831898326818],[-72.97553286161258,-13.471735568910793],[-72.97460950850713,-13.471728125481356]]]}},{"type":"Feature","properties":{"Cell_ID":261,"Area_ha":1.0,"LC":"5:0.400814,9:0.200837,13:0.398349","XMIN":719154.86160847,"YMIN":8509693.59738907,"XMAX":719254.86160847,"YMAX":8509793.59738907},"geometry":{"type":"Polygon","coordinates":[[[-72.97460190094246,-13.472631795478767],[-72.97460950850713,-13.471728125481356],[-72.97553286161258,-13.471735568910793],[-72.97552525751031,-13.472639239425684],[-72.97460190094246,-13.472631795478767]]]}},{"type":"Feature","properties":{"Cell_ID":262,"Area_ha":1.0,"LC":"5:0.801525,13:0.198475","XMIN":719154.86160847,"YMIN":8509593.59738907,"XMAX":719254.86160847,"YMAX":8509693.59738907},"geometry":{"type":"Polygon","coordinates":[[[-72.97459429281979,-13.473535465407085],[-72.97460190094246,-13.472631795478767],[-72.97552525751031,-13.472639239425684],[-72.97551765285033,-13.47354290987148],[-72.97459429281979,-13.473535465407085]]]}},{"type":"Feature","properties":{"Cell_ID":263,"Area_ha":1.0,"LC":"5:0.041539,9:0.000963,13:0.957499","XMIN":719154.86160847,"YMIN":8509493.59738907,"XMAX":719254.86160847,"YMAX":8509593.59738907},"geometry":{"type":"Polygon","coordinates":[[[-72.97458668413913,-13.474439135266305],[-72.97459429281979,-13.473535465407085],[-72.97551765285033,-13.47354290987148],[-72.97551004763262,-13.474446580248182],[-72.97458668413913,-13.474439135266305]]]}},{"type":"Feature","properties":{"Cell_ID":264,"Area_ha":1.0,"LC":"9:0.000007,13:0.999993","XMIN":719154.86160847,"YMIN":8509393.59738907,"XMAX":719254.86160847,"YMAX":8509493.59738907},"geometry":{"type":"Polygon","coordinates":[[[-72.97457907490048,-13.475342805056426],[-72.97458668413913,-13.474439135266305],[-72.97551004763262,-13.474446580248182],[-72.97550244185715,-13.475350250555788],[-72.97457907490048,-13.475342805056426]]]}},{"type":"Feature","properties":{"Cell_ID":265,"Area_ha":1.0,"LC":"9:0.240969,13:0.759031","XMIN":719154.86160847,"YMIN":8509293.59738907,"XMAX":719254.86160847,"YMAX":8509393.59738907},"geometry":{"type":"Polygon","coordinates":[[[-72.9745714651038,-13.476246474777435],[-72.97457907490048,-13.475342805056426],[-72.97550244185715,-13.475350250555788],[-72.97549483552392,-13.476253920794285],[-72.9745714651038,-13.476246474777435]]]}},{"type":"Feature","properties":{"Cell_ID":266,"Area_ha":1.0,"LC":"6:0.001932,9:0.159438,13:0.838630","XMIN":719154.86160847,"YMIN":8509193.59738907,"XMAX":719254.86160847,"YMAX":8509293.59738907},"geometry":{"type":"Polygon","coordinates":[[[-72.97456385474912,-13.477150144429332],[-72.9745714651038,-13.476246474777435],[-72.97549483552392,-13.476253920794285],[-72.97548722863291,-13.477157590963682],[-72.97456385474912,-13.477150144429332]]]}},{"type":"Feature","properties":{"Cell_ID":267,"Area_ha":1.0,"LC":"6:0.000976,9:0.280281,13:0.718742","XMIN":719154.86160847,"YMIN":8509093.59738907,"XMAX":719254.86160847,"YMAX":8509193.59738907},"geometry":{"type":"Polygon","coordinates":[[[-72.97455624383639,-13.478053814012117],[-72.97456385474912,-13.477150144429332],[-72.97548722863291,-13.477157590963682],[-72.97547962118415,-13.478061261063962],[-72.97455624383639,-13.478053814012117]]]}},{"type":"Feature","properties":{"Cell_ID":268,"Area_ha":1.0,"LC":"9:0.080281,13:0.919719","XMIN":719154.86160847,"YMIN":8508993.59738907,"XMAX":719254.86160847,"YMAX":8509093.59738907},"geometry":{"type":"Polygon","coordinates":[[[-72.97454863236563,-13.478957483525779],[-72.97455624383639,-13.478053814012117],[-72.97547962118415,-13.478061261063962],[-72.9754720131776,-13.478964931095126],[-72.97454863236563,-13.478957483525779]]]}},{"type":"Feature","properties":{"Cell_ID":269,"Area_ha":1.0,"LC":"9:0.598594,13:0.401406","XMIN":719154.86160847,"YMIN":8508893.59738907,"XMAX":719254.86160847,"YMAX":8508993.59738907},"geometry":{"type":"Polygon","coordinates":[[[-72.9745410203368,-13.479861152970319],[-72.97454863236563,-13.478957483525779],[-72.9754720131776,-13.478964931095126],[-72.97546440461323,-13.479868601057172],[-72.9745410203368,-13.479861152970319]]]}},{"type":"Feature","properties":{"Cell_ID":270,"Area_ha":1.0,"LC":"9:0.680288,13:0.040681,14:0.279031","XMIN":719154.86160847,"YMIN":8508793.59738907,"XMAX":719254.86160847,"YMAX":8508893.59738907},"geometry":{"type":"Polygon","coordinates":[[[-72.97453340774992,-13.48076482234573],[-72.9745410203368,-13.479861152970319],[-72.97546440461323,-13.479868601057172],[-72.97545679549107,-13.480772270950093],[-72.97453340774992,-13.48076482234573]]]}},{"type":"Feature","properties":{"Cell_ID":271,"Area_ha":1.0,"LC":"9:0.517928,13:0.482072","XMIN":719154.86160847,"YMIN":8508693.59738907,"XMAX":719254.86160847,"YMAX":8508793.59738907},"geometry":{"type":"Polygon","coordinates":[[[-72.97452579460499,-13.481668491652004],[-72.97453340774992,-13.48076482234573],[-72.97545679549107,-13.480772270950093],[-72.97544918581109,-13.481675940773878],[-72.97452579460499,-13.481668491652004]]]}},{"type":"Feature","properties":{"Cell_ID":272,"Area_ha":1.0,"LC":"9:0.120281,13:0.879719","XMIN":719154.86160847,"YMIN":8508593.59738907,"XMAX":719254.86160847,"YMAX":8508693.59738907},"geometry":{"type":"Polygon","coordinates":[[[-72.97451818090194,-13.482572160889141],[-72.97452579460499,-13.481668491652004],[-72.97544918581109,-13.481675940773878],[-72.97544157557329,-13.482579610528536],[-72.97451818090194,-13.482572160889141]]]}},{"type":"Feature","properties":{"Cell_ID":273,"Area_ha":1.0,"LC":"5:0.039305,9:0.119444,13:0.841251","XMIN":719254.86160847,"YMIN":8509493.59738907,"XMAX":719354.86160847,"YMAX":8509593.59738907},"geometry":{"type":"Polygon","coordinates":[[[-72.97366332120366,-13.474431686894997],[-72.97367093334724,-13.473528017553495],[-72.97459429281979,-13.473535465407085],[-72.97458668413913,-13.474439135266305],[-72.97366332120366,-13.474431686894997]]]}},{"type":"Feature","properties":{"Cell_ID":274,"Area_ha":1.0,"LC":"9:0.321925,13:0.678075","XMIN":719254.86160847,"YMIN":8509393.59738907,"XMAX":719354.86160847,"YMAX":8509493.59738907},"geometry":{"type":"Polygon","coordinates":[[[-72.97365570850181,-13.475335356167392],[-72.97366332120366,-13.474431686894997],[-72.97458668413913,-13.474439135266305],[-72.97457907490048,-13.475342805056426],[-72.97365570850181,-13.475335356167392]]]}},{"type":"Feature","properties":{"Cell_ID":275,"Area_ha":1.0,"LC":"9:0.561658,13:0.438342","XMIN":719254.86160847,"YMIN":8509293.59738907,"XMAX":719354.86160847,"YMAX":8509393.59738907},"geometry":{"type":"Polygon","coordinates":[[[-72.97364809524171,-13.476239025370678],[-72.97365570850181,-13.475335356167392],[-72.97457907490048,-13.475342805056426],[-72.9745714651038,-13.476246474777435],[-72.97364809524171,-13.476239025370678]]]}},{"type":"Feature","properties":{"Cell_ID":276,"Area_ha":1.0,"LC":"6:0.197224,9:0.525129,13:0.277647","XMIN":719254.86160847,"YMIN":8509193.59738907,"XMAX":719354.86160847,"YMAX":8509293.59738907},"geometry":{"type":"Polygon","coordinates":[[[-72.97364048142333,-13.477142694504847],[-72.97364809524171,-13.476239025370678],[-72.9745714651038,-13.476246474777435],[-72.97456385474912,-13.477150144429332],[-72.97364048142333,-13.477142694504847]]]}},{"type":"Feature","properties":{"Cell_ID":277,"Area_ha":1.0,"LC":"6:0.559024,9:0.125410,13:0.315566","XMIN":719254.86160847,"YMIN":8509093.59738907,"XMAX":719354.86160847,"YMAX":8509193.59738907},"geometry":{"type":"Polygon","coordinates":[[[-72.97363286704666,-13.478046363569895],[-72.97364048142333,-13.477142694504847],[-72.97456385474912,-13.477150144429332],[-72.97455624383639,-13.478053814012117],[-72.97363286704666,-13.478046363569895]]]}},{"type":"Feature","properties":{"Cell_ID":278,"Area_ha":1.0,"LC":"6:0.201813,9:0.442753,13:0.355434","XMIN":719254.86160847,"YMIN":8508993.59738907,"XMAX":719354.86160847,"YMAX":8509093.59738907},"geometry":{"type":"Polygon","coordinates":[[[-72.9736252521117,-13.47895003256582],[-72.97363286704666,-13.478046363569895],[-72.97455624383639,-13.478053814012117],[-72.97454863236563,-13.478957483525779],[-72.9736252521117,-13.47895003256582]]]}},{"type":"Feature","properties":{"Cell_ID":279,"Area_ha":1.0,"LC":"9:0.919726,13:0.080274","XMIN":719254.86160847,"YMIN":8508893.59738907,"XMAX":719354.86160847,"YMAX":8508993.59738907},"geometry":{"type":"Polygon","coordinates":[[[-72.97361763661843,-13.479853701492617],[-72.9736252521117,-13.47895003256582],[-72.97454863236563,-13.478957483525779],[-72.9745410203368,-13.479861152970319],[-72.97361763661843,-13.479853701492617]]]}},{"type":"Feature","properties":{"Cell_ID":280,"Area_ha":1.0,"LC":"9:0.477247,13:0.522753","XMIN":719254.86160847,"YMIN":8508793.59738907,"XMAX":719354.86160847,"YMAX":8508893.59738907},"geometry":{"type":"Polygon","coordinates":[[[-72.97361002056685,-13.480757370350286],[-72.97361763661843,-13.479853701492617],[-72.9745410203368,-13.479861152970319],[-72.97453340774992,-13.48076482234573],[-72.97361002056685,-13.480757370350286]]]}},{"type":"Feature","properties":{"Cell_ID":281,"Area_ha":1.0,"LC":"5:0.000288,9:0.157373,13:0.842339","XMIN":719354.86160847,"YMIN":8508893.59738907,"XMAX":719454.86160847,"YMAX":8508993.59738907},"geometry":{"type":"Polygon","coordinates":[[[-72.97269425345839,-13.479846246624083],[-72.97270187241608,-13.478942578215262],[-72.9736252521117,-13.47895003256582],[-72.97361763661843,-13.479853701492617],[-72.97269425345839,-13.479846246624083]]]}}]}