{"type":"FeatureCollection","features":[{"type":"Feature","properties":{"Cell_ID":1,"Area_ha":1.0,"LC":"5:0.039153,9:0.639630,13:0.321217","XMIN":701514.86160847,"YMIN":8513273.39404814,"XMAX":701614.86160847,"YMAX":8513373.39404814},"geometry":{"type":"Polygon","coordinates":[[[-73.13774054534125,-13.441539742797124],[-73.13774752361826,-13.440635982713829],[-73.13867084733552,-13.44064281119341],[-73.13866387251356,-13.441546571752495],[-73.13774054534125,-13.441539742797124]]]}},{"type":"Feature","properties":{"Cell_ID":2,"Area_ha":1.0,"LC":"5:0.523379,13:0.476621","XMIN":701614.86160847,"YMIN":8513373.39404814,"XMAX":701714.86160847,"YMAX":8513473.39404814},"geometry":{"type":"Polygon","coordinates":[[[-73.13682420041383,-13.440629150852354],[-73.13683118163274,-13.439725391176776],[-73.1377545013824,-13.43973222256223],[-73.13774752361826,-13.440635982713829],[-73.13682420041383,-13.440629150852354]]]}},{"type":"Feature","properties":{"Cell_ID":3,"Area_ha":1.0,"LC":"5:0.324973,9:0.516495,13:0.158532","XMIN":701614.86160847,"YMIN":8513273.39404814,"XMAX":701714.86160847,"YMAX":8513373.39404814},"geometry":{"type":"Polygon","coordinates":[[[-73.13681721868181,-13.441532910459626],[-73.13682420041383,-13.440629150852354],[-73.13774752361826,-13.440635982713829],[-73.13774054534125,-13.441539742797124],[-73.13681721868181,-13.441532910459626]]]}},{"type":"Feature","properties":{"Cell_ID":4,"Area_ha":1.0,"LC":"5:0.202654,9:0.797346","XMIN":701614.86160847,"YMIN":8513173.39404814,"XMAX":701714.86160847,"YMAX":8513273.39404814},"geometry":{"type":"Polygon","coordinates":[[[-73.13681023643669,-13.44243666999858],[-73.13681721868181,-13.441532910459626],[-73.13774054534125,-13.441539742797124],[-73.1377335665514,-13.442443502812111],[-73.13681023643669,-13.44243666999858]]]}},{"type":"Feature","properties":{"Cell_ID":5,"Area_ha":1.0,"LC":"9:0.957933,13:0.042067","XMIN":701614.86160847,"YMIN":8513073.39404814,"XMAX":701714.86160847,"YMAX":8513173.39404814},"geometry":{"type":"Polygon","coordinates":[[[-73.13680325367844,-13.443340429469224],[-73.13681023643669,-13.44243666999858],[-73.1377335665514,-13.442443502812111],[-73.1377265872487,-13.443347262758785],[-73.13680325367844,-13.443340429469224]]]}},{"type":"Feature","properties":{"Cell_ID":6,"Area_ha":1.0,"LC":"5:0.996125,9:0.003875","XMIN":701714.86160847,"YMIN":8513373.39404814,"XMAX":701814.86160847,"YMAX":8513473.39404814},"geometry":{"type":"Polygon","coordinates":[[[-73.1359008777225,-13.440622315608994],[-73.13590786239617,-13.439718556409675],[-73.13683118163274,-13.439725391176776],[-73.13682420041383,-13.440629150852354],[-73.1359008777225,-13.440622315608994]]]}},{"type":"Feature","properties":{"Cell_ID":7,"Area_ha":1.0,"LC":"5:1.000000","XMIN":701714.86160847,"YMIN":8513273.39404814,"XMAX":701814.86160847,"YMAX":8513373.39404814},"geometry":{"type":"Polygon","coordinates":[[[-73.13589389253548,-13.441526074740004],[-73.1359008777225,-13.440622315608994],[-73.13682420041383,-13.440629150852354],[-73.13681721868181,-13.441532910459626],[-73.13589389253548,-13.441526074740004]]]}},{"type":"Feature","properties":{"Cell_ID":8,"Area_ha":1.0,"LC":"5:0.600342,9:0.399658","XMIN":701714.86160847,"YMIN":8513173.39404814,"XMAX":701814.86160847,"YMAX":8513273.39404814},"geometry":{"type":"Polygon","coordinates":[[[-73.13588690683508,-13.442429833802699],[-73.13589389253548,-13.441526074740004],[-73.13681721868181,-13.441532910459626],[-73.13681023643669,-13.44243666999858],[-73.13588690683508,-13.442429833802699]]]}},{"type":"Feature","properties":{"Cell_ID":9,"Area_ha":1.0,"LC":"9:0.921315,13:0.078685","XMIN":701714.86160847,"YMIN":8513073.39404814,"XMAX":701814.86160847,"YMAX":8513173.39404814},"geometry":{"type":"Polygon","coordinates":[[[-73.13587992062132,-13.443333592797073],[-73.13588690683508,-13.442429833802699],[-73.13681023643669,-13.44243666999858],[-73.13680325367844,-13.443340429469224],[-73.13587992062132,-13.443333592797073]]]}},{"type":"Feature","properties":{"Cell_ID":10,"Area_ha":1.0,"LC":"9:0.439526,13:0.560474","XMIN":701714.86160847,"YMIN":8512973.39404814,"XMAX":701814.86160847,"YMAX":8513073.39404814},"geometry":{"type":"Polygon","coordinates":[[[-73.13587293389418,-13.444237351723125],[-73.13587992062132,-13.443333592797073],[-73.13680325367844,-13.443340429469224],[-73.13679627040707,-13.444244188871549],[-73.13587293389418,-13.444237351723125]]]}},{"type":"Feature","properties":{"Cell_ID":11,"Area_ha":1.0,"LC":"5:0.403536,9:0.596464","XMIN":701814.86160847,"YMIN":8513373.39404814,"XMAX":701914.86160847,"YMAX":8513473.39404814},"geometry":{"type":"Polygon","coordinates":[[[-73.13497755554452,-13.440615476983762],[-73.13498454367296,-13.439711718260934],[-73.13590786239617,-13.439718556409675],[-73.1359008777225,-13.440622315608994],[-73.13497755554452,-13.440615476983762]]]}},{"type":"Feature","properties":{"Cell_ID":12,"Area_ha":1.0,"LC":"3:0.163878,5:0.836122","XMIN":701814.86160847,"YMIN":8513273.39404814,"XMAX":701914.86160847,"YMAX":8513373.39404814},"geometry":{"type":"Polygon","coordinates":[[[-73.1349705669025,-13.441519235638275],[-73.13497755554452,-13.440615476983762],[-73.1359008777225,-13.440622315608994],[-73.13589389253548,-13.441526074740004],[-73.1349705669025,-13.441519235638275]]]}},{"type":"Feature","properties":{"Cell_ID":13,"Area_ha":1.0,"LC":"5:0.840471,9:0.159529","XMIN":701814.86160847,"YMIN":8513173.39404814,"XMAX":701914.86160847,"YMAX":8513273.39404814},"geometry":{"type":"Polygon","coordinates":[[[-73.13496357774686,-13.442422994224465],[-73.1349705669025,-13.441519235638275],[-73.13589389253548,-13.441526074740004],[-73.13588690683508,-13.442429833802699],[-73.13496357774686,-13.442422994224465]]]}},{"type":"Feature","properties":{"Cell_ID":14,"Area_ha":1.0,"LC":"5:0.323031,9:0.676969","XMIN":701814.86160847,"YMIN":8513073.39404814,"XMAX":701914.86160847,"YMAX":8513173.39404814},"geometry":{"type":"Polygon","coordinates":[[[-73.13495658807759,-13.443326752742339],[-73.13496357774686,-13.442422994224465],[-73.13588690683508,-13.442429833802699],[-73.13587992062132,-13.443333592797073],[-73.13495658807759,-13.443326752742339]]]}},{"type":"Feature","properties":{"Cell_ID":15,"Area_ha":1.0,"LC":"5:0.319749,9:0.400593,13:0.279658","XMIN":701814.86160847,"YMIN":8512973.39404814,"XMAX":701914.86160847,"YMAX":8513073.39404814},"geometry":{"type":"Polygon","coordinates":[[[-73.13494959789467,-13.444230511191885],[-73.13495658807759,-13.443326752742339],[-73.13587992062132,-13.443333592797073],[-73.13587293389418,-13.444237351723125],[-73.13494959789467,-13.444230511191885]]]}},{"type":"Feature","properties":{"Cell_ID":16,"Area_ha":1.0,"LC":"9:0.158688,13:0.841312","XMIN":701814.86160847,"YMIN":8512873.39404814,"XMAX":701914.86160847,"YMAX":8512973.39404814},"geometry":{"type":"Polygon","coordinates":[[[-73.13494260719813,-13.445134269573096],[-73.13494959789467,-13.444230511191885],[-73.13587293389418,-13.444237351723125],[-73.13586594665364,-13.445141110580847],[-73.13494260719813,-13.445134269573096]]]}},{"type":"Feature","properties":{"Cell_ID":17,"Area_ha":1.0,"LC":"3:0.000251,5:0.558437,9:0.441312","XMIN":701914.86160847,"YMIN":8513373.39404814,"XMAX":702014.86160847,"YMAX":8513473.39404814},"geometry":{"type":"Polygon","coordinates":[[[-73.13405423388016,-13.44060863497666],[-73.13406122546333,-13.43970487673056],[-73.13498454367296,-13.439711718260934],[-73.13497755554452,-13.440615476983762],[-73.13405423388016,-13.44060863497666]]]}},{"type":"Feature","properties":{"Cell_ID":18,"Area_ha":1.0,"LC":"3:0.675871,5:0.243749,9:0.080379","XMIN":701914.86160847,"YMIN":8513273.39404814,"XMAX":702014.86160847,"YMAX":8513373.39404814},"geometry":{"type":"Polygon","coordinates":[[[-73.13404724178315,-13.44151239315444],[-73.13405423388016,-13.44060863497666],[-73.13497755554452,-13.440615476983762],[-73.1349705669025,-13.441519235638275],[-73.13404724178315,-13.44151239315444]]]}},{"type":"Feature","properties":{"Cell_ID":19,"Area_ha":1.0,"LC":"5:0.515404,9:0.484596","XMIN":701914.86160847,"YMIN":8513173.39404814,"XMAX":702014.86160847,"YMAX":8513273.39404814},"geometry":{"type":"Polygon","coordinates":[[[-73.13404024917224,-13.4424161512639],[-73.13404724178315,-13.44151239315444],[-73.1349705669025,-13.441519235638275],[-73.13496357774686,-13.442422994224465],[-73.13404024917224,-13.4424161512639]]]}},{"type":"Feature","properties":{"Cell_ID":20,"Area_ha":1.0,"LC":"5:0.476593,9:0.523407","XMIN":701914.86160847,"YMIN":8513073.39404814,"XMAX":702014.86160847,"YMAX":8513173.39404814},"geometry":{"type":"Polygon","coordinates":[[[-73.13403325604747,-13.44331990930503],[-73.13404024917224,-13.4424161512639],[-73.13496357774686,-13.442422994224465],[-73.13495658807759,-13.443326752742339],[-73.13403325604747,-13.44331990930503]]]}},{"type":"Feature","properties":{"Cell_ID":21,"Area_ha":1.0,"LC":"9:0.561312,13:0.438688","XMIN":701914.86160847,"YMIN":8512973.39404814,"XMAX":702014.86160847,"YMAX":8513073.39404814},"geometry":{"type":"Polygon","coordinates":[[[-73.13402626240881,-13.44422366727783],[-73.13403325604747,-13.44331990930503],[-73.13495658807759,-13.443326752742339],[-73.13494959789467,-13.444230511191885],[-73.13402626240881,-13.44422366727783]]]}},{"type":"Feature","properties":{"Cell_ID":22,"Area_ha":1.0,"LC":"9:0.000248,13:0.999752","XMIN":701914.86160847,"YMIN":8512873.39404814,"XMAX":702014.86160847,"YMAX":8512973.39404814},"geometry":{"type":"Polygon","coordinates":[[[-73.13401926825625,-13.445127425182298],[-73.13402626240881,-13.44422366727783],[-73.13494959789467,-13.444230511191885],[-73.13494260719813,-13.445134269573096],[-73.13401926825625,-13.445127425182298]]]}},{"type":"Feature","properties":{"Cell_ID":23,"Area_ha":1.0,"LC":"9:0.236966,13:0.763034","XMIN":701914.86160847,"YMIN":8512773.39404814,"XMAX":702014.86160847,"YMAX":8512873.39404814},"geometry":{"type":"Polygon","coordinates":[[[-73.13401227358979,-13.446031183018427],[-73.13401926825625,-13.445127425182298],[-73.13494260719813,-13.445134269573096],[-73.13493561598793,-13.446038027885974],[-73.13401227358979,-13.446031183018427]]]}},{"type":"Feature","properties":{"Cell_ID":24,"Area_ha":1.0,"LC":"3:0.084847,5:0.478685,9:0.436467","XMIN":702014.86160847,"YMIN":8513373.39404814,"XMAX":702114.86160847,"YMAX":8513473.39404814},"geometry":{"type":"Polygon","coordinates":[[[-73.13313091272965,-13.440601789587701],[-73.13313790776755,-13.439698031818565],[-73.13406122546333,-13.43970487673056],[-73.13405423388016,-13.44060863497666],[-73.13313091272965,-13.440601789587701]]]}},{"type":"Feature","properties":{"Cell_ID":25,"Area_ha":1.0,"LC":"3:0.000966,5:0.797562,9:0.201471","XMIN":702014.86160847,"YMIN":8513273.39404814,"XMAX":702114.86160847,"YMAX":8513373.39404814},"geometry":{"type":"Polygon","coordinates":[[[-73.13312391717766,-13.441505547288513],[-73.13313091272965,-13.440601789587701],[-73.13405423388016,-13.44060863497666],[-73.13404724178315,-13.44151239315444],[-73.13312391717766,-13.441505547288513]]]}},{"type":"Feature","properties":{"Cell_ID":26,"Area_ha":1.0,"LC":"5:0.120973,9:0.879027","XMIN":702014.86160847,"YMIN":8513173.39404814,"XMAX":702114.86160847,"YMAX":8513273.39404814},"geometry":{"type":"Polygon","coordinates":[[[-73.13311692111152,-13.442409304920998],[-73.13312391717766,-13.441505547288513],[-73.13404724178315,-13.44151239315444],[-73.13404024917224,-13.4424161512639],[-73.13311692111152,-13.442409304920998]]]}},{"type":"Feature","properties":{"Cell_ID":27,"Area_ha":1.0,"LC":"5:0.405098,9:0.594902","XMIN":702014.86160847,"YMIN":8513073.39404814,"XMAX":702114.86160847,"YMAX":8513173.39404814},"geometry":{"type":"Polygon","coordinates":[[[-73.13310992453127,-13.443313062485158],[-73.13311692111152,-13.442409304920998],[-73.13404024917224,-13.4424161512639],[-73.13403325604747,-13.44331990930503],[-73.13310992453127,-13.443313062485158]]]}},{"type":"Feature","properties":{"Cell_ID":28,"Area_ha":1.0,"LC":"5:0.404471,9:0.594905,13:0.000624","XMIN":702014.86160847,"YMIN":8512973.39404814,"XMAX":702114.86160847,"YMAX":8513073.39404814},"geometry":{"type":"Polygon","coordinates":[[[-73.13310292743685,-13.44421681998098],[-73.13310992453127,-13.443313062485158],[-73.13403325604747,-13.44331990930503],[-73.13402626240881,-13.44422366727783],[-73.13310292743685,-13.44421681998098]]]}},{"type":"Feature","properties":{"Cell_ID":29,"Area_ha":1.0,"LC":"5:0.001936,13:0.998064","XMIN":702014.86160847,"YMIN":8512873.39404814,"XMAX":702114.86160847,"YMAX":8512973.39404814},"geometry":{"type":"Polygon","coordinates":[[[-73.1330959298283,-13.445120577408465],[-73.13310292743685,-13.44421681998098],[-73.13402626240881,-13.44422366727783],[-73.13401926825625,-13.445127425182298],[-73.1330959298283,-13.445120577408465]]]}},{"type":"Feature","properties":{"Cell_ID":30,"Area_ha":1.0,"LC":"13:1.000000","XMIN":702014.86160847,"YMIN":8512773.39404814,"XMAX":702114.86160847,"YMAX":8512873.39404814},"geometry":{"type":"Polygon","coordinates":[[[-73.13308893170557,-13.446024334767609],[-73.1330959298283,-13.445120577408465],[-73.13401926825625,-13.445127425182298],[-73.13401227358979,-13.446031183018427],[-73.13308893170557,-13.446024334767609]]]}},{"type":"Feature","properties":{"Cell_ID":31,"Area_ha":1.0,"LC":"13:1.000000","XMIN":702014.86160847,"YMIN":8512673.39404814,"XMAX":702114.86160847,"YMAX":8512773.39404814},"geometry":{"type":"Polygon","coordinates":[[[-73.1330819330687,-13.446928092058407],[-73.13308893170557,-13.446024334767609],[-73.13401227358979,-13.446031183018427],[-73.1340052784094,-13.446934940786212],[-73.1330819330687,-13.446928092058407]]]}},{"type":"Feature","properties":{"Cell_ID":32,"Area_ha":1.0,"LC":"9:0.237339,13:0.762661","XMIN":702014.86160847,"YMIN":8512573.39404814,"XMAX":702114.86160847,"YMAX":8512673.39404814},"geometry":{"type":"Polygon","coordinates":[[[-73.13307493391761,-13.44783184928085],[-73.1330819330687,-13.446928092058407],[-73.1340052784094,-13.446934940786212],[-73.1339982827151,-13.447838698485647],[-73.13307493391761,-13.44783184928085]]]}},{"type":"Feature","properties":{"Cell_ID":33,"Area_ha":1.0,"LC":"3:1.000000","XMIN":702114.86160847,"YMIN":8513473.39404814,"XMAX":702214.86160847,"YMAX":8513573.39404814},"geometry":{"type":"Polygon","coordinates":[[[-73.13221459058589,-13.439691183524959],[-73.13222158856414,-13.438787426164708],[-73.13314490229133,-13.43879427398112],[-73.13313790776755,-13.439698031818565],[-73.13221459058589,-13.439691183524959]]]}},{"type":"Feature","properties":{"Cell_ID":34,"Area_ha":1.0,"LC":"3:1.000000","XMIN":702114.86160847,"YMIN":8513373.39404814,"XMAX":702214.86160847,"YMAX":8513473.39404814},"geometry":{"type":"Polygon","coordinates":[[[-73.13220759209327,-13.440594940816894],[-73.13221459058589,-13.439691183524959],[-73.13313790776755,-13.439698031818565],[-73.13313091272965,-13.440601789587701],[-73.13220759209327,-13.440594940816894]]]}},{"type":"Feature","properties":{"Cell_ID":35,"Area_ha":1.0,"LC":"3:0.722281,5:0.238440,9:0.039278","XMIN":702114.86160847,"YMIN":8513273.39404814,"XMAX":702214.86160847,"YMAX":8513373.39404814},"geometry":{"type":"Polygon","coordinates":[[[-73.1322005930863,-13.4414986980405],[-73.13220759209327,-13.440594940816894],[-73.13313091272965,-13.440601789587701],[-73.13312391717766,-13.441505547288513],[-73.1322005930863,-13.4414986980405]]]}},{"type":"Feature","properties":{"Cell_ID":36,"Area_ha":1.0,"LC":"5:0.523153,9:0.476847","XMIN":702114.86160847,"YMIN":8513173.39404814,"XMAX":702214.86160847,"YMAX":8513273.39404814},"geometry":{"type":"Polygon","coordinates":[[[-73.13219359356493,-13.442402455195777],[-73.1322005930863,-13.4414986980405],[-73.13312391717766,-13.441505547288513],[-73.13311692111152,-13.442409304920998],[-73.13219359356493,-13.442402455195777]]]}},{"type":"Feature","properties":{"Cell_ID":37,"Area_ha":1.0,"LC":"5:0.677559,9:0.322441","XMIN":702114.86160847,"YMIN":8513073.39404814,"XMAX":702214.86160847,"YMAX":8513173.39404814},"geometry":{"type":"Polygon","coordinates":[[[-73.13218659352918,-13.443306212282728],[-73.13219359356493,-13.442402455195777],[-73.13311692111152,-13.442409304920998],[-73.13310992453127,-13.443313062485158],[-73.13218659352918,-13.443306212282728]]]}},{"type":"Feature","properties":{"Cell_ID":38,"Area_ha":1.0,"LC":"5:0.599535,9:0.400465","XMIN":702114.86160847,"YMIN":8512973.39404814,"XMAX":702214.86160847,"YMAX":8513073.39404814},"geometry":{"type":"Polygon","coordinates":[[[-73.13217959297904,-13.444209969301337],[-73.13218659352918,-13.443306212282728],[-73.13310992453127,-13.443313062485158],[-73.13310292743685,-13.44421681998098],[-73.13217959297904,-13.444209969301337]]]}},{"type":"Feature","properties":{"Cell_ID":39,"Area_ha":1.0,"LC":"5:0.882661,13:0.117339","XMIN":702114.86160847,"YMIN":8512873.39404814,"XMAX":702214.86160847,"YMAX":8512973.39404814},"geometry":{"type":"Polygon","coordinates":[[[-73.13217259191448,-13.445113726251604],[-73.13217959297904,-13.444209969301337],[-73.13310292743685,-13.44421681998098],[-73.1330959298283,-13.445120577408465],[-73.13217259191448,-13.445113726251604]]]}},{"type":"Feature","properties":{"Cell_ID":40,"Area_ha":1.0,"LC":"5:0.122529,9:0.001942,13:0.875529","XMIN":702114.86160847,"YMIN":8512773.39404814,"XMAX":702214.86160847,"YMAX":8512873.39404814},"geometry":{"type":"Polygon","coordinates":[[[-73.13216559033553,-13.446017483133527],[-73.13217259191448,-13.445113726251604],[-73.1330959298283,-13.445120577408465],[-73.13308893170557,-13.446024334767609],[-73.13216559033553,-13.446017483133527]]]}},{"type":"Feature","properties":{"Cell_ID":41,"Area_ha":1.0,"LC":"9:0.002905,13:0.997095","XMIN":702114.86160847,"YMIN":8512673.39404814,"XMAX":702214.86160847,"YMAX":8512773.39404814},"geometry":{"type":"Polygon","coordinates":[[[-73.13215858824213,-13.4469212399471],[-73.13216559033553,-13.446017483133527],[-73.13308893170557,-13.446024334767609],[-73.1330819330687,-13.446928092058407],[-73.13215858824213,-13.4469212399471]]]}},{"type":"Feature","properties":{"Cell_ID":42,"Area_ha":1.0,"LC":"13:1.000000","XMIN":702114.86160847,"YMIN":8512573.39404814,"XMAX":702214.86160847,"YMAX":8512673.39404814},"geometry":{"type":"Polygon","coordinates":[[[-73.13215158563432,-13.447824996692317],[-73.13215858824213,-13.4469212399471],[-73.1330819330687,-13.446928092058407],[-73.13307493391761,-13.44783184928085],[-73.13215158563432,-13.447824996692317]]]}},{"type":"Feature","properties":{"Cell_ID":43,"Area_ha":1.0,"LC":"13:1.000000","XMIN":702114.86160847,"YMIN":8512473.39404814,"XMAX":702214.86160847,"YMAX":8512573.39404814},"geometry":{"type":"Polygon","coordinates":[[[-73.13214458251205,-13.448728753369178],[-73.13215158563432,-13.447824996692317],[-73.13307493391761,-13.44783184928085],[-73.13306793425237,-13.448735606434942],[-73.13214458251205,-13.448728753369178]]]}},{"type":"Feature","properties":{"Cell_ID":44,"Area_ha":1.0,"LC":"9:0.124254,13:0.875746","XMIN":702114.86160847,"YMIN":8512373.39404814,"XMAX":702214.86160847,"YMAX":8512473.39404814},"geometry":{"type":"Polygon","coordinates":[[[-73.13213757887534,-13.449632509977672],[-73.13214458251205,-13.448728753369178],[-73.13306793425237,-13.448735606434942],[-73.13306093407292,-13.449639363520673],[-73.13213757887534,-13.449632509977672]]]}},{"type":"Feature","properties":{"Cell_ID":45,"Area_ha":1.0,"LC":"3:0.243536,5:0.637807,9:0.118657","XMIN":702214.86160847,"YMIN":8513573.39404814,"XMAX":702314.86160847,"YMAX":8513673.39404814},"geometry":{"type":"Polygon","coordinates":[[[-73.13129827535128,-13.438780574966923],[-73.13130527626939,-13.437876818015786],[-73.13222858602803,-13.437883668736138],[-73.13222158856414,-13.438787426164708],[-73.13129827535128,-13.438780574966923]]]}},{"type":"Feature","properties":{"Cell_ID":46,"Area_ha":1.0,"LC":"3:1.000000","XMIN":702214.86160847,"YMIN":8513473.39404814,"XMAX":702314.86160847,"YMAX":8513573.39404814},"geometry":{"type":"Polygon","coordinates":[[[-73.13129127391858,-13.439684331849744],[-73.13129827535128,-13.438780574966923],[-73.13222158856414,-13.438787426164708],[-73.13221459058589,-13.439691183524959],[-73.13129127391858,-13.439684331849744]]]}},{"type":"Feature","properties":{"Cell_ID":47,"Area_ha":1.0,"LC":"3:0.999746,6:0.000254","XMIN":702214.86160847,"YMIN":8513373.39404814,"XMAX":702314.86160847,"YMAX":8513473.39404814},"geometry":{"type":"Polygon","coordinates":[[[-73.13128427197125,-13.440588088664242],[-73.13129127391858,-13.439684331849744],[-73.13221459058589,-13.439691183524959],[-73.13220759209327,-13.440594940816894],[-73.13128427197125,-13.440588088664242]]]}},{"type":"Feature","properties":{"Cell_ID":48,"Area_ha":1.0,"LC":"3:0.395749,5:0.282566,6:0.321685","XMIN":702214.86160847,"YMIN":8513273.39404814,"XMAX":702314.86160847,"YMAX":8513373.39404814},"geometry":{"type":"Polygon","coordinates":[[[-73.13127726950931,-13.441491845410413],[-73.13128427197125,-13.440588088664242],[-73.13220759209327,-13.440594940816894],[-73.1322005930863,-13.4414986980405],[-73.13127726950931,-13.441491845410413]]]}},{"type":"Feature","properties":{"Cell_ID":49,"Area_ha":1.0,"LC":"5:0.920471,9:0.079529","XMIN":702214.86160847,"YMIN":8513173.39404814,"XMAX":702314.86160847,"YMAX":8513273.39404814},"geometry":{"type":"Polygon","coordinates":[[[-73.13127026653272,-13.442395602088245],[-73.13127726950931,-13.441491845410413],[-73.1322005930863,-13.4414986980405],[-73.13219359356493,-13.442402455195777],[-73.13127026653272,-13.442395602088245]]]}},{"type":"Feature","properties":{"Cell_ID":50,"Area_ha":1.0,"LC":"5:0.400841,9:0.599159","XMIN":702214.86160847,"YMIN":8513073.39404814,"XMAX":702314.86160847,"YMAX":8513173.39404814},"geometry":{"type":"Polygon","coordinates":[[[-73.1312632630415,-13.443299358697752],[-73.13127026653272,-13.442395602088245],[-73.13219359356493,-13.442402455195777],[-73.13218659352918,-13.443306212282728],[-73.1312632630415,-13.443299358697752]]]}},{"type":"Feature","properties":{"Cell_ID":51,"Area_ha":1.0,"LC":"5:0.480125,9:0.519875","XMIN":702214.86160847,"YMIN":8512973.39404814,"XMAX":702314.86160847,"YMAX":8513073.39404814},"geometry":{"type":"Polygon","coordinates":[[[-73.13125625903562,-13.444203115238908],[-73.1312632630415,-13.443299358697752],[-73.13218659352918,-13.443306212282728],[-73.13217959297904,-13.444209969301337],[-73.13125625903562,-13.444203115238908]]]}},{"type":"Feature","properties":{"Cell_ID":52,"Area_ha":1.0,"LC":"5:0.438434,9:0.319498,13:0.242067","XMIN":702214.86160847,"YMIN":8512873.39404814,"XMAX":702314.86160847,"YMAX":8512973.39404814},"geometry":{"type":"Polygon","coordinates":[[[-73.13124925451511,-13.445106871711722],[-73.13125625903562,-13.444203115238908],[-73.13217959297904,-13.444209969301337],[-73.13217259191448,-13.445113726251604],[-73.13124925451511,-13.445106871711722]]]}},{"type":"Feature","properties":{"Cell_ID":53,"Area_ha":1.0,"LC":"5:0.476593,9:0.479658,13:0.043749","XMIN":702214.86160847,"YMIN":8512773.39404814,"XMAX":702314.86160847,"YMAX":8512873.39404814},"geometry":{"type":"Polygon","coordinates":[[[-73.1312422494799,-13.446010628116193],[-73.13124925451511,-13.445106871711722],[-73.13217259191448,-13.445113726251604],[-73.13216559033553,-13.446017483133527],[-73.1312422494799,-13.446010628116193]]]}},{"type":"Feature","properties":{"Cell_ID":54,"Area_ha":1.0,"LC":"9:0.599373,13:0.400627","XMIN":702214.86160847,"YMIN":8512673.39404814,"XMAX":702314.86160847,"YMAX":8512773.39404814},"geometry":{"type":"Polygon","coordinates":[[[-73.13123524393004,-13.446914384452306],[-73.1312422494799,-13.446010628116193],[-73.13216559033553,-13.446017483133527],[-73.13215858824213,-13.4469212399471],[-73.13123524393004,-13.446914384452306]]]}},{"type":"Feature","properties":{"Cell_ID":55,"Area_ha":1.0,"LC":"9:0.083037,13:0.916963","XMIN":702214.86160847,"YMIN":8512573.39404814,"XMAX":702314.86160847,"YMAX":8512673.39404814},"geometry":{"type":"Polygon","coordinates":[[[-73.13122823786547,-13.447818140720058],[-73.13123524393004,-13.446914384452306],[-73.13215858824213,-13.4469212399471],[-73.13215158563432,-13.447824996692317],[-73.13122823786547,-13.447818140720058]]]}},{"type":"Feature","properties":{"Cell_ID":56,"Area_ha":1.0,"LC":"9:0.041936,13:0.958064","XMIN":702214.86160847,"YMIN":8512473.39404814,"XMAX":702314.86160847,"YMAX":8512573.39404814},"geometry":{"type":"Polygon","coordinates":[[[-73.13122123128622,-13.448721896919452],[-73.13122823786547,-13.447818140720058],[-73.13215158563432,-13.447824996692317],[-73.13214458251205,-13.448728753369178],[-73.13122123128622,-13.448721896919452]]]}},{"type":"Feature","properties":{"Cell_ID":57,"Area_ha":1.0,"LC":"5:0.080251,9:0.556370,13:0.363379","XMIN":702214.86160847,"YMIN":8512373.39404814,"XMAX":702314.86160847,"YMAX":8512473.39404814},"geometry":{"type":"Polygon","coordinates":[[[-73.13121422419225,-13.449625653050479],[-73.13122123128622,-13.448721896919452],[-73.13214458251205,-13.448728753369178],[-73.13213757887534,-13.449632509977672],[-73.13121422419225,-13.449625653050479]]]}},{"type":"Feature","properties":{"Cell_ID":58,"Area_ha":1.0,"LC":"5:0.202658,9:0.318315,13:0.479027","XMIN":702214.86160847,"YMIN":8512273.39404814,"XMAX":702314.86160847,"YMAX":8512373.39404814},"geometry":{"type":"Polygon","coordinates":[[[-73.13120721658356,-13.450529409113134],[-73.13121422419225,-13.449625653050479],[-73.13213757887534,-13.449632509977672],[-73.13213057472417,-13.450536266517801],[-73.13120721658356,-13.450529409113134]]]}},{"type":"Feature","properties":{"Cell_ID":59,"Area_ha":1.0,"LC":"3:0.357590,5:0.117813,9:0.120590,14:0.404006","XMIN":702314.86160847,"YMIN":8513573.39404814,"XMAX":702414.86160847,"YMAX":8513673.39404814},"geometry":{"type":"Polygon","coordinates":[[[-73.13037496265304,-13.438773720387783],[-73.13038196702534,-13.437869963914306],[-73.13130527626939,-13.437876818015786],[-73.13129827535128,-13.438780574966923],[-73.13037496265304,-13.438773720387783]]]}},{"type":"Feature","properties":{"Cell_ID":60,"Area_ha":1.0,"LC":"3:0.595027,5:0.000129,14:0.044719,15:0.360125","XMIN":702314.86160847,"YMIN":8513473.39404814,"XMAX":702414.86160847,"YMAX":8513573.39404814},"geometry":{"type":"Polygon","coordinates":[[[-73.13036795776588,-13.439677476792934],[-73.13037496265304,-13.438773720387783],[-73.13129827535128,-13.438780574966923],[-73.13129127391858,-13.439684331849744],[-73.13036795776588,-13.439677476792934]]]}},{"type":"Feature","properties":{"Cell_ID":61,"Area_ha":1.0,"LC":"3:0.675030,5:0.042780,6:0.000373,9:0.161942,15:0.119875","XMIN":702314.86160847,"YMIN":8513373.39404814,"XMAX":702414.86160847,"YMAX":8513473.39404814},"geometry":{"type":"Polygon","coordinates":[[[-73.13036095236384,-13.44058123312976],[-73.13036795776588,-13.439677476792934],[-73.13129127391858,-13.439684331849744],[-73.13128427197125,-13.440588088664242],[-73.13036095236384,-13.44058123312976]]]}},{"type":"Feature","properties":{"Cell_ID":62,"Area_ha":1.0,"LC":"3:0.079749,5:0.601597,6:0.317688,9:0.000966","XMIN":702314.86160847,"YMIN":8513273.39404814,"XMAX":702414.86160847,"YMAX":8513373.39404814},"geometry":{"type":"Polygon","coordinates":[[[-73.13035394644695,-13.441484989398255],[-73.13036095236384,-13.44058123312976],[-73.13128427197125,-13.440588088664242],[-73.13127726950931,-13.441491845410413],[-73.13035394644695,-13.441484989398255]]]}},{"type":"Feature","properties":{"Cell_ID":63,"Area_ha":1.0,"LC":"5:1.000000","XMIN":702314.86160847,"YMIN":8513173.39404814,"XMAX":702414.86160847,"YMAX":8513273.39404814},"geometry":{"type":"Polygon","coordinates":[[[-73.13034694001516,-13.442388745598414],[-73.13035394644695,-13.441484989398255],[-73.13127726950931,-13.441491845410413],[-73.13127026653272,-13.442395602088245],[-73.13034694001516,-13.442388745598414]]]}},{"type":"Feature","properties":{"Cell_ID":64,"Area_ha":1.0,"LC":"5:0.918780,9:0.081220","XMIN":702314.86160847,"YMIN":8513073.39404814,"XMAX":702414.86160847,"YMAX":8513173.39404814},"geometry":{"type":"Polygon","coordinates":[[[-73.13033993306847,-13.443292501730234],[-73.13034694001516,-13.442388745598414],[-73.13127026653272,-13.442395602088245],[-73.1312632630415,-13.443299358697752],[-73.13033993306847,-13.443292501730234]]]}},{"type":"Feature","properties":{"Cell_ID":65,"Area_ha":1.0,"LC":"5:0.879281,9:0.120719","XMIN":702314.86160847,"YMIN":8512973.39404814,"XMAX":702414.86160847,"YMAX":8513073.39404814},"geometry":{"type":"Polygon","coordinates":[[[-73.1303329256069,-13.444196257793706],[-73.13033993306847,-13.443292501730234],[-73.1312632630415,-13.443299358697752],[-73.13125625903562,-13.444203115238908],[-73.1303329256069,-13.444196257793706]]]}},{"type":"Feature","properties":{"Cell_ID":66,"Area_ha":1.0,"LC":"5:0.841817,13:0.158183","XMIN":702314.86160847,"YMIN":8512873.39404814,"XMAX":702414.86160847,"YMAX":8512973.39404814},"geometry":{"type":"Polygon","coordinates":[[[-73.13032591763039,-13.445100013788833],[-73.1303329256069,-13.444196257793706],[-73.13125625903562,-13.444203115238908],[-73.13124925451511,-13.445106871711722],[-73.13032591763039,-13.445100013788833]]]}},{"type":"Feature","properties":{"Cell_ID":67,"Area_ha":1.0,"LC":"5:0.524346,9:0.199655,13:0.276000","XMIN":702314.86160847,"YMIN":8512773.39404814,"XMAX":702414.86160847,"YMAX":8512873.39404814},"geometry":{"type":"Polygon","coordinates":[[[-73.13031890913896,-13.44600376971561],[-73.13032591763039,-13.445100013788833],[-73.13124925451511,-13.445106871711722],[-73.1312422494799,-13.446010628116193],[-73.13031890913896,-13.44600376971561]]]}},{"type":"Feature","properties":{"Cell_ID":68,"Area_ha":1.0,"LC":"5:0.001936,9:0.599376,13:0.398688","XMIN":702314.86160847,"YMIN":8512673.39404814,"XMAX":702414.86160847,"YMAX":8512773.39404814},"geometry":{"type":"Polygon","coordinates":[[[-73.13031190013261,-13.446907525574026],[-73.13031890913896,-13.44600376971561],[-73.1312422494799,-13.446010628116193],[-73.13123524393004,-13.446914384452306],[-73.13031190013261,-13.446907525574026]]]}},{"type":"Feature","properties":{"Cell_ID":69,"Area_ha":1.0,"LC":"9:0.517465,13:0.482535","XMIN":702314.86160847,"YMIN":8512573.39404814,"XMAX":702414.86160847,"YMAX":8512673.39404814},"geometry":{"type":"Polygon","coordinates":[[[-73.13030489061131,-13.44781128136408],[-73.13031190013261,-13.446907525574026],[-73.13123524393004,-13.446914384452306],[-73.13122823786547,-13.447818140720058],[-73.13030489061131,-13.44781128136408]]]}},{"type":"Feature","properties":{"Cell_ID":70,"Area_ha":1.0,"LC":"9:0.197688,13:0.802312","XMIN":702314.86160847,"YMIN":8512473.39404814,"XMAX":702414.86160847,"YMAX":8512573.39404814},"geometry":{"type":"Polygon","coordinates":[[[-73.13029788057507,-13.448715037085773],[-73.13030489061131,-13.44781128136408],[-73.13122823786547,-13.447818140720058],[-73.13122123128622,-13.448721896919452],[-73.13029788057507,-13.448715037085773]]]}},{"type":"Feature","properties":{"Cell_ID":71,"Area_ha":1.0,"LC":"9:0.003881,13:0.996119","XMIN":702314.86160847,"YMIN":8512373.39404814,"XMAX":702414.86160847,"YMAX":8512473.39404814},"geometry":{"type":"Polygon","coordinates":[[[-73.13029087002387,-13.449618792739095],[-73.13029788057507,-13.448715037085773],[-73.13122123128622,-13.448721896919452],[-73.13121422419225,-13.449625653050479],[-73.13029087002387,-13.449618792739095]]]}},{"type":"Feature","properties":{"Cell_ID":72,"Area_ha":1.0,"LC":"5:0.237092,9:0.202560,13:0.560348","XMIN":702314.86160847,"YMIN":8512273.39404814,"XMAX":702414.86160847,"YMAX":8512373.39404814},"geometry":{"type":"Polygon","coordinates":[[[-73.13028385895768,-13.45052254832404],[-73.13029087002387,-13.449618792739095],[-73.13121422419225,-13.449625653050479],[-73.13120721658356,-13.450529409113134],[-73.13028385895768,-13.45052254832404]]]}},{"type":"Feature","properties":{"Cell_ID":73,"Area_ha":1.0,"LC":"5:0.039031,9:0.835746,13:0.125224","XMIN":702314.86160847,"YMIN":8512173.39404814,"XMAX":702414.86160847,"YMAX":8512273.39404814},"geometry":{"type":"Polygon","coordinates":[[[-73.13027684737655,-13.451426303840604],[-73.13028385895768,-13.45052254832404],[-73.13120721658356,-13.450529409113134],[-73.13120020846017,-13.451433165107414],[-73.13027684737655,-13.451426303840604]]]}},{"type":"Feature","properties":{"Cell_ID":74,"Area_ha":1.0,"LC":"7:0.000966,16:0.200627,17:0.798406","XMIN":702414.86160847,"YMIN":8513773.39404814,"XMAX":702514.86160847,"YMAX":8513873.39404814},"geometry":{"type":"Polygon","coordinates":[[[-73.12946566560751,-13.436959350367815],[-73.12947267240382,-13.4360555942356],[-73.13039597422541,-13.436062450762405],[-73.13038897088279,-13.436966207372514],[-73.12946566560751,-13.436959350367815]]]}},{"type":"Feature","properties":{"Cell_ID":75,"Area_ha":1.0,"LC":"9:0.718434,14:0.000251,16:0.281315","XMIN":702414.86160847,"YMIN":8513673.39404814,"XMAX":702514.86160847,"YMAX":8513773.39404814},"geometry":{"type":"Polygon","coordinates":[[[-73.12945865829613,-13.437863106431712],[-73.12946566560751,-13.436959350367815],[-73.13038897088279,-13.436966207372514],[-73.13038196702534,-13.437869963914306],[-73.12945865829613,-13.437863106431712]]]}},{"type":"Feature","properties":{"Cell_ID":76,"Area_ha":1.0,"LC":"5:0.400376,9:0.242664,14:0.355994,16:0.000966","XMIN":702414.86160847,"YMIN":8513573.39404814,"XMAX":702514.86160847,"YMAX":8513673.39404814},"geometry":{"type":"Polygon","coordinates":[[[-73.12945165046965,-13.438766862427286],[-73.12945865829613,-13.437863106431712],[-73.13038196702534,-13.437869963914306],[-73.13037496265304,-13.438773720387783],[-73.12945165046965,-13.438766862427286]]]}},{"type":"Feature","properties":{"Cell_ID":77,"Area_ha":1.0,"LC":"5:0.400122,9:0.204847,14:0.395030","XMIN":702414.86160847,"YMIN":8513473.39404814,"XMAX":702514.86160847,"YMAX":8513573.39404814},"geometry":{"type":"Polygon","coordinates":[[[-73.12944464212805,-13.439670618354533],[-73.12945165046965,-13.438766862427286],[-73.13037496265304,-13.438773720387783],[-73.13036795776588,-13.439677476792934],[-73.12944464212805,-13.439670618354533]]]}},{"type":"Feature","properties":{"Cell_ID":78,"Area_ha":1.0,"LC":"5:0.356593,9:0.641468,18:0.001939","XMIN":702414.86160847,"YMIN":8513373.39404814,"XMAX":702514.86160847,"YMAX":8513473.39404814},"geometry":{"type":"Polygon","coordinates":[[[-73.12943763327134,-13.440574374213456],[-73.12944464212805,-13.439670618354533],[-73.13036795776588,-13.439677476792934],[-73.13036095236384,-13.44058123312976],[-73.12943763327134,-13.440574374213456]]]}},{"type":"Feature","properties":{"Cell_ID":79,"Area_ha":1.0,"LC":"5:0.236621,9:0.761312,13:0.001942,16:0.000125","XMIN":702414.86160847,"YMIN":8513273.39404814,"XMAX":702514.86160847,"YMAX":8513373.39404814},"geometry":{"type":"Polygon","coordinates":[[[-73.12943062389948,-13.441478130004041],[-73.12943763327134,-13.440574374213456],[-73.13036095236384,-13.44058123312976],[-73.13035394644695,-13.441484989398255],[-73.12943062389948,-13.441478130004041]]]}},{"type":"Feature","properties":{"Cell_ID":80,"Area_ha":1.0,"LC":"5:0.795153,9:0.080129,13:0.000966,16:0.123752","XMIN":702414.86160847,"YMIN":8513173.39404814,"XMAX":702514.86160847,"YMAX":8513273.39404814},"geometry":{"type":"Polygon","coordinates":[[[-73.1294236140125,-13.442381885726284],[-73.12943062389948,-13.441478130004041],[-73.13035394644695,-13.441484989398255],[-73.13034694001516,-13.442388745598414],[-73.1294236140125,-13.442381885726284]]]}},{"type":"Feature","properties":{"Cell_ID":81,"Area_ha":1.0,"LC":"5:0.276593,9:0.439529,13:0.283878","XMIN":702414.86160847,"YMIN":8513073.39404814,"XMAX":702514.86160847,"YMAX":8513173.39404814},"geometry":{"type":"Polygon","coordinates":[[[-73.12941660361035,-13.443285641380188],[-73.1294236140125,-13.442381885726284],[-73.13034694001516,-13.442388745598414],[-73.13033993306847,-13.443292501730234],[-73.12941660361035,-13.443285641380188]]]}},{"type":"Feature","properties":{"Cell_ID":82,"Area_ha":1.0,"LC":"5:0.397716,9:0.602284","XMIN":702414.86160847,"YMIN":8512973.39404814,"XMAX":702514.86160847,"YMAX":8513073.39404814},"geometry":{"type":"Polygon","coordinates":[[[-73.12940959269305,-13.44418939696574],[-73.12941660361035,-13.443285641380188],[-73.13033993306847,-13.443292501730234],[-73.1303329256069,-13.444196257793706],[-73.12940959269305,-13.44418939696574]]]}},{"type":"Feature","properties":{"Cell_ID":83,"Area_ha":1.0,"LC":"5:0.996125,9:0.003875","XMIN":702414.86160847,"YMIN":8512873.39404814,"XMAX":702514.86160847,"YMAX":8512973.39404814},"geometry":{"type":"Polygon","coordinates":[[[-73.12940258126059,-13.445093152482944],[-73.12940959269305,-13.44418939696574],[-73.1303329256069,-13.444196257793706],[-73.13032591763039,-13.445100013788833],[-73.12940258126059,-13.445093152482944]]]}},{"type":"Feature","properties":{"Cell_ID":84,"Area_ha":1.0,"LC":"5:0.999997,9:0.000003","XMIN":702414.86160847,"YMIN":8512773.39404814,"XMAX":702514.86160847,"YMAX":8512873.39404814},"geometry":{"type":"Polygon","coordinates":[[[-73.12939556931296,-13.445996907931791],[-73.12940258126059,-13.445093152482944],[-73.13032591763039,-13.445100013788833],[-73.13031890913896,-13.44600376971561],[-73.12939556931296,-13.445996907931791]]]}},{"type":"Feature","properties":{"Cell_ID":85,"Area_ha":1.0,"LC":"5:0.357437,9:0.522064,13:0.000248,18:0.120251","XMIN":702414.86160847,"YMIN":8512673.39404814,"XMAX":702514.86160847,"YMAX":8512773.39404814},"geometry":{"type":"Polygon","coordinates":[[[-73.12938855685013,-13.446900663312277],[-73.12939556931296,-13.445996907931791],[-73.13031890913896,-13.44600376971561],[-73.13031190013261,-13.446907525574026],[-73.12938855685013,-13.446900663312277]]]}},{"type":"Feature","properties":{"Cell_ID":86,"Area_ha":1.0,"LC":"9:0.041939,13:0.715404,18:0.242658","XMIN":702414.86160847,"YMIN":8512573.39404814,"XMAX":702514.86160847,"YMAX":8512673.39404814},"geometry":{"type":"Polygon","coordinates":[[[-73.1293815438721,-13.447804418624397],[-73.12938855685013,-13.446900663312277],[-73.13031190013261,-13.446907525574026],[-73.13030489061131,-13.44781128136408],[-73.1293815438721,-13.447804418624397]]]}},{"type":"Feature","properties":{"Cell_ID":87,"Area_ha":1.0,"LC":"9:0.405224,13:0.594776","XMIN":702414.86160847,"YMIN":8512473.39404814,"XMAX":702514.86160847,"YMAX":8512573.39404814},"geometry":{"type":"Polygon","coordinates":[[[-73.1293745303789,-13.44870817386815],[-73.1293815438721,-13.447804418624397],[-73.13030489061131,-13.44781128136408],[-73.13029788057507,-13.448715037085773],[-73.1293745303789,-13.44870817386815]]]}},{"type":"Feature","properties":{"Cell_ID":88,"Area_ha":1.0,"LC":"9:0.799868,13:0.200132","XMIN":702414.86160847,"YMIN":8512373.39404814,"XMAX":702514.86160847,"YMAX":8512473.39404814},"geometry":{"type":"Polygon","coordinates":[[[-73.12936751637045,-13.44961192904353],[-73.1293745303789,-13.44870817386815],[-73.13029788057507,-13.448715037085773],[-73.13029087002387,-13.449618792739095],[-73.12936751637045,-13.44961192904353]]]}},{"type":"Feature","properties":{"Cell_ID":89,"Area_ha":1.0,"LC":"9:0.237688,13:0.762312","XMIN":702414.86160847,"YMIN":8512273.39404814,"XMAX":702514.86160847,"YMAX":8512373.39404814},"geometry":{"type":"Polygon","coordinates":[[[-73.12936050184679,-13.45051568415053],[-73.12936751637045,-13.44961192904353],[-73.13029087002387,-13.449618792739095],[-73.13028385895768,-13.45052254832404],[-73.12936050184679,-13.45051568415053]]]}},{"type":"Feature","properties":{"Cell_ID":90,"Area_ha":1.0,"LC":"13:1.000000","XMIN":702414.86160847,"YMIN":8512173.39404814,"XMAX":702514.86160847,"YMAX":8512273.39404814},"geometry":{"type":"Polygon","coordinates":[[[-73.1293534868079,-13.45141943918915],[-73.12936050184679,-13.45051568415053],[-73.13028385895768,-13.45052254832404],[-73.13027684737655,-13.451426303840604],[-73.1293534868079,-13.45141943918915]]]}},{"type":"Feature","properties":{"Cell_ID":91,"Area_ha":1.0,"LC":"5:0.000122,13:0.999878","XMIN":702414.86160847,"YMIN":8512073.39404814,"XMAX":702514.86160847,"YMAX":8512173.39404814},"geometry":{"type":"Polygon","coordinates":[[[-73.12934647125377,-13.452323194159387],[-73.1293534868079,-13.45141943918915],[-73.13027684737655,-13.451426303840604],[-73.1302698352804,-13.452330059288794],[-73.12934647125377,-13.452323194159387]]]}},{"type":"Feature","properties":{"Cell_ID":92,"Area_ha":1.0,"LC":"3:0.323624,6:0.040969,7:0.118657,16:0.039278,17:0.477471","XMIN":702514.86160847,"YMIN":8513773.39404814,"XMAX":702614.86160847,"YMAX":8513873.39404814},"geometry":{"type":"Polygon","coordinates":[[[-73.12854236084735,-13.436952489982243],[-73.12854937109731,-13.436048734328155],[-73.12947267240382,-13.4360555942356],[-73.12946566560751,-13.436959350367815],[-73.12854236084735,-13.436952489982243]]]}},{"type":"Feature","properties":{"Cell_ID":93,"Area_ha":1.0,"LC":"9:0.078061,16:0.357217,17:0.564722","XMIN":702514.86160847,"YMIN":8513673.39404814,"XMAX":702614.86160847,"YMAX":8513773.39404814},"geometry":{"type":"Polygon","coordinates":[[[-73.12853535008205,-13.43785624556801],[-73.12854236084735,-13.436952489982243],[-73.12946566560751,-13.436959350367815],[-73.12945865829613,-13.437863106431712],[-73.12853535008205,-13.43785624556801]]]}},{"type":"Feature","properties":{"Cell_ID":94,"Area_ha":1.0,"LC":"9:0.436495,16:0.398908,17:0.164596","XMIN":702514.86160847,"YMIN":8513573.39404814,"XMAX":702614.86160847,"YMAX":8513673.39404814},"geometry":{"type":"Polygon","coordinates":[[[-73.12852833880137,-13.438760001085447],[-73.12853535008205,-13.43785624556801],[-73.12945865829613,-13.437863106431712],[-73.12945165046965,-13.438766862427286],[-73.12852833880137,-13.438760001085447]]]}},{"type":"Feature","properties":{"Cell_ID":95,"Area_ha":1.0,"LC":"9:0.475153,16:0.522911,17:0.001936","XMIN":702514.86160847,"YMIN":8513473.39404814,"XMAX":702614.86160847,"YMAX":8513573.39404814},"geometry":{"type":"Polygon","coordinates":[[[-73.12852132700534,-13.439663756534555],[-73.12852833880137,-13.438760001085447],[-73.12945165046965,-13.438766862427286],[-73.12944464212805,-13.439670618354533],[-73.12852132700534,-13.439663756534555]]]}},{"type":"Feature","properties":{"Cell_ID":96,"Area_ha":1.0,"LC":"9:0.236966,16:0.444003,18:0.319031","XMIN":702514.86160847,"YMIN":8513373.39404814,"XMAX":702614.86160847,"YMAX":8513473.39404814},"geometry":{"type":"Polygon","coordinates":[[[-73.12851431469393,-13.440567511915333],[-73.12852132700534,-13.439663756534555],[-73.12944464212805,-13.439670618354533],[-73.12943763327134,-13.440574374213456],[-73.12851431469393,-13.440567511915333]]]}},{"type":"Feature","properties":{"Cell_ID":97,"Area_ha":1.0,"LC":"9:0.156844,13:0.399658,16:0.443498","XMIN":702514.86160847,"YMIN":8513273.39404814,"XMAX":702614.86160847,"YMAX":8513373.39404814},"geometry":{"type":"Polygon","coordinates":[[[-73.12850730186715,-13.441471267227772],[-73.12851431469393,-13.440567511915333],[-73.12943763327134,-13.440574374213456],[-73.12943062389948,-13.441478130004041],[-73.12850730186715,-13.441471267227772]]]}},{"type":"Feature","properties":{"Cell_ID":98,"Area_ha":1.0,"LC":"9:0.000373,13:0.239373,16:0.760254","XMIN":702514.86160847,"YMIN":8513173.39404814,"XMAX":702614.86160847,"YMAX":8513273.39404814},"geometry":{"type":"Polygon","coordinates":[[[-73.12850028852496,-13.44237502247187],[-73.12850730186715,-13.441471267227772],[-73.12943062389948,-13.441478130004041],[-73.1294236140125,-13.442381885726284],[-73.12850028852496,-13.44237502247187]]]}},{"type":"Feature","properties":{"Cell_ID":99,"Area_ha":1.0,"LC":"9:0.562193,13:0.316122,16:0.121685","XMIN":702514.86160847,"YMIN":8513073.39404814,"XMAX":702614.86160847,"YMAX":8513173.39404814},"geometry":{"type":"Polygon","coordinates":[[[-73.12849327466739,-13.443278777647619],[-73.12850028852496,-13.44237502247187],[-73.1294236140125,-13.442381885726284],[-73.12941660361035,-13.443285641380188],[-73.12849327466739,-13.443278777647619]]]}},{"type":"Feature","properties":{"Cell_ID":100,"Area_ha":1.0,"LC":"5:0.203878,9:0.796122","XMIN":702514.86160847,"YMIN":8512973.39404814,"XMAX":702614.86160847,"YMAX":8513073.39404814},"geometry":{"type":"Polygon","coordinates":[[[-73.1284862602944,-13.444182532755018],[-73.12849327466739,-13.443278777647619],[-73.12941660361035,-13.443285641380188],[-73.12940959269305,-13.44418939696574],[-73.1284862602944,-13.444182532755018]]]}},{"type":"Feature","properties":{"Cell_ID":101,"Area_ha":1.0,"LC":"5:0.039529,9:0.960471","XMIN":702514.86160847,"YMIN":8512873.39404814,"XMAX":702614.86160847,"YMAX":8512973.39404814},"geometry":{"type":"Polygon","coordinates":[[[-73.12847924540597,-13.445086287794059],[-73.1284862602944,-13.444182532755018],[-73.12940959269305,-13.44418939696574],[-73.12940258126059,-13.445093152482944],[-73.12847924540597,-13.445086287794059]]]}},{"type":"Feature","properties":{"Cell_ID":102,"Area_ha":1.0,"LC":"5:0.876128,9:0.123872","XMIN":702514.86160847,"YMIN":8512773.39404814,"XMAX":702614.86160847,"YMAX":8512873.39404814},"geometry":{"type":"Polygon","coordinates":[[[-73.12847223000212,-13.445990042764743],[-73.12847924540597,-13.445086287794059],[-73.12940258126059,-13.445093152482944],[-73.12939556931296,-13.445996907931791],[-73.12847223000212,-13.445990042764743]]]}},{"type":"Feature","properties":{"Cell_ID":103,"Area_ha":1.0,"LC":"5:0.804847,9:0.195153","XMIN":702514.86160847,"YMIN":8512673.39404814,"XMAX":702614.86160847,"YMAX":8512773.39404814},"geometry":{"type":"Polygon","coordinates":[[[-73.12846521408284,-13.446893797667062],[-73.12847223000212,-13.445990042764743],[-73.12939556931296,-13.445996907931791],[-73.12938855685013,-13.446900663312277],[-73.12846521408284,-13.446893797667062]]]}},{"type":"Feature","properties":{"Cell_ID":104,"Area_ha":1.0,"LC":"5:0.523373,9:0.359535,18:0.117092","XMIN":702514.86160847,"YMIN":8512573.39404814,"XMAX":702614.86160847,"YMAX":8512673.39404814},"geometry":{"type":"Polygon","coordinates":[[[-73.1284581976481,-13.447797552501013],[-73.12846521408284,-13.446893797667062],[-73.12938855685013,-13.446900663312277],[-73.1293815438721,-13.447804418624397],[-73.1284581976481,-13.447797552501013]]]}},{"type":"Feature","properties":{"Cell_ID":105,"Area_ha":1.0,"LC":"5:0.164132,9:0.835617,13:0.000251","XMIN":702514.86160847,"YMIN":8512473.39404814,"XMAX":702614.86160847,"YMAX":8512573.39404814},"geometry":{"type":"Polygon","coordinates":[[[-73.12845118069791,-13.448701307266592],[-73.1284581976481,-13.447797552501013],[-73.1293815438721,-13.447804418624397],[-73.1293745303789,-13.44870817386815],[-73.12845118069791,-13.448701307266592]]]}},{"type":"Feature","properties":{"Cell_ID":106,"Area_ha":1.0,"LC":"5:0.161685,9:0.196000,13:0.642315","XMIN":702514.86160847,"YMIN":8512373.39404814,"XMAX":702614.86160847,"YMAX":8512473.39404814},"geometry":{"type":"Polygon","coordinates":[[[-73.12844416323226,-13.449605061963796],[-73.12845118069791,-13.448701307266592],[-73.1293745303789,-13.44870817386815],[-73.12936751637045,-13.44961192904353],[-73.12844416323226,-13.449605061963796]]]}},{"type":"Feature","properties":{"Cell_ID":107,"Area_ha":1.0,"LC":"5:0.003881,9:0.360125,13:0.635994","XMIN":702514.86160847,"YMIN":8512273.39404814,"XMAX":702614.86160847,"YMAX":8512373.39404814},"geometry":{"type":"Polygon","coordinates":[[[-73.12843714525111,-13.450508816592619],[-73.12844416323226,-13.449605061963796],[-73.12936751637045,-13.44961192904353],[-73.12936050184679,-13.45051568415053],[-73.12843714525111,-13.450508816592619]]]}},{"type":"Feature","properties":{"Cell_ID":108,"Area_ha":1.0,"LC":"5:0.285095,9:0.239875,13:0.475030","XMIN":702514.86160847,"YMIN":8512173.39404814,"XMAX":702614.86160847,"YMAX":8512273.39404814},"geometry":{"type":"Polygon","coordinates":[[[-73.1284301267545,-13.451412571153051],[-73.12843714525111,-13.450508816592619],[-73.12936050184679,-13.45051568415053],[-73.1293534868079,-13.45141943918915],[-73.1284301267545,-13.451412571153051]]]}},{"type":"Feature","properties":{"Cell_ID":109,"Area_ha":1.0,"LC":"5:0.079749,13:0.920251","XMIN":702514.86160847,"YMIN":8512073.39404814,"XMAX":702614.86160847,"YMAX":8512173.39404814},"geometry":{"type":"Polygon","coordinates":[[[-73.12842310774239,-13.4523163256451],[-73.1284301267545,-13.451412571153051],[-73.1293534868079,-13.45141943918915],[-73.12934647125377,-13.452323194159387],[-73.12842310774239,-13.4523163256451]]]}},{"type":"Feature","properties":{"Cell_ID":110,"Area_ha":1.0,"LC":"9:0.000248,13:0.999752","XMIN":702514.86160847,"YMIN":8511973.39404814,"XMAX":702614.86160847,"YMAX":8512073.39404814},"geometry":{"type":"Polygon","coordinates":[[[-73.12841608821476,-13.45322008006875],[-73.12842310774239,-13.4523163256451],[-73.12934647125377,-13.452323194159387],[-73.12933945518438,-13.453226949061227],[-73.12841608821476,-13.45322008006875]]]}},{"type":"Feature","properties":{"Cell_ID":111,"Area_ha":1.0,"LC":"6:0.354966,7:0.200251,9:0.142114,17:0.195278","XMIN":702614.86160847,"YMIN":8513673.39404814,"XMAX":702714.86160847,"YMAX":8513773.39404814},"geometry":{"type":"Polygon","coordinates":[[[-73.12761204238329,-13.437849381323208],[-73.12761905660251,-13.436945626215808],[-73.12854236084735,-13.436952489982243],[-73.12853535008205,-13.43785624556801],[-73.12761204238329,-13.437849381323208]]]}},{"type":"Feature","properties":{"Cell_ID":112,"Area_ha":1.0,"LC":"5:0.001939,7:0.280847,9:0.081810,17:0.635404","XMIN":702614.86160847,"YMIN":8513573.39404814,"XMAX":702714.86160847,"YMAX":8513673.39404814},"geometry":{"type":"Polygon","coordinates":[[[-73.12760502764846,-13.438753136362278],[-73.12761204238329,-13.437849381323208],[-73.12853535008205,-13.43785624556801],[-73.12852833880137,-13.438760001085447],[-73.12760502764846,-13.438753136362278]]]}},{"type":"Feature","properties":{"Cell_ID":113,"Area_ha":1.0,"LC":"5:0.001939,7:0.202780,16:0.117214,17:0.678067","XMIN":702614.86160847,"YMIN":8513473.39404814,"XMAX":702714.86160847,"YMAX":8513573.39404814},"geometry":{"type":"Polygon","coordinates":[[[-73.12759801239801,-13.439656891333009],[-73.12760502764846,-13.438753136362278],[-73.12852833880137,-13.438760001085447],[-73.12852132700534,-13.439663756534555],[-73.12759801239801,-13.439656891333009]]]}},{"type":"Feature","properties":{"Cell_ID":114,"Area_ha":1.0,"LC":"16:0.356248,17:0.484346,18:0.159407","XMIN":702614.86160847,"YMIN":8513373.39404814,"XMAX":702714.86160847,"YMAX":8513473.39404814},"geometry":{"type":"Polygon","coordinates":[[[-73.12759099663192,-13.440560646235408],[-73.12759801239801,-13.439656891333009],[-73.12852132700534,-13.439663756534555],[-73.12851431469393,-13.440567511915333],[-73.12759099663192,-13.440560646235408]]]}},{"type":"Feature","properties":{"Cell_ID":115,"Area_ha":1.0,"LC":"13:0.079153,16:0.680257,17:0.000966,18:0.239624","XMIN":702614.86160847,"YMIN":8513273.39404814,"XMAX":702714.86160847,"YMAX":8513373.39404814},"geometry":{"type":"Polygon","coordinates":[[[-73.12758398035021,-13.441464401069465],[-73.12759099663192,-13.440560646235408],[-73.12851431469393,-13.440567511915333],[-73.12850730186715,-13.441471267227772],[-73.12758398035021,-13.441464401069465]]]}},{"type":"Feature","properties":{"Cell_ID":116,"Area_ha":1.0,"LC":"9:0.122318,13:0.038908,16:0.838774","XMIN":702614.86160847,"YMIN":8513173.39404814,"XMAX":702714.86160847,"YMAX":8513273.39404814},"geometry":{"type":"Polygon","coordinates":[[[-73.12757696355284,-13.442368155835176],[-73.12758398035021,-13.441464401069465],[-73.12850730186715,-13.441471267227772],[-73.12850028852496,-13.44237502247187],[-73.12757696355284,-13.442368155835176]]]}},{"type":"Feature","properties":{"Cell_ID":117,"Area_ha":1.0,"LC":"9:0.802187,16:0.197813","XMIN":702614.86160847,"YMIN":8513073.39404814,"XMAX":702714.86160847,"YMAX":8513173.39404814},"geometry":{"type":"Polygon","coordinates":[[[-73.12756994623983,-13.443271910532538],[-73.12757696355284,-13.442368155835176],[-73.12850028852496,-13.44237502247187],[-73.12849327466739,-13.443278777647619],[-73.12756994623983,-13.443271910532538]]]}},{"type":"Feature","properties":{"Cell_ID":118,"Area_ha":1.0,"LC":"5:0.316122,9:0.681939,16:0.001939","XMIN":702614.86160847,"YMIN":8512973.39404814,"XMAX":702714.86160847,"YMAX":8513073.39404814},"geometry":{"type":"Polygon","coordinates":[[[-73.12756292841115,-13.444175665161541],[-73.12756994623983,-13.443271910532538],[-73.12849327466739,-13.443278777647619],[-73.1284862602944,-13.444182532755018],[-73.12756292841115,-13.444175665161541]]]}},{"type":"Feature","properties":{"Cell_ID":119,"Area_ha":1.0,"LC":"9:1.000000","XMIN":702614.86160847,"YMIN":8512873.39404814,"XMAX":702714.86160847,"YMAX":8512973.39404814},"geometry":{"type":"Polygon","coordinates":[[[-73.12755591006679,-13.445079419722191],[-73.12756292841115,-13.444175665161541],[-73.1284862602944,-13.444182532755018],[-73.12847924540597,-13.445086287794059],[-73.12755591006679,-13.445079419722191]]]}},{"type":"Feature","properties":{"Cell_ID":120,"Area_ha":1.0,"LC":"5:0.202566,9:0.797434","XMIN":702614.86160847,"YMIN":8512773.39404814,"XMAX":702714.86160847,"YMAX":8512873.39404814},"geometry":{"type":"Polygon","coordinates":[[[-73.12754889120674,-13.445983174214478],[-73.12755591006679,-13.445079419722191],[-73.12847924540597,-13.445086287794059],[-73.12847223000212,-13.445990042764743],[-73.12754889120674,-13.445983174214478]]]}},{"type":"Feature","properties":{"Cell_ID":121,"Area_ha":1.0,"LC":"5:0.958777,9:0.040251,13:0.000973","XMIN":702614.86160847,"YMIN":8512673.39404814,"XMAX":702714.86160847,"YMAX":8512773.39404814},"geometry":{"type":"Polygon","coordinates":[[[-73.127541871831,-13.446886928638394],[-73.12754889120674,-13.445983174214478],[-73.12847223000212,-13.445990042764743],[-73.12846521408284,-13.446893797667062],[-73.127541871831,-13.446886928638394]]]}},{"type":"Feature","properties":{"Cell_ID":122,"Area_ha":1.0,"LC":"5:0.395749,9:0.601346,13:0.002905","XMIN":702614.86160847,"YMIN":8512573.39404814,"XMAX":702714.86160847,"YMAX":8512673.39404814},"geometry":{"type":"Polygon","coordinates":[[[-73.12753485193956,-13.44779068299394],[-73.127541871831,-13.446886928638394],[-73.12846521408284,-13.446893797667062],[-73.1284581976481,-13.447797552501013],[-73.12753485193956,-13.44779068299394]]]}},{"type":"Feature","properties":{"Cell_ID":123,"Area_ha":1.0,"LC":"5:0.196495,9:0.800593,13:0.002911","XMIN":702614.86160847,"YMIN":8512473.39404814,"XMAX":702714.86160847,"YMAX":8512573.39404814},"geometry":{"type":"Polygon","coordinates":[[[-73.1275278315324,-13.448694437281107],[-73.12753485193956,-13.44779068299394],[-73.1284581976481,-13.447797552501013],[-73.12845118069791,-13.448701307266592],[-73.1275278315324,-13.448694437281107]]]}},{"type":"Feature","properties":{"Cell_ID":124,"Area_ha":1.0,"LC":"5:0.721101,9:0.159749,13:0.119150","XMIN":702614.86160847,"YMIN":8512373.39404814,"XMAX":702714.86160847,"YMAX":8512473.39404814},"geometry":{"type":"Polygon","coordinates":[[[-73.12752081060954,-13.449598191499899],[-73.1275278315324,-13.448694437281107],[-73.12845118069791,-13.448701307266592],[-73.12844416323226,-13.449605061963796],[-73.12752081060954,-13.449598191499899]]]}},{"type":"Feature","properties":{"Cell_ID":125,"Area_ha":1.0,"LC":"5:0.961092,13:0.038908","XMIN":702614.86160847,"YMIN":8512273.39404814,"XMAX":702714.86160847,"YMAX":8512373.39404814},"geometry":{"type":"Polygon","coordinates":[[[-73.12751378917093,-13.450501945650306],[-73.12752081060954,-13.449598191499899],[-73.12844416323226,-13.449605061963796],[-73.12843714525111,-13.450508816592619],[-73.12751378917093,-13.450501945650306]]]}},{"type":"Feature","properties":{"Cell_ID":126,"Area_ha":1.0,"LC":"5:0.596464,9:0.120969,13:0.282566","XMIN":702614.86160847,"YMIN":8512173.39404814,"XMAX":702714.86160847,"YMAX":8512273.39404814},"geometry":{"type":"Polygon","coordinates":[[[-73.1275067672166,-13.45140569973232],[-73.12751378917093,-13.450501945650306],[-73.12843714525111,-13.450508816592619],[-73.1284301267545,-13.451412571153051],[-73.1275067672166,-13.45140569973232]]]}},{"type":"Feature","properties":{"Cell_ID":127,"Area_ha":1.0,"LC":"9:0.162318,13:0.837682","XMIN":702614.86160847,"YMIN":8512073.39404814,"XMAX":702714.86160847,"YMAX":8512173.39404814},"geometry":{"type":"Polygon","coordinates":[[[-73.1274997447465,-13.452309453745944],[-73.1275067672166,-13.45140569973232],[-73.1284301267545,-13.451412571153051],[-73.12842310774239,-13.4523163256451],[-73.1274997447465,-13.452309453745944]]]}},{"type":"Feature","properties":{"Cell_ID":128,"Area_ha":1.0,"LC":"9:0.200590,13:0.799410","XMIN":702614.86160847,"YMIN":8511973.39404814,"XMAX":702714.86160847,"YMAX":8512073.39404814},"geometry":{"type":"Polygon","coordinates":[[[-73.12749272176065,-13.453213207691169],[-73.1274997447465,-13.452309453745944],[-73.12842310774239,-13.4523163256451],[-73.12841608821476,-13.45322008006875],[-73.12749272176065,-13.453213207691169]]]}},{"type":"Feature","properties":{"Cell_ID":129,"Area_ha":1.0,"LC":"9:0.239658,13:0.760342","XMIN":702614.86160847,"YMIN":8511873.39404814,"XMAX":702714.86160847,"YMAX":8511973.39404814},"geometry":{"type":"Polygon","coordinates":[[[-73.12748569825904,-13.454116961567994],[-73.12749272176065,-13.453213207691169],[-73.12841608821476,-13.45322008006875],[-73.12840906817162,-13.454123834424008],[-73.12748569825904,-13.454116961567994]]]}},{"type":"Feature","properties":{"Cell_ID":130,"Area_ha":1.0,"LC":"5:0.313913,7:0.436844,9:0.006984,17:0.000122","XMIN":702714.86160847,"YMIN":8513473.39404814,"XMAX":702814.86160847,"YMAX":8513573.39404814},"geometry":{"type":"Polygon","coordinates":[[[-73.12667469830632,-13.4396500227499],[-73.12668171701117,-13.438746268257777],[-73.12760502764846,-13.438753136362278],[-73.12759801239801,-13.439656891333009],[-73.12667469830632,-13.4396500227499]]]}},{"type":"Feature","properties":{"Cell_ID":131,"Area_ha":1.0,"LC":"5:0.564342,17:0.435658","XMIN":702714.86160847,"YMIN":8513373.39404814,"XMAX":702814.86160847,"YMAX":8513473.39404814},"geometry":{"type":"Polygon","coordinates":[[[-73.12666767908556,-13.440553777173687],[-73.12667469830632,-13.4396500227499],[-73.12759801239801,-13.439656891333009],[-73.12759099663192,-13.440560646235408],[-73.12666767908556,-13.440553777173687]]]}},{"type":"Feature","properties":{"Cell_ID":132,"Area_ha":1.0,"LC":"16:0.517719,17:0.482281","XMIN":702714.86160847,"YMIN":8513273.39404814,"XMAX":702814.86160847,"YMAX":8513373.39404814},"geometry":{"type":"Polygon","coordinates":[[[-73.12666065934893,-13.441457531529124],[-73.12666767908556,-13.440553777173687],[-73.12759099663192,-13.440560646235408],[-73.12758398035021,-13.441464401069465],[-73.12666065934893,-13.441457531529124]]]}},{"type":"Feature","properties":{"Cell_ID":133,"Area_ha":1.0,"LC":"9:0.602566,16:0.397434","XMIN":702714.86160847,"YMIN":8513173.39404814,"XMAX":702814.86160847,"YMAX":8513273.39404814},"geometry":{"type":"Polygon","coordinates":[[[-73.12665363909639,-13.442361285816215],[-73.12666065934893,-13.441457531529124],[-73.12758398035021,-13.441464401069465],[-73.12757696355284,-13.442368155835176],[-73.12665363909639,-13.442361285816215]]]}},{"type":"Feature","properties":{"Cell_ID":134,"Area_ha":1.0,"LC":"9:0.799624,16:0.200376","XMIN":702714.86160847,"YMIN":8513073.39404814,"XMAX":702814.86160847,"YMAX":8513173.39404814},"geometry":{"type":"Polygon","coordinates":[[[-73.12664661832795,-13.443265040034953],[-73.12665363909639,-13.442361285816215],[-73.12757696355284,-13.442368155835176],[-73.12756994623983,-13.443271910532538],[-73.12664661832795,-13.443265040034953]]]}},{"type":"Feature","properties":{"Cell_ID":135,"Area_ha":1.0,"LC":"9:0.520376,13:0.000969,16:0.478654","XMIN":702714.86160847,"YMIN":8512973.39404814,"XMAX":702814.86160847,"YMAX":8513073.39404814},"geometry":{"type":"Polygon","coordinates":[[[-73.12663959704356,-13.44416879418533],[-73.12664661832795,-13.443265040034953],[-73.12756994623983,-13.443271910532538],[-73.12756292841115,-13.444175665161541],[-73.12663959704356,-13.44416879418533]]]}},{"type":"Feature","properties":{"Cell_ID":136,"Area_ha":1.0,"LC":"9:1.000000","XMIN":702714.86160847,"YMIN":8512873.39404814,"XMAX":702814.86160847,"YMAX":8512973.39404814},"geometry":{"type":"Polygon","coordinates":[[[-73.12663257524328,-13.445072548267348],[-73.12663959704356,-13.44416879418533],[-73.12756292841115,-13.444175665161541],[-73.12755591006679,-13.445079419722191],[-73.12663257524328,-13.445072548267348]]]}},{"type":"Feature","properties":{"Cell_ID":137,"Area_ha":1.0,"LC":"5:0.120376,9:0.879624","XMIN":702714.86160847,"YMIN":8512773.39404814,"XMAX":702814.86160847,"YMAX":8512873.39404814},"geometry":{"type":"Polygon","coordinates":[[[-73.12662555292705,-13.445976302280998],[-73.12663257524328,-13.445072548267348],[-73.12755591006679,-13.445079419722191],[-73.12754889120674,-13.445983174214478],[-73.12662555292705,-13.445976302280998]]]}},{"type":"Feature","properties":{"Cell_ID":138,"Area_ha":1.0,"LC":"5:0.440593,9:0.520003,13:0.039404","XMIN":702714.86160847,"YMIN":8512673.39404814,"XMAX":702814.86160847,"YMAX":8512773.39404814},"geometry":{"type":"Polygon","coordinates":[[[-73.12661853009486,-13.446880056226279],[-73.12662555292705,-13.445976302280998],[-73.12754889120674,-13.445983174214478],[-73.127541871831,-13.446886928638394],[-73.12661853009486,-13.446880056226279]]]}},{"type":"Feature","properties":{"Cell_ID":139,"Area_ha":1.0,"LC":"9:0.240838,13:0.759162","XMIN":702714.86160847,"YMIN":8512573.39404814,"XMAX":702814.86160847,"YMAX":8512673.39404814},"geometry":{"type":"Polygon","coordinates":[[[-73.12661150674673,-13.44778381010318],[-73.12661853009486,-13.446880056226279],[-73.127541871831,-13.446886928638394],[-73.12753485193956,-13.44779068299394],[-73.12661150674673,-13.44778381010318]]]}},{"type":"Feature","properties":{"Cell_ID":140,"Area_ha":1.0,"LC":"9:0.077939,13:0.922061","XMIN":702714.86160847,"YMIN":8512473.39404814,"XMAX":702814.86160847,"YMAX":8512573.39404814},"geometry":{"type":"Polygon","coordinates":[[[-73.12660448288263,-13.448687563911708],[-73.12661150674673,-13.44778381010318],[-73.12753485193956,-13.44779068299394],[-73.1275278315324,-13.448694437281107],[-73.12660448288263,-13.448687563911708]]]}},{"type":"Feature","properties":{"Cell_ID":141,"Area_ha":1.0,"LC":"5:0.117214,9:0.000125,13:0.882661","XMIN":702714.86160847,"YMIN":8512373.39404814,"XMAX":702814.86160847,"YMAX":8512473.39404814},"geometry":{"type":"Polygon","coordinates":[[[-73.12659745850256,-13.449591317651851],[-73.12660448288263,-13.448687563911708],[-73.1275278315324,-13.448694437281107],[-73.12752081060954,-13.449598191499899],[-73.12659745850256,-13.449591317651851]]]}},{"type":"Feature","properties":{"Cell_ID":142,"Area_ha":1.0,"LC":"5:0.195153,9:0.200000,13:0.604847","XMIN":702714.86160847,"YMIN":8512273.39404814,"XMAX":702814.86160847,"YMAX":8512373.39404814},"geometry":{"type":"Polygon","coordinates":[[[-73.1265904336065,-13.450495071323603],[-73.12659745850256,-13.449591317651851],[-73.12752081060954,-13.449598191499899],[-73.12751378917093,-13.450501945650306],[-73.1265904336065,-13.450495071323603]]]}},{"type":"Feature","properties":{"Cell_ID":143,"Area_ha":1.0,"LC":"5:0.077939,9:0.158905,13:0.763156","XMIN":702714.86160847,"YMIN":8512173.39404814,"XMAX":702814.86160847,"YMAX":8512273.39404814},"geometry":{"type":"Polygon","coordinates":[[[-73.12658340819443,-13.451398824926963],[-73.1265904336065,-13.450495071323603],[-73.12751378917093,-13.450501945650306],[-73.1275067672166,-13.45140569973232],[-73.12658340819443,-13.451398824926963]]]}},{"type":"Feature","properties":{"Cell_ID":144,"Area_ha":1.0,"LC":"9:0.398688,13:0.601312","XMIN":702714.86160847,"YMIN":8512073.39404814,"XMAX":702814.86160847,"YMAX":8512173.39404814},"geometry":{"type":"Polygon","coordinates":[[[-73.12657638226638,-13.452302578461929],[-73.12658340819443,-13.451398824926963],[-73.1275067672166,-13.45140569973232],[-73.1274997447465,-13.452309453745944],[-73.12657638226638,-13.452302578461929]]]}},{"type":"Feature","properties":{"Cell_ID":145,"Area_ha":1.0,"LC":"9:0.359498,13:0.640502","XMIN":702714.86160847,"YMIN":8511973.39404814,"XMAX":702814.86160847,"YMAX":8512073.39404814},"geometry":{"type":"Polygon","coordinates":[[[-73.1265693558223,-13.453206331928495],[-73.12657638226638,-13.452302578461929],[-73.1274997447465,-13.452309453745944],[-73.12749272176065,-13.453213207691169],[-73.1265693558223,-13.453206331928495]]]}},{"type":"Feature","properties":{"Cell_ID":146,"Area_ha":1.0,"LC":"9:0.561471,13:0.438529","XMIN":702714.86160847,"YMIN":8511873.39404814,"XMAX":702814.86160847,"YMAX":8511973.39404814},"geometry":{"type":"Polygon","coordinates":[[[-73.12656232886222,-13.454110085326652],[-73.1265693558223,-13.453206331928495],[-73.12749272176065,-13.453213207691169],[-73.12748569825904,-13.454116961567994],[-73.12656232886222,-13.454110085326652]]]}},{"type":"Feature","properties":{"Cell_ID":147,"Area_ha":1.0,"LC":"9:1.000000","XMIN":702714.86160847,"YMIN":8511773.39404814,"XMAX":702814.86160847,"YMAX":8511873.39404814},"geometry":{"type":"Polygon","coordinates":[[[-73.1265553013861,-13.455013838656404],[-73.12656232886222,-13.454110085326652],[-73.12748569825904,-13.454116961567994],[-73.12747867424164,-13.455020715376413],[-73.1265553013861,-13.455013838656404]]]}},{"type":"Feature","properties":{"Cell_ID":148,"Area_ha":1.0,"LC":"5:0.417261,14:0.298929,17:0.000373","XMIN":702814.86160847,"YMIN":8513373.39404814,"XMAX":702914.86160847,"YMAX":8513473.39404814},"geometry":{"type":"Polygon","coordinates":[[[-73.12574436205507,-13.440546904730173],[-73.12575138473048,-13.43964315078524],[-73.12667469830632,-13.4396500227499],[-73.12666767908556,-13.440553777173687],[-73.12574436205507,-13.440546904730173]]]}},{"type":"Feature","properties":{"Cell_ID":149,"Area_ha":1.0,"LC":"5:0.080716,16:0.039658,17:0.879627","XMIN":702814.86160847,"YMIN":8513273.39404814,"XMAX":702914.86160847,"YMAX":8513373.39404814},"geometry":{"type":"Polygon","coordinates":[[[-73.12573733886354,-13.44145065860676],[-73.12574436205507,-13.440546904730173],[-73.12666767908556,-13.440553777173687],[-73.12666065934893,-13.441457531529124],[-73.12573733886354,-13.44145065860676]]]}},{"type":"Feature","properties":{"Cell_ID":150,"Area_ha":1.0,"LC":"5:0.000003,9:0.798560,13:0.002064,16:0.199373","XMIN":702814.86160847,"YMIN":8513173.39404814,"XMAX":702914.86160847,"YMAX":8513273.39404814},"geometry":{"type":"Polygon","coordinates":[[[-73.12573031515583,-13.442354412414996],[-73.12573733886354,-13.44145065860676],[-73.12666065934893,-13.441457531529124],[-73.12665363909639,-13.442361285816215],[-73.12573031515583,-13.442354412414996]]]}},{"type":"Feature","properties":{"Cell_ID":151,"Area_ha":1.0,"LC":"5:0.124973,9:0.354776,13:0.520251","XMIN":702814.86160847,"YMIN":8513073.39404814,"XMAX":702914.86160847,"YMAX":8513173.39404814},"geometry":{"type":"Polygon","coordinates":[[[-73.12572329093197,-13.443258166154871],[-73.12573031515583,-13.442354412414996],[-73.12665363909639,-13.442361285816215],[-73.12664661832795,-13.443265040034953],[-73.12572329093197,-13.443258166154871]]]}},{"type":"Feature","properties":{"Cell_ID":152,"Area_ha":1.0,"LC":"5:0.120841,9:0.200505,13:0.318654,16:0.360000","XMIN":702814.86160847,"YMIN":8512973.39404814,"XMAX":702914.86160847,"YMAX":8513073.39404814},"geometry":{"type":"Polygon","coordinates":[[[-73.12571626619193,-13.444161919826387],[-73.12572329093197,-13.443258166154871],[-73.12664661832795,-13.443265040034953],[-73.12663959704356,-13.44416879418533],[-73.12571626619193,-13.444161919826387]]]}},{"type":"Feature","properties":{"Cell_ID":153,"Area_ha":1.0,"LC":"9:1.000000","XMIN":702814.86160847,"YMIN":8512873.39404814,"XMAX":702914.86160847,"YMAX":8512973.39404814},"geometry":{"type":"Polygon","coordinates":[[[-73.1257092409357,-13.445065673429538],[-73.12571626619193,-13.444161919826387],[-73.12663959704356,-13.44416879418533],[-73.12663257524328,-13.445072548267348],[-73.1257092409357,-13.445065673429538]]]}},{"type":"Feature","properties":{"Cell_ID":154,"Area_ha":1.0,"LC":"5:0.439658,9:0.560342","XMIN":702814.86160847,"YMIN":8512773.39404814,"XMAX":702914.86160847,"YMAX":8512873.39404814},"geometry":{"type":"Polygon","coordinates":[[[-73.1257022151633,-13.445969426964318],[-73.1257092409357,-13.445065673429538],[-73.12663257524328,-13.445072548267348],[-73.12662555292705,-13.445976302280998],[-73.1257022151633,-13.445969426964318]]]}},{"type":"Feature","properties":{"Cell_ID":155,"Area_ha":1.0,"LC":"5:0.999749,9:0.000251","XMIN":702814.86160847,"YMIN":8512673.39404814,"XMAX":702914.86160847,"YMAX":8512773.39404814},"geometry":{"type":"Polygon","coordinates":[[[-73.12569518887469,-13.446873180430726],[-73.1257022151633,-13.445969426964318],[-73.12662555292705,-13.445976302280998],[-73.12661853009486,-13.446880056226279],[-73.12569518887469,-13.446873180430726]]]}},{"type":"Feature","properties":{"Cell_ID":156,"Area_ha":1.0,"LC":"5:0.239624,9:0.359749,13:0.400627","XMIN":702814.86160847,"YMIN":8512573.39404814,"XMAX":702914.86160847,"YMAX":8512673.39404814},"geometry":{"type":"Polygon","coordinates":[[[-73.12568816206986,-13.44777693382875],[-73.12569518887469,-13.446873180430726],[-73.12661853009486,-13.446880056226279],[-73.12661150674673,-13.44778381010318],[-73.12568816206986,-13.44777693382875]]]}},{"type":"Feature","properties":{"Cell_ID":157,"Area_ha":1.0,"LC":"9:0.161098,13:0.838902","XMIN":702814.86160847,"YMIN":8512473.39404814,"XMAX":702914.86160847,"YMAX":8512573.39404814},"geometry":{"type":"Polygon","coordinates":[[[-73.12568113474882,-13.448680687158395],[-73.12568816206986,-13.44777693382875],[-73.12661150674673,-13.44778381010318],[-73.12660448288263,-13.448687563911708],[-73.12568113474882,-13.448680687158395]]]}},{"type":"Feature","properties":{"Cell_ID":158,"Area_ha":1.0,"LC":"9:0.040841,13:0.959159","XMIN":702814.86160847,"YMIN":8512373.39404814,"XMAX":702914.86160847,"YMAX":8512473.39404814},"geometry":{"type":"Polygon","coordinates":[[[-73.12567410691155,-13.449584440419656],[-73.12568113474882,-13.448680687158395],[-73.12660448288263,-13.448687563911708],[-73.12659745850256,-13.449591317651851],[-73.12567410691155,-13.449584440419656]]]}},{"type":"Feature","properties":{"Cell_ID":159,"Area_ha":1.0,"LC":"13:1.000000","XMIN":702814.86160847,"YMIN":8512273.39404814,"XMAX":702914.86160847,"YMAX":8512373.39404814},"geometry":{"type":"Polygon","coordinates":[[[-73.12566707855804,-13.45048819361252],[-73.12567410691155,-13.449584440419656],[-73.12659745850256,-13.449591317651851],[-73.1265904336065,-13.450495071323603],[-73.12566707855804,-13.45048819361252]]]}},{"type":"Feature","properties":{"Cell_ID":160,"Area_ha":1.0,"LC":"13:1.000000","XMIN":702814.86160847,"YMIN":8512173.39404814,"XMAX":702914.86160847,"YMAX":8512273.39404814},"geometry":{"type":"Polygon","coordinates":[[[-73.12566004968828,-13.45139194673699],[-73.12566707855804,-13.45048819361252],[-73.1265904336065,-13.450495071323603],[-73.12658340819443,-13.451398824926963],[-73.12566004968828,-13.45139194673699]]]}},{"type":"Feature","properties":{"Cell_ID":161,"Area_ha":1.0,"LC":"9:0.000122,13:0.999878","XMIN":702814.86160847,"YMIN":8512073.39404814,"XMAX":702914.86160847,"YMAX":8512173.39404814},"geometry":{"type":"Polygon","coordinates":[[[-73.12565302030227,-13.452295699793064],[-73.12566004968828,-13.45139194673699],[-73.12658340819443,-13.451398824926963],[-73.12657638226638,-13.452302578461929],[-73.12565302030227,-13.452295699793064]]]}},{"type":"Feature","properties":{"Cell_ID":162,"Area_ha":1.0,"LC":"9:0.038908,13:0.961092","XMIN":702814.86160847,"YMIN":8511973.39404814,"XMAX":702914.86160847,"YMAX":8512073.39404814},"geometry":{"type":"Polygon","coordinates":[[[-73.12564599039999,-13.453199452780726],[-73.12565302030227,-13.452295699793064],[-73.12657638226638,-13.452302578461929],[-73.1265693558223,-13.453206331928495],[-73.12564599039999,-13.453199452780726]]]}},{"type":"Feature","properties":{"Cell_ID":163,"Area_ha":1.0,"LC":"9:0.201343,13:0.798657","XMIN":702814.86160847,"YMIN":8511873.39404814,"XMAX":702914.86160847,"YMAX":8511973.39404814},"geometry":{"type":"Polygon","coordinates":[[[-73.12563895998143,-13.454103205699989],[-73.12564599039999,-13.453199452780726],[-73.1265693558223,-13.453206331928495],[-73.12656232886222,-13.454110085326652],[-73.12563895998143,-13.454103205699989]]]}},{"type":"Feature","properties":{"Cell_ID":164,"Area_ha":1.0,"LC":"9:0.675278,13:0.324722","XMIN":702814.86160847,"YMIN":8511773.39404814,"XMAX":702914.86160847,"YMAX":8511873.39404814},"geometry":{"type":"Polygon","coordinates":[[[-73.12563192904659,-13.455006958550833],[-73.12563895998143,-13.454103205699989],[-73.12656232886222,-13.454110085326652],[-73.1265553013861,-13.455013838656404],[-73.12563192904659,-13.455006958550833]]]}},{"type":"Feature","properties":{"Cell_ID":165,"Area_ha":1.0,"LC":"5:0.118657,9:0.080969,14:0.080716,16:0.000624,17:0.719034","XMIN":702914.86160847,"YMIN":8513273.39404814,"XMAX":703014.86160847,"YMAX":8513373.39404814},"geometry":{"type":"Polygon","coordinates":[[[-73.1248140188943,-13.441443782302382],[-73.12482104554074,-13.44054002890488],[-73.12574436205507,-13.440546904730173],[-73.12573733886354,-13.44145065860676],[-73.1248140188943,-13.441443782302382]]]}},{"type":"Feature","properties":{"Cell_ID":166,"Area_ha":1.0,"LC":"5:0.080373,9:0.158187,13:0.562067,16:0.198406,17:0.000966","XMIN":702914.86160847,"YMIN":8513173.39404814,"XMAX":703014.86160847,"YMAX":8513273.39404814},"geometry":{"type":"Polygon","coordinates":[[[-73.12480699173145,-13.442347535631521],[-73.1248140188943,-13.441443782302382],[-73.12573733886354,-13.44145065860676],[-73.12573031515583,-13.442354412414996],[-73.12480699173145,-13.442347535631521]]]}},{"type":"Feature","properties":{"Cell_ID":167,"Area_ha":1.0,"LC":"5:0.675278,9:0.283881,13:0.040841","XMIN":702914.86160847,"YMIN":8513073.39404814,"XMAX":703014.86160847,"YMAX":8513173.39404814},"geometry":{"type":"Polygon","coordinates":[[[-73.12479996405217,-13.443251288892307],[-73.12480699173145,-13.442347535631521],[-73.12573031515583,-13.442354412414996],[-73.12572329093197,-13.443258166154871],[-73.12479996405217,-13.443251288892307]]]}},{"type":"Feature","properties":{"Cell_ID":168,"Area_ha":1.0,"LC":"5:0.281440,9:0.639278,16:0.079281","XMIN":702914.86160847,"YMIN":8512973.39404814,"XMAX":703014.86160847,"YMAX":8513073.39404814},"geometry":{"type":"Polygon","coordinates":[[[-73.12479293585648,-13.444155042084722],[-73.12479996405217,-13.443251288892307],[-73.12572329093197,-13.443258166154871],[-73.12571626619193,-13.444161919826387],[-73.12479293585648,-13.444155042084722]]]}},{"type":"Feature","properties":{"Cell_ID":169,"Area_ha":1.0,"LC":"5:0.163288,9:0.756963,16:0.079749","XMIN":702914.86160847,"YMIN":8512873.39404814,"XMAX":703014.86160847,"YMAX":8512973.39404814},"geometry":{"type":"Polygon","coordinates":[[[-73.12478590714433,-13.44505879520877],[-73.12479293585648,-13.444155042084722],[-73.12571626619193,-13.444161919826387],[-73.1257092409357,-13.445065673429538],[-73.12478590714433,-13.44505879520877]]]}},{"type":"Feature","properties":{"Cell_ID":170,"Area_ha":1.0,"LC":"5:0.402780,9:0.597220","XMIN":702914.86160847,"YMIN":8512773.39404814,"XMAX":703014.86160847,"YMAX":8512873.39404814},"geometry":{"type":"Polygon","coordinates":[[[-73.12477887791576,-13.445962548264445],[-73.12478590714433,-13.44505879520877],[-73.1257092409357,-13.445065673429538],[-73.1257022151633,-13.445969426964318],[-73.12477887791576,-13.445962548264445]]]}},{"type":"Feature","properties":{"Cell_ID":171,"Area_ha":1.0,"LC":"5:0.519878,9:0.480122","XMIN":702914.86160847,"YMIN":8512673.39404814,"XMAX":703014.86160847,"YMAX":8512773.39404814},"geometry":{"type":"Polygon","coordinates":[[[-73.12477184817071,-13.446866301251744],[-73.12477887791576,-13.445962548264445],[-73.1257022151633,-13.445969426964318],[-73.12569518887469,-13.446873180430726],[-73.12477184817071,-13.446866301251744]]]}},{"type":"Feature","properties":{"Cell_ID":172,"Area_ha":1.0,"LC":"5:0.364973,9:0.556844,13:0.078183","XMIN":702914.86160847,"YMIN":8512573.39404814,"XMAX":703014.86160847,"YMAX":8512673.39404814},"geometry":{"type":"Polygon","coordinates":[[[-73.12476481790922,-13.447770054170654],[-73.12477184817071,-13.446866301251744],[-73.12569518887469,-13.446873180430726],[-73.12568816206986,-13.44777693382875],[-73.12476481790922,-13.447770054170654]]]}},{"type":"Feature","properties":{"Cell_ID":173,"Area_ha":1.0,"LC":"5:0.404847,9:0.319153,13:0.276000","XMIN":702914.86160847,"YMIN":8512473.39404814,"XMAX":703014.86160847,"YMAX":8512573.39404814},"geometry":{"type":"Polygon","coordinates":[[[-73.12475778713124,-13.448673807021187],[-73.12476481790922,-13.447770054170654],[-73.12568816206986,-13.44777693382875],[-73.12568113474882,-13.448680687158395],[-73.12475778713124,-13.448673807021187]]]}},{"type":"Feature","properties":{"Cell_ID":174,"Area_ha":1.0,"LC":"5:0.161685,9:0.360596,13:0.477719","XMIN":702914.86160847,"YMIN":8512373.39404814,"XMAX":703014.86160847,"YMAX":8512473.39404814},"geometry":{"type":"Polygon","coordinates":[[[-73.12475075583679,-13.449577559803325],[-73.12475778713124,-13.448673807021187],[-73.12568113474882,-13.448680687158395],[-73.12567410691155,-13.449584440419656],[-73.12475075583679,-13.449577559803325]]]}},{"type":"Feature","properties":{"Cell_ID":175,"Area_ha":1.0,"LC":"13:1.000000","XMIN":702914.86160847,"YMIN":8512273.39404814,"XMAX":703014.86160847,"YMAX":8512373.39404814},"geometry":{"type":"Polygon","coordinates":[[[-73.12474372402582,-13.45048131251707],[-73.12475075583679,-13.449577559803325],[-73.12567410691155,-13.449584440419656],[-73.12566707855804,-13.45048819361252],[-73.12474372402582,-13.45048131251707]]]}},{"type":"Feature","properties":{"Cell_ID":176,"Area_ha":1.0,"LC":"13:1.000000","XMIN":702914.86160847,"YMIN":8512173.39404814,"XMAX":703014.86160847,"YMAX":8512273.39404814},"geometry":{"type":"Polygon","coordinates":[[[-73.12473669169839,-13.45138506516241],[-73.12474372402582,-13.45048131251707],[-73.12566707855804,-13.45048819361252],[-73.12566004968828,-13.45139194673699],[-73.12473669169839,-13.45138506516241]]]}},{"type":"Feature","properties":{"Cell_ID":177,"Area_ha":1.0,"LC":"9:0.002444,13:0.997556","XMIN":702914.86160847,"YMIN":8512073.39404814,"XMAX":703014.86160847,"YMAX":8512173.39404814},"geometry":{"type":"Polygon","coordinates":[[[-73.12472965885442,-13.452288817739355],[-73.12473669169839,-13.45138506516241],[-73.12566004968828,-13.45139194673699],[-73.12565302030227,-13.452295699793064],[-73.12472965885442,-13.452288817739355]]]}},{"type":"Feature","properties":{"Cell_ID":178,"Area_ha":1.0,"LC":"9:0.284346,13:0.715654","XMIN":702914.86160847,"YMIN":8511973.39404814,"XMAX":703014.86160847,"YMAX":8512073.39404814},"geometry":{"type":"Polygon","coordinates":[[[-73.12472262549394,-13.453192570247886],[-73.12472965885442,-13.452288817739355],[-73.12565302030227,-13.452295699793064],[-73.12564599039999,-13.453199452780726],[-73.12472262549394,-13.453192570247886]]]}},{"type":"Feature","properties":{"Cell_ID":179,"Area_ha":1.0,"LC":"9:0.641346,13:0.358654","XMIN":702914.86160847,"YMIN":8511873.39404814,"XMAX":703014.86160847,"YMAX":8511973.39404814},"geometry":{"type":"Polygon","coordinates":[[[-73.12471559161693,-13.454096322688006],[-73.12472262549394,-13.453192570247886],[-73.12564599039999,-13.453199452780726],[-73.12563895998143,-13.454103205699989],[-73.12471559161693,-13.454096322688006]]]}},{"type":"Feature","properties":{"Cell_ID":180,"Area_ha":1.0,"LC":"9:0.161560,13:0.838440","XMIN":702914.86160847,"YMIN":8511773.39404814,"XMAX":703014.86160847,"YMAX":8511873.39404814},"geometry":{"type":"Polygon","coordinates":[[[-73.12470855722339,-13.455000075059715],[-73.12471559161693,-13.454096322688006],[-73.12563895998143,-13.454103205699989],[-73.12563192904659,-13.455006958550833],[-73.12470855722339,-13.455000075059715]]]}},{"type":"Feature","properties":{"Cell_ID":181,"Area_ha":1.0,"LC":"9:0.321098,14:0.199373,17:0.479529","XMIN":703014.86160847,"YMIN":8513273.39404814,"XMAX":703114.86160847,"YMAX":8513373.39404814},"geometry":{"type":"Polygon","coordinates":[[[-73.12389069944147,-13.441436902615996],[-73.12389772954282,-13.44053314969782],[-73.12482104554074,-13.44054002890488],[-73.1248140188943,-13.441443782302382],[-73.12389069944147,-13.441436902615996]]]}},{"type":"Feature","properties":{"Cell_ID":182,"Area_ha":1.0,"LC":"9:0.201810,13:0.639658,17:0.158532","XMIN":703014.86160847,"YMIN":8513173.39404814,"XMAX":703114.86160847,"YMAX":8513273.39404814},"geometry":{"type":"Polygon","coordinates":[[[-73.12388366882348,-13.44234065546581],[-73.12389069944147,-13.441436902615996],[-73.1248140188943,-13.441443782302382],[-73.12480699173145,-13.442347535631521],[-73.12388366882348,-13.44234065546581]]]}},{"type":"Feature","properties":{"Cell_ID":183,"Area_ha":1.0,"LC":"5:0.164132,9:0.156245,13:0.679624","XMIN":703014.86160847,"YMIN":8513073.39404814,"XMAX":703114.86160847,"YMAX":8513173.39404814},"geometry":{"type":"Polygon","coordinates":[[[-73.1238766376888,-13.443244408247262],[-73.12388366882348,-13.44234065546581],[-73.12480699173145,-13.442347535631521],[-73.12479996405217,-13.443251288892307],[-73.1238766376888,-13.443244408247262]]]}},{"type":"Feature","properties":{"Cell_ID":184,"Area_ha":1.0,"LC":"5:0.640841,9:0.159410,13:0.199749","XMIN":703014.86160847,"YMIN":8512973.39404814,"XMAX":703114.86160847,"YMAX":8513073.39404814},"geometry":{"type":"Polygon","coordinates":[[[-73.12386960603746,-13.444148160960344],[-73.1238766376888,-13.443244408247262],[-73.12479996405217,-13.443251288892307],[-73.12479293585648,-13.444155042084722],[-73.12386960603746,-13.444148160960344]]]}},{"type":"Feature","properties":{"Cell_ID":185,"Area_ha":1.0,"LC":"5:0.800502,9:0.199498","XMIN":703014.86160847,"YMIN":8512873.39404814,"XMAX":703114.86160847,"YMAX":8512973.39404814},"geometry":{"type":"Polygon","coordinates":[[[-73.1238625738694,-13.44505191360505],[-73.12386960603746,-13.444148160960344],[-73.12479293585648,-13.444155042084722],[-73.12478590714433,-13.44505879520877],[-73.1238625738694,-13.44505191360505]]]}},{"type":"Feature","properties":{"Cell_ID":186,"Area_ha":1.0,"LC":"5:0.759749,9:0.240251","XMIN":703014.86160847,"YMIN":8512773.39404814,"XMAX":703114.86160847,"YMAX":8512873.39404814},"geometry":{"type":"Polygon","coordinates":[[[-73.12385554118465,-13.445955666181389],[-73.1238625738694,-13.44505191360505],[-73.12478590714433,-13.44505879520877],[-73.12477887791576,-13.445962548264445],[-73.12385554118465,-13.445955666181389]]]}},{"type":"Feature","properties":{"Cell_ID":187,"Area_ha":1.0,"LC":"5:0.560000,9:0.440000","XMIN":703014.86160847,"YMIN":8512673.39404814,"XMAX":703114.86160847,"YMAX":8512773.39404814},"geometry":{"type":"Polygon","coordinates":[[[-73.12384850798321,-13.446859418689343],[-73.12385554118465,-13.445955666181389],[-73.12477887791576,-13.445962548264445],[-73.12477184817071,-13.446866301251744],[-73.12384850798321,-13.446859418689343]]]}},{"type":"Feature","properties":{"Cell_ID":188,"Area_ha":1.0,"LC":"5:0.840251,9:0.159749","XMIN":703014.86160847,"YMIN":8512573.39404814,"XMAX":703114.86160847,"YMAX":8512673.39404814},"geometry":{"type":"Polygon","coordinates":[[[-73.12384147426505,-13.447763171128903],[-73.12384850798321,-13.446859418689343],[-73.12477184817071,-13.446866301251744],[-73.12476481790922,-13.447770054170654],[-73.12384147426505,-13.447763171128903]]]}},{"type":"Feature","properties":{"Cell_ID":189,"Area_ha":1.0,"LC":"5:0.999746,9:0.000254","XMIN":703014.86160847,"YMIN":8512473.39404814,"XMAX":703114.86160847,"YMAX":8512573.39404814},"geometry":{"type":"Polygon","coordinates":[[[-73.12383444003014,-13.448666923500083],[-73.12384147426505,-13.447763171128903],[-73.12476481790922,-13.447770054170654],[-73.12475778713124,-13.448673807021187],[-73.12383444003014,-13.448666923500083]]]}},{"type":"Feature","properties":{"Cell_ID":190,"Area_ha":1.0,"LC":"5:0.237688,9:0.558777,13:0.203536","XMIN":703014.86160847,"YMIN":8512373.39404814,"XMAX":703114.86160847,"YMAX":8512473.39404814},"geometry":{"type":"Polygon","coordinates":[[[-73.1238274052785,-13.44957067580287],[-73.12383444003014,-13.448666923500083],[-73.12475778713124,-13.448673807021187],[-73.12475075583679,-13.449577559803325],[-73.1238274052785,-13.44957067580287]]]}},{"type":"Feature","properties":{"Cell_ID":191,"Area_ha":1.0,"LC":"9:0.000003,13:0.999997","XMIN":703014.86160847,"YMIN":8512273.39404814,"XMAX":703114.86160847,"YMAX":8512373.39404814},"geometry":{"type":"Polygon","coordinates":[[[-73.12382037001014,-13.45047442803725],[-73.1238274052785,-13.44957067580287],[-73.12475075583679,-13.449577559803325],[-73.12474372402582,-13.45048131251707],[-73.12382037001014,-13.45047442803725]]]}},{"type":"Feature","properties":{"Cell_ID":192,"Area_ha":1.0,"LC":"9:0.445098,13:0.554902","XMIN":703014.86160847,"YMIN":8512173.39404814,"XMAX":703114.86160847,"YMAX":8512273.39404814},"geometry":{"type":"Polygon","coordinates":[[[-73.12381333422499,-13.451378180203232],[-73.12382037001014,-13.45047442803725],[-73.12474372402582,-13.45048131251707],[-73.12473669169839,-13.45138506516241],[-73.12381333422499,-13.451378180203232]]]}},{"type":"Feature","properties":{"Cell_ID":193,"Area_ha":1.0,"LC":"9:0.481214,13:0.518786","XMIN":703014.86160847,"YMIN":8512073.39404814,"XMAX":703114.86160847,"YMAX":8512173.39404814},"geometry":{"type":"Polygon","coordinates":[[[-73.1238062979231,-13.45228193230081],[-73.12381333422499,-13.451378180203232],[-73.12473669169839,-13.45138506516241],[-73.12472965885442,-13.452288817739355],[-73.1238062979231,-13.45228193230081]]]}},{"type":"Feature","properties":{"Cell_ID":194,"Area_ha":1.0,"LC":"9:0.795153,13:0.204847","XMIN":703014.86160847,"YMIN":8511973.39404814,"XMAX":703114.86160847,"YMAX":8512073.39404814},"geometry":{"type":"Polygon","coordinates":[[[-73.12379926110442,-13.453185684329974],[-73.1238062979231,-13.45228193230081],[-73.12472965885442,-13.452288817739355],[-73.12472262549394,-13.453192570247886],[-73.12379926110442,-13.453185684329974]]]}},{"type":"Feature","properties":{"Cell_ID":195,"Area_ha":1.0,"LC":"9:0.881098,13:0.118902","XMIN":703014.86160847,"YMIN":8511873.39404814,"XMAX":703114.86160847,"YMAX":8511973.39404814},"geometry":{"type":"Polygon","coordinates":[[[-73.12379222376897,-13.454089436290724],[-73.12379926110442,-13.453185684329974],[-73.12472262549394,-13.453192570247886],[-73.12471559161693,-13.454096322688006],[-73.12379222376897,-13.454089436290724]]]}},{"type":"Feature","properties":{"Cell_ID":196,"Area_ha":1.0,"LC":"5:0.000251,9:0.240345,13:0.759404","XMIN":703014.86160847,"YMIN":8511773.39404814,"XMAX":703114.86160847,"YMAX":8511873.39404814},"geometry":{"type":"Polygon","coordinates":[[[-73.12378518591672,-13.454993188183053],[-73.12379222376897,-13.454089436290724],[-73.12471559161693,-13.454096322688006],[-73.12470855722339,-13.455000075059715],[-73.12378518591672,-13.454993188183053]]]}},{"type":"Feature","properties":{"Cell_ID":197,"Area_ha":1.0,"LC":"5:0.557810,9:0.244129,13:0.198061","XMIN":703014.86160847,"YMIN":8511673.39404814,"XMAX":703114.86160847,"YMAX":8511773.39404814},"geometry":{"type":"Polygon","coordinates":[[[-73.12377814754767,-13.455896940006957],[-73.12378518591672,-13.454993188183053],[-73.12470855722339,-13.455000075059715],[-73.12470152231329,-13.455903827362995],[-73.12377814754767,-13.455896940006957]]]}},{"type":"Feature","properties":{"Cell_ID":198,"Area_ha":1.0,"LC":"9:0.561200,14:0.078783,17:0.360000","XMIN":703114.86160847,"YMIN":8513273.39404814,"XMAX":703214.86160847,"YMAX":8513373.39404814},"geometry":{"type":"Polygon","coordinates":[[[-73.12296738050532,-13.441430019547612],[-73.12297441406155,-13.440526267108995],[-73.12389772954282,-13.44053314969782],[-73.12389069944147,-13.441436902615996],[-73.12296738050532,-13.441430019547612]]]}},{"type":"Feature","properties":{"Cell_ID":199,"Area_ha":1.0,"LC":"5:0.320376,9:0.562410,13:0.117214","XMIN":703114.86160847,"YMIN":8513173.39404814,"XMAX":703214.86160847,"YMAX":8513273.39404814},"geometry":{"type":"Polygon","coordinates":[[[-73.12296034643218,-13.442333771917863],[-73.12296738050532,-13.441430019547612],[-73.12389069944147,-13.441436902615996],[-73.12388366882348,-13.44234065546581],[-73.12296034643218,-13.442333771917863]]]}},{"type":"Feature","properties":{"Cell_ID":200,"Area_ha":1.0,"LC":"5:0.756245,9:0.204847,13:0.038908","XMIN":703114.86160847,"YMIN":8513073.39404814,"XMAX":703214.86160847,"YMAX":8513173.39404814},"geometry":{"type":"Polygon","coordinates":[[[-73.12295331184212,-13.443237524219747],[-73.12296034643218,-13.442333771917863],[-73.12388366882348,-13.44234065546581],[-73.1238766376888,-13.443244408247262],[-73.12295331184212,-13.443237524219747]]]}},{"type":"Feature","properties":{"Cell_ID":201,"Area_ha":1.0,"LC":"5:0.755623,9:0.244377","XMIN":703114.86160847,"YMIN":8512973.39404814,"XMAX":703214.86160847,"YMAX":8513073.39404814},"geometry":{"type":"Polygon","coordinates":[[[-73.12294627673512,-13.44414127645326],[-73.12295331184212,-13.443237524219747],[-73.1238766376888,-13.443244408247262],[-73.12386960603746,-13.444148160960344],[-73.12294627673512,-13.44414127645326]]]}},{"type":"Feature","properties":{"Cell_ID":202,"Area_ha":1.0,"LC":"5:0.357468,9:0.642532","XMIN":703114.86160847,"YMIN":8512873.39404814,"XMAX":703214.86160847,"YMAX":8512973.39404814},"geometry":{"type":"Polygon","coordinates":[[[-73.12293924111117,-13.445045028618393],[-73.12294627673512,-13.44414127645326],[-73.12386960603746,-13.444148160960344],[-73.1238625738694,-13.44505191360505],[-73.12293924111117,-13.445045028618393]]]}},{"type":"Feature","properties":{"Cell_ID":203,"Area_ha":1.0,"LC":"5:0.920251,9:0.079749","XMIN":703114.86160847,"YMIN":8512773.39404814,"XMAX":703214.86160847,"YMAX":8512873.39404814},"geometry":{"type":"Polygon","coordinates":[[[-73.12293220497028,-13.445948780715156],[-73.12293924111117,-13.445045028618393],[-73.1238625738694,-13.44505191360505],[-73.12385554118465,-13.445955666181389],[-73.12293220497028,-13.445948780715156]]]}},{"type":"Feature","properties":{"Cell_ID":204,"Area_ha":1.0,"LC":"5:1.000000","XMIN":703114.86160847,"YMIN":8512673.39404814,"XMAX":703214.86160847,"YMAX":8512773.39404814},"geometry":{"type":"Polygon","coordinates":[[[-73.12292516831242,-13.446852532743524],[-73.12293220497028,-13.445948780715156],[-73.12385554118465,-13.445955666181389],[-73.12384850798321,-13.446859418689343],[-73.12292516831242,-13.446852532743524]]]}},{"type":"Feature","properties":{"Cell_ID":205,"Area_ha":1.0,"LC":"5:1.000000","XMIN":703114.86160847,"YMIN":8512573.39404814,"XMAX":703214.86160847,"YMAX":8512673.39404814},"geometry":{"type":"Polygon","coordinates":[[[-73.1229181311376,-13.447756284703507],[-73.12292516831242,-13.446852532743524],[-73.12384850798321,-13.446859418689343],[-73.12384147426505,-13.447763171128903],[-73.1229181311376,-13.447756284703507]]]}},{"type":"Feature","properties":{"Cell_ID":206,"Area_ha":1.0,"LC":"5:0.997434,9:0.002566","XMIN":703114.86160847,"YMIN":8512473.39404814,"XMAX":703214.86160847,"YMAX":8512573.39404814},"geometry":{"type":"Polygon","coordinates":[[[-73.12291109344578,-13.448660036595099],[-73.1229181311376,-13.447756284703507],[-73.12384147426505,-13.447763171128903],[-73.12383444003014,-13.448666923500083],[-73.12291109344578,-13.448660036595099]]]}},{"type":"Feature","properties":{"Cell_ID":207,"Area_ha":1.0,"LC":"9:0.199373,13:0.800627","XMIN":703114.86160847,"YMIN":8512373.39404814,"XMAX":703214.86160847,"YMAX":8512473.39404814},"geometry":{"type":"Polygon","coordinates":[[[-73.12290405523697,-13.44956378841829],[-73.12291109344578,-13.448660036595099],[-73.12383444003014,-13.448666923500083],[-73.1238274052785,-13.44957067580287],[-73.12290405523697,-13.44956378841829]]]}},{"type":"Feature","properties":{"Cell_ID":208,"Area_ha":1.0,"LC":"9:0.000122,13:0.999878","XMIN":703114.86160847,"YMIN":8512273.39404814,"XMAX":703214.86160847,"YMAX":8512373.39404814},"geometry":{"type":"Polygon","coordinates":[[[-73.12289701651117,-13.450467540173081],[-73.12290405523697,-13.44956378841829],[-73.1238274052785,-13.44957067580287],[-73.12382037001014,-13.45047442803725],[-73.12289701651117,-13.450467540173081]]]}},{"type":"Feature","properties":{"Cell_ID":209,"Area_ha":1.0,"LC":"9:0.195153,13:0.804847","XMIN":703114.86160847,"YMIN":8512173.39404814,"XMAX":703214.86160847,"YMAX":8512273.39404814},"geometry":{"type":"Polygon","coordinates":[[[-73.12288997726837,-13.451371291859465],[-73.12289701651117,-13.450467540173081],[-73.12382037001014,-13.45047442803725],[-73.12381333422499,-13.451378180203232],[-73.12288997726837,-13.451371291859465]]]}},{"type":"Feature","properties":{"Cell_ID":210,"Area_ha":1.0,"LC":"9:0.117098,13:0.882902","XMIN":703114.86160847,"YMIN":8512073.39404814,"XMAX":703214.86160847,"YMAX":8512173.39404814},"geometry":{"type":"Polygon","coordinates":[[[-73.12288293750855,-13.452275043477442],[-73.12288997726837,-13.451371291859465],[-73.12381333422499,-13.451378180203232],[-73.1238062979231,-13.45228193230081],[-73.12288293750855,-13.452275043477442]]]}},{"type":"Feature","properties":{"Cell_ID":211,"Area_ha":1.0,"LC":"9:0.082783,13:0.917217","XMIN":703114.86160847,"YMIN":8511973.39404814,"XMAX":703214.86160847,"YMAX":8512073.39404814},"geometry":{"type":"Polygon","coordinates":[[[-73.12287589723168,-13.453178795027],[-73.12288293750855,-13.452275043477442],[-73.1238062979231,-13.45228193230081],[-73.12379926110442,-13.453185684329974],[-73.12287589723168,-13.453178795027]]]}},{"type":"Feature","properties":{"Cell_ID":212,"Area_ha":1.0,"LC":"9:0.200119,13:0.799881","XMIN":703114.86160847,"YMIN":8511873.39404814,"XMAX":703214.86160847,"YMAX":8511973.39404814},"geometry":{"type":"Polygon","coordinates":[[[-73.12286885643779,-13.454082546508143],[-73.12287589723168,-13.453178795027],[-73.12379926110442,-13.453185684329974],[-73.12379222376897,-13.454089436290724],[-73.12286885643779,-13.454082546508143]]]}},{"type":"Feature","properties":{"Cell_ID":213,"Area_ha":1.0,"LC":"5:0.000973,9:0.680502,13:0.318526","XMIN":703114.86160847,"YMIN":8511773.39404814,"XMAX":703214.86160847,"YMAX":8511873.39404814},"geometry":{"type":"Polygon","coordinates":[[[-73.12286181512685,-13.454986297920861],[-73.12286885643779,-13.454082546508143],[-73.12379222376897,-13.454089436290724],[-73.12378518591672,-13.454993188183053],[-73.12286181512685,-13.454986297920861]]]}},{"type":"Feature","properties":{"Cell_ID":214,"Area_ha":1.0,"LC":"5:0.364844,9:0.635156","XMIN":703114.86160847,"YMIN":8511673.39404814,"XMAX":703214.86160847,"YMAX":8511773.39404814},"geometry":{"type":"Polygon","coordinates":[[[-73.12285477329887,-13.455890049265149],[-73.12286181512685,-13.454986297920861],[-73.12378518591672,-13.454993188183053],[-73.12377814754767,-13.455896940006957],[-73.12285477329887,-13.455890049265149]]]}},{"type":"Feature","properties":{"Cell_ID":215,"Area_ha":1.0,"LC":"5:0.082318,9:0.680342,13:0.237339","XMIN":703114.86160847,"YMIN":8511573.39404814,"XMAX":703214.86160847,"YMAX":8511673.39404814},"geometry":{"type":"Polygon","coordinates":[[[-73.12284773095381,-13.456793800541007],[-73.12285477329887,-13.455890049265149],[-73.12377814754767,-13.455896940006957],[-73.12377110866181,-13.456800691762435],[-73.12284773095381,-13.456793800541007]]]}},{"type":"Feature","properties":{"Cell_ID":216,"Area_ha":1.0,"LC":"5:0.522532,9:0.398685,13:0.078783","XMIN":703114.86160847,"YMIN":8511473.39404814,"XMAX":703214.86160847,"YMAX":8511573.39404814},"geometry":{"type":"Polygon","coordinates":[[[-73.12284068809167,-13.45769755174843],[-73.12284773095381,-13.456793800541007],[-73.12377110866181,-13.456800691762435],[-73.12376406925912,-13.45770444344948],[-73.12284068809167,-13.45769755174843]]]}},{"type":"Feature","properties":{"Cell_ID":217,"Area_ha":1.0,"LC":"7:0.079749,9:0.319535,17:0.600716","XMIN":703214.86160847,"YMIN":8513273.39404814,"XMAX":703314.86160847,"YMAX":8513373.39404814},"geometry":{"type":"Polygon","coordinates":[[[-73.12204406208606,-13.441423133097238],[-73.12205109909716,-13.440519381138415],[-73.12297441406155,-13.440526267108995],[-73.12296738050532,-13.441430019547612],[-73.12204406208606,-13.441423133097238]]]}},{"type":"Feature","properties":{"Cell_ID":218,"Area_ha":1.0,"LC":"9:0.396712,13:0.603288","XMIN":703214.86160847,"YMIN":8513173.39404814,"XMAX":703314.86160847,"YMAX":8513273.39404814},"geometry":{"type":"Polygon","coordinates":[[[-73.12203702455781,-13.44232688498769],[-73.12204406208606,-13.441423133097238],[-73.12296738050532,-13.441430019547612],[-73.12296034643218,-13.442333771917863],[-73.12203702455781,-13.44232688498769]]]}},{"type":"Feature","properties":{"Cell_ID":219,"Area_ha":1.0,"LC":"9:0.597342,13:0.402658","XMIN":703214.86160847,"YMIN":8513073.39404814,"XMAX":703314.86160847,"YMAX":8513173.39404814},"geometry":{"type":"Polygon","coordinates":[[[-73.12202998651236,-13.443230636809773],[-73.12203702455781,-13.44232688498769],[-73.12296034643218,-13.442333771917863],[-73.12295331184212,-13.443237524219747],[-73.12202998651236,-13.443230636809773]]]}},{"type":"Feature","properties":{"Cell_ID":220,"Area_ha":1.0,"LC":"9:0.955281,13:0.044719","XMIN":703214.86160847,"YMIN":8512973.39404814,"XMAX":703314.86160847,"YMAX":8513073.39404814},"geometry":{"type":"Polygon","coordinates":[[[-73.12202294794973,-13.444134388563478],[-73.12202998651236,-13.443230636809773],[-73.12295331184212,-13.443237524219747],[-73.12294627673512,-13.44414127645326],[-73.12202294794973,-13.444134388563478]]]}},{"type":"Feature","properties":{"Cell_ID":221,"Area_ha":1.0,"LC":"5:0.000624,9:0.757437,13:0.241939","XMIN":703214.86160847,"YMIN":8512873.39404814,"XMAX":703314.86160847,"YMAX":8512973.39404814},"geometry":{"type":"Polygon","coordinates":[[[-73.1220159088699,-13.445038140248808],[-73.12202294794973,-13.444134388563478],[-73.12294627673512,-13.44414127645326],[-73.12293924111117,-13.445045028618393],[-73.1220159088699,-13.445038140248808]]]}},{"type":"Feature","properties":{"Cell_ID":222,"Area_ha":1.0,"LC":"5:0.998064,9:0.001936","XMIN":703214.86160847,"YMIN":8512773.39404814,"XMAX":703314.86160847,"YMAX":8512873.39404814},"geometry":{"type":"Polygon","coordinates":[[[-73.12200886927285,-13.44594189186575],[-73.1220159088699,-13.445038140248808],[-73.12293924111117,-13.445045028618393],[-73.12293220497028,-13.445948780715156],[-73.12200886927285,-13.44594189186575]]]}},{"type":"Feature","properties":{"Cell_ID":223,"Area_ha":1.0,"LC":"5:1.000000","XMIN":703214.86160847,"YMIN":8512673.39404814,"XMAX":703314.86160847,"YMAX":8512773.39404814},"geometry":{"type":"Polygon","coordinates":[[[-73.1220018291586,-13.446845643414312],[-73.12200886927285,-13.44594189186575],[-73.12293220497028,-13.445948780715156],[-73.12292516831242,-13.446852532743524],[-73.1220018291586,-13.446845643414312]]]}},{"type":"Feature","properties":{"Cell_ID":224,"Area_ha":1.0,"LC":"5:0.959495,9:0.040505","XMIN":703214.86160847,"YMIN":8512573.39404814,"XMAX":703314.86160847,"YMAX":8512673.39404814},"geometry":{"type":"Polygon","coordinates":[[[-73.12199478852713,-13.447749394894469],[-73.1220018291586,-13.446845643414312],[-73.12292516831242,-13.446852532743524],[-73.1229181311376,-13.447756284703507],[-73.12199478852713,-13.447749394894469]]]}},{"type":"Feature","properties":{"Cell_ID":225,"Area_ha":1.0,"LC":"5:0.196969,9:0.801089,13:0.000003,18:0.001939","XMIN":703214.86160847,"YMIN":8512473.39404814,"XMAX":703314.86160847,"YMAX":8512573.39404814},"geometry":{"type":"Polygon","coordinates":[[[-73.12198774737841,-13.448653146306238],[-73.12199478852713,-13.447749394894469],[-73.1229181311376,-13.447756284703507],[-73.12291109344578,-13.448660036595099],[-73.12198774737841,-13.448653146306238]]]}},{"type":"Feature","properties":{"Cell_ID":226,"Area_ha":1.0,"LC":"9:0.198406,13:0.801594","XMIN":703214.86160847,"YMIN":8512373.39404814,"XMAX":703314.86160847,"YMAX":8512473.39404814},"geometry":{"type":"Polygon","coordinates":[[[-73.12198070571245,-13.449556897649607],[-73.12198774737841,-13.448653146306238],[-73.12291109344578,-13.448660036595099],[-73.12290405523697,-13.44956378841829],[-73.12198070571245,-13.449556897649607]]]}},{"type":"Feature","properties":{"Cell_ID":227,"Area_ha":1.0,"LC":"13:1.000000","XMIN":703214.86160847,"YMIN":8512273.39404814,"XMAX":703314.86160847,"YMAX":8512373.39404814},"geometry":{"type":"Polygon","coordinates":[[[-73.12197366352923,-13.450460648924567],[-73.12198070571245,-13.449556897649607],[-73.12290405523697,-13.44956378841829],[-73.12289701651117,-13.450467540173081],[-73.12197366352923,-13.450460648924567]]]}},{"type":"Feature","properties":{"Cell_ID":228,"Area_ha":1.0,"LC":"13:1.000000","XMIN":703214.86160847,"YMIN":8512173.39404814,"XMAX":703314.86160847,"YMAX":8512273.39404814},"geometry":{"type":"Polygon","coordinates":[[[-73.12196662082876,-13.451364400131117],[-73.12197366352923,-13.450460648924567],[-73.12289701651117,-13.450467540173081],[-73.12288997726837,-13.451371291859465],[-73.12196662082876,-13.451364400131117]]]}},{"type":"Feature","properties":{"Cell_ID":229,"Area_ha":1.0,"LC":"9:0.000122,13:0.999878","XMIN":703214.86160847,"YMIN":8512073.39404814,"XMAX":703314.86160847,"YMAX":8512173.39404814},"geometry":{"type":"Polygon","coordinates":[[[-73.12195957761101,-13.452268151269257],[-73.12196662082876,-13.451364400131117],[-73.12288997726837,-13.451371291859465],[-73.12288293750855,-13.452275043477442],[-73.12195957761101,-13.452268151269257]]]}},{"type":"Feature","properties":{"Cell_ID":230,"Area_ha":1.0,"LC":"9:0.317342,13:0.559621,16:0.123037","XMIN":703214.86160847,"YMIN":8511973.39404814,"XMAX":703314.86160847,"YMAX":8512073.39404814},"geometry":{"type":"Polygon","coordinates":[[[-73.12195253387598,-13.453171902338974],[-73.12195957761101,-13.452268151269257],[-73.12288293750855,-13.452275043477442],[-73.12287589723168,-13.453178795027],[-73.12195253387598,-13.453171902338974]]]}},{"type":"Feature","properties":{"Cell_ID":231,"Area_ha":1.0,"LC":"9:0.558067,13:0.319153,16:0.122780","XMIN":703214.86160847,"YMIN":8511873.39404814,"XMAX":703314.86160847,"YMAX":8511973.39404814},"geometry":{"type":"Polygon","coordinates":[[[-73.12194548962366,-13.45407565334027],[-73.12195253387598,-13.453171902338974],[-73.12287589723168,-13.453178795027],[-73.12286885643779,-13.454082546508143],[-73.12194548962366,-13.45407565334027]]]}},{"type":"Feature","properties":{"Cell_ID":232,"Area_ha":1.0,"LC":"5:0.279529,9:0.638780,13:0.081691","XMIN":703214.86160847,"YMIN":8511773.39404814,"XMAX":703314.86160847,"YMAX":8511873.39404814},"geometry":{"type":"Polygon","coordinates":[[[-73.12193844485404,-13.454979404273145],[-73.12194548962366,-13.45407565334027],[-73.12286885643779,-13.454082546508143],[-73.12286181512685,-13.454986297920861],[-73.12193844485404,-13.454979404273145]]]}},{"type":"Feature","properties":{"Cell_ID":233,"Area_ha":1.0,"LC":"5:0.474654,9:0.525346","XMIN":703214.86160847,"YMIN":8511673.39404814,"XMAX":703314.86160847,"YMAX":8511773.39404814},"geometry":{"type":"Polygon","coordinates":[[[-73.12193139956712,-13.455883155137581],[-73.12193844485404,-13.454979404273145],[-73.12286181512685,-13.454986297920861],[-73.12285477329887,-13.455890049265149],[-73.12193139956712,-13.455883155137581]]]}},{"type":"Feature","properties":{"Cell_ID":234,"Area_ha":1.0,"LC":"5:0.318685,9:0.681315","XMIN":703214.86160847,"YMIN":8511573.39404814,"XMAX":703314.86160847,"YMAX":8511673.39404814},"geometry":{"type":"Polygon","coordinates":[[[-73.12192435376288,-13.456786905933587],[-73.12193139956712,-13.455883155137581],[-73.12285477329887,-13.455890049265149],[-73.12284773095381,-13.456793800541007],[-73.12192435376288,-13.456786905933587]]]}},{"type":"Feature","properties":{"Cell_ID":235,"Area_ha":1.0,"LC":"5:0.998654,9:0.001346","XMIN":703214.86160847,"YMIN":8511473.39404814,"XMAX":703314.86160847,"YMAX":8511573.39404814},"geometry":{"type":"Polygon","coordinates":[[[-73.1219173074413,-13.457690656661155],[-73.12192435376288,-13.456786905933587],[-73.12284773095381,-13.456793800541007],[-73.12284068809167,-13.45769755174843],[-73.1219173074413,-13.457690656661155]]]}},{"type":"Feature","properties":{"Cell_ID":236,"Area_ha":1.0,"LC":"9:0.482435,13:0.041098,17:0.476467","XMIN":703314.86160847,"YMIN":8513273.39404814,"XMAX":703414.86160847,"YMAX":8513373.39404814},"geometry":{"type":"Polygon","coordinates":[[[-73.121120744184,-13.441416243264882],[-73.12112778464994,-13.440512491786095],[-73.12205109909716,-13.440519381138415],[-73.12204406208606,-13.441423133097238],[-73.121120744184,-13.441416243264882]]]}},{"type":"Feature","properties":{"Cell_ID":237,"Area_ha":1.0,"LC":"5:0.400251,9:0.357813,13:0.241936","XMIN":703314.86160847,"YMIN":8513173.39404814,"XMAX":703414.86160847,"YMAX":8513273.39404814},"geometry":{"type":"Polygon","coordinates":[[[-73.1211137032006,-13.442319994675303],[-73.121120744184,-13.441416243264882],[-73.12204406208606,-13.441423133097238],[-73.12203702455781,-13.44232688498769],[-73.1211137032006,-13.442319994675303]]]}},{"type":"Feature","properties":{"Cell_ID":238,"Area_ha":1.0,"LC":"5:0.319878,9:0.400844,13:0.199153,18:0.080125","XMIN":703314.86160847,"YMIN":8513073.39404814,"XMAX":703414.86160847,"YMAX":8513173.39404814},"geometry":{"type":"Polygon","coordinates":[[[-73.1211066616998,-13.443223746017347],[-73.1211137032006,-13.442319994675303],[-73.12203702455781,-13.44232688498769],[-73.12202998651236,-13.443230636809773],[-73.1211066616998,-13.443223746017347]]]}},{"type":"Feature","properties":{"Cell_ID":239,"Area_ha":1.0,"LC":"5:0.041810,9:0.243034,13:0.354905,18:0.360251","XMIN":703314.86160847,"YMIN":8512973.39404814,"XMAX":703414.86160847,"YMAX":8513073.39404814},"geometry":{"type":"Polygon","coordinates":[[[-73.12109961968154,-13.444127497291014],[-73.1211066616998,-13.443223746017347],[-73.12202998651236,-13.443230636809773],[-73.12202294794973,-13.444134388563478],[-73.12109961968154,-13.444127497291014]]]}},{"type":"Feature","properties":{"Cell_ID":240,"Area_ha":1.0,"LC":"5:0.000125,9:0.319281,13:0.278061,18:0.402532","XMIN":703314.86160847,"YMIN":8512873.39404814,"XMAX":703414.86160847,"YMAX":8512973.39404814},"geometry":{"type":"Polygon","coordinates":[[[-73.12109257714583,-13.445031248496296],[-73.12109961968154,-13.444127497291014],[-73.12202294794973,-13.444134388563478],[-73.1220159088699,-13.445038140248808],[-73.12109257714583,-13.445031248496296]]]}},{"type":"Feature","properties":{"Cell_ID":241,"Area_ha":1.0,"LC":"5:0.557465,9:0.442535","XMIN":703314.86160847,"YMIN":8512773.39404814,"XMAX":703414.86160847,"YMAX":8512873.39404814},"geometry":{"type":"Polygon","coordinates":[[[-73.12108553409266,-13.445934999633192],[-73.12109257714583,-13.445031248496296],[-73.1220159088699,-13.445038140248808],[-73.12200886927285,-13.44594189186575],[-73.12108553409266,-13.445934999633192]]]}},{"type":"Feature","properties":{"Cell_ID":242,"Area_ha":1.0,"LC":"5:0.959159,9:0.040841","XMIN":703314.86160847,"YMIN":8512673.39404814,"XMAX":703414.86160847,"YMAX":8512773.39404814},"geometry":{"type":"Polygon","coordinates":[[[-73.12107849052201,-13.446838750701698],[-73.12108553409266,-13.445934999633192],[-73.12200886927285,-13.44594189186575],[-73.1220018291586,-13.446845643414312],[-73.12107849052201,-13.446838750701698]]]}},{"type":"Feature","properties":{"Cell_ID":243,"Area_ha":1.0,"LC":"5:0.836715,9:0.083156,18:0.080129","XMIN":703314.86160847,"YMIN":8512573.39404814,"XMAX":703414.86160847,"YMAX":8512673.39404814},"geometry":{"type":"Polygon","coordinates":[[[-73.12107144643389,-13.447742501701805],[-73.12107849052201,-13.446838750701698],[-73.1220018291586,-13.446845643414312],[-73.12199478852713,-13.447749394894469],[-73.12107144643389,-13.447742501701805]]]}},{"type":"Feature","properties":{"Cell_ID":244,"Area_ha":1.0,"LC":"5:0.119749,9:0.276844,13:0.121597,18:0.481810","XMIN":703314.86160847,"YMIN":8512473.39404814,"XMAX":703414.86160847,"YMAX":8512573.39404814},"geometry":{"type":"Polygon","coordinates":[[[-73.12106440182828,-13.448646252633516],[-73.12107144643389,-13.447742501701805],[-73.12199478852713,-13.447749394894469],[-73.12198774737841,-13.448653146306238],[-73.12106440182828,-13.448646252633516]]]}},{"type":"Feature","properties":{"Cell_ID":245,"Area_ha":1.0,"LC":"5:0.041223,13:0.958777","XMIN":703314.86160847,"YMIN":8512373.39404814,"XMAX":703414.86160847,"YMAX":8512473.39404814},"geometry":{"type":"Polygon","coordinates":[[[-73.12105735670518,-13.44955000349682],[-73.12106440182828,-13.448646252633516],[-73.12198774737841,-13.448653146306238],[-73.12198070571245,-13.449556897649607],[-73.12105735670518,-13.44955000349682]]]}},{"type":"Feature","properties":{"Cell_ID":246,"Area_ha":1.0,"LC":"5:0.161685,13:0.838315","XMIN":703314.86160847,"YMIN":8512273.39404814,"XMAX":703414.86160847,"YMAX":8512373.39404814},"geometry":{"type":"Polygon","coordinates":[[[-73.12105031106455,-13.450453754291713],[-73.12105735670518,-13.44955000349682],[-73.12198070571245,-13.449556897649607],[-73.12197366352923,-13.450460648924567],[-73.12105031106455,-13.450453754291713]]]}},{"type":"Feature","properties":{"Cell_ID":247,"Area_ha":1.0,"LC":"13:1.000000","XMIN":703314.86160847,"YMIN":8512173.39404814,"XMAX":703414.86160847,"YMAX":8512273.39404814},"geometry":{"type":"Polygon","coordinates":[[[-73.12104326490642,-13.451357505018198],[-73.12105031106455,-13.450453754291713],[-73.12197366352923,-13.450460648924567],[-73.12196662082876,-13.451364400131117],[-73.12104326490642,-13.451357505018198]]]}},{"type":"Feature","properties":{"Cell_ID":248,"Area_ha":1.0,"LC":"9:0.041474,13:0.958526","XMIN":703314.86160847,"YMIN":8512073.39404814,"XMAX":703414.86160847,"YMAX":8512173.39404814},"geometry":{"type":"Polygon","coordinates":[[[-73.12103621823076,-13.45226125567626],[-73.12104326490642,-13.451357505018198],[-73.12196662082876,-13.451364400131117],[-73.12195957761101,-13.452268151269257],[-73.12103621823076,-13.45226125567626]]]}},{"type":"Feature","properties":{"Cell_ID":249,"Area_ha":1.0,"LC":"9:0.560719,13:0.201942,16:0.237339","XMIN":703314.86160847,"YMIN":8511973.39404814,"XMAX":703414.86160847,"YMAX":8512073.39404814},"geometry":{"type":"Polygon","coordinates":[[[-73.12102917103758,-13.453165006265905],[-73.12103621823076,-13.45226125567626],[-73.12195957761101,-13.452268151269257],[-73.12195253387598,-13.453171902338974],[-73.12102917103758,-13.453165006265905]]]}},{"type":"Feature","properties":{"Cell_ID":250,"Area_ha":1.0,"LC":"9:0.202780,13:0.560376,16:0.236844","XMIN":703314.86160847,"YMIN":8511873.39404814,"XMAX":703414.86160847,"YMAX":8511973.39404814},"geometry":{"type":"Polygon","coordinates":[[[-73.12102212332684,-13.454068756787127],[-73.12102917103758,-13.453165006265905],[-73.12195253387598,-13.453171902338974],[-73.12194548962366,-13.45407565334027],[-73.12102212332684,-13.454068756787127]]]}},{"type":"Feature","properties":{"Cell_ID":251,"Area_ha":1.0,"LC":"9:0.079281,13:0.920719","XMIN":703314.86160847,"YMIN":8511773.39404814,"XMAX":703414.86160847,"YMAX":8511873.39404814},"geometry":{"type":"Polygon","coordinates":[[[-73.12101507509854,-13.454972507239914],[-73.12102212332684,-13.454068756787127],[-73.12194548962366,-13.45407565334027],[-73.12193844485404,-13.454979404273145],[-73.12101507509854,-13.454972507239914]]]}},{"type":"Feature","properties":{"Cell_ID":252,"Area_ha":1.0,"LC":"5:0.364257,9:0.555994,13:0.079749","XMIN":703314.86160847,"YMIN":8511673.39404814,"XMAX":703414.86160847,"YMAX":8511773.39404814},"geometry":{"type":"Polygon","coordinates":[[[-73.12100802635268,-13.455876257624265],[-73.12101507509854,-13.454972507239914],[-73.12193844485404,-13.454979404273145],[-73.12193139956712,-13.455883155137581],[-73.12100802635268,-13.455876257624265]]]}},{"type":"Feature","properties":{"Cell_ID":253,"Area_ha":1.0,"LC":"5:0.200590,9:0.799410","XMIN":703314.86160847,"YMIN":8511573.39404814,"XMAX":703414.86160847,"YMAX":8511673.39404814},"geometry":{"type":"Polygon","coordinates":[[[-73.12100097708927,-13.456780007940182],[-73.12100802635268,-13.455876257624265],[-73.12193139956712,-13.455883155137581],[-73.12192435376288,-13.456786905933587],[-73.12100097708927,-13.456780007940182]]]}},{"type":"Feature","properties":{"Cell_ID":254,"Area_ha":1.0,"LC":"5:0.476122,9:0.523878","XMIN":703314.86160847,"YMIN":8511473.39404814,"XMAX":703414.86160847,"YMAX":8511573.39404814},"geometry":{"type":"Polygon","coordinates":[[[-73.12099392730825,-13.457683758187654],[-73.12100097708927,-13.456780007940182],[-73.12192435376288,-13.456786905933587],[-73.1219173074413,-13.457690656661155],[-73.12099392730825,-13.457683758187654]]]}},{"type":"Feature","properties":{"Cell_ID":255,"Area_ha":1.0,"LC":"9:0.998058,13:0.001942","XMIN":703314.86160847,"YMIN":8511373.39404814,"XMAX":703414.86160847,"YMAX":8511473.39404814},"geometry":{"type":"Polygon","coordinates":[[[-73.12098687700966,-13.458587508366676],[-73.12099392730825,-13.457683758187654],[-73.1219173074413,-13.457690656661155],[-73.12191026060239,-13.458594407320275],[-73.12098687700966,-13.458587508366676]]]}},{"type":"Feature","properties":{"Cell_ID":256,"Area_ha":1.0,"LC":"9:0.382524,17:0.440969","XMIN":703414.86160847,"YMIN":8513373.39404814,"XMAX":703514.86160847,"YMAX":8513473.39404814},"geometry":{"type":"Polygon","coordinates":[[[-73.12020447072015,-13.440505599052035],[-73.12021151412331,-13.439601847985141],[-73.1211348245985,-13.439608740238938],[-73.12112778464994,-13.440512491786095],[-73.12020447072015,-13.440505599052035]]]}},{"type":"Feature","properties":{"Cell_ID":257,"Area_ha":1.0,"LC":"9:0.797685,13:0.202315","XMIN":703414.86160847,"YMIN":8513273.39404814,"XMAX":703514.86160847,"YMAX":8513373.39404814},"geometry":{"type":"Polygon","coordinates":[[[-73.12019742679934,-13.441409350050558],[-73.12020447072015,-13.440505599052035],[-73.12112778464994,-13.440512491786095],[-73.121120744184,-13.441416243264882],[-73.12019742679934,-13.441409350050558]]]}},{"type":"Feature","properties":{"Cell_ID":258,"Area_ha":1.0,"LC":"9:0.159749,13:0.840251","XMIN":703414.86160847,"YMIN":8513173.39404814,"XMAX":703514.86160847,"YMAX":8513273.39404814},"geometry":{"type":"Polygon","coordinates":[[[-73.12019038236085,-13.442313100980709],[-73.12019742679934,-13.441409350050558],[-73.121120744184,-13.441416243264882],[-73.1211137032006,-13.442319994675303],[-73.12019038236085,-13.442313100980709]]]}},{"type":"Feature","properties":{"Cell_ID":259,"Area_ha":1.0,"LC":"5:0.043031,9:0.557596,13:0.399373","XMIN":703414.86160847,"YMIN":8513073.39404814,"XMAX":703514.86160847,"YMAX":8513173.39404814},"geometry":{"type":"Polygon","coordinates":[[[-73.12018333740467,-13.443216851842477],[-73.12019038236085,-13.442313100980709],[-73.1211137032006,-13.442319994675303],[-73.1211066616998,-13.443223746017347],[-73.12018333740467,-13.443216851842477]]]}},{"type":"Feature","properties":{"Cell_ID":260,"Area_ha":1.0,"LC":"5:0.077939,9:0.922061","XMIN":703414.86160847,"YMIN":8512973.39404814,"XMAX":703514.86160847,"YMAX":8513073.39404814},"geometry":{"type":"Polygon","coordinates":[[[-73.1201762919308,-13.444120602635868],[-73.12018333740467,-13.443216851842477],[-73.1211066616998,-13.443223746017347],[-73.12109961968154,-13.444127497291014],[-73.1201762919308,-13.444120602635868]]]}},{"type":"Feature","properties":{"Cell_ID":261,"Area_ha":1.0,"LC":"5:0.241349,9:0.561560,18:0.197092","XMIN":703414.86160847,"YMIN":8512873.39404814,"XMAX":703514.86160847,"YMAX":8512973.39404814},"geometry":{"type":"Polygon","coordinates":[[[-73.12016924593921,-13.44502435336087],[-73.1201762919308,-13.444120602635868],[-73.12109961968154,-13.444127497291014],[-73.12109257714583,-13.445031248496296],[-73.12016924593921,-13.44502435336087]]]}},{"type":"Feature","properties":{"Cell_ID":262,"Area_ha":1.0,"LC":"5:0.524596,9:0.475404","XMIN":703414.86160847,"YMIN":8512773.39404814,"XMAX":703514.86160847,"YMAX":8512873.39404814},"geometry":{"type":"Polygon","coordinates":[[[-73.12016219942993,-13.445928104017483],[-73.12016924593921,-13.44502435336087],[-73.12109257714583,-13.445031248496296],[-73.12108553409266,-13.445934999633192],[-73.12016219942993,-13.445928104017483]]]}},{"type":"Feature","properties":{"Cell_ID":263,"Area_ha":1.0,"LC":"5:0.597462,9:0.402538","XMIN":703414.86160847,"YMIN":8512673.39404814,"XMAX":703514.86160847,"YMAX":8512773.39404814},"geometry":{"type":"Polygon","coordinates":[[[-73.1201551524029,-13.446831854605701],[-73.12016219942993,-13.445928104017483],[-73.12108553409266,-13.445934999633192],[-73.12107849052201,-13.446838750701698],[-73.1201551524029,-13.446831854605701]]]}},{"type":"Feature","properties":{"Cell_ID":264,"Area_ha":1.0,"LC":"5:0.277562,9:0.722315,18:0.000122","XMIN":703414.86160847,"YMIN":8512573.39404814,"XMAX":703514.86160847,"YMAX":8512673.39404814},"geometry":{"type":"Polygon","coordinates":[[[-73.12014810485815,-13.447735605125517],[-73.1201551524029,-13.446831854605701],[-73.12107849052201,-13.446838750701698],[-73.12107144643389,-13.447742501701805],[-73.12014810485815,-13.447735605125517]]]}},{"type":"Feature","properties":{"Cell_ID":265,"Area_ha":1.0,"LC":"9:0.320465,13:0.242566,18:0.436969","XMIN":703414.86160847,"YMIN":8512473.39404814,"XMAX":703514.86160847,"YMAX":8512573.39404814},"geometry":{"type":"Polygon","coordinates":[[[-73.12014105679565,-13.448639355576933],[-73.12014810485815,-13.447735605125517],[-73.12107144643389,-13.447742501701805],[-73.12106440182828,-13.448646252633516],[-73.12014105679565,-13.448639355576933]]]}},{"type":"Feature","properties":{"Cell_ID":266,"Area_ha":1.0,"LC":"5:0.323285,13:0.676715","XMIN":703414.86160847,"YMIN":8512373.39404814,"XMAX":703514.86160847,"YMAX":8512473.39404814},"geometry":{"type":"Polygon","coordinates":[[[-73.1201340082154,-13.449543105959942],[-73.12014105679565,-13.448639355576933],[-73.12106440182828,-13.448646252633516],[-73.12105735670518,-13.44955000349682],[-73.1201340082154,-13.449543105959942]]]}},{"type":"Feature","properties":{"Cell_ID":267,"Area_ha":1.0,"LC":"5:0.238654,9:0.081098,13:0.680248","XMIN":703414.86160847,"YMIN":8512273.39404814,"XMAX":703514.86160847,"YMAX":8512373.39404814},"geometry":{"type":"Polygon","coordinates":[[[-73.12012695911739,-13.450446856274535],[-73.1201340082154,-13.449543105959942],[-73.12105735670518,-13.44955000349682],[-73.12105031106455,-13.450453754291713],[-73.12012695911739,-13.450446856274535]]]}},{"type":"Feature","properties":{"Cell_ID":268,"Area_ha":1.0,"LC":"9:0.125098,13:0.874902","XMIN":703414.86160847,"YMIN":8512173.39404814,"XMAX":703514.86160847,"YMAX":8512273.39404814},"geometry":{"type":"Polygon","coordinates":[[[-73.12011990950161,-13.451350606520714],[-73.12012695911739,-13.450446856274535],[-73.12105031106455,-13.450453754291713],[-73.12104326490642,-13.451357505018198],[-73.12011990950161,-13.451350606520714]]]}},{"type":"Feature","properties":{"Cell_ID":269,"Area_ha":1.0,"LC":"9:0.641682,13:0.358318","XMIN":703414.86160847,"YMIN":8512073.39404814,"XMAX":703514.86160847,"YMAX":8512173.39404814},"geometry":{"type":"Polygon","coordinates":[[[-73.12011285936805,-13.452254356698472],[-73.12011990950161,-13.451350606520714],[-73.12104326490642,-13.451357505018198],[-73.12103621823076,-13.45226125567626],[-73.12011285936805,-13.452254356698472]]]}},{"type":"Feature","properties":{"Cell_ID":270,"Area_ha":1.0,"LC":"9:0.279407,13:0.720593","XMIN":703414.86160847,"YMIN":8511973.39404814,"XMAX":703514.86160847,"YMAX":8512073.39404814},"geometry":{"type":"Polygon","coordinates":[[[-73.1201058087167,-13.453158106807804],[-73.12011285936805,-13.452254356698472],[-73.12103621823076,-13.45226125567626],[-73.12102917103758,-13.453165006265905],[-73.1201058087167,-13.453158106807804]]]}},{"type":"Feature","properties":{"Cell_ID":271,"Area_ha":1.0,"LC":"9:0.635027,13:0.364973","XMIN":703414.86160847,"YMIN":8511873.39404814,"XMAX":703514.86160847,"YMAX":8511973.39404814},"geometry":{"type":"Polygon","coordinates":[[[-73.12009875754757,-13.454061856848705],[-73.1201058087167,-13.453158106807804],[-73.12102917103758,-13.453165006265905],[-73.12102212332684,-13.454068756787127],[-73.12009875754757,-13.454061856848705]]]}},{"type":"Feature","properties":{"Cell_ID":272,"Area_ha":1.0,"LC":"5:0.082318,9:0.680844,13:0.236838","XMIN":703414.86160847,"YMIN":8511773.39404814,"XMAX":703514.86160847,"YMAX":8511873.39404814},"geometry":{"type":"Polygon","coordinates":[[[-73.12009170586062,-13.454965606821178],[-73.12009875754757,-13.454061856848705],[-73.12102212332684,-13.454068756787127],[-73.12101507509854,-13.454972507239914],[-73.12009170586062,-13.454965606821178]]]}},{"type":"Feature","properties":{"Cell_ID":273,"Area_ha":1.0,"LC":"5:0.921217,9:0.078783","XMIN":703414.86160847,"YMIN":8511673.39404814,"XMAX":703514.86160847,"YMAX":8511773.39404814},"geometry":{"type":"Polygon","coordinates":[[[-73.12008465365584,-13.455869356725207],[-73.12009170586062,-13.454965606821178],[-73.12101507509854,-13.454972507239914],[-73.12100802635268,-13.455876257624265],[-73.12008465365584,-13.455869356725207]]]}},{"type":"Feature","properties":{"Cell_ID":274,"Area_ha":1.0,"LC":"5:0.361312,9:0.516621,13:0.122067","XMIN":703414.86160847,"YMIN":8511573.39404814,"XMAX":703514.86160847,"YMAX":8511673.39404814},"geometry":{"type":"Polygon","coordinates":[[[-73.12007760093324,-13.456773106560798],[-73.12008465365584,-13.455869356725207],[-73.12100802635268,-13.455876257624265],[-73.12100097708927,-13.456780007940182],[-73.12007760093324,-13.456773106560798]]]}},{"type":"Feature","properties":{"Cell_ID":275,"Area_ha":1.0,"LC":"5:0.403881,9:0.514902,13:0.081217","XMIN":703414.86160847,"YMIN":8511473.39404814,"XMAX":703514.86160847,"YMAX":8511573.39404814},"geometry":{"type":"Polygon","coordinates":[[[-73.1200705476928,-13.457676856327943],[-73.12007760093324,-13.456773106560798],[-73.12100097708927,-13.456780007940182],[-73.12099392730825,-13.457683758187654],[-73.1200705476928,-13.457676856327943]]]}},{"type":"Feature","properties":{"Cell_ID":276,"Area_ha":1.0,"LC":"9:0.279159,13:0.000251,17:0.720590","XMIN":703514.86160847,"YMIN":8513373.39404814,"XMAX":703614.86160847,"YMAX":8513473.39404814},"geometry":{"type":"Polygon","coordinates":[[[-73.11928115730802,-13.440498702936248],[-73.11928820416576,-13.439594952349855],[-73.12021151412331,-13.439601847985141],[-73.12020447072015,-13.440505599052035],[-73.11928115730802,-13.440498702936248]]]}},{"type":"Feature","properties":{"Cell_ID":277,"Area_ha":1.0,"LC":"9:0.478780,13:0.521220","XMIN":703514.86160847,"YMIN":8513273.39404814,"XMAX":703614.86160847,"YMAX":8513373.39404814},"geometry":{"type":"Polygon","coordinates":[[[-73.11927410993238,-13.441402453454272],[-73.11928115730802,-13.440498702936248],[-73.12020447072015,-13.440505599052035],[-73.12019742679934,-13.441409350050558],[-73.11927410993238,-13.441402453454272]]]}},{"type":"Feature","properties":{"Cell_ID":278,"Area_ha":1.0,"LC":"5:0.320376,9:0.240000,13:0.439624","XMIN":703514.86160847,"YMIN":8513173.39404814,"XMAX":703614.86160847,"YMAX":8513273.39404814},"geometry":{"type":"Polygon","coordinates":[[[-73.11926706203877,-13.442306203903915],[-73.11927410993238,-13.441402453454272],[-73.12019742679934,-13.441409350050558],[-73.12019038236085,-13.442313100980709],[-73.11926706203877,-13.442306203903915]]]}},{"type":"Feature","properties":{"Cell_ID":279,"Area_ha":1.0,"LC":"5:0.717092,9:0.204003,13:0.078905","XMIN":703514.86160847,"YMIN":8513073.39404814,"XMAX":703614.86160847,"YMAX":8513173.39404814},"geometry":{"type":"Polygon","coordinates":[[[-73.11926001362724,-13.443209954285175],[-73.11926706203877,-13.442306203903915],[-73.12019038236085,-13.442313100980709],[-73.12018333740467,-13.443216851842477],[-73.11926001362724,-13.443209954285175]]]}},{"type":"Feature","properties":{"Cell_ID":280,"Area_ha":1.0,"LC":"5:0.279624,9:0.720376","XMIN":703514.86160847,"YMIN":8512973.39404814,"XMAX":703614.86160847,"YMAX":8513073.39404814},"geometry":{"type":"Polygon","coordinates":[[[-73.11925296469776,-13.444113704598053],[-73.11926001362724,-13.443209954285175],[-73.12018333740467,-13.443216851842477],[-73.1201762919308,-13.444120602635868],[-73.11925296469776,-13.444113704598053]]]}},{"type":"Feature","properties":{"Cell_ID":281,"Area_ha":1.0,"LC":"5:0.039404,9:0.960596","XMIN":703514.86160847,"YMIN":8512873.39404814,"XMAX":703614.86160847,"YMAX":8512973.39404814},"geometry":{"type":"Polygon","coordinates":[[[-73.11924591525032,-13.44501745484254],[-73.11925296469776,-13.444113704598053],[-73.1201762919308,-13.444120602635868],[-73.12016924593921,-13.44502435336087],[-73.11924591525032,-13.44501745484254]]]}},{"type":"Feature","properties":{"Cell_ID":282,"Area_ha":1.0,"LC":"5:0.595278,9:0.404722","XMIN":703514.86160847,"YMIN":8512773.39404814,"XMAX":703614.86160847,"YMAX":8512873.39404814},"geometry":{"type":"Polygon","coordinates":[[[-73.11923886528491,-13.445921205018633],[-73.11924591525032,-13.44501745484254],[-73.12016924593921,-13.44502435336087],[-73.12016219942993,-13.445928104017483],[-73.11923886528491,-13.445921205018633]]]}},{"type":"Feature","properties":{"Cell_ID":283,"Area_ha":1.0,"LC":"5:0.278532,9:0.721214,18:0.000254","XMIN":703514.86160847,"YMIN":8512673.39404814,"XMAX":703614.86160847,"YMAX":8512773.39404814},"geometry":{"type":"Polygon","coordinates":[[[-73.11923181480152,-13.44682495512633],[-73.11923886528491,-13.445921205018633],[-73.12016219942993,-13.445928104017483],[-73.1201551524029,-13.446831854605701],[-73.11923181480152,-13.44682495512633]]]}},{"type":"Feature","properties":{"Cell_ID":284,"Area_ha":1.0,"LC":"9:0.554902,13:0.000969,18:0.444129","XMIN":703514.86160847,"YMIN":8512573.39404814,"XMAX":703614.86160847,"YMAX":8512673.39404814},"geometry":{"type":"Polygon","coordinates":[[[-73.11922476380015,-13.44772870516562],[-73.11923181480152,-13.44682495512633],[-73.1201551524029,-13.446831854605701],[-73.12014810485815,-13.447735605125517],[-73.11922476380015,-13.44772870516562]]]}},{"type":"Feature","properties":{"Cell_ID":285,"Area_ha":1.0,"LC":"9:0.281226,13:0.478309,18:0.240465","XMIN":703514.86160847,"YMIN":8512473.39404814,"XMAX":703614.86160847,"YMAX":8512573.39404814},"geometry":{"type":"Polygon","coordinates":[[[-73.11921771228077,-13.448632455136504],[-73.11922476380015,-13.44772870516562],[-73.12014810485815,-13.447735605125517],[-73.12014105679565,-13.448639355576933],[-73.11921771228077,-13.448632455136504]]]}},{"type":"Feature","properties":{"Cell_ID":286,"Area_ha":1.0,"LC":"5:0.316749,9:0.604468,13:0.078783","XMIN":703514.86160847,"YMIN":8512373.39404814,"XMAX":703614.86160847,"YMAX":8512473.39404814},"geometry":{"type":"Polygon","coordinates":[[[-73.1192106602434,-13.44953620503898],[-73.11921771228077,-13.448632455136504],[-73.12014105679565,-13.448639355576933],[-73.1201340082154,-13.449543105959942],[-73.1192106602434,-13.44953620503898]]]}},{"type":"Feature","properties":{"Cell_ID":287,"Area_ha":1.0,"LC":"5:0.321312,9:0.039153,13:0.639535","XMIN":703514.86160847,"YMIN":8512273.39404814,"XMAX":703614.86160847,"YMAX":8512373.39404814},"geometry":{"type":"Polygon","coordinates":[[[-73.11920360768801,-13.450439954873035],[-73.1192106602434,-13.44953620503898],[-73.1201340082154,-13.449543105959942],[-73.12012695911739,-13.450446856274535],[-73.11920360768801,-13.450439954873035]]]}},{"type":"Feature","properties":{"Cell_ID":288,"Area_ha":1.0,"LC":"9:0.315278,13:0.684722","XMIN":703514.86160847,"YMIN":8512173.39404814,"XMAX":703614.86160847,"YMAX":8512273.39404814},"geometry":{"type":"Polygon","coordinates":[[[-73.11919655461459,-13.451343704638672],[-73.11920360768801,-13.450439954873035],[-73.12012695911739,-13.450446856274535],[-73.12011990950161,-13.451350606520714],[-73.11919655461459,-13.451343704638672]]]}},{"type":"Feature","properties":{"Cell_ID":289,"Area_ha":1.0,"LC":"9:0.636969,13:0.363031","XMIN":703514.86160847,"YMIN":8512073.39404814,"XMAX":703614.86160847,"YMAX":8512173.39404814},"geometry":{"type":"Polygon","coordinates":[[[-73.11918950102314,-13.45224745433589],[-73.11919655461459,-13.451343704638672],[-73.12011990950161,-13.451350606520714],[-73.12011285936805,-13.452254356698472],[-73.11918950102314,-13.45224745433589]]]}},{"type":"Feature","properties":{"Cell_ID":290,"Area_ha":1.0,"LC":"9:0.039875,13:0.960125","XMIN":703514.86160847,"YMIN":8511973.39404814,"XMAX":703614.86160847,"YMAX":8512073.39404814},"geometry":{"type":"Polygon","coordinates":[[[-73.11918244691364,-13.453151203964675],[-73.11918950102314,-13.45224745433589],[-73.12011285936805,-13.452254356698472],[-73.1201058087167,-13.453158106807804],[-73.11918244691364,-13.453151203964675]]]}},{"type":"Feature","properties":{"Cell_ID":291,"Area_ha":1.0,"LC":"9:0.281474,13:0.718526","XMIN":703514.86160847,"YMIN":8511873.39404814,"XMAX":703614.86160847,"YMAX":8511973.39404814},"geometry":{"type":"Polygon","coordinates":[[[-73.1191753922861,-13.454054953525027],[-73.11918244691364,-13.453151203964675],[-73.1201058087167,-13.453158106807804],[-73.12009875754757,-13.454061856848705],[-73.1191753922861,-13.454054953525027]]]}},{"type":"Feature","properties":{"Cell_ID":292,"Area_ha":1.0,"LC":"5:0.602566,9:0.358526,13:0.038908","XMIN":703514.86160847,"YMIN":8511773.39404814,"XMAX":703614.86160847,"YMAX":8511873.39404814},"geometry":{"type":"Polygon","coordinates":[[[-73.1191683371405,-13.454958703016944],[-73.1191753922861,-13.454054953525027],[-73.12009875754757,-13.454061856848705],[-73.12009170586062,-13.454965606821178],[-73.1191683371405,-13.454958703016944]]]}},{"type":"Feature","properties":{"Cell_ID":293,"Area_ha":1.0,"LC":"5:0.998777,13:0.001223","XMIN":703514.86160847,"YMIN":8511673.39404814,"XMAX":703614.86160847,"YMAX":8511773.39404814},"geometry":{"type":"Polygon","coordinates":[[[-73.1191612814768,-13.455862452440417],[-73.1191683371405,-13.454958703016944],[-73.12009170586062,-13.454965606821178],[-73.12008465365584,-13.455869356725207],[-73.1191612814768,-13.455862452440417]]]}},{"type":"Feature","properties":{"Cell_ID":294,"Area_ha":1.0,"LC":"9:0.204019,14:0.050098,17:0.362726","XMIN":703614.86160847,"YMIN":8513473.39404814,"XMAX":703714.86160847,"YMAX":8513573.39404814},"geometry":{"type":"Polygon","coordinates":[[[-73.11836489472614,-13.439588053333084],[-73.11837194452029,-13.438684303159055],[-73.11929525050559,-13.438691201695095],[-73.11928820416576,-13.439594952349855],[-73.11836489472614,-13.439588053333084]]]}},{"type":"Feature","properties":{"Cell_ID":295,"Area_ha":1.0,"LC":"9:0.319658,17:0.680342","XMIN":703614.86160847,"YMIN":8513373.39404814,"XMAX":703714.86160847,"YMAX":8513473.39404814},"geometry":{"type":"Polygon","coordinates":[[[-73.11835784441382,-13.440491803438745],[-73.11836489472614,-13.439588053333084],[-73.11928820416576,-13.439594952349855],[-73.11928115730802,-13.440498702936248],[-73.11835784441382,-13.440491803438745]]]}},{"type":"Feature","properties":{"Cell_ID":296,"Area_ha":1.0,"LC":"9:0.763755,13:0.236245","XMIN":703614.86160847,"YMIN":8513273.39404814,"XMAX":703714.86160847,"YMAX":8513373.39404814},"geometry":{"type":"Polygon","coordinates":[[[-73.11835079358332,-13.44139555347603],[-73.11835784441382,-13.440491803438745],[-73.11928115730802,-13.440498702936248],[-73.11927410993238,-13.441402453454272],[-73.11835079358332,-13.44139555347603]]]}},{"type":"Feature","properties":{"Cell_ID":297,"Area_ha":1.0,"LC":"9:0.683749,13:0.195153,16:0.121098","XMIN":703614.86160847,"YMIN":8513173.39404814,"XMAX":703714.86160847,"YMAX":8513273.39404814},"geometry":{"type":"Polygon","coordinates":[[[-73.11834374223464,-13.44229930344493],[-73.11835079358332,-13.44139555347603],[-73.11927410993238,-13.441402453454272],[-73.11926706203877,-13.442306203903915],[-73.11834374223464,-13.44229930344493]]]}},{"type":"Feature","properties":{"Cell_ID":298,"Area_ha":1.0,"LC":"9:0.920251,13:0.038908,16:0.040841","XMIN":703614.86160847,"YMIN":8513073.39404814,"XMAX":703714.86160847,"YMAX":8513173.39404814},"geometry":{"type":"Polygon","coordinates":[[[-73.11833669036777,-13.44320305334545],[-73.11834374223464,-13.44229930344493],[-73.11926706203877,-13.442306203903915],[-73.11926001362724,-13.443209954285175],[-73.11833669036777,-13.44320305334545]]]}},{"type":"Feature","properties":{"Cell_ID":299,"Area_ha":1.0,"LC":"5:0.123037,9:0.876963","XMIN":703614.86160847,"YMIN":8512973.39404814,"XMAX":703714.86160847,"YMAX":8513073.39404814},"geometry":{"type":"Polygon","coordinates":[[[-73.1183296379827,-13.444106803177576],[-73.11833669036777,-13.44320305334545],[-73.11926001362724,-13.443209954285175],[-73.11925296469776,-13.444113704598053],[-73.1183296379827,-13.444106803177576]]]}},{"type":"Feature","properties":{"Cell_ID":300,"Area_ha":1.0,"LC":"5:0.041810,9:0.958190","XMIN":703614.86160847,"YMIN":8512873.39404814,"XMAX":703714.86160847,"YMAX":8512973.39404814},"geometry":{"type":"Polygon","coordinates":[[[-73.1183225850794,-13.445010552941312],[-73.1183296379827,-13.444106803177576],[-73.11925296469776,-13.444113704598053],[-73.11924591525032,-13.44501745484254],[-73.1183225850794,-13.445010552941312]]]}},{"type":"Feature","properties":{"Cell_ID":301,"Area_ha":1.0,"LC":"9:0.919875,16:0.080125","XMIN":703614.86160847,"YMIN":8512773.39404814,"XMAX":703714.86160847,"YMAX":8512873.39404814},"geometry":{"type":"Polygon","coordinates":[[[-73.11831553165788,-13.445914302636648],[-73.1183225850794,-13.445010552941312],[-73.11924591525032,-13.44501745484254],[-73.11923886528491,-13.445921205018633],[-73.11831553165788,-13.445914302636648]]]}},{"type":"Feature","properties":{"Cell_ID":302,"Area_ha":1.0,"LC":"9:0.635871,16:0.363881,18:0.000248","XMIN":703614.86160847,"YMIN":8512673.39404814,"XMAX":703714.86160847,"YMAX":8512773.39404814},"geometry":{"type":"Polygon","coordinates":[[[-73.11830847771814,-13.446818052263588],[-73.11831553165788,-13.445914302636648],[-73.11923886528491,-13.445921205018633],[-73.11923181480152,-13.44682495512633],[-73.11830847771814,-13.446818052263588]]]}},{"type":"Feature","properties":{"Cell_ID":303,"Area_ha":1.0,"LC":"9:0.242911,13:0.320251,16:0.040841,18:0.395997","XMIN":703614.86160847,"YMIN":8512573.39404814,"XMAX":703714.86160847,"YMAX":8512673.39404814},"geometry":{"type":"Polygon","coordinates":[[[-73.11830142326015,-13.447721801822116],[-73.11830847771814,-13.446818052263588],[-73.11923181480152,-13.44682495512633],[-73.11922476380015,-13.44772870516562],[-73.11830142326015,-13.447721801822116]]]}},{"type":"Feature","properties":{"Cell_ID":304,"Area_ha":1.0,"LC":"9:0.319404,13:0.602658,18:0.077939","XMIN":703614.86160847,"YMIN":8512473.39404814,"XMAX":703714.86160847,"YMAX":8512573.39404814},"geometry":{"type":"Polygon","coordinates":[[[-73.11829436828391,-13.448625551312237],[-73.11830142326015,-13.447721801822116],[-73.11922476380015,-13.44772870516562],[-73.11921771228077,-13.448632455136504],[-73.11829436828391,-13.448625551312237]]]}},{"type":"Feature","properties":{"Cell_ID":305,"Area_ha":1.0,"LC":"5:0.000122,9:0.675620,13:0.324257","XMIN":703614.86160847,"YMIN":8512373.39404814,"XMAX":703714.86160847,"YMAX":8512473.39404814},"geometry":{"type":"Polygon","coordinates":[[[-73.1182873127894,-13.449529300733943],[-73.11829436828391,-13.448625551312237],[-73.11921771228077,-13.448632455136504],[-73.1192106602434,-13.44953620503898],[-73.1182873127894,-13.449529300733943]]]}},{"type":"Feature","properties":{"Cell_ID":306,"Area_ha":1.0,"LC":"5:0.116969,9:0.079875,13:0.803156","XMIN":703614.86160847,"YMIN":8512273.39404814,"XMAX":703714.86160847,"YMAX":8512373.39404814},"geometry":{"type":"Polygon","coordinates":[[[-73.11828025677664,-13.450433050087229],[-73.1182873127894,-13.449529300733943],[-73.1192106602434,-13.44953620503898],[-73.11920360768801,-13.450439954873035],[-73.11828025677664,-13.450433050087229]]]}},{"type":"Feature","properties":{"Cell_ID":307,"Area_ha":1.0,"LC":"9:0.323413,13:0.676587","XMIN":703614.86160847,"YMIN":8512173.39404814,"XMAX":703714.86160847,"YMAX":8512273.39404814},"geometry":{"type":"Polygon","coordinates":[[[-73.1182732002456,-13.451336799372088],[-73.11828025677664,-13.450433050087229],[-73.11920360768801,-13.450439954873035],[-73.11919655461459,-13.451343704638672],[-73.1182732002456,-13.451336799372088]]]}},{"type":"Feature","properties":{"Cell_ID":308,"Area_ha":1.0,"LC":"5:0.040125,9:0.724596,13:0.235278","XMIN":703614.86160847,"YMIN":8512073.39404814,"XMAX":703714.86160847,"YMAX":8512173.39404814},"geometry":{"type":"Polygon","coordinates":[[[-73.11826614319625,-13.452240548588527],[-73.1182732002456,-13.451336799372088],[-73.11919655461459,-13.451343704638672],[-73.11918950102314,-13.45224745433589],[-73.11826614319625,-13.452240548588527]]]}},{"type":"Feature","properties":{"Cell_ID":309,"Area_ha":1.0,"LC":"5:0.320129,9:0.200716,13:0.479156","XMIN":703614.86160847,"YMIN":8511973.39404814,"XMAX":703714.86160847,"YMAX":8512073.39404814},"geometry":{"type":"Polygon","coordinates":[[[-73.11825908562862,-13.453144297736527],[-73.11826614319625,-13.452240548588527],[-73.11918950102314,-13.45224745433589],[-73.11918244691364,-13.453151203964675],[-73.11825908562862,-13.453144297736527]]]}},{"type":"Feature","properties":{"Cell_ID":310,"Area_ha":1.0,"LC":"5:0.565098,9:0.039153,13:0.395749","XMIN":703614.86160847,"YMIN":8511873.39404814,"XMAX":703714.86160847,"YMAX":8511973.39404814},"geometry":{"type":"Polygon","coordinates":[[[-73.1182520275427,-13.454048046816096],[-73.11825908562862,-13.453144297736527],[-73.11918244691364,-13.453151203964675],[-73.1191753922861,-13.454054953525027],[-73.1182520275427,-13.454048046816096]]]}},{"type":"Feature","properties":{"Cell_ID":311,"Area_ha":1.0,"LC":"5:0.961092,9:0.038908","XMIN":703614.86160847,"YMIN":8511773.39404814,"XMAX":703714.86160847,"YMAX":8511873.39404814},"geometry":{"type":"Polygon","coordinates":[[[-73.11824496893844,-13.454951795827222],[-73.1182520275427,-13.454048046816096],[-73.1191753922861,-13.454054953525027],[-73.1191683371405,-13.454958703016944],[-73.11824496893844,-13.454951795827222]]]}},{"type":"Feature","properties":{"Cell_ID":312,"Area_ha":1.0,"LC":"9:0.154524,16:0.163288,17:0.639024","XMIN":703714.86160847,"YMIN":8513473.39404814,"XMAX":703814.86160847,"YMAX":8513573.39404814},"geometry":{"type":"Polygon","coordinates":[[[-73.11744158580468,-13.439581150934838],[-73.11744863905315,-13.438677401241776],[-73.11837194452029,-13.438684303159055],[-73.11836489472614,-13.439588053333084],[-73.11744158580468,-13.439581150934838]]]}},{"type":"Feature","properties":{"Cell_ID":313,"Area_ha":1.0,"LC":"9:0.000122,16:0.604471,17:0.395407","XMIN":703714.86160847,"YMIN":8513373.39404814,"XMAX":703814.86160847,"YMAX":8513473.39404814},"geometry":{"type":"Polygon","coordinates":[[[-73.11743453203779,-13.440484900559529],[-73.11744158580468,-13.439581150934838],[-73.11836489472614,-13.439588053333084],[-73.11835784441382,-13.440491803438745],[-73.11743453203779,-13.440484900559529]]]}},{"type":"Feature","properties":{"Cell_ID":314,"Area_ha":1.0,"LC":"9:0.597596,16:0.001936,17:0.400468","XMIN":703714.86160847,"YMIN":8513273.39404814,"XMAX":703814.86160847,"YMAX":8513373.39404814},"geometry":{"type":"Polygon","coordinates":[[[-73.11742747775247,-13.44138865011584],[-73.11743453203779,-13.440484900559529],[-73.11835784441382,-13.440491803438745],[-73.11835079358332,-13.44139555347603],[-73.11742747775247,-13.44138865011584]]]}},{"type":"Feature","properties":{"Cell_ID":315,"Area_ha":1.0,"LC":"9:0.920596,16:0.079404","XMIN":703714.86160847,"YMIN":8513173.39404814,"XMAX":703814.86160847,"YMAX":8513273.39404814},"geometry":{"type":"Polygon","coordinates":[[[-73.11742042294871,-13.442292399603764],[-73.11742747775247,-13.44138865011584],[-73.11835079358332,-13.44139555347603],[-73.11834374223464,-13.44229930344493],[-73.11742042294871,-13.442292399603764]]]}},{"type":"Feature","properties":{"Cell_ID":316,"Area_ha":1.0,"LC":"9:0.681092,16:0.318908","XMIN":703714.86160847,"YMIN":8513073.39404814,"XMAX":703814.86160847,"YMAX":8513173.39404814},"geometry":{"type":"Polygon","coordinates":[[[-73.1174133676265,-13.443196149023306],[-73.11742042294871,-13.442292399603764],[-73.11834374223464,-13.44229930344493],[-73.11833669036777,-13.44320305334545],[-73.1174133676265,-13.443196149023306]]]}},{"type":"Feature","properties":{"Cell_ID":317,"Area_ha":1.0,"LC":"5:0.640376,9:0.199624,13:0.080251,16:0.079749","XMIN":703714.86160847,"YMIN":8512973.39404814,"XMAX":703814.86160847,"YMAX":8513073.39404814},"geometry":{"type":"Polygon","coordinates":[[[-73.11740631178584,-13.444099898374446],[-73.1174133676265,-13.443196149023306],[-73.11833669036777,-13.44320305334545],[-73.1183296379827,-13.444106803177576],[-73.11740631178584,-13.444099898374446]]]}},{"type":"Feature","properties":{"Cell_ID":318,"Area_ha":1.0,"LC":"5:0.198654,9:0.117214,13:0.601220,16:0.082911","XMIN":703714.86160847,"YMIN":8512873.39404814,"XMAX":703814.86160847,"YMAX":8512973.39404814},"geometry":{"type":"Polygon","coordinates":[[[-73.11739925542669,-13.445003647657197],[-73.11740631178584,-13.444099898374446],[-73.1183296379827,-13.444106803177576],[-73.1183225850794,-13.445010552941312],[-73.11739925542669,-13.445003647657197]]]}},{"type":"Feature","properties":{"Cell_ID":319,"Area_ha":1.0,"LC":"9:0.315404,13:0.519498,16:0.165098","XMIN":703714.86160847,"YMIN":8512773.39404814,"XMAX":703814.86160847,"YMAX":8512873.39404814},"geometry":{"type":"Polygon","coordinates":[[[-73.11739219854908,-13.445907396871544],[-73.11739925542669,-13.445003647657197],[-73.1183225850794,-13.445010552941312],[-73.11831553165788,-13.445914302636648],[-73.11739219854908,-13.445907396871544]]]}},{"type":"Feature","properties":{"Cell_ID":320,"Area_ha":1.0,"LC":"9:0.400725,16:0.599275","XMIN":703714.86160847,"YMIN":8512673.39404814,"XMAX":703814.86160847,"YMAX":8512773.39404814},"geometry":{"type":"Polygon","coordinates":[[[-73.117385141153,-13.446811146017488],[-73.11739219854908,-13.445907396871544],[-73.11831553165788,-13.445914302636648],[-73.11830847771814,-13.446818052263588],[-73.117385141153,-13.446811146017488]]]}},{"type":"Feature","properties":{"Cell_ID":321,"Area_ha":1.0,"LC":"9:0.362187,13:0.479281,16:0.158532","XMIN":703714.86160847,"YMIN":8512573.39404814,"XMAX":703814.86160847,"YMAX":8512673.39404814},"geometry":{"type":"Polygon","coordinates":[[[-73.11737808323839,-13.44771489509502],[-73.117385141153,-13.446811146017488],[-73.11830847771814,-13.446818052263588],[-73.11830142326015,-13.447721801822116],[-73.11737808323839,-13.44771489509502]]]}},{"type":"Feature","properties":{"Cell_ID":322,"Area_ha":1.0,"LC":"9:0.279997,13:0.720003","XMIN":703714.86160847,"YMIN":8512473.39404814,"XMAX":703814.86160847,"YMAX":8512573.39404814},"geometry":{"type":"Polygon","coordinates":[[[-73.1173710248053,-13.448618644104139],[-73.11737808323839,-13.44771489509502],[-73.11830142326015,-13.447721801822116],[-73.11829436828391,-13.448625551312237],[-73.1173710248053,-13.448618644104139]]]}},{"type":"Feature","properties":{"Cell_ID":323,"Area_ha":1.0,"LC":"9:0.118657,13:0.881343","XMIN":703714.86160847,"YMIN":8512373.39404814,"XMAX":703814.86160847,"YMAX":8512473.39404814},"geometry":{"type":"Polygon","coordinates":[[[-73.11736396585368,-13.44952239304484],[-73.1173710248053,-13.448618644104139],[-73.11829436828391,-13.448625551312237],[-73.1182873127894,-13.449529300733943],[-73.11736396585368,-13.44952239304484]]]}},{"type":"Feature","properties":{"Cell_ID":324,"Area_ha":1.0,"LC":"13:1.000000","XMIN":703714.86160847,"YMIN":8512273.39404814,"XMAX":703814.86160847,"YMAX":8512373.39404814},"geometry":{"type":"Polygon","coordinates":[[[-73.11735690638355,-13.450426141917118],[-73.11736396585368,-13.44952239304484],[-73.1182873127894,-13.449529300733943],[-73.11828025677664,-13.450433050087229],[-73.11735690638355,-13.450426141917118]]]}},{"type":"Feature","properties":{"Cell_ID":325,"Area_ha":1.0,"LC":"5:0.403881,9:0.357716,13:0.238403","XMIN":703714.86160847,"YMIN":8512173.39404814,"XMAX":703814.86160847,"YMAX":8512273.39404814},"geometry":{"type":"Polygon","coordinates":[[[-73.11734984639489,-13.451329890720968],[-73.11735690638355,-13.450426141917118],[-73.11828025677664,-13.450433050087229],[-73.1182732002456,-13.451336799372088],[-73.11734984639489,-13.451329890720968]]]}},{"type":"Feature","properties":{"Cell_ID":326,"Area_ha":1.0,"LC":"5:0.001936,9:0.797688,13:0.200376","XMIN":703714.86160847,"YMIN":8512073.39404814,"XMAX":703814.86160847,"YMAX":8512173.39404814},"geometry":{"type":"Polygon","coordinates":[[[-73.11734278588767,-13.45223363945639],[-73.11734984639489,-13.451329890720968],[-73.1182732002456,-13.451336799372088],[-73.11826614319625,-13.452240548588527],[-73.11734278588767,-13.45223363945639]]]}},{"type":"Feature","properties":{"Cell_ID":327,"Area_ha":1.0,"LC":"5:0.161597,9:0.160719,13:0.677685","XMIN":703714.86160847,"YMIN":8511973.39404814,"XMAX":703814.86160847,"YMAX":8512073.39404814},"geometry":{"type":"Polygon","coordinates":[[[-73.11733572486192,-13.453137388123372],[-73.11734278588767,-13.45223363945639],[-73.11826614319625,-13.452240548588527],[-73.11825908562862,-13.453144297736527],[-73.11733572486192,-13.453137388123372]]]}},{"type":"Feature","properties":{"Cell_ID":328,"Area_ha":1.0,"LC":"5:1.000000","XMIN":703714.86160847,"YMIN":8511873.39404814,"XMAX":703814.86160847,"YMAX":8511973.39404814},"geometry":{"type":"Polygon","coordinates":[[[-73.1173286633176,-13.454041136721921],[-73.11733572486192,-13.453137388123372],[-73.11825908562862,-13.453144297736527],[-73.1182520275427,-13.454048046816096],[-73.1173286633176,-13.454041136721921]]]}},{"type":"Feature","properties":{"Cell_ID":329,"Area_ha":1.0,"LC":"9:0.031000,16:0.365224,17:0.533802","XMIN":703814.86160847,"YMIN":8513573.39404814,"XMAX":703914.86160847,"YMAX":8513673.39404814},"geometry":{"type":"Polygon","coordinates":[[[-73.11652533410442,-13.438670495943269],[-73.11653239028854,-13.43776674666303],[-73.11745569178322,-13.43777365148034],[-73.11744863905315,-13.438677401241776],[-73.11652533410442,-13.438670495943269]]]}},{"type":"Feature","properties":{"Cell_ID":330,"Area_ha":1.0,"LC":"16:0.801685,17:0.077939,18:0.120376","XMIN":703814.86160847,"YMIN":8513473.39404814,"XMAX":703914.86160847,"YMAX":8513573.39404814},"geometry":{"type":"Polygon","coordinates":[[[-73.11651827740165,-13.439574245155125],[-73.11652533410442,-13.438670495943269],[-73.11744863905315,-13.438677401241776],[-73.11744158580468,-13.439581150934838],[-73.11651827740165,-13.439574245155125]]]}},{"type":"Feature","properties":{"Cell_ID":331,"Area_ha":1.0,"LC":"16:0.677468,18:0.322532","XMIN":703814.86160847,"YMIN":8513373.39404814,"XMAX":703914.86160847,"YMAX":8513473.39404814},"geometry":{"type":"Polygon","coordinates":[[[-73.1165112201802,-13.440477994298615],[-73.11651827740165,-13.439574245155125],[-73.11744158580468,-13.439581150934838],[-73.11743453203779,-13.440484900559529],[-73.1165112201802,-13.440477994298615]]]}},{"type":"Feature","properties":{"Cell_ID":332,"Area_ha":1.0,"LC":"9:0.278560,16:0.682410,17:0.039031","XMIN":703814.86160847,"YMIN":8513273.39404814,"XMAX":703914.86160847,"YMAX":8513373.39404814},"geometry":{"type":"Polygon","coordinates":[[[-73.11650416244005,-13.441381743373714],[-73.1165112201802,-13.440477994298615],[-73.11743453203779,-13.440484900559529],[-73.11742747775247,-13.44138865011584],[-73.11650416244005,-13.441381743373714]]]}},{"type":"Feature","properties":{"Cell_ID":333,"Area_ha":1.0,"LC":"9:0.915278,16:0.084722","XMIN":703814.86160847,"YMIN":8513173.39404814,"XMAX":703914.86160847,"YMAX":8513273.39404814},"geometry":{"type":"Polygon","coordinates":[[[-73.11649710418122,-13.442285492380428],[-73.11650416244005,-13.441381743373714],[-73.11742747775247,-13.44138865011584],[-73.11742042294871,-13.442292399603764],[-73.11649710418122,-13.442285492380428]]]}},{"type":"Feature","properties":{"Cell_ID":334,"Area_ha":1.0,"LC":"9:0.996125,16:0.003875","XMIN":703814.86160847,"YMIN":8513073.39404814,"XMAX":703914.86160847,"YMAX":8513173.39404814},"geometry":{"type":"Polygon","coordinates":[[[-73.11649004540368,-13.44318924131875],[-73.11649710418122,-13.442285492380428],[-73.11742042294871,-13.442292399603764],[-73.1174133676265,-13.443196149023306],[-73.11649004540368,-13.44318924131875]]]}},{"type":"Feature","properties":{"Cell_ID":335,"Area_ha":1.0,"LC":"5:0.317339,9:0.681688,13:0.000973","XMIN":703814.86160847,"YMIN":8512973.39404814,"XMAX":703914.86160847,"YMAX":8513073.39404814},"geometry":{"type":"Polygon","coordinates":[[[-73.11648298610743,-13.444092990188674],[-73.11649004540368,-13.44318924131875],[-73.1174133676265,-13.443196149023306],[-73.11740631178584,-13.444099898374446],[-73.11648298610743,-13.444092990188674]]]}},{"type":"Feature","properties":{"Cell_ID":336,"Area_ha":1.0,"LC":"5:0.078783,9:0.439875,13:0.243878,16:0.237465","XMIN":703814.86160847,"YMIN":8512873.39404814,"XMAX":703914.86160847,"YMAX":8512973.39404814},"geometry":{"type":"Polygon","coordinates":[[[-73.11647592629247,-13.444996738990204],[-73.11648298610743,-13.444092990188674],[-73.11740631178584,-13.444099898374446],[-73.11739925542669,-13.445003647657197],[-73.11647592629247,-13.444996738990204]]]}},{"type":"Feature","properties":{"Cell_ID":337,"Area_ha":1.0,"LC":"9:0.122658,13:0.000966,16:0.435404,18:0.440973","XMIN":703814.86160847,"YMIN":8512773.39404814,"XMAX":703914.86160847,"YMAX":8512873.39404814},"geometry":{"type":"Polygon","coordinates":[[[-73.11646886595877,-13.445900487723325],[-73.11647592629247,-13.444996738990204],[-73.11739925542669,-13.445003647657197],[-73.11739219854908,-13.445907396871544],[-73.11646886595877,-13.445900487723325]]]}},{"type":"Feature","properties":{"Cell_ID":338,"Area_ha":1.0,"LC":"9:0.280627,16:0.716467,18:0.002905","XMIN":703814.86160847,"YMIN":8512673.39404814,"XMAX":703914.86160847,"YMAX":8512773.39404814},"geometry":{"type":"Polygon","coordinates":[[[-73.11646180510633,-13.446804236388038],[-73.11646886595877,-13.445900487723325],[-73.11739219854908,-13.445907396871544],[-73.117385141153,-13.446811146017488],[-73.11646180510633,-13.446804236388038]]]}},{"type":"Feature","properties":{"Cell_ID":339,"Area_ha":1.0,"LC":"9:0.999746,13:0.000254","XMIN":703814.86160847,"YMIN":8512573.39404814,"XMAX":703914.86160847,"YMAX":8512673.39404814},"geometry":{"type":"Polygon","coordinates":[[[-73.11645474373513,-13.447707984984335],[-73.11646180510633,-13.446804236388038],[-73.117385141153,-13.446811146017488],[-73.11737808323839,-13.44771489509502],[-73.11645474373513,-13.447707984984335]]]}},{"type":"Feature","properties":{"Cell_ID":340,"Area_ha":1.0,"LC":"9:0.118657,13:0.881343","XMIN":703814.86160847,"YMIN":8512473.39404814,"XMAX":703914.86160847,"YMAX":8512573.39404814},"geometry":{"type":"Polygon","coordinates":[[[-73.11644768184519,-13.448611733512216],[-73.11645474373513,-13.447707984984335],[-73.11737808323839,-13.44771489509502],[-73.1173710248053,-13.448618644104139],[-73.11644768184519,-13.448611733512216]]]}},{"type":"Feature","properties":{"Cell_ID":341,"Area_ha":1.0,"LC":"9:0.083037,13:0.916963","XMIN":703814.86160847,"YMIN":8512373.39404814,"XMAX":703914.86160847,"YMAX":8512473.39404814},"geometry":{"type":"Polygon","coordinates":[[[-73.11644061943649,-13.449515481971682],[-73.11644768184519,-13.448611733512216],[-73.1173710248053,-13.448618644104139],[-73.11736396585368,-13.44952239304484],[-73.11644061943649,-13.449515481971682]]]}},{"type":"Feature","properties":{"Cell_ID":342,"Area_ha":1.0,"LC":"9:0.204847,13:0.795153","XMIN":703814.86160847,"YMIN":8512273.39404814,"XMAX":703914.86160847,"YMAX":8512373.39404814},"geometry":{"type":"Polygon","coordinates":[[[-73.116433556509,-13.450419230362717],[-73.11644061943649,-13.449515481971682],[-73.11736396585368,-13.44952239304484],[-73.11735690638355,-13.450426141917118],[-73.116433556509,-13.450419230362717]]]}},{"type":"Feature","properties":{"Cell_ID":343,"Area_ha":1.0,"LC":"9:0.322187,13:0.002911,16:0.000125,17:0.562975","XMIN":703914.86160847,"YMIN":8513773.39404814,"XMAX":704014.86160847,"YMAX":8513873.39404814},"geometry":{"type":"Polygon","coordinates":[[[-73.11561614843178,-13.43685608959756],[-73.11562320703214,-13.435952340662013],[-73.11654650110081,-13.435959247897452],[-73.116539445954,-13.436862997314423],[-73.11561614843178,-13.43685608959756]]]}},{"type":"Feature","properties":{"Cell_ID":344,"Area_ha":1.0,"LC":"9:0.242532,13:0.001939,16:0.716621,17:0.038908","XMIN":703914.86160847,"YMIN":8513673.39404814,"XMAX":704014.86160847,"YMAX":8513773.39404814},"geometry":{"type":"Polygon","coordinates":[[[-73.11560908931253,-13.437759838464737],[-73.11561614843178,-13.43685608959756],[-73.116539445954,-13.436862997314423],[-73.11653239028854,-13.43776674666303],[-73.11560908931253,-13.437759838464737]]]}},{"type":"Feature","properties":{"Cell_ID":345,"Area_ha":1.0,"LC":"9:0.000003,13:0.002905,16:0.997092","XMIN":703914.86160847,"YMIN":8513573.39404814,"XMAX":704014.86160847,"YMAX":8513673.39404814},"geometry":{"type":"Polygon","coordinates":[[[-73.11560202967436,-13.43866358726354],[-73.11560908931253,-13.437759838464737],[-73.11653239028854,-13.43776674666303],[-73.11652533410442,-13.438670495943269],[-73.11560202967436,-13.43866358726354]]]}},{"type":"Feature","properties":{"Cell_ID":346,"Area_ha":1.0,"LC":"9:0.085098,16:0.914902","XMIN":703914.86160847,"YMIN":8513473.39404814,"XMAX":704014.86160847,"YMAX":8513573.39404814},"geometry":{"type":"Polygon","coordinates":[[[-73.11559496951729,-13.439567335993964],[-73.11560202967436,-13.43866358726354],[-73.11652533410442,-13.438670495943269],[-73.11651827740165,-13.439574245155125],[-73.11559496951729,-13.439567335993964]]]}},{"type":"Feature","properties":{"Cell_ID":347,"Area_ha":1.0,"LC":"9:0.404722,16:0.197936,18:0.397342","XMIN":703914.86160847,"YMIN":8513373.39404814,"XMAX":704014.86160847,"YMAX":8513473.39404814},"geometry":{"type":"Polygon","coordinates":[[[-73.11558790884128,-13.440471084656005],[-73.11559496951729,-13.439567335993964],[-73.11651827740165,-13.439574245155125],[-73.1165112201802,-13.440477994298615],[-73.11558790884128,-13.440471084656005]]]}},{"type":"Feature","properties":{"Cell_ID":348,"Area_ha":1.0,"LC":"9:0.161343,16:0.515027,18:0.323630","XMIN":703914.86160847,"YMIN":8513273.39404814,"XMAX":704014.86160847,"YMAX":8513373.39404814},"geometry":{"type":"Polygon","coordinates":[[[-73.11558084764633,-13.441374833249665],[-73.11558790884128,-13.440471084656005],[-73.1165112201802,-13.440477994298615],[-73.11650416244005,-13.441381743373714],[-73.11558084764633,-13.441374833249665]]]}},{"type":"Feature","properties":{"Cell_ID":349,"Area_ha":1.0,"LC":"9:0.803881,16:0.195153,18:0.000966","XMIN":703914.86160847,"YMIN":8513173.39404814,"XMAX":704014.86160847,"YMAX":8513273.39404814},"geometry":{"type":"Polygon","coordinates":[[[-73.11557378593244,-13.442278581774927],[-73.11558084764633,-13.441374833249665],[-73.11650416244005,-13.441381743373714],[-73.11649710418122,-13.442285492380428],[-73.11557378593244,-13.442278581774927]]]}},{"type":"Feature","properties":{"Cell_ID":350,"Area_ha":1.0,"LC":"9:0.763749,16:0.236251","XMIN":703914.86160847,"YMIN":8513073.39404814,"XMAX":704014.86160847,"YMAX":8513173.39404814},"geometry":{"type":"Polygon","coordinates":[[[-73.11556672369959,-13.4431823302318],[-73.11557378593244,-13.442278581774927],[-73.11649710418122,-13.442285492380428],[-73.11649004540368,-13.44318924131875],[-73.11556672369959,-13.4431823302318]]]}},{"type":"Feature","properties":{"Cell_ID":351,"Area_ha":1.0,"LC":"9:0.760847,13:0.159404,16:0.079749","XMIN":703914.86160847,"YMIN":8512973.39404814,"XMAX":704014.86160847,"YMAX":8513073.39404814},"geometry":{"type":"Polygon","coordinates":[[[-73.11555966094777,-13.44408607862027],[-73.11556672369959,-13.4431823302318],[-73.11649004540368,-13.44318924131875],[-73.11648298610743,-13.444092990188674],[-73.11555966094777,-13.44408607862027]]]}},{"type":"Feature","properties":{"Cell_ID":352,"Area_ha":1.0,"LC":"9:0.242783,13:0.757217","XMIN":703914.86160847,"YMIN":8512873.39404814,"XMAX":704014.86160847,"YMAX":8512973.39404814},"geometry":{"type":"Polygon","coordinates":[[[-73.11555259767698,-13.444989826940336],[-73.11555966094777,-13.44408607862027],[-73.11648298610743,-13.444092990188674],[-73.11647592629247,-13.444996738990204],[-73.11555259767698,-13.444989826940336]]]}},{"type":"Feature","properties":{"Cell_ID":353,"Area_ha":1.0,"LC":"9:0.562315,13:0.398532,18:0.039153","XMIN":703914.86160847,"YMIN":8512773.39404814,"XMAX":704014.86160847,"YMAX":8512873.39404814},"geometry":{"type":"Polygon","coordinates":[[[-73.1155455338872,-13.445893575191999],[-73.11555259767698,-13.444989826940336],[-73.11647592629247,-13.444996738990204],[-73.11646886595877,-13.445900487723325],[-73.1155455338872,-13.445893575191999]]]}},{"type":"Feature","properties":{"Cell_ID":354,"Area_ha":1.0,"LC":"9:0.803031,18:0.196969","XMIN":703914.86160847,"YMIN":8512673.39404814,"XMAX":704014.86160847,"YMAX":8512773.39404814},"geometry":{"type":"Polygon","coordinates":[[[-73.11553846957842,-13.446797323375247],[-73.1155455338872,-13.445893575191999],[-73.11646886595877,-13.445900487723325],[-73.11646180510633,-13.446804236388038],[-73.11553846957842,-13.446797323375247]]]}},{"type":"Feature","properties":{"Cell_ID":355,"Area_ha":1.0,"LC":"9:0.442441,13:0.000125,16:0.040969,17:0.437682,18:0.078783","XMIN":704014.86160847,"YMIN":8513873.39404814,"XMAX":704114.86160847,"YMAX":8513973.39404814},"geometry":{"type":"Polygon","coordinates":[[[-73.11469991348235,-13.43594543004607],[-73.11470697501709,-13.43504168152382],[-73.1156302651136,-13.435048591658106],[-73.11562320703214,-13.435952340662013],[-73.11469991348235,-13.43594543004607]]]}},{"type":"Feature","properties":{"Cell_ID":356,"Area_ha":1.0,"LC":"9:0.482410,13:0.517590","XMIN":704014.86160847,"YMIN":8513773.39404814,"XMAX":704114.86160847,"YMAX":8513873.39404814},"geometry":{"type":"Polygon","coordinates":[[[-73.11469285142847,-13.436849178499953],[-73.11469991348235,-13.43594543004607],[-73.11562320703214,-13.435952340662013],[-73.11561614843178,-13.43685608959756],[-73.11469285142847,-13.436849178499953]]]}},{"type":"Feature","properties":{"Cell_ID":357,"Area_ha":1.0,"LC":"9:0.642315,13:0.357685","XMIN":704014.86160847,"YMIN":8513673.39404814,"XMAX":704114.86160847,"YMAX":8513773.39404814},"geometry":{"type":"Polygon","coordinates":[[[-73.11468578885543,-13.437752926885462],[-73.11469285142847,-13.436849178499953],[-73.11561614843178,-13.43685608959756],[-73.11560908931253,-13.437759838464737],[-73.11468578885543,-13.437752926885462]]]}},{"type":"Feature","properties":{"Cell_ID":358,"Area_ha":1.0,"LC":"5:0.041098,9:0.403997,13:0.476844,16:0.078061","XMIN":704014.86160847,"YMIN":8513573.39404814,"XMAX":704114.86160847,"YMAX":8513673.39404814},"geometry":{"type":"Polygon","coordinates":[[[-73.11467872576324,-13.4386566752026],[-73.11468578885543,-13.437752926885462],[-73.11560908931253,-13.437759838464737],[-73.11560202967436,-13.43866358726354],[-73.11467872576324,-13.4386566752026]]]}},{"type":"Feature","properties":{"Cell_ID":359,"Area_ha":1.0,"LC":"5:0.245098,9:0.754902","XMIN":704014.86160847,"YMIN":8513473.39404814,"XMAX":704114.86160847,"YMAX":8513573.39404814},"geometry":{"type":"Polygon","coordinates":[[[-73.11467166215186,-13.439560423451347],[-73.11467872576324,-13.4386566752026],[-73.11560202967436,-13.43866358726354],[-73.11559496951729,-13.439567335993964],[-73.11467166215186,-13.439560423451347]]]}},{"type":"Feature","properties":{"Cell_ID":360,"Area_ha":1.0,"LC":"5:0.444596,9:0.555404","XMIN":704014.86160847,"YMIN":8513373.39404814,"XMAX":704114.86160847,"YMAX":8513473.39404814},"geometry":{"type":"Polygon","coordinates":[[[-73.1146645980213,-13.440464171631712],[-73.11467166215186,-13.439560423451347],[-73.11559496951729,-13.439567335993964],[-73.11558790884128,-13.440471084656005],[-73.1146645980213,-13.440464171631712]]]}},{"type":"Feature","properties":{"Cell_ID":361,"Area_ha":1.0,"LC":"5:0.082780,9:0.760725,18:0.156495","XMIN":704014.86160847,"YMIN":8513273.39404814,"XMAX":704114.86160847,"YMAX":8513373.39404814},"geometry":{"type":"Polygon","coordinates":[[[-73.11465753337156,-13.44136791974369],[-73.1146645980213,-13.440464171631712],[-73.11558790884128,-13.440471084656005],[-73.11558084764633,-13.441374833249665],[-73.11465753337156,-13.44136791974369]]]}},{"type":"Feature","properties":{"Cell_ID":362,"Area_ha":1.0,"LC":"6:0.282908,9:0.518434,18:0.198657","XMIN":704014.86160847,"YMIN":8513173.39404814,"XMAX":704114.86160847,"YMAX":8513273.39404814},"geometry":{"type":"Polygon","coordinates":[[[-73.11465046820261,-13.442271667787272],[-73.11465753337156,-13.44136791974369],[-73.11558084764633,-13.441374833249665],[-73.11557378593244,-13.442278581774927],[-73.11465046820261,-13.442271667787272]]]}},{"type":"Feature","properties":{"Cell_ID":363,"Area_ha":1.0,"LC":"5:0.002064,9:0.677807,13:0.320129","XMIN":704014.86160847,"YMIN":8513073.39404814,"XMAX":704114.86160847,"YMAX":8513173.39404814},"geometry":{"type":"Polygon","coordinates":[[[-73.11464340251445,-13.443175415762461],[-73.11465046820261,-13.442271667787272],[-73.11557378593244,-13.442278581774927],[-73.11556672369959,-13.4431823302318],[-73.11464340251445,-13.443175415762461]]]}},{"type":"Feature","properties":{"Cell_ID":364,"Area_ha":1.0,"LC":"5:0.402193,9:0.475027,13:0.122780","XMIN":704014.86160847,"YMIN":8512973.39404814,"XMAX":704114.86160847,"YMAX":8513073.39404814},"geometry":{"type":"Polygon","coordinates":[[[-73.11463633630707,-13.44407916366924],[-73.11464340251445,-13.443175415762461],[-73.11556672369959,-13.4431823302318],[-73.11555966094777,-13.44408607862027],[-73.11463633630707,-13.44407916366924]]]}},{"type":"Feature","properties":{"Cell_ID":365,"Area_ha":1.0,"LC":"5:0.564468,9:0.317471,13:0.118061","XMIN":704014.86160847,"YMIN":8512873.39404814,"XMAX":704114.86160847,"YMAX":8512973.39404814},"geometry":{"type":"Polygon","coordinates":[[[-73.11462926958046,-13.444982911507612],[-73.11463633630707,-13.44407916366924],[-73.11555966094777,-13.44408607862027],[-73.11555259767698,-13.444989826940336],[-73.11462926958046,-13.444982911507612]]]}},{"type":"Feature","properties":{"Cell_ID":366,"Area_ha":1.0,"LC":"5:0.041727,7:0.430663,14:0.062826,17:0.321597","XMIN":704114.86160847,"YMIN":8513973.39404814,"XMAX":704214.86160847,"YMAX":8514073.39404814},"geometry":{"type":"Polygon","coordinates":[[[-73.1137836854397,-13.435034768009276],[-73.11379074990832,-13.434131019900551],[-73.11471403603268,-13.434137932933204],[-73.11470697501709,-13.43504168152382],[-73.1137836854397,-13.435034768009276]]]}},{"type":"Feature","properties":{"Cell_ID":367,"Area_ha":1.0,"LC":"5:0.002911,9:0.597716,16:0.200000,17:0.199373","XMIN":704114.86160847,"YMIN":8513873.39404814,"XMAX":704214.86160847,"YMAX":8513973.39404814},"geometry":{"type":"Polygon","coordinates":[[[-73.1137766204517,-13.43593851604963],[-73.1137836854397,-13.435034768009276],[-73.11470697501709,-13.43504168152382],[-73.11469991348235,-13.43594543004607],[-73.1137766204517,-13.43593851604963]]]}},{"type":"Feature","properties":{"Cell_ID":368,"Area_ha":1.0,"LC":"5:0.122905,9:0.835027,13:0.042067","XMIN":704114.86160847,"YMIN":8513773.39404814,"XMAX":704214.86160847,"YMAX":8513873.39404814},"geometry":{"type":"Polygon","coordinates":[[[-73.1137695549443,-13.436842264021616],[-73.1137766204517,-13.43593851604963],[-73.11469991348235,-13.43594543004607],[-73.11469285142847,-13.436849178499953],[-73.1137695549443,-13.436842264021616]]]}},{"type":"Feature","properties":{"Cell_ID":369,"Area_ha":1.0,"LC":"9:0.875153,13:0.124847","XMIN":704114.86160847,"YMIN":8513673.39404814,"XMAX":704214.86160847,"YMAX":8513773.39404814},"geometry":{"type":"Polygon","coordinates":[[[-73.11376248891749,-13.437746011925226],[-73.1137695549443,-13.436842264021616],[-73.11469285142847,-13.436849178499953],[-73.11468578885543,-13.437752926885462],[-73.11376248891749,-13.437746011925226]]]}},{"type":"Feature","properties":{"Cell_ID":370,"Area_ha":1.0,"LC":"5:0.039153,9:0.836125,13:0.124722","XMIN":704114.86160847,"YMIN":8513573.39404814,"XMAX":704214.86160847,"YMAX":8513673.39404814},"geometry":{"type":"Polygon","coordinates":[[[-73.11375542237126,-13.438649759760454],[-73.11376248891749,-13.437746011925226],[-73.11468578885543,-13.437752926885462],[-73.11467872576324,-13.4386566752026],[-73.11375542237126,-13.438649759760454]]]}},{"type":"Feature","properties":{"Cell_ID":371,"Area_ha":1.0,"LC":"5:0.475529,9:0.522535,13:0.001936","XMIN":704114.86160847,"YMIN":8513473.39404814,"XMAX":704214.86160847,"YMAX":8513573.39404814},"geometry":{"type":"Polygon","coordinates":[[[-73.1137483553056,-13.439553507527295],[-73.11375542237126,-13.438649759760454],[-73.11467872576324,-13.4386566752026],[-73.11467166215186,-13.439560423451347],[-73.1137483553056,-13.439553507527295]]]}},{"type":"Feature","properties":{"Cell_ID":372,"Area_ha":1.0,"LC":"5:0.959159,9:0.040841","XMIN":704114.86160847,"YMIN":8513373.39404814,"XMAX":704214.86160847,"YMAX":8513473.39404814},"geometry":{"type":"Polygon","coordinates":[[[-73.11374128772052,-13.44045725522575],[-73.1137483553056,-13.439553507527295],[-73.11467166215186,-13.439560423451347],[-73.1146645980213,-13.440464171631712],[-73.11374128772052,-13.44045725522575]]]}},{"type":"Feature","properties":{"Cell_ID":373,"Area_ha":1.0,"LC":"5:0.881566,9:0.118434","XMIN":704114.86160847,"YMIN":8513273.39404814,"XMAX":704214.86160847,"YMAX":8513373.39404814},"geometry":{"type":"Polygon","coordinates":[[[-73.11373421961598,-13.44136100285581],[-73.11374128772052,-13.44045725522575],[-73.1146645980213,-13.440464171631712],[-73.11465753337156,-13.44136791974369],[-73.11373421961598,-13.44136100285581]]]}},{"type":"Feature","properties":{"Cell_ID":374,"Area_ha":1.0,"LC":"5:0.403624,6:0.358440,9:0.237936","XMIN":704114.86160847,"YMIN":8513173.39404814,"XMAX":704214.86160847,"YMAX":8513273.39404814},"geometry":{"type":"Polygon","coordinates":[[[-73.11372715099199,-13.442264750417474],[-73.11373421961598,-13.44136100285581],[-73.11465753337156,-13.44136791974369],[-73.11465046820261,-13.442271667787272],[-73.11372715099199,-13.442264750417474]]]}},{"type":"Feature","properties":{"Cell_ID":375,"Area_ha":1.0,"LC":"5:0.601474,6:0.161560,9:0.236844,13:0.000122","XMIN":704114.86160847,"YMIN":8513073.39404814,"XMAX":704214.86160847,"YMAX":8513173.39404814},"geometry":{"type":"Polygon","coordinates":[[[-73.11372008184853,-13.443168497910733],[-73.11372715099199,-13.442264750417474],[-73.11465046820261,-13.442271667787272],[-73.11464340251445,-13.443175415762461],[-73.11372008184853,-13.443168497910733]]]}},{"type":"Feature","properties":{"Cell_ID":376,"Area_ha":1.0,"LC":"5:0.883031,13:0.116969","XMIN":704114.86160847,"YMIN":8512973.39404814,"XMAX":704214.86160847,"YMAX":8513073.39404814},"geometry":{"type":"Polygon","coordinates":[[[-73.1137130121856,-13.444072245335592],[-73.11372008184853,-13.443168497910733],[-73.11464340251445,-13.443175415762461],[-73.11463633630707,-13.44407916366924],[-73.1137130121856,-13.444072245335592]]]}},{"type":"Feature","properties":{"Cell_ID":377,"Area_ha":1.0,"LC":"3:0.198882,5:0.262489,7:0.119031,9:0.080969,17:0.319658","XMIN":704214.86160847,"YMIN":8513973.39404814,"XMAX":704314.86160847,"YMAX":8514073.39404814},"geometry":{"type":"Polygon","coordinates":[[[-73.11286039638172,-13.435027851114477],[-73.11286746430333,-13.434124103487882],[-73.11379074990832,-13.434131019900551],[-73.1137836854397,-13.435034768009276],[-73.11286039638172,-13.435027851114477]]]}},{"type":"Feature","properties":{"Cell_ID":378,"Area_ha":1.0,"LC":"5:0.438560,9:0.041098,16:0.240000,17:0.280342","XMIN":704214.86160847,"YMIN":8513873.39404814,"XMAX":704314.86160847,"YMAX":8513973.39404814},"geometry":{"type":"Polygon","coordinates":[[[-73.11285332794046,-13.435931598672704],[-73.11286039638172,-13.435027851114477],[-73.1137836854397,-13.435034768009276],[-73.1137766204517,-13.43593851604963],[-73.11285332794046,-13.435931598672704]]]}},{"type":"Feature","properties":{"Cell_ID":379,"Area_ha":1.0,"LC":"5:0.557565,9:0.204000,13:0.238434","XMIN":704214.86160847,"YMIN":8513773.39404814,"XMAX":704314.86160847,"YMAX":8513873.39404814},"geometry":{"type":"Polygon","coordinates":[[[-73.11284625897954,-13.436835346162555],[-73.11285332794046,-13.435931598672704],[-73.1137766204517,-13.43593851604963],[-73.1137695549443,-13.436842264021616],[-73.11284625897954,-13.436835346162555]]]}},{"type":"Feature","properties":{"Cell_ID":380,"Area_ha":1.0,"LC":"5:0.002905,9:0.642193,13:0.354902","XMIN":704214.86160847,"YMIN":8513673.39404814,"XMAX":704314.86160847,"YMAX":8513773.39404814},"geometry":{"type":"Polygon","coordinates":[[[-73.11283918949897,-13.437739093584026],[-73.11284625897954,-13.436835346162555],[-73.1137695549443,-13.436842264021616],[-73.11376248891749,-13.437746011925226],[-73.11283918949897,-13.437739093584026]]]}},{"type":"Feature","properties":{"Cell_ID":381,"Area_ha":1.0,"LC":"9:0.482407,13:0.517593","XMIN":704214.86160847,"YMIN":8513573.39404814,"XMAX":704314.86160847,"YMAX":8513673.39404814},"geometry":{"type":"Polygon","coordinates":[[[-73.11283211949872,-13.438642840937115],[-73.11283918949897,-13.437739093584026],[-73.11376248891749,-13.437746011925226],[-73.11375542237126,-13.438649759760454],[-73.11283211949872,-13.438642840937115]]]}},{"type":"Feature","properties":{"Cell_ID":382,"Area_ha":1.0,"LC":"5:0.040251,9:0.282061,13:0.677688","XMIN":704214.86160847,"YMIN":8513473.39404814,"XMAX":704314.86160847,"YMAX":8513573.39404814},"geometry":{"type":"Polygon","coordinates":[[[-73.11282504897879,-13.43954658822181],[-73.11283211949872,-13.438642840937115],[-73.11375542237126,-13.438649759760454],[-73.1137483553056,-13.439553507527295],[-73.11282504897879,-13.43954658822181]]]}},{"type":"Feature","properties":{"Cell_ID":383,"Area_ha":1.0,"LC":"5:0.557339,9:0.042786,13:0.399875","XMIN":704214.86160847,"YMIN":8513373.39404814,"XMAX":704314.86160847,"YMAX":8513473.39404814},"geometry":{"type":"Polygon","coordinates":[[[-73.11281797793917,-13.440450335438117],[-73.11282504897879,-13.43954658822181],[-73.1137483553056,-13.439553507527295],[-73.11374128772052,-13.44045725522575],[-73.11281797793917,-13.440450335438117]]]}},{"type":"Feature","properties":{"Cell_ID":384,"Area_ha":1.0,"LC":"5:0.916251,9:0.003875,13:0.079875","XMIN":704214.86160847,"YMIN":8513273.39404814,"XMAX":704314.86160847,"YMAX":8513373.39404814},"geometry":{"type":"Polygon","coordinates":[[[-73.11281090637985,-13.441354082586027],[-73.11281797793917,-13.440450335438117],[-73.11374128772052,-13.44045725522575],[-73.11373421961598,-13.44136100285581],[-73.11281090637985,-13.441354082586027]]]}},{"type":"Feature","properties":{"Cell_ID":385,"Area_ha":1.0,"LC":"5:0.598403,6:0.039153,9:0.362444","XMIN":704214.86160847,"YMIN":8513173.39404814,"XMAX":704314.86160847,"YMAX":8513273.39404814},"geometry":{"type":"Polygon","coordinates":[[[-73.11280383430083,-13.442257829665534],[-73.11281090637985,-13.441354082586027],[-73.11373421961598,-13.44136100285581],[-73.11372715099199,-13.442264750417474],[-73.11280383430083,-13.442257829665534]]]}},{"type":"Feature","properties":{"Cell_ID":386,"Area_ha":1.0,"LC":"3:0.500368,9:0.201916,17:0.200627","XMIN":704314.86160847,"YMIN":8513973.39404814,"XMAX":704414.86160847,"YMAX":8514073.39404814},"geometry":{"type":"Polygon","coordinates":[[[-73.11193710784337,-13.435020930839437],[-73.11194417921799,-13.434117183695202],[-73.11286746430333,-13.434124103487882],[-73.11286039638172,-13.435027851114477],[-73.11193710784337,-13.435020930839437]]]}},{"type":"Feature","properties":{"Cell_ID":387,"Area_ha":1.0,"LC":"5:0.199281,9:0.201346,16:0.039031,17:0.560342","XMIN":704314.86160847,"YMIN":8513873.39404814,"XMAX":704414.86160847,"YMAX":8513973.39404814},"geometry":{"type":"Polygon","coordinates":[[[-73.11193003594886,-13.435924677915297],[-73.11193710784337,-13.435020930839437],[-73.11286039638172,-13.435027851114477],[-73.11285332794046,-13.435931598672704],[-73.11193003594886,-13.435924677915297]]]}},{"type":"Feature","properties":{"Cell_ID":388,"Area_ha":1.0,"LC":"5:0.200376,9:0.799624","XMIN":704314.86160847,"YMIN":8513773.39404814,"XMAX":704414.86160847,"YMAX":8513873.39404814},"geometry":{"type":"Polygon","coordinates":[[[-73.11192296353445,-13.43682842492278],[-73.11193003594886,-13.435924677915297],[-73.11285332794046,-13.435931598672704],[-73.11284625897954,-13.436835346162555],[-73.11192296353445,-13.43682842492278]]]}},{"type":"Feature","properties":{"Cell_ID":389,"Area_ha":1.0,"LC":"5:0.641315,9:0.358685","XMIN":704314.86160847,"YMIN":8513673.39404814,"XMAX":704414.86160847,"YMAX":8513773.39404814},"geometry":{"type":"Polygon","coordinates":[[[-73.11191589060012,-13.437732171861878],[-73.11192296353445,-13.43682842492278],[-73.11284625897954,-13.436835346162555],[-73.11283918949897,-13.437739093584026],[-73.11191589060012,-13.437732171861878]]]}},{"type":"Feature","properties":{"Cell_ID":390,"Area_ha":1.0,"LC":"5:0.004973,9:0.916966,13:0.078061","XMIN":704314.86160847,"YMIN":8513573.39404814,"XMAX":704414.86160847,"YMAX":8513673.39404814},"geometry":{"type":"Polygon","coordinates":[[[-73.11190881714586,-13.438635918732587],[-73.11191589060012,-13.437732171861878],[-73.11283918949897,-13.437739093584026],[-73.11283211949872,-13.438642840937115],[-73.11190881714586,-13.438635918732587]]]}},{"type":"Feature","properties":{"Cell_ID":391,"Area_ha":1.0,"LC":"5:0.082064,9:0.917936","XMIN":704314.86160847,"YMIN":8513473.39404814,"XMAX":704414.86160847,"YMAX":8513573.39404814},"geometry":{"type":"Polygon","coordinates":[[[-73.11190174317167,-13.439539665534902],[-73.11190881714586,-13.438635918732587],[-73.11283211949872,-13.438642840937115],[-73.11282504897879,-13.43954658822181],[-73.11190174317167,-13.439539665534902]]]}},{"type":"Feature","properties":{"Cell_ID":392,"Area_ha":1.0,"LC":"5:0.602315,9:0.397685","XMIN":704414.86160847,"YMIN":8513773.39404814,"XMAX":704514.86160847,"YMAX":8513873.39404814},"geometry":{"type":"Polygon","coordinates":[[[-73.11099966860927,-13.436821500302296],[-73.11100674447718,-13.435917753777419],[-73.11193003594886,-13.435924677915297],[-73.11192296353445,-13.43682842492278],[-73.11099966860927,-13.436821500302296]]]}},{"type":"Feature","properties":{"Cell_ID":393,"Area_ha":1.0,"LC":"5:0.676119,9:0.323881","XMIN":704414.86160847,"YMIN":8513673.39404814,"XMAX":704514.86160847,"YMAX":8513773.39404814},"geometry":{"type":"Polygon","coordinates":[[[-73.1109925922212,-13.437725246758786],[-73.11099966860927,-13.436821500302296],[-73.11192296353445,-13.43682842492278],[-73.11191589060012,-13.437732171861878],[-73.1109925922212,-13.437725246758786]]]}},{"type":"Feature","properties":{"Cell_ID":394,"Area_ha":1.0,"LC":"5:0.634776,9:0.365224","XMIN":704414.86160847,"YMIN":8513573.39404814,"XMAX":704514.86160847,"YMAX":8513673.39404814},"geometry":{"type":"Polygon","coordinates":[[[-73.11098551531293,-13.438628993146887],[-73.1109925922212,-13.437725246758786],[-73.11191589060012,-13.437732171861878],[-73.11190881714586,-13.438635918732587],[-73.11098551531293,-13.438628993146887]]]}}]}