{"type":"FeatureCollection","features":[{"type":"Feature","properties":{"Cell_ID":1,"Area_ha":1.0,"LC":"7:0.251147,9:0.179172,14:0.011671,17:0.472526","XMIN":707514.86160847,"YMIN":8512782.344167229,"XMAX":707614.86160847,"YMAX":8512882.344167229},"geometry":{"type":"Polygon","coordinates":[[[-73.08230657030697,-13.445561586013547],[-73.08231375846206,-13.444657855245287],[-73.08323706792491,-13.444664889028743],[-73.08322988322554,-13.445568620286949],[-73.08230657030697,-13.445561586013547]]]}},{"type":"Feature","properties":{"Cell_ID":2,"Area_ha":1.0,"LC":"9:0.400000,17:0.600000","XMIN":707614.86160847,"YMIN":8512782.344167229,"XMAX":707714.86160847,"YMAX":8512882.344167229},"geometry":{"type":"Polygon","coordinates":[[[-73.08138325791654,-13.445554548357393],[-73.08139044952733,-13.444650818079309],[-73.08231375846206,-13.444657855245287],[-73.08230657030697,-13.445561586013547],[-73.08138325791654,-13.445554548357393]]]}},{"type":"Feature","properties":{"Cell_ID":3,"Area_ha":1.0,"LC":"9:0.202511,16:0.367898,17:0.429591","XMIN":707714.86160847,"YMIN":8512782.344167229,"XMAX":707814.86160847,"YMAX":8512882.344167229},"geometry":{"type":"Polygon","coordinates":[[[-73.08045994605448,-13.445547507318484],[-73.08046714112098,-13.444643777530816],[-73.08139044952733,-13.444650818079309],[-73.08138325791654,-13.445554548357393],[-73.08045994605448,-13.445547507318484]]]}},{"type":"Feature","properties":{"Cell_ID":4,"Area_ha":1.0,"LC":"9:0.620825,13:0.338778,16:0.040397","XMIN":707714.86160847,"YMIN":8512682.344167229,"XMAX":707814.86160847,"YMAX":8512782.344167229},"geometry":{"type":"Polygon","coordinates":[[[-73.08045275045934,-13.446451237037612],[-73.08045994605448,-13.445547507318484],[-73.08138325791654,-13.445554548357393],[-73.08137606577735,-13.446458278566933],[-73.08045275045934,-13.446451237037612]]]}},{"type":"Feature","properties":{"Cell_ID":5,"Area_ha":1.0,"LC":"16:0.711126,17:0.288874","XMIN":707814.86160847,"YMIN":8512782.344167229,"XMAX":707914.86160847,"YMAX":8512882.344167229},"geometry":{"type":"Polygon","coordinates":[[[-73.07953663472107,-13.445540462896842],[-73.07954383324326,-13.444636733599824],[-73.08046714112098,-13.444643777530816],[-73.08045994605448,-13.445547507318484],[-73.07953663472107,-13.445540462896842]]]}},{"type":"Feature","properties":{"Cell_ID":6,"Area_ha":1.0,"LC":"13:0.147214,16:0.852786","XMIN":707814.86160847,"YMIN":8512682.344167229,"XMAX":707914.86160847,"YMAX":8512782.344167229},"geometry":{"type":"Polygon","coordinates":[[[-73.07952943567,-13.446444192125314],[-73.07953663472107,-13.445540462896842],[-73.08045994605448,-13.445547507318484],[-73.08045275045934,-13.446451237037612],[-73.07952943567,-13.446444192125314]]]}},{"type":"Feature","properties":{"Cell_ID":7,"Area_ha":1.0,"LC":"9:0.385706,13:0.515442,16:0.098852","XMIN":707814.86160847,"YMIN":8512582.344167229,"XMAX":707914.86160847,"YMAX":8512682.344167229},"geometry":{"type":"Polygon","coordinates":[[[-73.07952223609,-13.44734792128523],[-73.07952943567,-13.446444192125314],[-73.08045275045934,-13.446451237037612],[-73.08044555433555,-13.447354966688184],[-73.07952223609,-13.44734792128523]]]}},{"type":"Feature","properties":{"Cell_ID":8,"Area_ha":1.0,"LC":"9:0.106305,17:0.511126","XMIN":707914.86160847,"YMIN":8512882.344167229,"XMAX":708014.86160847,"YMAX":8512982.344167229},"geometry":{"type":"Polygon","coordinates":[[[-73.07862052589442,-13.444629686286333],[-73.07862772734315,-13.443725957411653],[-73.07955103123656,-13.443733004234259],[-73.07954383324326,-13.444636733599824],[-73.07862052589442,-13.444629686286333]]]}},{"type":"Feature","properties":{"Cell_ID":9,"Area_ha":1.0,"LC":"16:0.711126,17:0.288874","XMIN":707914.86160847,"YMIN":8512782.344167229,"XMAX":708014.86160847,"YMAX":8512882.344167229},"geometry":{"type":"Polygon","coordinates":[[[-73.07861332391656,-13.445533415092466],[-73.07862052589442,-13.444629686286333],[-73.07954383324326,-13.444636733599824],[-73.07953663472107,-13.445540462896842],[-73.07861332391656,-13.445533415092466]]]}},{"type":"Feature","properties":{"Cell_ID":10,"Area_ha":1.0,"LC":"9:0.062225,13:0.066137,16:0.871638","XMIN":707914.86160847,"YMIN":8512682.344167229,"XMAX":708014.86160847,"YMAX":8512782.344167229},"geometry":{"type":"Polygon","coordinates":[[[-73.07860612140954,-13.44643714383005],[-73.07861332391656,-13.445533415092466],[-73.07953663472107,-13.445540462896842],[-73.07952943567,-13.446444192125314],[-73.07860612140954,-13.44643714383005]]]}},{"type":"Feature","properties":{"Cell_ID":11,"Area_ha":1.0,"LC":"9:0.099714,13:0.799138,16:0.101148","XMIN":707914.86160847,"YMIN":8512582.344167229,"XMAX":708014.86160847,"YMAX":8512682.344167229},"geometry":{"type":"Polygon","coordinates":[[[-73.07859891837337,-13.447340872499076],[-73.07860612140954,-13.44643714383005],[-73.07952943567,-13.446444192125314],[-73.07952223609,-13.44734792128523],[-73.07859891837337,-13.447340872499076]]]}},{"type":"Feature","properties":{"Cell_ID":12,"Area_ha":1.0,"LC":"9:0.241003,13:0.258172,16:0.500825","XMIN":707914.86160847,"YMIN":8512482.344167229,"XMAX":708014.86160847,"YMAX":8512582.344167229},"geometry":{"type":"Polygon","coordinates":[[[-73.07859171480803,-13.448244601099542],[-73.07859891837337,-13.447340872499076],[-73.07952223609,-13.44734792128523],[-73.0795150359811,-13.448251650376594],[-73.07859171480803,-13.448244601099542]]]}},{"type":"Feature","properties":{"Cell_ID":13,"Area_ha":1.0,"LC":"9:0.520142,13:0.025026,16:0.454832","XMIN":707914.86160847,"YMIN":8512382.344167229,"XMAX":708014.86160847,"YMAX":8512482.344167229},"geometry":{"type":"Polygon","coordinates":[[[-73.07858451071351,-13.449148329631445],[-73.07859171480803,-13.448244601099542],[-73.0795150359811,-13.448251650376594],[-73.07950783534329,-13.449155379399395],[-73.07858451071351,-13.449148329631445]]]}},{"type":"Feature","properties":{"Cell_ID":14,"Area_ha":1.0,"LC":"9:0.251967,16:0.044989,17:0.466137","XMIN":708014.86160847,"YMIN":8512882.344167229,"XMAX":708114.86160847,"YMAX":8512982.344167229},"geometry":{"type":"Polygon","coordinates":[[[-73.07769721907471,-13.44462263559036],[-73.07770442397887,-13.443718907206794],[-73.07862772734315,-13.443725957411653],[-73.07862052589442,-13.444629686286333],[-73.07769721907471,-13.44462263559036]]]}},{"type":"Feature","properties":{"Cell_ID":15,"Area_ha":1.0,"LC":"9:0.430123,16:0.397953,17:0.171924","XMIN":708014.86160847,"YMIN":8512782.344167229,"XMAX":708114.86160847,"YMAX":8512882.344167229},"geometry":{"type":"Polygon","coordinates":[[[-73.07769001364117,-13.44552636390537],[-73.07769721907471,-13.44462263559036],[-73.07862052589442,-13.444629686286333],[-73.07861332391656,-13.445533415092466],[-73.07769001364117,-13.44552636390537]]]}},{"type":"Feature","properties":{"Cell_ID":16,"Area_ha":1.0,"LC":"9:0.404847,13:0.022225,16:0.572927","XMIN":708014.86160847,"YMIN":8512682.344167229,"XMAX":708114.86160847,"YMAX":8512782.344167229},"geometry":{"type":"Polygon","coordinates":[[[-73.07768280767824,-13.446430092151832],[-73.07769001364117,-13.44552636390537],[-73.07861332391656,-13.445533415092466],[-73.07860612140954,-13.44643714383005],[-73.07768280767824,-13.446430092151832]]]}},{"type":"Feature","properties":{"Cell_ID":17,"Area_ha":1.0,"LC":"9:0.376233,13:0.606423,16:0.017344","XMIN":708014.86160847,"YMIN":8512582.344167229,"XMAX":708114.86160847,"YMAX":8512682.344167229},"geometry":{"type":"Polygon","coordinates":[[[-73.07767560118589,-13.44733382032973],[-73.07768280767824,-13.446430092151832],[-73.07860612140954,-13.44643714383005],[-73.07859891837337,-13.447340872499076],[-73.07767560118589,-13.44733382032973]]]}},{"type":"Feature","properties":{"Cell_ID":18,"Area_ha":1.0,"LC":"9:0.000431,13:0.652894,16:0.346676","XMIN":708014.86160847,"YMIN":8512482.344167229,"XMAX":708114.86160847,"YMAX":8512582.344167229},"geometry":{"type":"Polygon","coordinates":[[[-73.07766839416412,-13.448237548439064],[-73.07767560118589,-13.44733382032973],[-73.07859891837337,-13.447340872499076],[-73.07859171480803,-13.448244601099542],[-73.07766839416412,-13.448237548439064]]]}},{"type":"Feature","properties":{"Cell_ID":19,"Area_ha":1.0,"LC":"13:0.392641,16:0.478492,18:0.128867","XMIN":708014.86160847,"YMIN":8512382.344167229,"XMAX":708114.86160847,"YMAX":8512482.344167229},"geometry":{"type":"Polygon","coordinates":[[[-73.07766118661293,-13.449141276479832],[-73.07766839416412,-13.448237548439064],[-73.07859171480803,-13.448244601099542],[-73.07858451071351,-13.449148329631445],[-73.07766118661293,-13.449141276479832]]]}},{"type":"Feature","properties":{"Cell_ID":20,"Area_ha":1.0,"LC":"5:0.325992,9:0.303195,16:0.172894,18:0.197919","XMIN":708014.86160847,"YMIN":8512282.344167229,"XMAX":708114.86160847,"YMAX":8512382.344167229},"geometry":{"type":"Polygon","coordinates":[[[-73.07765397853228,-13.45004500445202],[-73.07766118661293,-13.449141276479832],[-73.07858451071351,-13.449148329631445],[-73.07857730608983,-13.450052058094775],[-73.07765397853228,-13.45004500445202]]]}},{"type":"Feature","properties":{"Cell_ID":21,"Area_ha":1.0,"LC":"9:0.315237,14:0.000453,16:0.232096,17:0.360969","XMIN":708114.86160847,"YMIN":8512882.344167229,"XMAX":708214.86160847,"YMAX":8512982.344167229},"geometry":{"type":"Polygon","coordinates":[[[-73.0767739127844,-13.44461558151191],[-73.07678112114397,-13.443711853619698],[-73.07770442397887,-13.443718907206794],[-73.07769721907471,-13.44462263559036],[-73.0767739127844,-13.44461558151191]]]}},{"type":"Feature","properties":{"Cell_ID":22,"Area_ha":1.0,"LC":"9:0.139317,16:0.860683","XMIN":708114.86160847,"YMIN":8512782.344167229,"XMAX":708214.86160847,"YMAX":8512882.344167229},"geometry":{"type":"Polygon","coordinates":[[[-73.0767667038952,-13.445519309335564],[-73.0767739127844,-13.44461558151191],[-73.07769721907471,-13.44462263559036],[-73.07769001364117,-13.44552636390537],[-73.0767667038952,-13.445519309335564]]]}},{"type":"Feature","properties":{"Cell_ID":23,"Area_ha":1.0,"LC":"9:0.379748,16:0.620252","XMIN":708114.86160847,"YMIN":8512682.344167229,"XMAX":708214.86160847,"YMAX":8512782.344167229},"geometry":{"type":"Polygon","coordinates":[[[-73.07675949447635,-13.446423037090664],[-73.0767667038952,-13.445519309335564],[-73.07769001364117,-13.44552636390537],[-73.07768280767824,-13.446430092151832],[-73.07675949447635,-13.446423037090664]]]}},{"type":"Feature","properties":{"Cell_ID":24,"Area_ha":1.0,"LC":"9:0.457378,16:0.542622","XMIN":708114.86160847,"YMIN":8512582.344167229,"XMAX":708214.86160847,"YMAX":8512682.344167229},"geometry":{"type":"Polygon","coordinates":[[[-73.07675228452783,-13.4473267647772],[-73.07675949447635,-13.446423037090664],[-73.07768280767824,-13.446430092151832],[-73.07767560118589,-13.44733382032973],[-73.07675228452783,-13.4473267647772]]]}},{"type":"Feature","properties":{"Cell_ID":25,"Area_ha":1.0,"LC":"9:0.172894,13:0.404484,16:0.422622","XMIN":708114.86160847,"YMIN":8512482.344167229,"XMAX":708214.86160847,"YMAX":8512582.344167229},"geometry":{"type":"Polygon","coordinates":[[[-73.07674507404964,-13.448230492395167],[-73.07675228452783,-13.4473267647772],[-73.07767560118589,-13.44733382032973],[-73.07766839416412,-13.448237548439064],[-73.07674507404964,-13.448230492395167]]]}},{"type":"Feature","properties":{"Cell_ID":26,"Area_ha":1.0,"LC":"13:0.740791,16:0.019175,18:0.240034","XMIN":708114.86160847,"YMIN":8512382.344167229,"XMAX":708214.86160847,"YMAX":8512482.344167229},"geometry":{"type":"Polygon","coordinates":[[[-73.07673786304177,-13.449134219944561],[-73.07674507404964,-13.448230492395167],[-73.07766839416412,-13.448237548439064],[-73.07766118661293,-13.449141276479832],[-73.07673786304177,-13.449134219944561]]]}},{"type":"Feature","properties":{"Cell_ID":27,"Area_ha":1.0,"LC":"9:0.508649,13:0.338172,18:0.153180","XMIN":708114.86160847,"YMIN":8512282.344167229,"XMAX":708214.86160847,"YMAX":8512382.344167229},"geometry":{"type":"Polygon","coordinates":[[[-73.07673065150419,-13.450037947425379],[-73.07673786304177,-13.449134219944561],[-73.07766118661293,-13.449141276479832],[-73.07765397853228,-13.45004500445202],[-73.07673065150419,-13.450037947425379]]]}},{"type":"Feature","properties":{"Cell_ID":28,"Area_ha":1.0,"LC":"5:0.347106,9:0.652463,13:0.000431","XMIN":708114.86160847,"YMIN":8512182.344167229,"XMAX":708214.86160847,"YMAX":8512282.344167229},"geometry":{"type":"Polygon","coordinates":[[[-73.07672343943693,-13.450941674837619],[-73.07673065150419,-13.450037947425379],[-73.07765397853228,-13.45004500445202],[-73.0776467699222,-13.45094873235564],[-73.07672343943693,-13.450941674837619]]]}},{"type":"Feature","properties":{"Cell_ID":29,"Area_ha":1.0,"LC":"9:0.016180,16:0.432096,17:0.550560","XMIN":708214.86160847,"YMIN":8512882.344167229,"XMAX":708314.86160847,"YMAX":8512982.344167229},"geometry":{"type":"Polygon","coordinates":[[[-73.07585060702374,-13.44460852405099],[-73.07585781883868,-13.443704796650367],[-73.07678112114397,-13.443711853619698],[-73.0767739127844,-13.44461558151191],[-73.07585060702374,-13.44460852405099]]]}},{"type":"Feature","properties":{"Cell_ID":30,"Area_ha":1.0,"LC":"9:0.043912,16:0.956088","XMIN":708214.86160847,"YMIN":8512782.344167229,"XMAX":708314.86160847,"YMAX":8512882.344167229},"geometry":{"type":"Polygon","coordinates":[[[-73.07584339467888,-13.445512251383054],[-73.07585060702374,-13.44460852405099],[-73.0767739127844,-13.44461558151191],[-73.0767667038952,-13.445519309335564],[-73.07584339467888,-13.445512251383054]]]}},{"type":"Feature","properties":{"Cell_ID":31,"Area_ha":1.0,"LC":"9:0.619855,16:0.380145","XMIN":708214.86160847,"YMIN":8512682.344167229,"XMAX":708314.86160847,"YMAX":8512782.344167229},"geometry":{"type":"Polygon","coordinates":[[[-73.07583618180412,-13.446415978646558],[-73.07584339467888,-13.445512251383054],[-73.0767667038952,-13.445519309335564],[-73.07675949447635,-13.446423037090664],[-73.07583618180412,-13.446415978646558]]]}},{"type":"Feature","properties":{"Cell_ID":32,"Area_ha":1.0,"LC":"9:0.760000,16:0.240000","XMIN":708214.86160847,"YMIN":8512582.344167229,"XMAX":708314.86160847,"YMAX":8512682.344167229},"geometry":{"type":"Polygon","coordinates":[[[-73.07582896839945,-13.447319705841494],[-73.07583618180412,-13.446415978646558],[-73.07675949447635,-13.446423037090664],[-73.07675228452783,-13.4473267647772],[-73.07582896839945,-13.447319705841494]]]}},{"type":"Feature","properties":{"Cell_ID":33,"Area_ha":1.0,"LC":"9:0.577775,16:0.417809,18:0.004417","XMIN":708214.86160847,"YMIN":8512482.344167229,"XMAX":708314.86160847,"YMAX":8512582.344167229},"geometry":{"type":"Polygon","coordinates":[[[-73.07582175446484,-13.44822343296786],[-73.07582896839945,-13.447319705841494],[-73.07675228452783,-13.4473267647772],[-73.07674507404964,-13.448230492395167],[-73.07582175446484,-13.44822343296786]]]}},{"type":"Feature","properties":{"Cell_ID":34,"Area_ha":1.0,"LC":"9:0.405959,13:0.218778,16:0.371924,18:0.003339","XMIN":708214.86160847,"YMIN":8512382.344167229,"XMAX":708314.86160847,"YMAX":8512482.344167229},"geometry":{"type":"Polygon","coordinates":[[[-73.0758145400003,-13.44912716002565],[-73.07582175446484,-13.44822343296786],[-73.07674507404964,-13.448230492395167],[-73.07673786304177,-13.449134219944561],[-73.0758145400003,-13.44912716002565]]]}},{"type":"Feature","properties":{"Cell_ID":35,"Area_ha":1.0,"LC":"5:0.001508,9:0.781114,13:0.217378","XMIN":708214.86160847,"YMIN":8512282.344167229,"XMAX":708314.86160847,"YMAX":8512382.344167229},"geometry":{"type":"Polygon","coordinates":[[[-73.07580732500581,-13.450030887014856],[-73.0758145400003,-13.44912716002565],[-73.07673786304177,-13.449134219944561],[-73.07673065150419,-13.450037947425379],[-73.07580732500581,-13.450030887014856]]]}},{"type":"Feature","properties":{"Cell_ID":36,"Area_ha":1.0,"LC":"5:0.439461,9:0.525420,13:0.035119","XMIN":708214.86160847,"YMIN":8512182.344167229,"XMAX":708314.86160847,"YMAX":8512282.344167229},"geometry":{"type":"Polygon","coordinates":[[[-73.07580010948136,-13.45093461393548],[-73.07580732500581,-13.450030887014856],[-73.07673065150419,-13.450037947425379],[-73.07672343943693,-13.450941674837619],[-73.07580010948136,-13.45093461393548]]]}},{"type":"Feature","properties":{"Cell_ID":37,"Area_ha":1.0,"LC":"5:0.060717,9:0.939283","XMIN":708214.86160847,"YMIN":8512082.344167229,"XMAX":708314.86160847,"YMAX":8512182.344167229},"geometry":{"type":"Polygon","coordinates":[[[-73.07579289342695,-13.45183834078752],[-73.07580010948136,-13.45093461393548],[-73.07672343943693,-13.450941674837619],[-73.07671622683995,-13.451845402181275],[-73.07579289342695,-13.45183834078752]]]}},{"type":"Feature","properties":{"Cell_ID":38,"Area_ha":1.0,"LC":"5:0.017344,9:0.859209,16:0.123447","XMIN":708214.86160847,"YMIN":8511982.344167229,"XMAX":708314.86160847,"YMAX":8512082.344167229},"geometry":{"type":"Polygon","coordinates":[[[-73.07578567684259,-13.452742067570963],[-73.07579289342695,-13.45183834078752],[-73.07671622683995,-13.451845402181275],[-73.07670901371324,-13.452749129456336],[-73.07578567684259,-13.452742067570963]]]}},{"type":"Feature","properties":{"Cell_ID":39,"Area_ha":1.0,"LC":"16:0.608362,17:0.246935,18:0.144703","XMIN":708314.86160847,"YMIN":8512882.344167229,"XMAX":708414.86160847,"YMAX":8512982.344167229},"geometry":{"type":"Polygon","coordinates":[[[-73.07492730179297,-13.444601463207613],[-73.07493451706331,-13.443697736298814],[-73.07585781883868,-13.443704796650367],[-73.07585060702374,-13.44460852405099],[-73.07492730179297,-13.444601463207613]]]}},{"type":"Feature","properties":{"Cell_ID":40,"Area_ha":1.0,"LC":"16:0.977917,18:0.022083","XMIN":708314.86160847,"YMIN":8512782.344167229,"XMAX":708414.86160847,"YMAX":8512882.344167229},"geometry":{"type":"Polygon","coordinates":[[[-73.07492008599247,-13.44550519004785],[-73.07492730179297,-13.444601463207613],[-73.07585060702374,-13.44460852405099],[-73.07584339467888,-13.445512251383054],[-73.07492008599247,-13.44550519004785]]]}},{"type":"Feature","properties":{"Cell_ID":41,"Area_ha":1.0,"LC":"16:0.936267,18:0.063733","XMIN":708314.86160847,"YMIN":8512682.344167229,"XMAX":708414.86160847,"YMAX":8512782.344167229},"geometry":{"type":"Polygon","coordinates":[[[-73.07491286966182,-13.446408916819523],[-73.07492008599247,-13.44550519004785],[-73.07584339467888,-13.445512251383054],[-73.07583618180412,-13.446415978646558],[-73.07491286966182,-13.446408916819523]]]}},{"type":"Feature","properties":{"Cell_ID":42,"Area_ha":1.0,"LC":"9:0.532348,16:0.368477,18:0.099175","XMIN":708314.86160847,"YMIN":8512582.344167229,"XMAX":708414.86160847,"YMAX":8512682.344167229},"geometry":{"type":"Polygon","coordinates":[[[-73.074905652801,-13.447312643522622],[-73.07491286966182,-13.446408916819523],[-73.07583618180412,-13.446415978646558],[-73.07582896839945,-13.447319705841494],[-73.074905652801,-13.447312643522622]]]}},{"type":"Feature","properties":{"Cell_ID":43,"Area_ha":1.0,"LC":"9:0.804847,16:0.017344,18:0.177809","XMIN":708314.86160847,"YMIN":8512482.344167229,"XMAX":708414.86160847,"YMAX":8512582.344167229},"geometry":{"type":"Polygon","coordinates":[[[-73.07489843540999,-13.448216370157152],[-73.074905652801,-13.447312643522622],[-73.07582896839945,-13.447319705841494],[-73.07582175446484,-13.44822343296786],[-73.07489843540999,-13.448216370157152]]]}},{"type":"Feature","properties":{"Cell_ID":44,"Area_ha":1.0,"LC":"9:0.705564,18:0.294436","XMIN":708314.86160847,"YMIN":8512382.344167229,"XMAX":708414.86160847,"YMAX":8512482.344167229},"geometry":{"type":"Polygon","coordinates":[[[-73.07489121748878,-13.4491200967231],[-73.07489843540999,-13.448216370157152],[-73.07582175446484,-13.44822343296786],[-73.0758145400003,-13.44912716002565],[-73.07489121748878,-13.4491200967231]]]}},{"type":"Feature","properties":{"Cell_ID":45,"Area_ha":1.0,"LC":"5:0.162942,9:0.837058","XMIN":708314.86160847,"YMIN":8512282.344167229,"XMAX":708414.86160847,"YMAX":8512382.344167229},"geometry":{"type":"Polygon","coordinates":[[[-73.07488399903738,-13.45002382322046],[-73.07489121748878,-13.4491200967231],[-73.0758145400003,-13.44912716002565],[-73.07580732500581,-13.450030887014856],[-73.07488399903738,-13.45002382322046]]]}},{"type":"Feature","properties":{"Cell_ID":46,"Area_ha":1.0,"LC":"5:0.193180,9:0.806820","XMIN":708314.86160847,"YMIN":8512182.344167229,"XMAX":708414.86160847,"YMAX":8512282.344167229},"geometry":{"type":"Polygon","coordinates":[[[-73.07487678005577,-13.450927549649236],[-73.07488399903738,-13.45002382322046],[-73.07580732500581,-13.450030887014856],[-73.07580010948136,-13.45093461393548],[-73.07487678005577,-13.450927549649236]]]}},{"type":"Feature","properties":{"Cell_ID":47,"Area_ha":1.0,"LC":"9:0.875550,16:0.124450","XMIN":708314.86160847,"YMIN":8512082.344167229,"XMAX":708414.86160847,"YMAX":8512182.344167229},"geometry":{"type":"Polygon","coordinates":[[[-73.07486956054395,-13.451831276009424],[-73.07487678005577,-13.450927549649236],[-73.07580010948136,-13.45093461393548],[-73.07579289342695,-13.45183834078752],[-73.07486956054395,-13.451831276009424]]]}},{"type":"Feature","properties":{"Cell_ID":48,"Area_ha":1.0,"LC":"9:0.283447,16:0.716553","XMIN":708314.86160847,"YMIN":8511982.344167229,"XMAX":708414.86160847,"YMAX":8512082.344167229},"geometry":{"type":"Polygon","coordinates":[[[-73.07486234050188,-13.452735002301011],[-73.07486956054395,-13.451831276009424],[-73.07579289342695,-13.45183834078752],[-73.07578567684259,-13.452742067570963],[-73.07486234050188,-13.452735002301011]]]}},{"type":"Feature","properties":{"Cell_ID":49,"Area_ha":1.0,"LC":"9:0.062622,13:0.185168,16:0.752210","XMIN":708314.86160847,"YMIN":8510582.344167229,"XMAX":708414.86160847,"YMAX":8510682.344167229},"geometry":{"type":"Polygon","coordinates":[[[-73.07476120423375,-13.465387163178226],[-73.07476843170002,-13.464483437847438],[-73.07569181301356,-13.464490509511837],[-73.07568458900853,-13.465394235334532],[-73.07476120423375,-13.465387163178226]]]}},{"type":"Feature","properties":{"Cell_ID":50,"Area_ha":1.0,"LC":"9:0.025672,16:0.226676,17:0.660570","XMIN":708414.86160847,"YMIN":8512982.344167229,"XMAX":708514.86160847,"YMAX":8513082.344167229},"geometry":{"type":"Polygon","coordinates":[[[-73.07401121581808,-13.443690672565047],[-73.0740184340134,-13.442786946079746],[-73.07494173180352,-13.442794009321457],[-73.07493451706331,-13.443697736298814],[-73.07401121581808,-13.443690672565047]]]}},{"type":"Feature","properties":{"Cell_ID":51,"Area_ha":1.0,"LC":"9:0.329298,16:0.491385,17:0.017344,18:0.161973","XMIN":708414.86160847,"YMIN":8512882.344167229,"XMAX":708514.86160847,"YMAX":8512982.344167229},"geometry":{"type":"Polygon","coordinates":[[[-73.07400399709235,-13.444594398981785],[-73.07401121581808,-13.443690672565047],[-73.07493451706331,-13.443697736298814],[-73.07492730179297,-13.444601463207613],[-73.07400399709235,-13.444594398981785]]]}},{"type":"Feature","properties":{"Cell_ID":52,"Area_ha":1.0,"LC":"9:0.215694,16:0.228615,18:0.555691","XMIN":708414.86160847,"YMIN":8512782.344167229,"XMAX":708514.86160847,"YMAX":8512882.344167229},"geometry":{"type":"Polygon","coordinates":[[[-73.07399677783623,-13.445498125329962],[-73.07400399709235,-13.444594398981785],[-73.07492730179297,-13.444601463207613],[-73.07492008599247,-13.44550519004785],[-73.07399677783623,-13.445498125329962]]]}},{"type":"Feature","properties":{"Cell_ID":53,"Area_ha":1.0,"LC":"16:0.641508,18:0.358492","XMIN":708414.86160847,"YMIN":8512682.344167229,"XMAX":708514.86160847,"YMAX":8512782.344167229},"geometry":{"type":"Polygon","coordinates":[[[-73.07398955804969,-13.446401851609567],[-73.07399677783623,-13.445498125329962],[-73.07492008599247,-13.44550519004785],[-73.07491286966182,-13.446408916819523],[-73.07398955804969,-13.446401851609567]]]}},{"type":"Feature","properties":{"Cell_ID":54,"Area_ha":1.0,"LC":"9:0.138778,16:0.787073,18:0.074149","XMIN":708414.86160847,"YMIN":8512582.344167229,"XMAX":708514.86160847,"YMAX":8512682.344167229},"geometry":{"type":"Polygon","coordinates":[[[-73.07398233773272,-13.447305577820597],[-73.07398955804969,-13.446401851609567],[-73.07491286966182,-13.446408916819523],[-73.074905652801,-13.447312643522622],[-73.07398233773272,-13.447305577820597]]]}},{"type":"Feature","properties":{"Cell_ID":55,"Area_ha":1.0,"LC":"9:0.581828,16:0.418172","XMIN":708414.86160847,"YMIN":8512482.344167229,"XMAX":708514.86160847,"YMAX":8512582.344167229},"geometry":{"type":"Polygon","coordinates":[[[-73.07397511688531,-13.448209303963049],[-73.07398233773272,-13.447305577820597],[-73.074905652801,-13.447312643522622],[-73.07489843540999,-13.448216370157152],[-73.07397511688531,-13.448209303963049]]]}},{"type":"Feature","properties":{"Cell_ID":56,"Area_ha":1.0,"LC":"9:0.652927,16:0.347073","XMIN":708414.86160847,"YMIN":8512382.344167229,"XMAX":708514.86160847,"YMAX":8512482.344167229},"geometry":{"type":"Polygon","coordinates":[[[-73.07396789550747,-13.449113030036921],[-73.07397511688531,-13.448209303963049],[-73.07489843540999,-13.448216370157152],[-73.07489121748878,-13.4491200967231],[-73.07396789550747,-13.449113030036921]]]}},{"type":"Feature","properties":{"Cell_ID":57,"Area_ha":1.0,"LC":"9:0.310702,16:0.462622,18:0.226676","XMIN":708414.86160847,"YMIN":8512282.344167229,"XMAX":708514.86160847,"YMAX":8512382.344167229},"geometry":{"type":"Polygon","coordinates":[[[-73.07396067359916,-13.450016756042201],[-73.07396789550747,-13.449113030036921],[-73.07489121748878,-13.4491200967231],[-73.07488399903738,-13.45002382322046],[-73.07396067359916,-13.450016756042201]]]}},{"type":"Feature","properties":{"Cell_ID":58,"Area_ha":1.0,"LC":"9:0.364592,16:0.060145,18:0.575263","XMIN":708414.86160847,"YMIN":8512182.344167229,"XMAX":708514.86160847,"YMAX":8512282.344167229},"geometry":{"type":"Polygon","coordinates":[[[-73.0739534511604,-13.450920481978896],[-73.07396067359916,-13.450016756042201],[-73.07488399903738,-13.45002382322046],[-73.07487678005577,-13.450927549649236],[-73.0739534511604,-13.450920481978896]]]}},{"type":"Feature","properties":{"Cell_ID":59,"Area_ha":1.0,"LC":"5:0.124450,9:0.875550","XMIN":708414.86160847,"YMIN":8512082.344167229,"XMAX":708514.86160847,"YMAX":8512182.344167229},"geometry":{"type":"Polygon","coordinates":[[[-73.07394622819116,-13.451824207846991],[-73.0739534511604,-13.450920481978896],[-73.07487678005577,-13.450927549649236],[-73.07486956054395,-13.451831276009424],[-73.07394622819116,-13.451824207846991]]]}},{"type":"Feature","properties":{"Cell_ID":60,"Area_ha":1.0,"LC":"5:0.239966,9:0.760034","XMIN":708414.86160847,"YMIN":8511982.344167229,"XMAX":708514.86160847,"YMAX":8512082.344167229},"geometry":{"type":"Polygon","coordinates":[[[-73.07393900469143,-13.45272793364649],[-73.07394622819116,-13.451824207846991],[-73.07486956054395,-13.451831276009424],[-73.07486234050188,-13.452735002301011],[-73.07393900469143,-13.45272793364649]]]}},{"type":"Feature","properties":{"Cell_ID":61,"Area_ha":1.0,"LC":"5:0.412355,9:0.548615,13:0.039031","XMIN":708414.86160847,"YMIN":8511182.344167229,"XMAX":708514.86160847,"YMAX":8511282.344167229},"geometry":{"type":"Polygon","coordinates":[[[-73.07388119759516,-13.459957737572354],[-73.07388842533908,-13.45905401232181],[-73.07481178536028,-13.459061084421073],[-73.07480456107605,-13.459964810163735],[-73.07388119759516,-13.459957737572354]]]}},{"type":"Feature","properties":{"Cell_ID":62,"Area_ha":1.0,"LC":"5:0.001508,9:0.998492","XMIN":708414.86160847,"YMIN":8511082.344167229,"XMAX":708514.86160847,"YMAX":8511182.344167229},"geometry":{"type":"Polygon","coordinates":[[[-73.07387396932066,-13.460861462754258],[-73.07388119759516,-13.459957737572354],[-73.07480456107605,-13.459964810163735],[-73.07479733626151,-13.460868535837761],[-73.07387396932066,-13.460861462754258]]]}},{"type":"Feature","properties":{"Cell_ID":63,"Area_ha":1.0,"LC":"5:0.067073,9:0.810955,16:0.121973","XMIN":708414.86160847,"YMIN":8510982.344167229,"XMAX":708514.86160847,"YMAX":8511082.344167229},"geometry":{"type":"Polygon","coordinates":[[[-73.0738667405156,-13.461765187867519],[-73.07387396932066,-13.460861462754258],[-73.07479733626151,-13.460868535837761],[-73.07479011091665,-13.461772261443151],[-73.0738667405156,-13.461765187867519]]]}},{"type":"Feature","properties":{"Cell_ID":64,"Area_ha":1.0,"LC":"5:0.163339,9:0.836661","XMIN":708414.86160847,"YMIN":8510682.344167229,"XMAX":708514.86160847,"YMAX":8510782.344167229},"geometry":{"type":"Polygon","coordinates":[[[-73.07384505091683,-13.464476362795404],[-73.07385228131369,-13.463572637888097],[-73.0747756586359,-13.463579712447993],[-73.07476843170002,-13.464483437847438],[-73.07384505091683,-13.464476362795404]]]}},{"type":"Feature","properties":{"Cell_ID":65,"Area_ha":1.0,"LC":"9:1.000000","XMIN":708414.86160847,"YMIN":8510582.344167229,"XMAX":708514.86160847,"YMAX":8510682.344167229},"geometry":{"type":"Polygon","coordinates":[[[-73.07383781998935,-13.46538008763405],[-73.07384505091683,-13.464476362795404],[-73.07476843170002,-13.464483437847438],[-73.07476120423375,-13.465387163178226],[-73.07383781998935,-13.46538008763405]]]}},{"type":"Feature","properties":{"Cell_ID":66,"Area_ha":1.0,"LC":"9:0.439966,13:0.481973,16:0.078061","XMIN":708414.86160847,"YMIN":8510482.344167229,"XMAX":708514.86160847,"YMAX":8510582.344167229},"geometry":{"type":"Polygon","coordinates":[[[-73.07383058853127,-13.466283812404033],[-73.07383781998935,-13.46538008763405],[-73.07476120423375,-13.465387163178226],[-73.07475397623713,-13.46629088844035],[-73.07383058853127,-13.466283812404033]]]}},{"type":"Feature","properties":{"Cell_ID":67,"Area_ha":1.0,"LC":"9:0.724847,13:0.275153","XMIN":708414.86160847,"YMIN":8510382.344167229,"XMAX":708514.86160847,"YMAX":8510482.344167229},"geometry":{"type":"Polygon","coordinates":[[[-73.07382335654253,-13.467187537105346],[-73.07383058853127,-13.466283812404033],[-73.07475397623713,-13.46629088844035],[-73.07474674771012,-13.467194613633815],[-73.07382335654253,-13.467187537105346]]]}},{"type":"Feature","properties":{"Cell_ID":68,"Area_ha":1.0,"LC":"9:0.505564,13:0.494436","XMIN":708414.86160847,"YMIN":8510282.344167229,"XMAX":708514.86160847,"YMAX":8510382.344167229},"geometry":{"type":"Polygon","coordinates":[[[-73.07381612402315,-13.468091261737985],[-73.07382335654253,-13.467187537105346],[-73.07474674771012,-13.467194613633815],[-73.07473951865273,-13.468098338758606],[-73.07381612402315,-13.468091261737985]]]}},{"type":"Feature","properties":{"Cell_ID":69,"Area_ha":1.0,"LC":"9:0.099536,16:0.040969,17:0.499914","XMIN":708514.86160847,"YMIN":8513082.344167229,"XMAX":708614.86160847,"YMAX":8513182.344167229},"geometry":{"type":"Polygon","coordinates":[[[-73.07309513675368,-13.442779879456065],[-73.07310235787348,-13.441876153394496],[-73.07402565167834,-13.441883219525886],[-73.0740184340134,-13.442786946079746],[-73.07309513675368,-13.442779879456065]]]}},{"type":"Feature","properties":{"Cell_ID":70,"Area_ha":1.0,"LC":"9:0.867537,17:0.131924,18:0.000539","XMIN":708514.86160847,"YMIN":8512982.344167229,"XMAX":708614.86160847,"YMAX":8513082.344167229},"geometry":{"type":"Polygon","coordinates":[[[-73.07308791510324,-13.443683605449074],[-73.07309513675368,-13.442779879456065],[-73.0740184340134,-13.442786946079746],[-73.07401121581808,-13.443690672565047],[-73.07308791510324,-13.443683605449074]]]}},{"type":"Feature","properties":{"Cell_ID":71,"Area_ha":1.0,"LC":"9:0.692927,18:0.307073","XMIN":708514.86160847,"YMIN":8512882.344167229,"XMAX":708614.86160847,"YMAX":8512982.344167229},"geometry":{"type":"Polygon","coordinates":[[[-73.07308069292215,-13.44458733137352],[-73.07308791510324,-13.443683605449074],[-73.07401121581808,-13.443690672565047],[-73.07400399709235,-13.444594398981785],[-73.07308069292215,-13.44458733137352]]]}},{"type":"Feature","properties":{"Cell_ID":72,"Area_ha":1.0,"LC":"9:0.752607,16:0.229187,18:0.018206","XMIN":708514.86160847,"YMIN":8512782.344167229,"XMAX":708614.86160847,"YMAX":8512882.344167229},"geometry":{"type":"Polygon","coordinates":[[[-73.0730734702104,-13.445491057229393],[-73.07308069292215,-13.44458733137352],[-73.07400399709235,-13.444594398981785],[-73.07399677783623,-13.445498125329962],[-73.0730734702104,-13.445491057229393]]]}},{"type":"Feature","properties":{"Cell_ID":73,"Area_ha":1.0,"LC":"16:1.000000","XMIN":708514.86160847,"YMIN":8512682.344167229,"XMAX":708614.86160847,"YMAX":8512782.344167229},"geometry":{"type":"Polygon","coordinates":[[[-73.07306624696798,-13.446394783016698],[-73.0730734702104,-13.445491057229393],[-73.07399677783623,-13.445498125329962],[-73.07398955804969,-13.446401851609567],[-73.07306624696798,-13.446394783016698]]]}},{"type":"Feature","properties":{"Cell_ID":74,"Area_ha":1.0,"LC":"16:1.000000","XMIN":708514.86160847,"YMIN":8512582.344167229,"XMAX":708614.86160847,"YMAX":8512682.344167229},"geometry":{"type":"Polygon","coordinates":[[[-73.07305902319487,-13.44729850873542],[-73.07306624696798,-13.446394783016698],[-73.07398955804969,-13.446401851609567],[-73.07398233773272,-13.447305577820597],[-73.07305902319487,-13.44729850873542]]]}},{"type":"Feature","properties":{"Cell_ID":75,"Area_ha":1.0,"LC":"16:0.977775,18:0.022225","XMIN":708514.86160847,"YMIN":8512482.344167229,"XMAX":708614.86160847,"YMAX":8512582.344167229},"geometry":{"type":"Polygon","coordinates":[[[-73.07305179889109,-13.448202234385565],[-73.07305902319487,-13.44729850873542],[-73.07398233773272,-13.447305577820597],[-73.07397511688531,-13.448209303963049],[-73.07305179889109,-13.448202234385565]]]}},{"type":"Feature","properties":{"Cell_ID":76,"Area_ha":1.0,"LC":"16:0.697775,18:0.302225","XMIN":708514.86160847,"YMIN":8512382.344167229,"XMAX":708614.86160847,"YMAX":8512482.344167229},"geometry":{"type":"Polygon","coordinates":[[[-73.07304457405661,-13.449105959967126],[-73.07305179889109,-13.448202234385565],[-73.07397511688531,-13.448209303963049],[-73.07396789550747,-13.449113030036921],[-73.07304457405661,-13.449105959967126]]]}},{"type":"Feature","properties":{"Cell_ID":77,"Area_ha":1.0,"LC":"9:0.022764,16:0.701687,18:0.275550","XMIN":708514.86160847,"YMIN":8512282.344167229,"XMAX":708614.86160847,"YMAX":8512382.344167229},"geometry":{"type":"Polygon","coordinates":[[[-73.0730373486914,-13.45000968548009],[-73.07304457405661,-13.449105959967126],[-73.07396789550747,-13.449113030036921],[-73.07396067359916,-13.450016756042201],[-73.0730373486914,-13.45000968548009]]]}},{"type":"Feature","properties":{"Cell_ID":78,"Area_ha":1.0,"LC":"9:0.648759,16:0.228729,18:0.122511","XMIN":708514.86160847,"YMIN":8512182.344167229,"XMAX":708614.86160847,"YMAX":8512282.344167229},"geometry":{"type":"Polygon","coordinates":[[[-73.0730301227955,-13.450913410924464],[-73.0730373486914,-13.45000968548009],[-73.07396067359916,-13.450016756042201],[-73.0739534511604,-13.450920481978896],[-73.0730301227955,-13.450913410924464]]]}},{"type":"Feature","properties":{"Cell_ID":79,"Area_ha":1.0,"LC":"9:0.737236,18:0.262764","XMIN":708514.86160847,"YMIN":8512082.344167229,"XMAX":708614.86160847,"YMAX":8512182.344167229},"geometry":{"type":"Polygon","coordinates":[[[-73.07302289636885,-13.451817136300239],[-73.0730301227955,-13.450913410924464],[-73.0739534511604,-13.450920481978896],[-73.07394622819116,-13.451824207846991],[-73.07302289636885,-13.451817136300239]]]}},{"type":"Feature","properties":{"Cell_ID":80,"Area_ha":1.0,"LC":"5:0.304198,9:0.155657,13:0.244450,18:0.295694","XMIN":708514.86160847,"YMIN":8511982.344167229,"XMAX":708614.86160847,"YMAX":8512082.344167229},"geometry":{"type":"Polygon","coordinates":[[[-73.07301566941148,-13.452720861607407],[-73.07302289636885,-13.451817136300239],[-73.07394622819116,-13.451824207846991],[-73.07393900469143,-13.45272793364649],[-73.07301566941148,-13.452720861607407]]]}},{"type":"Feature","properties":{"Cell_ID":81,"Area_ha":1.0,"LC":"5:0.455405,9:0.004847,13:0.539748","XMIN":708514.86160847,"YMIN":8511882.344167229,"XMAX":708614.86160847,"YMAX":8511982.344167229},"geometry":{"type":"Polygon","coordinates":[[[-73.07300844192336,-13.453624586845969],[-73.07301566941148,-13.452720861607407],[-73.07393900469143,-13.45272793364649],[-73.07393178066123,-13.453631659377383],[-73.07300844192336,-13.453624586845969]]]}},{"type":"Feature","properties":{"Cell_ID":82,"Area_ha":1.0,"LC":"5:0.356553,9:0.187073,13:0.456374","XMIN":708514.86160847,"YMIN":8511782.344167229,"XMAX":708614.86160847,"YMAX":8511882.344167229},"geometry":{"type":"Polygon","coordinates":[[[-73.07300121390448,-13.454528312015919],[-73.07300844192336,-13.453624586845969],[-73.07393178066123,-13.453631659377383],[-73.07392455610051,-13.454535385039666],[-73.07300121390448,-13.454528312015919]]]}},{"type":"Feature","properties":{"Cell_ID":83,"Area_ha":1.0,"LC":"9:0.519031,13:0.480969","XMIN":708514.86160847,"YMIN":8511382.344167229,"XMAX":708614.86160847,"YMAX":8511482.344167229},"geometry":{"type":"Polygon","coordinates":[[[-73.07297229652123,-13.458143212009512],[-73.07297952666322,-13.457239487114053],[-73.07390287923526,-13.457246561614825],[-73.07389565255245,-13.458150287002631],[-73.07297229652123,-13.458143212009512]]]}},{"type":"Feature","properties":{"Cell_ID":84,"Area_ha":1.0,"LC":"5:0.060717,9:0.740825,13:0.198458","XMIN":708514.86160847,"YMIN":8511282.344167229,"XMAX":708614.86160847,"YMAX":8511382.344167229},"geometry":{"type":"Polygon","coordinates":[[[-73.07296506584844,-13.45904693683634],[-73.07297229652123,-13.458143212009512],[-73.07389565255245,-13.458150287002631],[-73.07388842533908,-13.45905401232181],[-73.07296506584844,-13.45904693683634]]]}},{"type":"Feature","properties":{"Cell_ID":85,"Area_ha":1.0,"LC":"5:0.056374,6:0.164450,9:0.779175","XMIN":708514.86160847,"YMIN":8511182.344167229,"XMAX":708614.86160847,"YMAX":8511282.344167229},"geometry":{"type":"Polygon","coordinates":[[[-73.07295783464482,-13.459950661594528],[-73.07296506584844,-13.45904693683634],[-73.07388842533908,-13.45905401232181],[-73.07388119759516,-13.459957737572354],[-73.07295783464482,-13.459950661594528]]]}},{"type":"Feature","properties":{"Cell_ID":86,"Area_ha":1.0,"LC":"5:0.060717,6:0.262191,9:0.677092","XMIN":708514.86160847,"YMIN":8511082.344167229,"XMAX":708614.86160847,"YMAX":8511182.344167229},"geometry":{"type":"Polygon","coordinates":[[[-73.0729506029104,-13.460854386284073],[-73.07295783464482,-13.459950661594528],[-73.07388119759516,-13.459957737572354],[-73.07387396932066,-13.460861462754258],[-73.0729506029104,-13.460854386284073]]]}},{"type":"Feature","properties":{"Cell_ID":87,"Area_ha":1.0,"LC":"5:0.195153,6:0.431523,9:0.373324","XMIN":708514.86160847,"YMIN":8510982.344167229,"XMAX":708614.86160847,"YMAX":8511082.344167229},"geometry":{"type":"Polygon","coordinates":[[[-73.07294337064513,-13.46175811090497],[-73.0729506029104,-13.460854386284073],[-73.07387396932066,-13.460861462754258],[-73.0738667405156,-13.461765187867519],[-73.07294337064513,-13.46175811090497]]]}},{"type":"Feature","properties":{"Cell_ID":88,"Area_ha":1.0,"LC":"5:0.384272,6:0.153469,9:0.462259","XMIN":708514.86160847,"YMIN":8510882.344167229,"XMAX":708614.86160847,"YMAX":8510982.344167229},"geometry":{"type":"Polygon","coordinates":[[[-73.07293613784904,-13.462661835457219],[-73.07294337064513,-13.46175811090497],[-73.0738667405156,-13.461765187867519],[-73.07385951117995,-13.462668912912134],[-73.07293613784904,-13.462661835457219]]]}},{"type":"Feature","properties":{"Cell_ID":89,"Area_ha":1.0,"LC":"5:0.710015,9:0.289985","XMIN":708514.86160847,"YMIN":8510782.344167229,"XMAX":708614.86160847,"YMAX":8510882.344167229},"geometry":{"type":"Polygon","coordinates":[[[-73.07292890452207,-13.463565559940813],[-73.07293613784904,-13.462661835457219],[-73.07385951117995,-13.462668912912134],[-73.07385228131369,-13.463572637888097],[-73.07292890452207,-13.463565559940813]]]}},{"type":"Feature","properties":{"Cell_ID":90,"Area_ha":1.0,"LC":"5:0.939283,9:0.060717","XMIN":708514.86160847,"YMIN":8510682.344167229,"XMAX":708614.86160847,"YMAX":8510782.344167229},"geometry":{"type":"Polygon","coordinates":[[[-73.07292167066426,-13.464469284355745],[-73.07292890452207,-13.463565559940813],[-73.07385228131369,-13.463572637888097],[-73.07384505091683,-13.464476362795404],[-73.07292167066426,-13.464469284355745]]]}},{"type":"Feature","properties":{"Cell_ID":91,"Area_ha":1.0,"LC":"5:0.595408,9:0.279603,13:0.124989","XMIN":708514.86160847,"YMIN":8510582.344167229,"XMAX":708614.86160847,"YMAX":8510682.344167229},"geometry":{"type":"Polygon","coordinates":[[[-73.07291443627558,-13.465373008702016],[-73.07292167066426,-13.464469284355745],[-73.07384505091683,-13.464476362795404],[-73.07383781998935,-13.46538008763405],[-73.07291443627558,-13.465373008702016]]]}},{"type":"Feature","properties":{"Cell_ID":92,"Area_ha":1.0,"LC":"9:0.390702,13:0.609298","XMIN":708514.86160847,"YMIN":8510482.344167229,"XMAX":708614.86160847,"YMAX":8510582.344167229},"geometry":{"type":"Polygon","coordinates":[[[-73.07290720135602,-13.466276732979617],[-73.07291443627558,-13.465373008702016],[-73.07383781998935,-13.46538008763405],[-73.07383058853127,-13.466283812404033],[-73.07290720135602,-13.466276732979617]]]}},{"type":"Feature","properties":{"Cell_ID":93,"Area_ha":1.0,"LC":"9:0.421828,13:0.578172","XMIN":708514.86160847,"YMIN":8510382.344167229,"XMAX":708614.86160847,"YMAX":8510482.344167229},"geometry":{"type":"Polygon","coordinates":[[[-73.07289996590558,-13.467180457188546],[-73.07290720135602,-13.466276732979617],[-73.07383058853127,-13.466283812404033],[-73.07382335654253,-13.467187537105346],[-73.07289996590558,-13.467180457188546]]]}},{"type":"Feature","properties":{"Cell_ID":94,"Area_ha":1.0,"LC":"9:0.675153,13:0.324847","XMIN":708514.86160847,"YMIN":8510282.344167229,"XMAX":708614.86160847,"YMAX":8510382.344167229},"geometry":{"type":"Polygon","coordinates":[[[-73.07289272992423,-13.468084181328802],[-73.07289996590558,-13.467180457188546],[-73.07382335654253,-13.467187537105346],[-73.07381612402315,-13.468091261737985],[-73.07289272992423,-13.468084181328802]]]}},{"type":"Feature","properties":{"Cell_ID":95,"Area_ha":1.0,"LC":"9:0.337310,13:0.579748,14:0.082942","XMIN":708514.86160847,"YMIN":8510182.344167229,"XMAX":708614.86160847,"YMAX":8510282.344167229},"geometry":{"type":"Polygon","coordinates":[[[-73.07288549341197,-13.46898790540037],[-73.07289272992423,-13.468084181328802],[-73.07381612402315,-13.468091261737985],[-73.07380889097313,-13.468994986301947],[-73.07288549341197,-13.46898790540037]]]}},{"type":"Feature","properties":{"Cell_ID":96,"Area_ha":1.0,"LC":"9:0.143731,16:0.507214,17:0.348191","XMIN":708614.86160847,"YMIN":8513082.344167229,"XMAX":708714.86160847,"YMAX":8513182.344167229},"geometry":{"type":"Polygon","coordinates":[[[-73.0721718400246,-13.442772809450425],[-73.07217906459925,-13.441869083881379],[-73.07310235787348,-13.441876153394496],[-73.07309513675368,-13.442779879456065],[-73.0721718400246,-13.442772809450425]]]}},{"type":"Feature","properties":{"Cell_ID":97,"Area_ha":1.0,"LC":"9:0.351241,16:0.462622,18:0.186137","XMIN":708614.86160847,"YMIN":8512982.344167229,"XMAX":708714.86160847,"YMAX":8513082.344167229},"geometry":{"type":"Polygon","coordinates":[[[-73.07216461491906,-13.443676534950908],[-73.0721718400246,-13.442772809450425],[-73.07309513675368,-13.442779879456065],[-73.07308791510324,-13.443683605449074],[-73.07216461491906,-13.443676534950908]]]}},{"type":"Feature","properties":{"Cell_ID":98,"Area_ha":1.0,"LC":"16:0.240397,18:0.759603","XMIN":708614.86160847,"YMIN":8512882.344167229,"XMAX":708714.86160847,"YMAX":8512982.344167229},"geometry":{"type":"Polygon","coordinates":[[[-73.07215738928261,-13.44458026038282],[-73.07216461491906,-13.443676534950908],[-73.07308791510324,-13.443683605449074],[-73.07308069292215,-13.44458733137352],[-73.07215738928261,-13.44458026038282]]]}},{"type":"Feature","properties":{"Cell_ID":99,"Area_ha":1.0,"LC":"9:0.659317,16:0.172240,18:0.168443","XMIN":708614.86160847,"YMIN":8512782.344167229,"XMAX":708714.86160847,"YMAX":8512882.344167229},"geometry":{"type":"Polygon","coordinates":[[[-73.07215016311524,-13.445483985746163],[-73.07215738928261,-13.44458026038282],[-73.07308069292215,-13.44458733137352],[-73.0730734702104,-13.445491057229393],[-73.07215016311524,-13.445483985746163]]]}},{"type":"Feature","properties":{"Cell_ID":100,"Area_ha":1.0,"LC":"9:0.545672,16:0.454328","XMIN":708614.86160847,"YMIN":8512682.344167229,"XMAX":708714.86160847,"YMAX":8512782.344167229},"geometry":{"type":"Polygon","coordinates":[[[-73.07214293641694,-13.446387711040927],[-73.07215016311524,-13.445483985746163],[-73.0730734702104,-13.445491057229393],[-73.07306624696798,-13.446394783016698],[-73.07214293641694,-13.446387711040927]]]}},{"type":"Feature","properties":{"Cell_ID":101,"Area_ha":1.0,"LC":"9:0.400397,16:0.599603","XMIN":708614.86160847,"YMIN":8512582.344167229,"XMAX":708714.86160847,"YMAX":8512682.344167229},"geometry":{"type":"Polygon","coordinates":[[[-73.07213570918773,-13.44729143626711],[-73.07214293641694,-13.446387711040927],[-73.07306624696798,-13.446394783016698],[-73.07305902319487,-13.44729850873542],[-73.07213570918773,-13.44729143626711]]]}},{"type":"Feature","properties":{"Cell_ID":102,"Area_ha":1.0,"LC":"9:0.000431,16:0.954580,18:0.044989","XMIN":708614.86160847,"YMIN":8512482.344167229,"XMAX":708714.86160847,"YMAX":8512582.344167229},"geometry":{"type":"Polygon","coordinates":[[[-73.07212848142755,-13.448195161424712],[-73.07213570918773,-13.44729143626711],[-73.07305902319487,-13.44729850873542],[-73.07305179889109,-13.448202234385565],[-73.07212848142755,-13.448195161424712]]]}},{"type":"Feature","properties":{"Cell_ID":103,"Area_ha":1.0,"LC":"9:0.085959,16:0.595153,18:0.318889","XMIN":708614.86160847,"YMIN":8512382.344167229,"XMAX":708714.86160847,"YMAX":8512482.344167229},"geometry":{"type":"Polygon","coordinates":[[[-73.07212125313644,-13.449098886513719],[-73.07212848142755,-13.448195161424712],[-73.07305179889109,-13.448202234385565],[-73.07304457405661,-13.449105959967126],[-73.07212125313644,-13.449098886513719]]]}},{"type":"Feature","properties":{"Cell_ID":104,"Area_ha":1.0,"LC":"5:0.182225,9:0.244309,16:0.573466","XMIN":708614.86160847,"YMIN":8512282.344167229,"XMAX":708714.86160847,"YMAX":8512382.344167229},"geometry":{"type":"Polygon","coordinates":[[[-73.07211402431437,-13.450002611534131],[-73.07212125313644,-13.449098886513719],[-73.07304457405661,-13.449105959967126],[-73.0730373486914,-13.45000968548009],[-73.07211402431437,-13.450002611534131]]]}},{"type":"Feature","properties":{"Cell_ID":105,"Area_ha":1.0,"LC":"5:0.462764,9:0.421687,16:0.115550","XMIN":708614.86160847,"YMIN":8512182.344167229,"XMAX":708714.86160847,"YMAX":8512282.344167229},"geometry":{"type":"Polygon","coordinates":[[[-73.07210679496131,-13.45090633648595],[-73.07211402431437,-13.450002611534131],[-73.0730373486914,-13.45000968548009],[-73.0730301227955,-13.450913410924464],[-73.07210679496131,-13.45090633648595]]]}},{"type":"Feature","properties":{"Cell_ID":106,"Area_ha":1.0,"LC":"5:0.218206,6:0.102225,9:0.657883,18:0.021687","XMIN":708614.86160847,"YMIN":8512082.344167229,"XMAX":708714.86160847,"YMAX":8512182.344167229},"geometry":{"type":"Polygon","coordinates":[[[-73.0720995650773,-13.451810061369166],[-73.07210679496131,-13.45090633648595],[-73.0730301227955,-13.450913410924464],[-73.07302289636885,-13.451817136300239],[-73.0720995650773,-13.451810061369166]]]}},{"type":"Feature","properties":{"Cell_ID":107,"Area_ha":1.0,"LC":"5:0.095836,6:0.302225,9:0.506534,18:0.095405","XMIN":708614.86160847,"YMIN":8511982.344167229,"XMAX":708714.86160847,"YMAX":8512082.344167229},"geometry":{"type":"Polygon","coordinates":[[[-73.07209233466226,-13.45271378618377],[-73.0720995650773,-13.451810061369166],[-73.07302289636885,-13.451817136300239],[-73.07301566941148,-13.452720861607407],[-73.07209233466226,-13.45271378618377]]]}},{"type":"Feature","properties":{"Cell_ID":108,"Area_ha":1.0,"LC":"6:0.075550,9:0.817809,16:0.106642","XMIN":708614.86160847,"YMIN":8511882.344167229,"XMAX":708714.86160847,"YMAX":8511982.344167229},"geometry":{"type":"Polygon","coordinates":[[[-73.07208510371625,-13.453617510929767],[-73.07209233466226,-13.45271378618377],[-73.07301566941148,-13.452720861607407],[-73.07300844192336,-13.453624586845969],[-73.07208510371625,-13.453617510929767]]]}},{"type":"Feature","properties":{"Cell_ID":109,"Area_ha":1.0,"LC":"5:0.023733,9:0.955153,16:0.021114","XMIN":708614.86160847,"YMIN":8511782.344167229,"XMAX":708714.86160847,"YMAX":8511882.344167229},"geometry":{"type":"Polygon","coordinates":[[[-73.07207787223922,-13.454521235607148],[-73.07208510371625,-13.453617510929767],[-73.07300844192336,-13.453624586845969],[-73.07300121390448,-13.454528312015919],[-73.07207787223922,-13.454521235607148]]]}},{"type":"Feature","properties":{"Cell_ID":110,"Area_ha":1.0,"LC":"5:0.564881,9:0.435119","XMIN":708614.86160847,"YMIN":8511682.344167229,"XMAX":708714.86160847,"YMAX":8511782.344167229},"geometry":{"type":"Polygon","coordinates":[[[-73.07207064023117,-13.455424960215908],[-73.07207787223922,-13.454521235607148],[-73.07300121390448,-13.454528312015919],[-73.07299398535483,-13.455432037117252],[-73.07207064023117,-13.455424960215908]]]}},{"type":"Feature","properties":{"Cell_ID":111,"Area_ha":1.0,"LC":"5:0.420252,9:0.501687,13:0.078061","XMIN":708614.86160847,"YMIN":8511582.344167229,"XMAX":708714.86160847,"YMAX":8511682.344167229},"geometry":{"type":"Polygon","coordinates":[[[-73.0720634076921,-13.456328684756045],[-73.07207064023117,-13.455424960215908],[-73.07299398535483,-13.455432037117252],[-73.07298675627443,-13.456335762149966],[-73.0720634076921,-13.456328684756045]]]}},{"type":"Feature","properties":{"Cell_ID":112,"Area_ha":1.0,"LC":"5:0.357919,9:0.313180,13:0.328901","XMIN":708614.86160847,"YMIN":8511482.344167229,"XMAX":708714.86160847,"YMAX":8511582.344167229},"geometry":{"type":"Polygon","coordinates":[[[-73.07205617462198,-13.457232409227553],[-73.0720634076921,-13.456328684756045],[-73.07298675627443,-13.456335762149966],[-73.07297952666322,-13.457239487114053],[-73.07205617462198,-13.457232409227553]]]}},{"type":"Feature","properties":{"Cell_ID":113,"Area_ha":1.0,"LC":"9:0.386642,13:0.613358","XMIN":708614.86160847,"YMIN":8511382.344167229,"XMAX":708714.86160847,"YMAX":8511482.344167229},"geometry":{"type":"Polygon","coordinates":[[[-73.07204894102082,-13.458136133630427],[-73.07205617462198,-13.457232409227553],[-73.07297952666322,-13.457239487114053],[-73.07297229652123,-13.458143212009512],[-73.07204894102082,-13.458136133630427]]]}},{"type":"Feature","properties":{"Cell_ID":114,"Area_ha":1.0,"LC":"5:0.364450,9:0.145564,13:0.489985","XMIN":708614.86160847,"YMIN":8511282.344167229,"XMAX":708714.86160847,"YMAX":8511382.344167229},"geometry":{"type":"Polygon","coordinates":[[[-73.0720417068886,-13.459039857964667],[-73.07204894102082,-13.458136133630427],[-73.07297229652123,-13.458143212009512],[-73.07296506584844,-13.45904693683634],[-73.0720417068886,-13.459039857964667]]]}},{"type":"Feature","properties":{"Cell_ID":115,"Area_ha":1.0,"LC":"5:0.725959,9:0.274041","XMIN":708614.86160847,"YMIN":8511182.344167229,"XMAX":708714.86160847,"YMAX":8511282.344167229},"geometry":{"type":"Polygon","coordinates":[[[-73.07203447222531,-13.459943582230263],[-73.0720417068886,-13.459039857964667],[-73.07296506584844,-13.45904693683634],[-73.07295783464482,-13.459950661594528],[-73.07203447222531,-13.459943582230263]]]}},{"type":"Feature","properties":{"Cell_ID":116,"Area_ha":1.0,"LC":"3:0.148184,5:0.072499,6:0.761973,9:0.017344","XMIN":708614.86160847,"YMIN":8511082.344167229,"XMAX":708714.86160847,"YMAX":8511182.344167229},"geometry":{"type":"Polygon","coordinates":[[[-73.07202723703097,-13.460847306427212],[-73.07203447222531,-13.459943582230263],[-73.07295783464482,-13.459950661594528],[-73.0729506029104,-13.460854386284073],[-73.07202723703097,-13.460847306427212]]]}},{"type":"Feature","properties":{"Cell_ID":117,"Area_ha":1.0,"LC":"3:0.173755,5:0.125959,6:0.700286","XMIN":708614.86160847,"YMIN":8510982.344167229,"XMAX":708714.86160847,"YMAX":8511082.344167229},"geometry":{"type":"Polygon","coordinates":[[[-73.0720200013055,-13.461751030555515],[-73.07202723703097,-13.460847306427212],[-73.0729506029104,-13.460854386284073],[-73.07294337064513,-13.46175811090497],[-73.0720200013055,-13.461751030555515]]]}},{"type":"Feature","properties":{"Cell_ID":118,"Area_ha":1.0,"LC":"5:0.546137,6:0.453863","XMIN":708614.86160847,"YMIN":8510882.344167229,"XMAX":708714.86160847,"YMAX":8510982.344167229},"geometry":{"type":"Polygon","coordinates":[[[-73.07201276504897,-13.462654754615162],[-73.0720200013055,-13.461751030555515],[-73.07294337064513,-13.46175811090497],[-73.07293613784904,-13.462661835457219],[-73.07201276504897,-13.462654754615162]]]}},{"type":"Feature","properties":{"Cell_ID":119,"Area_ha":1.0,"LC":"5:0.630560,9:0.369440","XMIN":708614.86160847,"YMIN":8510782.344167229,"XMAX":708714.86160847,"YMAX":8510882.344167229},"geometry":{"type":"Polygon","coordinates":[[[-73.07200552826133,-13.46355847860615],[-73.07201276504897,-13.462654754615162],[-73.07293613784904,-13.462661835457219],[-73.07292890452207,-13.463565559940813],[-73.07200552826133,-13.46355847860615]]]}},{"type":"Feature","properties":{"Cell_ID":120,"Area_ha":1.0,"LC":"5:0.298347,9:0.496233,13:0.205420","XMIN":708614.86160847,"YMIN":8510682.344167229,"XMAX":708714.86160847,"YMAX":8510782.344167229},"geometry":{"type":"Polygon","coordinates":[[[-73.07199829094257,-13.464462202528473],[-73.07200552826133,-13.46355847860615],[-73.07292890452207,-13.463565559940813],[-73.07292167066426,-13.464469284355745],[-73.07199829094257,-13.464462202528473]]]}},{"type":"Feature","properties":{"Cell_ID":121,"Area_ha":1.0,"LC":"5:0.271241,9:0.347073,13:0.381687","XMIN":708614.86160847,"YMIN":8510582.344167229,"XMAX":708714.86160847,"YMAX":8510682.344167229},"geometry":{"type":"Polygon","coordinates":[[[-73.07199105309269,-13.465365926382132],[-73.07199829094257,-13.464462202528473],[-73.07292167066426,-13.464469284355745],[-73.07291443627558,-13.465373008702016],[-73.07199105309269,-13.465365926382132]]]}},{"type":"Feature","properties":{"Cell_ID":122,"Area_ha":1.0,"LC":"9:0.035980,13:0.964020","XMIN":708614.86160847,"YMIN":8510482.344167229,"XMAX":708714.86160847,"YMAX":8510582.344167229},"geometry":{"type":"Polygon","coordinates":[[[-73.07198381471167,-13.466269650167115],[-73.07199105309269,-13.465365926382132],[-73.07291443627558,-13.465373008702016],[-73.07290720135602,-13.466276732979617],[-73.07198381471167,-13.466269650167115]]]}},{"type":"Feature","properties":{"Cell_ID":123,"Area_ha":1.0,"LC":"13:1.000000","XMIN":708614.86160847,"YMIN":8510382.344167229,"XMAX":708714.86160847,"YMAX":8510482.344167229},"geometry":{"type":"Polygon","coordinates":[[[-73.07197657579951,-13.467173373883428],[-73.07198381471167,-13.466269650167115],[-73.07290720135602,-13.466276732979617],[-73.07289996590558,-13.467180457188546],[-73.07197657579951,-13.467173373883428]]]}},{"type":"Feature","properties":{"Cell_ID":124,"Area_ha":1.0,"LC":"13:1.000000","XMIN":708614.86160847,"YMIN":8510282.344167229,"XMAX":708714.86160847,"YMAX":8510382.344167229},"geometry":{"type":"Polygon","coordinates":[[[-73.0719693363562,-13.468077097531056],[-73.07197657579951,-13.467173373883428],[-73.07289996590558,-13.467180457188546],[-73.07289272992423,-13.468084181328802],[-73.0719693363562,-13.468077097531056]]]}},{"type":"Feature","properties":{"Cell_ID":125,"Area_ha":1.0,"LC":"9:0.422259,13:0.451782,14:0.125959","XMIN":708614.86160847,"YMIN":8510182.344167229,"XMAX":708714.86160847,"YMAX":8510282.344167229},"geometry":{"type":"Polygon","coordinates":[[[-73.07196209638174,-13.46898082111],[-73.0719693363562,-13.468077097531056],[-73.07289272992423,-13.468084181328802],[-73.07288549341197,-13.46898790540037],[-73.07196209638174,-13.46898082111]]]}},{"type":"Feature","properties":{"Cell_ID":126,"Area_ha":1.0,"LC":"9:0.499822,13:0.378347,14:0.121831","XMIN":708614.86160847,"YMIN":8510082.344167229,"XMAX":708714.86160847,"YMAX":8510182.344167229},"geometry":{"type":"Polygon","coordinates":[[[-73.0719548558761,-13.469884544620257],[-73.07196209638174,-13.46898082111],[-73.07288549341197,-13.46898790540037],[-73.07287825636881,-13.469891629403257],[-73.0719548558761,-13.469884544620257]]]}},{"type":"Feature","properties":{"Cell_ID":127,"Area_ha":1.0,"LC":"9:0.355004,17:0.515991,18:0.003167","XMIN":708714.86160847,"YMIN":8513182.344167229,"XMAX":708814.86160847,"YMAX":8513282.344167229},"geometry":{"type":"Polygon","coordinates":[[[-73.0712557718559,-13.441862010986545],[-73.07126299935426,-13.440958285841695],[-73.07218628864301,-13.440965358243776],[-73.07217906459925,-13.441869083881379],[-73.0712557718559,-13.441862010986545]]]}},{"type":"Feature","properties":{"Cell_ID":128,"Area_ha":1.0,"LC":"9:0.894832,16:0.105168","XMIN":708714.86160847,"YMIN":8513082.344167229,"XMAX":708814.86160847,"YMAX":8513182.344167229},"geometry":{"type":"Polygon","coordinates":[[[-73.07124854382641,-13.442765736062833],[-73.0712557718559,-13.441862010986545],[-73.07217906459925,-13.441869083881379],[-73.0721718400246,-13.442772809450425],[-73.07124854382641,-13.442765736062833]]]}},{"type":"Feature","properties":{"Cell_ID":129,"Area_ha":1.0,"LC":"9:0.078889,16:0.921111","XMIN":708714.86160847,"YMIN":8512982.344167229,"XMAX":708814.86160847,"YMAX":8513082.344167229},"geometry":{"type":"Polygon","coordinates":[[[-73.07124131526577,-13.443669461070552],[-73.07124854382641,-13.442765736062833],[-73.0721718400246,-13.442772809450425],[-73.07216461491906,-13.443676534950908],[-73.07124131526577,-13.443669461070552]]]}},{"type":"Feature","properties":{"Cell_ID":130,"Area_ha":1.0,"LC":"16:1.000000","XMIN":708714.86160847,"YMIN":8512882.344167229,"XMAX":708814.86160847,"YMAX":8512982.344167229},"geometry":{"type":"Polygon","coordinates":[[[-73.07123408617396,-13.444573186009698],[-73.07124131526577,-13.443669461070552],[-73.07216461491906,-13.443676534950908],[-73.07215738928261,-13.44458026038282],[-73.07123408617396,-13.444573186009698]]]}},{"type":"Feature","properties":{"Cell_ID":131,"Area_ha":1.0,"LC":"9:0.163447,16:0.836553","XMIN":708714.86160847,"YMIN":8512782.344167229,"XMAX":708814.86160847,"YMAX":8512882.344167229},"geometry":{"type":"Polygon","coordinates":[[[-73.07122685655101,-13.445476910880272],[-73.07123408617396,-13.444573186009698],[-73.07215738928261,-13.44458026038282],[-73.07215016311524,-13.445483985746163],[-73.07122685655101,-13.445476910880272]]]}},{"type":"Feature","properties":{"Cell_ID":132,"Area_ha":1.0,"LC":"9:0.264629,16:0.735371","XMIN":708714.86160847,"YMIN":8512682.344167229,"XMAX":708814.86160847,"YMAX":8512782.344167229},"geometry":{"type":"Polygon","coordinates":[[[-73.07121962639685,-13.446380635682264],[-73.07122685655101,-13.445476910880272],[-73.07215016311524,-13.445483985746163],[-73.07214293641694,-13.446387711040927],[-73.07121962639685,-13.446380635682264]]]}},{"type":"Feature","properties":{"Cell_ID":133,"Area_ha":1.0,"LC":"9:0.635691,16:0.364309","XMIN":708714.86160847,"YMIN":8512582.344167229,"XMAX":708814.86160847,"YMAX":8512682.344167229},"geometry":{"type":"Polygon","coordinates":[[[-73.07121239571151,-13.447284360415669],[-73.07121962639685,-13.446380635682264],[-73.07214293641694,-13.446387711040927],[-73.07213570918773,-13.44729143626711],[-73.07121239571151,-13.447284360415669]]]}},{"type":"Feature","properties":{"Cell_ID":134,"Area_ha":1.0,"LC":"9:0.237489,16:0.556122,18:0.206389","XMIN":708714.86160847,"YMIN":8512482.344167229,"XMAX":708814.86160847,"YMAX":8512582.344167229},"geometry":{"type":"Polygon","coordinates":[[[-73.07120516449498,-13.448188085080487],[-73.07121239571151,-13.447284360415669],[-73.07213570918773,-13.44729143626711],[-73.07212848142755,-13.448195161424712],[-73.07120516449498,-13.448188085080487]]]}},{"type":"Feature","properties":{"Cell_ID":135,"Area_ha":1.0,"LC":"9:0.202942,16:0.340252,18:0.456805","XMIN":708714.86160847,"YMIN":8512382.344167229,"XMAX":708814.86160847,"YMAX":8512482.344167229},"geometry":{"type":"Polygon","coordinates":[[[-73.07119793274725,-13.449091809676716],[-73.07120516449498,-13.448188085080487],[-73.07212848142755,-13.448195161424712],[-73.07212125313644,-13.449098886513719],[-73.07119793274725,-13.449091809676716]]]}},{"type":"Feature","properties":{"Cell_ID":136,"Area_ha":1.0,"LC":"9:0.759603,16:0.021114,18:0.219283","XMIN":708714.86160847,"YMIN":8512282.344167229,"XMAX":708814.86160847,"YMAX":8512382.344167229},"geometry":{"type":"Polygon","coordinates":[[[-73.07119070046829,-13.449995534204339],[-73.07119793274725,-13.449091809676716],[-73.07212125313644,-13.449098886513719],[-73.07211402431437,-13.450002611534131],[-73.07119070046829,-13.449995534204339]]]}},{"type":"Feature","properties":{"Cell_ID":137,"Area_ha":1.0,"LC":"5:0.146137,9:0.852463,18:0.001400","XMIN":708714.86160847,"YMIN":8512182.344167229,"XMAX":708814.86160847,"YMAX":8512282.344167229},"geometry":{"type":"Polygon","coordinates":[[[-73.07118346765813,-13.450899258663364],[-73.07119070046829,-13.449995534204339],[-73.07211402431437,-13.450002611534131],[-73.07210679496131,-13.45090633648595],[-73.07118346765813,-13.450899258663364]]]}},{"type":"Feature","properties":{"Cell_ID":138,"Area_ha":1.0,"LC":"5:0.212894,9:0.787106","XMIN":708714.86160847,"YMIN":8512082.344167229,"XMAX":708814.86160847,"YMAX":8512182.344167229},"geometry":{"type":"Polygon","coordinates":[[[-73.07117623431671,-13.451802983053785],[-73.07118346765813,-13.450899258663364],[-73.07210679496131,-13.45090633648595],[-73.0720995650773,-13.451810061369166],[-73.07117623431671,-13.451802983053785]]]}},{"type":"Feature","properties":{"Cell_ID":139,"Area_ha":1.0,"LC":"9:1.000000","XMIN":708714.86160847,"YMIN":8511982.344167229,"XMAX":708814.86160847,"YMAX":8512082.344167229},"geometry":{"type":"Polygon","coordinates":[[[-73.07116900044406,-13.452706707375594],[-73.07117623431671,-13.451802983053785],[-73.0720995650773,-13.451810061369166],[-73.07209233466226,-13.45271378618377],[-73.07116900044406,-13.452706707375594]]]}},{"type":"Feature","properties":{"Cell_ID":140,"Area_ha":1.0,"LC":"9:0.759966,16:0.240034","XMIN":708714.86160847,"YMIN":8511882.344167229,"XMAX":708814.86160847,"YMAX":8511982.344167229},"geometry":{"type":"Polygon","coordinates":[[[-73.07116176604015,-13.453610431628787],[-73.07116900044406,-13.452706707375594],[-73.07209233466226,-13.45271378618377],[-73.07208510371625,-13.453617510929767],[-73.07116176604015,-13.453610431628787]]]}},{"type":"Feature","properties":{"Cell_ID":141,"Area_ha":1.0,"LC":"5:0.364881,9:0.197919,13:0.284989,16:0.152210","XMIN":708714.86160847,"YMIN":8511782.344167229,"XMAX":708814.86160847,"YMAX":8511882.344167229},"geometry":{"type":"Polygon","coordinates":[[[-73.07115453110498,-13.454514155813362],[-73.07116176604015,-13.453610431628787],[-73.07208510371625,-13.453617510929767],[-73.07207787223922,-13.454521235607148],[-73.07115453110498,-13.454514155813362]]]}},{"type":"Feature","properties":{"Cell_ID":142,"Area_ha":1.0,"LC":"5:0.292927,9:0.324450,13:0.382622","XMIN":708714.86160847,"YMIN":8511682.344167229,"XMAX":708814.86160847,"YMAX":8511782.344167229},"geometry":{"type":"Polygon","coordinates":[[[-73.07114729563853,-13.455417879929314],[-73.07115453110498,-13.454514155813362],[-73.07207787223922,-13.454521235607148],[-73.07207064023117,-13.455424960215908],[-73.07114729563853,-13.455417879929314]]]}},{"type":"Feature","properties":{"Cell_ID":143,"Area_ha":1.0,"LC":"5:0.195153,9:0.704703,13:0.100145","XMIN":708714.86160847,"YMIN":8511582.344167229,"XMAX":708814.86160847,"YMAX":8511682.344167229},"geometry":{"type":"Polygon","coordinates":[[[-73.07114005964081,-13.45632160397664],[-73.07114729563853,-13.455417879929314],[-73.07207064023117,-13.455424960215908],[-73.0720634076921,-13.456328684756045],[-73.07114005964081,-13.45632160397664]]]}},{"type":"Feature","properties":{"Cell_ID":144,"Area_ha":1.0,"LC":"5:0.477630,6:0.022764,9:0.496697,13:0.002908","XMIN":708714.86160847,"YMIN":8511482.344167229,"XMAX":708814.86160847,"YMAX":8511582.344167229},"geometry":{"type":"Polygon","coordinates":[[[-73.07113282311178,-13.457225327955332],[-73.07114005964081,-13.45632160397664],[-73.0720634076921,-13.456328684756045],[-73.07205617462198,-13.457232409227553],[-73.07113282311178,-13.457225327955332]]]}},{"type":"Feature","properties":{"Cell_ID":145,"Area_ha":1.0,"LC":"5:0.341222,6:0.019175,9:0.639603","XMIN":708714.86160847,"YMIN":8511382.344167229,"XMAX":708814.86160847,"YMAX":8511482.344167229},"geometry":{"type":"Polygon","coordinates":[[[-73.07112558605147,-13.458129051865384],[-73.07113282311178,-13.457225327955332],[-73.07205617462198,-13.457232409227553],[-73.07204894102082,-13.458136133630427],[-73.07112558605147,-13.458129051865384]]]}},{"type":"Feature","properties":{"Cell_ID":146,"Area_ha":1.0,"LC":"5:0.109584,9:0.890416","XMIN":708714.86160847,"YMIN":8511282.344167229,"XMAX":708814.86160847,"YMAX":8511382.344167229},"geometry":{"type":"Polygon","coordinates":[[[-73.07111834845983,-13.459032775706799],[-73.07112558605147,-13.458129051865384],[-73.07204894102082,-13.458136133630427],[-73.0720417068886,-13.459039857964667],[-73.07111834845983,-13.459032775706799]]]}},{"type":"Feature","properties":{"Cell_ID":147,"Area_ha":1.0,"LC":"5:0.767790,9:0.232210","XMIN":708714.86160847,"YMIN":8511182.344167229,"XMAX":708814.86160847,"YMAX":8511282.344167229},"geometry":{"type":"Polygon","coordinates":[[[-73.07111111033689,-13.459936499479573],[-73.07111834845983,-13.459032775706799],[-73.0720417068886,-13.459039857964667],[-73.07203447222531,-13.459943582230263],[-73.07111111033689,-13.459936499479573]]]}},{"type":"Feature","properties":{"Cell_ID":148,"Area_ha":1.0,"LC":"3:0.124450,5:0.290813,6:0.584737","XMIN":708714.86160847,"YMIN":8511082.344167229,"XMAX":708814.86160847,"YMAX":8511182.344167229},"geometry":{"type":"Polygon","coordinates":[[[-73.07110387168261,-13.460840223183691],[-73.07111111033689,-13.459936499479573],[-73.07203447222531,-13.459943582230263],[-73.07202723703097,-13.460847306427212],[-73.07110387168261,-13.460840223183691]]]}},{"type":"Feature","properties":{"Cell_ID":149,"Area_ha":1.0,"LC":"3:0.037489,5:0.062225,6:0.900286","XMIN":708714.86160847,"YMIN":8510982.344167229,"XMAX":708814.86160847,"YMAX":8511082.344167229},"geometry":{"type":"Polygon","coordinates":[[[-73.07109663249697,-13.461743946819158],[-73.07110387168261,-13.460840223183691],[-73.07202723703097,-13.460847306427212],[-73.0720200013055,-13.461751030555515],[-73.07109663249697,-13.461743946819158]]]}},{"type":"Feature","properties":{"Cell_ID":150,"Area_ha":1.0,"LC":"5:0.349584,6:0.650416","XMIN":708714.86160847,"YMIN":8510882.344167229,"XMAX":708814.86160847,"YMAX":8510982.344167229},"geometry":{"type":"Polygon","coordinates":[[[-73.07108939278002,-13.46264767038597],[-73.07109663249697,-13.461743946819158],[-73.0720200013055,-13.461751030555515],[-73.07201276504897,-13.462654754615162],[-73.07108939278002,-13.46264767038597]]]}},{"type":"Feature","properties":{"Cell_ID":151,"Area_ha":1.0,"LC":"5:0.880539,6:0.097775,9:0.021687","XMIN":708714.86160847,"YMIN":8510782.344167229,"XMAX":708814.86160847,"YMAX":8510882.344167229},"geometry":{"type":"Polygon","coordinates":[[[-73.07108215253169,-13.463551393884115],[-73.07108939278002,-13.46264767038597],[-73.07201276504897,-13.462654754615162],[-73.07200552826133,-13.46355847860615],[-73.07108215253169,-13.463551393884115]]]}},{"type":"Feature","properties":{"Cell_ID":152,"Area_ha":1.0,"LC":"5:0.759427,9:0.117092,13:0.123481","XMIN":708714.86160847,"YMIN":8510682.344167229,"XMAX":708814.86160847,"YMAX":8510782.344167229},"geometry":{"type":"Polygon","coordinates":[[[-73.07107491175199,-13.464455117313596],[-73.07108215253169,-13.463551393884115],[-73.07200552826133,-13.46355847860615],[-73.07199829094257,-13.464462202528473],[-73.07107491175199,-13.464455117313596]]]}},{"type":"Feature","properties":{"Cell_ID":153,"Area_ha":1.0,"LC":"5:0.037919,9:0.766531,13:0.195550","XMIN":708714.86160847,"YMIN":8510582.344167229,"XMAX":708814.86160847,"YMAX":8510682.344167229},"geometry":{"type":"Polygon","coordinates":[[[-73.07106767044093,-13.465358840674403],[-73.07107491175199,-13.464455117313596],[-73.07199829094257,-13.464462202528473],[-73.07199105309269,-13.465365926382132],[-73.07106767044093,-13.465358840674403]]]}},{"type":"Feature","properties":{"Cell_ID":154,"Area_ha":1.0,"LC":"9:0.678458,13:0.321542","XMIN":708714.86160847,"YMIN":8510482.344167229,"XMAX":708814.86160847,"YMAX":8510582.344167229},"geometry":{"type":"Polygon","coordinates":[[[-73.07106042859847,-13.46626256396654],[-73.07106767044093,-13.465358840674403],[-73.07199105309269,-13.465365926382132],[-73.07198381471167,-13.466269650167115],[-73.07106042859847,-13.46626256396654]]]}},{"type":"Feature","properties":{"Cell_ID":155,"Area_ha":1.0,"LC":"9:0.373324,13:0.626676","XMIN":708714.86160847,"YMIN":8510382.344167229,"XMAX":708814.86160847,"YMAX":8510482.344167229},"geometry":{"type":"Polygon","coordinates":[[[-73.07105318622462,-13.467166287189995],[-73.07106042859847,-13.46626256396654],[-73.07198381471167,-13.466269650167115],[-73.07197657579951,-13.467173373883428],[-73.07105318622462,-13.467166287189995]]]}},{"type":"Feature","properties":{"Cell_ID":156,"Area_ha":1.0,"LC":"9:0.481939,13:0.518061","XMIN":708714.86160847,"YMIN":8510282.344167229,"XMAX":708814.86160847,"YMAX":8510382.344167229},"geometry":{"type":"Polygon","coordinates":[[[-73.07104594331936,-13.468070010344768],[-73.07105318622462,-13.467166287189995],[-73.07197657579951,-13.467173373883428],[-73.0719693363562,-13.468077097531056],[-73.07104594331936,-13.468070010344768]]]}},{"type":"Feature","properties":{"Cell_ID":157,"Area_ha":1.0,"LC":"13:0.917058,14:0.082942","XMIN":708714.86160847,"YMIN":8510182.344167229,"XMAX":708814.86160847,"YMAX":8510282.344167229},"geometry":{"type":"Polygon","coordinates":[[[-73.07103869988268,-13.468973733430847],[-73.07104594331936,-13.468070010344768],[-73.0719693363562,-13.468077097531056],[-73.07196209638174,-13.46898082111],[-73.07103869988268,-13.468973733430847]]]}},{"type":"Feature","properties":{"Cell_ID":158,"Area_ha":1.0,"LC":"9:0.392096,13:0.174725,14:0.433180","XMIN":708714.86160847,"YMIN":8510082.344167229,"XMAX":708814.86160847,"YMAX":8510182.344167229},"geometry":{"type":"Polygon","coordinates":[[[-73.07103145591458,-13.469877456448238],[-73.07103869988268,-13.468973733430847],[-73.07196209638174,-13.46898082111],[-73.0719548558761,-13.469884544620257],[-73.07103145591458,-13.469877456448238]]]}},{"type":"Feature","properties":{"Cell_ID":159,"Area_ha":1.0,"LC":"9:0.044450,16:0.001508,17:0.414598,18:0.062225","XMIN":708814.86160847,"YMIN":8513282.344167229,"XMAX":708914.86160847,"YMAX":8513382.344167229},"geometry":{"type":"Polygon","coordinates":[[[-73.07033971059664,-13.440951210058149],[-73.07034694101819,-13.440047485337729],[-73.07127022632149,-13.44005456062829],[-73.07126299935426,-13.440958285841695],[-73.07033971059664,-13.440951210058149]]]}},{"type":"Feature","properties":{"Cell_ID":160,"Area_ha":1.0,"LC":"9:0.760034,13:0.000539,16:0.004309,17:0.035119,18:0.200000","XMIN":708814.86160847,"YMIN":8513182.344167229,"XMAX":708914.86160847,"YMAX":8513282.344167229},"geometry":{"type":"Polygon","coordinates":[[[-73.0703324796437,-13.441854934710005],[-73.07033971059664,-13.440951210058149],[-73.07126299935426,-13.440958285841695],[-73.0712557718559,-13.441862010986545],[-73.0703324796437,-13.441854934710005]]]}},{"type":"Feature","properties":{"Cell_ID":161,"Area_ha":1.0,"LC":"9:0.368477,13:0.391523,18:0.240000","XMIN":708814.86160847,"YMIN":8513082.344167229,"XMAX":708914.86160847,"YMAX":8513182.344167229},"geometry":{"type":"Polygon","coordinates":[[[-73.07032524815938,-13.442758659293297],[-73.0703324796437,-13.441854934710005],[-73.0712557718559,-13.441862010986545],[-73.07124854382641,-13.442765736062833],[-73.07032524815938,-13.442758659293297]]]}},{"type":"Feature","properties":{"Cell_ID":162,"Area_ha":1.0,"LC":"9:0.281650,13:0.374725,16:0.122942,18:0.220683","XMIN":708814.86160847,"YMIN":8512982.344167229,"XMAX":708914.86160847,"YMAX":8513082.344167229},"geometry":{"type":"Polygon","coordinates":[[[-73.07031801614364,-13.44366238380802],[-73.07032524815938,-13.442758659293297],[-73.07124854382641,-13.442765736062833],[-73.07124131526577,-13.443669461070552],[-73.07031801614364,-13.44366238380802]]]}},{"type":"Feature","properties":{"Cell_ID":163,"Area_ha":1.0,"LC":"9:0.479858,16:0.252927,18:0.267214","XMIN":708814.86160847,"YMIN":8512882.344167229,"XMAX":708914.86160847,"YMAX":8512982.344167229},"geometry":{"type":"Polygon","coordinates":[[[-73.0703107835965,-13.444566108254165],[-73.07031801614364,-13.44366238380802],[-73.07124131526577,-13.443669461070552],[-73.07123408617396,-13.444573186009698],[-73.0703107835965,-13.444566108254165]]]}},{"type":"Feature","properties":{"Cell_ID":164,"Area_ha":1.0,"LC":"9:0.807931,16:0.017344,18:0.174725","XMIN":708814.86160847,"YMIN":8512782.344167229,"XMAX":708914.86160847,"YMAX":8512882.344167229},"geometry":{"type":"Polygon","coordinates":[[[-73.07030355051793,-13.445469832631732],[-73.0703107835965,-13.444566108254165],[-73.07123408617396,-13.444573186009698],[-73.07122685655101,-13.445476910880272],[-73.07030355051793,-13.445469832631732]]]}},{"type":"Feature","properties":{"Cell_ID":165,"Area_ha":1.0,"LC":"9:0.775263,13:0.063733,16:0.161003","XMIN":708814.86160847,"YMIN":8512682.344167229,"XMAX":708914.86160847,"YMAX":8512782.344167229},"geometry":{"type":"Polygon","coordinates":[[[-73.07029631690794,-13.446373556940712],[-73.07030355051793,-13.445469832631732],[-73.07122685655101,-13.445476910880272],[-73.07121962639685,-13.446380635682264],[-73.07029631690794,-13.446373556940712]]]}},{"type":"Feature","properties":{"Cell_ID":166,"Area_ha":1.0,"LC":"9:0.341687,13:0.307073,16:0.351241","XMIN":708814.86160847,"YMIN":8512582.344167229,"XMAX":708914.86160847,"YMAX":8512682.344167229},"geometry":{"type":"Polygon","coordinates":[[[-73.07028908276651,-13.447277281181107],[-73.07029631690794,-13.446373556940712],[-73.07121962639685,-13.446380635682264],[-73.07121239571151,-13.447284360415669],[-73.07028908276651,-13.447277281181107]]]}},{"type":"Feature","properties":{"Cell_ID":167,"Area_ha":1.0,"LC":"9:0.492894,13:0.116950,16:0.040969,18:0.349187","XMIN":708814.86160847,"YMIN":8512482.344167229,"XMAX":708914.86160847,"YMAX":8512582.344167229},"geometry":{"type":"Polygon","coordinates":[[[-73.07028184809363,-13.448181005352911],[-73.07028908276651,-13.447277281181107],[-73.07121239571151,-13.447284360415669],[-73.07120516449498,-13.448188085080487],[-73.07028184809363,-13.448181005352911]]]}},{"type":"Feature","properties":{"Cell_ID":168,"Area_ha":1.0,"LC":"16:0.269187,18:0.730813","XMIN":708814.86160847,"YMIN":8512382.344167229,"XMAX":708914.86160847,"YMAX":8512482.344167229},"geometry":{"type":"Polygon","coordinates":[[[-73.07027461288928,-13.449084729456114],[-73.07028184809363,-13.448181005352911],[-73.07120516449498,-13.448188085080487],[-73.07119793274725,-13.449091809676716],[-73.07027461288928,-13.449084729456114]]]}},{"type":"Feature","properties":{"Cell_ID":169,"Area_ha":1.0,"LC":"16:0.854832,18:0.145168","XMIN":708814.86160847,"YMIN":8512282.344167229,"XMAX":708914.86160847,"YMAX":8512382.344167229},"geometry":{"type":"Polygon","coordinates":[[[-73.07026737715346,-13.44998845349072],[-73.07027461288928,-13.449084729456114],[-73.07119793274725,-13.449091809676716],[-73.07119070046829,-13.449995534204339],[-73.07026737715346,-13.44998845349072]]]}},{"type":"Feature","properties":{"Cell_ID":170,"Area_ha":1.0,"LC":"9:0.305706,16:0.035980,18:0.658313","XMIN":708814.86160847,"YMIN":8512182.344167229,"XMAX":708914.86160847,"YMAX":8512282.344167229},"geometry":{"type":"Polygon","coordinates":[[[-73.07026014088616,-13.45089217745672],[-73.07026737715346,-13.44998845349072],[-73.07119070046829,-13.449995534204339],[-73.07118346765813,-13.450899258663364],[-73.07026014088616,-13.45089217745672]]]}},{"type":"Feature","properties":{"Cell_ID":171,"Area_ha":1.0,"LC":"9:0.517092,16:0.204450,18:0.278458","XMIN":708814.86160847,"YMIN":8512082.344167229,"XMAX":708914.86160847,"YMAX":8512182.344167229},"geometry":{"type":"Polygon","coordinates":[[[-73.07025290408738,-13.451795901354108],[-73.07026014088616,-13.45089217745672],[-73.07118346765813,-13.450899258663364],[-73.07117623431671,-13.451802983053785],[-73.07025290408738,-13.451795901354108]]]}},{"type":"Feature","properties":{"Cell_ID":172,"Area_ha":1.0,"LC":"9:0.780717,16:0.219283","XMIN":708814.86160847,"YMIN":8511982.344167229,"XMAX":708914.86160847,"YMAX":8512082.344167229},"geometry":{"type":"Polygon","coordinates":[[[-73.07024566675709,-13.452699625182882],[-73.07025290408738,-13.451795901354108],[-73.07117623431671,-13.451802983053785],[-73.07116900044406,-13.452706707375594],[-73.07024566675709,-13.452699625182882]]]}},{"type":"Feature","properties":{"Cell_ID":173,"Area_ha":1.0,"LC":"9:0.916122,13:0.022764,16:0.061114","XMIN":708814.86160847,"YMIN":8511882.344167229,"XMAX":708914.86160847,"YMAX":8511982.344167229},"geometry":{"type":"Polygon","coordinates":[[[-73.07023842889531,-13.453603348943037],[-73.07024566675709,-13.452699625182882],[-73.07116900044406,-13.452706707375594],[-73.07116176604015,-13.453610431628787],[-73.07023842889531,-13.453603348943037]]]}},{"type":"Feature","properties":{"Cell_ID":174,"Area_ha":1.0,"LC":"5:0.162511,9:0.268729,13:0.568759","XMIN":708814.86160847,"YMIN":8511782.344167229,"XMAX":708914.86160847,"YMAX":8511882.344167229},"geometry":{"type":"Polygon","coordinates":[[[-73.070231190502,-13.454507072634572],[-73.07023842889531,-13.453603348943037],[-73.07116176604015,-13.453610431628787],[-73.07115453110498,-13.454514155813362],[-73.070231190502,-13.454507072634572]]]}},{"type":"Feature","properties":{"Cell_ID":175,"Area_ha":1.0,"LC":"5:0.300252,13:0.699748","XMIN":708814.86160847,"YMIN":8511682.344167229,"XMAX":708914.86160847,"YMAX":8511782.344167229},"geometry":{"type":"Polygon","coordinates":[[[-73.07022395157716,-13.455410796257478],[-73.070231190502,-13.454507072634572],[-73.07115453110498,-13.454514155813362],[-73.07114729563853,-13.455417879929314],[-73.07022395157716,-13.455410796257478]]]}},{"type":"Feature","properties":{"Cell_ID":176,"Area_ha":1.0,"LC":"5:0.462083,9:0.269187,13:0.268729","XMIN":708814.86160847,"YMIN":8511582.344167229,"XMAX":708914.86160847,"YMAX":8511682.344167229},"geometry":{"type":"Polygon","coordinates":[[[-73.07021671212081,-13.456314519811755],[-73.07022395157716,-13.455410796257478],[-73.07114729563853,-13.455417879929314],[-73.07114005964081,-13.45632160397664],[-73.07021671212081,-13.456314519811755]]]}},{"type":"Feature","properties":{"Cell_ID":177,"Area_ha":1.0,"LC":"6:0.021687,9:0.539283,13:0.439031","XMIN":708814.86160847,"YMIN":8511482.344167229,"XMAX":708914.86160847,"YMAX":8511582.344167229},"geometry":{"type":"Polygon","coordinates":[[[-73.07020947213289,-13.457218243297396],[-73.07021671212081,-13.456314519811755],[-73.07114005964081,-13.45632160397664],[-73.07113282311178,-13.457225327955332],[-73.07020947213289,-13.457218243297396]]]}},{"type":"Feature","properties":{"Cell_ID":178,"Area_ha":1.0,"LC":"5:0.138778,6:0.460825,9:0.400397","XMIN":708814.86160847,"YMIN":8511382.344167229,"XMAX":708914.86160847,"YMAX":8511482.344167229},"geometry":{"type":"Polygon","coordinates":[[[-73.07020223161342,-13.458121966714396],[-73.07020947213289,-13.457218243297396],[-73.07113282311178,-13.457225327955332],[-73.07112558605147,-13.458129051865384],[-73.07020223161342,-13.458121966714396]]]}},{"type":"Feature","properties":{"Cell_ID":179,"Area_ha":1.0,"LC":"5:0.561542,6:0.137775,9:0.300683","XMIN":708814.86160847,"YMIN":8511282.344167229,"XMAX":708914.86160847,"YMAX":8511382.344167229},"geometry":{"type":"Polygon","coordinates":[[[-73.07019499056238,-13.459025690062754],[-73.07020223161342,-13.458121966714396],[-73.07112558605147,-13.458129051865384],[-73.07111834845983,-13.459032775706799],[-73.07019499056238,-13.459025690062754]]]}},{"type":"Feature","properties":{"Cell_ID":180,"Area_ha":1.0,"LC":"5:0.412927,6:0.527898,9:0.059175","XMIN":708814.86160847,"YMIN":8511182.344167229,"XMAX":708914.86160847,"YMAX":8511282.344167229},"geometry":{"type":"Polygon","coordinates":[[[-73.07018774897978,-13.459929413342463],[-73.07019499056238,-13.459025690062754],[-73.07111834845983,-13.459032775706799],[-73.07111111033689,-13.459936499479573],[-73.07018774897978,-13.459929413342463]]]}},{"type":"Feature","properties":{"Cell_ID":181,"Area_ha":1.0,"LC":"3:0.269618,5:0.272210,6:0.458172","XMIN":708814.86160847,"YMIN":8511082.344167229,"XMAX":708914.86160847,"YMAX":8511182.344167229},"geometry":{"type":"Polygon","coordinates":[[[-73.0701805068656,-13.460833136553516],[-73.07018774897978,-13.459929413342463],[-73.07111111033689,-13.459936499479573],[-73.07110387168261,-13.460840223183691],[-73.0701805068656,-13.460833136553516]]]}},{"type":"Feature","properties":{"Cell_ID":182,"Area_ha":1.0,"LC":"3:0.610955,5:0.349584,6:0.039461","XMIN":708814.86160847,"YMIN":8510982.344167229,"XMAX":708914.86160847,"YMAX":8511082.344167229},"geometry":{"type":"Polygon","coordinates":[[[-73.0701732642198,-13.461736859695913],[-73.0701805068656,-13.460833136553516],[-73.07110387168261,-13.460840223183691],[-73.07109663249697,-13.461743946819158],[-73.0701732642198,-13.461736859695913]]]}},{"type":"Feature","properties":{"Cell_ID":183,"Area_ha":1.0,"LC":"3:0.075550,5:0.924450","XMIN":708814.86160847,"YMIN":8510882.344167229,"XMAX":708914.86160847,"YMAX":8510982.344167229},"geometry":{"type":"Polygon","coordinates":[[[-73.07016602104241,-13.462640582769652],[-73.0701732642198,-13.461736859695913],[-73.07109663249697,-13.461743946819158],[-73.07108939278002,-13.46264767038597],[-73.07016602104241,-13.462640582769652]]]}},{"type":"Feature","properties":{"Cell_ID":184,"Area_ha":1.0,"LC":"5:1.000000","XMIN":708814.86160847,"YMIN":8510782.344167229,"XMAX":708914.86160847,"YMAX":8510882.344167229},"geometry":{"type":"Polygon","coordinates":[[[-73.07015877733343,-13.463544305774718],[-73.07016602104241,-13.462640582769652],[-73.07108939278002,-13.46264767038597],[-73.07108215253169,-13.463551393884115],[-73.07015877733343,-13.463544305774718]]]}},{"type":"Feature","properties":{"Cell_ID":185,"Area_ha":1.0,"LC":"5:0.673072,9:0.326928","XMIN":708814.86160847,"YMIN":8510682.344167229,"XMAX":708914.86160847,"YMAX":8510782.344167229},"geometry":{"type":"Polygon","coordinates":[[[-73.0701515330928,-13.464448028711121],[-73.07015877733343,-13.463544305774718],[-73.07108215253169,-13.463551393884115],[-73.07107491175199,-13.464455117313596],[-73.0701515330928,-13.464448028711121]]]}},{"type":"Feature","properties":{"Cell_ID":186,"Area_ha":1.0,"LC":"5:0.370955,9:0.459606,13:0.169440","XMIN":708814.86160847,"YMIN":8510582.344167229,"XMAX":708914.86160847,"YMAX":8510682.344167229},"geometry":{"type":"Polygon","coordinates":[[[-73.07014428832055,-13.465351751578845],[-73.0701515330928,-13.464448028711121],[-73.07107491175199,-13.464455117313596],[-73.07106767044093,-13.465358840674403],[-73.07014428832055,-13.465351751578845]]]}},{"type":"Feature","properties":{"Cell_ID":187,"Area_ha":1.0,"LC":"9:0.134436,13:0.865564","XMIN":708814.86160847,"YMIN":8510482.344167229,"XMAX":708914.86160847,"YMAX":8510582.344167229},"geometry":{"type":"Polygon","coordinates":[[[-73.07013704301666,-13.466255474377892],[-73.07014428832055,-13.465351751578845],[-73.07106767044093,-13.465358840674403],[-73.07106042859847,-13.46626256396654],[-73.07013704301666,-13.466255474377892]]]}},{"type":"Feature","properties":{"Cell_ID":188,"Area_ha":1.0,"LC":"13:0.854328,14:0.145672","XMIN":708814.86160847,"YMIN":8510382.344167229,"XMAX":708914.86160847,"YMAX":8510482.344167229},"geometry":{"type":"Polygon","coordinates":[[[-73.07012979718112,-13.46715919710826],[-73.07013704301666,-13.466255474377892],[-73.07106042859847,-13.46626256396654],[-73.07105318622462,-13.467166287189995],[-73.07012979718112,-13.46715919710826]]]}},{"type":"Feature","properties":{"Cell_ID":189,"Area_ha":1.0,"LC":"9:0.079031,13:0.798061,14:0.018206,16:0.104703","XMIN":708814.86160847,"YMIN":8510282.344167229,"XMAX":708914.86160847,"YMAX":8510382.344167229},"geometry":{"type":"Polygon","coordinates":[[[-73.07012255081392,-13.468062919769936],[-73.07012979718112,-13.46715919710826],[-73.07105318622462,-13.467166287189995],[-73.07104594331936,-13.468070010344768],[-73.07012255081392,-13.468062919769936]]]}},{"type":"Feature","properties":{"Cell_ID":190,"Area_ha":1.0,"LC":"13:0.981794,16:0.018206","XMIN":708814.86160847,"YMIN":8510182.344167229,"XMAX":708914.86160847,"YMAX":8510282.344167229},"geometry":{"type":"Polygon","coordinates":[[[-73.07011530391505,-13.46896664236292],[-73.07012255081392,-13.468062919769936],[-73.07104594331936,-13.468070010344768],[-73.07103869988268,-13.468973733430847],[-73.07011530391505,-13.46896664236292]]]}},{"type":"Feature","properties":{"Cell_ID":191,"Area_ha":1.0,"LC":"9:0.832096,13:0.167904","XMIN":708814.86160847,"YMIN":8510082.344167229,"XMAX":708914.86160847,"YMAX":8510182.344167229},"geometry":{"type":"Polygon","coordinates":[[[-73.07010805648449,-13.469870364887209],[-73.07011530391505,-13.46896664236292],[-73.07103869988268,-13.468973733430847],[-73.07103145591458,-13.469877456448238],[-73.07010805648449,-13.469870364887209]]]}},{"type":"Feature","properties":{"Cell_ID":192,"Area_ha":1.0,"LC":"9:0.882908,13:0.117092","XMIN":708814.86160847,"YMIN":8509982.344167229,"XMAX":708914.86160847,"YMAX":8510082.344167229},"geometry":{"type":"Polygon","coordinates":[[[-73.07010080852226,-13.470774087342797],[-73.07010805648449,-13.469870364887209],[-73.07103145591458,-13.469877456448238],[-73.07102421141505,-13.470781179396933],[-73.07010080852226,-13.470774087342797]]]}},{"type":"Feature","properties":{"Cell_ID":193,"Area_ha":1.0,"LC":"9:0.164479,16:0.060717,17:0.581531,18:0.168901","XMIN":708914.86160847,"YMIN":8513282.344167229,"XMAX":709014.86160847,"YMAX":8513382.344167229},"geometry":{"type":"Polygon","coordinates":[[[-73.0694164223704,-13.44094413089314],[-73.06942365624626,-13.44004040666594],[-73.07034694101819,-13.440047485337729],[-73.07033971059664,-13.440951210058149],[-73.0694164223704,-13.44094413089314]]]}},{"type":"Feature","properties":{"Cell_ID":194,"Area_ha":1.0,"LC":"9:0.001400,13:0.021687,16:0.665814,18:0.311099","XMIN":708914.86160847,"YMIN":8513182.344167229,"XMAX":709014.86160847,"YMAX":8513282.344167229},"geometry":{"type":"Polygon","coordinates":[[[-73.06940918796289,-13.441847855051767],[-73.0694164223704,-13.44094413089314],[-73.07033971059664,-13.440951210058149],[-73.0703324796437,-13.441854934710005],[-73.06940918796289,-13.441847855051767]]]}},{"type":"Feature","properties":{"Cell_ID":195,"Area_ha":1.0,"LC":"13:0.235153,16:0.577633,17:0.000539,18:0.186676","XMIN":708914.86160847,"YMIN":8513082.344167229,"XMAX":709014.86160847,"YMAX":8513182.344167229},"geometry":{"type":"Polygon","coordinates":[[[-73.06940195302374,-13.442751579141829],[-73.06940918796289,-13.441847855051767],[-73.0703324796437,-13.441854934710005],[-73.07032524815938,-13.442758659293297],[-73.06940195302374,-13.442751579141829]]]}},{"type":"Feature","properties":{"Cell_ID":196,"Area_ha":1.0,"LC":"9:0.043912,13:0.056374,16:0.017775,17:0.001400,18:0.880539","XMIN":708914.86160847,"YMIN":8512982.344167229,"XMAX":709014.86160847,"YMAX":8513082.344167229},"geometry":{"type":"Polygon","coordinates":[[[-73.06939471755294,-13.443655303163318],[-73.06940195302374,-13.442751579141829],[-73.07032524815938,-13.442758659293297],[-73.07031801614364,-13.44366238380802],[-73.06939471755294,-13.443655303163318]]]}},{"type":"Feature","properties":{"Cell_ID":197,"Area_ha":1.0,"LC":"9:0.391241,16:0.333317,18:0.275442","XMIN":708914.86160847,"YMIN":8512882.344167229,"XMAX":709014.86160847,"YMAX":8512982.344167229},"geometry":{"type":"Polygon","coordinates":[[[-73.06938748155046,-13.444559027116226],[-73.06939471755294,-13.443655303163318],[-73.07031801614364,-13.44366238380802],[-73.0703107835965,-13.444566108254165],[-73.06938748155046,-13.444559027116226]]]}},{"type":"Feature","properties":{"Cell_ID":198,"Area_ha":1.0,"LC":"9:0.161003,16:0.355408,18:0.483589","XMIN":708914.86160847,"YMIN":8512782.344167229,"XMAX":709014.86160847,"YMAX":8512882.344167229},"geometry":{"type":"Polygon","coordinates":[[[-73.0693802450163,-13.44546275100055],[-73.06938748155046,-13.444559027116226],[-73.0703107835965,-13.444566108254165],[-73.07030355051793,-13.445469832631732],[-73.0693802450163,-13.44546275100055]]]}},{"type":"Feature","properties":{"Cell_ID":199,"Area_ha":1.0,"LC":"9:0.656913,13:0.207393,18:0.135694","XMIN":708914.86160847,"YMIN":8512682.344167229,"XMAX":709014.86160847,"YMAX":8512782.344167229},"geometry":{"type":"Polygon","coordinates":[[[-73.06937300795049,-13.44636647481629],[-73.0693802450163,-13.44546275100055],[-73.07030355051793,-13.445469832631732],[-73.07029631690794,-13.446373556940712],[-73.06937300795049,-13.44636647481629]]]}},{"type":"Feature","properties":{"Cell_ID":200,"Area_ha":1.0,"LC":"9:0.248759,13:0.750702,14:0.000539","XMIN":708914.86160847,"YMIN":8512582.344167229,"XMAX":709014.86160847,"YMAX":8512682.344167229},"geometry":{"type":"Polygon","coordinates":[[[-73.06936577035295,-13.447270198563434],[-73.06937300795049,-13.44636647481629],[-73.07029631690794,-13.446373556940712],[-73.07028908276651,-13.447277281181107],[-73.06936577035295,-13.447270198563434]]]}},{"type":"Feature","properties":{"Cell_ID":201,"Area_ha":1.0,"LC":"5:0.025672,9:0.531385,13:0.074149,14:0.001400,16:0.345706,18:0.021687","XMIN":708914.86160847,"YMIN":8512482.344167229,"XMAX":709014.86160847,"YMAX":8512582.344167229},"geometry":{"type":"Polygon","coordinates":[[[-73.06935853222372,-13.448173922241985],[-73.06936577035295,-13.447270198563434],[-73.07028908276651,-13.447277281181107],[-73.07028184809363,-13.448181005352911],[-73.06935853222372,-13.448173922241985]]]}},{"type":"Feature","properties":{"Cell_ID":202,"Area_ha":1.0,"LC":"5:0.142622,9:0.062225,16:0.315011,18:0.480142","XMIN":708914.86160847,"YMIN":8512382.344167229,"XMAX":709014.86160847,"YMAX":8512482.344167229},"geometry":{"type":"Polygon","coordinates":[[[-73.06935129356276,-13.449077645851936],[-73.06935853222372,-13.448173922241985],[-73.07028184809363,-13.448181005352911],[-73.07027461288928,-13.449084729456114],[-73.06935129356276,-13.449077645851936]]]}},{"type":"Feature","properties":{"Cell_ID":203,"Area_ha":1.0,"LC":"5:0.000431,9:0.102191,16:0.781828,18:0.115550","XMIN":708914.86160847,"YMIN":8512282.344167229,"XMAX":709014.86160847,"YMAX":8512382.344167229},"geometry":{"type":"Polygon","coordinates":[[[-73.06934405437009,-13.449981369393281],[-73.06935129356276,-13.449077645851936],[-73.07027461288928,-13.449084729456114],[-73.07026737715346,-13.44998845349072],[-73.06934405437009,-13.449981369393281]]]}},{"type":"Feature","properties":{"Cell_ID":204,"Area_ha":1.0,"LC":"9:0.433496,16:0.070668,18:0.495836","XMIN":708914.86160847,"YMIN":8512182.344167229,"XMAX":709014.86160847,"YMAX":8512282.344167229},"geometry":{"type":"Polygon","coordinates":[[[-73.0693368146457,-13.450885092866017],[-73.06934405437009,-13.449981369393281],[-73.07026737715346,-13.44998845349072],[-73.07026014088616,-13.45089217745672],[-73.0693368146457,-13.450885092866017]]]}},{"type":"Feature","properties":{"Cell_ID":205,"Area_ha":1.0,"LC":"9:0.882908,18:0.117092","XMIN":708914.86160847,"YMIN":8512082.344167229,"XMAX":709014.86160847,"YMAX":8512182.344167229},"geometry":{"type":"Polygon","coordinates":[[[-73.06932957438956,-13.451788816270142],[-73.0693368146457,-13.450885092866017],[-73.07026014088616,-13.45089217745672],[-73.07025290408738,-13.451795901354108],[-73.06932957438956,-13.451788816270142]]]}},{"type":"Feature","properties":{"Cell_ID":206,"Area_ha":1.0,"LC":"9:0.939283,16:0.060717","XMIN":708914.86160847,"YMIN":8511982.344167229,"XMAX":709014.86160847,"YMAX":8512082.344167229},"geometry":{"type":"Polygon","coordinates":[[[-73.06932233360165,-13.452692539605644],[-73.06932957438956,-13.451788816270142],[-73.07025290408738,-13.451795901354108],[-73.07024566675709,-13.452699625182882],[-73.06932233360165,-13.452692539605644]]]}},{"type":"Feature","properties":{"Cell_ID":207,"Area_ha":1.0,"LC":"9:0.701653,13:0.043912,16:0.254436","XMIN":708914.86160847,"YMIN":8511882.344167229,"XMAX":709014.86160847,"YMAX":8511982.344167229},"geometry":{"type":"Polygon","coordinates":[[[-73.06931509228198,-13.45359626287253],[-73.06932233360165,-13.452692539605644],[-73.07024566675709,-13.452699625182882],[-73.07023842889531,-13.453603348943037],[-73.06931509228198,-13.45359626287253]]]}},{"type":"Feature","properties":{"Cell_ID":208,"Area_ha":1.0,"LC":"5:0.000969,9:0.174725,13:0.824306","XMIN":708914.86160847,"YMIN":8511782.344167229,"XMAX":709014.86160847,"YMAX":8511882.344167229},"geometry":{"type":"Polygon","coordinates":[[[-73.06930785043056,-13.454499986070788],[-73.06931509228198,-13.45359626287253],[-73.07023842889531,-13.453603348943037],[-73.070231190502,-13.454507072634572],[-73.06930785043056,-13.454499986070788]]]}},{"type":"Feature","properties":{"Cell_ID":209,"Area_ha":1.0,"LC":"5:0.510157,9:0.000969,13:0.488874","XMIN":708914.86160847,"YMIN":8511682.344167229,"XMAX":709014.86160847,"YMAX":8511782.344167229},"geometry":{"type":"Polygon","coordinates":[[[-73.06930060804736,-13.455403709200413],[-73.06930785043056,-13.454499986070788],[-73.070231190502,-13.454507072634572],[-73.07022395157716,-13.455410796257478],[-73.06930060804736,-13.455403709200413]]]}},{"type":"Feature","properties":{"Cell_ID":210,"Area_ha":1.0,"LC":"5:0.726935,9:0.106137,13:0.124450,18:0.042478","XMIN":708914.86160847,"YMIN":8511582.344167229,"XMAX":709014.86160847,"YMAX":8511682.344167229},"geometry":{"type":"Polygon","coordinates":[[[-73.06929336513235,-13.45630743226141],[-73.06930060804736,-13.455403709200413],[-73.07022395157716,-13.455410796257478],[-73.07021671212081,-13.456314519811755],[-73.06929336513235,-13.45630743226141]]]}},{"type":"Feature","properties":{"Cell_ID":211,"Area_ha":1.0,"LC":"9:0.379317,13:0.619283,18:0.001400","XMIN":708914.86160847,"YMIN":8511482.344167229,"XMAX":709014.86160847,"YMAX":8511582.344167229},"geometry":{"type":"Polygon","coordinates":[[[-73.06928612168555,-13.457211155253761],[-73.06929336513235,-13.45630743226141],[-73.07021671212081,-13.456314519811755],[-73.07020947213289,-13.457218243297396],[-73.06928612168555,-13.457211155253761]]]}},{"type":"Feature","properties":{"Cell_ID":212,"Area_ha":1.0,"LC":"9:0.941794,13:0.058206","XMIN":708914.86160847,"YMIN":8511382.344167229,"XMAX":709014.86160847,"YMAX":8511482.344167229},"geometry":{"type":"Polygon","coordinates":[[[-73.06927887770695,-13.458114878177469],[-73.06928612168555,-13.457211155253761],[-73.07020947213289,-13.457218243297396],[-73.07020223161342,-13.458121966714396],[-73.06927887770695,-13.458114878177469]]]}},{"type":"Feature","properties":{"Cell_ID":213,"Area_ha":1.0,"LC":"3:0.022764,5:0.222225,9:0.755011","XMIN":708914.86160847,"YMIN":8511282.344167229,"XMAX":709014.86160847,"YMAX":8511382.344167229},"geometry":{"type":"Polygon","coordinates":[[[-73.06927163319652,-13.459018601032533],[-73.06927887770695,-13.458114878177469],[-73.07020223161342,-13.458121966714396],[-73.07019499056238,-13.459025690062754],[-73.06927163319652,-13.459018601032533]]]}},{"type":"Feature","properties":{"Cell_ID":214,"Area_ha":1.0,"LC":"3:0.362370,5:0.364450,6:0.138778,9:0.134402","XMIN":708914.86160847,"YMIN":8511182.344167229,"XMAX":709014.86160847,"YMAX":8511282.344167229},"geometry":{"type":"Polygon","coordinates":[[[-73.06926438815425,-13.45992232381894],[-73.06927163319652,-13.459018601032533],[-73.07019499056238,-13.459025690062754],[-73.07018774897978,-13.459929413342463],[-73.06926438815425,-13.45992232381894]]]}},{"type":"Feature","properties":{"Cell_ID":215,"Area_ha":1.0,"LC":"3:0.017775,5:0.600000,6:0.195153,9:0.187073","XMIN":708914.86160847,"YMIN":8511082.344167229,"XMAX":709014.86160847,"YMAX":8511182.344167229},"geometry":{"type":"Polygon","coordinates":[[[-73.06925714258017,-13.460826046536695],[-73.06926438815425,-13.45992232381894],[-73.07018774897978,-13.459929413342463],[-73.0701805068656,-13.460833136553516],[-73.06925714258017,-13.460826046536695]]]}},{"type":"Feature","properties":{"Cell_ID":216,"Area_ha":1.0,"LC":"5:0.715583,6:0.017344,9:0.266103,13:0.000969","XMIN":708914.86160847,"YMIN":8510982.344167229,"XMAX":709014.86160847,"YMAX":8511082.344167229},"geometry":{"type":"Polygon","coordinates":[[[-73.06924989647422,-13.461729769185785],[-73.06925714258017,-13.460826046536695],[-73.0701805068656,-13.460833136553516],[-73.0701732642198,-13.461736859695913],[-73.06924989647422,-13.461729769185785]]]}},{"type":"Feature","properties":{"Cell_ID":217,"Area_ha":1.0,"LC":"5:0.595153,9:0.404847","XMIN":708914.86160847,"YMIN":8510882.344167229,"XMAX":709014.86160847,"YMAX":8510982.344167229},"geometry":{"type":"Polygon","coordinates":[[[-73.06924264983643,-13.462633491766214],[-73.06924989647422,-13.461729769185785],[-73.0701732642198,-13.461736859695913],[-73.07016602104241,-13.462640582769652],[-73.06924264983643,-13.462633491766214]]]}},{"type":"Feature","properties":{"Cell_ID":218,"Area_ha":1.0,"LC":"5:0.492927,9:0.404847,13:0.102225","XMIN":708914.86160847,"YMIN":8510782.344167229,"XMAX":709014.86160847,"YMAX":8510882.344167229},"geometry":{"type":"Polygon","coordinates":[[[-73.06923540266678,-13.463537214277974],[-73.06924264983643,-13.462633491766214],[-73.07016602104241,-13.462640582769652],[-73.07015877733343,-13.463544305774718],[-73.06923540266678,-13.463537214277974]]]}},{"type":"Feature","properties":{"Cell_ID":219,"Area_ha":1.0,"LC":"5:0.113180,9:0.317953,13:0.568867","XMIN":708914.86160847,"YMIN":8510682.344167229,"XMAX":709014.86160847,"YMAX":8510782.344167229},"geometry":{"type":"Polygon","coordinates":[[[-73.06922815496523,-13.46444093672106],[-73.06923540266678,-13.463537214277974],[-73.07015877733343,-13.463544305774718],[-73.0701515330928,-13.464448028711121],[-73.06922815496523,-13.46444093672106]]]}},{"type":"Feature","properties":{"Cell_ID":220,"Area_ha":1.0,"LC":"9:0.533466,13:0.466534","XMIN":708914.86160847,"YMIN":8510582.344167229,"XMAX":709014.86160847,"YMAX":8510682.344167229},"geometry":{"type":"Polygon","coordinates":[[[-73.06922090673181,-13.465344659095464],[-73.06922815496523,-13.46444093672106],[-73.0701515330928,-13.464448028711121],[-73.07014428832055,-13.465351751578845],[-73.06922090673181,-13.465344659095464]]]}},{"type":"Feature","properties":{"Cell_ID":221,"Area_ha":1.0,"LC":"9:0.200000,13:0.800000","XMIN":708914.86160847,"YMIN":8510482.344167229,"XMAX":709014.86160847,"YMAX":8510582.344167229},"geometry":{"type":"Polygon","coordinates":[[[-73.0692136579665,-13.466248381401188],[-73.06922090673181,-13.465344659095464],[-73.07014428832055,-13.465351751578845],[-73.07013704301666,-13.466255474377892],[-73.0692136579665,-13.466248381401188]]]}},{"type":"Feature","properties":{"Cell_ID":222,"Area_ha":1.0,"LC":"9:0.241508,13:0.433038,14:0.325454","XMIN":708914.86160847,"YMIN":8510382.344167229,"XMAX":709014.86160847,"YMAX":8510482.344167229},"geometry":{"type":"Polygon","coordinates":[[[-73.06920640866927,-13.467152103638226],[-73.0692136579665,-13.466248381401188],[-73.07013704301666,-13.466255474377892],[-73.07012979718112,-13.46715919710826],[-73.06920640866927,-13.467152103638226]]]}},{"type":"Feature","properties":{"Cell_ID":223,"Area_ha":1.0,"LC":"9:0.461114,13:0.039569,14:0.150668,16:0.348649","XMIN":708914.86160847,"YMIN":8510282.344167229,"XMAX":709014.86160847,"YMAX":8510382.344167229},"geometry":{"type":"Polygon","coordinates":[[[-73.06919915884015,-13.468055825806578],[-73.06920640866927,-13.467152103638226],[-73.07012979718112,-13.46715919710826],[-73.07012255081392,-13.468062919769936],[-73.06919915884015,-13.468055825806578]]]}},{"type":"Feature","properties":{"Cell_ID":224,"Area_ha":1.0,"LC":"9:0.284450,13:0.507106,16:0.208443","XMIN":708914.86160847,"YMIN":8510182.344167229,"XMAX":709014.86160847,"YMAX":8510282.344167229},"geometry":{"type":"Polygon","coordinates":[[[-73.06919190847908,-13.468959547906223],[-73.06919915884015,-13.468055825806578],[-73.07012255081392,-13.468062919769936],[-73.07011530391505,-13.46896664236292],[-73.06919190847908,-13.468959547906223]]]}},{"type":"Feature","properties":{"Cell_ID":225,"Area_ha":1.0,"LC":"9:0.863767,13:0.136233","XMIN":708914.86160847,"YMIN":8510082.344167229,"XMAX":709014.86160847,"YMAX":8510182.344167229},"geometry":{"type":"Polygon","coordinates":[[[-73.06918465758609,-13.469863269937177],[-73.06919190847908,-13.468959547906223],[-73.07011530391505,-13.46896664236292],[-73.07010805648449,-13.469870364887209],[-73.06918465758609,-13.469863269937177]]]}},{"type":"Feature","properties":{"Cell_ID":226,"Area_ha":1.0,"LC":"9:0.977236,13:0.022764","XMIN":708914.86160847,"YMIN":8509982.344167229,"XMAX":709014.86160847,"YMAX":8510082.344167229},"geometry":{"type":"Polygon","coordinates":[[[-73.06917740616116,-13.470766991899426],[-73.06918465758609,-13.469863269937177],[-73.07010805648449,-13.469870364887209],[-73.07010080852226,-13.470774087342797],[-73.06917740616116,-13.470766991899426]]]}},{"type":"Feature","properties":{"Cell_ID":227,"Area_ha":1.0,"LC":"7:0.086928,9:0.002397,17:0.676070","XMIN":709014.86160847,"YMIN":8513382.344167229,"XMAX":709114.86160847,"YMAX":8513482.344167229},"geometry":{"type":"Polygon","coordinates":[[[-73.06850037200597,-13.440033324612934],[-73.06850760880425,-13.439129600810634],[-73.0694308895905,-13.439136682370181],[-73.06942365624626,-13.44004040666594],[-73.06850037200597,-13.440033324612934]]]}},{"type":"Feature","properties":{"Cell_ID":228,"Area_ha":1.0,"LC":"7:0.035980,9:0.872096,17:0.091924","XMIN":709014.86160847,"YMIN":8513282.344167229,"XMAX":709114.86160847,"YMAX":8513382.344167229},"geometry":{"type":"Polygon","coordinates":[[[-73.06849313467579,-13.440937048346676],[-73.06850037200597,-13.440033324612934],[-73.06942365624626,-13.44004040666594],[-73.0694164223704,-13.44094413089314],[-73.06849313467579,-13.440937048346676]]]}},{"type":"Feature","properties":{"Cell_ID":229,"Area_ha":1.0,"LC":"9:0.247904,13:0.004417,16:0.747679","XMIN":709014.86160847,"YMIN":8513182.344167229,"XMAX":709114.86160847,"YMAX":8513282.344167229},"geometry":{"type":"Polygon","coordinates":[[[-73.06848589681373,-13.441840772011842],[-73.06849313467579,-13.440937048346676],[-73.0694164223704,-13.44094413089314],[-73.06940918796289,-13.441847855051767],[-73.06848589681373,-13.441840772011842]]]}},{"type":"Feature","properties":{"Cell_ID":230,"Area_ha":1.0,"LC":"13:0.084847,16:0.826790,17:0.088362","XMIN":709014.86160847,"YMIN":8513082.344167229,"XMAX":709114.86160847,"YMAX":8513182.344167229},"geometry":{"type":"Polygon","coordinates":[[[-73.06847865841976,-13.442744495608439],[-73.06848589681373,-13.441840772011842],[-73.06940918796289,-13.441847855051767],[-73.06940195302374,-13.442751579141829],[-73.06847865841976,-13.442744495608439]]]}},{"type":"Feature","properties":{"Cell_ID":231,"Area_ha":1.0,"LC":"13:0.000431,16:0.019283,17:0.392607,18:0.587679","XMIN":709014.86160847,"YMIN":8512982.344167229,"XMAX":709114.86160847,"YMAX":8513082.344167229},"geometry":{"type":"Polygon","coordinates":[[[-73.06847141949389,-13.443648219136456],[-73.06847865841976,-13.442744495608439],[-73.06940195302374,-13.442751579141829],[-73.06939471755294,-13.443655303163318],[-73.06847141949389,-13.443648219136456]]]}},{"type":"Feature","properties":{"Cell_ID":232,"Area_ha":1.0,"LC":"16:0.263659,18:0.736341","XMIN":709014.86160847,"YMIN":8512882.344167229,"XMAX":709114.86160847,"YMAX":8512982.344167229},"geometry":{"type":"Polygon","coordinates":[[[-73.06846418003609,-13.44455194259589],[-73.06847141949389,-13.443648219136456],[-73.06939471755294,-13.443655303163318],[-73.06938748155046,-13.444559027116226],[-73.06846418003609,-13.44455194259589]]]}},{"type":"Feature","properties":{"Cell_ID":233,"Area_ha":1.0,"LC":"9:0.320969,16:0.513718,18:0.165312","XMIN":709014.86160847,"YMIN":8512782.344167229,"XMAX":709114.86160847,"YMAX":8512882.344167229},"geometry":{"type":"Polygon","coordinates":[[[-73.06845694004637,-13.445455665986737],[-73.06846418003609,-13.44455194259589],[-73.06938748155046,-13.444559027116226],[-73.0693802450163,-13.44546275100055],[-73.06845694004637,-13.445455665986737]]]}},{"type":"Feature","properties":{"Cell_ID":234,"Area_ha":1.0,"LC":"9:0.121973,16:0.018206,17:0.164450,18:0.695371","XMIN":709014.86160847,"YMIN":8512682.344167229,"XMAX":709114.86160847,"YMAX":8512782.344167229},"geometry":{"type":"Polygon","coordinates":[[[-73.0684496995247,-13.446359389308997],[-73.06845694004637,-13.445455665986737],[-73.0693802450163,-13.44546275100055],[-73.06937300795049,-13.44636647481629],[-73.0684496995247,-13.446359389308997]]]}},{"type":"Feature","properties":{"Cell_ID":235,"Area_ha":1.0,"LC":"9:0.311241,14:0.390587,17:0.238027,18:0.060145","XMIN":709014.86160847,"YMIN":8512582.344167229,"XMAX":709114.86160847,"YMAX":8512682.344167229},"geometry":{"type":"Polygon","coordinates":[[[-73.06844245847108,-13.447263112562657],[-73.0684496995247,-13.446359389308997],[-73.06937300795049,-13.44636647481629],[-73.06936577035295,-13.447270198563434],[-73.06844245847108,-13.447263112562657]]]}},{"type":"Feature","properties":{"Cell_ID":236,"Area_ha":1.0,"LC":"5:0.321003,9:0.047898,14:0.629699,17:0.001400","XMIN":709014.86160847,"YMIN":8512482.344167229,"XMAX":709114.86160847,"YMAX":8512582.344167229},"geometry":{"type":"Polygon","coordinates":[[[-73.06843521688552,-13.448166835747722],[-73.06844245847108,-13.447263112562657],[-73.06936577035295,-13.447270198563434],[-73.06935853222372,-13.448173922241985],[-73.06843521688552,-13.448166835747722]]]}},{"type":"Feature","properties":{"Cell_ID":237,"Area_ha":1.0,"LC":"5:0.395153,9:0.587073,14:0.017775","XMIN":709014.86160847,"YMIN":8512382.344167229,"XMAX":709114.86160847,"YMAX":8512482.344167229},"geometry":{"type":"Polygon","coordinates":[[[-73.06842797476797,-13.449070558864182],[-73.06843521688552,-13.448166835747722],[-73.06935853222372,-13.448173922241985],[-73.06935129356276,-13.449077645851936],[-73.06842797476797,-13.449070558864182]]]}},{"type":"Feature","properties":{"Cell_ID":238,"Area_ha":1.0,"LC":"5:0.075119,9:0.924881","XMIN":709014.86160847,"YMIN":8512282.344167229,"XMAX":709114.86160847,"YMAX":8512382.344167229},"geometry":{"type":"Polygon","coordinates":[[[-73.06842073211847,-13.44997428191203],[-73.06842797476797,-13.449070558864182],[-73.06935129356276,-13.449077645851936],[-73.06934405437009,-13.449981369393281],[-73.06842073211847,-13.44997428191203]]]}},{"type":"Feature","properties":{"Cell_ID":239,"Area_ha":1.0,"LC":"9:1.000000","XMIN":709014.86160847,"YMIN":8512182.344167229,"XMAX":709114.86160847,"YMAX":8512282.344167229},"geometry":{"type":"Polygon","coordinates":[[[-73.06841348893695,-13.45087800489127],[-73.06842073211847,-13.44997428191203],[-73.06934405437009,-13.449981369393281],[-73.0693368146457,-13.450885092866017],[-73.06841348893695,-13.45087800489127]]]}},{"type":"Feature","properties":{"Cell_ID":240,"Area_ha":1.0,"LC":"9:1.000000","XMIN":709014.86160847,"YMIN":8512082.344167229,"XMAX":709114.86160847,"YMAX":8512182.344167229},"geometry":{"type":"Polygon","coordinates":[[[-73.06840624522347,-13.451781727801894],[-73.06841348893695,-13.45087800489127],[-73.0693368146457,-13.450885092866017],[-73.06932957438956,-13.451788816270142],[-73.06840624522347,-13.451781727801894]]]}},{"type":"Feature","properties":{"Cell_ID":241,"Area_ha":1.0,"LC":"9:1.000000","XMIN":709014.86160847,"YMIN":8511982.344167229,"XMAX":709114.86160847,"YMAX":8512082.344167229},"geometry":{"type":"Polygon","coordinates":[[[-73.06839900097796,-13.452685450643893],[-73.06840624522347,-13.451781727801894],[-73.06932957438956,-13.451788816270142],[-73.06932233360165,-13.452692539605644],[-73.06839900097796,-13.452685450643893]]]}},{"type":"Feature","properties":{"Cell_ID":242,"Area_ha":1.0,"LC":"5:0.026642,9:0.973358","XMIN":709014.86160847,"YMIN":8511882.344167229,"XMAX":709114.86160847,"YMAX":8511982.344167229},"geometry":{"type":"Polygon","coordinates":[[[-73.06839175620044,-13.453589173417265],[-73.06839900097796,-13.452685450643893],[-73.06932233360165,-13.452692539605644],[-73.06931509228198,-13.45359626287253],[-73.06839175620044,-13.453589173417265]]]}},{"type":"Feature","properties":{"Cell_ID":243,"Area_ha":1.0,"LC":"5:0.498206,9:0.175371,13:0.326423","XMIN":709014.86160847,"YMIN":8511782.344167229,"XMAX":709114.86160847,"YMAX":8511882.344167229},"geometry":{"type":"Polygon","coordinates":[[[-73.06838451089091,-13.454492896122016],[-73.06839175620044,-13.453589173417265],[-73.06931509228198,-13.45359626287253],[-73.06930785043056,-13.454499986070788],[-73.06838451089091,-13.454492896122016]]]}},{"type":"Feature","properties":{"Cell_ID":244,"Area_ha":1.0,"LC":"5:0.202942,9:0.568328,13:0.228729","XMIN":709014.86160847,"YMIN":8511682.344167229,"XMAX":709114.86160847,"YMAX":8511782.344167229},"geometry":{"type":"Polygon","coordinates":[[[-73.06837726504932,-13.455396618758124],[-73.06838451089091,-13.454492896122016],[-73.06930785043056,-13.454499986070788],[-73.06930060804736,-13.455403709200413],[-73.06837726504932,-13.455396618758124]]]}},{"type":"Feature","properties":{"Cell_ID":245,"Area_ha":1.0,"LC":"5:0.193180,9:0.458172,18:0.348649","XMIN":709014.86160847,"YMIN":8511582.344167229,"XMAX":709114.86160847,"YMAX":8511682.344167229},"geometry":{"type":"Polygon","coordinates":[[[-73.0683700186757,-13.4563003413256],[-73.06837726504932,-13.455396618758124],[-73.06930060804736,-13.455403709200413],[-73.06929336513235,-13.45630743226141],[-73.0683700186757,-13.4563003413256]]]}},{"type":"Feature","properties":{"Cell_ID":246,"Area_ha":1.0,"LC":"9:0.333210,13:0.139317,18:0.527474","XMIN":709014.86160847,"YMIN":8511482.344167229,"XMAX":709114.86160847,"YMAX":8511582.344167229},"geometry":{"type":"Polygon","coordinates":[[[-73.06836277177003,-13.45720406382443],[-73.0683700186757,-13.4563003413256],[-73.06929336513235,-13.45630743226141],[-73.06928612168555,-13.457211155253761],[-73.06836277177003,-13.45720406382443]]]}},{"type":"Feature","properties":{"Cell_ID":247,"Area_ha":1.0,"LC":"9:0.940286,13:0.059714","XMIN":709014.86160847,"YMIN":8511382.344167229,"XMAX":709114.86160847,"YMAX":8511482.344167229},"geometry":{"type":"Polygon","coordinates":[[[-73.06835552433228,-13.45810778625461],[-73.06836277177003,-13.45720406382443],[-73.06928612168555,-13.457211155253761],[-73.06927887770695,-13.458114878177469],[-73.06835552433228,-13.45810778625461]]]}},{"type":"Feature","properties":{"Cell_ID":248,"Area_ha":1.0,"LC":"3:0.043912,9:0.956088","XMIN":709014.86160847,"YMIN":8511282.344167229,"XMAX":709114.86160847,"YMAX":8511382.344167229},"geometry":{"type":"Polygon","coordinates":[[[-73.06834827636247,-13.459011508616145],[-73.06835552433228,-13.45810778625461],[-73.06927887770695,-13.458114878177469],[-73.06927163319652,-13.459018601032533],[-73.06834827636247,-13.459011508616145]]]}},{"type":"Feature","properties":{"Cell_ID":249,"Area_ha":1.0,"LC":"3:0.273180,9:0.726820","XMIN":709014.86160847,"YMIN":8511182.344167229,"XMAX":709114.86160847,"YMAX":8511282.344167229},"geometry":{"type":"Polygon","coordinates":[[[-73.06834102786058,-13.459915230909022],[-73.06834827636247,-13.459011508616145],[-73.06927163319652,-13.459018601032533],[-73.06926438815425,-13.45992232381894],[-73.06834102786058,-13.459915230909022]]]}},{"type":"Feature","properties":{"Cell_ID":250,"Area_ha":1.0,"LC":"9:0.630130,13:0.369870","XMIN":709014.86160847,"YMIN":8511082.344167229,"XMAX":709114.86160847,"YMAX":8511182.344167229},"geometry":{"type":"Polygon","coordinates":[[[-73.0683337788266,-13.460818953133236],[-73.06834102786058,-13.459915230909022],[-73.06926438815425,-13.45992232381894],[-73.06925714258017,-13.460826046536695],[-73.0683337788266,-13.460818953133236]]]}},{"type":"Feature","properties":{"Cell_ID":251,"Area_ha":1.0,"LC":"13:0.998600,16:0.001400","XMIN":709014.86160847,"YMIN":8510182.344167229,"XMAX":709114.86160847,"YMAX":8510282.344167229},"geometry":{"type":"Polygon","coordinates":[[[-73.06826851357506,-13.468952450060774],[-73.06827576739829,-13.468048728454692],[-73.06919915884015,-13.468055825806578],[-73.06919190847908,-13.468959547906223],[-73.06826851357506,-13.468952450060774]]]}},{"type":"Feature","properties":{"Cell_ID":252,"Area_ha":1.0,"LC":"9:0.230157,13:0.769843","XMIN":709014.86160847,"YMIN":8510082.344167229,"XMAX":709114.86160847,"YMAX":8510182.344167229},"geometry":{"type":"Polygon","coordinates":[[[-73.06826125921964,-13.469856171598154],[-73.06826851357506,-13.468952450060774],[-73.06919190847908,-13.468959547906223],[-73.06918465758609,-13.469863269937177],[-73.06826125921964,-13.469856171598154]]]}},{"type":"Feature","properties":{"Cell_ID":253,"Area_ha":1.0,"LC":"9:0.751672,13:0.043912,14:0.204417","XMIN":709014.86160847,"YMIN":8509982.344167229,"XMAX":709114.86160847,"YMAX":8510082.344167229},"geometry":{"type":"Polygon","coordinates":[[[-73.06825400433202,-13.470759893066829],[-73.06826125921964,-13.469856171598154],[-73.06918465758609,-13.469863269937177],[-73.06917740616116,-13.470766991899426],[-73.06825400433202,-13.470759893066829]]]}},{"type":"Feature","properties":{"Cell_ID":254,"Area_ha":1.0,"LC":"9:0.199461,13:0.613466,14:0.187073","XMIN":709014.86160847,"YMIN":8509882.344167229,"XMAX":709114.86160847,"YMAX":8509982.344167229},"geometry":{"type":"Polygon","coordinates":[[[-73.0682467489122,-13.471663614466785],[-73.06825400433202,-13.470759893066829],[-73.06917740616116,-13.470766991899426],[-73.06917015420429,-13.471670713792967],[-73.0682467489122,-13.471663614466785]]]}},{"type":"Feature","properties":{"Cell_ID":255,"Area_ha":1.0,"LC":"7:0.699748,9:0.111523,17:0.188729","XMIN":709114.86160847,"YMIN":8513382.344167229,"XMAX":709214.86160847,"YMAX":8513482.344167229},"geometry":{"type":"Polygon","coordinates":[[[-73.06757708829755,-13.44002623917872],[-73.06758432854988,-13.439122515870109],[-73.06850760880425,-13.439129600810634],[-73.06850037200597,-13.440033324612934],[-73.06757708829755,-13.44002623917872]]]}},{"type":"Feature","properties":{"Cell_ID":256,"Area_ha":1.0,"LC":"7:0.017344,9:0.778206,13:0.204450","XMIN":709114.86160847,"YMIN":8513282.344167229,"XMAX":709214.86160847,"YMAX":8513382.344167229},"geometry":{"type":"Polygon","coordinates":[[[-73.06756984751308,-13.440929962418766],[-73.06757708829755,-13.44002623917872],[-73.06850037200597,-13.440033324612934],[-73.06849313467579,-13.440937048346676],[-73.06756984751308,-13.440929962418766]]]}},{"type":"Feature","properties":{"Cell_ID":257,"Area_ha":1.0,"LC":"9:0.582191,13:0.417809","XMIN":709114.86160847,"YMIN":8513182.344167229,"XMAX":709214.86160847,"YMAX":8513282.344167229},"geometry":{"type":"Polygon","coordinates":[[[-73.06756260619647,-13.441833685590234],[-73.06756984751308,-13.440929962418766],[-73.06849313467579,-13.440937048346676],[-73.06848589681373,-13.441840772011842],[-73.06756260619647,-13.441833685590234]]]}},{"type":"Feature","properties":{"Cell_ID":258,"Area_ha":1.0,"LC":"9:0.141653,13:0.858347","XMIN":709114.86160847,"YMIN":8513082.344167229,"XMAX":709214.86160847,"YMAX":8513182.344167229},"geometry":{"type":"Polygon","coordinates":[[[-73.0675553643477,-13.442737408693127],[-73.06756260619647,-13.441833685590234],[-73.06848589681373,-13.441840772011842],[-73.06847865841976,-13.442744495608439],[-73.0675553643477,-13.442737408693127]]]}},{"type":"Feature","properties":{"Cell_ID":259,"Area_ha":1.0,"LC":"9:0.227073,13:0.110668,16:0.145168,17:0.517092","XMIN":709114.86160847,"YMIN":8512982.344167229,"XMAX":709214.86160847,"YMAX":8513082.344167229},"geometry":{"type":"Polygon","coordinates":[[[-73.06754812196677,-13.443641131727441],[-73.0675553643477,-13.442737408693127],[-73.06847865841976,-13.442744495608439],[-73.06847141949389,-13.443648219136456],[-73.06754812196677,-13.443641131727441]]]}},{"type":"Feature","properties":{"Cell_ID":260,"Area_ha":1.0,"LC":"9:0.404847,16:0.354149,18:0.241003","XMIN":709114.86160847,"YMIN":8512882.344167229,"XMAX":709214.86160847,"YMAX":8512982.344167229},"geometry":{"type":"Polygon","coordinates":[[[-73.06754087905365,-13.444544854693168],[-73.06754812196677,-13.443641131727441],[-73.06847141949389,-13.443648219136456],[-73.06846418003609,-13.44455194259589],[-73.06754087905365,-13.444544854693168]]]}},{"type":"Feature","properties":{"Cell_ID":261,"Area_ha":1.0,"LC":"9:0.540145,13:0.023733,16:0.321973,18:0.114149","XMIN":709114.86160847,"YMIN":8512782.344167229,"XMAX":709214.86160847,"YMAX":8512882.344167229},"geometry":{"type":"Polygon","coordinates":[[[-73.06753363560836,-13.445448577590303],[-73.06754087905365,-13.444544854693168],[-73.06846418003609,-13.44455194259589],[-73.06845694004637,-13.445455665986737],[-73.06753363560836,-13.445448577590303]]]}},{"type":"Feature","properties":{"Cell_ID":262,"Area_ha":1.0,"LC":"9:0.484450,13:0.204847,16:0.092894,18:0.217809","XMIN":709114.86160847,"YMIN":8512682.344167229,"XMAX":709214.86160847,"YMAX":8512782.344167229},"geometry":{"type":"Polygon","coordinates":[[[-73.06752639163088,-13.446352300418846],[-73.06753363560836,-13.445448577590303],[-73.06845694004637,-13.445455665986737],[-73.0684496995247,-13.446359389308997],[-73.06752639163088,-13.446352300418846]]]}},{"type":"Feature","properties":{"Cell_ID":263,"Area_ha":1.0,"LC":"7:0.022225,9:0.413863,13:0.022083,17:0.446423,18:0.095405","XMIN":709114.86160847,"YMIN":8512582.344167229,"XMAX":709214.86160847,"YMAX":8512682.344167229},"geometry":{"type":"Polygon","coordinates":[[[-73.0675191471212,-13.447256023178788],[-73.06752639163088,-13.446352300418846],[-73.0684496995247,-13.446359389308997],[-73.06844245847108,-13.447263112562657],[-73.0675191471212,-13.447256023178788]]]}},{"type":"Feature","properties":{"Cell_ID":264,"Area_ha":1.0,"LC":"7:0.488867,9:0.161434,17:0.349699","XMIN":709114.86160847,"YMIN":8512482.344167229,"XMAX":709214.86160847,"YMAX":8512582.344167229},"geometry":{"type":"Polygon","coordinates":[[[-73.06751190207929,-13.448159745870132],[-73.0675191471212,-13.447256023178788],[-73.06844245847108,-13.447263112562657],[-73.06843521688552,-13.448166835747722],[-73.06751190207929,-13.448159745870132]]]}},{"type":"Feature","properties":{"Cell_ID":265,"Area_ha":1.0,"LC":"5:0.022764,7:0.257633,9:0.719603","XMIN":709114.86160847,"YMIN":8512382.344167229,"XMAX":709214.86160847,"YMAX":8512482.344167229},"geometry":{"type":"Polygon","coordinates":[[[-73.06750465650518,-13.449063468492865],[-73.06751190207929,-13.448159745870132],[-73.06843521688552,-13.448166835747722],[-73.06842797476797,-13.449070558864182],[-73.06750465650518,-13.449063468492865]]]}},{"type":"Feature","properties":{"Cell_ID":266,"Area_ha":1.0,"LC":"5:0.569298,9:0.430702","XMIN":709114.86160847,"YMIN":8512282.344167229,"XMAX":709214.86160847,"YMAX":8512382.344167229},"geometry":{"type":"Polygon","coordinates":[[[-73.06749741039883,-13.449967191046982],[-73.06750465650518,-13.449063468492865],[-73.06842797476797,-13.449070558864182],[-73.06842073211847,-13.44997428191203],[-73.06749741039883,-13.449967191046982]]]}},{"type":"Feature","properties":{"Cell_ID":267,"Area_ha":1.0,"LC":"5:0.216664,9:0.679603,13:0.103733","XMIN":709114.86160847,"YMIN":8512182.344167229,"XMAX":709214.86160847,"YMAX":8512282.344167229},"geometry":{"type":"Polygon","coordinates":[[[-73.06749016376023,-13.450870913532489],[-73.06749741039883,-13.449967191046982],[-73.06842073211847,-13.44997428191203],[-73.06841348893695,-13.45087800489127],[-73.06749016376023,-13.450870913532489]]]}},{"type":"Feature","properties":{"Cell_ID":268,"Area_ha":1.0,"LC":"9:0.795153,13:0.204847","XMIN":709114.86160847,"YMIN":8512082.344167229,"XMAX":709214.86160847,"YMAX":8512182.344167229},"geometry":{"type":"Polygon","coordinates":[[[-73.06748291658938,-13.451774635949374],[-73.06749016376023,-13.450870913532489],[-73.06841348893695,-13.45087800489127],[-73.06840624522347,-13.451781727801894],[-73.06748291658938,-13.451774635949374]]]}},{"type":"Feature","properties":{"Cell_ID":269,"Area_ha":1.0,"LC":"9:0.652927,13:0.347073","XMIN":709114.86160847,"YMIN":8511982.344167229,"XMAX":709214.86160847,"YMAX":8512082.344167229},"geometry":{"type":"Polygon","coordinates":[[[-73.06747566888629,-13.452678358297634],[-73.06748291658938,-13.451774635949374],[-73.06840624522347,-13.451781727801894],[-73.06839900097796,-13.452685450643893],[-73.06747566888629,-13.452678358297634]]]}},{"type":"Feature","properties":{"Cell_ID":270,"Area_ha":1.0,"LC":"5:0.177809,9:0.315119,13:0.507073","XMIN":709114.86160847,"YMIN":8511882.344167229,"XMAX":709214.86160847,"YMAX":8511982.344167229},"geometry":{"type":"Polygon","coordinates":[[[-73.06746842065091,-13.453582080577265],[-73.06747566888629,-13.452678358297634],[-73.06839900097796,-13.452685450643893],[-73.06839175620044,-13.453589173417265],[-73.06746842065091,-13.453582080577265]]]}},{"type":"Feature","properties":{"Cell_ID":271,"Area_ha":1.0,"LC":"5:0.056374,9:0.766962,13:0.176664","XMIN":709114.86160847,"YMIN":8511782.344167229,"XMAX":709214.86160847,"YMAX":8511882.344167229},"geometry":{"type":"Polygon","coordinates":[[[-73.06746117188327,-13.454485802788264],[-73.06746842065091,-13.453582080577265],[-73.06839175620044,-13.453589173417265],[-73.06838451089091,-13.454492896122016],[-73.06746117188327,-13.454485802788264]]]}},{"type":"Feature","properties":{"Cell_ID":272,"Area_ha":1.0,"LC":"9:0.977775,13:0.022225","XMIN":709114.86160847,"YMIN":8511682.344167229,"XMAX":709214.86160847,"YMAX":8511782.344167229},"geometry":{"type":"Polygon","coordinates":[[[-73.06745392258334,-13.455389524930625],[-73.06746117188327,-13.454485802788264],[-73.06838451089091,-13.454492896122016],[-73.06837726504932,-13.455396618758124],[-73.06745392258334,-13.455389524930625]]]}},{"type":"Feature","properties":{"Cell_ID":273,"Area_ha":1.0,"LC":"9:0.677522,13:0.322478","XMIN":709114.86160847,"YMIN":8511582.344167229,"XMAX":709214.86160847,"YMAX":8511682.344167229},"geometry":{"type":"Polygon","coordinates":[[[-73.06744667275109,-13.456293247004341],[-73.06745392258334,-13.455389524930625],[-73.06837726504932,-13.455396618758124],[-73.0683700186757,-13.4563003413256],[-73.06744667275109,-13.456293247004341]]]}},{"type":"Feature","properties":{"Cell_ID":274,"Area_ha":1.0,"LC":"9:0.386790,13:0.365312,14:0.247898","XMIN":709114.86160847,"YMIN":8511482.344167229,"XMAX":709214.86160847,"YMAX":8511582.344167229},"geometry":{"type":"Polygon","coordinates":[[[-73.06743942238656,-13.457196969009413],[-73.06744667275109,-13.456293247004341],[-73.0683700186757,-13.4563003413256],[-73.06836277177003,-13.45720406382443],[-73.06743942238656,-13.457196969009413]]]}},{"type":"Feature","properties":{"Cell_ID":275,"Area_ha":1.0,"LC":"9:0.270157,13:0.613863,14:0.115980","XMIN":709114.86160847,"YMIN":8511382.344167229,"XMAX":709214.86160847,"YMAX":8511482.344167229},"geometry":{"type":"Polygon","coordinates":[[[-73.06743217148968,-13.458100690945834],[-73.06743942238656,-13.457196969009413],[-73.06836277177003,-13.45720406382443],[-73.06835552433228,-13.45810778625461],[-73.06743217148968,-13.458100690945834]]]}},{"type":"Feature","properties":{"Cell_ID":276,"Area_ha":1.0,"LC":"5:0.000539,9:0.488908,13:0.510554","XMIN":709114.86160847,"YMIN":8511282.344167229,"XMAX":709214.86160847,"YMAX":8511382.344167229},"geometry":{"type":"Polygon","coordinates":[[[-73.0674249200605,-13.459004412813602],[-73.06743217148968,-13.458100690945834],[-73.06835552433228,-13.45810778625461],[-73.06834827636247,-13.459011508616145],[-73.0674249200605,-13.459004412813602]]]}},{"type":"Feature","properties":{"Cell_ID":277,"Area_ha":1.0,"LC":"5:0.095841,9:0.088362,17:0.688390","XMIN":709214.86160847,"YMIN":8513482.344167229,"XMAX":709314.86160847,"YMAX":8513582.344167229},"geometry":{"type":"Polygon","coordinates":[[[-73.06666104882764,-13.43911542754862],[-73.06666829200162,-13.438211704665367],[-73.0675915682701,-13.43821879249293],[-73.06758432854988,-13.439122515870109],[-73.06666104882764,-13.43911542754862]]]}},{"type":"Feature","properties":{"Cell_ID":278,"Area_ha":1.0,"LC":"5:0.310123,9:0.671672,17:0.018206","XMIN":709214.86160847,"YMIN":8513382.344167229,"XMAX":709314.86160847,"YMAX":8513482.344167229},"geometry":{"type":"Polygon","coordinates":[[[-73.06665380512128,-13.440019150363307],[-73.06666104882764,-13.43911542754862],[-73.06758432854988,-13.439122515870109],[-73.06757708829755,-13.44002623917872],[-73.06665380512128,-13.440019150363307]]]}},{"type":"Feature","properties":{"Cell_ID":279,"Area_ha":1.0,"LC":"5:0.053755,9:0.717092,14:0.229153","XMIN":709214.86160847,"YMIN":8513282.344167229,"XMAX":709314.86160847,"YMAX":8513382.344167229},"geometry":{"type":"Polygon","coordinates":[[[-73.06664656088252,-13.440922873109422],[-73.06665380512128,-13.440019150363307],[-73.06757708829755,-13.44002623917872],[-73.06756984751308,-13.440929962418766],[-73.06664656088252,-13.440922873109422]]]}},{"type":"Feature","properties":{"Cell_ID":280,"Area_ha":1.0,"LC":"9:0.745275,14:0.254725","XMIN":709214.86160847,"YMIN":8513182.344167229,"XMAX":709314.86160847,"YMAX":8513282.344167229},"geometry":{"type":"Polygon","coordinates":[[[-73.06663931611136,-13.441826595786955],[-73.06664656088252,-13.440922873109422],[-73.06756984751308,-13.440929962418766],[-73.06756260619647,-13.441833685590234],[-73.06663931611136,-13.441826595786955]]]}},{"type":"Feature","properties":{"Cell_ID":281,"Area_ha":1.0,"LC":"5:0.488901,9:0.472069,13:0.039031","XMIN":709214.86160847,"YMIN":8513082.344167229,"XMAX":709314.86160847,"YMAX":8513182.344167229},"geometry":{"type":"Polygon","coordinates":[[[-73.0666320708078,-13.442730318395915],[-73.06663931611136,-13.441826595786955],[-73.06756260619647,-13.441833685590234],[-73.0675553643477,-13.442737408693127],[-73.0666320708078,-13.442730318395915]]]}},{"type":"Feature","properties":{"Cell_ID":282,"Area_ha":1.0,"LC":"5:0.071099,9:0.365992,18:0.562908","XMIN":709214.86160847,"YMIN":8512982.344167229,"XMAX":709314.86160847,"YMAX":8513082.344167229},"geometry":{"type":"Polygon","coordinates":[[[-73.06662482497181,-13.443634040936287],[-73.0666320708078,-13.442730318395915],[-73.0675553643477,-13.442737408693127],[-73.06754812196677,-13.443641131727441],[-73.06662482497181,-13.443634040936287]]]}},{"type":"Feature","properties":{"Cell_ID":283,"Area_ha":1.0,"LC":"5:0.269153,9:0.730847","XMIN":709214.86160847,"YMIN":8512882.344167229,"XMAX":709314.86160847,"YMAX":8512982.344167229},"geometry":{"type":"Polygon","coordinates":[[[-73.0666175786034,-13.444537763408068],[-73.06662482497181,-13.443634040936287],[-73.06754812196677,-13.443641131727441],[-73.06754087905365,-13.444544854693168],[-73.0666175786034,-13.444537763408068]]]}},{"type":"Feature","properties":{"Cell_ID":284,"Area_ha":1.0,"LC":"5:0.422622,9:0.392210,13:0.185168","XMIN":709214.86160847,"YMIN":8512782.344167229,"XMAX":709314.86160847,"YMAX":8512882.344167229},"geometry":{"type":"Polygon","coordinates":[[[-73.06661033170255,-13.445441485811255],[-73.0666175786034,-13.444537763408068],[-73.06754087905365,-13.444544854693168],[-73.06753363560836,-13.445448577590303],[-73.06661033170255,-13.445441485811255]]]}},{"type":"Feature","properties":{"Cell_ID":285,"Area_ha":1.0,"LC":"5:0.037919,13:0.962081","XMIN":709214.86160847,"YMIN":8512682.344167229,"XMAX":709314.86160847,"YMAX":8512782.344167229},"geometry":{"type":"Polygon","coordinates":[[[-73.06660308426926,-13.446345208145846],[-73.06661033170255,-13.445441485811255],[-73.06753363560836,-13.445448577590303],[-73.06752639163088,-13.446352300418846],[-73.06660308426926,-13.446345208145846]]]}},{"type":"Feature","properties":{"Cell_ID":286,"Area_ha":1.0,"LC":"9:0.226676,13:0.773324","XMIN":709214.86160847,"YMIN":8511782.344167229,"XMAX":709314.86160847,"YMAX":8511882.344167229},"geometry":{"type":"Polygon","coordinates":[[[-73.06653783340792,-13.454478706069544],[-73.06654508563368,-13.453574984352528],[-73.06746842065091,-13.453582080577265],[-73.06746117188327,-13.454485802788264],[-73.06653783340792,-13.454478706069544]]]}},{"type":"Feature","properties":{"Cell_ID":287,"Area_ha":1.0,"LC":"9:0.964450,13:0.035550","XMIN":709214.86160847,"YMIN":8511682.344167229,"XMAX":709314.86160847,"YMAX":8511782.344167229},"geometry":{"type":"Polygon","coordinates":[[[-73.06653058064964,-13.455382427717916],[-73.06653783340792,-13.454478706069544],[-73.06746117188327,-13.454485802788264],[-73.06745392258334,-13.455389524930625],[-73.06653058064964,-13.455382427717916]]]}},{"type":"Feature","properties":{"Cell_ID":288,"Area_ha":1.0,"LC":"9:0.371351,13:0.628649","XMIN":709214.86160847,"YMIN":8511582.344167229,"XMAX":709314.86160847,"YMAX":8511682.344167229},"geometry":{"type":"Polygon","coordinates":[[[-73.0665233273588,-13.456286149297641],[-73.06653058064964,-13.455382427717916],[-73.06745392258334,-13.455389524930625],[-73.06744667275109,-13.456293247004341],[-73.0665233273588,-13.456286149297641]]]}},{"type":"Feature","properties":{"Cell_ID":289,"Area_ha":1.0,"LC":"5:0.168245,6:0.100053,17:0.711126","XMIN":709314.86160847,"YMIN":8513482.344167229,"XMAX":709414.86160847,"YMAX":8513582.344167229},"geometry":{"type":"Polygon","coordinates":[[[-73.06573776963778,-13.439108335846177],[-73.06574501626554,-13.438204613457081],[-73.06666829200162,-13.438211704665367],[-73.06666104882764,-13.43911542754862],[-73.06573776963778,-13.439108335846177]]]}},{"type":"Feature","properties":{"Cell_ID":290,"Area_ha":1.0,"LC":"5:0.670157,9:0.079031,17:0.250813","XMIN":709314.86160847,"YMIN":8513382.344167229,"XMAX":709414.86160847,"YMAX":8513482.344167229},"geometry":{"type":"Polygon","coordinates":[[[-73.06573052247738,-13.440012058166703],[-73.06573776963778,-13.439108335846177],[-73.06666104882764,-13.43911542754862],[-73.06665380512128,-13.440019150363307],[-73.06573052247738,-13.440012058166703]]]}},{"type":"Feature","properties":{"Cell_ID":291,"Area_ha":1.0,"LC":"5:0.088874,9:0.811379,14:0.099748","XMIN":709314.86160847,"YMIN":8513282.344167229,"XMAX":709414.86160847,"YMAX":8513382.344167229},"geometry":{"type":"Polygon","coordinates":[[[-73.06572327478435,-13.440915780418651],[-73.06573052247738,-13.440012058166703],[-73.06665380512128,-13.440019150363307],[-73.06664656088252,-13.440922873109422],[-73.06572327478435,-13.440915780418651]]]}},{"type":"Feature","properties":{"Cell_ID":292,"Area_ha":1.0,"LC":"9:0.943626,14:0.056374","XMIN":709314.86160847,"YMIN":8513182.344167229,"XMAX":709414.86160847,"YMAX":8513282.344167229},"geometry":{"type":"Polygon","coordinates":[[[-73.06571602655866,-13.441819502602018],[-73.06572327478435,-13.440915780418651],[-73.06664656088252,-13.440922873109422],[-73.06663931611136,-13.441826595786955],[-73.06571602655866,-13.441819502602018]]]}},{"type":"Feature","properties":{"Cell_ID":293,"Area_ha":1.0,"LC":"9:0.834041,18:0.165959","XMIN":709314.86160847,"YMIN":8513082.344167229,"XMAX":709414.86160847,"YMAX":8513182.344167229},"geometry":{"type":"Polygon","coordinates":[[[-73.06570877780031,-13.442723224716802],[-73.06571602655866,-13.441819502602018],[-73.06663931611136,-13.441826595786955],[-73.0666320708078,-13.442730318395915],[-73.06570877780031,-13.442723224716802]]]}},{"type":"Feature","properties":{"Cell_ID":294,"Area_ha":1.0,"LC":"5:0.084450,9:0.402478,18:0.513072","XMIN":709314.86160847,"YMIN":8512982.344167229,"XMAX":709414.86160847,"YMAX":8513082.344167229},"geometry":{"type":"Polygon","coordinates":[[[-73.0657015285093,-13.443626946762999],[-73.06570877780031,-13.442723224716802],[-73.0666320708078,-13.442730318395915],[-73.06662482497181,-13.443634040936287],[-73.0657015285093,-13.443626946762999]]]}},{"type":"Feature","properties":{"Cell_ID":295,"Area_ha":1.0,"LC":"5:0.419748,9:0.535263,13:0.044989","XMIN":709314.86160847,"YMIN":8512882.344167229,"XMAX":709414.86160847,"YMAX":8512982.344167229},"geometry":{"type":"Polygon","coordinates":[[[-73.06569427868558,-13.4445306687406],[-73.0657015285093,-13.443626946762999],[-73.06662482497181,-13.443634040936287],[-73.0666175786034,-13.444537763408068],[-73.06569427868558,-13.4445306687406]]]}},{"type":"Feature","properties":{"Cell_ID":296,"Area_ha":1.0,"LC":"5:0.617378,9:0.024703,13:0.357919","XMIN":709314.86160847,"YMIN":8512782.344167229,"XMAX":709414.86160847,"YMAX":8512882.344167229},"geometry":{"type":"Polygon","coordinates":[[[-73.0656870283292,-13.445434390649606],[-73.06569427868558,-13.4445306687406],[-73.0666175786034,-13.444537763408068],[-73.06661033170255,-13.445441485811255],[-73.0656870283292,-13.445434390649606]]]}},{"type":"Feature","properties":{"Cell_ID":297,"Area_ha":1.0,"LC":"6:0.077977,14:0.000693,17:0.702985","XMIN":709414.86160847,"YMIN":8513482.344167229,"XMAX":709514.86160847,"YMAX":8513582.344167229},"geometry":{"type":"Polygon","coordinates":[[[-73.06481449098055,-13.439101240762787],[-73.06482174106206,-13.438197518868087],[-73.06574501626554,-13.438204613457081],[-73.06573776963778,-13.439108335846177],[-73.06481449098055,-13.439101240762787]]]}},{"type":"Feature","properties":{"Cell_ID":298,"Area_ha":1.0,"LC":"5:0.179748,9:0.250409,16:0.080969,17:0.488874","XMIN":709414.86160847,"YMIN":8513382.344167229,"XMAX":709514.86160847,"YMAX":8513482.344167229},"geometry":{"type":"Polygon","coordinates":[[[-73.06480724036614,-13.440004962588914],[-73.06481449098055,-13.439101240762787],[-73.06573776963778,-13.439108335846177],[-73.06573052247738,-13.440012058166703],[-73.06480724036614,-13.440004962588914]]]}},{"type":"Feature","properties":{"Cell_ID":299,"Area_ha":1.0,"LC":"5:0.017344,9:0.982656","XMIN":709414.86160847,"YMIN":8513282.344167229,"XMAX":709514.86160847,"YMAX":8513382.344167229},"geometry":{"type":"Polygon","coordinates":[[[-73.06479998921884,-13.440908684346466],[-73.06480724036614,-13.440004962588914],[-73.06573052247738,-13.440012058166703],[-73.06572327478435,-13.440915780418651],[-73.06479998921884,-13.440908684346466]]]}},{"type":"Feature","properties":{"Cell_ID":300,"Area_ha":1.0,"LC":"9:0.997522,18:0.002478","XMIN":709414.86160847,"YMIN":8513182.344167229,"XMAX":709514.86160847,"YMAX":8513282.344167229},"geometry":{"type":"Polygon","coordinates":[[[-73.06479273753862,-13.441812406035426],[-73.06479998921884,-13.440908684346466],[-73.06572327478435,-13.440915780418651],[-73.06571602655866,-13.441819502602018],[-73.06479273753862,-13.441812406035426]]]}},{"type":"Feature","properties":{"Cell_ID":301,"Area_ha":1.0,"LC":"9:0.814402,18:0.185598","XMIN":709414.86160847,"YMIN":8513082.344167229,"XMAX":709514.86160847,"YMAX":8513182.344167229},"geometry":{"type":"Polygon","coordinates":[[[-73.0647854853255,-13.442716127655801],[-73.06479273753862,-13.441812406035426],[-73.06571602655866,-13.441819502602018],[-73.06570877780031,-13.442723224716802],[-73.0647854853255,-13.442716127655801]]]}},{"type":"Feature","properties":{"Cell_ID":302,"Area_ha":1.0,"LC":"5:0.000539,9:0.946568,18:0.052894","XMIN":709414.86160847,"YMIN":8512982.344167229,"XMAX":709514.86160847,"YMAX":8513082.344167229},"geometry":{"type":"Polygon","coordinates":[[[-73.06477823257944,-13.443619849207586],[-73.0647854853255,-13.442716127655801],[-73.06570877780031,-13.442723224716802],[-73.0657015285093,-13.443626946762999],[-73.06477823257944,-13.443619849207586]]]}},{"type":"Feature","properties":{"Cell_ID":303,"Area_ha":1.0,"LC":"6:0.201508,14:0.070156,17:0.309618","XMIN":709514.86160847,"YMIN":8513482.344167229,"XMAX":709614.86160847,"YMAX":8513582.344167229},"geometry":{"type":"Polygon","coordinates":[[[-73.0638912128562,-13.439094142298462],[-73.06389846639148,-13.438190420898389],[-73.06482174106206,-13.438197518868087],[-73.06481449098055,-13.439101240762787],[-73.0638912128562,-13.439094142298462]]]}},{"type":"Feature","properties":{"Cell_ID":304,"Area_ha":1.0,"LC":"6:0.000431,9:0.311126,16:0.200000,17:0.488443","XMIN":709514.86160847,"YMIN":8513382.344167229,"XMAX":709614.86160847,"YMAX":8513482.344167229},"geometry":{"type":"Polygon","coordinates":[[[-73.0638839587878,-13.439997863629955],[-73.0638912128562,-13.439094142298462],[-73.06481449098055,-13.439101240762787],[-73.06480724036614,-13.440004962588914],[-73.0638839587878,-13.439997863629955]]]}},{"type":"Feature","properties":{"Cell_ID":305,"Area_ha":1.0,"LC":"9:0.915550,18:0.084450","XMIN":709514.86160847,"YMIN":8513282.344167229,"XMAX":709614.86160847,"YMAX":8513382.344167229},"geometry":{"type":"Polygon","coordinates":[[[-73.06387670418624,-13.440901584892865],[-73.0638839587878,-13.439997863629955],[-73.06480724036614,-13.440004962588914],[-73.06479998921884,-13.440908684346466],[-73.06387670418624,-13.440901584892865]]]}},{"type":"Feature","properties":{"Cell_ID":306,"Area_ha":1.0,"LC":"9:0.358027,18:0.641973","XMIN":709514.86160847,"YMIN":8513182.344167229,"XMAX":709614.86160847,"YMAX":8513282.344167229},"geometry":{"type":"Polygon","coordinates":[[[-73.06386944905151,-13.441805306087188],[-73.06387670418624,-13.440901584892865],[-73.06479998921884,-13.440908684346466],[-73.06479273753862,-13.441812406035426],[-73.06386944905151,-13.441805306087188]]]}},{"type":"Feature","properties":{"Cell_ID":307,"Area_ha":1.0,"LC":"5:0.109153,9:0.460178,18:0.430668","XMIN":709514.86160847,"YMIN":8513082.344167229,"XMAX":709614.86160847,"YMAX":8513182.344167229},"geometry":{"type":"Polygon","coordinates":[[[-73.06386219338361,-13.44270902721292],[-73.06386944905151,-13.441805306087188],[-73.06479273753862,-13.441812406035426],[-73.0647854853255,-13.442716127655801],[-73.06386219338361,-13.44270902721292]]]}},{"type":"Feature","properties":{"Cell_ID":308,"Area_ha":1.0,"LC":"6:0.384198,9:0.096467,14:0.007193,17:0.045959","XMIN":709614.86160847,"YMIN":8513482.344167229,"XMAX":709714.86160847,"YMAX":8513582.344167229},"geometry":{"type":"Polygon","coordinates":[[[-73.06296793526502,-13.439087040453206],[-73.06297519225403,-13.438183319548001],[-73.06389846639148,-13.438190420898389],[-73.0638912128562,-13.439094142298462],[-73.06296793526502,-13.439087040453206]]]}},{"type":"Feature","properties":{"Cell_ID":309,"Area_ha":1.0,"LC":"6:0.052894,9:0.313065,16:0.199031,17:0.435011","XMIN":709614.86160847,"YMIN":8513382.344167229,"XMAX":709714.86160847,"YMAX":8513482.344167229},"geometry":{"type":"Polygon","coordinates":[[[-73.0629606777426,-13.439990761289831],[-73.06296793526502,-13.439087040453206],[-73.0638912128562,-13.439094142298462],[-73.0638839587878,-13.439997863629955],[-73.0629606777426,-13.439990761289831]]]}}]}